onset	duration	sample	value	trial_type	sequence_id	item_number	list	task_type	condition	expected_article	unexpected_article	expected_noun	unexpected_noun	expected_cloze	unexpected_cloze	plausibility_expected	plausibility_unexpected	sentence_context	sentence_ending	has_question	question_text	question_answer
325.751953125	0.2	166785	255	filler_word	n/a	n/a	n/a	delong	n/a	n/a	n/a	n/a	n/a	n/a	n/a	n/a	n/a	n/a	n/a	n/a	n/a	n/a
326.23046875	0.2	167030	255	filler_word	n/a	n/a	n/a	delong	n/a	n/a	n/a	n/a	n/a	n/a	n/a	n/a	n/a	n/a	n/a	n/a	n/a	n/a
326.7109375	0.2	167276	255	filler_word	n/a	n/a	n/a	delong	n/a	n/a	n/a	n/a	n/a	n/a	n/a	n/a	n/a	n/a	n/a	n/a	n/a	n/a
327.19140625	0.2	167522	255	filler_word	n/a	n/a	n/a	delong	n/a	n/a	n/a	n/a	n/a	n/a	n/a	n/a	n/a	n/a	n/a	n/a	n/a	n/a
327.669921875	0.2	167767	255	filler_word	n/a	n/a	n/a	delong	n/a	n/a	n/a	n/a	n/a	n/a	n/a	n/a	n/a	n/a	n/a	n/a	n/a	n/a
328.150390625	0.2	168013	255	filler_word	n/a	n/a	n/a	delong	n/a	n/a	n/a	n/a	n/a	n/a	n/a	n/a	n/a	n/a	n/a	n/a	n/a	n/a
328.630859375	0.2	168259	255	filler_word	n/a	n/a	n/a	delong	n/a	n/a	n/a	n/a	n/a	n/a	n/a	n/a	n/a	n/a	n/a	n/a	n/a	n/a
329.109375	0.2	168504	255	filler_word	n/a	n/a	n/a	delong	n/a	n/a	n/a	n/a	n/a	n/a	n/a	n/a	n/a	n/a	n/a	n/a	n/a	n/a
329.58984375	0.2	168750	255	filler_word	n/a	n/a	n/a	delong	n/a	n/a	n/a	n/a	n/a	n/a	n/a	n/a	n/a	n/a	n/a	n/a	n/a	n/a
330.0703125	0.2	168996	255	filler_word	n/a	n/a	n/a	delong	n/a	n/a	n/a	n/a	n/a	n/a	n/a	n/a	n/a	n/a	n/a	n/a	n/a	n/a
330.548828125	0.2	169241	255	filler_word	n/a	n/a	n/a	delong	n/a	n/a	n/a	n/a	n/a	n/a	n/a	n/a	n/a	n/a	n/a	n/a	n/a	n/a
331.029296875	0.2	169487	255	filler_word	n/a	n/a	n/a	delong	n/a	n/a	n/a	n/a	n/a	n/a	n/a	n/a	n/a	n/a	n/a	n/a	n/a	n/a
331.509765625	0.2	169733	203	a_unexpected	n/a	n/a	n/a	delong	n/a	n/a	n/a	n/a	n/a	n/a	n/a	n/a	n/a	n/a	n/a	n/a	n/a	n/a
331.55859375	0.0	169758	36	cloze_marker	n/a	n/a	n/a	delong	n/a	n/a	n/a	n/a	n/a	n/a	n/a	n/a	n/a	n/a	n/a	n/a	n/a	n/a
331.802734375	0.0	169883	113	item_marker	0	13	1	delong	unexpected	an	a	artist	student	61	36	5.73	5.23	On a street corner in Paris Kim had her portrait painted by	for three euros.	False	n/a	n/a
331.98828125	0.2	169978	206	noun_unexpected	0	13	1	delong	unexpected	an	a	artist	student	61	36	5.73	5.23	On a street corner in Paris Kim had her portrait painted by	for three euros.	False	n/a	n/a
332.0390625	0.0	170004	200	cloze_marker	0	13	1	delong	unexpected	an	a	artist	student	61	36	5.73	5.23	On a street corner in Paris Kim had her portrait painted by	for three euros.	False	n/a	n/a
332.283203125	0.0	170129	113	item_marker	1	13	1	delong	unexpected	an	a	artist	student	61	36	5.73	5.23	On a street corner in Paris Kim had her portrait painted by	for three euros.	False	n/a	n/a
332.46875	0.2	170224	255	filler_word	1	13	1	delong	unexpected	an	a	artist	student	61	36	5.73	5.23	On a street corner in Paris Kim had her portrait painted by	for three euros.	False	n/a	n/a
332.94921875	0.2	170470	255	filler_word	1	13	1	delong	unexpected	an	a	artist	student	61	36	5.73	5.23	On a street corner in Paris Kim had her portrait painted by	for three euros.	False	n/a	n/a
333.427734375	0.2	170715	208	final_unexpected	1	13	1	delong	unexpected	an	a	artist	student	61	36	5.73	5.23	On a street corner in Paris Kim had her portrait painted by	for three euros.	False	n/a	n/a
339.958984375	0.2	174059	255	filler_word	1	13	1	delong	unexpected	an	a	artist	student	61	36	5.73	5.23	On a street corner in Paris Kim had her portrait painted by	for three euros.	False	n/a	n/a
340.439453125	0.2	174305	255	filler_word	1	13	1	delong	unexpected	an	a	artist	student	61	36	5.73	5.23	On a street corner in Paris Kim had her portrait painted by	for three euros.	False	n/a	n/a
340.919921875	0.2	174551	255	filler_word	1	13	1	delong	unexpected	an	a	artist	student	61	36	5.73	5.23	On a street corner in Paris Kim had her portrait painted by	for three euros.	False	n/a	n/a
341.3984375	0.2	174796	255	filler_word	1	13	1	delong	unexpected	an	a	artist	student	61	36	5.73	5.23	On a street corner in Paris Kim had her portrait painted by	for three euros.	False	n/a	n/a
341.87890625	0.2	175042	255	filler_word	1	13	1	delong	unexpected	an	a	artist	student	61	36	5.73	5.23	On a street corner in Paris Kim had her portrait painted by	for three euros.	False	n/a	n/a
342.359375	0.2	175288	255	filler_word	1	13	1	delong	unexpected	an	a	artist	student	61	36	5.73	5.23	On a street corner in Paris Kim had her portrait painted by	for three euros.	False	n/a	n/a
342.837890625	0.2	175533	255	filler_word	1	13	1	delong	unexpected	an	a	artist	student	61	36	5.73	5.23	On a street corner in Paris Kim had her portrait painted by	for three euros.	False	n/a	n/a
343.318359375	0.2	175779	204	an_unexpected	1	13	1	delong	unexpected	an	a	artist	student	61	36	5.73	5.23	On a street corner in Paris Kim had her portrait painted by	for three euros.	False	n/a	n/a
343.369140625	0.0	175805	200	cloze_marker	1	13	1	delong	unexpected	an	a	artist	student	61	36	5.73	5.23	On a street corner in Paris Kim had her portrait painted by	for three euros.	False	n/a	n/a
343.611328125	0.0	175929	110	item_marker	2	10	1	delong	unexpected	a	an	bird	echo	25	0	6.39	3.87	The tweeting in the treetops sounded like	to Melissa.	False	n/a	n/a
343.798828125	0.2	176025	206	noun_unexpected	2	10	1	delong	unexpected	a	an	bird	echo	25	0	6.39	3.87	The tweeting in the treetops sounded like	to Melissa.	False	n/a	n/a
343.84765625	0.0	176050	3	cloze_marker	2	10	1	delong	unexpected	a	an	bird	echo	25	0	6.39	3.87	The tweeting in the treetops sounded like	to Melissa.	False	n/a	n/a
344.091796875	0.0	176175	110	item_marker	3	10	1	delong	unexpected	a	an	bird	echo	25	0	6.39	3.87	The tweeting in the treetops sounded like	to Melissa.	False	n/a	n/a
344.27734375	0.2	176270	255	filler_word	3	10	1	delong	unexpected	a	an	bird	echo	25	0	6.39	3.87	The tweeting in the treetops sounded like	to Melissa.	False	n/a	n/a
344.7578125	0.2	176516	208	final_unexpected	3	10	1	delong	unexpected	a	an	bird	echo	25	0	6.39	3.87	The tweeting in the treetops sounded like	to Melissa.	False	n/a	n/a
349.25	0.2	178816	255	filler_word	3	10	1	delong	unexpected	a	an	bird	echo	25	0	6.39	3.87	The tweeting in the treetops sounded like	to Melissa.	False	n/a	n/a
349.728515625	0.2	179061	255	filler_word	3	10	1	delong	unexpected	a	an	bird	echo	25	0	6.39	3.87	The tweeting in the treetops sounded like	to Melissa.	False	n/a	n/a
350.208984375	0.2	179307	255	filler_word	3	10	1	delong	unexpected	a	an	bird	echo	25	0	6.39	3.87	The tweeting in the treetops sounded like	to Melissa.	False	n/a	n/a
350.689453125	0.2	179553	255	filler_word	3	10	1	delong	unexpected	a	an	bird	echo	25	0	6.39	3.87	The tweeting in the treetops sounded like	to Melissa.	False	n/a	n/a
351.16796875	0.2	179798	255	filler_word	3	10	1	delong	unexpected	a	an	bird	echo	25	0	6.39	3.87	The tweeting in the treetops sounded like	to Melissa.	False	n/a	n/a
351.6484375	0.2	180044	255	filler_word	3	10	1	delong	unexpected	a	an	bird	echo	25	0	6.39	3.87	The tweeting in the treetops sounded like	to Melissa.	False	n/a	n/a
352.12890625	0.2	180290	255	filler_word	3	10	1	delong	unexpected	a	an	bird	echo	25	0	6.39	3.87	The tweeting in the treetops sounded like	to Melissa.	False	n/a	n/a
352.609375	0.2	180536	255	filler_word	3	10	1	delong	unexpected	a	an	bird	echo	25	0	6.39	3.87	The tweeting in the treetops sounded like	to Melissa.	False	n/a	n/a
353.087890625	0.2	180781	255	filler_word	3	10	1	delong	unexpected	a	an	bird	echo	25	0	6.39	3.87	The tweeting in the treetops sounded like	to Melissa.	False	n/a	n/a
353.568359375	0.2	181027	255	filler_word	3	10	1	delong	unexpected	a	an	bird	echo	25	0	6.39	3.87	The tweeting in the treetops sounded like	to Melissa.	False	n/a	n/a
354.048828125	0.2	181273	255	filler_word	3	10	1	delong	unexpected	a	an	bird	echo	25	0	6.39	3.87	The tweeting in the treetops sounded like	to Melissa.	False	n/a	n/a
354.52734375	0.2	181518	201	a_expected	3	10	1	delong	unexpected	a	an	bird	echo	25	0	6.39	3.87	The tweeting in the treetops sounded like	to Melissa.	False	n/a	n/a
354.578125	0.0	181544	61	cloze_marker	3	10	1	delong	unexpected	a	an	bird	echo	25	0	6.39	3.87	The tweeting in the treetops sounded like	to Melissa.	False	n/a	n/a
354.8203125	0.0	181668	108	item_marker	4	8	1	delong	expected	a	an	kite	aeroplane	61	0	6.06	2.93	The day was breezy so the boy went outside to fly	in the park.	True	Was the day breezy?	yes
355.0078125	0.2	181764	205	noun_expected	4	8	1	delong	expected	a	an	kite	aeroplane	61	0	6.06	2.93	The day was breezy so the boy went outside to fly	in the park.	True	Was the day breezy?	yes
355.056640625	0.0	181789	97	cloze_marker	4	8	1	delong	expected	a	an	kite	aeroplane	61	0	6.06	2.93	The day was breezy so the boy went outside to fly	in the park.	True	Was the day breezy?	yes
355.30078125	0.0	181914	108	item_marker	5	8	1	delong	expected	a	an	kite	aeroplane	61	0	6.06	2.93	The day was breezy so the boy went outside to fly	in the park.	True	Was the day breezy?	yes
355.48828125	0.2	182010	255	filler_word	5	8	1	delong	expected	a	an	kite	aeroplane	61	0	6.06	2.93	The day was breezy so the boy went outside to fly	in the park.	True	Was the day breezy?	yes
355.966796875	0.2	182255	255	filler_word	5	8	1	delong	expected	a	an	kite	aeroplane	61	0	6.06	2.93	The day was breezy so the boy went outside to fly	in the park.	True	Was the day breezy?	yes
356.447265625	0.2	182501	207	final_expected	5	8	1	delong	expected	a	an	kite	aeroplane	61	0	6.06	2.93	The day was breezy so the boy went outside to fly	in the park.	True	Was the day breezy?	yes
362.923828125	0.2	185817	255	filler_word	5	8	1	delong	expected	a	an	kite	aeroplane	61	0	6.06	2.93	The day was breezy so the boy went outside to fly	in the park.	True	Was the day breezy?	yes
363.404296875	0.2	186063	255	filler_word	5	8	1	delong	expected	a	an	kite	aeroplane	61	0	6.06	2.93	The day was breezy so the boy went outside to fly	in the park.	True	Was the day breezy?	yes
363.884765625	0.2	186309	255	filler_word	5	8	1	delong	expected	a	an	kite	aeroplane	61	0	6.06	2.93	The day was breezy so the boy went outside to fly	in the park.	True	Was the day breezy?	yes
364.36328125	0.2	186554	255	filler_word	5	8	1	delong	expected	a	an	kite	aeroplane	61	0	6.06	2.93	The day was breezy so the boy went outside to fly	in the park.	True	Was the day breezy?	yes
364.84375	0.2	186800	255	filler_word	5	8	1	delong	expected	a	an	kite	aeroplane	61	0	6.06	2.93	The day was breezy so the boy went outside to fly	in the park.	True	Was the day breezy?	yes
365.32421875	0.2	187046	255	filler_word	5	8	1	delong	expected	a	an	kite	aeroplane	61	0	6.06	2.93	The day was breezy so the boy went outside to fly	in the park.	True	Was the day breezy?	yes
365.802734375	0.2	187291	255	filler_word	5	8	1	delong	expected	a	an	kite	aeroplane	61	0	6.06	2.93	The day was breezy so the boy went outside to fly	in the park.	True	Was the day breezy?	yes
366.283203125	0.2	187537	255	filler_word	5	8	1	delong	expected	a	an	kite	aeroplane	61	0	6.06	2.93	The day was breezy so the boy went outside to fly	in the park.	True	Was the day breezy?	yes
366.763671875	0.2	187783	255	filler_word	5	8	1	delong	expected	a	an	kite	aeroplane	61	0	6.06	2.93	The day was breezy so the boy went outside to fly	in the park.	True	Was the day breezy?	yes
367.2421875	0.2	188028	255	filler_word	5	8	1	delong	expected	a	an	kite	aeroplane	61	0	6.06	2.93	The day was breezy so the boy went outside to fly	in the park.	True	Was the day breezy?	yes
367.72265625	0.2	188274	255	filler_word	5	8	1	delong	expected	a	an	kite	aeroplane	61	0	6.06	2.93	The day was breezy so the boy went outside to fly	in the park.	True	Was the day breezy?	yes
368.203125	0.2	188520	255	filler_word	5	8	1	delong	expected	a	an	kite	aeroplane	61	0	6.06	2.93	The day was breezy so the boy went outside to fly	in the park.	True	Was the day breezy?	yes
368.681640625	0.2	188765	255	filler_word	5	8	1	delong	expected	a	an	kite	aeroplane	61	0	6.06	2.93	The day was breezy so the boy went outside to fly	in the park.	True	Was the day breezy?	yes
369.162109375	0.2	189011	255	filler_word	5	8	1	delong	expected	a	an	kite	aeroplane	61	0	6.06	2.93	The day was breezy so the boy went outside to fly	in the park.	True	Was the day breezy?	yes
369.642578125	0.2	189257	255	filler_word	5	8	1	delong	expected	a	an	kite	aeroplane	61	0	6.06	2.93	The day was breezy so the boy went outside to fly	in the park.	True	Was the day breezy?	yes
370.123046875	0.2	189503	201	a_expected	5	8	1	delong	expected	a	an	kite	aeroplane	61	0	6.06	2.93	The day was breezy so the boy went outside to fly	in the park.	True	Was the day breezy?	yes
370.171875	0.0	189528	75	cloze_marker	5	8	1	delong	expected	a	an	kite	aeroplane	61	0	6.06	2.93	The day was breezy so the boy went outside to fly	in the park.	True	Was the day breezy?	yes
370.416015625	0.0	189653	120	item_marker	6	20	1	delong	expected	a	an	fight	affair	75	9	6.19	3.2	Whenever Josh had too much to drink, he became belligerent and would try to start	with someone in the bar.	True	Would Josh sing if drunk?	no
370.6015625	0.2	189748	205	noun_expected	6	20	1	delong	expected	a	an	fight	affair	75	9	6.19	3.2	Whenever Josh had too much to drink, he became belligerent and would try to start	with someone in the bar.	True	Would Josh sing if drunk?	no
370.65234375	0.0	189774	90	cloze_marker	6	20	1	delong	expected	a	an	fight	affair	75	9	6.19	3.2	Whenever Josh had too much to drink, he became belligerent and would try to start	with someone in the bar.	True	Would Josh sing if drunk?	no
370.89453125	0.0	189898	120	item_marker	7	20	1	delong	expected	a	an	fight	affair	75	9	6.19	3.2	Whenever Josh had too much to drink, he became belligerent and would try to start	with someone in the bar.	True	Would Josh sing if drunk?	no
371.08203125	0.2	189994	255	filler_word	7	20	1	delong	expected	a	an	fight	affair	75	9	6.19	3.2	Whenever Josh had too much to drink, he became belligerent and would try to start	with someone in the bar.	True	Would Josh sing if drunk?	no
371.5625	0.2	190240	255	filler_word	7	20	1	delong	expected	a	an	fight	affair	75	9	6.19	3.2	Whenever Josh had too much to drink, he became belligerent and would try to start	with someone in the bar.	True	Would Josh sing if drunk?	no
372.041015625	0.2	190485	255	filler_word	7	20	1	delong	expected	a	an	fight	affair	75	9	6.19	3.2	Whenever Josh had too much to drink, he became belligerent and would try to start	with someone in the bar.	True	Would Josh sing if drunk?	no
372.521484375	0.2	190731	255	filler_word	7	20	1	delong	expected	a	an	fight	affair	75	9	6.19	3.2	Whenever Josh had too much to drink, he became belligerent and would try to start	with someone in the bar.	True	Would Josh sing if drunk?	no
373.001953125	0.2	190977	207	final_expected	7	20	1	delong	expected	a	an	fight	affair	75	9	6.19	3.2	Whenever Josh had too much to drink, he became belligerent and would try to start	with someone in the bar.	True	Would Josh sing if drunk?	no
381.423828125	0.2	195289	255	filler_word	7	20	1	delong	expected	a	an	fight	affair	75	9	6.19	3.2	Whenever Josh had too much to drink, he became belligerent and would try to start	with someone in the bar.	True	Would Josh sing if drunk?	no
381.904296875	0.2	195535	255	filler_word	7	20	1	delong	expected	a	an	fight	affair	75	9	6.19	3.2	Whenever Josh had too much to drink, he became belligerent and would try to start	with someone in the bar.	True	Would Josh sing if drunk?	no
382.384765625	0.2	195781	255	filler_word	7	20	1	delong	expected	a	an	fight	affair	75	9	6.19	3.2	Whenever Josh had too much to drink, he became belligerent and would try to start	with someone in the bar.	True	Would Josh sing if drunk?	no
382.86328125	0.2	196026	255	filler_word	7	20	1	delong	expected	a	an	fight	affair	75	9	6.19	3.2	Whenever Josh had too much to drink, he became belligerent and would try to start	with someone in the bar.	True	Would Josh sing if drunk?	no
383.34375	0.2	196272	255	filler_word	7	20	1	delong	expected	a	an	fight	affair	75	9	6.19	3.2	Whenever Josh had too much to drink, he became belligerent and would try to start	with someone in the bar.	True	Would Josh sing if drunk?	no
383.82421875	0.2	196518	255	filler_word	7	20	1	delong	expected	a	an	fight	affair	75	9	6.19	3.2	Whenever Josh had too much to drink, he became belligerent and would try to start	with someone in the bar.	True	Would Josh sing if drunk?	no
384.302734375	0.2	196763	255	filler_word	7	20	1	delong	expected	a	an	fight	affair	75	9	6.19	3.2	Whenever Josh had too much to drink, he became belligerent and would try to start	with someone in the bar.	True	Would Josh sing if drunk?	no
384.783203125	0.2	197009	255	filler_word	7	20	1	delong	expected	a	an	fight	affair	75	9	6.19	3.2	Whenever Josh had too much to drink, he became belligerent and would try to start	with someone in the bar.	True	Would Josh sing if drunk?	no
385.263671875	0.2	197255	255	filler_word	7	20	1	delong	expected	a	an	fight	affair	75	9	6.19	3.2	Whenever Josh had too much to drink, he became belligerent and would try to start	with someone in the bar.	True	Would Josh sing if drunk?	no
385.7421875	0.2	197500	255	filler_word	7	20	1	delong	expected	a	an	fight	affair	75	9	6.19	3.2	Whenever Josh had too much to drink, he became belligerent and would try to start	with someone in the bar.	True	Would Josh sing if drunk?	no
386.22265625	0.2	197746	255	filler_word	7	20	1	delong	expected	a	an	fight	affair	75	9	6.19	3.2	Whenever Josh had too much to drink, he became belligerent and would try to start	with someone in the bar.	True	Would Josh sing if drunk?	no
386.703125	0.2	197992	255	filler_word	7	20	1	delong	expected	a	an	fight	affair	75	9	6.19	3.2	Whenever Josh had too much to drink, he became belligerent and would try to start	with someone in the bar.	True	Would Josh sing if drunk?	no
387.181640625	0.2	198237	255	filler_word	7	20	1	delong	expected	a	an	fight	affair	75	9	6.19	3.2	Whenever Josh had too much to drink, he became belligerent and would try to start	with someone in the bar.	True	Would Josh sing if drunk?	no
387.662109375	0.2	198483	255	filler_word	7	20	1	delong	expected	a	an	fight	affair	75	9	6.19	3.2	Whenever Josh had too much to drink, he became belligerent and would try to start	with someone in the bar.	True	Would Josh sing if drunk?	no
388.142578125	0.2	198729	255	filler_word	7	20	1	delong	expected	a	an	fight	affair	75	9	6.19	3.2	Whenever Josh had too much to drink, he became belligerent and would try to start	with someone in the bar.	True	Would Josh sing if drunk?	no
388.62109375	0.2	198974	255	filler_word	7	20	1	delong	expected	a	an	fight	affair	75	9	6.19	3.2	Whenever Josh had too much to drink, he became belligerent and would try to start	with someone in the bar.	True	Would Josh sing if drunk?	no
389.1015625	0.2	199220	255	filler_word	7	20	1	delong	expected	a	an	fight	affair	75	9	6.19	3.2	Whenever Josh had too much to drink, he became belligerent and would try to start	with someone in the bar.	True	Would Josh sing if drunk?	no
389.58203125	0.2	199466	202	an_expected	7	20	1	delong	expected	a	an	fight	affair	75	9	6.19	3.2	Whenever Josh had too much to drink, he became belligerent and would try to start	with someone in the bar.	True	Would Josh sing if drunk?	no
389.630859375	0.0	199491	84	cloze_marker	7	20	1	delong	expected	a	an	fight	affair	75	9	6.19	3.2	Whenever Josh had too much to drink, he became belligerent and would try to start	with someone in the bar.	True	Would Josh sing if drunk?	no
389.875	0.0	199616	111	item_marker	8	11	1	delong	expected	an	a	octopus	fish	84	9	5.73	3.0	When the scuba diver saw the tentacle, he quickly realized that the creature under the rock was	in hiding.	True	Did the diver see a treasure?	no
390.0625	0.2	199712	205	noun_expected	8	11	1	delong	expected	an	a	octopus	fish	84	9	5.73	3.0	When the scuba diver saw the tentacle, he quickly realized that the creature under the rock was	in hiding.	True	Did the diver see a treasure?	no
390.111328125	0.0	199737	87	cloze_marker	8	11	1	delong	expected	an	a	octopus	fish	84	9	5.73	3.0	When the scuba diver saw the tentacle, he quickly realized that the creature under the rock was	in hiding.	True	Did the diver see a treasure?	no
390.35546875	0.0	199862	111	item_marker	9	11	1	delong	expected	an	a	octopus	fish	84	9	5.73	3.0	When the scuba diver saw the tentacle, he quickly realized that the creature under the rock was	in hiding.	True	Did the diver see a treasure?	no
390.541015625	0.2	199957	255	filler_word	9	11	1	delong	expected	an	a	octopus	fish	84	9	5.73	3.0	When the scuba diver saw the tentacle, he quickly realized that the creature under the rock was	in hiding.	True	Did the diver see a treasure?	no
391.021484375	0.2	200203	207	final_expected	9	11	1	delong	expected	an	a	octopus	fish	84	9	5.73	3.0	When the scuba diver saw the tentacle, he quickly realized that the creature under the rock was	in hiding.	True	Did the diver see a treasure?	no
399.044921875	0.2	204311	255	filler_word	9	11	1	delong	expected	an	a	octopus	fish	84	9	5.73	3.0	When the scuba diver saw the tentacle, he quickly realized that the creature under the rock was	in hiding.	True	Did the diver see a treasure?	no
399.525390625	0.2	204557	255	filler_word	9	11	1	delong	expected	an	a	octopus	fish	84	9	5.73	3.0	When the scuba diver saw the tentacle, he quickly realized that the creature under the rock was	in hiding.	True	Did the diver see a treasure?	no
400.00390625	0.2	204802	255	filler_word	9	11	1	delong	expected	an	a	octopus	fish	84	9	5.73	3.0	When the scuba diver saw the tentacle, he quickly realized that the creature under the rock was	in hiding.	True	Did the diver see a treasure?	no
400.484375	0.2	205048	255	filler_word	9	11	1	delong	expected	an	a	octopus	fish	84	9	5.73	3.0	When the scuba diver saw the tentacle, he quickly realized that the creature under the rock was	in hiding.	True	Did the diver see a treasure?	no
400.96484375	0.2	205294	255	filler_word	9	11	1	delong	expected	an	a	octopus	fish	84	9	5.73	3.0	When the scuba diver saw the tentacle, he quickly realized that the creature under the rock was	in hiding.	True	Did the diver see a treasure?	no
401.443359375	0.2	205539	255	filler_word	9	11	1	delong	expected	an	a	octopus	fish	84	9	5.73	3.0	When the scuba diver saw the tentacle, he quickly realized that the creature under the rock was	in hiding.	True	Did the diver see a treasure?	no
401.923828125	0.2	205785	255	filler_word	9	11	1	delong	expected	an	a	octopus	fish	84	9	5.73	3.0	When the scuba diver saw the tentacle, he quickly realized that the creature under the rock was	in hiding.	True	Did the diver see a treasure?	no
402.404296875	0.2	206031	255	filler_word	9	11	1	delong	expected	an	a	octopus	fish	84	9	5.73	3.0	When the scuba diver saw the tentacle, he quickly realized that the creature under the rock was	in hiding.	True	Did the diver see a treasure?	no
402.8828125	0.2	206276	255	filler_word	9	11	1	delong	expected	an	a	octopus	fish	84	9	5.73	3.0	When the scuba diver saw the tentacle, he quickly realized that the creature under the rock was	in hiding.	True	Did the diver see a treasure?	no
403.36328125	0.2	206522	255	filler_word	9	11	1	delong	expected	an	a	octopus	fish	84	9	5.73	3.0	When the scuba diver saw the tentacle, he quickly realized that the creature under the rock was	in hiding.	True	Did the diver see a treasure?	no
403.84375	0.2	206768	255	filler_word	9	11	1	delong	expected	an	a	octopus	fish	84	9	5.73	3.0	When the scuba diver saw the tentacle, he quickly realized that the creature under the rock was	in hiding.	True	Did the diver see a treasure?	no
404.322265625	0.2	207013	255	filler_word	9	11	1	delong	expected	an	a	octopus	fish	84	9	5.73	3.0	When the scuba diver saw the tentacle, he quickly realized that the creature under the rock was	in hiding.	True	Did the diver see a treasure?	no
404.802734375	0.2	207259	255	filler_word	9	11	1	delong	expected	an	a	octopus	fish	84	9	5.73	3.0	When the scuba diver saw the tentacle, he quickly realized that the creature under the rock was	in hiding.	True	Did the diver see a treasure?	no
405.283203125	0.2	207505	255	filler_word	9	11	1	delong	expected	an	a	octopus	fish	84	9	5.73	3.0	When the scuba diver saw the tentacle, he quickly realized that the creature under the rock was	in hiding.	True	Did the diver see a treasure?	no
405.76171875	0.2	207750	255	filler_word	9	11	1	delong	expected	an	a	octopus	fish	84	9	5.73	3.0	When the scuba diver saw the tentacle, he quickly realized that the creature under the rock was	in hiding.	True	Did the diver see a treasure?	no
406.2421875	0.2	207996	255	filler_word	9	11	1	delong	expected	an	a	octopus	fish	84	9	5.73	3.0	When the scuba diver saw the tentacle, he quickly realized that the creature under the rock was	in hiding.	True	Did the diver see a treasure?	no
406.72265625	0.2	208242	203	a_unexpected	9	11	1	delong	expected	an	a	octopus	fish	84	9	5.73	3.0	When the scuba diver saw the tentacle, he quickly realized that the creature under the rock was	in hiding.	True	Did the diver see a treasure?	no
406.771484375	0.0	208267	20	cloze_marker	9	11	1	delong	expected	an	a	octopus	fish	84	9	5.73	3.0	When the scuba diver saw the tentacle, he quickly realized that the creature under the rock was	in hiding.	True	Did the diver see a treasure?	no
407.015625	0.0	208392	117	item_marker	10	17	1	delong	unexpected	an	a	election	parade	70	20	5.63	4.58	When the representative retired in the middle of his term, the state was forced to hold	in his district.	False	n/a	n/a
407.201171875	0.2	208487	206	noun_unexpected	10	17	1	delong	unexpected	an	a	election	parade	70	20	5.63	4.58	When the representative retired in the middle of his term, the state was forced to hold	in his district.	False	n/a	n/a
407.251953125	0.0	208513	200	cloze_marker	10	17	1	delong	unexpected	an	a	election	parade	70	20	5.63	4.58	When the representative retired in the middle of his term, the state was forced to hold	in his district.	False	n/a	n/a
407.49609375	0.0	208638	117	item_marker	11	17	1	delong	unexpected	an	a	election	parade	70	20	5.63	4.58	When the representative retired in the middle of his term, the state was forced to hold	in his district.	False	n/a	n/a
407.681640625	0.2	208733	255	filler_word	11	17	1	delong	unexpected	an	a	election	parade	70	20	5.63	4.58	When the representative retired in the middle of his term, the state was forced to hold	in his district.	False	n/a	n/a
408.162109375	0.2	208979	255	filler_word	11	17	1	delong	unexpected	an	a	election	parade	70	20	5.63	4.58	When the representative retired in the middle of his term, the state was forced to hold	in his district.	False	n/a	n/a
408.640625	0.2	209224	208	final_unexpected	11	17	1	delong	unexpected	an	a	election	parade	70	20	5.63	4.58	When the representative retired in the middle of his term, the state was forced to hold	in his district.	False	n/a	n/a
412.61328125	0.2	211258	255	filler_word	11	17	1	delong	unexpected	an	a	election	parade	70	20	5.63	4.58	When the representative retired in the middle of his term, the state was forced to hold	in his district.	False	n/a	n/a
413.09375	0.2	211504	255	filler_word	11	17	1	delong	unexpected	an	a	election	parade	70	20	5.63	4.58	When the representative retired in the middle of his term, the state was forced to hold	in his district.	False	n/a	n/a
413.572265625	0.2	211749	255	filler_word	11	17	1	delong	unexpected	an	a	election	parade	70	20	5.63	4.58	When the representative retired in the middle of his term, the state was forced to hold	in his district.	False	n/a	n/a
414.052734375	0.2	211995	255	filler_word	11	17	1	delong	unexpected	an	a	election	parade	70	20	5.63	4.58	When the representative retired in the middle of his term, the state was forced to hold	in his district.	False	n/a	n/a
414.533203125	0.2	212241	255	filler_word	11	17	1	delong	unexpected	an	a	election	parade	70	20	5.63	4.58	When the representative retired in the middle of his term, the state was forced to hold	in his district.	False	n/a	n/a
415.01171875	0.2	212486	255	filler_word	11	17	1	delong	unexpected	an	a	election	parade	70	20	5.63	4.58	When the representative retired in the middle of his term, the state was forced to hold	in his district.	False	n/a	n/a
415.4921875	0.2	212732	255	filler_word	11	17	1	delong	unexpected	an	a	election	parade	70	20	5.63	4.58	When the representative retired in the middle of his term, the state was forced to hold	in his district.	False	n/a	n/a
415.97265625	0.2	212978	255	filler_word	11	17	1	delong	unexpected	an	a	election	parade	70	20	5.63	4.58	When the representative retired in the middle of his term, the state was forced to hold	in his district.	False	n/a	n/a
416.451171875	0.2	213223	255	filler_word	11	17	1	delong	unexpected	an	a	election	parade	70	20	5.63	4.58	When the representative retired in the middle of his term, the state was forced to hold	in his district.	False	n/a	n/a
416.931640625	0.2	213469	255	filler_word	11	17	1	delong	unexpected	an	a	election	parade	70	20	5.63	4.58	When the representative retired in the middle of his term, the state was forced to hold	in his district.	False	n/a	n/a
417.412109375	0.2	213715	255	filler_word	11	17	1	delong	unexpected	an	a	election	parade	70	20	5.63	4.58	When the representative retired in the middle of his term, the state was forced to hold	in his district.	False	n/a	n/a
417.890625	0.2	213960	255	filler_word	11	17	1	delong	unexpected	an	a	election	parade	70	20	5.63	4.58	When the representative retired in the middle of his term, the state was forced to hold	in his district.	False	n/a	n/a
418.37109375	0.2	214206	255	filler_word	11	17	1	delong	unexpected	an	a	election	parade	70	20	5.63	4.58	When the representative retired in the middle of his term, the state was forced to hold	in his district.	False	n/a	n/a
418.8515625	0.2	214452	255	filler_word	11	17	1	delong	unexpected	an	a	election	parade	70	20	5.63	4.58	When the representative retired in the middle of his term, the state was forced to hold	in his district.	False	n/a	n/a
419.330078125	0.2	214697	255	filler_word	11	17	1	delong	unexpected	an	a	election	parade	70	20	5.63	4.58	When the representative retired in the middle of his term, the state was forced to hold	in his district.	False	n/a	n/a
419.810546875	0.2	214943	255	filler_word	11	17	1	delong	unexpected	an	a	election	parade	70	20	5.63	4.58	When the representative retired in the middle of his term, the state was forced to hold	in his district.	False	n/a	n/a
420.291015625	0.2	215189	255	filler_word	11	17	1	delong	unexpected	an	a	election	parade	70	20	5.63	4.58	When the representative retired in the middle of his term, the state was forced to hold	in his district.	False	n/a	n/a
420.76953125	0.2	215434	255	filler_word	11	17	1	delong	unexpected	an	a	election	parade	70	20	5.63	4.58	When the representative retired in the middle of his term, the state was forced to hold	in his district.	False	n/a	n/a
421.25	0.2	215680	255	filler_word	11	17	1	delong	unexpected	an	a	election	parade	70	20	5.63	4.58	When the representative retired in the middle of his term, the state was forced to hold	in his district.	False	n/a	n/a
421.73046875	0.2	215926	255	filler_word	11	17	1	delong	unexpected	an	a	election	parade	70	20	5.63	4.58	When the representative retired in the middle of his term, the state was forced to hold	in his district.	False	n/a	n/a
422.208984375	0.2	216171	255	filler_word	11	17	1	delong	unexpected	an	a	election	parade	70	20	5.63	4.58	When the representative retired in the middle of his term, the state was forced to hold	in his district.	False	n/a	n/a
422.689453125	0.2	216417	255	filler_word	11	17	1	delong	unexpected	an	a	election	parade	70	20	5.63	4.58	When the representative retired in the middle of his term, the state was forced to hold	in his district.	False	n/a	n/a
423.169921875	0.2	216663	255	filler_word	11	17	1	delong	unexpected	an	a	election	parade	70	20	5.63	4.58	When the representative retired in the middle of his term, the state was forced to hold	in his district.	False	n/a	n/a
423.6484375	0.2	216908	202	an_expected	11	17	1	delong	unexpected	an	a	election	parade	70	20	5.63	4.58	When the representative retired in the middle of his term, the state was forced to hold	in his district.	False	n/a	n/a
423.69921875	0.0	216934	59	cloze_marker	11	17	1	delong	unexpected	an	a	election	parade	70	20	5.63	4.58	When the representative retired in the middle of his term, the state was forced to hold	in his district.	False	n/a	n/a
423.943359375	0.0	217059	115	item_marker	12	15	1	delong	expected	an	a	education	book	59	27	6.23	3.17	Her grandfather always stressed how important it was for Sophia to go to school, because he had never had the opportunity to receive	while growing up.	False	n/a	n/a
424.12890625	0.2	217154	205	noun_expected	12	15	1	delong	expected	an	a	education	book	59	27	6.23	3.17	Her grandfather always stressed how important it was for Sophia to go to school, because he had never had the opportunity to receive	while growing up.	False	n/a	n/a
424.1796875	0.0	217180	90	cloze_marker	12	15	1	delong	expected	an	a	education	book	59	27	6.23	3.17	Her grandfather always stressed how important it was for Sophia to go to school, because he had never had the opportunity to receive	while growing up.	False	n/a	n/a
424.421875	0.0	217304	115	item_marker	13	15	1	delong	expected	an	a	education	book	59	27	6.23	3.17	Her grandfather always stressed how important it was for Sophia to go to school, because he had never had the opportunity to receive	while growing up.	False	n/a	n/a
424.609375	0.2	217400	255	filler_word	13	15	1	delong	expected	an	a	education	book	59	27	6.23	3.17	Her grandfather always stressed how important it was for Sophia to go to school, because he had never had the opportunity to receive	while growing up.	False	n/a	n/a
425.087890625	0.2	217645	255	filler_word	13	15	1	delong	expected	an	a	education	book	59	27	6.23	3.17	Her grandfather always stressed how important it was for Sophia to go to school, because he had never had the opportunity to receive	while growing up.	False	n/a	n/a
425.568359375	0.2	217891	207	final_expected	13	15	1	delong	expected	an	a	education	book	59	27	6.23	3.17	Her grandfather always stressed how important it was for Sophia to go to school, because he had never had the opportunity to receive	while growing up.	False	n/a	n/a
430.046875	0.2	220184	255	filler_word	13	15	1	delong	expected	an	a	education	book	59	27	6.23	3.17	Her grandfather always stressed how important it was for Sophia to go to school, because he had never had the opportunity to receive	while growing up.	False	n/a	n/a
430.52734375	0.2	220430	255	filler_word	13	15	1	delong	expected	an	a	education	book	59	27	6.23	3.17	Her grandfather always stressed how important it was for Sophia to go to school, because he had never had the opportunity to receive	while growing up.	False	n/a	n/a
431.005859375	0.2	220675	255	filler_word	13	15	1	delong	expected	an	a	education	book	59	27	6.23	3.17	Her grandfather always stressed how important it was for Sophia to go to school, because he had never had the opportunity to receive	while growing up.	False	n/a	n/a
431.486328125	0.2	220921	255	filler_word	13	15	1	delong	expected	an	a	education	book	59	27	6.23	3.17	Her grandfather always stressed how important it was for Sophia to go to school, because he had never had the opportunity to receive	while growing up.	False	n/a	n/a
431.966796875	0.2	221167	255	filler_word	13	15	1	delong	expected	an	a	education	book	59	27	6.23	3.17	Her grandfather always stressed how important it was for Sophia to go to school, because he had never had the opportunity to receive	while growing up.	False	n/a	n/a
432.4453125	0.2	221412	255	filler_word	13	15	1	delong	expected	an	a	education	book	59	27	6.23	3.17	Her grandfather always stressed how important it was for Sophia to go to school, because he had never had the opportunity to receive	while growing up.	False	n/a	n/a
432.92578125	0.2	221658	255	filler_word	13	15	1	delong	expected	an	a	education	book	59	27	6.23	3.17	Her grandfather always stressed how important it was for Sophia to go to school, because he had never had the opportunity to receive	while growing up.	False	n/a	n/a
433.40625	0.2	221904	255	filler_word	13	15	1	delong	expected	an	a	education	book	59	27	6.23	3.17	Her grandfather always stressed how important it was for Sophia to go to school, because he had never had the opportunity to receive	while growing up.	False	n/a	n/a
433.884765625	0.2	222149	255	filler_word	13	15	1	delong	expected	an	a	education	book	59	27	6.23	3.17	Her grandfather always stressed how important it was for Sophia to go to school, because he had never had the opportunity to receive	while growing up.	False	n/a	n/a
434.365234375	0.2	222395	255	filler_word	13	15	1	delong	expected	an	a	education	book	59	27	6.23	3.17	Her grandfather always stressed how important it was for Sophia to go to school, because he had never had the opportunity to receive	while growing up.	False	n/a	n/a
434.845703125	0.2	222641	255	filler_word	13	15	1	delong	expected	an	a	education	book	59	27	6.23	3.17	Her grandfather always stressed how important it was for Sophia to go to school, because he had never had the opportunity to receive	while growing up.	False	n/a	n/a
435.32421875	0.2	222886	255	filler_word	13	15	1	delong	expected	an	a	education	book	59	27	6.23	3.17	Her grandfather always stressed how important it was for Sophia to go to school, because he had never had the opportunity to receive	while growing up.	False	n/a	n/a
435.8046875	0.2	223132	255	filler_word	13	15	1	delong	expected	an	a	education	book	59	27	6.23	3.17	Her grandfather always stressed how important it was for Sophia to go to school, because he had never had the opportunity to receive	while growing up.	False	n/a	n/a
436.28515625	0.2	223378	255	filler_word	13	15	1	delong	expected	an	a	education	book	59	27	6.23	3.17	Her grandfather always stressed how important it was for Sophia to go to school, because he had never had the opportunity to receive	while growing up.	False	n/a	n/a
436.763671875	0.2	223623	255	filler_word	13	15	1	delong	expected	an	a	education	book	59	27	6.23	3.17	Her grandfather always stressed how important it was for Sophia to go to school, because he had never had the opportunity to receive	while growing up.	False	n/a	n/a
437.244140625	0.2	223869	255	filler_word	13	15	1	delong	expected	an	a	education	book	59	27	6.23	3.17	Her grandfather always stressed how important it was for Sophia to go to school, because he had never had the opportunity to receive	while growing up.	False	n/a	n/a
437.724609375	0.2	224115	255	filler_word	13	15	1	delong	expected	an	a	education	book	59	27	6.23	3.17	Her grandfather always stressed how important it was for Sophia to go to school, because he had never had the opportunity to receive	while growing up.	False	n/a	n/a
438.203125	0.2	224360	255	filler_word	13	15	1	delong	expected	an	a	education	book	59	27	6.23	3.17	Her grandfather always stressed how important it was for Sophia to go to school, because he had never had the opportunity to receive	while growing up.	False	n/a	n/a
438.68359375	0.2	224606	255	filler_word	13	15	1	delong	expected	an	a	education	book	59	27	6.23	3.17	Her grandfather always stressed how important it was for Sophia to go to school, because he had never had the opportunity to receive	while growing up.	False	n/a	n/a
439.1640625	0.2	224852	202	an_expected	13	15	1	delong	expected	an	a	education	book	59	27	6.23	3.17	Her grandfather always stressed how important it was for Sophia to go to school, because he had never had the opportunity to receive	while growing up.	False	n/a	n/a
439.212890625	0.0	224877	98	cloze_marker	13	15	1	delong	expected	an	a	education	book	59	27	6.23	3.17	Her grandfather always stressed how important it was for Sophia to go to school, because he had never had the opportunity to receive	while growing up.	False	n/a	n/a
439.45703125	0.0	225002	119	item_marker	14	19	1	delong	expected	an	a	affair	fight	98	2	6.52	2.07	When her husband started staying late at the office every night, Joanne began to suspect that he was having	with someone at work.	False	n/a	n/a
439.64453125	0.2	225098	205	noun_expected	14	19	1	delong	expected	an	a	affair	fight	98	2	6.52	2.07	When her husband started staying late at the office every night, Joanne began to suspect that he was having	with someone at work.	False	n/a	n/a
439.693359375	0.0	225123	100	cloze_marker	14	19	1	delong	expected	an	a	affair	fight	98	2	6.52	2.07	When her husband started staying late at the office every night, Joanne began to suspect that he was having	with someone at work.	False	n/a	n/a
439.9375	0.0	225248	119	item_marker	15	19	1	delong	expected	an	a	affair	fight	98	2	6.52	2.07	When her husband started staying late at the office every night, Joanne began to suspect that he was having	with someone at work.	False	n/a	n/a
440.123046875	0.2	225343	255	filler_word	15	19	1	delong	expected	an	a	affair	fight	98	2	6.52	2.07	When her husband started staying late at the office every night, Joanne began to suspect that he was having	with someone at work.	False	n/a	n/a
440.603515625	0.2	225589	255	filler_word	15	19	1	delong	expected	an	a	affair	fight	98	2	6.52	2.07	When her husband started staying late at the office every night, Joanne began to suspect that he was having	with someone at work.	False	n/a	n/a
441.083984375	0.2	225835	255	filler_word	15	19	1	delong	expected	an	a	affair	fight	98	2	6.52	2.07	When her husband started staying late at the office every night, Joanne began to suspect that he was having	with someone at work.	False	n/a	n/a
441.5625	0.2	226080	207	final_expected	15	19	1	delong	expected	an	a	affair	fight	98	2	6.52	2.07	When her husband started staying late at the office every night, Joanne began to suspect that he was having	with someone at work.	False	n/a	n/a
448.041015625	0.2	229397	255	filler_word	15	19	1	delong	expected	an	a	affair	fight	98	2	6.52	2.07	When her husband started staying late at the office every night, Joanne began to suspect that he was having	with someone at work.	False	n/a	n/a
448.51953125	0.2	229642	255	filler_word	15	19	1	delong	expected	an	a	affair	fight	98	2	6.52	2.07	When her husband started staying late at the office every night, Joanne began to suspect that he was having	with someone at work.	False	n/a	n/a
449.0	0.2	229888	255	filler_word	15	19	1	delong	expected	an	a	affair	fight	98	2	6.52	2.07	When her husband started staying late at the office every night, Joanne began to suspect that he was having	with someone at work.	False	n/a	n/a
449.48046875	0.2	230134	255	filler_word	15	19	1	delong	expected	an	a	affair	fight	98	2	6.52	2.07	When her husband started staying late at the office every night, Joanne began to suspect that he was having	with someone at work.	False	n/a	n/a
449.958984375	0.2	230379	255	filler_word	15	19	1	delong	expected	an	a	affair	fight	98	2	6.52	2.07	When her husband started staying late at the office every night, Joanne began to suspect that he was having	with someone at work.	False	n/a	n/a
450.439453125	0.2	230625	255	filler_word	15	19	1	delong	expected	an	a	affair	fight	98	2	6.52	2.07	When her husband started staying late at the office every night, Joanne began to suspect that he was having	with someone at work.	False	n/a	n/a
450.919921875	0.2	230871	255	filler_word	15	19	1	delong	expected	an	a	affair	fight	98	2	6.52	2.07	When her husband started staying late at the office every night, Joanne began to suspect that he was having	with someone at work.	False	n/a	n/a
451.3984375	0.2	231116	255	filler_word	15	19	1	delong	expected	an	a	affair	fight	98	2	6.52	2.07	When her husband started staying late at the office every night, Joanne began to suspect that he was having	with someone at work.	False	n/a	n/a
451.87890625	0.2	231362	255	filler_word	15	19	1	delong	expected	an	a	affair	fight	98	2	6.52	2.07	When her husband started staying late at the office every night, Joanne began to suspect that he was having	with someone at work.	False	n/a	n/a
452.359375	0.2	231608	255	filler_word	15	19	1	delong	expected	an	a	affair	fight	98	2	6.52	2.07	When her husband started staying late at the office every night, Joanne began to suspect that he was having	with someone at work.	False	n/a	n/a
452.837890625	0.2	231853	255	filler_word	15	19	1	delong	expected	an	a	affair	fight	98	2	6.52	2.07	When her husband started staying late at the office every night, Joanne began to suspect that he was having	with someone at work.	False	n/a	n/a
453.318359375	0.2	232099	204	an_unexpected	15	19	1	delong	expected	an	a	affair	fight	98	2	6.52	2.07	When her husband started staying late at the office every night, Joanne began to suspect that he was having	with someone at work.	False	n/a	n/a
453.369140625	0.0	232125	200	cloze_marker	15	19	1	delong	expected	an	a	affair	fight	98	2	6.52	2.07	When her husband started staying late at the office every night, Joanne began to suspect that he was having	with someone at work.	False	n/a	n/a
453.611328125	0.0	232249	118	item_marker	16	18	1	delong	unexpected	a	an	parade	election	95	0	5.77	3.52	Without the floats and the marching bands it wasn't much of	this year.	False	n/a	n/a
453.798828125	0.2	232345	206	noun_unexpected	16	18	1	delong	unexpected	a	an	parade	election	95	0	5.77	3.52	Without the floats and the marching bands it wasn't much of	this year.	False	n/a	n/a
453.84765625	0.0	232370	200	cloze_marker	16	18	1	delong	unexpected	a	an	parade	election	95	0	5.77	3.52	Without the floats and the marching bands it wasn't much of	this year.	False	n/a	n/a
454.091796875	0.0	232495	118	item_marker	17	18	1	delong	unexpected	a	an	parade	election	95	0	5.77	3.52	Without the floats and the marching bands it wasn't much of	this year.	False	n/a	n/a
454.27734375	0.2	232590	255	filler_word	17	18	1	delong	unexpected	a	an	parade	election	95	0	5.77	3.52	Without the floats and the marching bands it wasn't much of	this year.	False	n/a	n/a
454.7578125	0.2	232836	208	final_unexpected	17	18	1	delong	unexpected	a	an	parade	election	95	0	5.77	3.52	Without the floats and the marching bands it wasn't much of	this year.	False	n/a	n/a
458.396484375	0.2	234699	255	filler_word	17	18	1	delong	unexpected	a	an	parade	election	95	0	5.77	3.52	Without the floats and the marching bands it wasn't much of	this year.	False	n/a	n/a
458.876953125	0.2	234945	255	filler_word	17	18	1	delong	unexpected	a	an	parade	election	95	0	5.77	3.52	Without the floats and the marching bands it wasn't much of	this year.	False	n/a	n/a
459.35546875	0.2	235190	255	filler_word	17	18	1	delong	unexpected	a	an	parade	election	95	0	5.77	3.52	Without the floats and the marching bands it wasn't much of	this year.	False	n/a	n/a
459.8359375	0.2	235436	255	filler_word	17	18	1	delong	unexpected	a	an	parade	election	95	0	5.77	3.52	Without the floats and the marching bands it wasn't much of	this year.	False	n/a	n/a
460.31640625	0.2	235682	255	filler_word	17	18	1	delong	unexpected	a	an	parade	election	95	0	5.77	3.52	Without the floats and the marching bands it wasn't much of	this year.	False	n/a	n/a
460.796875	0.2	235928	255	filler_word	17	18	1	delong	unexpected	a	an	parade	election	95	0	5.77	3.52	Without the floats and the marching bands it wasn't much of	this year.	False	n/a	n/a
461.275390625	0.2	236173	255	filler_word	17	18	1	delong	unexpected	a	an	parade	election	95	0	5.77	3.52	Without the floats and the marching bands it wasn't much of	this year.	False	n/a	n/a
461.755859375	0.2	236419	255	filler_word	17	18	1	delong	unexpected	a	an	parade	election	95	0	5.77	3.52	Without the floats and the marching bands it wasn't much of	this year.	False	n/a	n/a
462.236328125	0.2	236665	255	filler_word	17	18	1	delong	unexpected	a	an	parade	election	95	0	5.77	3.52	Without the floats and the marching bands it wasn't much of	this year.	False	n/a	n/a
462.71484375	0.2	236910	255	filler_word	17	18	1	delong	unexpected	a	an	parade	election	95	0	5.77	3.52	Without the floats and the marching bands it wasn't much of	this year.	False	n/a	n/a
463.1953125	0.2	237156	255	filler_word	17	18	1	delong	unexpected	a	an	parade	election	95	0	5.77	3.52	Without the floats and the marching bands it wasn't much of	this year.	False	n/a	n/a
463.67578125	0.2	237402	255	filler_word	17	18	1	delong	unexpected	a	an	parade	election	95	0	5.77	3.52	Without the floats and the marching bands it wasn't much of	this year.	False	n/a	n/a
464.154296875	0.2	237647	255	filler_word	17	18	1	delong	unexpected	a	an	parade	election	95	0	5.77	3.52	Without the floats and the marching bands it wasn't much of	this year.	False	n/a	n/a
464.634765625	0.2	237893	255	filler_word	17	18	1	delong	unexpected	a	an	parade	election	95	0	5.77	3.52	Without the floats and the marching bands it wasn't much of	this year.	False	n/a	n/a
465.115234375	0.2	238139	255	filler_word	17	18	1	delong	unexpected	a	an	parade	election	95	0	5.77	3.52	Without the floats and the marching bands it wasn't much of	this year.	False	n/a	n/a
465.59375	0.2	238384	255	filler_word	17	18	1	delong	unexpected	a	an	parade	election	95	0	5.77	3.52	Without the floats and the marching bands it wasn't much of	this year.	False	n/a	n/a
466.07421875	0.2	238630	255	filler_word	17	18	1	delong	unexpected	a	an	parade	election	95	0	5.77	3.52	Without the floats and the marching bands it wasn't much of	this year.	False	n/a	n/a
466.5546875	0.2	238876	255	filler_word	17	18	1	delong	unexpected	a	an	parade	election	95	0	5.77	3.52	Without the floats and the marching bands it wasn't much of	this year.	False	n/a	n/a
467.033203125	0.2	239121	255	filler_word	17	18	1	delong	unexpected	a	an	parade	election	95	0	5.77	3.52	Without the floats and the marching bands it wasn't much of	this year.	False	n/a	n/a
467.513671875	0.2	239367	255	filler_word	17	18	1	delong	unexpected	a	an	parade	election	95	0	5.77	3.52	Without the floats and the marching bands it wasn't much of	this year.	False	n/a	n/a
467.994140625	0.2	239613	202	an_expected	17	18	1	delong	unexpected	a	an	parade	election	95	0	5.77	3.52	Without the floats and the marching bands it wasn't much of	this year.	False	n/a	n/a
468.04296875	0.0	239638	77	cloze_marker	17	18	1	delong	unexpected	a	an	parade	election	95	0	5.77	3.52	Without the floats and the marching bands it wasn't much of	this year.	False	n/a	n/a
468.287109375	0.0	239763	107	item_marker	18	7	1	delong	expected	an	a	aeroplane	kite	77	18	5.74	2.87	Although the idea of flight was as old as the hills, the Wright Brothers were the first people to build	that actually flew.	False	n/a	n/a
468.47265625	0.2	239858	205	noun_expected	18	7	1	delong	expected	an	a	aeroplane	kite	77	18	5.74	2.87	Although the idea of flight was as old as the hills, the Wright Brothers were the first people to build	that actually flew.	False	n/a	n/a
468.5234375	0.0	239884	80	cloze_marker	18	7	1	delong	expected	an	a	aeroplane	kite	77	18	5.74	2.87	Although the idea of flight was as old as the hills, the Wright Brothers were the first people to build	that actually flew.	False	n/a	n/a
468.765625	0.0	240008	107	item_marker	19	7	1	delong	expected	an	a	aeroplane	kite	77	18	5.74	2.87	Although the idea of flight was as old as the hills, the Wright Brothers were the first people to build	that actually flew.	False	n/a	n/a
468.953125	0.2	240104	255	filler_word	19	7	1	delong	expected	an	a	aeroplane	kite	77	18	5.74	2.87	Although the idea of flight was as old as the hills, the Wright Brothers were the first people to build	that actually flew.	False	n/a	n/a
469.43359375	0.2	240350	255	filler_word	19	7	1	delong	expected	an	a	aeroplane	kite	77	18	5.74	2.87	Although the idea of flight was as old as the hills, the Wright Brothers were the first people to build	that actually flew.	False	n/a	n/a
469.912109375	0.2	240595	207	final_expected	19	7	1	delong	expected	an	a	aeroplane	kite	77	18	5.74	2.87	Although the idea of flight was as old as the hills, the Wright Brothers were the first people to build	that actually flew.	False	n/a	n/a
476.123046875	0.2	243775	255	filler_word	19	7	1	delong	expected	an	a	aeroplane	kite	77	18	5.74	2.87	Although the idea of flight was as old as the hills, the Wright Brothers were the first people to build	that actually flew.	False	n/a	n/a
476.603515625	0.2	244021	255	filler_word	19	7	1	delong	expected	an	a	aeroplane	kite	77	18	5.74	2.87	Although the idea of flight was as old as the hills, the Wright Brothers were the first people to build	that actually flew.	False	n/a	n/a
477.083984375	0.2	244267	255	filler_word	19	7	1	delong	expected	an	a	aeroplane	kite	77	18	5.74	2.87	Although the idea of flight was as old as the hills, the Wright Brothers were the first people to build	that actually flew.	False	n/a	n/a
477.5625	0.2	244512	255	filler_word	19	7	1	delong	expected	an	a	aeroplane	kite	77	18	5.74	2.87	Although the idea of flight was as old as the hills, the Wright Brothers were the first people to build	that actually flew.	False	n/a	n/a
478.04296875	0.2	244758	255	filler_word	19	7	1	delong	expected	an	a	aeroplane	kite	77	18	5.74	2.87	Although the idea of flight was as old as the hills, the Wright Brothers were the first people to build	that actually flew.	False	n/a	n/a
478.5234375	0.2	245004	255	filler_word	19	7	1	delong	expected	an	a	aeroplane	kite	77	18	5.74	2.87	Although the idea of flight was as old as the hills, the Wright Brothers were the first people to build	that actually flew.	False	n/a	n/a
479.001953125	0.2	245249	255	filler_word	19	7	1	delong	expected	an	a	aeroplane	kite	77	18	5.74	2.87	Although the idea of flight was as old as the hills, the Wright Brothers were the first people to build	that actually flew.	False	n/a	n/a
479.482421875	0.2	245495	255	filler_word	19	7	1	delong	expected	an	a	aeroplane	kite	77	18	5.74	2.87	Although the idea of flight was as old as the hills, the Wright Brothers were the first people to build	that actually flew.	False	n/a	n/a
479.962890625	0.2	245741	255	filler_word	19	7	1	delong	expected	an	a	aeroplane	kite	77	18	5.74	2.87	Although the idea of flight was as old as the hills, the Wright Brothers were the first people to build	that actually flew.	False	n/a	n/a
480.44140625	0.2	245986	255	filler_word	19	7	1	delong	expected	an	a	aeroplane	kite	77	18	5.74	2.87	Although the idea of flight was as old as the hills, the Wright Brothers were the first people to build	that actually flew.	False	n/a	n/a
480.921875	0.2	246232	255	filler_word	19	7	1	delong	expected	an	a	aeroplane	kite	77	18	5.74	2.87	Although the idea of flight was as old as the hills, the Wright Brothers were the first people to build	that actually flew.	False	n/a	n/a
481.40234375	0.2	246478	202	an_expected	19	7	1	delong	expected	an	a	aeroplane	kite	77	18	5.74	2.87	Although the idea of flight was as old as the hills, the Wright Brothers were the first people to build	that actually flew.	False	n/a	n/a
481.451171875	0.0	246503	55	cloze_marker	19	7	1	delong	expected	an	a	aeroplane	kite	77	18	5.74	2.87	Although the idea of flight was as old as the hills, the Wright Brothers were the first people to build	that actually flew.	False	n/a	n/a
481.6953125	0.0	246628	103	item_marker	20	3	1	delong	expected	an	a	accent	lisp	55	39	6.13	6.0	It was difficult to understand the foreign professor because he had	when he spoke.	False	n/a	n/a
481.880859375	0.2	246723	205	noun_expected	20	3	1	delong	expected	an	a	accent	lisp	55	39	6.13	6.0	It was difficult to understand the foreign professor because he had	when he spoke.	False	n/a	n/a
481.931640625	0.0	246749	100	cloze_marker	20	3	1	delong	expected	an	a	accent	lisp	55	39	6.13	6.0	It was difficult to understand the foreign professor because he had	when he spoke.	False	n/a	n/a
482.17578125	0.0	246874	103	item_marker	21	3	1	delong	expected	an	a	accent	lisp	55	39	6.13	6.0	It was difficult to understand the foreign professor because he had	when he spoke.	False	n/a	n/a
482.361328125	0.2	246969	255	filler_word	21	3	1	delong	expected	an	a	accent	lisp	55	39	6.13	6.0	It was difficult to understand the foreign professor because he had	when he spoke.	False	n/a	n/a
482.841796875	0.2	247215	255	filler_word	21	3	1	delong	expected	an	a	accent	lisp	55	39	6.13	6.0	It was difficult to understand the foreign professor because he had	when he spoke.	False	n/a	n/a
483.3203125	0.2	247460	207	final_expected	21	3	1	delong	expected	an	a	accent	lisp	55	39	6.13	6.0	It was difficult to understand the foreign professor because he had	when he spoke.	False	n/a	n/a
486.83984375	0.2	249262	255	filler_word	21	3	1	delong	expected	an	a	accent	lisp	55	39	6.13	6.0	It was difficult to understand the foreign professor because he had	when he spoke.	False	n/a	n/a
487.3203125	0.2	249508	255	filler_word	21	3	1	delong	expected	an	a	accent	lisp	55	39	6.13	6.0	It was difficult to understand the foreign professor because he had	when he spoke.	False	n/a	n/a
487.798828125	0.2	249753	255	filler_word	21	3	1	delong	expected	an	a	accent	lisp	55	39	6.13	6.0	It was difficult to understand the foreign professor because he had	when he spoke.	False	n/a	n/a
488.279296875	0.2	249999	255	filler_word	21	3	1	delong	expected	an	a	accent	lisp	55	39	6.13	6.0	It was difficult to understand the foreign professor because he had	when he spoke.	False	n/a	n/a
488.759765625	0.2	250245	255	filler_word	21	3	1	delong	expected	an	a	accent	lisp	55	39	6.13	6.0	It was difficult to understand the foreign professor because he had	when he spoke.	False	n/a	n/a
489.23828125	0.2	250490	255	filler_word	21	3	1	delong	expected	an	a	accent	lisp	55	39	6.13	6.0	It was difficult to understand the foreign professor because he had	when he spoke.	False	n/a	n/a
489.71875	0.2	250736	255	filler_word	21	3	1	delong	expected	an	a	accent	lisp	55	39	6.13	6.0	It was difficult to understand the foreign professor because he had	when he spoke.	False	n/a	n/a
490.19921875	0.2	250982	255	filler_word	21	3	1	delong	expected	an	a	accent	lisp	55	39	6.13	6.0	It was difficult to understand the foreign professor because he had	when he spoke.	False	n/a	n/a
490.677734375	0.2	251227	255	filler_word	21	3	1	delong	expected	an	a	accent	lisp	55	39	6.13	6.0	It was difficult to understand the foreign professor because he had	when he spoke.	False	n/a	n/a
491.158203125	0.2	251473	255	filler_word	21	3	1	delong	expected	an	a	accent	lisp	55	39	6.13	6.0	It was difficult to understand the foreign professor because he had	when he spoke.	False	n/a	n/a
491.638671875	0.2	251719	203	a_unexpected	21	3	1	delong	expected	an	a	accent	lisp	55	39	6.13	6.0	It was difficult to understand the foreign professor because he had	when he spoke.	False	n/a	n/a
491.6875	0.0	251744	2	cloze_marker	21	3	1	delong	expected	an	a	accent	lisp	55	39	6.13	6.0	It was difficult to understand the foreign professor because he had	when he spoke.	False	n/a	n/a
491.931640625	0.0	251869	109	item_marker	22	9	1	delong	unexpected	an	a	echo	bird	75	2	5.9	3.83	Surrounded by mountains, Lola shouted across the valley and heard	in the distance.	False	n/a	n/a
492.1171875	0.2	251964	206	noun_unexpected	22	9	1	delong	unexpected	an	a	echo	bird	75	2	5.9	3.83	Surrounded by mountains, Lola shouted across the valley and heard	in the distance.	False	n/a	n/a
492.16796875	0.0	251990	3	cloze_marker	22	9	1	delong	unexpected	an	a	echo	bird	75	2	5.9	3.83	Surrounded by mountains, Lola shouted across the valley and heard	in the distance.	False	n/a	n/a
492.412109375	0.0	252115	109	item_marker	23	9	1	delong	unexpected	an	a	echo	bird	75	2	5.9	3.83	Surrounded by mountains, Lola shouted across the valley and heard	in the distance.	False	n/a	n/a
492.59765625	0.2	252210	255	filler_word	23	9	1	delong	unexpected	an	a	echo	bird	75	2	5.9	3.83	Surrounded by mountains, Lola shouted across the valley and heard	in the distance.	False	n/a	n/a
493.078125	0.2	252456	255	filler_word	23	9	1	delong	unexpected	an	a	echo	bird	75	2	5.9	3.83	Surrounded by mountains, Lola shouted across the valley and heard	in the distance.	False	n/a	n/a
493.556640625	0.2	252701	208	final_unexpected	23	9	1	delong	unexpected	an	a	echo	bird	75	2	5.9	3.83	Surrounded by mountains, Lola shouted across the valley and heard	in the distance.	False	n/a	n/a
496.73046875	0.2	254326	255	filler_word	23	9	1	delong	unexpected	an	a	echo	bird	75	2	5.9	3.83	Surrounded by mountains, Lola shouted across the valley and heard	in the distance.	False	n/a	n/a
497.208984375	0.2	254571	255	filler_word	23	9	1	delong	unexpected	an	a	echo	bird	75	2	5.9	3.83	Surrounded by mountains, Lola shouted across the valley and heard	in the distance.	False	n/a	n/a
497.689453125	0.2	254817	255	filler_word	23	9	1	delong	unexpected	an	a	echo	bird	75	2	5.9	3.83	Surrounded by mountains, Lola shouted across the valley and heard	in the distance.	False	n/a	n/a
498.169921875	0.2	255063	255	filler_word	23	9	1	delong	unexpected	an	a	echo	bird	75	2	5.9	3.83	Surrounded by mountains, Lola shouted across the valley and heard	in the distance.	False	n/a	n/a
498.6484375	0.2	255308	255	filler_word	23	9	1	delong	unexpected	an	a	echo	bird	75	2	5.9	3.83	Surrounded by mountains, Lola shouted across the valley and heard	in the distance.	False	n/a	n/a
499.12890625	0.2	255554	255	filler_word	23	9	1	delong	unexpected	an	a	echo	bird	75	2	5.9	3.83	Surrounded by mountains, Lola shouted across the valley and heard	in the distance.	False	n/a	n/a
499.609375	0.2	255800	255	filler_word	23	9	1	delong	unexpected	an	a	echo	bird	75	2	5.9	3.83	Surrounded by mountains, Lola shouted across the valley and heard	in the distance.	False	n/a	n/a
500.087890625	0.2	256045	255	filler_word	23	9	1	delong	unexpected	an	a	echo	bird	75	2	5.9	3.83	Surrounded by mountains, Lola shouted across the valley and heard	in the distance.	False	n/a	n/a
500.568359375	0.2	256291	255	filler_word	23	9	1	delong	unexpected	an	a	echo	bird	75	2	5.9	3.83	Surrounded by mountains, Lola shouted across the valley and heard	in the distance.	False	n/a	n/a
501.048828125	0.2	256537	255	filler_word	23	9	1	delong	unexpected	an	a	echo	bird	75	2	5.9	3.83	Surrounded by mountains, Lola shouted across the valley and heard	in the distance.	False	n/a	n/a
501.52734375	0.2	256782	255	filler_word	23	9	1	delong	unexpected	an	a	echo	bird	75	2	5.9	3.83	Surrounded by mountains, Lola shouted across the valley and heard	in the distance.	False	n/a	n/a
502.0078125	0.2	257028	255	filler_word	23	9	1	delong	unexpected	an	a	echo	bird	75	2	5.9	3.83	Surrounded by mountains, Lola shouted across the valley and heard	in the distance.	False	n/a	n/a
502.48828125	0.2	257274	255	filler_word	23	9	1	delong	unexpected	an	a	echo	bird	75	2	5.9	3.83	Surrounded by mountains, Lola shouted across the valley and heard	in the distance.	False	n/a	n/a
502.966796875	0.2	257519	255	filler_word	23	9	1	delong	unexpected	an	a	echo	bird	75	2	5.9	3.83	Surrounded by mountains, Lola shouted across the valley and heard	in the distance.	False	n/a	n/a
503.447265625	0.2	257765	255	filler_word	23	9	1	delong	unexpected	an	a	echo	bird	75	2	5.9	3.83	Surrounded by mountains, Lola shouted across the valley and heard	in the distance.	False	n/a	n/a
503.927734375	0.2	258011	255	filler_word	23	9	1	delong	unexpected	an	a	echo	bird	75	2	5.9	3.83	Surrounded by mountains, Lola shouted across the valley and heard	in the distance.	False	n/a	n/a
504.40625	0.2	258256	255	filler_word	23	9	1	delong	unexpected	an	a	echo	bird	75	2	5.9	3.83	Surrounded by mountains, Lola shouted across the valley and heard	in the distance.	False	n/a	n/a
504.88671875	0.2	258502	255	filler_word	23	9	1	delong	unexpected	an	a	echo	bird	75	2	5.9	3.83	Surrounded by mountains, Lola shouted across the valley and heard	in the distance.	False	n/a	n/a
505.3671875	0.2	258748	203	a_unexpected	23	9	1	delong	unexpected	an	a	echo	bird	75	2	5.9	3.83	Surrounded by mountains, Lola shouted across the valley and heard	in the distance.	False	n/a	n/a
505.416015625	0.0	258773	200	cloze_marker	23	9	1	delong	unexpected	an	a	echo	bird	75	2	5.9	3.83	Surrounded by mountains, Lola shouted across the valley and heard	in the distance.	False	n/a	n/a
505.66015625	0.0	258898	105	item_marker	24	5	1	delong	unexpected	an	a	apology	cheque	89	0	6.23	3.77	Dale was very sorry for what he had said to Bernadette and he knew that he owed her	because she was still upset.	True	Was Dale sorry?	yes
505.845703125	0.2	258993	206	noun_unexpected	24	5	1	delong	unexpected	an	a	apology	cheque	89	0	6.23	3.77	Dale was very sorry for what he had said to Bernadette and he knew that he owed her	because she was still upset.	True	Was Dale sorry?	yes
505.896484375	0.0	259019	200	cloze_marker	24	5	1	delong	unexpected	an	a	apology	cheque	89	0	6.23	3.77	Dale was very sorry for what he had said to Bernadette and he knew that he owed her	because she was still upset.	True	Was Dale sorry?	yes
506.138671875	0.0	259143	105	item_marker	25	5	1	delong	unexpected	an	a	apology	cheque	89	0	6.23	3.77	Dale was very sorry for what he had said to Bernadette and he knew that he owed her	because she was still upset.	True	Was Dale sorry?	yes
506.326171875	0.2	259239	255	filler_word	25	5	1	delong	unexpected	an	a	apology	cheque	89	0	6.23	3.77	Dale was very sorry for what he had said to Bernadette and he knew that he owed her	because she was still upset.	True	Was Dale sorry?	yes
506.806640625	0.2	259485	255	filler_word	25	5	1	delong	unexpected	an	a	apology	cheque	89	0	6.23	3.77	Dale was very sorry for what he had said to Bernadette and he knew that he owed her	because she was still upset.	True	Was Dale sorry?	yes
507.28515625	0.2	259730	255	filler_word	25	5	1	delong	unexpected	an	a	apology	cheque	89	0	6.23	3.77	Dale was very sorry for what he had said to Bernadette and he knew that he owed her	because she was still upset.	True	Was Dale sorry?	yes
507.765625	0.2	259976	255	filler_word	25	5	1	delong	unexpected	an	a	apology	cheque	89	0	6.23	3.77	Dale was very sorry for what he had said to Bernadette and he knew that he owed her	because she was still upset.	True	Was Dale sorry?	yes
508.24609375	0.2	260222	208	final_unexpected	25	5	1	delong	unexpected	an	a	apology	cheque	89	0	6.23	3.77	Dale was very sorry for what he had said to Bernadette and he knew that he owed her	because she was still upset.	True	Was Dale sorry?	yes
514.376953125	0.2	263361	255	filler_word	25	5	1	delong	unexpected	an	a	apology	cheque	89	0	6.23	3.77	Dale was very sorry for what he had said to Bernadette and he knew that he owed her	because she was still upset.	True	Was Dale sorry?	yes
514.85546875	0.2	263606	255	filler_word	25	5	1	delong	unexpected	an	a	apology	cheque	89	0	6.23	3.77	Dale was very sorry for what he had said to Bernadette and he knew that he owed her	because she was still upset.	True	Was Dale sorry?	yes
515.3359375	0.2	263852	255	filler_word	25	5	1	delong	unexpected	an	a	apology	cheque	89	0	6.23	3.77	Dale was very sorry for what he had said to Bernadette and he knew that he owed her	because she was still upset.	True	Was Dale sorry?	yes
515.81640625	0.2	264098	255	filler_word	25	5	1	delong	unexpected	an	a	apology	cheque	89	0	6.23	3.77	Dale was very sorry for what he had said to Bernadette and he knew that he owed her	because she was still upset.	True	Was Dale sorry?	yes
516.294921875	0.2	264343	255	filler_word	25	5	1	delong	unexpected	an	a	apology	cheque	89	0	6.23	3.77	Dale was very sorry for what he had said to Bernadette and he knew that he owed her	because she was still upset.	True	Was Dale sorry?	yes
516.775390625	0.2	264589	255	filler_word	25	5	1	delong	unexpected	an	a	apology	cheque	89	0	6.23	3.77	Dale was very sorry for what he had said to Bernadette and he knew that he owed her	because she was still upset.	True	Was Dale sorry?	yes
517.255859375	0.2	264835	255	filler_word	25	5	1	delong	unexpected	an	a	apology	cheque	89	0	6.23	3.77	Dale was very sorry for what he had said to Bernadette and he knew that he owed her	because she was still upset.	True	Was Dale sorry?	yes
517.734375	0.2	265080	255	filler_word	25	5	1	delong	unexpected	an	a	apology	cheque	89	0	6.23	3.77	Dale was very sorry for what he had said to Bernadette and he knew that he owed her	because she was still upset.	True	Was Dale sorry?	yes
518.21484375	0.2	265326	255	filler_word	25	5	1	delong	unexpected	an	a	apology	cheque	89	0	6.23	3.77	Dale was very sorry for what he had said to Bernadette and he knew that he owed her	because she was still upset.	True	Was Dale sorry?	yes
518.6953125	0.2	265572	255	filler_word	25	5	1	delong	unexpected	an	a	apology	cheque	89	0	6.23	3.77	Dale was very sorry for what he had said to Bernadette and he knew that he owed her	because she was still upset.	True	Was Dale sorry?	yes
519.173828125	0.2	265817	255	filler_word	25	5	1	delong	unexpected	an	a	apology	cheque	89	0	6.23	3.77	Dale was very sorry for what he had said to Bernadette and he knew that he owed her	because she was still upset.	True	Was Dale sorry?	yes
519.654296875	0.2	266063	255	filler_word	25	5	1	delong	unexpected	an	a	apology	cheque	89	0	6.23	3.77	Dale was very sorry for what he had said to Bernadette and he knew that he owed her	because she was still upset.	True	Was Dale sorry?	yes
520.134765625	0.2	266309	255	filler_word	25	5	1	delong	unexpected	an	a	apology	cheque	89	0	6.23	3.77	Dale was very sorry for what he had said to Bernadette and he knew that he owed her	because she was still upset.	True	Was Dale sorry?	yes
520.615234375	0.2	266555	255	filler_word	25	5	1	delong	unexpected	an	a	apology	cheque	89	0	6.23	3.77	Dale was very sorry for what he had said to Bernadette and he knew that he owed her	because she was still upset.	True	Was Dale sorry?	yes
521.09375	0.2	266800	255	filler_word	25	5	1	delong	unexpected	an	a	apology	cheque	89	0	6.23	3.77	Dale was very sorry for what he had said to Bernadette and he knew that he owed her	because she was still upset.	True	Was Dale sorry?	yes
521.57421875	0.2	267046	255	filler_word	25	5	1	delong	unexpected	an	a	apology	cheque	89	0	6.23	3.77	Dale was very sorry for what he had said to Bernadette and he knew that he owed her	because she was still upset.	True	Was Dale sorry?	yes
522.0546875	0.2	267292	255	filler_word	25	5	1	delong	unexpected	an	a	apology	cheque	89	0	6.23	3.77	Dale was very sorry for what he had said to Bernadette and he knew that he owed her	because she was still upset.	True	Was Dale sorry?	yes
522.533203125	0.2	267537	255	filler_word	25	5	1	delong	unexpected	an	a	apology	cheque	89	0	6.23	3.77	Dale was very sorry for what he had said to Bernadette and he knew that he owed her	because she was still upset.	True	Was Dale sorry?	yes
523.013671875	0.2	267783	203	a_unexpected	25	5	1	delong	unexpected	an	a	apology	cheque	89	0	6.23	3.77	Dale was very sorry for what he had said to Bernadette and he knew that he owed her	because she was still upset.	True	Was Dale sorry?	yes
523.0625	0.0	267808	200	cloze_marker	25	5	1	delong	unexpected	an	a	apology	cheque	89	0	6.23	3.77	Dale was very sorry for what he had said to Bernadette and he knew that he owed her	because she was still upset.	True	Was Dale sorry?	yes
523.306640625	0.0	267933	101	item_marker	26	1	1	delong	unexpected	an	a	apple	carrot	82	0	4.87	2.23	The old wives' tale says that if you want to keep the doctor away then you should eat	a day.	False	n/a	n/a
523.494140625	0.2	268029	206	noun_unexpected	26	1	1	delong	unexpected	an	a	apple	carrot	82	0	4.87	2.23	The old wives' tale says that if you want to keep the doctor away then you should eat	a day.	False	n/a	n/a
523.54296875	0.0	268054	200	cloze_marker	26	1	1	delong	unexpected	an	a	apple	carrot	82	0	4.87	2.23	The old wives' tale says that if you want to keep the doctor away then you should eat	a day.	False	n/a	n/a
523.787109375	0.0	268179	101	item_marker	27	1	1	delong	unexpected	an	a	apple	carrot	82	0	4.87	2.23	The old wives' tale says that if you want to keep the doctor away then you should eat	a day.	False	n/a	n/a
523.97265625	0.2	268274	255	filler_word	27	1	1	delong	unexpected	an	a	apple	carrot	82	0	4.87	2.23	The old wives' tale says that if you want to keep the doctor away then you should eat	a day.	False	n/a	n/a
524.453125	0.2	268520	208	final_unexpected	27	1	1	delong	unexpected	an	a	apple	carrot	82	0	4.87	2.23	The old wives' tale says that if you want to keep the doctor away then you should eat	a day.	False	n/a	n/a
528.185546875	0.2	270431	255	filler_word	27	1	1	delong	unexpected	an	a	apple	carrot	82	0	4.87	2.23	The old wives' tale says that if you want to keep the doctor away then you should eat	a day.	False	n/a	n/a
528.6640625	0.2	270676	255	filler_word	27	1	1	delong	unexpected	an	a	apple	carrot	82	0	4.87	2.23	The old wives' tale says that if you want to keep the doctor away then you should eat	a day.	False	n/a	n/a
529.14453125	0.2	270922	255	filler_word	27	1	1	delong	unexpected	an	a	apple	carrot	82	0	4.87	2.23	The old wives' tale says that if you want to keep the doctor away then you should eat	a day.	False	n/a	n/a
529.625	0.2	271168	255	filler_word	27	1	1	delong	unexpected	an	a	apple	carrot	82	0	4.87	2.23	The old wives' tale says that if you want to keep the doctor away then you should eat	a day.	False	n/a	n/a
530.103515625	0.2	271413	255	filler_word	27	1	1	delong	unexpected	an	a	apple	carrot	82	0	4.87	2.23	The old wives' tale says that if you want to keep the doctor away then you should eat	a day.	False	n/a	n/a
530.583984375	0.2	271659	255	filler_word	27	1	1	delong	unexpected	an	a	apple	carrot	82	0	4.87	2.23	The old wives' tale says that if you want to keep the doctor away then you should eat	a day.	False	n/a	n/a
531.064453125	0.2	271905	255	filler_word	27	1	1	delong	unexpected	an	a	apple	carrot	82	0	4.87	2.23	The old wives' tale says that if you want to keep the doctor away then you should eat	a day.	False	n/a	n/a
531.54296875	0.2	272150	255	filler_word	27	1	1	delong	unexpected	an	a	apple	carrot	82	0	4.87	2.23	The old wives' tale says that if you want to keep the doctor away then you should eat	a day.	False	n/a	n/a
532.0234375	0.2	272396	255	filler_word	27	1	1	delong	unexpected	an	a	apple	carrot	82	0	4.87	2.23	The old wives' tale says that if you want to keep the doctor away then you should eat	a day.	False	n/a	n/a
532.50390625	0.2	272642	255	filler_word	27	1	1	delong	unexpected	an	a	apple	carrot	82	0	4.87	2.23	The old wives' tale says that if you want to keep the doctor away then you should eat	a day.	False	n/a	n/a
532.982421875	0.2	272887	255	filler_word	27	1	1	delong	unexpected	an	a	apple	carrot	82	0	4.87	2.23	The old wives' tale says that if you want to keep the doctor away then you should eat	a day.	False	n/a	n/a
533.462890625	0.2	273133	255	filler_word	27	1	1	delong	unexpected	an	a	apple	carrot	82	0	4.87	2.23	The old wives' tale says that if you want to keep the doctor away then you should eat	a day.	False	n/a	n/a
533.943359375	0.2	273379	255	filler_word	27	1	1	delong	unexpected	an	a	apple	carrot	82	0	4.87	2.23	The old wives' tale says that if you want to keep the doctor away then you should eat	a day.	False	n/a	n/a
534.421875	0.2	273624	255	filler_word	27	1	1	delong	unexpected	an	a	apple	carrot	82	0	4.87	2.23	The old wives' tale says that if you want to keep the doctor away then you should eat	a day.	False	n/a	n/a
534.90234375	0.2	273870	255	filler_word	27	1	1	delong	unexpected	an	a	apple	carrot	82	0	4.87	2.23	The old wives' tale says that if you want to keep the doctor away then you should eat	a day.	False	n/a	n/a
535.3828125	0.2	274116	255	filler_word	27	1	1	delong	unexpected	an	a	apple	carrot	82	0	4.87	2.23	The old wives' tale says that if you want to keep the doctor away then you should eat	a day.	False	n/a	n/a
535.861328125	0.2	274361	255	filler_word	27	1	1	delong	unexpected	an	a	apple	carrot	82	0	4.87	2.23	The old wives' tale says that if you want to keep the doctor away then you should eat	a day.	False	n/a	n/a
536.341796875	0.2	274607	255	filler_word	27	1	1	delong	unexpected	an	a	apple	carrot	82	0	4.87	2.23	The old wives' tale says that if you want to keep the doctor away then you should eat	a day.	False	n/a	n/a
536.822265625	0.2	274853	204	an_unexpected	27	1	1	delong	unexpected	an	a	apple	carrot	82	0	4.87	2.23	The old wives' tale says that if you want to keep the doctor away then you should eat	a day.	False	n/a	n/a
536.87109375	0.0	274878	5	cloze_marker	27	1	1	delong	unexpected	an	a	apple	carrot	82	0	4.87	2.23	The old wives' tale says that if you want to keep the doctor away then you should eat	a day.	False	n/a	n/a
537.115234375	0.0	275003	114	item_marker	28	14	1	delong	unexpected	a	an	student	artist	73	5	5.67	3.81	Betsy had no desire to enter the working world, so decided to stay at the university and remain	for a few more semesters.	True	Did Betsy find a job?	no
537.30078125	0.2	275098	206	noun_unexpected	28	14	1	delong	unexpected	a	an	student	artist	73	5	5.67	3.81	Betsy had no desire to enter the working world, so decided to stay at the university and remain	for a few more semesters.	True	Did Betsy find a job?	no
537.3515625	0.0	275124	200	cloze_marker	28	14	1	delong	unexpected	a	an	student	artist	73	5	5.67	3.81	Betsy had no desire to enter the working world, so decided to stay at the university and remain	for a few more semesters.	True	Did Betsy find a job?	no
537.595703125	0.0	275249	114	item_marker	29	14	1	delong	unexpected	a	an	student	artist	73	5	5.67	3.81	Betsy had no desire to enter the working world, so decided to stay at the university and remain	for a few more semesters.	True	Did Betsy find a job?	no
537.78125	0.2	275344	255	filler_word	29	14	1	delong	unexpected	a	an	student	artist	73	5	5.67	3.81	Betsy had no desire to enter the working world, so decided to stay at the university and remain	for a few more semesters.	True	Did Betsy find a job?	no
538.26171875	0.2	275590	255	filler_word	29	14	1	delong	unexpected	a	an	student	artist	73	5	5.67	3.81	Betsy had no desire to enter the working world, so decided to stay at the university and remain	for a few more semesters.	True	Did Betsy find a job?	no
538.740234375	0.2	275835	255	filler_word	29	14	1	delong	unexpected	a	an	student	artist	73	5	5.67	3.81	Betsy had no desire to enter the working world, so decided to stay at the university and remain	for a few more semesters.	True	Did Betsy find a job?	no
539.220703125	0.2	276081	255	filler_word	29	14	1	delong	unexpected	a	an	student	artist	73	5	5.67	3.81	Betsy had no desire to enter the working world, so decided to stay at the university and remain	for a few more semesters.	True	Did Betsy find a job?	no
539.701171875	0.2	276327	208	final_unexpected	29	14	1	delong	unexpected	a	an	student	artist	73	5	5.67	3.81	Betsy had no desire to enter the working world, so decided to stay at the university and remain	for a few more semesters.	True	Did Betsy find a job?	no
546.55078125	0.2	279834	255	filler_word	29	14	1	delong	unexpected	a	an	student	artist	73	5	5.67	3.81	Betsy had no desire to enter the working world, so decided to stay at the university and remain	for a few more semesters.	True	Did Betsy find a job?	no
547.03125	0.2	280080	255	filler_word	29	14	1	delong	unexpected	a	an	student	artist	73	5	5.67	3.81	Betsy had no desire to enter the working world, so decided to stay at the university and remain	for a few more semesters.	True	Did Betsy find a job?	no
547.51171875	0.2	280326	255	filler_word	29	14	1	delong	unexpected	a	an	student	artist	73	5	5.67	3.81	Betsy had no desire to enter the working world, so decided to stay at the university and remain	for a few more semesters.	True	Did Betsy find a job?	no
547.990234375	0.2	280571	255	filler_word	29	14	1	delong	unexpected	a	an	student	artist	73	5	5.67	3.81	Betsy had no desire to enter the working world, so decided to stay at the university and remain	for a few more semesters.	True	Did Betsy find a job?	no
548.470703125	0.2	280817	255	filler_word	29	14	1	delong	unexpected	a	an	student	artist	73	5	5.67	3.81	Betsy had no desire to enter the working world, so decided to stay at the university and remain	for a few more semesters.	True	Did Betsy find a job?	no
548.951171875	0.2	281063	255	filler_word	29	14	1	delong	unexpected	a	an	student	artist	73	5	5.67	3.81	Betsy had no desire to enter the working world, so decided to stay at the university and remain	for a few more semesters.	True	Did Betsy find a job?	no
549.4296875	0.2	281308	255	filler_word	29	14	1	delong	unexpected	a	an	student	artist	73	5	5.67	3.81	Betsy had no desire to enter the working world, so decided to stay at the university and remain	for a few more semesters.	True	Did Betsy find a job?	no
549.91015625	0.2	281554	255	filler_word	29	14	1	delong	unexpected	a	an	student	artist	73	5	5.67	3.81	Betsy had no desire to enter the working world, so decided to stay at the university and remain	for a few more semesters.	True	Did Betsy find a job?	no
550.390625	0.2	281800	255	filler_word	29	14	1	delong	unexpected	a	an	student	artist	73	5	5.67	3.81	Betsy had no desire to enter the working world, so decided to stay at the university and remain	for a few more semesters.	True	Did Betsy find a job?	no
550.869140625	0.2	282045	255	filler_word	29	14	1	delong	unexpected	a	an	student	artist	73	5	5.67	3.81	Betsy had no desire to enter the working world, so decided to stay at the university and remain	for a few more semesters.	True	Did Betsy find a job?	no
551.349609375	0.2	282291	255	filler_word	29	14	1	delong	unexpected	a	an	student	artist	73	5	5.67	3.81	Betsy had no desire to enter the working world, so decided to stay at the university and remain	for a few more semesters.	True	Did Betsy find a job?	no
551.830078125	0.2	282537	255	filler_word	29	14	1	delong	unexpected	a	an	student	artist	73	5	5.67	3.81	Betsy had no desire to enter the working world, so decided to stay at the university and remain	for a few more semesters.	True	Did Betsy find a job?	no
552.30859375	0.2	282782	255	filler_word	29	14	1	delong	unexpected	a	an	student	artist	73	5	5.67	3.81	Betsy had no desire to enter the working world, so decided to stay at the university and remain	for a few more semesters.	True	Did Betsy find a job?	no
552.7890625	0.2	283028	255	filler_word	29	14	1	delong	unexpected	a	an	student	artist	73	5	5.67	3.81	Betsy had no desire to enter the working world, so decided to stay at the university and remain	for a few more semesters.	True	Did Betsy find a job?	no
553.26953125	0.2	283274	255	filler_word	29	14	1	delong	unexpected	a	an	student	artist	73	5	5.67	3.81	Betsy had no desire to enter the working world, so decided to stay at the university and remain	for a few more semesters.	True	Did Betsy find a job?	no
553.748046875	0.2	283519	255	filler_word	29	14	1	delong	unexpected	a	an	student	artist	73	5	5.67	3.81	Betsy had no desire to enter the working world, so decided to stay at the university and remain	for a few more semesters.	True	Did Betsy find a job?	no
554.228515625	0.2	283765	201	a_expected	29	14	1	delong	unexpected	a	an	student	artist	73	5	5.67	3.81	Betsy had no desire to enter the working world, so decided to stay at the university and remain	for a few more semesters.	True	Did Betsy find a job?	no
554.279296875	0.0	283791	66	cloze_marker	29	14	1	delong	unexpected	a	an	student	artist	73	5	5.67	3.81	Betsy had no desire to enter the working world, so decided to stay at the university and remain	for a few more semesters.	True	Did Betsy find a job?	no
554.521484375	0.0	283915	112	item_marker	30	12	1	delong	expected	a	an	fish	octopus	66	2	5.8	4.0	Marge hated baiting the hook, but she knew that it was the only way to catch	without using a lure.	False	n/a	n/a
554.708984375	0.2	284011	205	noun_expected	30	12	1	delong	expected	a	an	fish	octopus	66	2	5.8	4.0	Marge hated baiting the hook, but she knew that it was the only way to catch	without using a lure.	False	n/a	n/a
554.7578125	0.0	284036	100	cloze_marker	30	12	1	delong	expected	a	an	fish	octopus	66	2	5.8	4.0	Marge hated baiting the hook, but she knew that it was the only way to catch	without using a lure.	False	n/a	n/a
555.001953125	0.0	284161	112	item_marker	31	12	1	delong	expected	a	an	fish	octopus	66	2	5.8	4.0	Marge hated baiting the hook, but she knew that it was the only way to catch	without using a lure.	False	n/a	n/a
555.1875	0.2	284256	255	filler_word	31	12	1	delong	expected	a	an	fish	octopus	66	2	5.8	4.0	Marge hated baiting the hook, but she knew that it was the only way to catch	without using a lure.	False	n/a	n/a
555.66796875	0.2	284502	255	filler_word	31	12	1	delong	expected	a	an	fish	octopus	66	2	5.8	4.0	Marge hated baiting the hook, but she knew that it was the only way to catch	without using a lure.	False	n/a	n/a
556.1484375	0.2	284748	255	filler_word	31	12	1	delong	expected	a	an	fish	octopus	66	2	5.8	4.0	Marge hated baiting the hook, but she knew that it was the only way to catch	without using a lure.	False	n/a	n/a
556.626953125	0.2	284993	207	final_expected	31	12	1	delong	expected	a	an	fish	octopus	66	2	5.8	4.0	Marge hated baiting the hook, but she knew that it was the only way to catch	without using a lure.	False	n/a	n/a
561.3203125	0.2	287396	255	filler_word	31	12	1	delong	expected	a	an	fish	octopus	66	2	5.8	4.0	Marge hated baiting the hook, but she knew that it was the only way to catch	without using a lure.	False	n/a	n/a
561.798828125	0.2	287641	255	filler_word	31	12	1	delong	expected	a	an	fish	octopus	66	2	5.8	4.0	Marge hated baiting the hook, but she knew that it was the only way to catch	without using a lure.	False	n/a	n/a
562.279296875	0.2	287887	255	filler_word	31	12	1	delong	expected	a	an	fish	octopus	66	2	5.8	4.0	Marge hated baiting the hook, but she knew that it was the only way to catch	without using a lure.	False	n/a	n/a
562.759765625	0.2	288133	255	filler_word	31	12	1	delong	expected	a	an	fish	octopus	66	2	5.8	4.0	Marge hated baiting the hook, but she knew that it was the only way to catch	without using a lure.	False	n/a	n/a
563.23828125	0.2	288378	255	filler_word	31	12	1	delong	expected	a	an	fish	octopus	66	2	5.8	4.0	Marge hated baiting the hook, but she knew that it was the only way to catch	without using a lure.	False	n/a	n/a
563.71875	0.2	288624	255	filler_word	31	12	1	delong	expected	a	an	fish	octopus	66	2	5.8	4.0	Marge hated baiting the hook, but she knew that it was the only way to catch	without using a lure.	False	n/a	n/a
564.19921875	0.2	288870	255	filler_word	31	12	1	delong	expected	a	an	fish	octopus	66	2	5.8	4.0	Marge hated baiting the hook, but she knew that it was the only way to catch	without using a lure.	False	n/a	n/a
564.677734375	0.2	289115	255	filler_word	31	12	1	delong	expected	a	an	fish	octopus	66	2	5.8	4.0	Marge hated baiting the hook, but she knew that it was the only way to catch	without using a lure.	False	n/a	n/a
565.158203125	0.2	289361	255	filler_word	31	12	1	delong	expected	a	an	fish	octopus	66	2	5.8	4.0	Marge hated baiting the hook, but she knew that it was the only way to catch	without using a lure.	False	n/a	n/a
565.638671875	0.2	289607	255	filler_word	31	12	1	delong	expected	a	an	fish	octopus	66	2	5.8	4.0	Marge hated baiting the hook, but she knew that it was the only way to catch	without using a lure.	False	n/a	n/a
566.1171875	0.2	289852	255	filler_word	31	12	1	delong	expected	a	an	fish	octopus	66	2	5.8	4.0	Marge hated baiting the hook, but she knew that it was the only way to catch	without using a lure.	False	n/a	n/a
566.59765625	0.2	290098	255	filler_word	31	12	1	delong	expected	a	an	fish	octopus	66	2	5.8	4.0	Marge hated baiting the hook, but she knew that it was the only way to catch	without using a lure.	False	n/a	n/a
567.078125	0.2	290344	255	filler_word	31	12	1	delong	expected	a	an	fish	octopus	66	2	5.8	4.0	Marge hated baiting the hook, but she knew that it was the only way to catch	without using a lure.	False	n/a	n/a
567.556640625	0.2	290589	255	filler_word	31	12	1	delong	expected	a	an	fish	octopus	66	2	5.8	4.0	Marge hated baiting the hook, but she knew that it was the only way to catch	without using a lure.	False	n/a	n/a
568.037109375	0.2	290835	255	filler_word	31	12	1	delong	expected	a	an	fish	octopus	66	2	5.8	4.0	Marge hated baiting the hook, but she knew that it was the only way to catch	without using a lure.	False	n/a	n/a
568.517578125	0.2	291081	201	a_expected	31	12	1	delong	expected	a	an	fish	octopus	66	2	5.8	4.0	Marge hated baiting the hook, but she knew that it was the only way to catch	without using a lure.	False	n/a	n/a
568.56640625	0.0	291106	86	cloze_marker	31	12	1	delong	expected	a	an	fish	octopus	66	2	5.8	4.0	Marge hated baiting the hook, but she knew that it was the only way to catch	without using a lure.	False	n/a	n/a
568.810546875	0.0	291231	104	item_marker	32	4	1	delong	expected	a	an	lisp	accent	86	0	5.97	4.16	Katie did not like to say words with the letter s because she spoke with	and was embarrassed.	False	n/a	n/a
568.99609375	0.2	291326	205	noun_expected	32	4	1	delong	expected	a	an	lisp	accent	86	0	5.97	4.16	Katie did not like to say words with the letter s because she spoke with	and was embarrassed.	False	n/a	n/a
569.046875	0.0	291352	93	cloze_marker	32	4	1	delong	expected	a	an	lisp	accent	86	0	5.97	4.16	Katie did not like to say words with the letter s because she spoke with	and was embarrassed.	False	n/a	n/a
569.2890625	0.0	291476	104	item_marker	33	4	1	delong	expected	a	an	lisp	accent	86	0	5.97	4.16	Katie did not like to say words with the letter s because she spoke with	and was embarrassed.	False	n/a	n/a
569.4765625	0.2	291572	255	filler_word	33	4	1	delong	expected	a	an	lisp	accent	86	0	5.97	4.16	Katie did not like to say words with the letter s because she spoke with	and was embarrassed.	False	n/a	n/a
569.95703125	0.2	291818	255	filler_word	33	4	1	delong	expected	a	an	lisp	accent	86	0	5.97	4.16	Katie did not like to say words with the letter s because she spoke with	and was embarrassed.	False	n/a	n/a
570.435546875	0.2	292063	207	final_expected	33	4	1	delong	expected	a	an	lisp	accent	86	0	5.97	4.16	Katie did not like to say words with the letter s because she spoke with	and was embarrassed.	False	n/a	n/a
573.474609375	0.2	293619	255	filler_word	33	4	1	delong	expected	a	an	lisp	accent	86	0	5.97	4.16	Katie did not like to say words with the letter s because she spoke with	and was embarrassed.	False	n/a	n/a
573.955078125	0.2	293865	255	filler_word	33	4	1	delong	expected	a	an	lisp	accent	86	0	5.97	4.16	Katie did not like to say words with the letter s because she spoke with	and was embarrassed.	False	n/a	n/a
574.435546875	0.2	294111	255	filler_word	33	4	1	delong	expected	a	an	lisp	accent	86	0	5.97	4.16	Katie did not like to say words with the letter s because she spoke with	and was embarrassed.	False	n/a	n/a
574.9140625	0.2	294356	255	filler_word	33	4	1	delong	expected	a	an	lisp	accent	86	0	5.97	4.16	Katie did not like to say words with the letter s because she spoke with	and was embarrassed.	False	n/a	n/a
575.39453125	0.2	294602	255	filler_word	33	4	1	delong	expected	a	an	lisp	accent	86	0	5.97	4.16	Katie did not like to say words with the letter s because she spoke with	and was embarrassed.	False	n/a	n/a
575.875	0.2	294848	255	filler_word	33	4	1	delong	expected	a	an	lisp	accent	86	0	5.97	4.16	Katie did not like to say words with the letter s because she spoke with	and was embarrassed.	False	n/a	n/a
576.353515625	0.2	295093	255	filler_word	33	4	1	delong	expected	a	an	lisp	accent	86	0	5.97	4.16	Katie did not like to say words with the letter s because she spoke with	and was embarrassed.	False	n/a	n/a
576.833984375	0.2	295339	255	filler_word	33	4	1	delong	expected	a	an	lisp	accent	86	0	5.97	4.16	Katie did not like to say words with the letter s because she spoke with	and was embarrassed.	False	n/a	n/a
577.314453125	0.2	295585	255	filler_word	33	4	1	delong	expected	a	an	lisp	accent	86	0	5.97	4.16	Katie did not like to say words with the letter s because she spoke with	and was embarrassed.	False	n/a	n/a
577.79296875	0.2	295830	255	filler_word	33	4	1	delong	expected	a	an	lisp	accent	86	0	5.97	4.16	Katie did not like to say words with the letter s because she spoke with	and was embarrassed.	False	n/a	n/a
578.2734375	0.2	296076	255	filler_word	33	4	1	delong	expected	a	an	lisp	accent	86	0	5.97	4.16	Katie did not like to say words with the letter s because she spoke with	and was embarrassed.	False	n/a	n/a
578.75390625	0.2	296322	255	filler_word	33	4	1	delong	expected	a	an	lisp	accent	86	0	5.97	4.16	Katie did not like to say words with the letter s because she spoke with	and was embarrassed.	False	n/a	n/a
579.232421875	0.2	296567	255	filler_word	33	4	1	delong	expected	a	an	lisp	accent	86	0	5.97	4.16	Katie did not like to say words with the letter s because she spoke with	and was embarrassed.	False	n/a	n/a
579.712890625	0.2	296813	255	filler_word	33	4	1	delong	expected	a	an	lisp	accent	86	0	5.97	4.16	Katie did not like to say words with the letter s because she spoke with	and was embarrassed.	False	n/a	n/a
580.193359375	0.2	297059	255	filler_word	33	4	1	delong	expected	a	an	lisp	accent	86	0	5.97	4.16	Katie did not like to say words with the letter s because she spoke with	and was embarrassed.	False	n/a	n/a
580.671875	0.2	297304	255	filler_word	33	4	1	delong	expected	a	an	lisp	accent	86	0	5.97	4.16	Katie did not like to say words with the letter s because she spoke with	and was embarrassed.	False	n/a	n/a
581.15234375	0.2	297550	255	filler_word	33	4	1	delong	expected	a	an	lisp	accent	86	0	5.97	4.16	Katie did not like to say words with the letter s because she spoke with	and was embarrassed.	False	n/a	n/a
581.6328125	0.2	297796	204	an_unexpected	33	4	1	delong	expected	a	an	lisp	accent	86	0	5.97	4.16	Katie did not like to say words with the letter s because she spoke with	and was embarrassed.	False	n/a	n/a
581.681640625	0.0	297821	200	cloze_marker	33	4	1	delong	expected	a	an	lisp	accent	86	0	5.97	4.16	Katie did not like to say words with the letter s because she spoke with	and was embarrassed.	False	n/a	n/a
581.92578125	0.0	297946	102	item_marker	34	2	1	delong	unexpected	a	an	carrot	apple	98	0	6.35	2.83	For the snowman's eyes the children used two pieces of coal, and for its nose they used	from the fridge.	True	Did they build a snowman?	yes
582.111328125	0.2	298041	206	noun_unexpected	34	2	1	delong	unexpected	a	an	carrot	apple	98	0	6.35	2.83	For the snowman's eyes the children used two pieces of coal, and for its nose they used	from the fridge.	True	Did they build a snowman?	yes
582.162109375	0.0	298067	3	cloze_marker	34	2	1	delong	unexpected	a	an	carrot	apple	98	0	6.35	2.83	For the snowman's eyes the children used two pieces of coal, and for its nose they used	from the fridge.	True	Did they build a snowman?	yes
582.404296875	0.0	298191	102	item_marker	35	2	1	delong	unexpected	a	an	carrot	apple	98	0	6.35	2.83	For the snowman's eyes the children used two pieces of coal, and for its nose they used	from the fridge.	True	Did they build a snowman?	yes
582.591796875	0.2	298287	255	filler_word	35	2	1	delong	unexpected	a	an	carrot	apple	98	0	6.35	2.83	For the snowman's eyes the children used two pieces of coal, and for its nose they used	from the fridge.	True	Did they build a snowman?	yes
583.072265625	0.2	298533	255	filler_word	35	2	1	delong	unexpected	a	an	carrot	apple	98	0	6.35	2.83	For the snowman's eyes the children used two pieces of coal, and for its nose they used	from the fridge.	True	Did they build a snowman?	yes
583.55078125	0.2	298778	208	final_unexpected	35	2	1	delong	unexpected	a	an	carrot	apple	98	0	6.35	2.83	For the snowman's eyes the children used two pieces of coal, and for its nose they used	from the fridge.	True	Did they build a snowman?	yes
589.388671875	0.2	301767	255	filler_word	35	2	1	delong	unexpected	a	an	carrot	apple	98	0	6.35	2.83	For the snowman's eyes the children used two pieces of coal, and for its nose they used	from the fridge.	True	Did they build a snowman?	yes
589.869140625	0.2	302013	255	filler_word	35	2	1	delong	unexpected	a	an	carrot	apple	98	0	6.35	2.83	For the snowman's eyes the children used two pieces of coal, and for its nose they used	from the fridge.	True	Did they build a snowman?	yes
590.349609375	0.2	302259	255	filler_word	35	2	1	delong	unexpected	a	an	carrot	apple	98	0	6.35	2.83	For the snowman's eyes the children used two pieces of coal, and for its nose they used	from the fridge.	True	Did they build a snowman?	yes
590.828125	0.2	302504	255	filler_word	35	2	1	delong	unexpected	a	an	carrot	apple	98	0	6.35	2.83	For the snowman's eyes the children used two pieces of coal, and for its nose they used	from the fridge.	True	Did they build a snowman?	yes
591.30859375	0.2	302750	255	filler_word	35	2	1	delong	unexpected	a	an	carrot	apple	98	0	6.35	2.83	For the snowman's eyes the children used two pieces of coal, and for its nose they used	from the fridge.	True	Did they build a snowman?	yes
591.7890625	0.2	302996	255	filler_word	35	2	1	delong	unexpected	a	an	carrot	apple	98	0	6.35	2.83	For the snowman's eyes the children used two pieces of coal, and for its nose they used	from the fridge.	True	Did they build a snowman?	yes
592.267578125	0.2	303241	255	filler_word	35	2	1	delong	unexpected	a	an	carrot	apple	98	0	6.35	2.83	For the snowman's eyes the children used two pieces of coal, and for its nose they used	from the fridge.	True	Did they build a snowman?	yes
592.748046875	0.2	303487	255	filler_word	35	2	1	delong	unexpected	a	an	carrot	apple	98	0	6.35	2.83	For the snowman's eyes the children used two pieces of coal, and for its nose they used	from the fridge.	True	Did they build a snowman?	yes
593.228515625	0.2	303733	255	filler_word	35	2	1	delong	unexpected	a	an	carrot	apple	98	0	6.35	2.83	For the snowman's eyes the children used two pieces of coal, and for its nose they used	from the fridge.	True	Did they build a snowman?	yes
593.70703125	0.2	303978	255	filler_word	35	2	1	delong	unexpected	a	an	carrot	apple	98	0	6.35	2.83	For the snowman's eyes the children used two pieces of coal, and for its nose they used	from the fridge.	True	Did they build a snowman?	yes
594.1875	0.2	304224	255	filler_word	35	2	1	delong	unexpected	a	an	carrot	apple	98	0	6.35	2.83	For the snowman's eyes the children used two pieces of coal, and for its nose they used	from the fridge.	True	Did they build a snowman?	yes
594.66796875	0.2	304470	255	filler_word	35	2	1	delong	unexpected	a	an	carrot	apple	98	0	6.35	2.83	For the snowman's eyes the children used two pieces of coal, and for its nose they used	from the fridge.	True	Did they build a snowman?	yes
595.146484375	0.2	304715	255	filler_word	35	2	1	delong	unexpected	a	an	carrot	apple	98	0	6.35	2.83	For the snowman's eyes the children used two pieces of coal, and for its nose they used	from the fridge.	True	Did they build a snowman?	yes
595.626953125	0.2	304961	204	an_unexpected	35	2	1	delong	unexpected	a	an	carrot	apple	98	0	6.35	2.83	For the snowman's eyes the children used two pieces of coal, and for its nose they used	from the fridge.	True	Did they build a snowman?	yes
595.677734375	0.0	304987	200	cloze_marker	35	2	1	delong	unexpected	a	an	carrot	apple	98	0	6.35	2.83	For the snowman's eyes the children used two pieces of coal, and for its nose they used	from the fridge.	True	Did they build a snowman?	yes
595.919921875	0.0	305111	106	item_marker	36	6	1	delong	unexpected	a	an	cheque	apology	93	0	4.53	2.32	The bakery did not accept credit cards so Peter would have to write	to the owner.	False	n/a	n/a
596.107421875	0.2	305207	206	noun_unexpected	36	6	1	delong	unexpected	a	an	cheque	apology	93	0	4.53	2.32	The bakery did not accept credit cards so Peter would have to write	to the owner.	False	n/a	n/a
596.15625	0.0	305232	200	cloze_marker	36	6	1	delong	unexpected	a	an	cheque	apology	93	0	4.53	2.32	The bakery did not accept credit cards so Peter would have to write	to the owner.	False	n/a	n/a
596.400390625	0.0	305357	106	item_marker	37	6	1	delong	unexpected	a	an	cheque	apology	93	0	4.53	2.32	The bakery did not accept credit cards so Peter would have to write	to the owner.	False	n/a	n/a
596.5859375	0.2	305452	255	filler_word	37	6	1	delong	unexpected	a	an	cheque	apology	93	0	4.53	2.32	The bakery did not accept credit cards so Peter would have to write	to the owner.	False	n/a	n/a
597.06640625	0.2	305698	255	filler_word	37	6	1	delong	unexpected	a	an	cheque	apology	93	0	4.53	2.32	The bakery did not accept credit cards so Peter would have to write	to the owner.	False	n/a	n/a
597.546875	0.2	305944	208	final_unexpected	37	6	1	delong	unexpected	a	an	cheque	apology	93	0	4.53	2.32	The bakery did not accept credit cards so Peter would have to write	to the owner.	False	n/a	n/a
600.931640625	0.2	307677	255	filler_word	37	6	1	delong	unexpected	a	an	cheque	apology	93	0	4.53	2.32	The bakery did not accept credit cards so Peter would have to write	to the owner.	False	n/a	n/a
601.412109375	0.2	307923	255	filler_word	37	6	1	delong	unexpected	a	an	cheque	apology	93	0	4.53	2.32	The bakery did not accept credit cards so Peter would have to write	to the owner.	False	n/a	n/a
601.890625	0.2	308168	255	filler_word	37	6	1	delong	unexpected	a	an	cheque	apology	93	0	4.53	2.32	The bakery did not accept credit cards so Peter would have to write	to the owner.	False	n/a	n/a
602.37109375	0.2	308414	255	filler_word	37	6	1	delong	unexpected	a	an	cheque	apology	93	0	4.53	2.32	The bakery did not accept credit cards so Peter would have to write	to the owner.	False	n/a	n/a
602.8515625	0.2	308660	255	filler_word	37	6	1	delong	unexpected	a	an	cheque	apology	93	0	4.53	2.32	The bakery did not accept credit cards so Peter would have to write	to the owner.	False	n/a	n/a
603.330078125	0.2	308905	255	filler_word	37	6	1	delong	unexpected	a	an	cheque	apology	93	0	4.53	2.32	The bakery did not accept credit cards so Peter would have to write	to the owner.	False	n/a	n/a
603.810546875	0.2	309151	255	filler_word	37	6	1	delong	unexpected	a	an	cheque	apology	93	0	4.53	2.32	The bakery did not accept credit cards so Peter would have to write	to the owner.	False	n/a	n/a
604.291015625	0.2	309397	255	filler_word	37	6	1	delong	unexpected	a	an	cheque	apology	93	0	4.53	2.32	The bakery did not accept credit cards so Peter would have to write	to the owner.	False	n/a	n/a
604.76953125	0.2	309642	255	filler_word	37	6	1	delong	unexpected	a	an	cheque	apology	93	0	4.53	2.32	The bakery did not accept credit cards so Peter would have to write	to the owner.	False	n/a	n/a
605.25	0.2	309888	255	filler_word	37	6	1	delong	unexpected	a	an	cheque	apology	93	0	4.53	2.32	The bakery did not accept credit cards so Peter would have to write	to the owner.	False	n/a	n/a
605.73046875	0.2	310134	255	filler_word	37	6	1	delong	unexpected	a	an	cheque	apology	93	0	4.53	2.32	The bakery did not accept credit cards so Peter would have to write	to the owner.	False	n/a	n/a
606.208984375	0.2	310379	255	filler_word	37	6	1	delong	unexpected	a	an	cheque	apology	93	0	4.53	2.32	The bakery did not accept credit cards so Peter would have to write	to the owner.	False	n/a	n/a
606.689453125	0.2	310625	255	filler_word	37	6	1	delong	unexpected	a	an	cheque	apology	93	0	4.53	2.32	The bakery did not accept credit cards so Peter would have to write	to the owner.	False	n/a	n/a
607.169921875	0.2	310871	255	filler_word	37	6	1	delong	unexpected	a	an	cheque	apology	93	0	4.53	2.32	The bakery did not accept credit cards so Peter would have to write	to the owner.	False	n/a	n/a
607.650390625	0.2	311117	255	filler_word	37	6	1	delong	unexpected	a	an	cheque	apology	93	0	4.53	2.32	The bakery did not accept credit cards so Peter would have to write	to the owner.	False	n/a	n/a
608.12890625	0.2	311362	201	a_expected	37	6	1	delong	unexpected	a	an	cheque	apology	93	0	4.53	2.32	The bakery did not accept credit cards so Peter would have to write	to the owner.	False	n/a	n/a
608.1796875	0.0	311388	75	cloze_marker	37	6	1	delong	unexpected	a	an	cheque	apology	93	0	4.53	2.32	The bakery did not accept credit cards so Peter would have to write	to the owner.	False	n/a	n/a
608.421875	0.0	311512	116	item_marker	38	16	1	delong	expected	a	an	book	education	75	2	6.48	2.27	James is an avid reader, so for his birthday his sister decided to give him	about Africa.	False	n/a	n/a
608.609375	0.2	311608	205	noun_expected	38	16	1	delong	expected	a	an	book	education	75	2	6.48	2.27	James is an avid reader, so for his birthday his sister decided to give him	about Africa.	False	n/a	n/a
608.658203125	0.0	311633	93	cloze_marker	38	16	1	delong	expected	a	an	book	education	75	2	6.48	2.27	James is an avid reader, so for his birthday his sister decided to give him	about Africa.	False	n/a	n/a
608.90234375	0.0	311758	116	item_marker	39	16	1	delong	expected	a	an	book	education	75	2	6.48	2.27	James is an avid reader, so for his birthday his sister decided to give him	about Africa.	False	n/a	n/a
609.08984375	0.2	311854	255	filler_word	39	16	1	delong	expected	a	an	book	education	75	2	6.48	2.27	James is an avid reader, so for his birthday his sister decided to give him	about Africa.	False	n/a	n/a
609.568359375	0.2	312099	207	final_expected	39	16	1	delong	expected	a	an	book	education	75	2	6.48	2.27	James is an avid reader, so for his birthday his sister decided to give him	about Africa.	False	n/a	n/a
680.822265625	0.2	348581	255	filler_word	39	16	1	delong	expected	a	an	book	education	75	2	6.48	2.27	James is an avid reader, so for his birthday his sister decided to give him	about Africa.	False	n/a	n/a
681.302734375	0.2	348827	255	filler_word	39	16	1	delong	expected	a	an	book	education	75	2	6.48	2.27	James is an avid reader, so for his birthday his sister decided to give him	about Africa.	False	n/a	n/a
681.783203125	0.2	349073	255	filler_word	39	16	1	delong	expected	a	an	book	education	75	2	6.48	2.27	James is an avid reader, so for his birthday his sister decided to give him	about Africa.	False	n/a	n/a
682.26171875	0.2	349318	255	filler_word	39	16	1	delong	expected	a	an	book	education	75	2	6.48	2.27	James is an avid reader, so for his birthday his sister decided to give him	about Africa.	False	n/a	n/a
682.7421875	0.2	349564	255	filler_word	39	16	1	delong	expected	a	an	book	education	75	2	6.48	2.27	James is an avid reader, so for his birthday his sister decided to give him	about Africa.	False	n/a	n/a
683.22265625	0.2	349810	255	filler_word	39	16	1	delong	expected	a	an	book	education	75	2	6.48	2.27	James is an avid reader, so for his birthday his sister decided to give him	about Africa.	False	n/a	n/a
683.701171875	0.2	350055	255	filler_word	39	16	1	delong	expected	a	an	book	education	75	2	6.48	2.27	James is an avid reader, so for his birthday his sister decided to give him	about Africa.	False	n/a	n/a
684.181640625	0.2	350301	255	filler_word	39	16	1	delong	expected	a	an	book	education	75	2	6.48	2.27	James is an avid reader, so for his birthday his sister decided to give him	about Africa.	False	n/a	n/a
684.662109375	0.2	350547	255	filler_word	39	16	1	delong	expected	a	an	book	education	75	2	6.48	2.27	James is an avid reader, so for his birthday his sister decided to give him	about Africa.	False	n/a	n/a
685.140625	0.2	350792	255	filler_word	39	16	1	delong	expected	a	an	book	education	75	2	6.48	2.27	James is an avid reader, so for his birthday his sister decided to give him	about Africa.	False	n/a	n/a
685.62109375	0.2	351038	255	filler_word	39	16	1	delong	expected	a	an	book	education	75	2	6.48	2.27	James is an avid reader, so for his birthday his sister decided to give him	about Africa.	False	n/a	n/a
686.1015625	0.2	351284	255	filler_word	39	16	1	delong	expected	a	an	book	education	75	2	6.48	2.27	James is an avid reader, so for his birthday his sister decided to give him	about Africa.	False	n/a	n/a
686.580078125	0.2	351529	255	filler_word	39	16	1	delong	expected	a	an	book	education	75	2	6.48	2.27	James is an avid reader, so for his birthday his sister decided to give him	about Africa.	False	n/a	n/a
687.060546875	0.2	351775	255	filler_word	39	16	1	delong	expected	a	an	book	education	75	2	6.48	2.27	James is an avid reader, so for his birthday his sister decided to give him	about Africa.	False	n/a	n/a
687.541015625	0.2	352021	255	filler_word	39	16	1	delong	expected	a	an	book	education	75	2	6.48	2.27	James is an avid reader, so for his birthday his sister decided to give him	about Africa.	False	n/a	n/a
688.01953125	0.2	352266	255	filler_word	39	16	1	delong	expected	a	an	book	education	75	2	6.48	2.27	James is an avid reader, so for his birthday his sister decided to give him	about Africa.	False	n/a	n/a
688.5	0.2	352512	255	filler_word	39	16	1	delong	expected	a	an	book	education	75	2	6.48	2.27	James is an avid reader, so for his birthday his sister decided to give him	about Africa.	False	n/a	n/a
688.98046875	0.2	352758	255	filler_word	39	16	1	delong	expected	a	an	book	education	75	2	6.48	2.27	James is an avid reader, so for his birthday his sister decided to give him	about Africa.	False	n/a	n/a
689.458984375	0.2	353003	255	filler_word	39	16	1	delong	expected	a	an	book	education	75	2	6.48	2.27	James is an avid reader, so for his birthday his sister decided to give him	about Africa.	False	n/a	n/a
689.939453125	0.2	353249	255	filler_word	39	16	1	delong	expected	a	an	book	education	75	2	6.48	2.27	James is an avid reader, so for his birthday his sister decided to give him	about Africa.	False	n/a	n/a
690.419921875	0.2	353495	255	filler_word	39	16	1	delong	expected	a	an	book	education	75	2	6.48	2.27	James is an avid reader, so for his birthday his sister decided to give him	about Africa.	False	n/a	n/a
690.8984375	0.2	353740	255	filler_word	39	16	1	delong	expected	a	an	book	education	75	2	6.48	2.27	James is an avid reader, so for his birthday his sister decided to give him	about Africa.	False	n/a	n/a
691.37890625	0.2	353986	255	filler_word	39	16	1	delong	expected	a	an	book	education	75	2	6.48	2.27	James is an avid reader, so for his birthday his sister decided to give him	about Africa.	False	n/a	n/a
691.859375	0.2	354232	255	filler_word	39	16	1	delong	expected	a	an	book	education	75	2	6.48	2.27	James is an avid reader, so for his birthday his sister decided to give him	about Africa.	False	n/a	n/a
692.337890625	0.2	354477	255	filler_word	39	16	1	delong	expected	a	an	book	education	75	2	6.48	2.27	James is an avid reader, so for his birthday his sister decided to give him	about Africa.	False	n/a	n/a
692.818359375	0.2	354723	255	filler_word	39	16	1	delong	expected	a	an	book	education	75	2	6.48	2.27	James is an avid reader, so for his birthday his sister decided to give him	about Africa.	False	n/a	n/a
693.298828125	0.2	354969	255	filler_word	39	16	1	delong	expected	a	an	book	education	75	2	6.48	2.27	James is an avid reader, so for his birthday his sister decided to give him	about Africa.	False	n/a	n/a
693.77734375	0.2	355214	255	filler_word	39	16	1	delong	expected	a	an	book	education	75	2	6.48	2.27	James is an avid reader, so for his birthday his sister decided to give him	about Africa.	False	n/a	n/a
694.2578125	0.2	355460	255	filler_word	39	16	1	delong	expected	a	an	book	education	75	2	6.48	2.27	James is an avid reader, so for his birthday his sister decided to give him	about Africa.	False	n/a	n/a
694.73828125	0.2	355706	203	a_unexpected	39	16	1	delong	expected	a	an	book	education	75	2	6.48	2.27	James is an avid reader, so for his birthday his sister decided to give him	about Africa.	False	n/a	n/a
694.787109375	0.0	355731	9	cloze_marker	39	16	1	delong	expected	a	an	book	education	75	2	6.48	2.27	James is an avid reader, so for his birthday his sister decided to give him	about Africa.	False	n/a	n/a
695.03125	0.0	355856	121	item_marker	40	21	1	delong	unexpected	an	a	allowance	pound	60	9	6.29	4.3	Instead of giving her money whenever she asked for it, Rachel's father thought that it would be a real lesson in economics for her if every week she received	to spend as she wished.	False	n/a	n/a
695.216796875	0.2	355951	206	noun_unexpected	40	21	1	delong	unexpected	an	a	allowance	pound	60	9	6.29	4.3	Instead of giving her money whenever she asked for it, Rachel's father thought that it would be a real lesson in economics for her if every week she received	to spend as she wished.	False	n/a	n/a
695.267578125	0.0	355977	3	cloze_marker	40	21	1	delong	unexpected	an	a	allowance	pound	60	9	6.29	4.3	Instead of giving her money whenever she asked for it, Rachel's father thought that it would be a real lesson in economics for her if every week she received	to spend as she wished.	False	n/a	n/a
695.51171875	0.0	356102	121	item_marker	41	21	1	delong	unexpected	an	a	allowance	pound	60	9	6.29	4.3	Instead of giving her money whenever she asked for it, Rachel's father thought that it would be a real lesson in economics for her if every week she received	to spend as she wished.	False	n/a	n/a
695.697265625	0.2	356197	255	filler_word	41	21	1	delong	unexpected	an	a	allowance	pound	60	9	6.29	4.3	Instead of giving her money whenever she asked for it, Rachel's father thought that it would be a real lesson in economics for her if every week she received	to spend as she wished.	False	n/a	n/a
696.177734375	0.2	356443	255	filler_word	41	21	1	delong	unexpected	an	a	allowance	pound	60	9	6.29	4.3	Instead of giving her money whenever she asked for it, Rachel's father thought that it would be a real lesson in economics for her if every week she received	to spend as she wished.	False	n/a	n/a
696.65625	0.2	356688	255	filler_word	41	21	1	delong	unexpected	an	a	allowance	pound	60	9	6.29	4.3	Instead of giving her money whenever she asked for it, Rachel's father thought that it would be a real lesson in economics for her if every week she received	to spend as she wished.	False	n/a	n/a
697.13671875	0.2	356934	255	filler_word	41	21	1	delong	unexpected	an	a	allowance	pound	60	9	6.29	4.3	Instead of giving her money whenever she asked for it, Rachel's father thought that it would be a real lesson in economics for her if every week she received	to spend as she wished.	False	n/a	n/a
697.6171875	0.2	357180	208	final_unexpected	41	21	1	delong	unexpected	an	a	allowance	pound	60	9	6.29	4.3	Instead of giving her money whenever she asked for it, Rachel's father thought that it would be a real lesson in economics for her if every week she received	to spend as she wished.	False	n/a	n/a
701.40234375	0.2	359118	255	filler_word	41	21	1	delong	unexpected	an	a	allowance	pound	60	9	6.29	4.3	Instead of giving her money whenever she asked for it, Rachel's father thought that it would be a real lesson in economics for her if every week she received	to spend as she wished.	False	n/a	n/a
701.8828125	0.2	359364	255	filler_word	41	21	1	delong	unexpected	an	a	allowance	pound	60	9	6.29	4.3	Instead of giving her money whenever she asked for it, Rachel's father thought that it would be a real lesson in economics for her if every week she received	to spend as she wished.	False	n/a	n/a
702.361328125	0.2	359609	255	filler_word	41	21	1	delong	unexpected	an	a	allowance	pound	60	9	6.29	4.3	Instead of giving her money whenever she asked for it, Rachel's father thought that it would be a real lesson in economics for her if every week she received	to spend as she wished.	False	n/a	n/a
702.841796875	0.2	359855	255	filler_word	41	21	1	delong	unexpected	an	a	allowance	pound	60	9	6.29	4.3	Instead of giving her money whenever she asked for it, Rachel's father thought that it would be a real lesson in economics for her if every week she received	to spend as she wished.	False	n/a	n/a
703.322265625	0.2	360101	255	filler_word	41	21	1	delong	unexpected	an	a	allowance	pound	60	9	6.29	4.3	Instead of giving her money whenever she asked for it, Rachel's father thought that it would be a real lesson in economics for her if every week she received	to spend as she wished.	False	n/a	n/a
703.80078125	0.2	360346	255	filler_word	41	21	1	delong	unexpected	an	a	allowance	pound	60	9	6.29	4.3	Instead of giving her money whenever she asked for it, Rachel's father thought that it would be a real lesson in economics for her if every week she received	to spend as she wished.	False	n/a	n/a
704.28125	0.2	360592	255	filler_word	41	21	1	delong	unexpected	an	a	allowance	pound	60	9	6.29	4.3	Instead of giving her money whenever she asked for it, Rachel's father thought that it would be a real lesson in economics for her if every week she received	to spend as she wished.	False	n/a	n/a
704.76171875	0.2	360838	255	filler_word	41	21	1	delong	unexpected	an	a	allowance	pound	60	9	6.29	4.3	Instead of giving her money whenever she asked for it, Rachel's father thought that it would be a real lesson in economics for her if every week she received	to spend as she wished.	False	n/a	n/a
705.240234375	0.2	361083	255	filler_word	41	21	1	delong	unexpected	an	a	allowance	pound	60	9	6.29	4.3	Instead of giving her money whenever she asked for it, Rachel's father thought that it would be a real lesson in economics for her if every week she received	to spend as she wished.	False	n/a	n/a
705.720703125	0.2	361329	255	filler_word	41	21	1	delong	unexpected	an	a	allowance	pound	60	9	6.29	4.3	Instead of giving her money whenever she asked for it, Rachel's father thought that it would be a real lesson in economics for her if every week she received	to spend as she wished.	False	n/a	n/a
706.201171875	0.2	361575	255	filler_word	41	21	1	delong	unexpected	an	a	allowance	pound	60	9	6.29	4.3	Instead of giving her money whenever she asked for it, Rachel's father thought that it would be a real lesson in economics for her if every week she received	to spend as she wished.	False	n/a	n/a
706.6796875	0.2	361820	255	filler_word	41	21	1	delong	unexpected	an	a	allowance	pound	60	9	6.29	4.3	Instead of giving her money whenever she asked for it, Rachel's father thought that it would be a real lesson in economics for her if every week she received	to spend as she wished.	False	n/a	n/a
707.16015625	0.2	362066	255	filler_word	41	21	1	delong	unexpected	an	a	allowance	pound	60	9	6.29	4.3	Instead of giving her money whenever she asked for it, Rachel's father thought that it would be a real lesson in economics for her if every week she received	to spend as she wished.	False	n/a	n/a
707.640625	0.2	362312	255	filler_word	41	21	1	delong	unexpected	an	a	allowance	pound	60	9	6.29	4.3	Instead of giving her money whenever she asked for it, Rachel's father thought that it would be a real lesson in economics for her if every week she received	to spend as she wished.	False	n/a	n/a
708.119140625	0.2	362557	255	filler_word	41	21	1	delong	unexpected	an	a	allowance	pound	60	9	6.29	4.3	Instead of giving her money whenever she asked for it, Rachel's father thought that it would be a real lesson in economics for her if every week she received	to spend as she wished.	False	n/a	n/a
708.599609375	0.2	362803	255	filler_word	41	21	1	delong	unexpected	an	a	allowance	pound	60	9	6.29	4.3	Instead of giving her money whenever she asked for it, Rachel's father thought that it would be a real lesson in economics for her if every week she received	to spend as she wished.	False	n/a	n/a
709.080078125	0.2	363049	255	filler_word	41	21	1	delong	unexpected	an	a	allowance	pound	60	9	6.29	4.3	Instead of giving her money whenever she asked for it, Rachel's father thought that it would be a real lesson in economics for her if every week she received	to spend as she wished.	False	n/a	n/a
709.55859375	0.2	363294	201	a_expected	41	21	1	delong	unexpected	an	a	allowance	pound	60	9	6.29	4.3	Instead of giving her money whenever she asked for it, Rachel's father thought that it would be a real lesson in economics for her if every week she received	to spend as she wished.	False	n/a	n/a
709.609375	0.0	363320	75	cloze_marker	41	21	1	delong	unexpected	an	a	allowance	pound	60	9	6.29	4.3	Instead of giving her money whenever she asked for it, Rachel's father thought that it would be a real lesson in economics for her if every week she received	to spend as she wished.	False	n/a	n/a
709.8515625	0.0	363444	124	item_marker	42	24	1	delong	expected	a	an	fire	emergency	75	0	5.6	6.06	Harris saw smoke billowing out of his neighbours' home and immediately got on the phone to report	at their address.	True	Did Harris see smoke?	yes
710.0390625	0.2	363540	205	noun_expected	42	24	1	delong	expected	a	an	fire	emergency	75	0	5.6	6.06	Harris saw smoke billowing out of his neighbours' home and immediately got on the phone to report	at their address.	True	Did Harris see smoke?	yes
710.08984375	0.0	363566	93	cloze_marker	42	24	1	delong	expected	a	an	fire	emergency	75	0	5.6	6.06	Harris saw smoke billowing out of his neighbours' home and immediately got on the phone to report	at their address.	True	Did Harris see smoke?	yes
710.33203125	0.0	363690	124	item_marker	43	24	1	delong	expected	a	an	fire	emergency	75	0	5.6	6.06	Harris saw smoke billowing out of his neighbours' home and immediately got on the phone to report	at their address.	True	Did Harris see smoke?	yes
710.51953125	0.2	363786	255	filler_word	43	24	1	delong	expected	a	an	fire	emergency	75	0	5.6	6.06	Harris saw smoke billowing out of his neighbours' home and immediately got on the phone to report	at their address.	True	Did Harris see smoke?	yes
710.998046875	0.2	364031	255	filler_word	43	24	1	delong	expected	a	an	fire	emergency	75	0	5.6	6.06	Harris saw smoke billowing out of his neighbours' home and immediately got on the phone to report	at their address.	True	Did Harris see smoke?	yes
711.478515625	0.2	364277	207	final_expected	43	24	1	delong	expected	a	an	fire	emergency	75	0	5.6	6.06	Harris saw smoke billowing out of his neighbours' home and immediately got on the phone to report	at their address.	True	Did Harris see smoke?	yes
717.236328125	0.2	367225	255	filler_word	43	24	1	delong	expected	a	an	fire	emergency	75	0	5.6	6.06	Harris saw smoke billowing out of his neighbours' home and immediately got on the phone to report	at their address.	True	Did Harris see smoke?	yes
717.716796875	0.2	367471	255	filler_word	43	24	1	delong	expected	a	an	fire	emergency	75	0	5.6	6.06	Harris saw smoke billowing out of his neighbours' home and immediately got on the phone to report	at their address.	True	Did Harris see smoke?	yes
718.1953125	0.2	367716	255	filler_word	43	24	1	delong	expected	a	an	fire	emergency	75	0	5.6	6.06	Harris saw smoke billowing out of his neighbours' home and immediately got on the phone to report	at their address.	True	Did Harris see smoke?	yes
718.67578125	0.2	367962	255	filler_word	43	24	1	delong	expected	a	an	fire	emergency	75	0	5.6	6.06	Harris saw smoke billowing out of his neighbours' home and immediately got on the phone to report	at their address.	True	Did Harris see smoke?	yes
719.15625	0.2	368208	255	filler_word	43	24	1	delong	expected	a	an	fire	emergency	75	0	5.6	6.06	Harris saw smoke billowing out of his neighbours' home and immediately got on the phone to report	at their address.	True	Did Harris see smoke?	yes
719.634765625	0.2	368453	255	filler_word	43	24	1	delong	expected	a	an	fire	emergency	75	0	5.6	6.06	Harris saw smoke billowing out of his neighbours' home and immediately got on the phone to report	at their address.	True	Did Harris see smoke?	yes
720.115234375	0.2	368699	255	filler_word	43	24	1	delong	expected	a	an	fire	emergency	75	0	5.6	6.06	Harris saw smoke billowing out of his neighbours' home and immediately got on the phone to report	at their address.	True	Did Harris see smoke?	yes
720.595703125	0.2	368945	255	filler_word	43	24	1	delong	expected	a	an	fire	emergency	75	0	5.6	6.06	Harris saw smoke billowing out of his neighbours' home and immediately got on the phone to report	at their address.	True	Did Harris see smoke?	yes
721.07421875	0.2	369190	255	filler_word	43	24	1	delong	expected	a	an	fire	emergency	75	0	5.6	6.06	Harris saw smoke billowing out of his neighbours' home and immediately got on the phone to report	at their address.	True	Did Harris see smoke?	yes
721.5546875	0.2	369436	255	filler_word	43	24	1	delong	expected	a	an	fire	emergency	75	0	5.6	6.06	Harris saw smoke billowing out of his neighbours' home and immediately got on the phone to report	at their address.	True	Did Harris see smoke?	yes
722.03515625	0.2	369682	255	filler_word	43	24	1	delong	expected	a	an	fire	emergency	75	0	5.6	6.06	Harris saw smoke billowing out of his neighbours' home and immediately got on the phone to report	at their address.	True	Did Harris see smoke?	yes
722.513671875	0.2	369927	255	filler_word	43	24	1	delong	expected	a	an	fire	emergency	75	0	5.6	6.06	Harris saw smoke billowing out of his neighbours' home and immediately got on the phone to report	at their address.	True	Did Harris see smoke?	yes
722.994140625	0.2	370173	255	filler_word	43	24	1	delong	expected	a	an	fire	emergency	75	0	5.6	6.06	Harris saw smoke billowing out of his neighbours' home and immediately got on the phone to report	at their address.	True	Did Harris see smoke?	yes
723.474609375	0.2	370419	255	filler_word	43	24	1	delong	expected	a	an	fire	emergency	75	0	5.6	6.06	Harris saw smoke billowing out of his neighbours' home and immediately got on the phone to report	at their address.	True	Did Harris see smoke?	yes
723.953125	0.2	370664	255	filler_word	43	24	1	delong	expected	a	an	fire	emergency	75	0	5.6	6.06	Harris saw smoke billowing out of his neighbours' home and immediately got on the phone to report	at their address.	True	Did Harris see smoke?	yes
724.43359375	0.2	370910	255	filler_word	43	24	1	delong	expected	a	an	fire	emergency	75	0	5.6	6.06	Harris saw smoke billowing out of his neighbours' home and immediately got on the phone to report	at their address.	True	Did Harris see smoke?	yes
724.9140625	0.2	371156	255	filler_word	43	24	1	delong	expected	a	an	fire	emergency	75	0	5.6	6.06	Harris saw smoke billowing out of his neighbours' home and immediately got on the phone to report	at their address.	True	Did Harris see smoke?	yes
725.392578125	0.2	371401	255	filler_word	43	24	1	delong	expected	a	an	fire	emergency	75	0	5.6	6.06	Harris saw smoke billowing out of his neighbours' home and immediately got on the phone to report	at their address.	True	Did Harris see smoke?	yes
725.873046875	0.2	371647	255	filler_word	43	24	1	delong	expected	a	an	fire	emergency	75	0	5.6	6.06	Harris saw smoke billowing out of his neighbours' home and immediately got on the phone to report	at their address.	True	Did Harris see smoke?	yes
726.353515625	0.2	371893	255	filler_word	43	24	1	delong	expected	a	an	fire	emergency	75	0	5.6	6.06	Harris saw smoke billowing out of his neighbours' home and immediately got on the phone to report	at their address.	True	Did Harris see smoke?	yes
726.83203125	0.2	372138	255	filler_word	43	24	1	delong	expected	a	an	fire	emergency	75	0	5.6	6.06	Harris saw smoke billowing out of his neighbours' home and immediately got on the phone to report	at their address.	True	Did Harris see smoke?	yes
727.3125	0.2	372384	255	filler_word	43	24	1	delong	expected	a	an	fire	emergency	75	0	5.6	6.06	Harris saw smoke billowing out of his neighbours' home and immediately got on the phone to report	at their address.	True	Did Harris see smoke?	yes
727.79296875	0.2	372630	203	a_unexpected	43	24	1	delong	expected	a	an	fire	emergency	75	0	5.6	6.06	Harris saw smoke billowing out of his neighbours' home and immediately got on the phone to report	at their address.	True	Did Harris see smoke?	yes
727.841796875	0.0	372655	2	cloze_marker	43	24	1	delong	expected	a	an	fire	emergency	75	0	5.6	6.06	Harris saw smoke billowing out of his neighbours' home and immediately got on the phone to report	at their address.	True	Did Harris see smoke?	yes
728.0859375	0.0	372780	125	item_marker	44	25	1	delong	unexpected	an	a	iron	hanger	59	2	6.27	4.48	Charlie's wife told him that she was tired of pressing his shirts and that he would have to learn how to use	one of these days.	False	n/a	n/a
728.271484375	0.2	372875	206	noun_unexpected	44	25	1	delong	unexpected	an	a	iron	hanger	59	2	6.27	4.48	Charlie's wife told him that she was tired of pressing his shirts and that he would have to learn how to use	one of these days.	False	n/a	n/a
728.322265625	0.0	372901	200	cloze_marker	44	25	1	delong	unexpected	an	a	iron	hanger	59	2	6.27	4.48	Charlie's wife told him that she was tired of pressing his shirts and that he would have to learn how to use	one of these days.	False	n/a	n/a
728.56640625	0.0	373026	125	item_marker	45	25	1	delong	unexpected	an	a	iron	hanger	59	2	6.27	4.48	Charlie's wife told him that she was tired of pressing his shirts and that he would have to learn how to use	one of these days.	False	n/a	n/a
728.751953125	0.2	373121	255	filler_word	45	25	1	delong	unexpected	an	a	iron	hanger	59	2	6.27	4.48	Charlie's wife told him that she was tired of pressing his shirts and that he would have to learn how to use	one of these days.	False	n/a	n/a
729.232421875	0.2	373367	255	filler_word	45	25	1	delong	unexpected	an	a	iron	hanger	59	2	6.27	4.48	Charlie's wife told him that she was tired of pressing his shirts and that he would have to learn how to use	one of these days.	False	n/a	n/a
729.7109375	0.2	373612	255	filler_word	45	25	1	delong	unexpected	an	a	iron	hanger	59	2	6.27	4.48	Charlie's wife told him that she was tired of pressing his shirts and that he would have to learn how to use	one of these days.	False	n/a	n/a
730.19140625	0.2	373858	208	final_unexpected	45	25	1	delong	unexpected	an	a	iron	hanger	59	2	6.27	4.48	Charlie's wife told him that she was tired of pressing his shirts and that he would have to learn how to use	one of these days.	False	n/a	n/a
733.791015625	0.2	375701	255	filler_word	45	25	1	delong	unexpected	an	a	iron	hanger	59	2	6.27	4.48	Charlie's wife told him that she was tired of pressing his shirts and that he would have to learn how to use	one of these days.	False	n/a	n/a
734.26953125	0.2	375946	255	filler_word	45	25	1	delong	unexpected	an	a	iron	hanger	59	2	6.27	4.48	Charlie's wife told him that she was tired of pressing his shirts and that he would have to learn how to use	one of these days.	False	n/a	n/a
734.75	0.2	376192	255	filler_word	45	25	1	delong	unexpected	an	a	iron	hanger	59	2	6.27	4.48	Charlie's wife told him that she was tired of pressing his shirts and that he would have to learn how to use	one of these days.	False	n/a	n/a
735.23046875	0.2	376438	255	filler_word	45	25	1	delong	unexpected	an	a	iron	hanger	59	2	6.27	4.48	Charlie's wife told him that she was tired of pressing his shirts and that he would have to learn how to use	one of these days.	False	n/a	n/a
735.708984375	0.2	376683	255	filler_word	45	25	1	delong	unexpected	an	a	iron	hanger	59	2	6.27	4.48	Charlie's wife told him that she was tired of pressing his shirts and that he would have to learn how to use	one of these days.	False	n/a	n/a
736.189453125	0.2	376929	255	filler_word	45	25	1	delong	unexpected	an	a	iron	hanger	59	2	6.27	4.48	Charlie's wife told him that she was tired of pressing his shirts and that he would have to learn how to use	one of these days.	False	n/a	n/a
736.669921875	0.2	377175	255	filler_word	45	25	1	delong	unexpected	an	a	iron	hanger	59	2	6.27	4.48	Charlie's wife told him that she was tired of pressing his shirts and that he would have to learn how to use	one of these days.	False	n/a	n/a
737.1484375	0.2	377420	255	filler_word	45	25	1	delong	unexpected	an	a	iron	hanger	59	2	6.27	4.48	Charlie's wife told him that she was tired of pressing his shirts and that he would have to learn how to use	one of these days.	False	n/a	n/a
737.62890625	0.2	377666	255	filler_word	45	25	1	delong	unexpected	an	a	iron	hanger	59	2	6.27	4.48	Charlie's wife told him that she was tired of pressing his shirts and that he would have to learn how to use	one of these days.	False	n/a	n/a
738.109375	0.2	377912	255	filler_word	45	25	1	delong	unexpected	an	a	iron	hanger	59	2	6.27	4.48	Charlie's wife told him that she was tired of pressing his shirts and that he would have to learn how to use	one of these days.	False	n/a	n/a
738.587890625	0.2	378157	255	filler_word	45	25	1	delong	unexpected	an	a	iron	hanger	59	2	6.27	4.48	Charlie's wife told him that she was tired of pressing his shirts and that he would have to learn how to use	one of these days.	False	n/a	n/a
739.068359375	0.2	378403	255	filler_word	45	25	1	delong	unexpected	an	a	iron	hanger	59	2	6.27	4.48	Charlie's wife told him that she was tired of pressing his shirts and that he would have to learn how to use	one of these days.	False	n/a	n/a
739.548828125	0.2	378649	255	filler_word	45	25	1	delong	unexpected	an	a	iron	hanger	59	2	6.27	4.48	Charlie's wife told him that she was tired of pressing his shirts and that he would have to learn how to use	one of these days.	False	n/a	n/a
740.02734375	0.2	378894	255	filler_word	45	25	1	delong	unexpected	an	a	iron	hanger	59	2	6.27	4.48	Charlie's wife told him that she was tired of pressing his shirts and that he would have to learn how to use	one of these days.	False	n/a	n/a
740.5078125	0.2	379140	255	filler_word	45	25	1	delong	unexpected	an	a	iron	hanger	59	2	6.27	4.48	Charlie's wife told him that she was tired of pressing his shirts and that he would have to learn how to use	one of these days.	False	n/a	n/a
740.98828125	0.2	379386	202	an_expected	45	25	1	delong	unexpected	an	a	iron	hanger	59	2	6.27	4.48	Charlie's wife told him that she was tired of pressing his shirts and that he would have to learn how to use	one of these days.	False	n/a	n/a
741.037109375	0.0	379411	70	cloze_marker	45	25	1	delong	unexpected	an	a	iron	hanger	59	2	6.27	4.48	Charlie's wife told him that she was tired of pressing his shirts and that he would have to learn how to use	one of these days.	False	n/a	n/a
741.28125	0.0	379536	127	item_marker	46	27	1	delong	expected	an	a	accident	race	70	27	5.45	2.3	No matter how safely you drive your car chances are someday you'll be involved in	with another vehicle.	False	n/a	n/a
741.466796875	0.2	379631	205	noun_expected	46	27	1	delong	expected	an	a	accident	race	70	27	5.45	2.3	No matter how safely you drive your car chances are someday you'll be involved in	with another vehicle.	False	n/a	n/a
741.517578125	0.0	379657	97	cloze_marker	46	27	1	delong	expected	an	a	accident	race	70	27	5.45	2.3	No matter how safely you drive your car chances are someday you'll be involved in	with another vehicle.	False	n/a	n/a
741.76171875	0.0	379782	127	item_marker	47	27	1	delong	expected	an	a	accident	race	70	27	5.45	2.3	No matter how safely you drive your car chances are someday you'll be involved in	with another vehicle.	False	n/a	n/a
741.947265625	0.2	379877	255	filler_word	47	27	1	delong	expected	an	a	accident	race	70	27	5.45	2.3	No matter how safely you drive your car chances are someday you'll be involved in	with another vehicle.	False	n/a	n/a
742.427734375	0.2	380123	255	filler_word	47	27	1	delong	expected	an	a	accident	race	70	27	5.45	2.3	No matter how safely you drive your car chances are someday you'll be involved in	with another vehicle.	False	n/a	n/a
742.90625	0.2	380368	207	final_expected	47	27	1	delong	expected	an	a	accident	race	70	27	5.45	2.3	No matter how safely you drive your car chances are someday you'll be involved in	with another vehicle.	False	n/a	n/a
746.265625	0.2	382088	255	filler_word	47	27	1	delong	expected	an	a	accident	race	70	27	5.45	2.3	No matter how safely you drive your car chances are someday you'll be involved in	with another vehicle.	False	n/a	n/a
746.74609375	0.2	382334	255	filler_word	47	27	1	delong	expected	an	a	accident	race	70	27	5.45	2.3	No matter how safely you drive your car chances are someday you'll be involved in	with another vehicle.	False	n/a	n/a
747.224609375	0.2	382579	255	filler_word	47	27	1	delong	expected	an	a	accident	race	70	27	5.45	2.3	No matter how safely you drive your car chances are someday you'll be involved in	with another vehicle.	False	n/a	n/a
747.705078125	0.2	382825	255	filler_word	47	27	1	delong	expected	an	a	accident	race	70	27	5.45	2.3	No matter how safely you drive your car chances are someday you'll be involved in	with another vehicle.	False	n/a	n/a
748.185546875	0.2	383071	255	filler_word	47	27	1	delong	expected	an	a	accident	race	70	27	5.45	2.3	No matter how safely you drive your car chances are someday you'll be involved in	with another vehicle.	False	n/a	n/a
748.6640625	0.2	383316	255	filler_word	47	27	1	delong	expected	an	a	accident	race	70	27	5.45	2.3	No matter how safely you drive your car chances are someday you'll be involved in	with another vehicle.	False	n/a	n/a
749.14453125	0.2	383562	255	filler_word	47	27	1	delong	expected	an	a	accident	race	70	27	5.45	2.3	No matter how safely you drive your car chances are someday you'll be involved in	with another vehicle.	False	n/a	n/a
749.625	0.2	383808	255	filler_word	47	27	1	delong	expected	an	a	accident	race	70	27	5.45	2.3	No matter how safely you drive your car chances are someday you'll be involved in	with another vehicle.	False	n/a	n/a
750.10546875	0.2	384054	255	filler_word	47	27	1	delong	expected	an	a	accident	race	70	27	5.45	2.3	No matter how safely you drive your car chances are someday you'll be involved in	with another vehicle.	False	n/a	n/a
750.583984375	0.2	384299	255	filler_word	47	27	1	delong	expected	an	a	accident	race	70	27	5.45	2.3	No matter how safely you drive your car chances are someday you'll be involved in	with another vehicle.	False	n/a	n/a
751.064453125	0.2	384545	255	filler_word	47	27	1	delong	expected	an	a	accident	race	70	27	5.45	2.3	No matter how safely you drive your car chances are someday you'll be involved in	with another vehicle.	False	n/a	n/a
751.544921875	0.2	384791	255	filler_word	47	27	1	delong	expected	an	a	accident	race	70	27	5.45	2.3	No matter how safely you drive your car chances are someday you'll be involved in	with another vehicle.	False	n/a	n/a
752.0234375	0.2	385036	255	filler_word	47	27	1	delong	expected	an	a	accident	race	70	27	5.45	2.3	No matter how safely you drive your car chances are someday you'll be involved in	with another vehicle.	False	n/a	n/a
752.50390625	0.2	385282	255	filler_word	47	27	1	delong	expected	an	a	accident	race	70	27	5.45	2.3	No matter how safely you drive your car chances are someday you'll be involved in	with another vehicle.	False	n/a	n/a
752.984375	0.2	385528	204	an_unexpected	47	27	1	delong	expected	an	a	accident	race	70	27	5.45	2.3	No matter how safely you drive your car chances are someday you'll be involved in	with another vehicle.	False	n/a	n/a
753.033203125	0.0	385553	200	cloze_marker	47	27	1	delong	expected	an	a	accident	race	70	27	5.45	2.3	No matter how safely you drive your car chances are someday you'll be involved in	with another vehicle.	False	n/a	n/a
753.27734375	0.0	385678	138	item_marker	48	38	1	delong	unexpected	a	an	plumber	architect	93	0	6.1	2.1	When the pipe broke in the bathroom Felicia looked through the phonebook to find	who could come and take a look at the job.	False	n/a	n/a
753.462890625	0.2	385773	206	noun_unexpected	48	38	1	delong	unexpected	a	an	plumber	architect	93	0	6.1	2.1	When the pipe broke in the bathroom Felicia looked through the phonebook to find	who could come and take a look at the job.	False	n/a	n/a
753.513671875	0.0	385799	200	cloze_marker	48	38	1	delong	unexpected	a	an	plumber	architect	93	0	6.1	2.1	When the pipe broke in the bathroom Felicia looked through the phonebook to find	who could come and take a look at the job.	False	n/a	n/a
753.755859375	0.0	385923	138	item_marker	49	38	1	delong	unexpected	a	an	plumber	architect	93	0	6.1	2.1	When the pipe broke in the bathroom Felicia looked through the phonebook to find	who could come and take a look at the job.	False	n/a	n/a
753.943359375	0.2	386019	255	filler_word	49	38	1	delong	unexpected	a	an	plumber	architect	93	0	6.1	2.1	When the pipe broke in the bathroom Felicia looked through the phonebook to find	who could come and take a look at the job.	False	n/a	n/a
754.423828125	0.2	386265	255	filler_word	49	38	1	delong	unexpected	a	an	plumber	architect	93	0	6.1	2.1	When the pipe broke in the bathroom Felicia looked through the phonebook to find	who could come and take a look at the job.	False	n/a	n/a
754.90234375	0.2	386510	255	filler_word	49	38	1	delong	unexpected	a	an	plumber	architect	93	0	6.1	2.1	When the pipe broke in the bathroom Felicia looked through the phonebook to find	who could come and take a look at the job.	False	n/a	n/a
755.3828125	0.2	386756	255	filler_word	49	38	1	delong	unexpected	a	an	plumber	architect	93	0	6.1	2.1	When the pipe broke in the bathroom Felicia looked through the phonebook to find	who could come and take a look at the job.	False	n/a	n/a
755.86328125	0.2	387002	255	filler_word	49	38	1	delong	unexpected	a	an	plumber	architect	93	0	6.1	2.1	When the pipe broke in the bathroom Felicia looked through the phonebook to find	who could come and take a look at the job.	False	n/a	n/a
756.341796875	0.2	387247	255	filler_word	49	38	1	delong	unexpected	a	an	plumber	architect	93	0	6.1	2.1	When the pipe broke in the bathroom Felicia looked through the phonebook to find	who could come and take a look at the job.	False	n/a	n/a
756.822265625	0.2	387493	255	filler_word	49	38	1	delong	unexpected	a	an	plumber	architect	93	0	6.1	2.1	When the pipe broke in the bathroom Felicia looked through the phonebook to find	who could come and take a look at the job.	False	n/a	n/a
757.302734375	0.2	387739	255	filler_word	49	38	1	delong	unexpected	a	an	plumber	architect	93	0	6.1	2.1	When the pipe broke in the bathroom Felicia looked through the phonebook to find	who could come and take a look at the job.	False	n/a	n/a
757.78125	0.2	387984	255	filler_word	49	38	1	delong	unexpected	a	an	plumber	architect	93	0	6.1	2.1	When the pipe broke in the bathroom Felicia looked through the phonebook to find	who could come and take a look at the job.	False	n/a	n/a
758.26171875	0.2	388230	208	final_unexpected	49	38	1	delong	unexpected	a	an	plumber	architect	93	0	6.1	2.1	When the pipe broke in the bathroom Felicia looked through the phonebook to find	who could come and take a look at the job.	False	n/a	n/a
761.9140625	0.2	390100	255	filler_word	49	38	1	delong	unexpected	a	an	plumber	architect	93	0	6.1	2.1	When the pipe broke in the bathroom Felicia looked through the phonebook to find	who could come and take a look at the job.	False	n/a	n/a
762.392578125	0.2	390345	255	filler_word	49	38	1	delong	unexpected	a	an	plumber	architect	93	0	6.1	2.1	When the pipe broke in the bathroom Felicia looked through the phonebook to find	who could come and take a look at the job.	False	n/a	n/a
762.873046875	0.2	390591	255	filler_word	49	38	1	delong	unexpected	a	an	plumber	architect	93	0	6.1	2.1	When the pipe broke in the bathroom Felicia looked through the phonebook to find	who could come and take a look at the job.	False	n/a	n/a
763.353515625	0.2	390837	255	filler_word	49	38	1	delong	unexpected	a	an	plumber	architect	93	0	6.1	2.1	When the pipe broke in the bathroom Felicia looked through the phonebook to find	who could come and take a look at the job.	False	n/a	n/a
763.83203125	0.2	391082	255	filler_word	49	38	1	delong	unexpected	a	an	plumber	architect	93	0	6.1	2.1	When the pipe broke in the bathroom Felicia looked through the phonebook to find	who could come and take a look at the job.	False	n/a	n/a
764.3125	0.2	391328	255	filler_word	49	38	1	delong	unexpected	a	an	plumber	architect	93	0	6.1	2.1	When the pipe broke in the bathroom Felicia looked through the phonebook to find	who could come and take a look at the job.	False	n/a	n/a
764.79296875	0.2	391574	255	filler_word	49	38	1	delong	unexpected	a	an	plumber	architect	93	0	6.1	2.1	When the pipe broke in the bathroom Felicia looked through the phonebook to find	who could come and take a look at the job.	False	n/a	n/a
765.271484375	0.2	391819	255	filler_word	49	38	1	delong	unexpected	a	an	plumber	architect	93	0	6.1	2.1	When the pipe broke in the bathroom Felicia looked through the phonebook to find	who could come and take a look at the job.	False	n/a	n/a
765.751953125	0.2	392065	255	filler_word	49	38	1	delong	unexpected	a	an	plumber	architect	93	0	6.1	2.1	When the pipe broke in the bathroom Felicia looked through the phonebook to find	who could come and take a look at the job.	False	n/a	n/a
766.232421875	0.2	392311	255	filler_word	49	38	1	delong	unexpected	a	an	plumber	architect	93	0	6.1	2.1	When the pipe broke in the bathroom Felicia looked through the phonebook to find	who could come and take a look at the job.	False	n/a	n/a
766.7109375	0.2	392556	255	filler_word	49	38	1	delong	unexpected	a	an	plumber	architect	93	0	6.1	2.1	When the pipe broke in the bathroom Felicia looked through the phonebook to find	who could come and take a look at the job.	False	n/a	n/a
767.19140625	0.2	392802	255	filler_word	49	38	1	delong	unexpected	a	an	plumber	architect	93	0	6.1	2.1	When the pipe broke in the bathroom Felicia looked through the phonebook to find	who could come and take a look at the job.	False	n/a	n/a
767.671875	0.2	393048	255	filler_word	49	38	1	delong	unexpected	a	an	plumber	architect	93	0	6.1	2.1	When the pipe broke in the bathroom Felicia looked through the phonebook to find	who could come and take a look at the job.	False	n/a	n/a
768.150390625	0.2	393293	255	filler_word	49	38	1	delong	unexpected	a	an	plumber	architect	93	0	6.1	2.1	When the pipe broke in the bathroom Felicia looked through the phonebook to find	who could come and take a look at the job.	False	n/a	n/a
768.630859375	0.2	393539	255	filler_word	49	38	1	delong	unexpected	a	an	plumber	architect	93	0	6.1	2.1	When the pipe broke in the bathroom Felicia looked through the phonebook to find	who could come and take a look at the job.	False	n/a	n/a
769.111328125	0.2	393785	255	filler_word	49	38	1	delong	unexpected	a	an	plumber	architect	93	0	6.1	2.1	When the pipe broke in the bathroom Felicia looked through the phonebook to find	who could come and take a look at the job.	False	n/a	n/a
769.58984375	0.2	394030	255	filler_word	49	38	1	delong	unexpected	a	an	plumber	architect	93	0	6.1	2.1	When the pipe broke in the bathroom Felicia looked through the phonebook to find	who could come and take a look at the job.	False	n/a	n/a
770.0703125	0.2	394276	255	filler_word	49	38	1	delong	unexpected	a	an	plumber	architect	93	0	6.1	2.1	When the pipe broke in the bathroom Felicia looked through the phonebook to find	who could come and take a look at the job.	False	n/a	n/a
770.55078125	0.2	394522	255	filler_word	49	38	1	delong	unexpected	a	an	plumber	architect	93	0	6.1	2.1	When the pipe broke in the bathroom Felicia looked through the phonebook to find	who could come and take a look at the job.	False	n/a	n/a
771.03125	0.2	394768	255	filler_word	49	38	1	delong	unexpected	a	an	plumber	architect	93	0	6.1	2.1	When the pipe broke in the bathroom Felicia looked through the phonebook to find	who could come and take a look at the job.	False	n/a	n/a
771.509765625	0.2	395013	255	filler_word	49	38	1	delong	unexpected	a	an	plumber	architect	93	0	6.1	2.1	When the pipe broke in the bathroom Felicia looked through the phonebook to find	who could come and take a look at the job.	False	n/a	n/a
771.990234375	0.2	395259	255	filler_word	49	38	1	delong	unexpected	a	an	plumber	architect	93	0	6.1	2.1	When the pipe broke in the bathroom Felicia looked through the phonebook to find	who could come and take a look at the job.	False	n/a	n/a
772.470703125	0.2	395505	201	a_expected	49	38	1	delong	unexpected	a	an	plumber	architect	93	0	6.1	2.1	When the pipe broke in the bathroom Felicia looked through the phonebook to find	who could come and take a look at the job.	False	n/a	n/a
772.51953125	0.0	395530	61	cloze_marker	49	38	1	delong	unexpected	a	an	plumber	architect	93	0	6.1	2.1	When the pipe broke in the bathroom Felicia looked through the phonebook to find	who could come and take a look at the job.	False	n/a	n/a
772.763671875	0.0	395655	128	item_marker	50	28	1	delong	expected	a	an	race	accident	61	36	5.42	3.2	When we saw the finish line and the pylons sectioning off part of the road we knew that there must have been	earlier that day.	False	n/a	n/a
772.94921875	0.2	395750	205	noun_expected	50	28	1	delong	expected	a	an	race	accident	61	36	5.42	3.2	When we saw the finish line and the pylons sectioning off part of the road we knew that there must have been	earlier that day.	False	n/a	n/a
773.0	0.0	395776	27	cloze_marker	50	28	1	delong	expected	a	an	race	accident	61	36	5.42	3.2	When we saw the finish line and the pylons sectioning off part of the road we knew that there must have been	earlier that day.	False	n/a	n/a
773.2421875	0.0	395900	128	item_marker	51	28	1	delong	expected	a	an	race	accident	61	36	5.42	3.2	When we saw the finish line and the pylons sectioning off part of the road we knew that there must have been	earlier that day.	False	n/a	n/a
773.4296875	0.2	395996	255	filler_word	51	28	1	delong	expected	a	an	race	accident	61	36	5.42	3.2	When we saw the finish line and the pylons sectioning off part of the road we knew that there must have been	earlier that day.	False	n/a	n/a
773.91015625	0.2	396242	255	filler_word	51	28	1	delong	expected	a	an	race	accident	61	36	5.42	3.2	When we saw the finish line and the pylons sectioning off part of the road we knew that there must have been	earlier that day.	False	n/a	n/a
774.388671875	0.2	396487	207	final_expected	51	28	1	delong	expected	a	an	race	accident	61	36	5.42	3.2	When we saw the finish line and the pylons sectioning off part of the road we knew that there must have been	earlier that day.	False	n/a	n/a
778.173828125	0.2	398425	255	filler_word	51	28	1	delong	expected	a	an	race	accident	61	36	5.42	3.2	When we saw the finish line and the pylons sectioning off part of the road we knew that there must have been	earlier that day.	False	n/a	n/a
778.654296875	0.2	398671	255	filler_word	51	28	1	delong	expected	a	an	race	accident	61	36	5.42	3.2	When we saw the finish line and the pylons sectioning off part of the road we knew that there must have been	earlier that day.	False	n/a	n/a
779.134765625	0.2	398917	255	filler_word	51	28	1	delong	expected	a	an	race	accident	61	36	5.42	3.2	When we saw the finish line and the pylons sectioning off part of the road we knew that there must have been	earlier that day.	False	n/a	n/a
779.61328125	0.2	399162	255	filler_word	51	28	1	delong	expected	a	an	race	accident	61	36	5.42	3.2	When we saw the finish line and the pylons sectioning off part of the road we knew that there must have been	earlier that day.	False	n/a	n/a
780.09375	0.2	399408	255	filler_word	51	28	1	delong	expected	a	an	race	accident	61	36	5.42	3.2	When we saw the finish line and the pylons sectioning off part of the road we knew that there must have been	earlier that day.	False	n/a	n/a
780.57421875	0.2	399654	255	filler_word	51	28	1	delong	expected	a	an	race	accident	61	36	5.42	3.2	When we saw the finish line and the pylons sectioning off part of the road we knew that there must have been	earlier that day.	False	n/a	n/a
781.052734375	0.2	399899	255	filler_word	51	28	1	delong	expected	a	an	race	accident	61	36	5.42	3.2	When we saw the finish line and the pylons sectioning off part of the road we knew that there must have been	earlier that day.	False	n/a	n/a
781.533203125	0.2	400145	255	filler_word	51	28	1	delong	expected	a	an	race	accident	61	36	5.42	3.2	When we saw the finish line and the pylons sectioning off part of the road we knew that there must have been	earlier that day.	False	n/a	n/a
782.013671875	0.2	400391	255	filler_word	51	28	1	delong	expected	a	an	race	accident	61	36	5.42	3.2	When we saw the finish line and the pylons sectioning off part of the road we knew that there must have been	earlier that day.	False	n/a	n/a
782.4921875	0.2	400636	255	filler_word	51	28	1	delong	expected	a	an	race	accident	61	36	5.42	3.2	When we saw the finish line and the pylons sectioning off part of the road we knew that there must have been	earlier that day.	False	n/a	n/a
782.97265625	0.2	400882	255	filler_word	51	28	1	delong	expected	a	an	race	accident	61	36	5.42	3.2	When we saw the finish line and the pylons sectioning off part of the road we knew that there must have been	earlier that day.	False	n/a	n/a
783.453125	0.2	401128	255	filler_word	51	28	1	delong	expected	a	an	race	accident	61	36	5.42	3.2	When we saw the finish line and the pylons sectioning off part of the road we knew that there must have been	earlier that day.	False	n/a	n/a
783.931640625	0.2	401373	255	filler_word	51	28	1	delong	expected	a	an	race	accident	61	36	5.42	3.2	When we saw the finish line and the pylons sectioning off part of the road we knew that there must have been	earlier that day.	False	n/a	n/a
784.412109375	0.2	401619	255	filler_word	51	28	1	delong	expected	a	an	race	accident	61	36	5.42	3.2	When we saw the finish line and the pylons sectioning off part of the road we knew that there must have been	earlier that day.	False	n/a	n/a
784.892578125	0.2	401865	255	filler_word	51	28	1	delong	expected	a	an	race	accident	61	36	5.42	3.2	When we saw the finish line and the pylons sectioning off part of the road we knew that there must have been	earlier that day.	False	n/a	n/a
785.37109375	0.2	402110	255	filler_word	51	28	1	delong	expected	a	an	race	accident	61	36	5.42	3.2	When we saw the finish line and the pylons sectioning off part of the road we knew that there must have been	earlier that day.	False	n/a	n/a
785.8515625	0.2	402356	255	filler_word	51	28	1	delong	expected	a	an	race	accident	61	36	5.42	3.2	When we saw the finish line and the pylons sectioning off part of the road we knew that there must have been	earlier that day.	False	n/a	n/a
786.33203125	0.2	402602	255	filler_word	51	28	1	delong	expected	a	an	race	accident	61	36	5.42	3.2	When we saw the finish line and the pylons sectioning off part of the road we knew that there must have been	earlier that day.	False	n/a	n/a
786.810546875	0.2	402847	255	filler_word	51	28	1	delong	expected	a	an	race	accident	61	36	5.42	3.2	When we saw the finish line and the pylons sectioning off part of the road we knew that there must have been	earlier that day.	False	n/a	n/a
787.291015625	0.2	403093	201	a_expected	51	28	1	delong	expected	a	an	race	accident	61	36	5.42	3.2	When we saw the finish line and the pylons sectioning off part of the road we knew that there must have been	earlier that day.	False	n/a	n/a
787.341796875	0.0	403119	55	cloze_marker	51	28	1	delong	expected	a	an	race	accident	61	36	5.42	3.2	When we saw the finish line and the pylons sectioning off part of the road we knew that there must have been	earlier that day.	False	n/a	n/a
787.583984375	0.0	403243	140	item_marker	52	40	1	delong	expected	a	an	tattoo	infection	55	0	6.0	3.73	The Hell's Angel rolled up the sleeve of his leather jacket to show the girls where he had gotten	the previous night.	False	n/a	n/a
787.771484375	0.2	403339	205	noun_expected	52	40	1	delong	expected	a	an	tattoo	infection	55	0	6.0	3.73	The Hell's Angel rolled up the sleeve of his leather jacket to show the girls where he had gotten	the previous night.	False	n/a	n/a
787.8203125	0.0	403364	93	cloze_marker	52	40	1	delong	expected	a	an	tattoo	infection	55	0	6.0	3.73	The Hell's Angel rolled up the sleeve of his leather jacket to show the girls where he had gotten	the previous night.	False	n/a	n/a
788.064453125	0.0	403489	140	item_marker	53	40	1	delong	expected	a	an	tattoo	infection	55	0	6.0	3.73	The Hell's Angel rolled up the sleeve of his leather jacket to show the girls where he had gotten	the previous night.	False	n/a	n/a
788.25	0.2	403584	255	filler_word	53	40	1	delong	expected	a	an	tattoo	infection	55	0	6.0	3.73	The Hell's Angel rolled up the sleeve of his leather jacket to show the girls where he had gotten	the previous night.	False	n/a	n/a
788.73046875	0.2	403830	255	filler_word	53	40	1	delong	expected	a	an	tattoo	infection	55	0	6.0	3.73	The Hell's Angel rolled up the sleeve of his leather jacket to show the girls where he had gotten	the previous night.	False	n/a	n/a
789.2109375	0.2	404076	207	final_expected	53	40	1	delong	expected	a	an	tattoo	infection	55	0	6.0	3.73	The Hell's Angel rolled up the sleeve of his leather jacket to show the girls where he had gotten	the previous night.	False	n/a	n/a
793.48828125	0.2	406266	255	filler_word	53	40	1	delong	expected	a	an	tattoo	infection	55	0	6.0	3.73	The Hell's Angel rolled up the sleeve of his leather jacket to show the girls where he had gotten	the previous night.	False	n/a	n/a
793.96875	0.2	406512	255	filler_word	53	40	1	delong	expected	a	an	tattoo	infection	55	0	6.0	3.73	The Hell's Angel rolled up the sleeve of his leather jacket to show the girls where he had gotten	the previous night.	False	n/a	n/a
794.44921875	0.2	406758	255	filler_word	53	40	1	delong	expected	a	an	tattoo	infection	55	0	6.0	3.73	The Hell's Angel rolled up the sleeve of his leather jacket to show the girls where he had gotten	the previous night.	False	n/a	n/a
794.927734375	0.2	407003	255	filler_word	53	40	1	delong	expected	a	an	tattoo	infection	55	0	6.0	3.73	The Hell's Angel rolled up the sleeve of his leather jacket to show the girls where he had gotten	the previous night.	False	n/a	n/a
795.408203125	0.2	407249	255	filler_word	53	40	1	delong	expected	a	an	tattoo	infection	55	0	6.0	3.73	The Hell's Angel rolled up the sleeve of his leather jacket to show the girls where he had gotten	the previous night.	False	n/a	n/a
795.888671875	0.2	407495	255	filler_word	53	40	1	delong	expected	a	an	tattoo	infection	55	0	6.0	3.73	The Hell's Angel rolled up the sleeve of his leather jacket to show the girls where he had gotten	the previous night.	False	n/a	n/a
796.3671875	0.2	407740	255	filler_word	53	40	1	delong	expected	a	an	tattoo	infection	55	0	6.0	3.73	The Hell's Angel rolled up the sleeve of his leather jacket to show the girls where he had gotten	the previous night.	False	n/a	n/a
796.84765625	0.2	407986	255	filler_word	53	40	1	delong	expected	a	an	tattoo	infection	55	0	6.0	3.73	The Hell's Angel rolled up the sleeve of his leather jacket to show the girls where he had gotten	the previous night.	False	n/a	n/a
797.328125	0.2	408232	255	filler_word	53	40	1	delong	expected	a	an	tattoo	infection	55	0	6.0	3.73	The Hell's Angel rolled up the sleeve of his leather jacket to show the girls where he had gotten	the previous night.	False	n/a	n/a
797.806640625	0.2	408477	255	filler_word	53	40	1	delong	expected	a	an	tattoo	infection	55	0	6.0	3.73	The Hell's Angel rolled up the sleeve of his leather jacket to show the girls where he had gotten	the previous night.	False	n/a	n/a
798.287109375	0.2	408723	255	filler_word	53	40	1	delong	expected	a	an	tattoo	infection	55	0	6.0	3.73	The Hell's Angel rolled up the sleeve of his leather jacket to show the girls where he had gotten	the previous night.	False	n/a	n/a
798.767578125	0.2	408969	255	filler_word	53	40	1	delong	expected	a	an	tattoo	infection	55	0	6.0	3.73	The Hell's Angel rolled up the sleeve of his leather jacket to show the girls where he had gotten	the previous night.	False	n/a	n/a
799.24609375	0.2	409214	255	filler_word	53	40	1	delong	expected	a	an	tattoo	infection	55	0	6.0	3.73	The Hell's Angel rolled up the sleeve of his leather jacket to show the girls where he had gotten	the previous night.	False	n/a	n/a
799.7265625	0.2	409460	255	filler_word	53	40	1	delong	expected	a	an	tattoo	infection	55	0	6.0	3.73	The Hell's Angel rolled up the sleeve of his leather jacket to show the girls where he had gotten	the previous night.	False	n/a	n/a
800.20703125	0.2	409706	255	filler_word	53	40	1	delong	expected	a	an	tattoo	infection	55	0	6.0	3.73	The Hell's Angel rolled up the sleeve of his leather jacket to show the girls where he had gotten	the previous night.	False	n/a	n/a
800.685546875	0.2	409951	202	an_expected	53	40	1	delong	expected	a	an	tattoo	infection	55	0	6.0	3.73	The Hell's Angel rolled up the sleeve of his leather jacket to show the girls where he had gotten	the previous night.	False	n/a	n/a
800.736328125	0.0	409977	73	cloze_marker	53	40	1	delong	expected	a	an	tattoo	infection	55	0	6.0	3.73	The Hell's Angel rolled up the sleeve of his leather jacket to show the girls where he had gotten	the previous night.	False	n/a	n/a
800.978515625	0.0	410101	131	item_marker	54	31	1	delong	expected	an	a	invitation	message	73	11	5.5	4.74	Sue had wanted to go to Tim's birthday party but she was still waiting for	from him.	False	n/a	n/a
801.166015625	0.2	410197	205	noun_expected	54	31	1	delong	expected	an	a	invitation	message	73	11	5.5	4.74	Sue had wanted to go to Tim's birthday party but she was still waiting for	from him.	False	n/a	n/a
801.216796875	0.0	410223	77	cloze_marker	54	31	1	delong	expected	an	a	invitation	message	73	11	5.5	4.74	Sue had wanted to go to Tim's birthday party but she was still waiting for	from him.	False	n/a	n/a
801.458984375	0.0	410347	131	item_marker	55	31	1	delong	expected	an	a	invitation	message	73	11	5.5	4.74	Sue had wanted to go to Tim's birthday party but she was still waiting for	from him.	False	n/a	n/a
801.646484375	0.2	410443	255	filler_word	55	31	1	delong	expected	an	a	invitation	message	73	11	5.5	4.74	Sue had wanted to go to Tim's birthday party but she was still waiting for	from him.	False	n/a	n/a
802.125	0.2	410688	207	final_expected	55	31	1	delong	expected	an	a	invitation	message	73	11	5.5	4.74	Sue had wanted to go to Tim's birthday party but she was still waiting for	from him.	False	n/a	n/a
805.923828125	0.2	412633	255	filler_word	55	31	1	delong	expected	an	a	invitation	message	73	11	5.5	4.74	Sue had wanted to go to Tim's birthday party but she was still waiting for	from him.	False	n/a	n/a
806.404296875	0.2	412879	255	filler_word	55	31	1	delong	expected	an	a	invitation	message	73	11	5.5	4.74	Sue had wanted to go to Tim's birthday party but she was still waiting for	from him.	False	n/a	n/a
806.884765625	0.2	413125	255	filler_word	55	31	1	delong	expected	an	a	invitation	message	73	11	5.5	4.74	Sue had wanted to go to Tim's birthday party but she was still waiting for	from him.	False	n/a	n/a
807.36328125	0.2	413370	255	filler_word	55	31	1	delong	expected	an	a	invitation	message	73	11	5.5	4.74	Sue had wanted to go to Tim's birthday party but she was still waiting for	from him.	False	n/a	n/a
807.84375	0.2	413616	255	filler_word	55	31	1	delong	expected	an	a	invitation	message	73	11	5.5	4.74	Sue had wanted to go to Tim's birthday party but she was still waiting for	from him.	False	n/a	n/a
808.32421875	0.2	413862	255	filler_word	55	31	1	delong	expected	an	a	invitation	message	73	11	5.5	4.74	Sue had wanted to go to Tim's birthday party but she was still waiting for	from him.	False	n/a	n/a
808.802734375	0.2	414107	255	filler_word	55	31	1	delong	expected	an	a	invitation	message	73	11	5.5	4.74	Sue had wanted to go to Tim's birthday party but she was still waiting for	from him.	False	n/a	n/a
809.283203125	0.2	414353	255	filler_word	55	31	1	delong	expected	an	a	invitation	message	73	11	5.5	4.74	Sue had wanted to go to Tim's birthday party but she was still waiting for	from him.	False	n/a	n/a
809.763671875	0.2	414599	255	filler_word	55	31	1	delong	expected	an	a	invitation	message	73	11	5.5	4.74	Sue had wanted to go to Tim's birthday party but she was still waiting for	from him.	False	n/a	n/a
810.2421875	0.2	414844	255	filler_word	55	31	1	delong	expected	an	a	invitation	message	73	11	5.5	4.74	Sue had wanted to go to Tim's birthday party but she was still waiting for	from him.	False	n/a	n/a
810.72265625	0.2	415090	255	filler_word	55	31	1	delong	expected	an	a	invitation	message	73	11	5.5	4.74	Sue had wanted to go to Tim's birthday party but she was still waiting for	from him.	False	n/a	n/a
811.203125	0.2	415336	255	filler_word	55	31	1	delong	expected	an	a	invitation	message	73	11	5.5	4.74	Sue had wanted to go to Tim's birthday party but she was still waiting for	from him.	False	n/a	n/a
811.681640625	0.2	415581	255	filler_word	55	31	1	delong	expected	an	a	invitation	message	73	11	5.5	4.74	Sue had wanted to go to Tim's birthday party but she was still waiting for	from him.	False	n/a	n/a
812.162109375	0.2	415827	255	filler_word	55	31	1	delong	expected	an	a	invitation	message	73	11	5.5	4.74	Sue had wanted to go to Tim's birthday party but she was still waiting for	from him.	False	n/a	n/a
812.642578125	0.2	416073	255	filler_word	55	31	1	delong	expected	an	a	invitation	message	73	11	5.5	4.74	Sue had wanted to go to Tim's birthday party but she was still waiting for	from him.	False	n/a	n/a
813.12109375	0.2	416318	255	filler_word	55	31	1	delong	expected	an	a	invitation	message	73	11	5.5	4.74	Sue had wanted to go to Tim's birthday party but she was still waiting for	from him.	False	n/a	n/a
813.6015625	0.2	416564	204	an_unexpected	55	31	1	delong	expected	an	a	invitation	message	73	11	5.5	4.74	Sue had wanted to go to Tim's birthday party but she was still waiting for	from him.	False	n/a	n/a
813.65234375	0.0	416590	2	cloze_marker	55	31	1	delong	expected	an	a	invitation	message	73	11	5.5	4.74	Sue had wanted to go to Tim's birthday party but she was still waiting for	from him.	False	n/a	n/a
813.89453125	0.0	416714	122	item_marker	56	22	1	delong	unexpected	a	an	pound	allowance	52	2	5.19	3.9	Andrew complained that the only place he could afford was Poundland, after his grandmother gave him	for helping her.	False	n/a	n/a
814.08203125	0.2	416810	206	noun_unexpected	56	22	1	delong	unexpected	a	an	pound	allowance	52	2	5.19	3.9	Andrew complained that the only place he could afford was Poundland, after his grandmother gave him	for helping her.	False	n/a	n/a
814.130859375	0.0	416835	17	cloze_marker	56	22	1	delong	unexpected	a	an	pound	allowance	52	2	5.19	3.9	Andrew complained that the only place he could afford was Poundland, after his grandmother gave him	for helping her.	False	n/a	n/a
814.375	0.0	416960	122	item_marker	57	22	1	delong	unexpected	a	an	pound	allowance	52	2	5.19	3.9	Andrew complained that the only place he could afford was Poundland, after his grandmother gave him	for helping her.	False	n/a	n/a
814.560546875	0.2	417055	255	filler_word	57	22	1	delong	unexpected	a	an	pound	allowance	52	2	5.19	3.9	Andrew complained that the only place he could afford was Poundland, after his grandmother gave him	for helping her.	False	n/a	n/a
815.041015625	0.2	417301	255	filler_word	57	22	1	delong	unexpected	a	an	pound	allowance	52	2	5.19	3.9	Andrew complained that the only place he could afford was Poundland, after his grandmother gave him	for helping her.	False	n/a	n/a
815.521484375	0.2	417547	208	final_unexpected	57	22	1	delong	unexpected	a	an	pound	allowance	52	2	5.19	3.9	Andrew complained that the only place he could afford was Poundland, after his grandmother gave him	for helping her.	False	n/a	n/a
819.732421875	0.2	419703	255	filler_word	57	22	1	delong	unexpected	a	an	pound	allowance	52	2	5.19	3.9	Andrew complained that the only place he could afford was Poundland, after his grandmother gave him	for helping her.	False	n/a	n/a
820.212890625	0.2	419949	255	filler_word	57	22	1	delong	unexpected	a	an	pound	allowance	52	2	5.19	3.9	Andrew complained that the only place he could afford was Poundland, after his grandmother gave him	for helping her.	False	n/a	n/a
820.69140625	0.2	420194	255	filler_word	57	22	1	delong	unexpected	a	an	pound	allowance	52	2	5.19	3.9	Andrew complained that the only place he could afford was Poundland, after his grandmother gave him	for helping her.	False	n/a	n/a
821.171875	0.2	420440	255	filler_word	57	22	1	delong	unexpected	a	an	pound	allowance	52	2	5.19	3.9	Andrew complained that the only place he could afford was Poundland, after his grandmother gave him	for helping her.	False	n/a	n/a
821.65234375	0.2	420686	255	filler_word	57	22	1	delong	unexpected	a	an	pound	allowance	52	2	5.19	3.9	Andrew complained that the only place he could afford was Poundland, after his grandmother gave him	for helping her.	False	n/a	n/a
822.130859375	0.2	420931	255	filler_word	57	22	1	delong	unexpected	a	an	pound	allowance	52	2	5.19	3.9	Andrew complained that the only place he could afford was Poundland, after his grandmother gave him	for helping her.	False	n/a	n/a
822.611328125	0.2	421177	204	an_unexpected	57	22	1	delong	unexpected	a	an	pound	allowance	52	2	5.19	3.9	Andrew complained that the only place he could afford was Poundland, after his grandmother gave him	for helping her.	False	n/a	n/a
822.662109375	0.0	421203	200	cloze_marker	57	22	1	delong	unexpected	a	an	pound	allowance	52	2	5.19	3.9	Andrew complained that the only place he could afford was Poundland, after his grandmother gave him	for helping her.	False	n/a	n/a
822.904296875	0.0	421327	134	item_marker	58	34	1	delong	unexpected	a	an	bicycle	elephant	95	0	6.07	3.48	You never forget how to ride	once you've learned.	False	n/a	n/a
823.091796875	0.2	421423	206	noun_unexpected	58	34	1	delong	unexpected	a	an	bicycle	elephant	95	0	6.07	3.48	You never forget how to ride	once you've learned.	False	n/a	n/a
823.140625	0.0	421448	30	cloze_marker	58	34	1	delong	unexpected	a	an	bicycle	elephant	95	0	6.07	3.48	You never forget how to ride	once you've learned.	False	n/a	n/a
823.384765625	0.0	421573	134	item_marker	59	34	1	delong	unexpected	a	an	bicycle	elephant	95	0	6.07	3.48	You never forget how to ride	once you've learned.	False	n/a	n/a
823.5703125	0.2	421668	255	filler_word	59	34	1	delong	unexpected	a	an	bicycle	elephant	95	0	6.07	3.48	You never forget how to ride	once you've learned.	False	n/a	n/a
824.05078125	0.2	421914	255	filler_word	59	34	1	delong	unexpected	a	an	bicycle	elephant	95	0	6.07	3.48	You never forget how to ride	once you've learned.	False	n/a	n/a
824.53125	0.2	422160	208	final_unexpected	59	34	1	delong	unexpected	a	an	bicycle	elephant	95	0	6.07	3.48	You never forget how to ride	once you've learned.	False	n/a	n/a
827.263671875	0.2	423559	255	filler_word	59	34	1	delong	unexpected	a	an	bicycle	elephant	95	0	6.07	3.48	You never forget how to ride	once you've learned.	False	n/a	n/a
827.7421875	0.2	423804	255	filler_word	59	34	1	delong	unexpected	a	an	bicycle	elephant	95	0	6.07	3.48	You never forget how to ride	once you've learned.	False	n/a	n/a
828.22265625	0.2	424050	255	filler_word	59	34	1	delong	unexpected	a	an	bicycle	elephant	95	0	6.07	3.48	You never forget how to ride	once you've learned.	False	n/a	n/a
828.703125	0.2	424296	255	filler_word	59	34	1	delong	unexpected	a	an	bicycle	elephant	95	0	6.07	3.48	You never forget how to ride	once you've learned.	False	n/a	n/a
829.181640625	0.2	424541	255	filler_word	59	34	1	delong	unexpected	a	an	bicycle	elephant	95	0	6.07	3.48	You never forget how to ride	once you've learned.	False	n/a	n/a
829.662109375	0.2	424787	255	filler_word	59	34	1	delong	unexpected	a	an	bicycle	elephant	95	0	6.07	3.48	You never forget how to ride	once you've learned.	False	n/a	n/a
830.142578125	0.2	425033	255	filler_word	59	34	1	delong	unexpected	a	an	bicycle	elephant	95	0	6.07	3.48	You never forget how to ride	once you've learned.	False	n/a	n/a
830.62109375	0.2	425278	255	filler_word	59	34	1	delong	unexpected	a	an	bicycle	elephant	95	0	6.07	3.48	You never forget how to ride	once you've learned.	False	n/a	n/a
831.1015625	0.2	425524	255	filler_word	59	34	1	delong	unexpected	a	an	bicycle	elephant	95	0	6.07	3.48	You never forget how to ride	once you've learned.	False	n/a	n/a
831.58203125	0.2	425770	255	filler_word	59	34	1	delong	unexpected	a	an	bicycle	elephant	95	0	6.07	3.48	You never forget how to ride	once you've learned.	False	n/a	n/a
832.060546875	0.2	426015	255	filler_word	59	34	1	delong	unexpected	a	an	bicycle	elephant	95	0	6.07	3.48	You never forget how to ride	once you've learned.	False	n/a	n/a
832.541015625	0.2	426261	255	filler_word	59	34	1	delong	unexpected	a	an	bicycle	elephant	95	0	6.07	3.48	You never forget how to ride	once you've learned.	False	n/a	n/a
833.021484375	0.2	426507	255	filler_word	59	34	1	delong	unexpected	a	an	bicycle	elephant	95	0	6.07	3.48	You never forget how to ride	once you've learned.	False	n/a	n/a
833.501953125	0.2	426753	255	filler_word	59	34	1	delong	unexpected	a	an	bicycle	elephant	95	0	6.07	3.48	You never forget how to ride	once you've learned.	False	n/a	n/a
833.98046875	0.2	426998	204	an_unexpected	59	34	1	delong	unexpected	a	an	bicycle	elephant	95	0	6.07	3.48	You never forget how to ride	once you've learned.	False	n/a	n/a
834.03125	0.0	427024	200	cloze_marker	59	34	1	delong	unexpected	a	an	bicycle	elephant	95	0	6.07	3.48	You never forget how to ride	once you've learned.	False	n/a	n/a
834.2734375	0.0	427148	126	item_marker	60	26	1	delong	unexpected	a	an	hanger	iron	84	0	5.73	2.1	I wanted to put my coat in the closet but I could not find	anywhere.	False	n/a	n/a
834.4609375	0.2	427244	206	noun_unexpected	60	26	1	delong	unexpected	a	an	hanger	iron	84	0	5.73	2.1	I wanted to put my coat in the closet but I could not find	anywhere.	False	n/a	n/a
834.509765625	0.0	427269	200	cloze_marker	60	26	1	delong	unexpected	a	an	hanger	iron	84	0	5.73	2.1	I wanted to put my coat in the closet but I could not find	anywhere.	False	n/a	n/a
834.75390625	0.0	427394	126	item_marker	61	26	1	delong	unexpected	a	an	hanger	iron	84	0	5.73	2.1	I wanted to put my coat in the closet but I could not find	anywhere.	False	n/a	n/a
834.94140625	0.2	427490	208	final_unexpected	61	26	1	delong	unexpected	a	an	hanger	iron	84	0	5.73	2.1	I wanted to put my coat in the closet but I could not find	anywhere.	False	n/a	n/a
838.1796875	0.2	429148	255	filler_word	61	26	1	delong	unexpected	a	an	hanger	iron	84	0	5.73	2.1	I wanted to put my coat in the closet but I could not find	anywhere.	False	n/a	n/a
838.658203125	0.2	429393	255	filler_word	61	26	1	delong	unexpected	a	an	hanger	iron	84	0	5.73	2.1	I wanted to put my coat in the closet but I could not find	anywhere.	False	n/a	n/a
839.138671875	0.2	429639	255	filler_word	61	26	1	delong	unexpected	a	an	hanger	iron	84	0	5.73	2.1	I wanted to put my coat in the closet but I could not find	anywhere.	False	n/a	n/a
839.619140625	0.2	429885	255	filler_word	61	26	1	delong	unexpected	a	an	hanger	iron	84	0	5.73	2.1	I wanted to put my coat in the closet but I could not find	anywhere.	False	n/a	n/a
840.09765625	0.2	430130	255	filler_word	61	26	1	delong	unexpected	a	an	hanger	iron	84	0	5.73	2.1	I wanted to put my coat in the closet but I could not find	anywhere.	False	n/a	n/a
840.578125	0.2	430376	255	filler_word	61	26	1	delong	unexpected	a	an	hanger	iron	84	0	5.73	2.1	I wanted to put my coat in the closet but I could not find	anywhere.	False	n/a	n/a
841.05859375	0.2	430622	255	filler_word	61	26	1	delong	unexpected	a	an	hanger	iron	84	0	5.73	2.1	I wanted to put my coat in the closet but I could not find	anywhere.	False	n/a	n/a
841.537109375	0.2	430867	255	filler_word	61	26	1	delong	unexpected	a	an	hanger	iron	84	0	5.73	2.1	I wanted to put my coat in the closet but I could not find	anywhere.	False	n/a	n/a
842.017578125	0.2	431113	255	filler_word	61	26	1	delong	unexpected	a	an	hanger	iron	84	0	5.73	2.1	I wanted to put my coat in the closet but I could not find	anywhere.	False	n/a	n/a
842.498046875	0.2	431359	255	filler_word	61	26	1	delong	unexpected	a	an	hanger	iron	84	0	5.73	2.1	I wanted to put my coat in the closet but I could not find	anywhere.	False	n/a	n/a
842.978515625	0.2	431605	255	filler_word	61	26	1	delong	unexpected	a	an	hanger	iron	84	0	5.73	2.1	I wanted to put my coat in the closet but I could not find	anywhere.	False	n/a	n/a
843.45703125	0.2	431850	255	filler_word	61	26	1	delong	unexpected	a	an	hanger	iron	84	0	5.73	2.1	I wanted to put my coat in the closet but I could not find	anywhere.	False	n/a	n/a
843.9375	0.2	432096	255	filler_word	61	26	1	delong	unexpected	a	an	hanger	iron	84	0	5.73	2.1	I wanted to put my coat in the closet but I could not find	anywhere.	False	n/a	n/a
844.41796875	0.2	432342	255	filler_word	61	26	1	delong	unexpected	a	an	hanger	iron	84	0	5.73	2.1	I wanted to put my coat in the closet but I could not find	anywhere.	False	n/a	n/a
844.896484375	0.2	432587	255	filler_word	61	26	1	delong	unexpected	a	an	hanger	iron	84	0	5.73	2.1	I wanted to put my coat in the closet but I could not find	anywhere.	False	n/a	n/a
845.376953125	0.2	432833	255	filler_word	61	26	1	delong	unexpected	a	an	hanger	iron	84	0	5.73	2.1	I wanted to put my coat in the closet but I could not find	anywhere.	False	n/a	n/a
845.857421875	0.2	433079	255	filler_word	61	26	1	delong	unexpected	a	an	hanger	iron	84	0	5.73	2.1	I wanted to put my coat in the closet but I could not find	anywhere.	False	n/a	n/a
846.3359375	0.2	433324	255	filler_word	61	26	1	delong	unexpected	a	an	hanger	iron	84	0	5.73	2.1	I wanted to put my coat in the closet but I could not find	anywhere.	False	n/a	n/a
846.81640625	0.2	433570	255	filler_word	61	26	1	delong	unexpected	a	an	hanger	iron	84	0	5.73	2.1	I wanted to put my coat in the closet but I could not find	anywhere.	False	n/a	n/a
847.296875	0.2	433816	255	filler_word	61	26	1	delong	unexpected	a	an	hanger	iron	84	0	5.73	2.1	I wanted to put my coat in the closet but I could not find	anywhere.	False	n/a	n/a
847.775390625	0.2	434061	255	filler_word	61	26	1	delong	unexpected	a	an	hanger	iron	84	0	5.73	2.1	I wanted to put my coat in the closet but I could not find	anywhere.	False	n/a	n/a
848.255859375	0.2	434307	255	filler_word	61	26	1	delong	unexpected	a	an	hanger	iron	84	0	5.73	2.1	I wanted to put my coat in the closet but I could not find	anywhere.	False	n/a	n/a
848.736328125	0.2	434553	255	filler_word	61	26	1	delong	unexpected	a	an	hanger	iron	84	0	5.73	2.1	I wanted to put my coat in the closet but I could not find	anywhere.	False	n/a	n/a
849.21484375	0.2	434798	202	an_expected	61	26	1	delong	unexpected	a	an	hanger	iron	84	0	5.73	2.1	I wanted to put my coat in the closet but I could not find	anywhere.	False	n/a	n/a
849.265625	0.0	434824	70	cloze_marker	61	26	1	delong	unexpected	a	an	hanger	iron	84	0	5.73	2.1	I wanted to put my coat in the closet but I could not find	anywhere.	False	n/a	n/a
849.5078125	0.0	434948	123	item_marker	62	23	1	delong	expected	an	a	emergency	fire	70	0	6.17	5.32	When she was filling out the paperwork, Merrill had to write down the name of someone who could be contacted in case of	while she was at work.	False	n/a	n/a
849.6953125	0.2	435044	205	noun_expected	62	23	1	delong	expected	an	a	emergency	fire	70	0	6.17	5.32	When she was filling out the paperwork, Merrill had to write down the name of someone who could be contacted in case of	while she was at work.	False	n/a	n/a
849.744140625	0.0	435069	93	cloze_marker	62	23	1	delong	expected	an	a	emergency	fire	70	0	6.17	5.32	When she was filling out the paperwork, Merrill had to write down the name of someone who could be contacted in case of	while she was at work.	False	n/a	n/a
849.98828125	0.0	435194	123	item_marker	63	23	1	delong	expected	an	a	emergency	fire	70	0	6.17	5.32	When she was filling out the paperwork, Merrill had to write down the name of someone who could be contacted in case of	while she was at work.	False	n/a	n/a
850.17578125	0.2	435290	255	filler_word	63	23	1	delong	expected	an	a	emergency	fire	70	0	6.17	5.32	When she was filling out the paperwork, Merrill had to write down the name of someone who could be contacted in case of	while she was at work.	False	n/a	n/a
850.654296875	0.2	435535	255	filler_word	63	23	1	delong	expected	an	a	emergency	fire	70	0	6.17	5.32	When she was filling out the paperwork, Merrill had to write down the name of someone who could be contacted in case of	while she was at work.	False	n/a	n/a
851.134765625	0.2	435781	255	filler_word	63	23	1	delong	expected	an	a	emergency	fire	70	0	6.17	5.32	When she was filling out the paperwork, Merrill had to write down the name of someone who could be contacted in case of	while she was at work.	False	n/a	n/a
851.615234375	0.2	436027	255	filler_word	63	23	1	delong	expected	an	a	emergency	fire	70	0	6.17	5.32	When she was filling out the paperwork, Merrill had to write down the name of someone who could be contacted in case of	while she was at work.	False	n/a	n/a
852.09375	0.2	436272	207	final_expected	63	23	1	delong	expected	an	a	emergency	fire	70	0	6.17	5.32	When she was filling out the paperwork, Merrill had to write down the name of someone who could be contacted in case of	while she was at work.	False	n/a	n/a
860.544921875	0.2	440599	255	filler_word	63	23	1	delong	expected	an	a	emergency	fire	70	0	6.17	5.32	When she was filling out the paperwork, Merrill had to write down the name of someone who could be contacted in case of	while she was at work.	False	n/a	n/a
861.0234375	0.2	440844	255	filler_word	63	23	1	delong	expected	an	a	emergency	fire	70	0	6.17	5.32	When she was filling out the paperwork, Merrill had to write down the name of someone who could be contacted in case of	while she was at work.	False	n/a	n/a
861.50390625	0.2	441090	255	filler_word	63	23	1	delong	expected	an	a	emergency	fire	70	0	6.17	5.32	When she was filling out the paperwork, Merrill had to write down the name of someone who could be contacted in case of	while she was at work.	False	n/a	n/a
861.984375	0.2	441336	255	filler_word	63	23	1	delong	expected	an	a	emergency	fire	70	0	6.17	5.32	When she was filling out the paperwork, Merrill had to write down the name of someone who could be contacted in case of	while she was at work.	False	n/a	n/a
862.462890625	0.2	441581	255	filler_word	63	23	1	delong	expected	an	a	emergency	fire	70	0	6.17	5.32	When she was filling out the paperwork, Merrill had to write down the name of someone who could be contacted in case of	while she was at work.	False	n/a	n/a
862.943359375	0.2	441827	255	filler_word	63	23	1	delong	expected	an	a	emergency	fire	70	0	6.17	5.32	When she was filling out the paperwork, Merrill had to write down the name of someone who could be contacted in case of	while she was at work.	False	n/a	n/a
863.423828125	0.2	442073	255	filler_word	63	23	1	delong	expected	an	a	emergency	fire	70	0	6.17	5.32	When she was filling out the paperwork, Merrill had to write down the name of someone who could be contacted in case of	while she was at work.	False	n/a	n/a
863.90234375	0.2	442318	255	filler_word	63	23	1	delong	expected	an	a	emergency	fire	70	0	6.17	5.32	When she was filling out the paperwork, Merrill had to write down the name of someone who could be contacted in case of	while she was at work.	False	n/a	n/a
864.3828125	0.2	442564	255	filler_word	63	23	1	delong	expected	an	a	emergency	fire	70	0	6.17	5.32	When she was filling out the paperwork, Merrill had to write down the name of someone who could be contacted in case of	while she was at work.	False	n/a	n/a
864.86328125	0.2	442810	255	filler_word	63	23	1	delong	expected	an	a	emergency	fire	70	0	6.17	5.32	When she was filling out the paperwork, Merrill had to write down the name of someone who could be contacted in case of	while she was at work.	False	n/a	n/a
865.34375	0.2	443056	255	filler_word	63	23	1	delong	expected	an	a	emergency	fire	70	0	6.17	5.32	When she was filling out the paperwork, Merrill had to write down the name of someone who could be contacted in case of	while she was at work.	False	n/a	n/a
865.822265625	0.2	443301	255	filler_word	63	23	1	delong	expected	an	a	emergency	fire	70	0	6.17	5.32	When she was filling out the paperwork, Merrill had to write down the name of someone who could be contacted in case of	while she was at work.	False	n/a	n/a
866.302734375	0.2	443547	255	filler_word	63	23	1	delong	expected	an	a	emergency	fire	70	0	6.17	5.32	When she was filling out the paperwork, Merrill had to write down the name of someone who could be contacted in case of	while she was at work.	False	n/a	n/a
866.783203125	0.2	443793	255	filler_word	63	23	1	delong	expected	an	a	emergency	fire	70	0	6.17	5.32	When she was filling out the paperwork, Merrill had to write down the name of someone who could be contacted in case of	while she was at work.	False	n/a	n/a
867.26171875	0.2	444038	255	filler_word	63	23	1	delong	expected	an	a	emergency	fire	70	0	6.17	5.32	When she was filling out the paperwork, Merrill had to write down the name of someone who could be contacted in case of	while she was at work.	False	n/a	n/a
867.7421875	0.2	444284	255	filler_word	63	23	1	delong	expected	an	a	emergency	fire	70	0	6.17	5.32	When she was filling out the paperwork, Merrill had to write down the name of someone who could be contacted in case of	while she was at work.	False	n/a	n/a
868.22265625	0.2	444530	255	filler_word	63	23	1	delong	expected	an	a	emergency	fire	70	0	6.17	5.32	When she was filling out the paperwork, Merrill had to write down the name of someone who could be contacted in case of	while she was at work.	False	n/a	n/a
868.701171875	0.2	444775	255	filler_word	63	23	1	delong	expected	an	a	emergency	fire	70	0	6.17	5.32	When she was filling out the paperwork, Merrill had to write down the name of someone who could be contacted in case of	while she was at work.	False	n/a	n/a
869.181640625	0.2	445021	255	filler_word	63	23	1	delong	expected	an	a	emergency	fire	70	0	6.17	5.32	When she was filling out the paperwork, Merrill had to write down the name of someone who could be contacted in case of	while she was at work.	False	n/a	n/a
869.662109375	0.2	445267	255	filler_word	63	23	1	delong	expected	an	a	emergency	fire	70	0	6.17	5.32	When she was filling out the paperwork, Merrill had to write down the name of someone who could be contacted in case of	while she was at work.	False	n/a	n/a
870.140625	0.2	445512	255	filler_word	63	23	1	delong	expected	an	a	emergency	fire	70	0	6.17	5.32	When she was filling out the paperwork, Merrill had to write down the name of someone who could be contacted in case of	while she was at work.	False	n/a	n/a
870.62109375	0.2	445758	255	filler_word	63	23	1	delong	expected	an	a	emergency	fire	70	0	6.17	5.32	When she was filling out the paperwork, Merrill had to write down the name of someone who could be contacted in case of	while she was at work.	False	n/a	n/a
871.1015625	0.2	446004	255	filler_word	63	23	1	delong	expected	an	a	emergency	fire	70	0	6.17	5.32	When she was filling out the paperwork, Merrill had to write down the name of someone who could be contacted in case of	while she was at work.	False	n/a	n/a
871.580078125	0.2	446249	201	a_expected	63	23	1	delong	expected	an	a	emergency	fire	70	0	6.17	5.32	When she was filling out the paperwork, Merrill had to write down the name of someone who could be contacted in case of	while she was at work.	False	n/a	n/a
871.630859375	0.0	446275	75	cloze_marker	63	23	1	delong	expected	an	a	emergency	fire	70	0	6.17	5.32	When she was filling out the paperwork, Merrill had to write down the name of someone who could be contacted in case of	while she was at work.	False	n/a	n/a
871.873046875	0.0	446399	136	item_marker	64	36	1	delong	expected	a	an	newspaper	umbrella	75	2	5.19	3.13	As he walked past the corner drugstore on his way to work Carl skimmed the headlines and decided to go ahead and buy	when he saw what the forecast was.	True	Was Carl going to work?	yes
872.060546875	0.2	446495	205	noun_expected	64	36	1	delong	expected	a	an	newspaper	umbrella	75	2	5.19	3.13	As he walked past the corner drugstore on his way to work Carl skimmed the headlines and decided to go ahead and buy	when he saw what the forecast was.	True	Was Carl going to work?	yes
872.109375	0.0	446520	77	cloze_marker	64	36	1	delong	expected	a	an	newspaper	umbrella	75	2	5.19	3.13	As he walked past the corner drugstore on his way to work Carl skimmed the headlines and decided to go ahead and buy	when he saw what the forecast was.	True	Was Carl going to work?	yes
872.353515625	0.0	446645	136	item_marker	65	36	1	delong	expected	a	an	newspaper	umbrella	75	2	5.19	3.13	As he walked past the corner drugstore on his way to work Carl skimmed the headlines and decided to go ahead and buy	when he saw what the forecast was.	True	Was Carl going to work?	yes
872.541015625	0.2	446741	255	filler_word	65	36	1	delong	expected	a	an	newspaper	umbrella	75	2	5.19	3.13	As he walked past the corner drugstore on his way to work Carl skimmed the headlines and decided to go ahead and buy	when he saw what the forecast was.	True	Was Carl going to work?	yes
873.01953125	0.2	446986	255	filler_word	65	36	1	delong	expected	a	an	newspaper	umbrella	75	2	5.19	3.13	As he walked past the corner drugstore on his way to work Carl skimmed the headlines and decided to go ahead and buy	when he saw what the forecast was.	True	Was Carl going to work?	yes
873.5	0.2	447232	255	filler_word	65	36	1	delong	expected	a	an	newspaper	umbrella	75	2	5.19	3.13	As he walked past the corner drugstore on his way to work Carl skimmed the headlines and decided to go ahead and buy	when he saw what the forecast was.	True	Was Carl going to work?	yes
873.98046875	0.2	447478	255	filler_word	65	36	1	delong	expected	a	an	newspaper	umbrella	75	2	5.19	3.13	As he walked past the corner drugstore on his way to work Carl skimmed the headlines and decided to go ahead and buy	when he saw what the forecast was.	True	Was Carl going to work?	yes
874.458984375	0.2	447723	255	filler_word	65	36	1	delong	expected	a	an	newspaper	umbrella	75	2	5.19	3.13	As he walked past the corner drugstore on his way to work Carl skimmed the headlines and decided to go ahead and buy	when he saw what the forecast was.	True	Was Carl going to work?	yes
874.939453125	0.2	447969	255	filler_word	65	36	1	delong	expected	a	an	newspaper	umbrella	75	2	5.19	3.13	As he walked past the corner drugstore on his way to work Carl skimmed the headlines and decided to go ahead and buy	when he saw what the forecast was.	True	Was Carl going to work?	yes
875.419921875	0.2	448215	207	final_expected	65	36	1	delong	expected	a	an	newspaper	umbrella	75	2	5.19	3.13	As he walked past the corner drugstore on his way to work Carl skimmed the headlines and decided to go ahead and buy	when he saw what the forecast was.	True	Was Carl going to work?	yes
887.494140625	0.2	454397	255	filler_word	65	36	1	delong	expected	a	an	newspaper	umbrella	75	2	5.19	3.13	As he walked past the corner drugstore on his way to work Carl skimmed the headlines and decided to go ahead and buy	when he saw what the forecast was.	True	Was Carl going to work?	yes
887.974609375	0.2	454643	255	filler_word	65	36	1	delong	expected	a	an	newspaper	umbrella	75	2	5.19	3.13	As he walked past the corner drugstore on his way to work Carl skimmed the headlines and decided to go ahead and buy	when he saw what the forecast was.	True	Was Carl going to work?	yes
888.455078125	0.2	454889	255	filler_word	65	36	1	delong	expected	a	an	newspaper	umbrella	75	2	5.19	3.13	As he walked past the corner drugstore on his way to work Carl skimmed the headlines and decided to go ahead and buy	when he saw what the forecast was.	True	Was Carl going to work?	yes
888.93359375	0.2	455134	255	filler_word	65	36	1	delong	expected	a	an	newspaper	umbrella	75	2	5.19	3.13	As he walked past the corner drugstore on his way to work Carl skimmed the headlines and decided to go ahead and buy	when he saw what the forecast was.	True	Was Carl going to work?	yes
889.4140625	0.2	455380	255	filler_word	65	36	1	delong	expected	a	an	newspaper	umbrella	75	2	5.19	3.13	As he walked past the corner drugstore on his way to work Carl skimmed the headlines and decided to go ahead and buy	when he saw what the forecast was.	True	Was Carl going to work?	yes
889.89453125	0.2	455626	255	filler_word	65	36	1	delong	expected	a	an	newspaper	umbrella	75	2	5.19	3.13	As he walked past the corner drugstore on his way to work Carl skimmed the headlines and decided to go ahead and buy	when he saw what the forecast was.	True	Was Carl going to work?	yes
890.373046875	0.2	455871	255	filler_word	65	36	1	delong	expected	a	an	newspaper	umbrella	75	2	5.19	3.13	As he walked past the corner drugstore on his way to work Carl skimmed the headlines and decided to go ahead and buy	when he saw what the forecast was.	True	Was Carl going to work?	yes
890.853515625	0.2	456117	255	filler_word	65	36	1	delong	expected	a	an	newspaper	umbrella	75	2	5.19	3.13	As he walked past the corner drugstore on his way to work Carl skimmed the headlines and decided to go ahead and buy	when he saw what the forecast was.	True	Was Carl going to work?	yes
891.333984375	0.2	456363	255	filler_word	65	36	1	delong	expected	a	an	newspaper	umbrella	75	2	5.19	3.13	As he walked past the corner drugstore on his way to work Carl skimmed the headlines and decided to go ahead and buy	when he saw what the forecast was.	True	Was Carl going to work?	yes
891.8125	0.2	456608	255	filler_word	65	36	1	delong	expected	a	an	newspaper	umbrella	75	2	5.19	3.13	As he walked past the corner drugstore on his way to work Carl skimmed the headlines and decided to go ahead and buy	when he saw what the forecast was.	True	Was Carl going to work?	yes
892.29296875	0.2	456854	255	filler_word	65	36	1	delong	expected	a	an	newspaper	umbrella	75	2	5.19	3.13	As he walked past the corner drugstore on his way to work Carl skimmed the headlines and decided to go ahead and buy	when he saw what the forecast was.	True	Was Carl going to work?	yes
892.7734375	0.2	457100	255	filler_word	65	36	1	delong	expected	a	an	newspaper	umbrella	75	2	5.19	3.13	As he walked past the corner drugstore on his way to work Carl skimmed the headlines and decided to go ahead and buy	when he saw what the forecast was.	True	Was Carl going to work?	yes
893.251953125	0.2	457345	255	filler_word	65	36	1	delong	expected	a	an	newspaper	umbrella	75	2	5.19	3.13	As he walked past the corner drugstore on his way to work Carl skimmed the headlines and decided to go ahead and buy	when he saw what the forecast was.	True	Was Carl going to work?	yes
893.732421875	0.2	457591	202	an_expected	65	36	1	delong	expected	a	an	newspaper	umbrella	75	2	5.19	3.13	As he walked past the corner drugstore on his way to work Carl skimmed the headlines and decided to go ahead and buy	when he saw what the forecast was.	True	Was Carl going to work?	yes
893.783203125	0.0	457617	93	cloze_marker	65	36	1	delong	expected	a	an	newspaper	umbrella	75	2	5.19	3.13	As he walked past the corner drugstore on his way to work Carl skimmed the headlines and decided to go ahead and buy	when he saw what the forecast was.	True	Was Carl going to work?	yes
894.025390625	0.0	457741	135	item_marker	66	35	1	delong	expected	an	a	umbrella	newspaper	93	5	6.29	2.3	Because it frequently rains in London it's a good idea to always carry	with you.	False	n/a	n/a
894.212890625	0.2	457837	205	noun_expected	66	35	1	delong	expected	an	a	umbrella	newspaper	93	5	6.29	2.3	Because it frequently rains in London it's a good idea to always carry	with you.	False	n/a	n/a
894.26171875	0.0	457862	97	cloze_marker	66	35	1	delong	expected	an	a	umbrella	newspaper	93	5	6.29	2.3	Because it frequently rains in London it's a good idea to always carry	with you.	False	n/a	n/a
894.505859375	0.0	457987	135	item_marker	67	35	1	delong	expected	an	a	umbrella	newspaper	93	5	6.29	2.3	Because it frequently rains in London it's a good idea to always carry	with you.	False	n/a	n/a
894.69140625	0.2	458082	255	filler_word	67	35	1	delong	expected	an	a	umbrella	newspaper	93	5	6.29	2.3	Because it frequently rains in London it's a good idea to always carry	with you.	False	n/a	n/a
895.171875	0.2	458328	207	final_expected	67	35	1	delong	expected	an	a	umbrella	newspaper	93	5	6.29	2.3	Because it frequently rains in London it's a good idea to always carry	with you.	False	n/a	n/a
898.771484375	0.2	460171	255	filler_word	67	35	1	delong	expected	an	a	umbrella	newspaper	93	5	6.29	2.3	Because it frequently rains in London it's a good idea to always carry	with you.	False	n/a	n/a
899.25	0.2	460416	255	filler_word	67	35	1	delong	expected	an	a	umbrella	newspaper	93	5	6.29	2.3	Because it frequently rains in London it's a good idea to always carry	with you.	False	n/a	n/a
899.73046875	0.2	460662	255	filler_word	67	35	1	delong	expected	an	a	umbrella	newspaper	93	5	6.29	2.3	Because it frequently rains in London it's a good idea to always carry	with you.	False	n/a	n/a
900.2109375	0.2	460908	255	filler_word	67	35	1	delong	expected	an	a	umbrella	newspaper	93	5	6.29	2.3	Because it frequently rains in London it's a good idea to always carry	with you.	False	n/a	n/a
900.689453125	0.2	461153	255	filler_word	67	35	1	delong	expected	an	a	umbrella	newspaper	93	5	6.29	2.3	Because it frequently rains in London it's a good idea to always carry	with you.	False	n/a	n/a
901.169921875	0.2	461399	255	filler_word	67	35	1	delong	expected	an	a	umbrella	newspaper	93	5	6.29	2.3	Because it frequently rains in London it's a good idea to always carry	with you.	False	n/a	n/a
901.650390625	0.2	461645	255	filler_word	67	35	1	delong	expected	an	a	umbrella	newspaper	93	5	6.29	2.3	Because it frequently rains in London it's a good idea to always carry	with you.	False	n/a	n/a
902.12890625	0.2	461890	255	filler_word	67	35	1	delong	expected	an	a	umbrella	newspaper	93	5	6.29	2.3	Because it frequently rains in London it's a good idea to always carry	with you.	False	n/a	n/a
902.609375	0.2	462136	255	filler_word	67	35	1	delong	expected	an	a	umbrella	newspaper	93	5	6.29	2.3	Because it frequently rains in London it's a good idea to always carry	with you.	False	n/a	n/a
903.08984375	0.2	462382	255	filler_word	67	35	1	delong	expected	an	a	umbrella	newspaper	93	5	6.29	2.3	Because it frequently rains in London it's a good idea to always carry	with you.	False	n/a	n/a
903.568359375	0.2	462627	255	filler_word	67	35	1	delong	expected	an	a	umbrella	newspaper	93	5	6.29	2.3	Because it frequently rains in London it's a good idea to always carry	with you.	False	n/a	n/a
904.048828125	0.2	462873	255	filler_word	67	35	1	delong	expected	an	a	umbrella	newspaper	93	5	6.29	2.3	Because it frequently rains in London it's a good idea to always carry	with you.	False	n/a	n/a
904.529296875	0.2	463119	255	filler_word	67	35	1	delong	expected	an	a	umbrella	newspaper	93	5	6.29	2.3	Because it frequently rains in London it's a good idea to always carry	with you.	False	n/a	n/a
905.0078125	0.2	463364	255	filler_word	67	35	1	delong	expected	an	a	umbrella	newspaper	93	5	6.29	2.3	Because it frequently rains in London it's a good idea to always carry	with you.	False	n/a	n/a
905.48828125	0.2	463610	255	filler_word	67	35	1	delong	expected	an	a	umbrella	newspaper	93	5	6.29	2.3	Because it frequently rains in London it's a good idea to always carry	with you.	False	n/a	n/a
905.96875	0.2	463856	255	filler_word	67	35	1	delong	expected	an	a	umbrella	newspaper	93	5	6.29	2.3	Because it frequently rains in London it's a good idea to always carry	with you.	False	n/a	n/a
906.447265625	0.2	464101	255	filler_word	67	35	1	delong	expected	an	a	umbrella	newspaper	93	5	6.29	2.3	Because it frequently rains in London it's a good idea to always carry	with you.	False	n/a	n/a
906.927734375	0.2	464347	255	filler_word	67	35	1	delong	expected	an	a	umbrella	newspaper	93	5	6.29	2.3	Because it frequently rains in London it's a good idea to always carry	with you.	False	n/a	n/a
907.408203125	0.2	464593	204	an_unexpected	67	35	1	delong	expected	an	a	umbrella	newspaper	93	5	6.29	2.3	Because it frequently rains in London it's a good idea to always carry	with you.	False	n/a	n/a
907.45703125	0.0	464618	200	cloze_marker	67	35	1	delong	expected	an	a	umbrella	newspaper	93	5	6.29	2.3	Because it frequently rains in London it's a good idea to always carry	with you.	False	n/a	n/a
907.701171875	0.0	464743	130	item_marker	68	30	1	delong	unexpected	a	an	studio	apartment	77	0	5.9	3.37	Instead of recording a live album the band decided they would have more control if they recorded in	without a lot of background noise.	False	n/a	n/a
907.88671875	0.2	464838	206	noun_unexpected	68	30	1	delong	unexpected	a	an	studio	apartment	77	0	5.9	3.37	Instead of recording a live album the band decided they would have more control if they recorded in	without a lot of background noise.	False	n/a	n/a
907.9375	0.0	464864	200	cloze_marker	68	30	1	delong	unexpected	a	an	studio	apartment	77	0	5.9	3.37	Instead of recording a live album the band decided they would have more control if they recorded in	without a lot of background noise.	False	n/a	n/a
908.1796875	0.0	464988	130	item_marker	69	30	1	delong	unexpected	a	an	studio	apartment	77	0	5.9	3.37	Instead of recording a live album the band decided they would have more control if they recorded in	without a lot of background noise.	False	n/a	n/a
908.3671875	0.2	465084	255	filler_word	69	30	1	delong	unexpected	a	an	studio	apartment	77	0	5.9	3.37	Instead of recording a live album the band decided they would have more control if they recorded in	without a lot of background noise.	False	n/a	n/a
908.84765625	0.2	465330	255	filler_word	69	30	1	delong	unexpected	a	an	studio	apartment	77	0	5.9	3.37	Instead of recording a live album the band decided they would have more control if they recorded in	without a lot of background noise.	False	n/a	n/a
909.326171875	0.2	465575	255	filler_word	69	30	1	delong	unexpected	a	an	studio	apartment	77	0	5.9	3.37	Instead of recording a live album the band decided they would have more control if they recorded in	without a lot of background noise.	False	n/a	n/a
909.806640625	0.2	465821	255	filler_word	69	30	1	delong	unexpected	a	an	studio	apartment	77	0	5.9	3.37	Instead of recording a live album the band decided they would have more control if they recorded in	without a lot of background noise.	False	n/a	n/a
910.287109375	0.2	466067	255	filler_word	69	30	1	delong	unexpected	a	an	studio	apartment	77	0	5.9	3.37	Instead of recording a live album the band decided they would have more control if they recorded in	without a lot of background noise.	False	n/a	n/a
910.765625	0.2	466312	208	final_unexpected	69	30	1	delong	unexpected	a	an	studio	apartment	77	0	5.9	3.37	Instead of recording a live album the band decided they would have more control if they recorded in	without a lot of background noise.	False	n/a	n/a
914.751953125	0.2	468353	255	filler_word	69	30	1	delong	unexpected	a	an	studio	apartment	77	0	5.9	3.37	Instead of recording a live album the band decided they would have more control if they recorded in	without a lot of background noise.	False	n/a	n/a
915.23046875	0.2	468598	255	filler_word	69	30	1	delong	unexpected	a	an	studio	apartment	77	0	5.9	3.37	Instead of recording a live album the band decided they would have more control if they recorded in	without a lot of background noise.	False	n/a	n/a
915.7109375	0.2	468844	255	filler_word	69	30	1	delong	unexpected	a	an	studio	apartment	77	0	5.9	3.37	Instead of recording a live album the band decided they would have more control if they recorded in	without a lot of background noise.	False	n/a	n/a
916.19140625	0.2	469090	255	filler_word	69	30	1	delong	unexpected	a	an	studio	apartment	77	0	5.9	3.37	Instead of recording a live album the band decided they would have more control if they recorded in	without a lot of background noise.	False	n/a	n/a
916.669921875	0.2	469335	255	filler_word	69	30	1	delong	unexpected	a	an	studio	apartment	77	0	5.9	3.37	Instead of recording a live album the band decided they would have more control if they recorded in	without a lot of background noise.	False	n/a	n/a
917.150390625	0.2	469581	255	filler_word	69	30	1	delong	unexpected	a	an	studio	apartment	77	0	5.9	3.37	Instead of recording a live album the band decided they would have more control if they recorded in	without a lot of background noise.	False	n/a	n/a
917.630859375	0.2	469827	255	filler_word	69	30	1	delong	unexpected	a	an	studio	apartment	77	0	5.9	3.37	Instead of recording a live album the band decided they would have more control if they recorded in	without a lot of background noise.	False	n/a	n/a
918.109375	0.2	470072	255	filler_word	69	30	1	delong	unexpected	a	an	studio	apartment	77	0	5.9	3.37	Instead of recording a live album the band decided they would have more control if they recorded in	without a lot of background noise.	False	n/a	n/a
918.58984375	0.2	470318	255	filler_word	69	30	1	delong	unexpected	a	an	studio	apartment	77	0	5.9	3.37	Instead of recording a live album the band decided they would have more control if they recorded in	without a lot of background noise.	False	n/a	n/a
919.0703125	0.2	470564	255	filler_word	69	30	1	delong	unexpected	a	an	studio	apartment	77	0	5.9	3.37	Instead of recording a live album the band decided they would have more control if they recorded in	without a lot of background noise.	False	n/a	n/a
919.55078125	0.2	470810	255	filler_word	69	30	1	delong	unexpected	a	an	studio	apartment	77	0	5.9	3.37	Instead of recording a live album the band decided they would have more control if they recorded in	without a lot of background noise.	False	n/a	n/a
920.029296875	0.2	471055	255	filler_word	69	30	1	delong	unexpected	a	an	studio	apartment	77	0	5.9	3.37	Instead of recording a live album the band decided they would have more control if they recorded in	without a lot of background noise.	False	n/a	n/a
920.509765625	0.2	471301	255	filler_word	69	30	1	delong	unexpected	a	an	studio	apartment	77	0	5.9	3.37	Instead of recording a live album the band decided they would have more control if they recorded in	without a lot of background noise.	False	n/a	n/a
920.990234375	0.2	471547	203	a_unexpected	69	30	1	delong	unexpected	a	an	studio	apartment	77	0	5.9	3.37	Instead of recording a live album the band decided they would have more control if they recorded in	without a lot of background noise.	False	n/a	n/a
921.0390625	0.0	471572	11	cloze_marker	69	30	1	delong	unexpected	a	an	studio	apartment	77	0	5.9	3.37	Instead of recording a live album the band decided they would have more control if they recorded in	without a lot of background noise.	False	n/a	n/a
921.283203125	0.0	471697	137	item_marker	70	37	1	delong	unexpected	an	a	architect	plumber	82	11	5.87	3.39	Frank wanted to design a very modern house so he sought advice from	to select the fixtures.	False	n/a	n/a
921.46875	0.2	471792	206	noun_unexpected	70	37	1	delong	unexpected	an	a	architect	plumber	82	11	5.87	3.39	Frank wanted to design a very modern house so he sought advice from	to select the fixtures.	False	n/a	n/a
921.51953125	0.0	471818	200	cloze_marker	70	37	1	delong	unexpected	an	a	architect	plumber	82	11	5.87	3.39	Frank wanted to design a very modern house so he sought advice from	to select the fixtures.	False	n/a	n/a
921.76171875	0.0	471942	137	item_marker	71	37	1	delong	unexpected	an	a	architect	plumber	82	11	5.87	3.39	Frank wanted to design a very modern house so he sought advice from	to select the fixtures.	False	n/a	n/a
921.94921875	0.2	472038	255	filler_word	71	37	1	delong	unexpected	an	a	architect	plumber	82	11	5.87	3.39	Frank wanted to design a very modern house so he sought advice from	to select the fixtures.	False	n/a	n/a
922.4296875	0.2	472284	255	filler_word	71	37	1	delong	unexpected	an	a	architect	plumber	82	11	5.87	3.39	Frank wanted to design a very modern house so he sought advice from	to select the fixtures.	False	n/a	n/a
922.908203125	0.2	472529	255	filler_word	71	37	1	delong	unexpected	an	a	architect	plumber	82	11	5.87	3.39	Frank wanted to design a very modern house so he sought advice from	to select the fixtures.	False	n/a	n/a
923.388671875	0.2	472775	208	final_unexpected	71	37	1	delong	unexpected	an	a	architect	plumber	82	11	5.87	3.39	Frank wanted to design a very modern house so he sought advice from	to select the fixtures.	False	n/a	n/a
928.1875	0.2	475232	255	filler_word	71	37	1	delong	unexpected	an	a	architect	plumber	82	11	5.87	3.39	Frank wanted to design a very modern house so he sought advice from	to select the fixtures.	False	n/a	n/a
928.666015625	0.2	475477	255	filler_word	71	37	1	delong	unexpected	an	a	architect	plumber	82	11	5.87	3.39	Frank wanted to design a very modern house so he sought advice from	to select the fixtures.	False	n/a	n/a
929.146484375	0.2	475723	255	filler_word	71	37	1	delong	unexpected	an	a	architect	plumber	82	11	5.87	3.39	Frank wanted to design a very modern house so he sought advice from	to select the fixtures.	False	n/a	n/a
929.626953125	0.2	475969	255	filler_word	71	37	1	delong	unexpected	an	a	architect	plumber	82	11	5.87	3.39	Frank wanted to design a very modern house so he sought advice from	to select the fixtures.	False	n/a	n/a
930.10546875	0.2	476214	255	filler_word	71	37	1	delong	unexpected	an	a	architect	plumber	82	11	5.87	3.39	Frank wanted to design a very modern house so he sought advice from	to select the fixtures.	False	n/a	n/a
930.5859375	0.2	476460	255	filler_word	71	37	1	delong	unexpected	an	a	architect	plumber	82	11	5.87	3.39	Frank wanted to design a very modern house so he sought advice from	to select the fixtures.	False	n/a	n/a
931.06640625	0.2	476706	255	filler_word	71	37	1	delong	unexpected	an	a	architect	plumber	82	11	5.87	3.39	Frank wanted to design a very modern house so he sought advice from	to select the fixtures.	False	n/a	n/a
931.544921875	0.2	476951	255	filler_word	71	37	1	delong	unexpected	an	a	architect	plumber	82	11	5.87	3.39	Frank wanted to design a very modern house so he sought advice from	to select the fixtures.	False	n/a	n/a
932.025390625	0.2	477197	255	filler_word	71	37	1	delong	unexpected	an	a	architect	plumber	82	11	5.87	3.39	Frank wanted to design a very modern house so he sought advice from	to select the fixtures.	False	n/a	n/a
932.505859375	0.2	477443	255	filler_word	71	37	1	delong	unexpected	an	a	architect	plumber	82	11	5.87	3.39	Frank wanted to design a very modern house so he sought advice from	to select the fixtures.	False	n/a	n/a
932.984375	0.2	477688	255	filler_word	71	37	1	delong	unexpected	an	a	architect	plumber	82	11	5.87	3.39	Frank wanted to design a very modern house so he sought advice from	to select the fixtures.	False	n/a	n/a
933.46484375	0.2	477934	255	filler_word	71	37	1	delong	unexpected	an	a	architect	plumber	82	11	5.87	3.39	Frank wanted to design a very modern house so he sought advice from	to select the fixtures.	False	n/a	n/a
933.9453125	0.2	478180	202	an_expected	71	37	1	delong	unexpected	an	a	architect	plumber	82	11	5.87	3.39	Frank wanted to design a very modern house so he sought advice from	to select the fixtures.	False	n/a	n/a
933.994140625	0.0	478205	93	cloze_marker	71	37	1	delong	unexpected	an	a	architect	plumber	82	11	5.87	3.39	Frank wanted to design a very modern house so he sought advice from	to select the fixtures.	False	n/a	n/a
934.23828125	0.0	478330	139	item_marker	72	39	1	delong	expected	an	a	infection	tattoo	93	2	6.52	1.8	Because Bart did not clean his wound properly he ended up getting	on his leg.	False	n/a	n/a
934.423828125	0.2	478425	205	noun_expected	72	39	1	delong	expected	an	a	infection	tattoo	93	2	6.52	1.8	Because Bart did not clean his wound properly he ended up getting	on his leg.	False	n/a	n/a
934.474609375	0.0	478451	97	cloze_marker	72	39	1	delong	expected	an	a	infection	tattoo	93	2	6.52	1.8	Because Bart did not clean his wound properly he ended up getting	on his leg.	False	n/a	n/a
934.716796875	0.0	478575	139	item_marker	73	39	1	delong	expected	an	a	infection	tattoo	93	2	6.52	1.8	Because Bart did not clean his wound properly he ended up getting	on his leg.	False	n/a	n/a
934.904296875	0.2	478671	255	filler_word	73	39	1	delong	expected	an	a	infection	tattoo	93	2	6.52	1.8	Because Bart did not clean his wound properly he ended up getting	on his leg.	False	n/a	n/a
935.384765625	0.2	478917	255	filler_word	73	39	1	delong	expected	an	a	infection	tattoo	93	2	6.52	1.8	Because Bart did not clean his wound properly he ended up getting	on his leg.	False	n/a	n/a
935.86328125	0.2	479162	207	final_expected	73	39	1	delong	expected	an	a	infection	tattoo	93	2	6.52	1.8	Because Bart did not clean his wound properly he ended up getting	on his leg.	False	n/a	n/a
940.861328125	0.2	481721	255	filler_word	73	39	1	delong	expected	an	a	infection	tattoo	93	2	6.52	1.8	Because Bart did not clean his wound properly he ended up getting	on his leg.	False	n/a	n/a
941.341796875	0.2	481967	255	filler_word	73	39	1	delong	expected	an	a	infection	tattoo	93	2	6.52	1.8	Because Bart did not clean his wound properly he ended up getting	on his leg.	False	n/a	n/a
941.822265625	0.2	482213	255	filler_word	73	39	1	delong	expected	an	a	infection	tattoo	93	2	6.52	1.8	Because Bart did not clean his wound properly he ended up getting	on his leg.	False	n/a	n/a
942.30078125	0.2	482458	255	filler_word	73	39	1	delong	expected	an	a	infection	tattoo	93	2	6.52	1.8	Because Bart did not clean his wound properly he ended up getting	on his leg.	False	n/a	n/a
942.78125	0.2	482704	255	filler_word	73	39	1	delong	expected	an	a	infection	tattoo	93	2	6.52	1.8	Because Bart did not clean his wound properly he ended up getting	on his leg.	False	n/a	n/a
943.26171875	0.2	482950	255	filler_word	73	39	1	delong	expected	an	a	infection	tattoo	93	2	6.52	1.8	Because Bart did not clean his wound properly he ended up getting	on his leg.	False	n/a	n/a
943.740234375	0.2	483195	255	filler_word	73	39	1	delong	expected	an	a	infection	tattoo	93	2	6.52	1.8	Because Bart did not clean his wound properly he ended up getting	on his leg.	False	n/a	n/a
944.220703125	0.2	483441	255	filler_word	73	39	1	delong	expected	an	a	infection	tattoo	93	2	6.52	1.8	Because Bart did not clean his wound properly he ended up getting	on his leg.	False	n/a	n/a
944.701171875	0.2	483687	255	filler_word	73	39	1	delong	expected	an	a	infection	tattoo	93	2	6.52	1.8	Because Bart did not clean his wound properly he ended up getting	on his leg.	False	n/a	n/a
945.1796875	0.2	483932	255	filler_word	73	39	1	delong	expected	an	a	infection	tattoo	93	2	6.52	1.8	Because Bart did not clean his wound properly he ended up getting	on his leg.	False	n/a	n/a
945.66015625	0.2	484178	255	filler_word	73	39	1	delong	expected	an	a	infection	tattoo	93	2	6.52	1.8	Because Bart did not clean his wound properly he ended up getting	on his leg.	False	n/a	n/a
946.140625	0.2	484424	255	filler_word	73	39	1	delong	expected	an	a	infection	tattoo	93	2	6.52	1.8	Because Bart did not clean his wound properly he ended up getting	on his leg.	False	n/a	n/a
946.619140625	0.2	484669	255	filler_word	73	39	1	delong	expected	an	a	infection	tattoo	93	2	6.52	1.8	Because Bart did not clean his wound properly he ended up getting	on his leg.	False	n/a	n/a
947.099609375	0.2	484915	255	filler_word	73	39	1	delong	expected	an	a	infection	tattoo	93	2	6.52	1.8	Because Bart did not clean his wound properly he ended up getting	on his leg.	False	n/a	n/a
947.580078125	0.2	485161	255	filler_word	73	39	1	delong	expected	an	a	infection	tattoo	93	2	6.52	1.8	Because Bart did not clean his wound properly he ended up getting	on his leg.	False	n/a	n/a
948.05859375	0.2	485406	255	filler_word	73	39	1	delong	expected	an	a	infection	tattoo	93	2	6.52	1.8	Because Bart did not clean his wound properly he ended up getting	on his leg.	False	n/a	n/a
948.5390625	0.2	485652	201	a_expected	73	39	1	delong	expected	an	a	infection	tattoo	93	2	6.52	1.8	Because Bart did not clean his wound properly he ended up getting	on his leg.	False	n/a	n/a
948.58984375	0.0	485678	64	cloze_marker	73	39	1	delong	expected	an	a	infection	tattoo	93	2	6.52	1.8	Because Bart did not clean his wound properly he ended up getting	on his leg.	False	n/a	n/a
948.83203125	0.0	485802	132	item_marker	74	32	1	delong	expected	a	an	message	invitation	64	0	5.7	4.1	When I called his house Nolan was not home but his mother said she could relay	to him.	False	n/a	n/a
949.01953125	0.2	485898	205	noun_expected	74	32	1	delong	expected	a	an	message	invitation	64	0	5.7	4.1	When I called his house Nolan was not home but his mother said she could relay	to him.	False	n/a	n/a
949.068359375	0.0	485923	80	cloze_marker	74	32	1	delong	expected	a	an	message	invitation	64	0	5.7	4.1	When I called his house Nolan was not home but his mother said she could relay	to him.	False	n/a	n/a
949.3125	0.0	486048	132	item_marker	75	32	1	delong	expected	a	an	message	invitation	64	0	5.7	4.1	When I called his house Nolan was not home but his mother said she could relay	to him.	False	n/a	n/a
949.498046875	0.2	486143	255	filler_word	75	32	1	delong	expected	a	an	message	invitation	64	0	5.7	4.1	When I called his house Nolan was not home but his mother said she could relay	to him.	False	n/a	n/a
949.978515625	0.2	486389	207	final_expected	75	32	1	delong	expected	a	an	message	invitation	64	0	5.7	4.1	When I called his house Nolan was not home but his mother said she could relay	to him.	False	n/a	n/a
952.96484375	0.2	487918	255	filler_word	75	32	1	delong	expected	a	an	message	invitation	64	0	5.7	4.1	When I called his house Nolan was not home but his mother said she could relay	to him.	False	n/a	n/a
953.443359375	0.2	488163	255	filler_word	75	32	1	delong	expected	a	an	message	invitation	64	0	5.7	4.1	When I called his house Nolan was not home but his mother said she could relay	to him.	False	n/a	n/a
953.923828125	0.2	488409	255	filler_word	75	32	1	delong	expected	a	an	message	invitation	64	0	5.7	4.1	When I called his house Nolan was not home but his mother said she could relay	to him.	False	n/a	n/a
954.404296875	0.2	488655	255	filler_word	75	32	1	delong	expected	a	an	message	invitation	64	0	5.7	4.1	When I called his house Nolan was not home but his mother said she could relay	to him.	False	n/a	n/a
954.8828125	0.2	488900	255	filler_word	75	32	1	delong	expected	a	an	message	invitation	64	0	5.7	4.1	When I called his house Nolan was not home but his mother said she could relay	to him.	False	n/a	n/a
955.36328125	0.2	489146	255	filler_word	75	32	1	delong	expected	a	an	message	invitation	64	0	5.7	4.1	When I called his house Nolan was not home but his mother said she could relay	to him.	False	n/a	n/a
955.84375	0.2	489392	255	filler_word	75	32	1	delong	expected	a	an	message	invitation	64	0	5.7	4.1	When I called his house Nolan was not home but his mother said she could relay	to him.	False	n/a	n/a
956.322265625	0.2	489637	255	filler_word	75	32	1	delong	expected	a	an	message	invitation	64	0	5.7	4.1	When I called his house Nolan was not home but his mother said she could relay	to him.	False	n/a	n/a
956.802734375	0.2	489883	255	filler_word	75	32	1	delong	expected	a	an	message	invitation	64	0	5.7	4.1	When I called his house Nolan was not home but his mother said she could relay	to him.	False	n/a	n/a
957.283203125	0.2	490129	255	filler_word	75	32	1	delong	expected	a	an	message	invitation	64	0	5.7	4.1	When I called his house Nolan was not home but his mother said she could relay	to him.	False	n/a	n/a
957.76171875	0.2	490374	255	filler_word	75	32	1	delong	expected	a	an	message	invitation	64	0	5.7	4.1	When I called his house Nolan was not home but his mother said she could relay	to him.	False	n/a	n/a
958.2421875	0.2	490620	255	filler_word	75	32	1	delong	expected	a	an	message	invitation	64	0	5.7	4.1	When I called his house Nolan was not home but his mother said she could relay	to him.	False	n/a	n/a
958.72265625	0.2	490866	255	filler_word	75	32	1	delong	expected	a	an	message	invitation	64	0	5.7	4.1	When I called his house Nolan was not home but his mother said she could relay	to him.	False	n/a	n/a
959.201171875	0.2	491111	255	filler_word	75	32	1	delong	expected	a	an	message	invitation	64	0	5.7	4.1	When I called his house Nolan was not home but his mother said she could relay	to him.	False	n/a	n/a
959.681640625	0.2	491357	255	filler_word	75	32	1	delong	expected	a	an	message	invitation	64	0	5.7	4.1	When I called his house Nolan was not home but his mother said she could relay	to him.	False	n/a	n/a
960.162109375	0.2	491603	255	filler_word	75	32	1	delong	expected	a	an	message	invitation	64	0	5.7	4.1	When I called his house Nolan was not home but his mother said she could relay	to him.	False	n/a	n/a
960.642578125	0.2	491849	204	an_unexpected	75	32	1	delong	expected	a	an	message	invitation	64	0	5.7	4.1	When I called his house Nolan was not home but his mother said she could relay	to him.	False	n/a	n/a
960.69140625	0.0	491874	11	cloze_marker	75	32	1	delong	expected	a	an	message	invitation	64	0	5.7	4.1	When I called his house Nolan was not home but his mother said she could relay	to him.	False	n/a	n/a
960.935546875	0.0	491999	129	item_marker	76	29	1	delong	unexpected	a	an	flat	apartment	66	11	6.26	6.03	Margot had finally decided to buy a house in the suburbs after a year of renting	in the city.	True	Did Margot want to buy a car?	no
961.12109375	0.2	492094	206	noun_unexpected	76	29	1	delong	unexpected	a	an	flat	apartment	66	11	6.26	6.03	Margot had finally decided to buy a house in the suburbs after a year of renting	in the city.	True	Did Margot want to buy a car?	no
961.171875	0.0	492120	90	cloze_marker	76	29	1	delong	unexpected	a	an	flat	apartment	66	11	6.26	6.03	Margot had finally decided to buy a house in the suburbs after a year of renting	in the city.	True	Did Margot want to buy a car?	no
961.4140625	0.0	492244	129	item_marker	77	29	1	delong	unexpected	a	an	flat	apartment	66	11	6.26	6.03	Margot had finally decided to buy a house in the suburbs after a year of renting	in the city.	True	Did Margot want to buy a car?	no
961.6015625	0.2	492340	255	filler_word	77	29	1	delong	unexpected	a	an	flat	apartment	66	11	6.26	6.03	Margot had finally decided to buy a house in the suburbs after a year of renting	in the city.	True	Did Margot want to buy a car?	no
962.08203125	0.2	492586	255	filler_word	77	29	1	delong	unexpected	a	an	flat	apartment	66	11	6.26	6.03	Margot had finally decided to buy a house in the suburbs after a year of renting	in the city.	True	Did Margot want to buy a car?	no
962.560546875	0.2	492831	208	final_unexpected	77	29	1	delong	unexpected	a	an	flat	apartment	66	11	6.26	6.03	Margot had finally decided to buy a house in the suburbs after a year of renting	in the city.	True	Did Margot want to buy a car?	no
969.931640625	0.2	496605	255	filler_word	77	29	1	delong	unexpected	a	an	flat	apartment	66	11	6.26	6.03	Margot had finally decided to buy a house in the suburbs after a year of renting	in the city.	True	Did Margot want to buy a car?	no
970.412109375	0.2	496851	255	filler_word	77	29	1	delong	unexpected	a	an	flat	apartment	66	11	6.26	6.03	Margot had finally decided to buy a house in the suburbs after a year of renting	in the city.	True	Did Margot want to buy a car?	no
970.890625	0.2	497096	255	filler_word	77	29	1	delong	unexpected	a	an	flat	apartment	66	11	6.26	6.03	Margot had finally decided to buy a house in the suburbs after a year of renting	in the city.	True	Did Margot want to buy a car?	no
971.37109375	0.2	497342	255	filler_word	77	29	1	delong	unexpected	a	an	flat	apartment	66	11	6.26	6.03	Margot had finally decided to buy a house in the suburbs after a year of renting	in the city.	True	Did Margot want to buy a car?	no
971.8515625	0.2	497588	255	filler_word	77	29	1	delong	unexpected	a	an	flat	apartment	66	11	6.26	6.03	Margot had finally decided to buy a house in the suburbs after a year of renting	in the city.	True	Did Margot want to buy a car?	no
972.330078125	0.2	497833	255	filler_word	77	29	1	delong	unexpected	a	an	flat	apartment	66	11	6.26	6.03	Margot had finally decided to buy a house in the suburbs after a year of renting	in the city.	True	Did Margot want to buy a car?	no
972.810546875	0.2	498079	255	filler_word	77	29	1	delong	unexpected	a	an	flat	apartment	66	11	6.26	6.03	Margot had finally decided to buy a house in the suburbs after a year of renting	in the city.	True	Did Margot want to buy a car?	no
973.291015625	0.2	498325	255	filler_word	77	29	1	delong	unexpected	a	an	flat	apartment	66	11	6.26	6.03	Margot had finally decided to buy a house in the suburbs after a year of renting	in the city.	True	Did Margot want to buy a car?	no
973.76953125	0.2	498570	255	filler_word	77	29	1	delong	unexpected	a	an	flat	apartment	66	11	6.26	6.03	Margot had finally decided to buy a house in the suburbs after a year of renting	in the city.	True	Did Margot want to buy a car?	no
974.25	0.2	498816	255	filler_word	77	29	1	delong	unexpected	a	an	flat	apartment	66	11	6.26	6.03	Margot had finally decided to buy a house in the suburbs after a year of renting	in the city.	True	Did Margot want to buy a car?	no
974.73046875	0.2	499062	255	filler_word	77	29	1	delong	unexpected	a	an	flat	apartment	66	11	6.26	6.03	Margot had finally decided to buy a house in the suburbs after a year of renting	in the city.	True	Did Margot want to buy a car?	no
975.208984375	0.2	499307	255	filler_word	77	29	1	delong	unexpected	a	an	flat	apartment	66	11	6.26	6.03	Margot had finally decided to buy a house in the suburbs after a year of renting	in the city.	True	Did Margot want to buy a car?	no
975.689453125	0.2	499553	255	filler_word	77	29	1	delong	unexpected	a	an	flat	apartment	66	11	6.26	6.03	Margot had finally decided to buy a house in the suburbs after a year of renting	in the city.	True	Did Margot want to buy a car?	no
976.169921875	0.2	499799	203	a_unexpected	77	29	1	delong	unexpected	a	an	flat	apartment	66	11	6.26	6.03	Margot had finally decided to buy a house in the suburbs after a year of renting	in the city.	True	Did Margot want to buy a car?	no
976.21875	0.0	499824	11	cloze_marker	77	29	1	delong	unexpected	a	an	flat	apartment	66	11	6.26	6.03	Margot had finally decided to buy a house in the suburbs after a year of renting	in the city.	True	Did Margot want to buy a car?	no
976.462890625	0.0	499949	133	item_marker	78	33	1	delong	unexpected	an	a	elephant	bicycle	73	11	6.43	4.48	The highlight of Jack's trip to India was when he got to ride	in the parade.	False	n/a	n/a
976.6484375	0.2	500044	206	noun_unexpected	78	33	1	delong	unexpected	an	a	elephant	bicycle	73	11	6.43	4.48	The highlight of Jack's trip to India was when he got to ride	in the parade.	False	n/a	n/a
976.69921875	0.0	500070	200	cloze_marker	78	33	1	delong	unexpected	an	a	elephant	bicycle	73	11	6.43	4.48	The highlight of Jack's trip to India was when he got to ride	in the parade.	False	n/a	n/a
976.94140625	0.0	500194	133	item_marker	79	33	1	delong	unexpected	an	a	elephant	bicycle	73	11	6.43	4.48	The highlight of Jack's trip to India was when he got to ride	in the parade.	False	n/a	n/a
977.12890625	0.2	500290	255	filler_word	79	33	1	delong	unexpected	an	a	elephant	bicycle	73	11	6.43	4.48	The highlight of Jack's trip to India was when he got to ride	in the parade.	False	n/a	n/a
977.609375	0.2	500536	255	filler_word	79	33	1	delong	unexpected	an	a	elephant	bicycle	73	11	6.43	4.48	The highlight of Jack's trip to India was when he got to ride	in the parade.	False	n/a	n/a
978.087890625	0.2	500781	208	final_unexpected	79	33	1	delong	unexpected	an	a	elephant	bicycle	73	11	6.43	4.48	The highlight of Jack's trip to India was when he got to ride	in the parade.	False	n/a	n/a
1000.173828125	0.2	512089	255	filler_word	79	33	1	delong	unexpected	an	a	elephant	bicycle	73	11	6.43	4.48	The highlight of Jack's trip to India was when he got to ride	in the parade.	False	n/a	n/a
1000.654296875	0.2	512335	255	filler_word	79	33	1	delong	unexpected	an	a	elephant	bicycle	73	11	6.43	4.48	The highlight of Jack's trip to India was when he got to ride	in the parade.	False	n/a	n/a
1001.1328125	0.2	512580	255	filler_word	79	33	1	delong	unexpected	an	a	elephant	bicycle	73	11	6.43	4.48	The highlight of Jack's trip to India was when he got to ride	in the parade.	False	n/a	n/a
1001.61328125	0.2	512826	255	filler_word	79	33	1	delong	unexpected	an	a	elephant	bicycle	73	11	6.43	4.48	The highlight of Jack's trip to India was when he got to ride	in the parade.	False	n/a	n/a
1002.09375	0.2	513072	255	filler_word	79	33	1	delong	unexpected	an	a	elephant	bicycle	73	11	6.43	4.48	The highlight of Jack's trip to India was when he got to ride	in the parade.	False	n/a	n/a
1002.572265625	0.2	513317	255	filler_word	79	33	1	delong	unexpected	an	a	elephant	bicycle	73	11	6.43	4.48	The highlight of Jack's trip to India was when he got to ride	in the parade.	False	n/a	n/a
1003.052734375	0.2	513563	255	filler_word	79	33	1	delong	unexpected	an	a	elephant	bicycle	73	11	6.43	4.48	The highlight of Jack's trip to India was when he got to ride	in the parade.	False	n/a	n/a
1003.533203125	0.2	513809	255	filler_word	79	33	1	delong	unexpected	an	a	elephant	bicycle	73	11	6.43	4.48	The highlight of Jack's trip to India was when he got to ride	in the parade.	False	n/a	n/a
1004.01171875	0.2	514054	255	filler_word	79	33	1	delong	unexpected	an	a	elephant	bicycle	73	11	6.43	4.48	The highlight of Jack's trip to India was when he got to ride	in the parade.	False	n/a	n/a
1004.4921875	0.2	514300	255	filler_word	79	33	1	delong	unexpected	an	a	elephant	bicycle	73	11	6.43	4.48	The highlight of Jack's trip to India was when he got to ride	in the parade.	False	n/a	n/a
1004.97265625	0.2	514546	255	filler_word	79	33	1	delong	unexpected	an	a	elephant	bicycle	73	11	6.43	4.48	The highlight of Jack's trip to India was when he got to ride	in the parade.	False	n/a	n/a
1005.451171875	0.2	514791	255	filler_word	79	33	1	delong	unexpected	an	a	elephant	bicycle	73	11	6.43	4.48	The highlight of Jack's trip to India was when he got to ride	in the parade.	False	n/a	n/a
1005.931640625	0.2	515037	255	filler_word	79	33	1	delong	unexpected	an	a	elephant	bicycle	73	11	6.43	4.48	The highlight of Jack's trip to India was when he got to ride	in the parade.	False	n/a	n/a
1006.412109375	0.2	515283	255	filler_word	79	33	1	delong	unexpected	an	a	elephant	bicycle	73	11	6.43	4.48	The highlight of Jack's trip to India was when he got to ride	in the parade.	False	n/a	n/a
1006.890625	0.2	515528	255	filler_word	79	33	1	delong	unexpected	an	a	elephant	bicycle	73	11	6.43	4.48	The highlight of Jack's trip to India was when he got to ride	in the parade.	False	n/a	n/a
1007.37109375	0.2	515774	255	filler_word	79	33	1	delong	unexpected	an	a	elephant	bicycle	73	11	6.43	4.48	The highlight of Jack's trip to India was when he got to ride	in the parade.	False	n/a	n/a
1007.8515625	0.2	516020	204	an_unexpected	79	33	1	delong	unexpected	an	a	elephant	bicycle	73	11	6.43	4.48	The highlight of Jack's trip to India was when he got to ride	in the parade.	False	n/a	n/a
1007.900390625	0.0	516045	5	cloze_marker	79	33	1	delong	unexpected	an	a	elephant	bicycle	73	11	6.43	4.48	The highlight of Jack's trip to India was when he got to ride	in the parade.	False	n/a	n/a
1008.14453125	0.0	516170	154	item_marker	80	54	1	delong	unexpected	a	an	director	actor	93	5	6.17	5.55	From a young age Steven had an interest in filmmaking and had always dreamed of being	when he grew up.	True	Was Steven interested in art?	no
1008.330078125	0.2	516265	206	noun_unexpected	80	54	1	delong	unexpected	a	an	director	actor	93	5	6.17	5.55	From a young age Steven had an interest in filmmaking and had always dreamed of being	when he grew up.	True	Was Steven interested in art?	no
1008.380859375	0.0	516291	30	cloze_marker	80	54	1	delong	unexpected	a	an	director	actor	93	5	6.17	5.55	From a young age Steven had an interest in filmmaking and had always dreamed of being	when he grew up.	True	Was Steven interested in art?	no
1008.625	0.0	516416	154	item_marker	81	54	1	delong	unexpected	a	an	director	actor	93	5	6.17	5.55	From a young age Steven had an interest in filmmaking and had always dreamed of being	when he grew up.	True	Was Steven interested in art?	no
1008.810546875	0.2	516511	255	filler_word	81	54	1	delong	unexpected	a	an	director	actor	93	5	6.17	5.55	From a young age Steven had an interest in filmmaking and had always dreamed of being	when he grew up.	True	Was Steven interested in art?	no
1009.291015625	0.2	516757	255	filler_word	81	54	1	delong	unexpected	a	an	director	actor	93	5	6.17	5.55	From a young age Steven had an interest in filmmaking and had always dreamed of being	when he grew up.	True	Was Steven interested in art?	no
1009.76953125	0.2	517002	255	filler_word	81	54	1	delong	unexpected	a	an	director	actor	93	5	6.17	5.55	From a young age Steven had an interest in filmmaking and had always dreamed of being	when he grew up.	True	Was Steven interested in art?	no
1010.25	0.2	517248	208	final_unexpected	81	54	1	delong	unexpected	a	an	director	actor	93	5	6.17	5.55	From a young age Steven had an interest in filmmaking and had always dreamed of being	when he grew up.	True	Was Steven interested in art?	no
1017.353515625	0.2	520885	255	filler_word	81	54	1	delong	unexpected	a	an	director	actor	93	5	6.17	5.55	From a young age Steven had an interest in filmmaking and had always dreamed of being	when he grew up.	True	Was Steven interested in art?	no
1017.833984375	0.2	521131	255	filler_word	81	54	1	delong	unexpected	a	an	director	actor	93	5	6.17	5.55	From a young age Steven had an interest in filmmaking and had always dreamed of being	when he grew up.	True	Was Steven interested in art?	no
1018.314453125	0.2	521377	255	filler_word	81	54	1	delong	unexpected	a	an	director	actor	93	5	6.17	5.55	From a young age Steven had an interest in filmmaking and had always dreamed of being	when he grew up.	True	Was Steven interested in art?	no
1018.79296875	0.2	521622	255	filler_word	81	54	1	delong	unexpected	a	an	director	actor	93	5	6.17	5.55	From a young age Steven had an interest in filmmaking and had always dreamed of being	when he grew up.	True	Was Steven interested in art?	no
1019.2734375	0.2	521868	255	filler_word	81	54	1	delong	unexpected	a	an	director	actor	93	5	6.17	5.55	From a young age Steven had an interest in filmmaking and had always dreamed of being	when he grew up.	True	Was Steven interested in art?	no
1019.75390625	0.2	522114	255	filler_word	81	54	1	delong	unexpected	a	an	director	actor	93	5	6.17	5.55	From a young age Steven had an interest in filmmaking and had always dreamed of being	when he grew up.	True	Was Steven interested in art?	no
1020.232421875	0.2	522359	255	filler_word	81	54	1	delong	unexpected	a	an	director	actor	93	5	6.17	5.55	From a young age Steven had an interest in filmmaking and had always dreamed of being	when he grew up.	True	Was Steven interested in art?	no
1020.712890625	0.2	522605	255	filler_word	81	54	1	delong	unexpected	a	an	director	actor	93	5	6.17	5.55	From a young age Steven had an interest in filmmaking and had always dreamed of being	when he grew up.	True	Was Steven interested in art?	no
1021.193359375	0.2	522851	255	filler_word	81	54	1	delong	unexpected	a	an	director	actor	93	5	6.17	5.55	From a young age Steven had an interest in filmmaking and had always dreamed of being	when he grew up.	True	Was Steven interested in art?	no
1021.671875	0.2	523096	255	filler_word	81	54	1	delong	unexpected	a	an	director	actor	93	5	6.17	5.55	From a young age Steven had an interest in filmmaking and had always dreamed of being	when he grew up.	True	Was Steven interested in art?	no
1022.15234375	0.2	523342	255	filler_word	81	54	1	delong	unexpected	a	an	director	actor	93	5	6.17	5.55	From a young age Steven had an interest in filmmaking and had always dreamed of being	when he grew up.	True	Was Steven interested in art?	no
1022.6328125	0.2	523588	255	filler_word	81	54	1	delong	unexpected	a	an	director	actor	93	5	6.17	5.55	From a young age Steven had an interest in filmmaking and had always dreamed of being	when he grew up.	True	Was Steven interested in art?	no
1023.11328125	0.2	523834	255	filler_word	81	54	1	delong	unexpected	a	an	director	actor	93	5	6.17	5.55	From a young age Steven had an interest in filmmaking and had always dreamed of being	when he grew up.	True	Was Steven interested in art?	no
1023.591796875	0.2	524079	255	filler_word	81	54	1	delong	unexpected	a	an	director	actor	93	5	6.17	5.55	From a young age Steven had an interest in filmmaking and had always dreamed of being	when he grew up.	True	Was Steven interested in art?	no
1024.072265625	0.2	524325	255	filler_word	81	54	1	delong	unexpected	a	an	director	actor	93	5	6.17	5.55	From a young age Steven had an interest in filmmaking and had always dreamed of being	when he grew up.	True	Was Steven interested in art?	no
1024.552734375	0.2	524571	255	filler_word	81	54	1	delong	unexpected	a	an	director	actor	93	5	6.17	5.55	From a young age Steven had an interest in filmmaking and had always dreamed of being	when he grew up.	True	Was Steven interested in art?	no
1025.03125	0.2	524816	255	filler_word	81	54	1	delong	unexpected	a	an	director	actor	93	5	6.17	5.55	From a young age Steven had an interest in filmmaking and had always dreamed of being	when he grew up.	True	Was Steven interested in art?	no
1025.51171875	0.2	525062	255	filler_word	81	54	1	delong	unexpected	a	an	director	actor	93	5	6.17	5.55	From a young age Steven had an interest in filmmaking and had always dreamed of being	when he grew up.	True	Was Steven interested in art?	no
1025.9921875	0.2	525308	255	filler_word	81	54	1	delong	unexpected	a	an	director	actor	93	5	6.17	5.55	From a young age Steven had an interest in filmmaking and had always dreamed of being	when he grew up.	True	Was Steven interested in art?	no
1026.470703125	0.2	525553	255	filler_word	81	54	1	delong	unexpected	a	an	director	actor	93	5	6.17	5.55	From a young age Steven had an interest in filmmaking and had always dreamed of being	when he grew up.	True	Was Steven interested in art?	no
1026.951171875	0.2	525799	202	an_expected	81	54	1	delong	unexpected	a	an	director	actor	93	5	6.17	5.55	From a young age Steven had an interest in filmmaking and had always dreamed of being	when he grew up.	True	Was Steven interested in art?	no
1027.0	0.0	525824	77	cloze_marker	81	54	1	delong	unexpected	a	an	director	actor	93	5	6.17	5.55	From a young age Steven had an interest in filmmaking and had always dreamed of being	when he grew up.	True	Was Steven interested in art?	no
1027.244140625	0.0	525949	144	item_marker	82	44	1	delong	expected	an	a	envelope	stamp	77	0	5.87	5.06	When Wendy went to pay for the birthday card the clerk pointed out that she had forgotten to pick up	along with it.	False	n/a	n/a
1027.431640625	0.2	526045	205	noun_expected	82	44	1	delong	expected	an	a	envelope	stamp	77	0	5.87	5.06	When Wendy went to pay for the birthday card the clerk pointed out that she had forgotten to pick up	along with it.	False	n/a	n/a
1027.48046875	0.0	526070	90	cloze_marker	82	44	1	delong	expected	an	a	envelope	stamp	77	0	5.87	5.06	When Wendy went to pay for the birthday card the clerk pointed out that she had forgotten to pick up	along with it.	False	n/a	n/a
1027.724609375	0.0	526195	144	item_marker	83	44	1	delong	expected	an	a	envelope	stamp	77	0	5.87	5.06	When Wendy went to pay for the birthday card the clerk pointed out that she had forgotten to pick up	along with it.	False	n/a	n/a
1027.91015625	0.2	526290	255	filler_word	83	44	1	delong	expected	an	a	envelope	stamp	77	0	5.87	5.06	When Wendy went to pay for the birthday card the clerk pointed out that she had forgotten to pick up	along with it.	False	n/a	n/a
1028.390625	0.2	526536	255	filler_word	83	44	1	delong	expected	an	a	envelope	stamp	77	0	5.87	5.06	When Wendy went to pay for the birthday card the clerk pointed out that she had forgotten to pick up	along with it.	False	n/a	n/a
1028.87109375	0.2	526782	207	final_expected	83	44	1	delong	expected	an	a	envelope	stamp	77	0	5.87	5.06	When Wendy went to pay for the birthday card the clerk pointed out that she had forgotten to pick up	along with it.	False	n/a	n/a
1031.921875	0.2	528344	255	filler_word	83	44	1	delong	expected	an	a	envelope	stamp	77	0	5.87	5.06	When Wendy went to pay for the birthday card the clerk pointed out that she had forgotten to pick up	along with it.	False	n/a	n/a
1032.40234375	0.2	528590	255	filler_word	83	44	1	delong	expected	an	a	envelope	stamp	77	0	5.87	5.06	When Wendy went to pay for the birthday card the clerk pointed out that she had forgotten to pick up	along with it.	False	n/a	n/a
1032.8828125	0.2	528836	255	filler_word	83	44	1	delong	expected	an	a	envelope	stamp	77	0	5.87	5.06	When Wendy went to pay for the birthday card the clerk pointed out that she had forgotten to pick up	along with it.	False	n/a	n/a
1033.361328125	0.2	529081	255	filler_word	83	44	1	delong	expected	an	a	envelope	stamp	77	0	5.87	5.06	When Wendy went to pay for the birthday card the clerk pointed out that she had forgotten to pick up	along with it.	False	n/a	n/a
1033.841796875	0.2	529327	255	filler_word	83	44	1	delong	expected	an	a	envelope	stamp	77	0	5.87	5.06	When Wendy went to pay for the birthday card the clerk pointed out that she had forgotten to pick up	along with it.	False	n/a	n/a
1034.322265625	0.2	529573	255	filler_word	83	44	1	delong	expected	an	a	envelope	stamp	77	0	5.87	5.06	When Wendy went to pay for the birthday card the clerk pointed out that she had forgotten to pick up	along with it.	False	n/a	n/a
1034.80078125	0.2	529818	255	filler_word	83	44	1	delong	expected	an	a	envelope	stamp	77	0	5.87	5.06	When Wendy went to pay for the birthday card the clerk pointed out that she had forgotten to pick up	along with it.	False	n/a	n/a
1035.28125	0.2	530064	255	filler_word	83	44	1	delong	expected	an	a	envelope	stamp	77	0	5.87	5.06	When Wendy went to pay for the birthday card the clerk pointed out that she had forgotten to pick up	along with it.	False	n/a	n/a
1035.76171875	0.2	530310	255	filler_word	83	44	1	delong	expected	an	a	envelope	stamp	77	0	5.87	5.06	When Wendy went to pay for the birthday card the clerk pointed out that she had forgotten to pick up	along with it.	False	n/a	n/a
1036.240234375	0.2	530555	255	filler_word	83	44	1	delong	expected	an	a	envelope	stamp	77	0	5.87	5.06	When Wendy went to pay for the birthday card the clerk pointed out that she had forgotten to pick up	along with it.	False	n/a	n/a
1036.720703125	0.2	530801	255	filler_word	83	44	1	delong	expected	an	a	envelope	stamp	77	0	5.87	5.06	When Wendy went to pay for the birthday card the clerk pointed out that she had forgotten to pick up	along with it.	False	n/a	n/a
1037.201171875	0.2	531047	255	filler_word	83	44	1	delong	expected	an	a	envelope	stamp	77	0	5.87	5.06	When Wendy went to pay for the birthday card the clerk pointed out that she had forgotten to pick up	along with it.	False	n/a	n/a
1037.6796875	0.2	531292	255	filler_word	83	44	1	delong	expected	an	a	envelope	stamp	77	0	5.87	5.06	When Wendy went to pay for the birthday card the clerk pointed out that she had forgotten to pick up	along with it.	False	n/a	n/a
1038.16015625	0.2	531538	255	filler_word	83	44	1	delong	expected	an	a	envelope	stamp	77	0	5.87	5.06	When Wendy went to pay for the birthday card the clerk pointed out that she had forgotten to pick up	along with it.	False	n/a	n/a
1038.640625	0.2	531784	255	filler_word	83	44	1	delong	expected	an	a	envelope	stamp	77	0	5.87	5.06	When Wendy went to pay for the birthday card the clerk pointed out that she had forgotten to pick up	along with it.	False	n/a	n/a
1039.119140625	0.2	532029	203	a_unexpected	83	44	1	delong	expected	an	a	envelope	stamp	77	0	5.87	5.06	When Wendy went to pay for the birthday card the clerk pointed out that she had forgotten to pick up	along with it.	False	n/a	n/a
1039.169921875	0.0	532055	9	cloze_marker	83	44	1	delong	expected	an	a	envelope	stamp	77	0	5.87	5.06	When Wendy went to pay for the birthday card the clerk pointed out that she had forgotten to pick up	along with it.	False	n/a	n/a
1039.412109375	0.0	532179	141	item_marker	84	41	1	delong	unexpected	an	a	adult	parent	91	9	5.58	4.7	In order to get into an R-rated movie children under 17 must be accompanied by	or legal guardian.	False	n/a	n/a
1039.599609375	0.2	532275	206	noun_unexpected	84	41	1	delong	unexpected	an	a	adult	parent	91	9	5.58	4.7	In order to get into an R-rated movie children under 17 must be accompanied by	or legal guardian.	False	n/a	n/a
1039.650390625	0.0	532301	7	cloze_marker	84	41	1	delong	unexpected	an	a	adult	parent	91	9	5.58	4.7	In order to get into an R-rated movie children under 17 must be accompanied by	or legal guardian.	False	n/a	n/a
1039.892578125	0.0	532425	141	item_marker	85	41	1	delong	unexpected	an	a	adult	parent	91	9	5.58	4.7	In order to get into an R-rated movie children under 17 must be accompanied by	or legal guardian.	False	n/a	n/a
1040.080078125	0.2	532521	255	filler_word	85	41	1	delong	unexpected	an	a	adult	parent	91	9	5.58	4.7	In order to get into an R-rated movie children under 17 must be accompanied by	or legal guardian.	False	n/a	n/a
1040.55859375	0.2	532766	255	filler_word	85	41	1	delong	unexpected	an	a	adult	parent	91	9	5.58	4.7	In order to get into an R-rated movie children under 17 must be accompanied by	or legal guardian.	False	n/a	n/a
1041.0390625	0.2	533012	208	final_unexpected	85	41	1	delong	unexpected	an	a	adult	parent	91	9	5.58	4.7	In order to get into an R-rated movie children under 17 must be accompanied by	or legal guardian.	False	n/a	n/a
1045.583984375	0.2	535339	255	filler_word	85	41	1	delong	unexpected	an	a	adult	parent	91	9	5.58	4.7	In order to get into an R-rated movie children under 17 must be accompanied by	or legal guardian.	False	n/a	n/a
1046.064453125	0.2	535585	255	filler_word	85	41	1	delong	unexpected	an	a	adult	parent	91	9	5.58	4.7	In order to get into an R-rated movie children under 17 must be accompanied by	or legal guardian.	False	n/a	n/a
1046.54296875	0.2	535830	255	filler_word	85	41	1	delong	unexpected	an	a	adult	parent	91	9	5.58	4.7	In order to get into an R-rated movie children under 17 must be accompanied by	or legal guardian.	False	n/a	n/a
1047.0234375	0.2	536076	255	filler_word	85	41	1	delong	unexpected	an	a	adult	parent	91	9	5.58	4.7	In order to get into an R-rated movie children under 17 must be accompanied by	or legal guardian.	False	n/a	n/a
1047.50390625	0.2	536322	255	filler_word	85	41	1	delong	unexpected	an	a	adult	parent	91	9	5.58	4.7	In order to get into an R-rated movie children under 17 must be accompanied by	or legal guardian.	False	n/a	n/a
1047.982421875	0.2	536567	255	filler_word	85	41	1	delong	unexpected	an	a	adult	parent	91	9	5.58	4.7	In order to get into an R-rated movie children under 17 must be accompanied by	or legal guardian.	False	n/a	n/a
1048.462890625	0.2	536813	255	filler_word	85	41	1	delong	unexpected	an	a	adult	parent	91	9	5.58	4.7	In order to get into an R-rated movie children under 17 must be accompanied by	or legal guardian.	False	n/a	n/a
1048.943359375	0.2	537059	255	filler_word	85	41	1	delong	unexpected	an	a	adult	parent	91	9	5.58	4.7	In order to get into an R-rated movie children under 17 must be accompanied by	or legal guardian.	False	n/a	n/a
1049.421875	0.2	537304	255	filler_word	85	41	1	delong	unexpected	an	a	adult	parent	91	9	5.58	4.7	In order to get into an R-rated movie children under 17 must be accompanied by	or legal guardian.	False	n/a	n/a
1049.90234375	0.2	537550	255	filler_word	85	41	1	delong	unexpected	an	a	adult	parent	91	9	5.58	4.7	In order to get into an R-rated movie children under 17 must be accompanied by	or legal guardian.	False	n/a	n/a
1050.3828125	0.2	537796	255	filler_word	85	41	1	delong	unexpected	an	a	adult	parent	91	9	5.58	4.7	In order to get into an R-rated movie children under 17 must be accompanied by	or legal guardian.	False	n/a	n/a
1050.861328125	0.2	538041	255	filler_word	85	41	1	delong	unexpected	an	a	adult	parent	91	9	5.58	4.7	In order to get into an R-rated movie children under 17 must be accompanied by	or legal guardian.	False	n/a	n/a
1051.341796875	0.2	538287	255	filler_word	85	41	1	delong	unexpected	an	a	adult	parent	91	9	5.58	4.7	In order to get into an R-rated movie children under 17 must be accompanied by	or legal guardian.	False	n/a	n/a
1051.822265625	0.2	538533	255	filler_word	85	41	1	delong	unexpected	an	a	adult	parent	91	9	5.58	4.7	In order to get into an R-rated movie children under 17 must be accompanied by	or legal guardian.	False	n/a	n/a
1052.30078125	0.2	538778	255	filler_word	85	41	1	delong	unexpected	an	a	adult	parent	91	9	5.58	4.7	In order to get into an R-rated movie children under 17 must be accompanied by	or legal guardian.	False	n/a	n/a
1052.78125	0.2	539024	204	an_unexpected	85	41	1	delong	unexpected	an	a	adult	parent	91	9	5.58	4.7	In order to get into an R-rated movie children under 17 must be accompanied by	or legal guardian.	False	n/a	n/a
1052.83203125	0.0	539050	200	cloze_marker	85	41	1	delong	unexpected	an	a	adult	parent	91	9	5.58	4.7	In order to get into an R-rated movie children under 17 must be accompanied by	or legal guardian.	False	n/a	n/a
1053.07421875	0.0	539174	142	item_marker	86	42	1	delong	unexpected	a	an	parent	adult	91	0	5.74	4.2	Older children often have a harder time than younger children dealing with the loss of	who has cared for them.	False	n/a	n/a
1053.26171875	0.2	539270	206	noun_unexpected	86	42	1	delong	unexpected	a	an	parent	adult	91	0	5.74	4.2	Older children often have a harder time than younger children dealing with the loss of	who has cared for them.	False	n/a	n/a
1053.310546875	0.0	539295	13	cloze_marker	86	42	1	delong	unexpected	a	an	parent	adult	91	0	5.74	4.2	Older children often have a harder time than younger children dealing with the loss of	who has cared for them.	False	n/a	n/a
1053.5546875	0.0	539420	142	item_marker	87	42	1	delong	unexpected	a	an	parent	adult	91	0	5.74	4.2	Older children often have a harder time than younger children dealing with the loss of	who has cared for them.	False	n/a	n/a
1053.7421875	0.2	539516	255	filler_word	87	42	1	delong	unexpected	a	an	parent	adult	91	0	5.74	4.2	Older children often have a harder time than younger children dealing with the loss of	who has cared for them.	False	n/a	n/a
1054.220703125	0.2	539761	255	filler_word	87	42	1	delong	unexpected	a	an	parent	adult	91	0	5.74	4.2	Older children often have a harder time than younger children dealing with the loss of	who has cared for them.	False	n/a	n/a
1054.701171875	0.2	540007	255	filler_word	87	42	1	delong	unexpected	a	an	parent	adult	91	0	5.74	4.2	Older children often have a harder time than younger children dealing with the loss of	who has cared for them.	False	n/a	n/a
1055.181640625	0.2	540253	255	filler_word	87	42	1	delong	unexpected	a	an	parent	adult	91	0	5.74	4.2	Older children often have a harder time than younger children dealing with the loss of	who has cared for them.	False	n/a	n/a
1055.66015625	0.2	540498	208	final_unexpected	87	42	1	delong	unexpected	a	an	parent	adult	91	0	5.74	4.2	Older children often have a harder time than younger children dealing with the loss of	who has cared for them.	False	n/a	n/a
1059.552734375	0.2	542491	255	filler_word	87	42	1	delong	unexpected	a	an	parent	adult	91	0	5.74	4.2	Older children often have a harder time than younger children dealing with the loss of	who has cared for them.	False	n/a	n/a
1060.033203125	0.2	542737	255	filler_word	87	42	1	delong	unexpected	a	an	parent	adult	91	0	5.74	4.2	Older children often have a harder time than younger children dealing with the loss of	who has cared for them.	False	n/a	n/a
1060.51171875	0.2	542982	255	filler_word	87	42	1	delong	unexpected	a	an	parent	adult	91	0	5.74	4.2	Older children often have a harder time than younger children dealing with the loss of	who has cared for them.	False	n/a	n/a
1060.9921875	0.2	543228	255	filler_word	87	42	1	delong	unexpected	a	an	parent	adult	91	0	5.74	4.2	Older children often have a harder time than younger children dealing with the loss of	who has cared for them.	False	n/a	n/a
1061.47265625	0.2	543474	255	filler_word	87	42	1	delong	unexpected	a	an	parent	adult	91	0	5.74	4.2	Older children often have a harder time than younger children dealing with the loss of	who has cared for them.	False	n/a	n/a
1061.951171875	0.2	543719	255	filler_word	87	42	1	delong	unexpected	a	an	parent	adult	91	0	5.74	4.2	Older children often have a harder time than younger children dealing with the loss of	who has cared for them.	False	n/a	n/a
1062.431640625	0.2	543965	255	filler_word	87	42	1	delong	unexpected	a	an	parent	adult	91	0	5.74	4.2	Older children often have a harder time than younger children dealing with the loss of	who has cared for them.	False	n/a	n/a
1062.912109375	0.2	544211	255	filler_word	87	42	1	delong	unexpected	a	an	parent	adult	91	0	5.74	4.2	Older children often have a harder time than younger children dealing with the loss of	who has cared for them.	False	n/a	n/a
1063.390625	0.2	544456	255	filler_word	87	42	1	delong	unexpected	a	an	parent	adult	91	0	5.74	4.2	Older children often have a harder time than younger children dealing with the loss of	who has cared for them.	False	n/a	n/a
1063.87109375	0.2	544702	255	filler_word	87	42	1	delong	unexpected	a	an	parent	adult	91	0	5.74	4.2	Older children often have a harder time than younger children dealing with the loss of	who has cared for them.	False	n/a	n/a
1064.3515625	0.2	544948	255	filler_word	87	42	1	delong	unexpected	a	an	parent	adult	91	0	5.74	4.2	Older children often have a harder time than younger children dealing with the loss of	who has cared for them.	False	n/a	n/a
1064.830078125	0.2	545193	255	filler_word	87	42	1	delong	unexpected	a	an	parent	adult	91	0	5.74	4.2	Older children often have a harder time than younger children dealing with the loss of	who has cared for them.	False	n/a	n/a
1065.310546875	0.2	545439	255	filler_word	87	42	1	delong	unexpected	a	an	parent	adult	91	0	5.74	4.2	Older children often have a harder time than younger children dealing with the loss of	who has cared for them.	False	n/a	n/a
1065.791015625	0.2	545685	255	filler_word	87	42	1	delong	unexpected	a	an	parent	adult	91	0	5.74	4.2	Older children often have a harder time than younger children dealing with the loss of	who has cared for them.	False	n/a	n/a
1066.26953125	0.2	545930	255	filler_word	87	42	1	delong	unexpected	a	an	parent	adult	91	0	5.74	4.2	Older children often have a harder time than younger children dealing with the loss of	who has cared for them.	False	n/a	n/a
1066.75	0.2	546176	255	filler_word	87	42	1	delong	unexpected	a	an	parent	adult	91	0	5.74	4.2	Older children often have a harder time than younger children dealing with the loss of	who has cared for them.	False	n/a	n/a
1067.23046875	0.2	546422	255	filler_word	87	42	1	delong	unexpected	a	an	parent	adult	91	0	5.74	4.2	Older children often have a harder time than younger children dealing with the loss of	who has cared for them.	False	n/a	n/a
1067.708984375	0.2	546667	255	filler_word	87	42	1	delong	unexpected	a	an	parent	adult	91	0	5.74	4.2	Older children often have a harder time than younger children dealing with the loss of	who has cared for them.	False	n/a	n/a
1068.189453125	0.2	546913	202	an_expected	87	42	1	delong	unexpected	a	an	parent	adult	91	0	5.74	4.2	Older children often have a harder time than younger children dealing with the loss of	who has cared for them.	False	n/a	n/a
1068.23828125	0.0	546938	68	cloze_marker	87	42	1	delong	unexpected	a	an	parent	adult	91	0	5.74	4.2	Older children often have a harder time than younger children dealing with the loss of	who has cared for them.	False	n/a	n/a
1068.482421875	0.0	547063	155	item_marker	88	55	1	delong	expected	an	a	audience	crowd	68	25	6.61	6.07	Dana enjoyed singing in private but was scared to death at the thought of performing in front of	at the concert.	False	n/a	n/a
1068.669921875	0.2	547159	205	noun_expected	88	55	1	delong	expected	an	a	audience	crowd	68	25	6.61	6.07	Dana enjoyed singing in private but was scared to death at the thought of performing in front of	at the concert.	False	n/a	n/a
1068.71875	0.0	547184	93	cloze_marker	88	55	1	delong	expected	an	a	audience	crowd	68	25	6.61	6.07	Dana enjoyed singing in private but was scared to death at the thought of performing in front of	at the concert.	False	n/a	n/a
1068.962890625	0.0	547309	155	item_marker	89	55	1	delong	expected	an	a	audience	crowd	68	25	6.61	6.07	Dana enjoyed singing in private but was scared to death at the thought of performing in front of	at the concert.	False	n/a	n/a
1069.1484375	0.2	547404	255	filler_word	89	55	1	delong	expected	an	a	audience	crowd	68	25	6.61	6.07	Dana enjoyed singing in private but was scared to death at the thought of performing in front of	at the concert.	False	n/a	n/a
1069.62890625	0.2	547650	255	filler_word	89	55	1	delong	expected	an	a	audience	crowd	68	25	6.61	6.07	Dana enjoyed singing in private but was scared to death at the thought of performing in front of	at the concert.	False	n/a	n/a
1070.109375	0.2	547896	207	final_expected	89	55	1	delong	expected	an	a	audience	crowd	68	25	6.61	6.07	Dana enjoyed singing in private but was scared to death at the thought of performing in front of	at the concert.	False	n/a	n/a
1073.654296875	0.2	549711	255	filler_word	89	55	1	delong	expected	an	a	audience	crowd	68	25	6.61	6.07	Dana enjoyed singing in private but was scared to death at the thought of performing in front of	at the concert.	False	n/a	n/a
1074.134765625	0.2	549957	255	filler_word	89	55	1	delong	expected	an	a	audience	crowd	68	25	6.61	6.07	Dana enjoyed singing in private but was scared to death at the thought of performing in front of	at the concert.	False	n/a	n/a
1074.61328125	0.2	550202	255	filler_word	89	55	1	delong	expected	an	a	audience	crowd	68	25	6.61	6.07	Dana enjoyed singing in private but was scared to death at the thought of performing in front of	at the concert.	False	n/a	n/a
1075.09375	0.2	550448	255	filler_word	89	55	1	delong	expected	an	a	audience	crowd	68	25	6.61	6.07	Dana enjoyed singing in private but was scared to death at the thought of performing in front of	at the concert.	False	n/a	n/a
1075.57421875	0.2	550694	255	filler_word	89	55	1	delong	expected	an	a	audience	crowd	68	25	6.61	6.07	Dana enjoyed singing in private but was scared to death at the thought of performing in front of	at the concert.	False	n/a	n/a
1076.052734375	0.2	550939	255	filler_word	89	55	1	delong	expected	an	a	audience	crowd	68	25	6.61	6.07	Dana enjoyed singing in private but was scared to death at the thought of performing in front of	at the concert.	False	n/a	n/a
1076.533203125	0.2	551185	255	filler_word	89	55	1	delong	expected	an	a	audience	crowd	68	25	6.61	6.07	Dana enjoyed singing in private but was scared to death at the thought of performing in front of	at the concert.	False	n/a	n/a
1077.013671875	0.2	551431	255	filler_word	89	55	1	delong	expected	an	a	audience	crowd	68	25	6.61	6.07	Dana enjoyed singing in private but was scared to death at the thought of performing in front of	at the concert.	False	n/a	n/a
1077.4921875	0.2	551676	255	filler_word	89	55	1	delong	expected	an	a	audience	crowd	68	25	6.61	6.07	Dana enjoyed singing in private but was scared to death at the thought of performing in front of	at the concert.	False	n/a	n/a
1077.97265625	0.2	551922	255	filler_word	89	55	1	delong	expected	an	a	audience	crowd	68	25	6.61	6.07	Dana enjoyed singing in private but was scared to death at the thought of performing in front of	at the concert.	False	n/a	n/a
1078.453125	0.2	552168	255	filler_word	89	55	1	delong	expected	an	a	audience	crowd	68	25	6.61	6.07	Dana enjoyed singing in private but was scared to death at the thought of performing in front of	at the concert.	False	n/a	n/a
1078.931640625	0.2	552413	255	filler_word	89	55	1	delong	expected	an	a	audience	crowd	68	25	6.61	6.07	Dana enjoyed singing in private but was scared to death at the thought of performing in front of	at the concert.	False	n/a	n/a
1079.412109375	0.2	552659	255	filler_word	89	55	1	delong	expected	an	a	audience	crowd	68	25	6.61	6.07	Dana enjoyed singing in private but was scared to death at the thought of performing in front of	at the concert.	False	n/a	n/a
1079.892578125	0.2	552905	202	an_expected	89	55	1	delong	expected	an	a	audience	crowd	68	25	6.61	6.07	Dana enjoyed singing in private but was scared to death at the thought of performing in front of	at the concert.	False	n/a	n/a
1079.94140625	0.0	552930	75	cloze_marker	89	55	1	delong	expected	an	a	audience	crowd	68	25	6.61	6.07	Dana enjoyed singing in private but was scared to death at the thought of performing in front of	at the concert.	False	n/a	n/a
1080.185546875	0.0	553055	151	item_marker	90	51	1	delong	expected	an	a	author	success	75	25	6.03	6.19	After Joanne's first book was published she finally felt she could call herself	in front of her peers.	True	Was this Joanne's first book?	yes
1080.37109375	0.2	553150	205	noun_expected	90	51	1	delong	expected	an	a	author	success	75	25	6.03	6.19	After Joanne's first book was published she finally felt she could call herself	in front of her peers.	True	Was this Joanne's first book?	yes
1080.421875	0.0	553176	90	cloze_marker	90	51	1	delong	expected	an	a	author	success	75	25	6.03	6.19	After Joanne's first book was published she finally felt she could call herself	in front of her peers.	True	Was this Joanne's first book?	yes
1080.6640625	0.0	553300	151	item_marker	91	51	1	delong	expected	an	a	author	success	75	25	6.03	6.19	After Joanne's first book was published she finally felt she could call herself	in front of her peers.	True	Was this Joanne's first book?	yes
1080.8515625	0.2	553396	255	filler_word	91	51	1	delong	expected	an	a	author	success	75	25	6.03	6.19	After Joanne's first book was published she finally felt she could call herself	in front of her peers.	True	Was this Joanne's first book?	yes
1081.33203125	0.2	553642	255	filler_word	91	51	1	delong	expected	an	a	author	success	75	25	6.03	6.19	After Joanne's first book was published she finally felt she could call herself	in front of her peers.	True	Was this Joanne's first book?	yes
1081.810546875	0.2	553887	255	filler_word	91	51	1	delong	expected	an	a	author	success	75	25	6.03	6.19	After Joanne's first book was published she finally felt she could call herself	in front of her peers.	True	Was this Joanne's first book?	yes
1082.291015625	0.2	554133	255	filler_word	91	51	1	delong	expected	an	a	author	success	75	25	6.03	6.19	After Joanne's first book was published she finally felt she could call herself	in front of her peers.	True	Was this Joanne's first book?	yes
1082.771484375	0.2	554379	207	final_expected	91	51	1	delong	expected	an	a	author	success	75	25	6.03	6.19	After Joanne's first book was published she finally felt she could call herself	in front of her peers.	True	Was this Joanne's first book?	yes
1089.03515625	0.2	557586	255	filler_word	91	51	1	delong	expected	an	a	author	success	75	25	6.03	6.19	After Joanne's first book was published she finally felt she could call herself	in front of her peers.	True	Was this Joanne's first book?	yes
1089.515625	0.2	557832	255	filler_word	91	51	1	delong	expected	an	a	author	success	75	25	6.03	6.19	After Joanne's first book was published she finally felt she could call herself	in front of her peers.	True	Was this Joanne's first book?	yes
1089.994140625	0.2	558077	255	filler_word	91	51	1	delong	expected	an	a	author	success	75	25	6.03	6.19	After Joanne's first book was published she finally felt she could call herself	in front of her peers.	True	Was this Joanne's first book?	yes
1090.474609375	0.2	558323	255	filler_word	91	51	1	delong	expected	an	a	author	success	75	25	6.03	6.19	After Joanne's first book was published she finally felt she could call herself	in front of her peers.	True	Was this Joanne's first book?	yes
1090.955078125	0.2	558569	255	filler_word	91	51	1	delong	expected	an	a	author	success	75	25	6.03	6.19	After Joanne's first book was published she finally felt she could call herself	in front of her peers.	True	Was this Joanne's first book?	yes
1091.43359375	0.2	558814	255	filler_word	91	51	1	delong	expected	an	a	author	success	75	25	6.03	6.19	After Joanne's first book was published she finally felt she could call herself	in front of her peers.	True	Was this Joanne's first book?	yes
1091.9140625	0.2	559060	255	filler_word	91	51	1	delong	expected	an	a	author	success	75	25	6.03	6.19	After Joanne's first book was published she finally felt she could call herself	in front of her peers.	True	Was this Joanne's first book?	yes
1092.39453125	0.2	559306	203	a_unexpected	91	51	1	delong	expected	an	a	author	success	75	25	6.03	6.19	After Joanne's first book was published she finally felt she could call herself	in front of her peers.	True	Was this Joanne's first book?	yes
1092.443359375	0.0	559331	11	cloze_marker	91	51	1	delong	expected	an	a	author	success	75	25	6.03	6.19	After Joanne's first book was published she finally felt she could call herself	in front of her peers.	True	Was this Joanne's first book?	yes
1092.6875	0.0	559456	157	item_marker	92	57	1	delong	unexpected	an	a	escalator	wheelchair	34	11	5.87	1.94	Damon preferred climbing stairs over going up	because it had given him the chance to get a little exercise.	True	Did Damon prefer stairs over lifts?	yes
1092.873046875	0.2	559551	206	noun_unexpected	92	57	1	delong	unexpected	an	a	escalator	wheelchair	34	11	5.87	1.94	Damon preferred climbing stairs over going up	because it had given him the chance to get a little exercise.	True	Did Damon prefer stairs over lifts?	yes
1092.923828125	0.0	559577	200	cloze_marker	92	57	1	delong	unexpected	an	a	escalator	wheelchair	34	11	5.87	1.94	Damon preferred climbing stairs over going up	because it had given him the chance to get a little exercise.	True	Did Damon prefer stairs over lifts?	yes
1093.166015625	0.0	559701	157	item_marker	93	57	1	delong	unexpected	an	a	escalator	wheelchair	34	11	5.87	1.94	Damon preferred climbing stairs over going up	because it had given him the chance to get a little exercise.	True	Did Damon prefer stairs over lifts?	yes
1093.353515625	0.2	559797	255	filler_word	93	57	1	delong	unexpected	an	a	escalator	wheelchair	34	11	5.87	1.94	Damon preferred climbing stairs over going up	because it had given him the chance to get a little exercise.	True	Did Damon prefer stairs over lifts?	yes
1093.833984375	0.2	560043	255	filler_word	93	57	1	delong	unexpected	an	a	escalator	wheelchair	34	11	5.87	1.94	Damon preferred climbing stairs over going up	because it had given him the chance to get a little exercise.	True	Did Damon prefer stairs over lifts?	yes
1094.3125	0.2	560288	255	filler_word	93	57	1	delong	unexpected	an	a	escalator	wheelchair	34	11	5.87	1.94	Damon preferred climbing stairs over going up	because it had given him the chance to get a little exercise.	True	Did Damon prefer stairs over lifts?	yes
1094.79296875	0.2	560534	255	filler_word	93	57	1	delong	unexpected	an	a	escalator	wheelchair	34	11	5.87	1.94	Damon preferred climbing stairs over going up	because it had given him the chance to get a little exercise.	True	Did Damon prefer stairs over lifts?	yes
1095.2734375	0.2	560780	255	filler_word	93	57	1	delong	unexpected	an	a	escalator	wheelchair	34	11	5.87	1.94	Damon preferred climbing stairs over going up	because it had given him the chance to get a little exercise.	True	Did Damon prefer stairs over lifts?	yes
1095.751953125	0.2	561025	255	filler_word	93	57	1	delong	unexpected	an	a	escalator	wheelchair	34	11	5.87	1.94	Damon preferred climbing stairs over going up	because it had given him the chance to get a little exercise.	True	Did Damon prefer stairs over lifts?	yes
1096.232421875	0.2	561271	255	filler_word	93	57	1	delong	unexpected	an	a	escalator	wheelchair	34	11	5.87	1.94	Damon preferred climbing stairs over going up	because it had given him the chance to get a little exercise.	True	Did Damon prefer stairs over lifts?	yes
1096.712890625	0.2	561517	255	filler_word	93	57	1	delong	unexpected	an	a	escalator	wheelchair	34	11	5.87	1.94	Damon preferred climbing stairs over going up	because it had given him the chance to get a little exercise.	True	Did Damon prefer stairs over lifts?	yes
1097.19140625	0.2	561762	255	filler_word	93	57	1	delong	unexpected	an	a	escalator	wheelchair	34	11	5.87	1.94	Damon preferred climbing stairs over going up	because it had given him the chance to get a little exercise.	True	Did Damon prefer stairs over lifts?	yes
1097.671875	0.2	562008	255	filler_word	93	57	1	delong	unexpected	an	a	escalator	wheelchair	34	11	5.87	1.94	Damon preferred climbing stairs over going up	because it had given him the chance to get a little exercise.	True	Did Damon prefer stairs over lifts?	yes
1098.15234375	0.2	562254	255	filler_word	93	57	1	delong	unexpected	an	a	escalator	wheelchair	34	11	5.87	1.94	Damon preferred climbing stairs over going up	because it had given him the chance to get a little exercise.	True	Did Damon prefer stairs over lifts?	yes
1098.630859375	0.2	562499	208	final_unexpected	93	57	1	delong	unexpected	an	a	escalator	wheelchair	34	11	5.87	1.94	Damon preferred climbing stairs over going up	because it had given him the chance to get a little exercise.	True	Did Damon prefer stairs over lifts?	yes
1108.08203125	0.2	567338	255	filler_word	93	57	1	delong	unexpected	an	a	escalator	wheelchair	34	11	5.87	1.94	Damon preferred climbing stairs over going up	because it had given him the chance to get a little exercise.	True	Did Damon prefer stairs over lifts?	yes
1108.560546875	0.2	567583	255	filler_word	93	57	1	delong	unexpected	an	a	escalator	wheelchair	34	11	5.87	1.94	Damon preferred climbing stairs over going up	because it had given him the chance to get a little exercise.	True	Did Damon prefer stairs over lifts?	yes
1109.041015625	0.2	567829	255	filler_word	93	57	1	delong	unexpected	an	a	escalator	wheelchair	34	11	5.87	1.94	Damon preferred climbing stairs over going up	because it had given him the chance to get a little exercise.	True	Did Damon prefer stairs over lifts?	yes
1109.521484375	0.2	568075	255	filler_word	93	57	1	delong	unexpected	an	a	escalator	wheelchair	34	11	5.87	1.94	Damon preferred climbing stairs over going up	because it had given him the chance to get a little exercise.	True	Did Damon prefer stairs over lifts?	yes
1110.0	0.2	568320	255	filler_word	93	57	1	delong	unexpected	an	a	escalator	wheelchair	34	11	5.87	1.94	Damon preferred climbing stairs over going up	because it had given him the chance to get a little exercise.	True	Did Damon prefer stairs over lifts?	yes
1110.48046875	0.2	568566	255	filler_word	93	57	1	delong	unexpected	an	a	escalator	wheelchair	34	11	5.87	1.94	Damon preferred climbing stairs over going up	because it had given him the chance to get a little exercise.	True	Did Damon prefer stairs over lifts?	yes
1110.9609375	0.2	568812	255	filler_word	93	57	1	delong	unexpected	an	a	escalator	wheelchair	34	11	5.87	1.94	Damon preferred climbing stairs over going up	because it had given him the chance to get a little exercise.	True	Did Damon prefer stairs over lifts?	yes
1111.439453125	0.2	569057	255	filler_word	93	57	1	delong	unexpected	an	a	escalator	wheelchair	34	11	5.87	1.94	Damon preferred climbing stairs over going up	because it had given him the chance to get a little exercise.	True	Did Damon prefer stairs over lifts?	yes
1111.919921875	0.2	569303	255	filler_word	93	57	1	delong	unexpected	an	a	escalator	wheelchair	34	11	5.87	1.94	Damon preferred climbing stairs over going up	because it had given him the chance to get a little exercise.	True	Did Damon prefer stairs over lifts?	yes
1112.400390625	0.2	569549	255	filler_word	93	57	1	delong	unexpected	an	a	escalator	wheelchair	34	11	5.87	1.94	Damon preferred climbing stairs over going up	because it had given him the chance to get a little exercise.	True	Did Damon prefer stairs over lifts?	yes
1112.87890625	0.2	569794	255	filler_word	93	57	1	delong	unexpected	an	a	escalator	wheelchair	34	11	5.87	1.94	Damon preferred climbing stairs over going up	because it had given him the chance to get a little exercise.	True	Did Damon prefer stairs over lifts?	yes
1113.359375	0.2	570040	255	filler_word	93	57	1	delong	unexpected	an	a	escalator	wheelchair	34	11	5.87	1.94	Damon preferred climbing stairs over going up	because it had given him the chance to get a little exercise.	True	Did Damon prefer stairs over lifts?	yes
1113.83984375	0.2	570286	255	filler_word	93	57	1	delong	unexpected	an	a	escalator	wheelchair	34	11	5.87	1.94	Damon preferred climbing stairs over going up	because it had given him the chance to get a little exercise.	True	Did Damon prefer stairs over lifts?	yes
1114.318359375	0.2	570531	255	filler_word	93	57	1	delong	unexpected	an	a	escalator	wheelchair	34	11	5.87	1.94	Damon preferred climbing stairs over going up	because it had given him the chance to get a little exercise.	True	Did Damon prefer stairs over lifts?	yes
1114.798828125	0.2	570777	255	filler_word	93	57	1	delong	unexpected	an	a	escalator	wheelchair	34	11	5.87	1.94	Damon preferred climbing stairs over going up	because it had given him the chance to get a little exercise.	True	Did Damon prefer stairs over lifts?	yes
1115.279296875	0.2	571023	255	filler_word	93	57	1	delong	unexpected	an	a	escalator	wheelchair	34	11	5.87	1.94	Damon preferred climbing stairs over going up	because it had given him the chance to get a little exercise.	True	Did Damon prefer stairs over lifts?	yes
1115.7578125	0.2	571268	255	filler_word	93	57	1	delong	unexpected	an	a	escalator	wheelchair	34	11	5.87	1.94	Damon preferred climbing stairs over going up	because it had given him the chance to get a little exercise.	True	Did Damon prefer stairs over lifts?	yes
1116.23828125	0.2	571514	255	filler_word	93	57	1	delong	unexpected	an	a	escalator	wheelchair	34	11	5.87	1.94	Damon preferred climbing stairs over going up	because it had given him the chance to get a little exercise.	True	Did Damon prefer stairs over lifts?	yes
1116.71875	0.2	571760	255	filler_word	93	57	1	delong	unexpected	an	a	escalator	wheelchair	34	11	5.87	1.94	Damon preferred climbing stairs over going up	because it had given him the chance to get a little exercise.	True	Did Damon prefer stairs over lifts?	yes
1117.19921875	0.2	572006	255	filler_word	93	57	1	delong	unexpected	an	a	escalator	wheelchair	34	11	5.87	1.94	Damon preferred climbing stairs over going up	because it had given him the chance to get a little exercise.	True	Did Damon prefer stairs over lifts?	yes
1117.677734375	0.2	572251	204	an_unexpected	93	57	1	delong	unexpected	an	a	escalator	wheelchair	34	11	5.87	1.94	Damon preferred climbing stairs over going up	because it had given him the chance to get a little exercise.	True	Did Damon prefer stairs over lifts?	yes
1117.728515625	0.0	572277	200	cloze_marker	93	57	1	delong	unexpected	an	a	escalator	wheelchair	34	11	5.87	1.94	Damon preferred climbing stairs over going up	because it had given him the chance to get a little exercise.	True	Did Damon prefer stairs over lifts?	yes
1117.970703125	0.0	572401	158	item_marker	94	58	1	delong	unexpected	a	an	wheelchair	escalator	66	0	5.83	5.03	The doctors told Monica not to use her legs too much so soon after her surgery so she often used	when moving around to rest her legs.	True	Could Monica use stairs very often?	no
1118.158203125	0.2	572497	206	noun_unexpected	94	58	1	delong	unexpected	a	an	wheelchair	escalator	66	0	5.83	5.03	The doctors told Monica not to use her legs too much so soon after her surgery so she often used	when moving around to rest her legs.	True	Could Monica use stairs very often?	no
1118.20703125	0.0	572522	200	cloze_marker	94	58	1	delong	unexpected	a	an	wheelchair	escalator	66	0	5.83	5.03	The doctors told Monica not to use her legs too much so soon after her surgery so she often used	when moving around to rest her legs.	True	Could Monica use stairs very often?	no
1118.451171875	0.0	572647	158	item_marker	95	58	1	delong	unexpected	a	an	wheelchair	escalator	66	0	5.83	5.03	The doctors told Monica not to use her legs too much so soon after her surgery so she often used	when moving around to rest her legs.	True	Could Monica use stairs very often?	no
1118.638671875	0.2	572743	255	filler_word	95	58	1	delong	unexpected	a	an	wheelchair	escalator	66	0	5.83	5.03	The doctors told Monica not to use her legs too much so soon after her surgery so she often used	when moving around to rest her legs.	True	Could Monica use stairs very often?	no
1119.1171875	0.2	572988	255	filler_word	95	58	1	delong	unexpected	a	an	wheelchair	escalator	66	0	5.83	5.03	The doctors told Monica not to use her legs too much so soon after her surgery so she often used	when moving around to rest her legs.	True	Could Monica use stairs very often?	no
1119.59765625	0.2	573234	255	filler_word	95	58	1	delong	unexpected	a	an	wheelchair	escalator	66	0	5.83	5.03	The doctors told Monica not to use her legs too much so soon after her surgery so she often used	when moving around to rest her legs.	True	Could Monica use stairs very often?	no
1120.078125	0.2	573480	255	filler_word	95	58	1	delong	unexpected	a	an	wheelchair	escalator	66	0	5.83	5.03	The doctors told Monica not to use her legs too much so soon after her surgery so she often used	when moving around to rest her legs.	True	Could Monica use stairs very often?	no
1120.556640625	0.2	573725	255	filler_word	95	58	1	delong	unexpected	a	an	wheelchair	escalator	66	0	5.83	5.03	The doctors told Monica not to use her legs too much so soon after her surgery so she often used	when moving around to rest her legs.	True	Could Monica use stairs very often?	no
1121.037109375	0.2	573971	255	filler_word	95	58	1	delong	unexpected	a	an	wheelchair	escalator	66	0	5.83	5.03	The doctors told Monica not to use her legs too much so soon after her surgery so she often used	when moving around to rest her legs.	True	Could Monica use stairs very often?	no
1121.517578125	0.2	574217	208	final_unexpected	95	58	1	delong	unexpected	a	an	wheelchair	escalator	66	0	5.83	5.03	The doctors told Monica not to use her legs too much so soon after her surgery so she often used	when moving around to rest her legs.	True	Could Monica use stairs very often?	no
1127.421875	0.2	577240	255	filler_word	95	58	1	delong	unexpected	a	an	wheelchair	escalator	66	0	5.83	5.03	The doctors told Monica not to use her legs too much so soon after her surgery so she often used	when moving around to rest her legs.	True	Could Monica use stairs very often?	no
1127.900390625	0.2	577485	255	filler_word	95	58	1	delong	unexpected	a	an	wheelchair	escalator	66	0	5.83	5.03	The doctors told Monica not to use her legs too much so soon after her surgery so she often used	when moving around to rest her legs.	True	Could Monica use stairs very often?	no
1128.380859375	0.2	577731	255	filler_word	95	58	1	delong	unexpected	a	an	wheelchair	escalator	66	0	5.83	5.03	The doctors told Monica not to use her legs too much so soon after her surgery so she often used	when moving around to rest her legs.	True	Could Monica use stairs very often?	no
1128.861328125	0.2	577977	255	filler_word	95	58	1	delong	unexpected	a	an	wheelchair	escalator	66	0	5.83	5.03	The doctors told Monica not to use her legs too much so soon after her surgery so she often used	when moving around to rest her legs.	True	Could Monica use stairs very often?	no
1129.33984375	0.2	578222	255	filler_word	95	58	1	delong	unexpected	a	an	wheelchair	escalator	66	0	5.83	5.03	The doctors told Monica not to use her legs too much so soon after her surgery so she often used	when moving around to rest her legs.	True	Could Monica use stairs very often?	no
1129.8203125	0.2	578468	255	filler_word	95	58	1	delong	unexpected	a	an	wheelchair	escalator	66	0	5.83	5.03	The doctors told Monica not to use her legs too much so soon after her surgery so she often used	when moving around to rest her legs.	True	Could Monica use stairs very often?	no
1130.30078125	0.2	578714	255	filler_word	95	58	1	delong	unexpected	a	an	wheelchair	escalator	66	0	5.83	5.03	The doctors told Monica not to use her legs too much so soon after her surgery so she often used	when moving around to rest her legs.	True	Could Monica use stairs very often?	no
1130.779296875	0.2	578959	255	filler_word	95	58	1	delong	unexpected	a	an	wheelchair	escalator	66	0	5.83	5.03	The doctors told Monica not to use her legs too much so soon after her surgery so she often used	when moving around to rest her legs.	True	Could Monica use stairs very often?	no
1131.259765625	0.2	579205	255	filler_word	95	58	1	delong	unexpected	a	an	wheelchair	escalator	66	0	5.83	5.03	The doctors told Monica not to use her legs too much so soon after her surgery so she often used	when moving around to rest her legs.	True	Could Monica use stairs very often?	no
1131.740234375	0.2	579451	255	filler_word	95	58	1	delong	unexpected	a	an	wheelchair	escalator	66	0	5.83	5.03	The doctors told Monica not to use her legs too much so soon after her surgery so she often used	when moving around to rest her legs.	True	Could Monica use stairs very often?	no
1132.21875	0.2	579696	255	filler_word	95	58	1	delong	unexpected	a	an	wheelchair	escalator	66	0	5.83	5.03	The doctors told Monica not to use her legs too much so soon after her surgery so she often used	when moving around to rest her legs.	True	Could Monica use stairs very often?	no
1132.69921875	0.2	579942	255	filler_word	95	58	1	delong	unexpected	a	an	wheelchair	escalator	66	0	5.83	5.03	The doctors told Monica not to use her legs too much so soon after her surgery so she often used	when moving around to rest her legs.	True	Could Monica use stairs very often?	no
1133.1796875	0.2	580188	255	filler_word	95	58	1	delong	unexpected	a	an	wheelchair	escalator	66	0	5.83	5.03	The doctors told Monica not to use her legs too much so soon after her surgery so she often used	when moving around to rest her legs.	True	Could Monica use stairs very often?	no
1133.658203125	0.2	580433	255	filler_word	95	58	1	delong	unexpected	a	an	wheelchair	escalator	66	0	5.83	5.03	The doctors told Monica not to use her legs too much so soon after her surgery so she often used	when moving around to rest her legs.	True	Could Monica use stairs very often?	no
1134.138671875	0.2	580679	255	filler_word	95	58	1	delong	unexpected	a	an	wheelchair	escalator	66	0	5.83	5.03	The doctors told Monica not to use her legs too much so soon after her surgery so she often used	when moving around to rest her legs.	True	Could Monica use stairs very often?	no
1134.619140625	0.2	580925	255	filler_word	95	58	1	delong	unexpected	a	an	wheelchair	escalator	66	0	5.83	5.03	The doctors told Monica not to use her legs too much so soon after her surgery so she often used	when moving around to rest her legs.	True	Could Monica use stairs very often?	no
1135.09765625	0.2	581170	255	filler_word	95	58	1	delong	unexpected	a	an	wheelchair	escalator	66	0	5.83	5.03	The doctors told Monica not to use her legs too much so soon after her surgery so she often used	when moving around to rest her legs.	True	Could Monica use stairs very often?	no
1135.578125	0.2	581416	255	filler_word	95	58	1	delong	unexpected	a	an	wheelchair	escalator	66	0	5.83	5.03	The doctors told Monica not to use her legs too much so soon after her surgery so she often used	when moving around to rest her legs.	True	Could Monica use stairs very often?	no
1136.05859375	0.2	581662	255	filler_word	95	58	1	delong	unexpected	a	an	wheelchair	escalator	66	0	5.83	5.03	The doctors told Monica not to use her legs too much so soon after her surgery so she often used	when moving around to rest her legs.	True	Could Monica use stairs very often?	no
1136.537109375	0.2	581907	202	an_expected	95	58	1	delong	unexpected	a	an	wheelchair	escalator	66	0	5.83	5.03	The doctors told Monica not to use her legs too much so soon after her surgery so she often used	when moving around to rest her legs.	True	Could Monica use stairs very often?	no
1136.587890625	0.0	581933	52	cloze_marker	95	58	1	delong	unexpected	a	an	wheelchair	escalator	66	0	5.83	5.03	The doctors told Monica not to use her legs too much so soon after her surgery so she often used	when moving around to rest her legs.	True	Could Monica use stairs very often?	no
1136.83203125	0.0	582058	159	item_marker	96	59	1	delong	expected	an	a	airport	city	52	16	6.03	4.9	The pilot had to make an emergency landing in the middle of the desert because he was nowhere near	or a safe place to land.	False	n/a	n/a
1137.017578125	0.2	582153	205	noun_expected	96	59	1	delong	expected	an	a	airport	city	52	16	6.03	4.9	The pilot had to make an emergency landing in the middle of the desert because he was nowhere near	or a safe place to land.	False	n/a	n/a
1137.068359375	0.0	582179	73	cloze_marker	96	59	1	delong	expected	an	a	airport	city	52	16	6.03	4.9	The pilot had to make an emergency landing in the middle of the desert because he was nowhere near	or a safe place to land.	False	n/a	n/a
1137.310546875	0.0	582303	159	item_marker	97	59	1	delong	expected	an	a	airport	city	52	16	6.03	4.9	The pilot had to make an emergency landing in the middle of the desert because he was nowhere near	or a safe place to land.	False	n/a	n/a
1137.498046875	0.2	582399	255	filler_word	97	59	1	delong	expected	an	a	airport	city	52	16	6.03	4.9	The pilot had to make an emergency landing in the middle of the desert because he was nowhere near	or a safe place to land.	False	n/a	n/a
1137.9765625	0.2	582644	255	filler_word	97	59	1	delong	expected	an	a	airport	city	52	16	6.03	4.9	The pilot had to make an emergency landing in the middle of the desert because he was nowhere near	or a safe place to land.	False	n/a	n/a
1138.45703125	0.2	582890	255	filler_word	97	59	1	delong	expected	an	a	airport	city	52	16	6.03	4.9	The pilot had to make an emergency landing in the middle of the desert because he was nowhere near	or a safe place to land.	False	n/a	n/a
1138.9375	0.2	583136	255	filler_word	97	59	1	delong	expected	an	a	airport	city	52	16	6.03	4.9	The pilot had to make an emergency landing in the middle of the desert because he was nowhere near	or a safe place to land.	False	n/a	n/a
1139.416015625	0.2	583381	255	filler_word	97	59	1	delong	expected	an	a	airport	city	52	16	6.03	4.9	The pilot had to make an emergency landing in the middle of the desert because he was nowhere near	or a safe place to land.	False	n/a	n/a
1139.896484375	0.2	583627	207	final_expected	97	59	1	delong	expected	an	a	airport	city	52	16	6.03	4.9	The pilot had to make an emergency landing in the middle of the desert because he was nowhere near	or a safe place to land.	False	n/a	n/a
1143.4296875	0.2	585436	255	filler_word	97	59	1	delong	expected	an	a	airport	city	52	16	6.03	4.9	The pilot had to make an emergency landing in the middle of the desert because he was nowhere near	or a safe place to land.	False	n/a	n/a
1143.908203125	0.2	585681	255	filler_word	97	59	1	delong	expected	an	a	airport	city	52	16	6.03	4.9	The pilot had to make an emergency landing in the middle of the desert because he was nowhere near	or a safe place to land.	False	n/a	n/a
1144.388671875	0.2	585927	255	filler_word	97	59	1	delong	expected	an	a	airport	city	52	16	6.03	4.9	The pilot had to make an emergency landing in the middle of the desert because he was nowhere near	or a safe place to land.	False	n/a	n/a
1144.869140625	0.2	586173	255	filler_word	97	59	1	delong	expected	an	a	airport	city	52	16	6.03	4.9	The pilot had to make an emergency landing in the middle of the desert because he was nowhere near	or a safe place to land.	False	n/a	n/a
1145.34765625	0.2	586418	255	filler_word	97	59	1	delong	expected	an	a	airport	city	52	16	6.03	4.9	The pilot had to make an emergency landing in the middle of the desert because he was nowhere near	or a safe place to land.	False	n/a	n/a
1145.828125	0.2	586664	255	filler_word	97	59	1	delong	expected	an	a	airport	city	52	16	6.03	4.9	The pilot had to make an emergency landing in the middle of the desert because he was nowhere near	or a safe place to land.	False	n/a	n/a
1146.30859375	0.2	586910	255	filler_word	97	59	1	delong	expected	an	a	airport	city	52	16	6.03	4.9	The pilot had to make an emergency landing in the middle of the desert because he was nowhere near	or a safe place to land.	False	n/a	n/a
1146.787109375	0.2	587155	255	filler_word	97	59	1	delong	expected	an	a	airport	city	52	16	6.03	4.9	The pilot had to make an emergency landing in the middle of the desert because he was nowhere near	or a safe place to land.	False	n/a	n/a
1147.267578125	0.2	587401	255	filler_word	97	59	1	delong	expected	an	a	airport	city	52	16	6.03	4.9	The pilot had to make an emergency landing in the middle of the desert because he was nowhere near	or a safe place to land.	False	n/a	n/a
1147.748046875	0.2	587647	255	filler_word	97	59	1	delong	expected	an	a	airport	city	52	16	6.03	4.9	The pilot had to make an emergency landing in the middle of the desert because he was nowhere near	or a safe place to land.	False	n/a	n/a
1148.2265625	0.2	587892	255	filler_word	97	59	1	delong	expected	an	a	airport	city	52	16	6.03	4.9	The pilot had to make an emergency landing in the middle of the desert because he was nowhere near	or a safe place to land.	False	n/a	n/a
1148.70703125	0.2	588138	255	filler_word	97	59	1	delong	expected	an	a	airport	city	52	16	6.03	4.9	The pilot had to make an emergency landing in the middle of the desert because he was nowhere near	or a safe place to land.	False	n/a	n/a
1149.1875	0.2	588384	255	filler_word	97	59	1	delong	expected	an	a	airport	city	52	16	6.03	4.9	The pilot had to make an emergency landing in the middle of the desert because he was nowhere near	or a safe place to land.	False	n/a	n/a
1149.666015625	0.2	588629	255	filler_word	97	59	1	delong	expected	an	a	airport	city	52	16	6.03	4.9	The pilot had to make an emergency landing in the middle of the desert because he was nowhere near	or a safe place to land.	False	n/a	n/a
1150.146484375	0.2	588875	255	filler_word	97	59	1	delong	expected	an	a	airport	city	52	16	6.03	4.9	The pilot had to make an emergency landing in the middle of the desert because he was nowhere near	or a safe place to land.	False	n/a	n/a
1150.626953125	0.2	589121	255	filler_word	97	59	1	delong	expected	an	a	airport	city	52	16	6.03	4.9	The pilot had to make an emergency landing in the middle of the desert because he was nowhere near	or a safe place to land.	False	n/a	n/a
1151.10546875	0.2	589366	255	filler_word	97	59	1	delong	expected	an	a	airport	city	52	16	6.03	4.9	The pilot had to make an emergency landing in the middle of the desert because he was nowhere near	or a safe place to land.	False	n/a	n/a
1151.5859375	0.2	589612	255	filler_word	97	59	1	delong	expected	an	a	airport	city	52	16	6.03	4.9	The pilot had to make an emergency landing in the middle of the desert because he was nowhere near	or a safe place to land.	False	n/a	n/a
1152.06640625	0.2	589858	203	a_unexpected	97	59	1	delong	expected	an	a	airport	city	52	16	6.03	4.9	The pilot had to make an emergency landing in the middle of the desert because he was nowhere near	or a safe place to land.	False	n/a	n/a
1152.115234375	0.0	589883	5	cloze_marker	97	59	1	delong	expected	an	a	airport	city	52	16	6.03	4.9	The pilot had to make an emergency landing in the middle of the desert because he was nowhere near	or a safe place to land.	False	n/a	n/a
1152.359375	0.0	590008	145	item_marker	98	45	1	delong	unexpected	an	a	amateur	beginner	73	5	6.0	6.45	The professional photographer was disqualified from the photo contest because the rules explicitly state that you must be	in order to compete.	False	n/a	n/a
1152.544921875	0.2	590103	206	noun_unexpected	98	45	1	delong	unexpected	an	a	amateur	beginner	73	5	6.0	6.45	The professional photographer was disqualified from the photo contest because the rules explicitly state that you must be	in order to compete.	False	n/a	n/a
1152.595703125	0.0	590129	17	cloze_marker	98	45	1	delong	unexpected	an	a	amateur	beginner	73	5	6.0	6.45	The professional photographer was disqualified from the photo contest because the rules explicitly state that you must be	in order to compete.	False	n/a	n/a
1152.837890625	0.0	590253	145	item_marker	99	45	1	delong	unexpected	an	a	amateur	beginner	73	5	6.0	6.45	The professional photographer was disqualified from the photo contest because the rules explicitly state that you must be	in order to compete.	False	n/a	n/a
1153.025390625	0.2	590349	255	filler_word	99	45	1	delong	unexpected	an	a	amateur	beginner	73	5	6.0	6.45	The professional photographer was disqualified from the photo contest because the rules explicitly state that you must be	in order to compete.	False	n/a	n/a
1153.505859375	0.2	590595	255	filler_word	99	45	1	delong	unexpected	an	a	amateur	beginner	73	5	6.0	6.45	The professional photographer was disqualified from the photo contest because the rules explicitly state that you must be	in order to compete.	False	n/a	n/a
1153.984375	0.2	590840	255	filler_word	99	45	1	delong	unexpected	an	a	amateur	beginner	73	5	6.0	6.45	The professional photographer was disqualified from the photo contest because the rules explicitly state that you must be	in order to compete.	False	n/a	n/a
1154.46484375	0.2	591086	208	final_unexpected	99	45	1	delong	unexpected	an	a	amateur	beginner	73	5	6.0	6.45	The professional photographer was disqualified from the photo contest because the rules explicitly state that you must be	in order to compete.	False	n/a	n/a
1158.076171875	0.2	592935	255	filler_word	99	45	1	delong	unexpected	an	a	amateur	beginner	73	5	6.0	6.45	The professional photographer was disqualified from the photo contest because the rules explicitly state that you must be	in order to compete.	False	n/a	n/a
1158.556640625	0.2	593181	255	filler_word	99	45	1	delong	unexpected	an	a	amateur	beginner	73	5	6.0	6.45	The professional photographer was disqualified from the photo contest because the rules explicitly state that you must be	in order to compete.	False	n/a	n/a
1159.037109375	0.2	593427	255	filler_word	99	45	1	delong	unexpected	an	a	amateur	beginner	73	5	6.0	6.45	The professional photographer was disqualified from the photo contest because the rules explicitly state that you must be	in order to compete.	False	n/a	n/a
1159.515625	0.2	593672	255	filler_word	99	45	1	delong	unexpected	an	a	amateur	beginner	73	5	6.0	6.45	The professional photographer was disqualified from the photo contest because the rules explicitly state that you must be	in order to compete.	False	n/a	n/a
1159.99609375	0.2	593918	255	filler_word	99	45	1	delong	unexpected	an	a	amateur	beginner	73	5	6.0	6.45	The professional photographer was disqualified from the photo contest because the rules explicitly state that you must be	in order to compete.	False	n/a	n/a
1160.4765625	0.2	594164	201	a_expected	99	45	1	delong	unexpected	an	a	amateur	beginner	73	5	6.0	6.45	The professional photographer was disqualified from the photo contest because the rules explicitly state that you must be	in order to compete.	False	n/a	n/a
1160.525390625	0.0	594189	86	cloze_marker	99	45	1	delong	unexpected	an	a	amateur	beginner	73	5	6.0	6.45	The professional photographer was disqualified from the photo contest because the rules explicitly state that you must be	in order to compete.	False	n/a	n/a
1160.76953125	0.0	594314	143	item_marker	100	43	1	delong	expected	a	an	stamp	envelope	86	2	4.67	3.74	Jeffrey mailed the letter without	so the post office would never deliver it.	True	Did Hannah mail the letter?	no
1160.955078125	0.2	594409	205	noun_expected	100	43	1	delong	expected	a	an	stamp	envelope	86	2	4.67	3.74	Jeffrey mailed the letter without	so the post office would never deliver it.	True	Did Hannah mail the letter?	no
1161.005859375	0.0	594435	93	cloze_marker	100	43	1	delong	expected	a	an	stamp	envelope	86	2	4.67	3.74	Jeffrey mailed the letter without	so the post office would never deliver it.	True	Did Hannah mail the letter?	no
1161.248046875	0.0	594559	143	item_marker	101	43	1	delong	expected	a	an	stamp	envelope	86	2	4.67	3.74	Jeffrey mailed the letter without	so the post office would never deliver it.	True	Did Hannah mail the letter?	no
1161.435546875	0.2	594655	255	filler_word	101	43	1	delong	expected	a	an	stamp	envelope	86	2	4.67	3.74	Jeffrey mailed the letter without	so the post office would never deliver it.	True	Did Hannah mail the letter?	no
1161.916015625	0.2	594901	255	filler_word	101	43	1	delong	expected	a	an	stamp	envelope	86	2	4.67	3.74	Jeffrey mailed the letter without	so the post office would never deliver it.	True	Did Hannah mail the letter?	no
1162.39453125	0.2	595146	255	filler_word	101	43	1	delong	expected	a	an	stamp	envelope	86	2	4.67	3.74	Jeffrey mailed the letter without	so the post office would never deliver it.	True	Did Hannah mail the letter?	no
1162.875	0.2	595392	255	filler_word	101	43	1	delong	expected	a	an	stamp	envelope	86	2	4.67	3.74	Jeffrey mailed the letter without	so the post office would never deliver it.	True	Did Hannah mail the letter?	no
1163.35546875	0.2	595638	255	filler_word	101	43	1	delong	expected	a	an	stamp	envelope	86	2	4.67	3.74	Jeffrey mailed the letter without	so the post office would never deliver it.	True	Did Hannah mail the letter?	no
1163.833984375	0.2	595883	255	filler_word	101	43	1	delong	expected	a	an	stamp	envelope	86	2	4.67	3.74	Jeffrey mailed the letter without	so the post office would never deliver it.	True	Did Hannah mail the letter?	no
1164.314453125	0.2	596129	255	filler_word	101	43	1	delong	expected	a	an	stamp	envelope	86	2	4.67	3.74	Jeffrey mailed the letter without	so the post office would never deliver it.	True	Did Hannah mail the letter?	no
1164.794921875	0.2	596375	207	final_expected	101	43	1	delong	expected	a	an	stamp	envelope	86	2	4.67	3.74	Jeffrey mailed the letter without	so the post office would never deliver it.	True	Did Hannah mail the letter?	no
1172.15234375	0.2	600142	255	filler_word	101	43	1	delong	expected	a	an	stamp	envelope	86	2	4.67	3.74	Jeffrey mailed the letter without	so the post office would never deliver it.	True	Did Hannah mail the letter?	no
1172.630859375	0.2	600387	255	filler_word	101	43	1	delong	expected	a	an	stamp	envelope	86	2	4.67	3.74	Jeffrey mailed the letter without	so the post office would never deliver it.	True	Did Hannah mail the letter?	no
1173.111328125	0.2	600633	255	filler_word	101	43	1	delong	expected	a	an	stamp	envelope	86	2	4.67	3.74	Jeffrey mailed the letter without	so the post office would never deliver it.	True	Did Hannah mail the letter?	no
1173.591796875	0.2	600879	255	filler_word	101	43	1	delong	expected	a	an	stamp	envelope	86	2	4.67	3.74	Jeffrey mailed the letter without	so the post office would never deliver it.	True	Did Hannah mail the letter?	no
1174.0703125	0.2	601124	255	filler_word	101	43	1	delong	expected	a	an	stamp	envelope	86	2	4.67	3.74	Jeffrey mailed the letter without	so the post office would never deliver it.	True	Did Hannah mail the letter?	no
1174.55078125	0.2	601370	255	filler_word	101	43	1	delong	expected	a	an	stamp	envelope	86	2	4.67	3.74	Jeffrey mailed the letter without	so the post office would never deliver it.	True	Did Hannah mail the letter?	no
1175.03125	0.2	601616	255	filler_word	101	43	1	delong	expected	a	an	stamp	envelope	86	2	4.67	3.74	Jeffrey mailed the letter without	so the post office would never deliver it.	True	Did Hannah mail the letter?	no
1175.509765625	0.2	601861	255	filler_word	101	43	1	delong	expected	a	an	stamp	envelope	86	2	4.67	3.74	Jeffrey mailed the letter without	so the post office would never deliver it.	True	Did Hannah mail the letter?	no
1175.990234375	0.2	602107	255	filler_word	101	43	1	delong	expected	a	an	stamp	envelope	86	2	4.67	3.74	Jeffrey mailed the letter without	so the post office would never deliver it.	True	Did Hannah mail the letter?	no
1176.470703125	0.2	602353	255	filler_word	101	43	1	delong	expected	a	an	stamp	envelope	86	2	4.67	3.74	Jeffrey mailed the letter without	so the post office would never deliver it.	True	Did Hannah mail the letter?	no
1176.94921875	0.2	602598	255	filler_word	101	43	1	delong	expected	a	an	stamp	envelope	86	2	4.67	3.74	Jeffrey mailed the letter without	so the post office would never deliver it.	True	Did Hannah mail the letter?	no
1177.4296875	0.2	602844	255	filler_word	101	43	1	delong	expected	a	an	stamp	envelope	86	2	4.67	3.74	Jeffrey mailed the letter without	so the post office would never deliver it.	True	Did Hannah mail the letter?	no
1177.91015625	0.2	603090	255	filler_word	101	43	1	delong	expected	a	an	stamp	envelope	86	2	4.67	3.74	Jeffrey mailed the letter without	so the post office would never deliver it.	True	Did Hannah mail the letter?	no
1178.388671875	0.2	603335	255	filler_word	101	43	1	delong	expected	a	an	stamp	envelope	86	2	4.67	3.74	Jeffrey mailed the letter without	so the post office would never deliver it.	True	Did Hannah mail the letter?	no
1178.869140625	0.2	603581	255	filler_word	101	43	1	delong	expected	a	an	stamp	envelope	86	2	4.67	3.74	Jeffrey mailed the letter without	so the post office would never deliver it.	True	Did Hannah mail the letter?	no
1179.349609375	0.2	603827	255	filler_word	101	43	1	delong	expected	a	an	stamp	envelope	86	2	4.67	3.74	Jeffrey mailed the letter without	so the post office would never deliver it.	True	Did Hannah mail the letter?	no
1179.828125	0.2	604072	255	filler_word	101	43	1	delong	expected	a	an	stamp	envelope	86	2	4.67	3.74	Jeffrey mailed the letter without	so the post office would never deliver it.	True	Did Hannah mail the letter?	no
1180.30859375	0.2	604318	255	filler_word	101	43	1	delong	expected	a	an	stamp	envelope	86	2	4.67	3.74	Jeffrey mailed the letter without	so the post office would never deliver it.	True	Did Hannah mail the letter?	no
1180.7890625	0.2	604564	255	filler_word	101	43	1	delong	expected	a	an	stamp	envelope	86	2	4.67	3.74	Jeffrey mailed the letter without	so the post office would never deliver it.	True	Did Hannah mail the letter?	no
1181.267578125	0.2	604809	255	filler_word	101	43	1	delong	expected	a	an	stamp	envelope	86	2	4.67	3.74	Jeffrey mailed the letter without	so the post office would never deliver it.	True	Did Hannah mail the letter?	no
1181.748046875	0.2	605055	255	filler_word	101	43	1	delong	expected	a	an	stamp	envelope	86	2	4.67	3.74	Jeffrey mailed the letter without	so the post office would never deliver it.	True	Did Hannah mail the letter?	no
1182.228515625	0.2	605301	255	filler_word	101	43	1	delong	expected	a	an	stamp	envelope	86	2	4.67	3.74	Jeffrey mailed the letter without	so the post office would never deliver it.	True	Did Hannah mail the letter?	no
1182.70703125	0.2	605546	255	filler_word	101	43	1	delong	expected	a	an	stamp	envelope	86	2	4.67	3.74	Jeffrey mailed the letter without	so the post office would never deliver it.	True	Did Hannah mail the letter?	no
1183.1875	0.2	605792	203	a_unexpected	101	43	1	delong	expected	a	an	stamp	envelope	86	2	4.67	3.74	Jeffrey mailed the letter without	so the post office would never deliver it.	True	Did Hannah mail the letter?	no
1183.23828125	0.0	605818	2	cloze_marker	101	43	1	delong	expected	a	an	stamp	envelope	86	2	4.67	3.74	Jeffrey mailed the letter without	so the post office would never deliver it.	True	Did Hannah mail the letter?	no
1183.48046875	0.0	605942	149	item_marker	102	49	1	delong	unexpected	an	a	onion	finger	20	2	5.94	5.87	At first Victoria did not know why her brother was crying over the sink but then she noticed that he had just sliced	with his knife.	False	n/a	n/a
1183.66796875	0.2	606038	206	noun_unexpected	102	49	1	delong	unexpected	an	a	onion	finger	20	2	5.94	5.87	At first Victoria did not know why her brother was crying over the sink but then she noticed that he had just sliced	with his knife.	False	n/a	n/a
1183.716796875	0.0	606063	50	cloze_marker	102	49	1	delong	unexpected	an	a	onion	finger	20	2	5.94	5.87	At first Victoria did not know why her brother was crying over the sink but then she noticed that he had just sliced	with his knife.	False	n/a	n/a
1183.9609375	0.0	606188	149	item_marker	103	49	1	delong	unexpected	an	a	onion	finger	20	2	5.94	5.87	At first Victoria did not know why her brother was crying over the sink but then she noticed that he had just sliced	with his knife.	False	n/a	n/a
1184.146484375	0.2	606283	255	filler_word	103	49	1	delong	unexpected	an	a	onion	finger	20	2	5.94	5.87	At first Victoria did not know why her brother was crying over the sink but then she noticed that he had just sliced	with his knife.	False	n/a	n/a
1184.626953125	0.2	606529	255	filler_word	103	49	1	delong	unexpected	an	a	onion	finger	20	2	5.94	5.87	At first Victoria did not know why her brother was crying over the sink but then she noticed that he had just sliced	with his knife.	False	n/a	n/a
1185.107421875	0.2	606775	208	final_unexpected	103	49	1	delong	unexpected	an	a	onion	finger	20	2	5.94	5.87	At first Victoria did not know why her brother was crying over the sink but then she noticed that he had just sliced	with his knife.	False	n/a	n/a
1188.4921875	0.2	608508	255	filler_word	103	49	1	delong	unexpected	an	a	onion	finger	20	2	5.94	5.87	At first Victoria did not know why her brother was crying over the sink but then she noticed that he had just sliced	with his knife.	False	n/a	n/a
1188.97265625	0.2	608754	255	filler_word	103	49	1	delong	unexpected	an	a	onion	finger	20	2	5.94	5.87	At first Victoria did not know why her brother was crying over the sink but then she noticed that he had just sliced	with his knife.	False	n/a	n/a
1189.451171875	0.2	608999	255	filler_word	103	49	1	delong	unexpected	an	a	onion	finger	20	2	5.94	5.87	At first Victoria did not know why her brother was crying over the sink but then she noticed that he had just sliced	with his knife.	False	n/a	n/a
1189.931640625	0.2	609245	255	filler_word	103	49	1	delong	unexpected	an	a	onion	finger	20	2	5.94	5.87	At first Victoria did not know why her brother was crying over the sink but then she noticed that he had just sliced	with his knife.	False	n/a	n/a
1190.412109375	0.2	609491	255	filler_word	103	49	1	delong	unexpected	an	a	onion	finger	20	2	5.94	5.87	At first Victoria did not know why her brother was crying over the sink but then she noticed that he had just sliced	with his knife.	False	n/a	n/a
1190.890625	0.2	609736	255	filler_word	103	49	1	delong	unexpected	an	a	onion	finger	20	2	5.94	5.87	At first Victoria did not know why her brother was crying over the sink but then she noticed that he had just sliced	with his knife.	False	n/a	n/a
1191.37109375	0.2	609982	255	filler_word	103	49	1	delong	unexpected	an	a	onion	finger	20	2	5.94	5.87	At first Victoria did not know why her brother was crying over the sink but then she noticed that he had just sliced	with his knife.	False	n/a	n/a
1191.8515625	0.2	610228	255	filler_word	103	49	1	delong	unexpected	an	a	onion	finger	20	2	5.94	5.87	At first Victoria did not know why her brother was crying over the sink but then she noticed that he had just sliced	with his knife.	False	n/a	n/a
1192.330078125	0.2	610473	255	filler_word	103	49	1	delong	unexpected	an	a	onion	finger	20	2	5.94	5.87	At first Victoria did not know why her brother was crying over the sink but then she noticed that he had just sliced	with his knife.	False	n/a	n/a
1192.810546875	0.2	610719	255	filler_word	103	49	1	delong	unexpected	an	a	onion	finger	20	2	5.94	5.87	At first Victoria did not know why her brother was crying over the sink but then she noticed that he had just sliced	with his knife.	False	n/a	n/a
1193.291015625	0.2	610965	255	filler_word	103	49	1	delong	unexpected	an	a	onion	finger	20	2	5.94	5.87	At first Victoria did not know why her brother was crying over the sink but then she noticed that he had just sliced	with his knife.	False	n/a	n/a
1193.76953125	0.2	611210	255	filler_word	103	49	1	delong	unexpected	an	a	onion	finger	20	2	5.94	5.87	At first Victoria did not know why her brother was crying over the sink but then she noticed that he had just sliced	with his knife.	False	n/a	n/a
1194.25	0.2	611456	255	filler_word	103	49	1	delong	unexpected	an	a	onion	finger	20	2	5.94	5.87	At first Victoria did not know why her brother was crying over the sink but then she noticed that he had just sliced	with his knife.	False	n/a	n/a
1194.73046875	0.2	611702	255	filler_word	103	49	1	delong	unexpected	an	a	onion	finger	20	2	5.94	5.87	At first Victoria did not know why her brother was crying over the sink but then she noticed that he had just sliced	with his knife.	False	n/a	n/a
1195.2109375	0.2	611948	204	an_unexpected	103	49	1	delong	unexpected	an	a	onion	finger	20	2	5.94	5.87	At first Victoria did not know why her brother was crying over the sink but then she noticed that he had just sliced	with his knife.	False	n/a	n/a
1195.259765625	0.0	611973	200	cloze_marker	103	49	1	delong	unexpected	an	a	onion	finger	20	2	5.94	5.87	At first Victoria did not know why her brother was crying over the sink but then she noticed that he had just sliced	with his knife.	False	n/a	n/a
1195.50390625	0.0	612098	150	item_marker	104	50	1	delong	unexpected	a	an	finger	onion	27	0	5.35	3.13	Marie wanted to sample a tiny bit of the sauce so she daintily dipped	into the pot.	False	n/a	n/a
1195.689453125	0.2	612193	206	noun_unexpected	104	50	1	delong	unexpected	a	an	finger	onion	27	0	5.35	3.13	Marie wanted to sample a tiny bit of the sauce so she daintily dipped	into the pot.	False	n/a	n/a
1195.740234375	0.0	612219	3	cloze_marker	104	50	1	delong	unexpected	a	an	finger	onion	27	0	5.35	3.13	Marie wanted to sample a tiny bit of the sauce so she daintily dipped	into the pot.	False	n/a	n/a
1195.982421875	0.0	612343	150	item_marker	105	50	1	delong	unexpected	a	an	finger	onion	27	0	5.35	3.13	Marie wanted to sample a tiny bit of the sauce so she daintily dipped	into the pot.	False	n/a	n/a
1196.169921875	0.2	612439	255	filler_word	105	50	1	delong	unexpected	a	an	finger	onion	27	0	5.35	3.13	Marie wanted to sample a tiny bit of the sauce so she daintily dipped	into the pot.	False	n/a	n/a
1196.650390625	0.2	612685	255	filler_word	105	50	1	delong	unexpected	a	an	finger	onion	27	0	5.35	3.13	Marie wanted to sample a tiny bit of the sauce so she daintily dipped	into the pot.	False	n/a	n/a
1197.12890625	0.2	612930	208	final_unexpected	105	50	1	delong	unexpected	a	an	finger	onion	27	0	5.35	3.13	Marie wanted to sample a tiny bit of the sauce so she daintily dipped	into the pot.	False	n/a	n/a
1200.875	0.2	614848	255	filler_word	105	50	1	delong	unexpected	a	an	finger	onion	27	0	5.35	3.13	Marie wanted to sample a tiny bit of the sauce so she daintily dipped	into the pot.	False	n/a	n/a
1201.353515625	0.2	615093	255	filler_word	105	50	1	delong	unexpected	a	an	finger	onion	27	0	5.35	3.13	Marie wanted to sample a tiny bit of the sauce so she daintily dipped	into the pot.	False	n/a	n/a
1201.833984375	0.2	615339	255	filler_word	105	50	1	delong	unexpected	a	an	finger	onion	27	0	5.35	3.13	Marie wanted to sample a tiny bit of the sauce so she daintily dipped	into the pot.	False	n/a	n/a
1202.314453125	0.2	615585	255	filler_word	105	50	1	delong	unexpected	a	an	finger	onion	27	0	5.35	3.13	Marie wanted to sample a tiny bit of the sauce so she daintily dipped	into the pot.	False	n/a	n/a
1202.79296875	0.2	615830	255	filler_word	105	50	1	delong	unexpected	a	an	finger	onion	27	0	5.35	3.13	Marie wanted to sample a tiny bit of the sauce so she daintily dipped	into the pot.	False	n/a	n/a
1203.2734375	0.2	616076	255	filler_word	105	50	1	delong	unexpected	a	an	finger	onion	27	0	5.35	3.13	Marie wanted to sample a tiny bit of the sauce so she daintily dipped	into the pot.	False	n/a	n/a
1203.75390625	0.2	616322	255	filler_word	105	50	1	delong	unexpected	a	an	finger	onion	27	0	5.35	3.13	Marie wanted to sample a tiny bit of the sauce so she daintily dipped	into the pot.	False	n/a	n/a
1204.232421875	0.2	616567	255	filler_word	105	50	1	delong	unexpected	a	an	finger	onion	27	0	5.35	3.13	Marie wanted to sample a tiny bit of the sauce so she daintily dipped	into the pot.	False	n/a	n/a
1204.712890625	0.2	616813	255	filler_word	105	50	1	delong	unexpected	a	an	finger	onion	27	0	5.35	3.13	Marie wanted to sample a tiny bit of the sauce so she daintily dipped	into the pot.	False	n/a	n/a
1205.193359375	0.2	617059	255	filler_word	105	50	1	delong	unexpected	a	an	finger	onion	27	0	5.35	3.13	Marie wanted to sample a tiny bit of the sauce so she daintily dipped	into the pot.	False	n/a	n/a
1205.673828125	0.2	617305	255	filler_word	105	50	1	delong	unexpected	a	an	finger	onion	27	0	5.35	3.13	Marie wanted to sample a tiny bit of the sauce so she daintily dipped	into the pot.	False	n/a	n/a
1206.15234375	0.2	617550	255	filler_word	105	50	1	delong	unexpected	a	an	finger	onion	27	0	5.35	3.13	Marie wanted to sample a tiny bit of the sauce so she daintily dipped	into the pot.	False	n/a	n/a
1206.6328125	0.2	617796	255	filler_word	105	50	1	delong	unexpected	a	an	finger	onion	27	0	5.35	3.13	Marie wanted to sample a tiny bit of the sauce so she daintily dipped	into the pot.	False	n/a	n/a
1207.11328125	0.2	618042	255	filler_word	105	50	1	delong	unexpected	a	an	finger	onion	27	0	5.35	3.13	Marie wanted to sample a tiny bit of the sauce so she daintily dipped	into the pot.	False	n/a	n/a
1207.591796875	0.2	618287	255	filler_word	105	50	1	delong	unexpected	a	an	finger	onion	27	0	5.35	3.13	Marie wanted to sample a tiny bit of the sauce so she daintily dipped	into the pot.	False	n/a	n/a
1208.072265625	0.2	618533	255	filler_word	105	50	1	delong	unexpected	a	an	finger	onion	27	0	5.35	3.13	Marie wanted to sample a tiny bit of the sauce so she daintily dipped	into the pot.	False	n/a	n/a
1208.552734375	0.2	618779	201	a_expected	105	50	1	delong	unexpected	a	an	finger	onion	27	0	5.35	3.13	Marie wanted to sample a tiny bit of the sauce so she daintily dipped	into the pot.	False	n/a	n/a
1208.6015625	0.0	618804	16	cloze_marker	105	50	1	delong	unexpected	a	an	finger	onion	27	0	5.35	3.13	Marie wanted to sample a tiny bit of the sauce so she daintily dipped	into the pot.	False	n/a	n/a
1208.845703125	0.0	618929	160	item_marker	106	60	1	delong	expected	a	an	city	airport	16	0	6.45	4.77	Hannah wanted to live in a small town but her husband preferred to live closer to	because of his job.	False	n/a	n/a
1209.03125	0.2	619024	205	noun_expected	106	60	1	delong	expected	a	an	city	airport	16	0	6.45	4.77	Hannah wanted to live in a small town but her husband preferred to live closer to	because of his job.	False	n/a	n/a
1209.08203125	0.0	619050	90	cloze_marker	106	60	1	delong	expected	a	an	city	airport	16	0	6.45	4.77	Hannah wanted to live in a small town but her husband preferred to live closer to	because of his job.	False	n/a	n/a
1209.32421875	0.0	619174	160	item_marker	107	60	1	delong	expected	a	an	city	airport	16	0	6.45	4.77	Hannah wanted to live in a small town but her husband preferred to live closer to	because of his job.	False	n/a	n/a
1209.51171875	0.2	619270	255	filler_word	107	60	1	delong	expected	a	an	city	airport	16	0	6.45	4.77	Hannah wanted to live in a small town but her husband preferred to live closer to	because of his job.	False	n/a	n/a
1209.9921875	0.2	619516	255	filler_word	107	60	1	delong	expected	a	an	city	airport	16	0	6.45	4.77	Hannah wanted to live in a small town but her husband preferred to live closer to	because of his job.	False	n/a	n/a
1210.470703125	0.2	619761	255	filler_word	107	60	1	delong	expected	a	an	city	airport	16	0	6.45	4.77	Hannah wanted to live in a small town but her husband preferred to live closer to	because of his job.	False	n/a	n/a
1210.951171875	0.2	620007	207	final_expected	107	60	1	delong	expected	a	an	city	airport	16	0	6.45	4.77	Hannah wanted to live in a small town but her husband preferred to live closer to	because of his job.	False	n/a	n/a
1214.603515625	0.2	621877	255	filler_word	107	60	1	delong	expected	a	an	city	airport	16	0	6.45	4.77	Hannah wanted to live in a small town but her husband preferred to live closer to	because of his job.	False	n/a	n/a
1215.08203125	0.2	622122	255	filler_word	107	60	1	delong	expected	a	an	city	airport	16	0	6.45	4.77	Hannah wanted to live in a small town but her husband preferred to live closer to	because of his job.	False	n/a	n/a
1215.5625	0.2	622368	255	filler_word	107	60	1	delong	expected	a	an	city	airport	16	0	6.45	4.77	Hannah wanted to live in a small town but her husband preferred to live closer to	because of his job.	False	n/a	n/a
1216.04296875	0.2	622614	255	filler_word	107	60	1	delong	expected	a	an	city	airport	16	0	6.45	4.77	Hannah wanted to live in a small town but her husband preferred to live closer to	because of his job.	False	n/a	n/a
1216.521484375	0.2	622859	255	filler_word	107	60	1	delong	expected	a	an	city	airport	16	0	6.45	4.77	Hannah wanted to live in a small town but her husband preferred to live closer to	because of his job.	False	n/a	n/a
1217.001953125	0.2	623105	255	filler_word	107	60	1	delong	expected	a	an	city	airport	16	0	6.45	4.77	Hannah wanted to live in a small town but her husband preferred to live closer to	because of his job.	False	n/a	n/a
1217.482421875	0.2	623351	255	filler_word	107	60	1	delong	expected	a	an	city	airport	16	0	6.45	4.77	Hannah wanted to live in a small town but her husband preferred to live closer to	because of his job.	False	n/a	n/a
1217.9609375	0.2	623596	255	filler_word	107	60	1	delong	expected	a	an	city	airport	16	0	6.45	4.77	Hannah wanted to live in a small town but her husband preferred to live closer to	because of his job.	False	n/a	n/a
1218.44140625	0.2	623842	255	filler_word	107	60	1	delong	expected	a	an	city	airport	16	0	6.45	4.77	Hannah wanted to live in a small town but her husband preferred to live closer to	because of his job.	False	n/a	n/a
1218.921875	0.2	624088	255	filler_word	107	60	1	delong	expected	a	an	city	airport	16	0	6.45	4.77	Hannah wanted to live in a small town but her husband preferred to live closer to	because of his job.	False	n/a	n/a
1219.400390625	0.2	624333	255	filler_word	107	60	1	delong	expected	a	an	city	airport	16	0	6.45	4.77	Hannah wanted to live in a small town but her husband preferred to live closer to	because of his job.	False	n/a	n/a
1219.880859375	0.2	624579	255	filler_word	107	60	1	delong	expected	a	an	city	airport	16	0	6.45	4.77	Hannah wanted to live in a small town but her husband preferred to live closer to	because of his job.	False	n/a	n/a
1220.361328125	0.2	624825	201	a_expected	107	60	1	delong	expected	a	an	city	airport	16	0	6.45	4.77	Hannah wanted to live in a small town but her husband preferred to live closer to	because of his job.	False	n/a	n/a
1220.41015625	0.0	624850	100	cloze_marker	107	60	1	delong	expected	a	an	city	airport	16	0	6.45	4.77	Hannah wanted to live in a small town but her husband preferred to live closer to	because of his job.	False	n/a	n/a
1220.654296875	0.0	624975	156	item_marker	108	56	1	delong	expected	a	an	crowd	audience	100	0	6.06	2.9	Carrie's father had always joked that two is company but three is	for him.	False	n/a	n/a
1220.83984375	0.2	625070	205	noun_expected	108	56	1	delong	expected	a	an	crowd	audience	100	0	6.06	2.9	Carrie's father had always joked that two is company but three is	for him.	False	n/a	n/a
1220.890625	0.0	625096	93	cloze_marker	108	56	1	delong	expected	a	an	crowd	audience	100	0	6.06	2.9	Carrie's father had always joked that two is company but three is	for him.	False	n/a	n/a
1221.134765625	0.0	625221	156	item_marker	109	56	1	delong	expected	a	an	crowd	audience	100	0	6.06	2.9	Carrie's father had always joked that two is company but three is	for him.	False	n/a	n/a
1221.3203125	0.2	625316	255	filler_word	109	56	1	delong	expected	a	an	crowd	audience	100	0	6.06	2.9	Carrie's father had always joked that two is company but three is	for him.	False	n/a	n/a
1221.80078125	0.2	625562	207	final_expected	109	56	1	delong	expected	a	an	crowd	audience	100	0	6.06	2.9	Carrie's father had always joked that two is company but three is	for him.	False	n/a	n/a
1225.384765625	0.2	627397	255	filler_word	109	56	1	delong	expected	a	an	crowd	audience	100	0	6.06	2.9	Carrie's father had always joked that two is company but three is	for him.	False	n/a	n/a
1225.865234375	0.2	627643	255	filler_word	109	56	1	delong	expected	a	an	crowd	audience	100	0	6.06	2.9	Carrie's father had always joked that two is company but three is	for him.	False	n/a	n/a
1226.345703125	0.2	627889	255	filler_word	109	56	1	delong	expected	a	an	crowd	audience	100	0	6.06	2.9	Carrie's father had always joked that two is company but three is	for him.	False	n/a	n/a
1226.826171875	0.2	628135	255	filler_word	109	56	1	delong	expected	a	an	crowd	audience	100	0	6.06	2.9	Carrie's father had always joked that two is company but three is	for him.	False	n/a	n/a
1227.3046875	0.2	628380	255	filler_word	109	56	1	delong	expected	a	an	crowd	audience	100	0	6.06	2.9	Carrie's father had always joked that two is company but three is	for him.	False	n/a	n/a
1227.78515625	0.2	628626	255	filler_word	109	56	1	delong	expected	a	an	crowd	audience	100	0	6.06	2.9	Carrie's father had always joked that two is company but three is	for him.	False	n/a	n/a
1228.265625	0.2	628872	255	filler_word	109	56	1	delong	expected	a	an	crowd	audience	100	0	6.06	2.9	Carrie's father had always joked that two is company but three is	for him.	False	n/a	n/a
1228.744140625	0.2	629117	255	filler_word	109	56	1	delong	expected	a	an	crowd	audience	100	0	6.06	2.9	Carrie's father had always joked that two is company but three is	for him.	False	n/a	n/a
1229.224609375	0.2	629363	255	filler_word	109	56	1	delong	expected	a	an	crowd	audience	100	0	6.06	2.9	Carrie's father had always joked that two is company but three is	for him.	False	n/a	n/a
1229.705078125	0.2	629609	255	filler_word	109	56	1	delong	expected	a	an	crowd	audience	100	0	6.06	2.9	Carrie's father had always joked that two is company but three is	for him.	False	n/a	n/a
1230.18359375	0.2	629854	201	a_expected	109	56	1	delong	expected	a	an	crowd	audience	100	0	6.06	2.9	Carrie's father had always joked that two is company but three is	for him.	False	n/a	n/a
1230.234375	0.0	629880	86	cloze_marker	109	56	1	delong	expected	a	an	crowd	audience	100	0	6.06	2.9	Carrie's father had always joked that two is company but three is	for him.	False	n/a	n/a
1230.4765625	0.0	630004	152	item_marker	110	52	1	delong	expected	a	an	success	author	86	5	5.8	2.87	Alicia's first client was a failure but her second was	and made her a lot of money.	False	n/a	n/a
1230.6640625	0.2	630100	205	noun_expected	110	52	1	delong	expected	a	an	success	author	86	5	5.8	2.87	Alicia's first client was a failure but her second was	and made her a lot of money.	False	n/a	n/a
1230.712890625	0.0	630125	87	cloze_marker	110	52	1	delong	expected	a	an	success	author	86	5	5.8	2.87	Alicia's first client was a failure but her second was	and made her a lot of money.	False	n/a	n/a
1230.95703125	0.0	630250	152	item_marker	111	52	1	delong	expected	a	an	success	author	86	5	5.8	2.87	Alicia's first client was a failure but her second was	and made her a lot of money.	False	n/a	n/a
1231.14453125	0.2	630346	255	filler_word	111	52	1	delong	expected	a	an	success	author	86	5	5.8	2.87	Alicia's first client was a failure but her second was	and made her a lot of money.	False	n/a	n/a
1231.623046875	0.2	630591	255	filler_word	111	52	1	delong	expected	a	an	success	author	86	5	5.8	2.87	Alicia's first client was a failure but her second was	and made her a lot of money.	False	n/a	n/a
1232.103515625	0.2	630837	255	filler_word	111	52	1	delong	expected	a	an	success	author	86	5	5.8	2.87	Alicia's first client was a failure but her second was	and made her a lot of money.	False	n/a	n/a
1232.583984375	0.2	631083	255	filler_word	111	52	1	delong	expected	a	an	success	author	86	5	5.8	2.87	Alicia's first client was a failure but her second was	and made her a lot of money.	False	n/a	n/a
1233.0625	0.2	631328	255	filler_word	111	52	1	delong	expected	a	an	success	author	86	5	5.8	2.87	Alicia's first client was a failure but her second was	and made her a lot of money.	False	n/a	n/a
1233.54296875	0.2	631574	255	filler_word	111	52	1	delong	expected	a	an	success	author	86	5	5.8	2.87	Alicia's first client was a failure but her second was	and made her a lot of money.	False	n/a	n/a
1234.0234375	0.2	631820	207	final_expected	111	52	1	delong	expected	a	an	success	author	86	5	5.8	2.87	Alicia's first client was a failure but her second was	and made her a lot of money.	False	n/a	n/a
1238.5	0.2	634112	255	filler_word	111	52	1	delong	expected	a	an	success	author	86	5	5.8	2.87	Alicia's first client was a failure but her second was	and made her a lot of money.	False	n/a	n/a
1238.98046875	0.2	634358	255	filler_word	111	52	1	delong	expected	a	an	success	author	86	5	5.8	2.87	Alicia's first client was a failure but her second was	and made her a lot of money.	False	n/a	n/a
1239.4609375	0.2	634604	255	filler_word	111	52	1	delong	expected	a	an	success	author	86	5	5.8	2.87	Alicia's first client was a failure but her second was	and made her a lot of money.	False	n/a	n/a
1239.94140625	0.2	634850	255	filler_word	111	52	1	delong	expected	a	an	success	author	86	5	5.8	2.87	Alicia's first client was a failure but her second was	and made her a lot of money.	False	n/a	n/a
1240.419921875	0.2	635095	255	filler_word	111	52	1	delong	expected	a	an	success	author	86	5	5.8	2.87	Alicia's first client was a failure but her second was	and made her a lot of money.	False	n/a	n/a
1240.900390625	0.2	635341	255	filler_word	111	52	1	delong	expected	a	an	success	author	86	5	5.8	2.87	Alicia's first client was a failure but her second was	and made her a lot of money.	False	n/a	n/a
1241.380859375	0.2	635587	255	filler_word	111	52	1	delong	expected	a	an	success	author	86	5	5.8	2.87	Alicia's first client was a failure but her second was	and made her a lot of money.	False	n/a	n/a
1241.859375	0.2	635832	255	filler_word	111	52	1	delong	expected	a	an	success	author	86	5	5.8	2.87	Alicia's first client was a failure but her second was	and made her a lot of money.	False	n/a	n/a
1242.33984375	0.2	636078	255	filler_word	111	52	1	delong	expected	a	an	success	author	86	5	5.8	2.87	Alicia's first client was a failure but her second was	and made her a lot of money.	False	n/a	n/a
1242.8203125	0.2	636324	255	filler_word	111	52	1	delong	expected	a	an	success	author	86	5	5.8	2.87	Alicia's first client was a failure but her second was	and made her a lot of money.	False	n/a	n/a
1243.298828125	0.2	636569	255	filler_word	111	52	1	delong	expected	a	an	success	author	86	5	5.8	2.87	Alicia's first client was a failure but her second was	and made her a lot of money.	False	n/a	n/a
1243.779296875	0.2	636815	255	filler_word	111	52	1	delong	expected	a	an	success	author	86	5	5.8	2.87	Alicia's first client was a failure but her second was	and made her a lot of money.	False	n/a	n/a
1244.259765625	0.2	637061	255	filler_word	111	52	1	delong	expected	a	an	success	author	86	5	5.8	2.87	Alicia's first client was a failure but her second was	and made her a lot of money.	False	n/a	n/a
1244.73828125	0.2	637306	255	filler_word	111	52	1	delong	expected	a	an	success	author	86	5	5.8	2.87	Alicia's first client was a failure but her second was	and made her a lot of money.	False	n/a	n/a
1245.21875	0.2	637552	255	filler_word	111	52	1	delong	expected	a	an	success	author	86	5	5.8	2.87	Alicia's first client was a failure but her second was	and made her a lot of money.	False	n/a	n/a
1245.69921875	0.2	637798	255	filler_word	111	52	1	delong	expected	a	an	success	author	86	5	5.8	2.87	Alicia's first client was a failure but her second was	and made her a lot of money.	False	n/a	n/a
1246.177734375	0.2	638043	204	an_unexpected	111	52	1	delong	expected	a	an	success	author	86	5	5.8	2.87	Alicia's first client was a failure but her second was	and made her a lot of money.	False	n/a	n/a
1246.228515625	0.0	638069	16	cloze_marker	111	52	1	delong	expected	a	an	success	author	86	5	5.8	2.87	Alicia's first client was a failure but her second was	and made her a lot of money.	False	n/a	n/a
1246.470703125	0.0	638193	146	item_marker	112	46	1	delong	unexpected	a	an	beginner	amateur	82	16	6.17	6.16	There are always ways to improve your game whether you're an advanced tennis player or merely	you just need to practice a lot.	False	n/a	n/a
1246.658203125	0.2	638289	206	noun_unexpected	112	46	1	delong	unexpected	a	an	beginner	amateur	82	16	6.17	6.16	There are always ways to improve your game whether you're an advanced tennis player or merely	you just need to practice a lot.	False	n/a	n/a
1246.70703125	0.0	638314	20	cloze_marker	112	46	1	delong	unexpected	a	an	beginner	amateur	82	16	6.17	6.16	There are always ways to improve your game whether you're an advanced tennis player or merely	you just need to practice a lot.	False	n/a	n/a
1246.951171875	0.0	638439	146	item_marker	113	46	1	delong	unexpected	a	an	beginner	amateur	82	16	6.17	6.16	There are always ways to improve your game whether you're an advanced tennis player or merely	you just need to practice a lot.	False	n/a	n/a
1247.138671875	0.2	638535	255	filler_word	113	46	1	delong	unexpected	a	an	beginner	amateur	82	16	6.17	6.16	There are always ways to improve your game whether you're an advanced tennis player or merely	you just need to practice a lot.	False	n/a	n/a
1247.6171875	0.2	638780	255	filler_word	113	46	1	delong	unexpected	a	an	beginner	amateur	82	16	6.17	6.16	There are always ways to improve your game whether you're an advanced tennis player or merely	you just need to practice a lot.	False	n/a	n/a
1248.09765625	0.2	639026	255	filler_word	113	46	1	delong	unexpected	a	an	beginner	amateur	82	16	6.17	6.16	There are always ways to improve your game whether you're an advanced tennis player or merely	you just need to practice a lot.	False	n/a	n/a
1248.578125	0.2	639272	255	filler_word	113	46	1	delong	unexpected	a	an	beginner	amateur	82	16	6.17	6.16	There are always ways to improve your game whether you're an advanced tennis player or merely	you just need to practice a lot.	False	n/a	n/a
1249.056640625	0.2	639517	255	filler_word	113	46	1	delong	unexpected	a	an	beginner	amateur	82	16	6.17	6.16	There are always ways to improve your game whether you're an advanced tennis player or merely	you just need to practice a lot.	False	n/a	n/a
1249.537109375	0.2	639763	255	filler_word	113	46	1	delong	unexpected	a	an	beginner	amateur	82	16	6.17	6.16	There are always ways to improve your game whether you're an advanced tennis player or merely	you just need to practice a lot.	False	n/a	n/a
1250.017578125	0.2	640009	208	final_unexpected	113	46	1	delong	unexpected	a	an	beginner	amateur	82	16	6.17	6.16	There are always ways to improve your game whether you're an advanced tennis player or merely	you just need to practice a lot.	False	n/a	n/a
1255.908203125	0.2	643025	255	filler_word	113	46	1	delong	unexpected	a	an	beginner	amateur	82	16	6.17	6.16	There are always ways to improve your game whether you're an advanced tennis player or merely	you just need to practice a lot.	False	n/a	n/a
1256.388671875	0.2	643271	255	filler_word	113	46	1	delong	unexpected	a	an	beginner	amateur	82	16	6.17	6.16	There are always ways to improve your game whether you're an advanced tennis player or merely	you just need to practice a lot.	False	n/a	n/a
1256.8671875	0.2	643516	255	filler_word	113	46	1	delong	unexpected	a	an	beginner	amateur	82	16	6.17	6.16	There are always ways to improve your game whether you're an advanced tennis player or merely	you just need to practice a lot.	False	n/a	n/a
1257.34765625	0.2	643762	255	filler_word	113	46	1	delong	unexpected	a	an	beginner	amateur	82	16	6.17	6.16	There are always ways to improve your game whether you're an advanced tennis player or merely	you just need to practice a lot.	False	n/a	n/a
1257.828125	0.2	644008	255	filler_word	113	46	1	delong	unexpected	a	an	beginner	amateur	82	16	6.17	6.16	There are always ways to improve your game whether you're an advanced tennis player or merely	you just need to practice a lot.	False	n/a	n/a
1258.306640625	0.2	644253	255	filler_word	113	46	1	delong	unexpected	a	an	beginner	amateur	82	16	6.17	6.16	There are always ways to improve your game whether you're an advanced tennis player or merely	you just need to practice a lot.	False	n/a	n/a
1258.787109375	0.2	644499	255	filler_word	113	46	1	delong	unexpected	a	an	beginner	amateur	82	16	6.17	6.16	There are always ways to improve your game whether you're an advanced tennis player or merely	you just need to practice a lot.	False	n/a	n/a
1259.267578125	0.2	644745	255	filler_word	113	46	1	delong	unexpected	a	an	beginner	amateur	82	16	6.17	6.16	There are always ways to improve your game whether you're an advanced tennis player or merely	you just need to practice a lot.	False	n/a	n/a
1259.74609375	0.2	644990	255	filler_word	113	46	1	delong	unexpected	a	an	beginner	amateur	82	16	6.17	6.16	There are always ways to improve your game whether you're an advanced tennis player or merely	you just need to practice a lot.	False	n/a	n/a
1260.2265625	0.2	645236	255	filler_word	113	46	1	delong	unexpected	a	an	beginner	amateur	82	16	6.17	6.16	There are always ways to improve your game whether you're an advanced tennis player or merely	you just need to practice a lot.	False	n/a	n/a
1260.70703125	0.2	645482	201	a_expected	113	46	1	delong	unexpected	a	an	beginner	amateur	82	16	6.17	6.16	There are always ways to improve your game whether you're an advanced tennis player or merely	you just need to practice a lot.	False	n/a	n/a
1260.755859375	0.0	645507	89	cloze_marker	113	46	1	delong	unexpected	a	an	beginner	amateur	82	16	6.17	6.16	There are always ways to improve your game whether you're an advanced tennis player or merely	you just need to practice a lot.	False	n/a	n/a
1261.0	0.0	645632	148	item_marker	114	48	1	delong	expected	a	an	story	excuse	89	0	6.55	2.4	Before little Gloria went to sleep she wanted to hear	from her mother.	False	n/a	n/a
1261.185546875	0.2	645727	205	noun_expected	114	48	1	delong	expected	a	an	story	excuse	89	0	6.55	2.4	Before little Gloria went to sleep she wanted to hear	from her mother.	False	n/a	n/a
1261.236328125	0.0	645753	87	cloze_marker	114	48	1	delong	expected	a	an	story	excuse	89	0	6.55	2.4	Before little Gloria went to sleep she wanted to hear	from her mother.	False	n/a	n/a
1261.478515625	0.0	645877	148	item_marker	115	48	1	delong	expected	a	an	story	excuse	89	0	6.55	2.4	Before little Gloria went to sleep she wanted to hear	from her mother.	False	n/a	n/a
1261.666015625	0.2	645973	255	filler_word	115	48	1	delong	expected	a	an	story	excuse	89	0	6.55	2.4	Before little Gloria went to sleep she wanted to hear	from her mother.	False	n/a	n/a
1262.146484375	0.2	646219	255	filler_word	115	48	1	delong	expected	a	an	story	excuse	89	0	6.55	2.4	Before little Gloria went to sleep she wanted to hear	from her mother.	False	n/a	n/a
1262.625	0.2	646464	207	final_expected	115	48	1	delong	expected	a	an	story	excuse	89	0	6.55	2.4	Before little Gloria went to sleep she wanted to hear	from her mother.	False	n/a	n/a
1266.650390625	0.2	648525	255	filler_word	115	48	1	delong	expected	a	an	story	excuse	89	0	6.55	2.4	Before little Gloria went to sleep she wanted to hear	from her mother.	False	n/a	n/a
1267.130859375	0.2	648771	255	filler_word	115	48	1	delong	expected	a	an	story	excuse	89	0	6.55	2.4	Before little Gloria went to sleep she wanted to hear	from her mother.	False	n/a	n/a
1267.611328125	0.2	649017	255	filler_word	115	48	1	delong	expected	a	an	story	excuse	89	0	6.55	2.4	Before little Gloria went to sleep she wanted to hear	from her mother.	False	n/a	n/a
1268.08984375	0.2	649262	255	filler_word	115	48	1	delong	expected	a	an	story	excuse	89	0	6.55	2.4	Before little Gloria went to sleep she wanted to hear	from her mother.	False	n/a	n/a
1268.5703125	0.2	649508	255	filler_word	115	48	1	delong	expected	a	an	story	excuse	89	0	6.55	2.4	Before little Gloria went to sleep she wanted to hear	from her mother.	False	n/a	n/a
1269.05078125	0.2	649754	255	filler_word	115	48	1	delong	expected	a	an	story	excuse	89	0	6.55	2.4	Before little Gloria went to sleep she wanted to hear	from her mother.	False	n/a	n/a
1269.529296875	0.2	649999	255	filler_word	115	48	1	delong	expected	a	an	story	excuse	89	0	6.55	2.4	Before little Gloria went to sleep she wanted to hear	from her mother.	False	n/a	n/a
1270.009765625	0.2	650245	255	filler_word	115	48	1	delong	expected	a	an	story	excuse	89	0	6.55	2.4	Before little Gloria went to sleep she wanted to hear	from her mother.	False	n/a	n/a
1270.490234375	0.2	650491	255	filler_word	115	48	1	delong	expected	a	an	story	excuse	89	0	6.55	2.4	Before little Gloria went to sleep she wanted to hear	from her mother.	False	n/a	n/a
1270.96875	0.2	650736	255	filler_word	115	48	1	delong	expected	a	an	story	excuse	89	0	6.55	2.4	Before little Gloria went to sleep she wanted to hear	from her mother.	False	n/a	n/a
1271.44921875	0.2	650982	255	filler_word	115	48	1	delong	expected	a	an	story	excuse	89	0	6.55	2.4	Before little Gloria went to sleep she wanted to hear	from her mother.	False	n/a	n/a
1271.9296875	0.2	651228	255	filler_word	115	48	1	delong	expected	a	an	story	excuse	89	0	6.55	2.4	Before little Gloria went to sleep she wanted to hear	from her mother.	False	n/a	n/a
1272.408203125	0.2	651473	255	filler_word	115	48	1	delong	expected	a	an	story	excuse	89	0	6.55	2.4	Before little Gloria went to sleep she wanted to hear	from her mother.	False	n/a	n/a
1272.888671875	0.2	651719	255	filler_word	115	48	1	delong	expected	a	an	story	excuse	89	0	6.55	2.4	Before little Gloria went to sleep she wanted to hear	from her mother.	False	n/a	n/a
1273.369140625	0.2	651965	255	filler_word	115	48	1	delong	expected	a	an	story	excuse	89	0	6.55	2.4	Before little Gloria went to sleep she wanted to hear	from her mother.	False	n/a	n/a
1273.84765625	0.2	652210	255	filler_word	115	48	1	delong	expected	a	an	story	excuse	89	0	6.55	2.4	Before little Gloria went to sleep she wanted to hear	from her mother.	False	n/a	n/a
1274.328125	0.2	652456	255	filler_word	115	48	1	delong	expected	a	an	story	excuse	89	0	6.55	2.4	Before little Gloria went to sleep she wanted to hear	from her mother.	False	n/a	n/a
1274.80859375	0.2	652702	255	filler_word	115	48	1	delong	expected	a	an	story	excuse	89	0	6.55	2.4	Before little Gloria went to sleep she wanted to hear	from her mother.	False	n/a	n/a
1275.287109375	0.2	652947	255	filler_word	115	48	1	delong	expected	a	an	story	excuse	89	0	6.55	2.4	Before little Gloria went to sleep she wanted to hear	from her mother.	False	n/a	n/a
1275.767578125	0.2	653193	255	filler_word	115	48	1	delong	expected	a	an	story	excuse	89	0	6.55	2.4	Before little Gloria went to sleep she wanted to hear	from her mother.	False	n/a	n/a
1276.248046875	0.2	653439	202	an_expected	115	48	1	delong	expected	a	an	story	excuse	89	0	6.55	2.4	Before little Gloria went to sleep she wanted to hear	from her mother.	False	n/a	n/a
1276.296875	0.0	653464	91	cloze_marker	115	48	1	delong	expected	a	an	story	excuse	89	0	6.55	2.4	Before little Gloria went to sleep she wanted to hear	from her mother.	False	n/a	n/a
1276.541015625	0.0	653589	147	item_marker	116	47	1	delong	expected	an	a	excuse	story	91	7	6.26	4.93	Amelia did not want to go to the bar with her friends after seeing the movie so she made up	for why she needed to go home early.	True	Did Amelia go home late?	no
1276.7265625	0.2	653684	205	noun_expected	116	47	1	delong	expected	an	a	excuse	story	91	7	6.26	4.93	Amelia did not want to go to the bar with her friends after seeing the movie so she made up	for why she needed to go home early.	True	Did Amelia go home late?	no
1276.77734375	0.0	653710	100	cloze_marker	116	47	1	delong	expected	an	a	excuse	story	91	7	6.26	4.93	Amelia did not want to go to the bar with her friends after seeing the movie so she made up	for why she needed to go home early.	True	Did Amelia go home late?	no
1277.01953125	0.0	653834	147	item_marker	117	47	1	delong	expected	an	a	excuse	story	91	7	6.26	4.93	Amelia did not want to go to the bar with her friends after seeing the movie so she made up	for why she needed to go home early.	True	Did Amelia go home late?	no
1277.20703125	0.2	653930	255	filler_word	117	47	1	delong	expected	an	a	excuse	story	91	7	6.26	4.93	Amelia did not want to go to the bar with her friends after seeing the movie so she made up	for why she needed to go home early.	True	Did Amelia go home late?	no
1277.6875	0.2	654176	255	filler_word	117	47	1	delong	expected	an	a	excuse	story	91	7	6.26	4.93	Amelia did not want to go to the bar with her friends after seeing the movie so she made up	for why she needed to go home early.	True	Did Amelia go home late?	no
1278.166015625	0.2	654421	255	filler_word	117	47	1	delong	expected	an	a	excuse	story	91	7	6.26	4.93	Amelia did not want to go to the bar with her friends after seeing the movie so she made up	for why she needed to go home early.	True	Did Amelia go home late?	no
1278.646484375	0.2	654667	255	filler_word	117	47	1	delong	expected	an	a	excuse	story	91	7	6.26	4.93	Amelia did not want to go to the bar with her friends after seeing the movie so she made up	for why she needed to go home early.	True	Did Amelia go home late?	no
1279.126953125	0.2	654913	255	filler_word	117	47	1	delong	expected	an	a	excuse	story	91	7	6.26	4.93	Amelia did not want to go to the bar with her friends after seeing the movie so she made up	for why she needed to go home early.	True	Did Amelia go home late?	no
1279.60546875	0.2	655158	255	filler_word	117	47	1	delong	expected	an	a	excuse	story	91	7	6.26	4.93	Amelia did not want to go to the bar with her friends after seeing the movie so she made up	for why she needed to go home early.	True	Did Amelia go home late?	no
1280.0859375	0.2	655404	255	filler_word	117	47	1	delong	expected	an	a	excuse	story	91	7	6.26	4.93	Amelia did not want to go to the bar with her friends after seeing the movie so she made up	for why she needed to go home early.	True	Did Amelia go home late?	no
1280.56640625	0.2	655650	207	final_expected	117	47	1	delong	expected	an	a	excuse	story	91	7	6.26	4.93	Amelia did not want to go to the bar with her friends after seeing the movie so she made up	for why she needed to go home early.	True	Did Amelia go home late?	no
1288.642578125	0.2	659785	255	filler_word	117	47	1	delong	expected	an	a	excuse	story	91	7	6.26	4.93	Amelia did not want to go to the bar with her friends after seeing the movie so she made up	for why she needed to go home early.	True	Did Amelia go home late?	no
1289.123046875	0.2	660031	255	filler_word	117	47	1	delong	expected	an	a	excuse	story	91	7	6.26	4.93	Amelia did not want to go to the bar with her friends after seeing the movie so she made up	for why she needed to go home early.	True	Did Amelia go home late?	no
1289.6015625	0.2	660276	255	filler_word	117	47	1	delong	expected	an	a	excuse	story	91	7	6.26	4.93	Amelia did not want to go to the bar with her friends after seeing the movie so she made up	for why she needed to go home early.	True	Did Amelia go home late?	no
1290.08203125	0.2	660522	255	filler_word	117	47	1	delong	expected	an	a	excuse	story	91	7	6.26	4.93	Amelia did not want to go to the bar with her friends after seeing the movie so she made up	for why she needed to go home early.	True	Did Amelia go home late?	no
1290.5625	0.2	660768	255	filler_word	117	47	1	delong	expected	an	a	excuse	story	91	7	6.26	4.93	Amelia did not want to go to the bar with her friends after seeing the movie so she made up	for why she needed to go home early.	True	Did Amelia go home late?	no
1291.041015625	0.2	661013	255	filler_word	117	47	1	delong	expected	an	a	excuse	story	91	7	6.26	4.93	Amelia did not want to go to the bar with her friends after seeing the movie so she made up	for why she needed to go home early.	True	Did Amelia go home late?	no
1291.521484375	0.2	661259	255	filler_word	117	47	1	delong	expected	an	a	excuse	story	91	7	6.26	4.93	Amelia did not want to go to the bar with her friends after seeing the movie so she made up	for why she needed to go home early.	True	Did Amelia go home late?	no
1292.001953125	0.2	661505	255	filler_word	117	47	1	delong	expected	an	a	excuse	story	91	7	6.26	4.93	Amelia did not want to go to the bar with her friends after seeing the movie so she made up	for why she needed to go home early.	True	Did Amelia go home late?	no
1292.48046875	0.2	661750	255	filler_word	117	47	1	delong	expected	an	a	excuse	story	91	7	6.26	4.93	Amelia did not want to go to the bar with her friends after seeing the movie so she made up	for why she needed to go home early.	True	Did Amelia go home late?	no
1292.9609375	0.2	661996	203	a_unexpected	117	47	1	delong	expected	an	a	excuse	story	91	7	6.26	4.93	Amelia did not want to go to the bar with her friends after seeing the movie so she made up	for why she needed to go home early.	True	Did Amelia go home late?	no
1293.01171875	0.0	662022	25	cloze_marker	117	47	1	delong	expected	an	a	excuse	story	91	7	6.26	4.93	Amelia did not want to go to the bar with her friends after seeing the movie so she made up	for why she needed to go home early.	True	Did Amelia go home late?	no
1293.25390625	0.0	662146	153	item_marker	118	53	1	delong	unexpected	an	a	actor	director	70	25	6.33	5.68	Lance had moved to Hollywood in hopes of becoming	but so far he had only done a few commercials.	False	n/a	n/a
1293.44140625	0.2	662242	206	noun_unexpected	118	53	1	delong	unexpected	an	a	actor	director	70	25	6.33	5.68	Lance had moved to Hollywood in hopes of becoming	but so far he had only done a few commercials.	False	n/a	n/a
1293.490234375	0.0	662267	7	cloze_marker	118	53	1	delong	unexpected	an	a	actor	director	70	25	6.33	5.68	Lance had moved to Hollywood in hopes of becoming	but so far he had only done a few commercials.	False	n/a	n/a
1293.734375	0.0	662392	153	item_marker	119	53	1	delong	unexpected	an	a	actor	director	70	25	6.33	5.68	Lance had moved to Hollywood in hopes of becoming	but so far he had only done a few commercials.	False	n/a	n/a
1293.919921875	0.2	662487	255	filler_word	119	53	1	delong	unexpected	an	a	actor	director	70	25	6.33	5.68	Lance had moved to Hollywood in hopes of becoming	but so far he had only done a few commercials.	False	n/a	n/a
1294.400390625	0.2	662733	255	filler_word	119	53	1	delong	unexpected	an	a	actor	director	70	25	6.33	5.68	Lance had moved to Hollywood in hopes of becoming	but so far he had only done a few commercials.	False	n/a	n/a
1294.880859375	0.2	662979	255	filler_word	119	53	1	delong	unexpected	an	a	actor	director	70	25	6.33	5.68	Lance had moved to Hollywood in hopes of becoming	but so far he had only done a few commercials.	False	n/a	n/a
1295.361328125	0.2	663225	255	filler_word	119	53	1	delong	unexpected	an	a	actor	director	70	25	6.33	5.68	Lance had moved to Hollywood in hopes of becoming	but so far he had only done a few commercials.	False	n/a	n/a
1295.83984375	0.2	663470	255	filler_word	119	53	1	delong	unexpected	an	a	actor	director	70	25	6.33	5.68	Lance had moved to Hollywood in hopes of becoming	but so far he had only done a few commercials.	False	n/a	n/a
1296.3203125	0.2	663716	255	filler_word	119	53	1	delong	unexpected	an	a	actor	director	70	25	6.33	5.68	Lance had moved to Hollywood in hopes of becoming	but so far he had only done a few commercials.	False	n/a	n/a
1296.80078125	0.2	663962	255	filler_word	119	53	1	delong	unexpected	an	a	actor	director	70	25	6.33	5.68	Lance had moved to Hollywood in hopes of becoming	but so far he had only done a few commercials.	False	n/a	n/a
1297.279296875	0.2	664207	255	filler_word	119	53	1	delong	unexpected	an	a	actor	director	70	25	6.33	5.68	Lance had moved to Hollywood in hopes of becoming	but so far he had only done a few commercials.	False	n/a	n/a
1297.759765625	0.2	664453	255	filler_word	119	53	1	delong	unexpected	an	a	actor	director	70	25	6.33	5.68	Lance had moved to Hollywood in hopes of becoming	but so far he had only done a few commercials.	False	n/a	n/a
1298.240234375	0.2	664699	208	final_unexpected	119	53	1	delong	unexpected	an	a	actor	director	70	25	6.33	5.68	Lance had moved to Hollywood in hopes of becoming	but so far he had only done a few commercials.	False	n/a	n/a
1318.5390625	0.2	675092	255	filler_word	119	53	1	delong	unexpected	an	a	actor	director	70	25	6.33	5.68	Lance had moved to Hollywood in hopes of becoming	but so far he had only done a few commercials.	False	n/a	n/a
1319.017578125	0.2	675337	255	filler_word	119	53	1	delong	unexpected	an	a	actor	director	70	25	6.33	5.68	Lance had moved to Hollywood in hopes of becoming	but so far he had only done a few commercials.	False	n/a	n/a
1319.498046875	0.2	675583	255	filler_word	119	53	1	delong	unexpected	an	a	actor	director	70	25	6.33	5.68	Lance had moved to Hollywood in hopes of becoming	but so far he had only done a few commercials.	False	n/a	n/a
1319.978515625	0.2	675829	255	filler_word	119	53	1	delong	unexpected	an	a	actor	director	70	25	6.33	5.68	Lance had moved to Hollywood in hopes of becoming	but so far he had only done a few commercials.	False	n/a	n/a
1320.45703125	0.2	676074	255	filler_word	119	53	1	delong	unexpected	an	a	actor	director	70	25	6.33	5.68	Lance had moved to Hollywood in hopes of becoming	but so far he had only done a few commercials.	False	n/a	n/a
1320.9375	0.2	676320	255	filler_word	119	53	1	delong	unexpected	an	a	actor	director	70	25	6.33	5.68	Lance had moved to Hollywood in hopes of becoming	but so far he had only done a few commercials.	False	n/a	n/a
1321.41796875	0.2	676566	255	filler_word	119	53	1	delong	unexpected	an	a	actor	director	70	25	6.33	5.68	Lance had moved to Hollywood in hopes of becoming	but so far he had only done a few commercials.	False	n/a	n/a
1321.896484375	0.2	676811	255	filler_word	119	53	1	delong	unexpected	an	a	actor	director	70	25	6.33	5.68	Lance had moved to Hollywood in hopes of becoming	but so far he had only done a few commercials.	False	n/a	n/a
1322.376953125	0.2	677057	255	filler_word	119	53	1	delong	unexpected	an	a	actor	director	70	25	6.33	5.68	Lance had moved to Hollywood in hopes of becoming	but so far he had only done a few commercials.	False	n/a	n/a
1322.857421875	0.2	677303	255	filler_word	119	53	1	delong	unexpected	an	a	actor	director	70	25	6.33	5.68	Lance had moved to Hollywood in hopes of becoming	but so far he had only done a few commercials.	False	n/a	n/a
1323.3359375	0.2	677548	255	filler_word	119	53	1	delong	unexpected	an	a	actor	director	70	25	6.33	5.68	Lance had moved to Hollywood in hopes of becoming	but so far he had only done a few commercials.	False	n/a	n/a
1323.81640625	0.2	677794	255	filler_word	119	53	1	delong	unexpected	an	a	actor	director	70	25	6.33	5.68	Lance had moved to Hollywood in hopes of becoming	but so far he had only done a few commercials.	False	n/a	n/a
1324.296875	0.2	678040	255	filler_word	119	53	1	delong	unexpected	an	a	actor	director	70	25	6.33	5.68	Lance had moved to Hollywood in hopes of becoming	but so far he had only done a few commercials.	False	n/a	n/a
1324.77734375	0.2	678286	204	an_unexpected	119	53	1	delong	unexpected	an	a	actor	director	70	25	6.33	5.68	Lance had moved to Hollywood in hopes of becoming	but so far he had only done a few commercials.	False	n/a	n/a
1324.826171875	0.0	678311	200	cloze_marker	119	53	1	delong	unexpected	an	a	actor	director	70	25	6.33	5.68	Lance had moved to Hollywood in hopes of becoming	but so far he had only done a few commercials.	False	n/a	n/a
1325.0703125	0.0	678436	174	item_marker	120	74	1	delong	unexpected	a	an	flower	animal	80	0	6.27	2.58	While Natasha was strolling through the colourful gardens she reached down and picked	up off the ground.	True	Was Natasha in the gardens? 	yes
1325.255859375	0.2	678531	206	noun_unexpected	120	74	1	delong	unexpected	a	an	flower	animal	80	0	6.27	2.58	While Natasha was strolling through the colourful gardens she reached down and picked	up off the ground.	True	Was Natasha in the gardens? 	yes
1325.306640625	0.0	678557	200	cloze_marker	120	74	1	delong	unexpected	a	an	flower	animal	80	0	6.27	2.58	While Natasha was strolling through the colourful gardens she reached down and picked	up off the ground.	True	Was Natasha in the gardens? 	yes
1325.548828125	0.0	678681	174	item_marker	121	74	1	delong	unexpected	a	an	flower	animal	80	0	6.27	2.58	While Natasha was strolling through the colourful gardens she reached down and picked	up off the ground.	True	Was Natasha in the gardens? 	yes
1325.736328125	0.2	678777	255	filler_word	121	74	1	delong	unexpected	a	an	flower	animal	80	0	6.27	2.58	While Natasha was strolling through the colourful gardens she reached down and picked	up off the ground.	True	Was Natasha in the gardens? 	yes
1326.216796875	0.2	679023	255	filler_word	121	74	1	delong	unexpected	a	an	flower	animal	80	0	6.27	2.58	While Natasha was strolling through the colourful gardens she reached down and picked	up off the ground.	True	Was Natasha in the gardens? 	yes
1326.6953125	0.2	679268	255	filler_word	121	74	1	delong	unexpected	a	an	flower	animal	80	0	6.27	2.58	While Natasha was strolling through the colourful gardens she reached down and picked	up off the ground.	True	Was Natasha in the gardens? 	yes
1327.17578125	0.2	679514	208	final_unexpected	121	74	1	delong	unexpected	a	an	flower	animal	80	0	6.27	2.58	While Natasha was strolling through the colourful gardens she reached down and picked	up off the ground.	True	Was Natasha in the gardens? 	yes
1333.93359375	0.2	682974	255	filler_word	121	74	1	delong	unexpected	a	an	flower	animal	80	0	6.27	2.58	While Natasha was strolling through the colourful gardens she reached down and picked	up off the ground.	True	Was Natasha in the gardens? 	yes
1334.412109375	0.2	683219	255	filler_word	121	74	1	delong	unexpected	a	an	flower	animal	80	0	6.27	2.58	While Natasha was strolling through the colourful gardens she reached down and picked	up off the ground.	True	Was Natasha in the gardens? 	yes
1334.892578125	0.2	683465	255	filler_word	121	74	1	delong	unexpected	a	an	flower	animal	80	0	6.27	2.58	While Natasha was strolling through the colourful gardens she reached down and picked	up off the ground.	True	Was Natasha in the gardens? 	yes
1335.373046875	0.2	683711	255	filler_word	121	74	1	delong	unexpected	a	an	flower	animal	80	0	6.27	2.58	While Natasha was strolling through the colourful gardens she reached down and picked	up off the ground.	True	Was Natasha in the gardens? 	yes
1335.8515625	0.2	683956	255	filler_word	121	74	1	delong	unexpected	a	an	flower	animal	80	0	6.27	2.58	While Natasha was strolling through the colourful gardens she reached down and picked	up off the ground.	True	Was Natasha in the gardens? 	yes
1336.33203125	0.2	684202	255	filler_word	121	74	1	delong	unexpected	a	an	flower	animal	80	0	6.27	2.58	While Natasha was strolling through the colourful gardens she reached down and picked	up off the ground.	True	Was Natasha in the gardens? 	yes
1336.8125	0.2	684448	255	filler_word	121	74	1	delong	unexpected	a	an	flower	animal	80	0	6.27	2.58	While Natasha was strolling through the colourful gardens she reached down and picked	up off the ground.	True	Was Natasha in the gardens? 	yes
1337.291015625	0.2	684693	255	filler_word	121	74	1	delong	unexpected	a	an	flower	animal	80	0	6.27	2.58	While Natasha was strolling through the colourful gardens she reached down and picked	up off the ground.	True	Was Natasha in the gardens? 	yes
1337.771484375	0.2	684939	255	filler_word	121	74	1	delong	unexpected	a	an	flower	animal	80	0	6.27	2.58	While Natasha was strolling through the colourful gardens she reached down and picked	up off the ground.	True	Was Natasha in the gardens? 	yes
1338.251953125	0.2	685185	255	filler_word	121	74	1	delong	unexpected	a	an	flower	animal	80	0	6.27	2.58	While Natasha was strolling through the colourful gardens she reached down and picked	up off the ground.	True	Was Natasha in the gardens? 	yes
1338.73046875	0.2	685430	255	filler_word	121	74	1	delong	unexpected	a	an	flower	animal	80	0	6.27	2.58	While Natasha was strolling through the colourful gardens she reached down and picked	up off the ground.	True	Was Natasha in the gardens? 	yes
1339.2109375	0.2	685676	255	filler_word	121	74	1	delong	unexpected	a	an	flower	animal	80	0	6.27	2.58	While Natasha was strolling through the colourful gardens she reached down and picked	up off the ground.	True	Was Natasha in the gardens? 	yes
1339.69140625	0.2	685922	255	filler_word	121	74	1	delong	unexpected	a	an	flower	animal	80	0	6.27	2.58	While Natasha was strolling through the colourful gardens she reached down and picked	up off the ground.	True	Was Natasha in the gardens? 	yes
1340.169921875	0.2	686167	255	filler_word	121	74	1	delong	unexpected	a	an	flower	animal	80	0	6.27	2.58	While Natasha was strolling through the colourful gardens she reached down and picked	up off the ground.	True	Was Natasha in the gardens? 	yes
1340.650390625	0.2	686413	255	filler_word	121	74	1	delong	unexpected	a	an	flower	animal	80	0	6.27	2.58	While Natasha was strolling through the colourful gardens she reached down and picked	up off the ground.	True	Was Natasha in the gardens? 	yes
1341.130859375	0.2	686659	203	a_unexpected	121	74	1	delong	unexpected	a	an	flower	animal	80	0	6.27	2.58	While Natasha was strolling through the colourful gardens she reached down and picked	up off the ground.	True	Was Natasha in the gardens? 	yes
1341.1796875	0.0	686684	18	cloze_marker	121	74	1	delong	unexpected	a	an	flower	animal	80	0	6.27	2.58	While Natasha was strolling through the colourful gardens she reached down and picked	up off the ground.	True	Was Natasha in the gardens? 	yes
1341.423828125	0.0	686809	161	item_marker	122	61	1	delong	unexpected	an	a	offense	coach	70	18	5.32	3.33	Although the basketball team's defence was very strong they did not have so much of	since the middle of the season.	False	n/a	n/a
1341.609375	0.2	686904	206	noun_unexpected	122	61	1	delong	unexpected	an	a	offense	coach	70	18	5.32	3.33	Although the basketball team's defence was very strong they did not have so much of	since the middle of the season.	False	n/a	n/a
1341.66015625	0.0	686930	200	cloze_marker	122	61	1	delong	unexpected	an	a	offense	coach	70	18	5.32	3.33	Although the basketball team's defence was very strong they did not have so much of	since the middle of the season.	False	n/a	n/a
1341.904296875	0.0	687055	161	item_marker	123	61	1	delong	unexpected	an	a	offense	coach	70	18	5.32	3.33	Although the basketball team's defence was very strong they did not have so much of	since the middle of the season.	False	n/a	n/a
1342.08984375	0.2	687150	255	filler_word	123	61	1	delong	unexpected	an	a	offense	coach	70	18	5.32	3.33	Although the basketball team's defence was very strong they did not have so much of	since the middle of the season.	False	n/a	n/a
1342.5703125	0.2	687396	255	filler_word	123	61	1	delong	unexpected	an	a	offense	coach	70	18	5.32	3.33	Although the basketball team's defence was very strong they did not have so much of	since the middle of the season.	False	n/a	n/a
1343.048828125	0.2	687641	255	filler_word	123	61	1	delong	unexpected	an	a	offense	coach	70	18	5.32	3.33	Although the basketball team's defence was very strong they did not have so much of	since the middle of the season.	False	n/a	n/a
1343.529296875	0.2	687887	255	filler_word	123	61	1	delong	unexpected	an	a	offense	coach	70	18	5.32	3.33	Although the basketball team's defence was very strong they did not have so much of	since the middle of the season.	False	n/a	n/a
1344.009765625	0.2	688133	255	filler_word	123	61	1	delong	unexpected	an	a	offense	coach	70	18	5.32	3.33	Although the basketball team's defence was very strong they did not have so much of	since the middle of the season.	False	n/a	n/a
1344.48828125	0.2	688378	208	final_unexpected	123	61	1	delong	unexpected	an	a	offense	coach	70	18	5.32	3.33	Although the basketball team's defence was very strong they did not have so much of	since the middle of the season.	False	n/a	n/a
1348.26171875	0.2	690310	255	filler_word	123	61	1	delong	unexpected	an	a	offense	coach	70	18	5.32	3.33	Although the basketball team's defence was very strong they did not have so much of	since the middle of the season.	False	n/a	n/a
1348.740234375	0.2	690555	255	filler_word	123	61	1	delong	unexpected	an	a	offense	coach	70	18	5.32	3.33	Although the basketball team's defence was very strong they did not have so much of	since the middle of the season.	False	n/a	n/a
1349.220703125	0.2	690801	255	filler_word	123	61	1	delong	unexpected	an	a	offense	coach	70	18	5.32	3.33	Although the basketball team's defence was very strong they did not have so much of	since the middle of the season.	False	n/a	n/a
1349.701171875	0.2	691047	255	filler_word	123	61	1	delong	unexpected	an	a	offense	coach	70	18	5.32	3.33	Although the basketball team's defence was very strong they did not have so much of	since the middle of the season.	False	n/a	n/a
1350.1796875	0.2	691292	255	filler_word	123	61	1	delong	unexpected	an	a	offense	coach	70	18	5.32	3.33	Although the basketball team's defence was very strong they did not have so much of	since the middle of the season.	False	n/a	n/a
1350.66015625	0.2	691538	255	filler_word	123	61	1	delong	unexpected	an	a	offense	coach	70	18	5.32	3.33	Although the basketball team's defence was very strong they did not have so much of	since the middle of the season.	False	n/a	n/a
1351.140625	0.2	691784	255	filler_word	123	61	1	delong	unexpected	an	a	offense	coach	70	18	5.32	3.33	Although the basketball team's defence was very strong they did not have so much of	since the middle of the season.	False	n/a	n/a
1351.619140625	0.2	692029	255	filler_word	123	61	1	delong	unexpected	an	a	offense	coach	70	18	5.32	3.33	Although the basketball team's defence was very strong they did not have so much of	since the middle of the season.	False	n/a	n/a
1352.099609375	0.2	692275	255	filler_word	123	61	1	delong	unexpected	an	a	offense	coach	70	18	5.32	3.33	Although the basketball team's defence was very strong they did not have so much of	since the middle of the season.	False	n/a	n/a
1352.580078125	0.2	692521	255	filler_word	123	61	1	delong	unexpected	an	a	offense	coach	70	18	5.32	3.33	Although the basketball team's defence was very strong they did not have so much of	since the middle of the season.	False	n/a	n/a
1353.05859375	0.2	692766	255	filler_word	123	61	1	delong	unexpected	an	a	offense	coach	70	18	5.32	3.33	Although the basketball team's defence was very strong they did not have so much of	since the middle of the season.	False	n/a	n/a
1353.5390625	0.2	693012	255	filler_word	123	61	1	delong	unexpected	an	a	offense	coach	70	18	5.32	3.33	Although the basketball team's defence was very strong they did not have so much of	since the middle of the season.	False	n/a	n/a
1354.01953125	0.2	693258	255	filler_word	123	61	1	delong	unexpected	an	a	offense	coach	70	18	5.32	3.33	Although the basketball team's defence was very strong they did not have so much of	since the middle of the season.	False	n/a	n/a
1354.498046875	0.2	693503	255	filler_word	123	61	1	delong	unexpected	an	a	offense	coach	70	18	5.32	3.33	Although the basketball team's defence was very strong they did not have so much of	since the middle of the season.	False	n/a	n/a
1354.978515625	0.2	693749	255	filler_word	123	61	1	delong	unexpected	an	a	offense	coach	70	18	5.32	3.33	Although the basketball team's defence was very strong they did not have so much of	since the middle of the season.	False	n/a	n/a
1355.458984375	0.2	693995	255	filler_word	123	61	1	delong	unexpected	an	a	offense	coach	70	18	5.32	3.33	Although the basketball team's defence was very strong they did not have so much of	since the middle of the season.	False	n/a	n/a
1355.9375	0.2	694240	255	filler_word	123	61	1	delong	unexpected	an	a	offense	coach	70	18	5.32	3.33	Although the basketball team's defence was very strong they did not have so much of	since the middle of the season.	False	n/a	n/a
1356.41796875	0.2	694486	255	filler_word	123	61	1	delong	unexpected	an	a	offense	coach	70	18	5.32	3.33	Although the basketball team's defence was very strong they did not have so much of	since the middle of the season.	False	n/a	n/a
1356.8984375	0.2	694732	255	filler_word	123	61	1	delong	unexpected	an	a	offense	coach	70	18	5.32	3.33	Although the basketball team's defence was very strong they did not have so much of	since the middle of the season.	False	n/a	n/a
1357.376953125	0.2	694977	255	filler_word	123	61	1	delong	unexpected	an	a	offense	coach	70	18	5.32	3.33	Although the basketball team's defence was very strong they did not have so much of	since the middle of the season.	False	n/a	n/a
1357.857421875	0.2	695223	255	filler_word	123	61	1	delong	unexpected	an	a	offense	coach	70	18	5.32	3.33	Although the basketball team's defence was very strong they did not have so much of	since the middle of the season.	False	n/a	n/a
1358.337890625	0.2	695469	255	filler_word	123	61	1	delong	unexpected	an	a	offense	coach	70	18	5.32	3.33	Although the basketball team's defence was very strong they did not have so much of	since the middle of the season.	False	n/a	n/a
1358.818359375	0.2	695715	255	filler_word	123	61	1	delong	unexpected	an	a	offense	coach	70	18	5.32	3.33	Although the basketball team's defence was very strong they did not have so much of	since the middle of the season.	False	n/a	n/a
1359.296875	0.2	695960	255	filler_word	123	61	1	delong	unexpected	an	a	offense	coach	70	18	5.32	3.33	Although the basketball team's defence was very strong they did not have so much of	since the middle of the season.	False	n/a	n/a
1359.77734375	0.2	696206	202	an_expected	123	61	1	delong	unexpected	an	a	offense	coach	70	18	5.32	3.33	Although the basketball team's defence was very strong they did not have so much of	since the middle of the season.	False	n/a	n/a
1359.826171875	0.0	696231	57	cloze_marker	123	61	1	delong	unexpected	an	a	offense	coach	70	18	5.32	3.33	Although the basketball team's defence was very strong they did not have so much of	since the middle of the season.	False	n/a	n/a
1360.0703125	0.0	696356	171	item_marker	124	71	1	delong	expected	an	a	order	compliment	57	0	5.8	3.16	The waitress at the next table was trying to scribble everything down but it was obvious that she did not know how to take	from her customers.	False	n/a	n/a
1360.2578125	0.2	696452	205	noun_expected	124	71	1	delong	expected	an	a	order	compliment	57	0	5.8	3.16	The waitress at the next table was trying to scribble everything down but it was obvious that she did not know how to take	from her customers.	False	n/a	n/a
1360.306640625	0.0	696477	90	cloze_marker	124	71	1	delong	expected	an	a	order	compliment	57	0	5.8	3.16	The waitress at the next table was trying to scribble everything down but it was obvious that she did not know how to take	from her customers.	False	n/a	n/a
1360.55078125	0.0	696602	171	item_marker	125	71	1	delong	expected	an	a	order	compliment	57	0	5.8	3.16	The waitress at the next table was trying to scribble everything down but it was obvious that she did not know how to take	from her customers.	False	n/a	n/a
1360.736328125	0.2	696697	255	filler_word	125	71	1	delong	expected	an	a	order	compliment	57	0	5.8	3.16	The waitress at the next table was trying to scribble everything down but it was obvious that she did not know how to take	from her customers.	False	n/a	n/a
1361.216796875	0.2	696943	255	filler_word	125	71	1	delong	expected	an	a	order	compliment	57	0	5.8	3.16	The waitress at the next table was trying to scribble everything down but it was obvious that she did not know how to take	from her customers.	False	n/a	n/a
1361.697265625	0.2	697189	207	final_expected	125	71	1	delong	expected	an	a	order	compliment	57	0	5.8	3.16	The waitress at the next table was trying to scribble everything down but it was obvious that she did not know how to take	from her customers.	False	n/a	n/a
1365.947265625	0.2	699365	255	filler_word	125	71	1	delong	expected	an	a	order	compliment	57	0	5.8	3.16	The waitress at the next table was trying to scribble everything down but it was obvious that she did not know how to take	from her customers.	False	n/a	n/a
1366.427734375	0.2	699611	255	filler_word	125	71	1	delong	expected	an	a	order	compliment	57	0	5.8	3.16	The waitress at the next table was trying to scribble everything down but it was obvious that she did not know how to take	from her customers.	False	n/a	n/a
1366.908203125	0.2	699857	255	filler_word	125	71	1	delong	expected	an	a	order	compliment	57	0	5.8	3.16	The waitress at the next table was trying to scribble everything down but it was obvious that she did not know how to take	from her customers.	False	n/a	n/a
1367.38671875	0.2	700102	255	filler_word	125	71	1	delong	expected	an	a	order	compliment	57	0	5.8	3.16	The waitress at the next table was trying to scribble everything down but it was obvious that she did not know how to take	from her customers.	False	n/a	n/a
1367.8671875	0.2	700348	255	filler_word	125	71	1	delong	expected	an	a	order	compliment	57	0	5.8	3.16	The waitress at the next table was trying to scribble everything down but it was obvious that she did not know how to take	from her customers.	False	n/a	n/a
1368.34765625	0.2	700594	255	filler_word	125	71	1	delong	expected	an	a	order	compliment	57	0	5.8	3.16	The waitress at the next table was trying to scribble everything down but it was obvious that she did not know how to take	from her customers.	False	n/a	n/a
1368.826171875	0.2	700839	255	filler_word	125	71	1	delong	expected	an	a	order	compliment	57	0	5.8	3.16	The waitress at the next table was trying to scribble everything down but it was obvious that she did not know how to take	from her customers.	False	n/a	n/a
1369.306640625	0.2	701085	255	filler_word	125	71	1	delong	expected	an	a	order	compliment	57	0	5.8	3.16	The waitress at the next table was trying to scribble everything down but it was obvious that she did not know how to take	from her customers.	False	n/a	n/a
1369.787109375	0.2	701331	255	filler_word	125	71	1	delong	expected	an	a	order	compliment	57	0	5.8	3.16	The waitress at the next table was trying to scribble everything down but it was obvious that she did not know how to take	from her customers.	False	n/a	n/a
1370.265625	0.2	701576	255	filler_word	125	71	1	delong	expected	an	a	order	compliment	57	0	5.8	3.16	The waitress at the next table was trying to scribble everything down but it was obvious that she did not know how to take	from her customers.	False	n/a	n/a
1370.74609375	0.2	701822	255	filler_word	125	71	1	delong	expected	an	a	order	compliment	57	0	5.8	3.16	The waitress at the next table was trying to scribble everything down but it was obvious that she did not know how to take	from her customers.	False	n/a	n/a
1371.2265625	0.2	702068	255	filler_word	125	71	1	delong	expected	an	a	order	compliment	57	0	5.8	3.16	The waitress at the next table was trying to scribble everything down but it was obvious that she did not know how to take	from her customers.	False	n/a	n/a
1371.705078125	0.2	702313	255	filler_word	125	71	1	delong	expected	an	a	order	compliment	57	0	5.8	3.16	The waitress at the next table was trying to scribble everything down but it was obvious that she did not know how to take	from her customers.	False	n/a	n/a
1372.185546875	0.2	702559	255	filler_word	125	71	1	delong	expected	an	a	order	compliment	57	0	5.8	3.16	The waitress at the next table was trying to scribble everything down but it was obvious that she did not know how to take	from her customers.	False	n/a	n/a
1372.666015625	0.2	702805	203	a_unexpected	125	71	1	delong	expected	an	a	order	compliment	57	0	5.8	3.16	The waitress at the next table was trying to scribble everything down but it was obvious that she did not know how to take	from her customers.	False	n/a	n/a
1372.71484375	0.0	702830	14	cloze_marker	125	71	1	delong	expected	an	a	order	compliment	57	0	5.8	3.16	The waitress at the next table was trying to scribble everything down but it was obvious that she did not know how to take	from her customers.	False	n/a	n/a
1372.958984375	0.0	702955	165	item_marker	126	65	1	delong	unexpected	an	a	island	ship	73	14	5.53	5.26	Being from the mainland Karen never got used to the feeling of living on	and being so removed from everything.	True	Was Karen from the mainland?	yes
1373.146484375	0.2	703051	206	noun_unexpected	126	65	1	delong	unexpected	an	a	island	ship	73	14	5.53	5.26	Being from the mainland Karen never got used to the feeling of living on	and being so removed from everything.	True	Was Karen from the mainland?	yes
1373.1953125	0.0	703076	7	cloze_marker	126	65	1	delong	unexpected	an	a	island	ship	73	14	5.53	5.26	Being from the mainland Karen never got used to the feeling of living on	and being so removed from everything.	True	Was Karen from the mainland?	yes
1373.439453125	0.0	703201	165	item_marker	127	65	1	delong	unexpected	an	a	island	ship	73	14	5.53	5.26	Being from the mainland Karen never got used to the feeling of living on	and being so removed from everything.	True	Was Karen from the mainland?	yes
1373.625	0.2	703296	255	filler_word	127	65	1	delong	unexpected	an	a	island	ship	73	14	5.53	5.26	Being from the mainland Karen never got used to the feeling of living on	and being so removed from everything.	True	Was Karen from the mainland?	yes
1374.10546875	0.2	703542	255	filler_word	127	65	1	delong	unexpected	an	a	island	ship	73	14	5.53	5.26	Being from the mainland Karen never got used to the feeling of living on	and being so removed from everything.	True	Was Karen from the mainland?	yes
1374.5859375	0.2	703788	255	filler_word	127	65	1	delong	unexpected	an	a	island	ship	73	14	5.53	5.26	Being from the mainland Karen never got used to the feeling of living on	and being so removed from everything.	True	Was Karen from the mainland?	yes
1375.064453125	0.2	704033	255	filler_word	127	65	1	delong	unexpected	an	a	island	ship	73	14	5.53	5.26	Being from the mainland Karen never got used to the feeling of living on	and being so removed from everything.	True	Was Karen from the mainland?	yes
1375.544921875	0.2	704279	255	filler_word	127	65	1	delong	unexpected	an	a	island	ship	73	14	5.53	5.26	Being from the mainland Karen never got used to the feeling of living on	and being so removed from everything.	True	Was Karen from the mainland?	yes
1376.025390625	0.2	704525	208	final_unexpected	127	65	1	delong	unexpected	an	a	island	ship	73	14	5.53	5.26	Being from the mainland Karen never got used to the feeling of living on	and being so removed from everything.	True	Was Karen from the mainland?	yes
1381.4765625	0.2	707316	255	filler_word	127	65	1	delong	unexpected	an	a	island	ship	73	14	5.53	5.26	Being from the mainland Karen never got used to the feeling of living on	and being so removed from everything.	True	Was Karen from the mainland?	yes
1381.955078125	0.2	707561	255	filler_word	127	65	1	delong	unexpected	an	a	island	ship	73	14	5.53	5.26	Being from the mainland Karen never got used to the feeling of living on	and being so removed from everything.	True	Was Karen from the mainland?	yes
1382.435546875	0.2	707807	255	filler_word	127	65	1	delong	unexpected	an	a	island	ship	73	14	5.53	5.26	Being from the mainland Karen never got used to the feeling of living on	and being so removed from everything.	True	Was Karen from the mainland?	yes
1382.916015625	0.2	708053	255	filler_word	127	65	1	delong	unexpected	an	a	island	ship	73	14	5.53	5.26	Being from the mainland Karen never got used to the feeling of living on	and being so removed from everything.	True	Was Karen from the mainland?	yes
1383.39453125	0.2	708298	255	filler_word	127	65	1	delong	unexpected	an	a	island	ship	73	14	5.53	5.26	Being from the mainland Karen never got used to the feeling of living on	and being so removed from everything.	True	Was Karen from the mainland?	yes
1383.875	0.2	708544	255	filler_word	127	65	1	delong	unexpected	an	a	island	ship	73	14	5.53	5.26	Being from the mainland Karen never got used to the feeling of living on	and being so removed from everything.	True	Was Karen from the mainland?	yes
1384.35546875	0.2	708790	255	filler_word	127	65	1	delong	unexpected	an	a	island	ship	73	14	5.53	5.26	Being from the mainland Karen never got used to the feeling of living on	and being so removed from everything.	True	Was Karen from the mainland?	yes
1384.833984375	0.2	709035	255	filler_word	127	65	1	delong	unexpected	an	a	island	ship	73	14	5.53	5.26	Being from the mainland Karen never got used to the feeling of living on	and being so removed from everything.	True	Was Karen from the mainland?	yes
1385.314453125	0.2	709281	255	filler_word	127	65	1	delong	unexpected	an	a	island	ship	73	14	5.53	5.26	Being from the mainland Karen never got used to the feeling of living on	and being so removed from everything.	True	Was Karen from the mainland?	yes
1385.794921875	0.2	709527	255	filler_word	127	65	1	delong	unexpected	an	a	island	ship	73	14	5.53	5.26	Being from the mainland Karen never got used to the feeling of living on	and being so removed from everything.	True	Was Karen from the mainland?	yes
1386.2734375	0.2	709772	255	filler_word	127	65	1	delong	unexpected	an	a	island	ship	73	14	5.53	5.26	Being from the mainland Karen never got used to the feeling of living on	and being so removed from everything.	True	Was Karen from the mainland?	yes
1386.75390625	0.2	710018	255	filler_word	127	65	1	delong	unexpected	an	a	island	ship	73	14	5.53	5.26	Being from the mainland Karen never got used to the feeling of living on	and being so removed from everything.	True	Was Karen from the mainland?	yes
1387.234375	0.2	710264	255	filler_word	127	65	1	delong	unexpected	an	a	island	ship	73	14	5.53	5.26	Being from the mainland Karen never got used to the feeling of living on	and being so removed from everything.	True	Was Karen from the mainland?	yes
1387.712890625	0.2	710509	255	filler_word	127	65	1	delong	unexpected	an	a	island	ship	73	14	5.53	5.26	Being from the mainland Karen never got used to the feeling of living on	and being so removed from everything.	True	Was Karen from the mainland?	yes
1388.193359375	0.2	710755	255	filler_word	127	65	1	delong	unexpected	an	a	island	ship	73	14	5.53	5.26	Being from the mainland Karen never got used to the feeling of living on	and being so removed from everything.	True	Was Karen from the mainland?	yes
1388.673828125	0.2	711001	255	filler_word	127	65	1	delong	unexpected	an	a	island	ship	73	14	5.53	5.26	Being from the mainland Karen never got used to the feeling of living on	and being so removed from everything.	True	Was Karen from the mainland?	yes
1389.15234375	0.2	711246	255	filler_word	127	65	1	delong	unexpected	an	a	island	ship	73	14	5.53	5.26	Being from the mainland Karen never got used to the feeling of living on	and being so removed from everything.	True	Was Karen from the mainland?	yes
1389.6328125	0.2	711492	255	filler_word	127	65	1	delong	unexpected	an	a	island	ship	73	14	5.53	5.26	Being from the mainland Karen never got used to the feeling of living on	and being so removed from everything.	True	Was Karen from the mainland?	yes
1390.11328125	0.2	711738	255	filler_word	127	65	1	delong	unexpected	an	a	island	ship	73	14	5.53	5.26	Being from the mainland Karen never got used to the feeling of living on	and being so removed from everything.	True	Was Karen from the mainland?	yes
1390.591796875	0.2	711983	203	a_unexpected	127	65	1	delong	unexpected	an	a	island	ship	73	14	5.53	5.26	Being from the mainland Karen never got used to the feeling of living on	and being so removed from everything.	True	Was Karen from the mainland?	yes
1390.642578125	0.0	712009	200	cloze_marker	127	65	1	delong	unexpected	an	a	island	ship	73	14	5.53	5.26	Being from the mainland Karen never got used to the feeling of living on	and being so removed from everything.	True	Was Karen from the mainland?	yes
1390.88671875	0.0	712134	177	item_marker	128	77	1	delong	unexpected	an	a	egg	window	70	0	6.07	1.84	Violet was just learning how to make an omelette so her father began by showing her how to crack	in the kitchen.	False	n/a	n/a
1391.072265625	0.2	712229	206	noun_unexpected	128	77	1	delong	unexpected	an	a	egg	window	70	0	6.07	1.84	Violet was just learning how to make an omelette so her father began by showing her how to crack	in the kitchen.	False	n/a	n/a
1391.123046875	0.0	712255	93	cloze_marker	128	77	1	delong	unexpected	an	a	egg	window	70	0	6.07	1.84	Violet was just learning how to make an omelette so her father began by showing her how to crack	in the kitchen.	False	n/a	n/a
1391.365234375	0.0	712379	177	item_marker	129	77	1	delong	unexpected	an	a	egg	window	70	0	6.07	1.84	Violet was just learning how to make an omelette so her father began by showing her how to crack	in the kitchen.	False	n/a	n/a
1391.552734375	0.2	712475	255	filler_word	129	77	1	delong	unexpected	an	a	egg	window	70	0	6.07	1.84	Violet was just learning how to make an omelette so her father began by showing her how to crack	in the kitchen.	False	n/a	n/a
1392.03125	0.2	712720	255	filler_word	129	77	1	delong	unexpected	an	a	egg	window	70	0	6.07	1.84	Violet was just learning how to make an omelette so her father began by showing her how to crack	in the kitchen.	False	n/a	n/a
1392.51171875	0.2	712966	208	final_unexpected	129	77	1	delong	unexpected	an	a	egg	window	70	0	6.07	1.84	Violet was just learning how to make an omelette so her father began by showing her how to crack	in the kitchen.	False	n/a	n/a
1396.1640625	0.2	714836	255	filler_word	129	77	1	delong	unexpected	an	a	egg	window	70	0	6.07	1.84	Violet was just learning how to make an omelette so her father began by showing her how to crack	in the kitchen.	False	n/a	n/a
1396.64453125	0.2	715082	255	filler_word	129	77	1	delong	unexpected	an	a	egg	window	70	0	6.07	1.84	Violet was just learning how to make an omelette so her father began by showing her how to crack	in the kitchen.	False	n/a	n/a
1397.123046875	0.2	715327	255	filler_word	129	77	1	delong	unexpected	an	a	egg	window	70	0	6.07	1.84	Violet was just learning how to make an omelette so her father began by showing her how to crack	in the kitchen.	False	n/a	n/a
1397.603515625	0.2	715573	255	filler_word	129	77	1	delong	unexpected	an	a	egg	window	70	0	6.07	1.84	Violet was just learning how to make an omelette so her father began by showing her how to crack	in the kitchen.	False	n/a	n/a
1398.083984375	0.2	715819	255	filler_word	129	77	1	delong	unexpected	an	a	egg	window	70	0	6.07	1.84	Violet was just learning how to make an omelette so her father began by showing her how to crack	in the kitchen.	False	n/a	n/a
1398.5625	0.2	716064	255	filler_word	129	77	1	delong	unexpected	an	a	egg	window	70	0	6.07	1.84	Violet was just learning how to make an omelette so her father began by showing her how to crack	in the kitchen.	False	n/a	n/a
1399.04296875	0.2	716310	255	filler_word	129	77	1	delong	unexpected	an	a	egg	window	70	0	6.07	1.84	Violet was just learning how to make an omelette so her father began by showing her how to crack	in the kitchen.	False	n/a	n/a
1399.5234375	0.2	716556	255	filler_word	129	77	1	delong	unexpected	an	a	egg	window	70	0	6.07	1.84	Violet was just learning how to make an omelette so her father began by showing her how to crack	in the kitchen.	False	n/a	n/a
1400.001953125	0.2	716801	255	filler_word	129	77	1	delong	unexpected	an	a	egg	window	70	0	6.07	1.84	Violet was just learning how to make an omelette so her father began by showing her how to crack	in the kitchen.	False	n/a	n/a
1400.482421875	0.2	717047	255	filler_word	129	77	1	delong	unexpected	an	a	egg	window	70	0	6.07	1.84	Violet was just learning how to make an omelette so her father began by showing her how to crack	in the kitchen.	False	n/a	n/a
1400.962890625	0.2	717293	255	filler_word	129	77	1	delong	unexpected	an	a	egg	window	70	0	6.07	1.84	Violet was just learning how to make an omelette so her father began by showing her how to crack	in the kitchen.	False	n/a	n/a
1401.44140625	0.2	717538	255	filler_word	129	77	1	delong	unexpected	an	a	egg	window	70	0	6.07	1.84	Violet was just learning how to make an omelette so her father began by showing her how to crack	in the kitchen.	False	n/a	n/a
1401.921875	0.2	717784	255	filler_word	129	77	1	delong	unexpected	an	a	egg	window	70	0	6.07	1.84	Violet was just learning how to make an omelette so her father began by showing her how to crack	in the kitchen.	False	n/a	n/a
1402.40234375	0.2	718030	255	filler_word	129	77	1	delong	unexpected	an	a	egg	window	70	0	6.07	1.84	Violet was just learning how to make an omelette so her father began by showing her how to crack	in the kitchen.	False	n/a	n/a
1402.880859375	0.2	718275	255	filler_word	129	77	1	delong	unexpected	an	a	egg	window	70	0	6.07	1.84	Violet was just learning how to make an omelette so her father began by showing her how to crack	in the kitchen.	False	n/a	n/a
1403.361328125	0.2	718521	255	filler_word	129	77	1	delong	unexpected	an	a	egg	window	70	0	6.07	1.84	Violet was just learning how to make an omelette so her father began by showing her how to crack	in the kitchen.	False	n/a	n/a
1403.841796875	0.2	718767	255	filler_word	129	77	1	delong	unexpected	an	a	egg	window	70	0	6.07	1.84	Violet was just learning how to make an omelette so her father began by showing her how to crack	in the kitchen.	False	n/a	n/a
1404.3203125	0.2	719012	255	filler_word	129	77	1	delong	unexpected	an	a	egg	window	70	0	6.07	1.84	Violet was just learning how to make an omelette so her father began by showing her how to crack	in the kitchen.	False	n/a	n/a
1404.80078125	0.2	719258	255	filler_word	129	77	1	delong	unexpected	an	a	egg	window	70	0	6.07	1.84	Violet was just learning how to make an omelette so her father began by showing her how to crack	in the kitchen.	False	n/a	n/a
1405.28125	0.2	719504	255	filler_word	129	77	1	delong	unexpected	an	a	egg	window	70	0	6.07	1.84	Violet was just learning how to make an omelette so her father began by showing her how to crack	in the kitchen.	False	n/a	n/a
1405.759765625	0.2	719749	255	filler_word	129	77	1	delong	unexpected	an	a	egg	window	70	0	6.07	1.84	Violet was just learning how to make an omelette so her father began by showing her how to crack	in the kitchen.	False	n/a	n/a
1406.240234375	0.2	719995	255	filler_word	129	77	1	delong	unexpected	an	a	egg	window	70	0	6.07	1.84	Violet was just learning how to make an omelette so her father began by showing her how to crack	in the kitchen.	False	n/a	n/a
1406.720703125	0.2	720241	202	an_expected	129	77	1	delong	unexpected	an	a	egg	window	70	0	6.07	1.84	Violet was just learning how to make an omelette so her father began by showing her how to crack	in the kitchen.	False	n/a	n/a
1406.76953125	0.0	720266	86	cloze_marker	129	77	1	delong	unexpected	an	a	egg	window	70	0	6.07	1.84	Violet was just learning how to make an omelette so her father began by showing her how to crack	in the kitchen.	False	n/a	n/a
1407.013671875	0.0	720391	167	item_marker	130	67	1	delong	expected	an	a	owl	cat	86	14	6.13	2.47	As Elizabeth climbed the ladder in the barn she heard a hooting sound coming from the rafters and looked up to see	staring down at her.	False	n/a	n/a
1407.19921875	0.2	720486	205	noun_expected	130	67	1	delong	expected	an	a	owl	cat	86	14	6.13	2.47	As Elizabeth climbed the ladder in the barn she heard a hooting sound coming from the rafters and looked up to see	staring down at her.	False	n/a	n/a
1407.25	0.0	720512	87	cloze_marker	130	67	1	delong	expected	an	a	owl	cat	86	14	6.13	2.47	As Elizabeth climbed the ladder in the barn she heard a hooting sound coming from the rafters and looked up to see	staring down at her.	False	n/a	n/a
1407.4921875	0.0	720636	167	item_marker	131	67	1	delong	expected	an	a	owl	cat	86	14	6.13	2.47	As Elizabeth climbed the ladder in the barn she heard a hooting sound coming from the rafters and looked up to see	staring down at her.	False	n/a	n/a
1407.6796875	0.2	720732	255	filler_word	131	67	1	delong	expected	an	a	owl	cat	86	14	6.13	2.47	As Elizabeth climbed the ladder in the barn she heard a hooting sound coming from the rafters and looked up to see	staring down at her.	False	n/a	n/a
1408.16015625	0.2	720978	255	filler_word	131	67	1	delong	expected	an	a	owl	cat	86	14	6.13	2.47	As Elizabeth climbed the ladder in the barn she heard a hooting sound coming from the rafters and looked up to see	staring down at her.	False	n/a	n/a
1408.638671875	0.2	721223	255	filler_word	131	67	1	delong	expected	an	a	owl	cat	86	14	6.13	2.47	As Elizabeth climbed the ladder in the barn she heard a hooting sound coming from the rafters and looked up to see	staring down at her.	False	n/a	n/a
1409.119140625	0.2	721469	207	final_expected	131	67	1	delong	expected	an	a	owl	cat	86	14	6.13	2.47	As Elizabeth climbed the ladder in the barn she heard a hooting sound coming from the rafters and looked up to see	staring down at her.	False	n/a	n/a
1416.142578125	0.2	725065	255	filler_word	131	67	1	delong	expected	an	a	owl	cat	86	14	6.13	2.47	As Elizabeth climbed the ladder in the barn she heard a hooting sound coming from the rafters and looked up to see	staring down at her.	False	n/a	n/a
1416.623046875	0.2	725311	255	filler_word	131	67	1	delong	expected	an	a	owl	cat	86	14	6.13	2.47	As Elizabeth climbed the ladder in the barn she heard a hooting sound coming from the rafters and looked up to see	staring down at her.	False	n/a	n/a
1417.103515625	0.2	725557	255	filler_word	131	67	1	delong	expected	an	a	owl	cat	86	14	6.13	2.47	As Elizabeth climbed the ladder in the barn she heard a hooting sound coming from the rafters and looked up to see	staring down at her.	False	n/a	n/a
1417.58203125	0.2	725802	255	filler_word	131	67	1	delong	expected	an	a	owl	cat	86	14	6.13	2.47	As Elizabeth climbed the ladder in the barn she heard a hooting sound coming from the rafters and looked up to see	staring down at her.	False	n/a	n/a
1418.0625	0.2	726048	255	filler_word	131	67	1	delong	expected	an	a	owl	cat	86	14	6.13	2.47	As Elizabeth climbed the ladder in the barn she heard a hooting sound coming from the rafters and looked up to see	staring down at her.	False	n/a	n/a
1418.54296875	0.2	726294	255	filler_word	131	67	1	delong	expected	an	a	owl	cat	86	14	6.13	2.47	As Elizabeth climbed the ladder in the barn she heard a hooting sound coming from the rafters and looked up to see	staring down at her.	False	n/a	n/a
1419.021484375	0.2	726539	255	filler_word	131	67	1	delong	expected	an	a	owl	cat	86	14	6.13	2.47	As Elizabeth climbed the ladder in the barn she heard a hooting sound coming from the rafters and looked up to see	staring down at her.	False	n/a	n/a
1419.501953125	0.2	726785	255	filler_word	131	67	1	delong	expected	an	a	owl	cat	86	14	6.13	2.47	As Elizabeth climbed the ladder in the barn she heard a hooting sound coming from the rafters and looked up to see	staring down at her.	False	n/a	n/a
1419.982421875	0.2	727031	255	filler_word	131	67	1	delong	expected	an	a	owl	cat	86	14	6.13	2.47	As Elizabeth climbed the ladder in the barn she heard a hooting sound coming from the rafters and looked up to see	staring down at her.	False	n/a	n/a
1420.4609375	0.2	727276	255	filler_word	131	67	1	delong	expected	an	a	owl	cat	86	14	6.13	2.47	As Elizabeth climbed the ladder in the barn she heard a hooting sound coming from the rafters and looked up to see	staring down at her.	False	n/a	n/a
1420.94140625	0.2	727522	255	filler_word	131	67	1	delong	expected	an	a	owl	cat	86	14	6.13	2.47	As Elizabeth climbed the ladder in the barn she heard a hooting sound coming from the rafters and looked up to see	staring down at her.	False	n/a	n/a
1421.421875	0.2	727768	255	filler_word	131	67	1	delong	expected	an	a	owl	cat	86	14	6.13	2.47	As Elizabeth climbed the ladder in the barn she heard a hooting sound coming from the rafters and looked up to see	staring down at her.	False	n/a	n/a
1421.900390625	0.2	728013	255	filler_word	131	67	1	delong	expected	an	a	owl	cat	86	14	6.13	2.47	As Elizabeth climbed the ladder in the barn she heard a hooting sound coming from the rafters and looked up to see	staring down at her.	False	n/a	n/a
1422.380859375	0.2	728259	255	filler_word	131	67	1	delong	expected	an	a	owl	cat	86	14	6.13	2.47	As Elizabeth climbed the ladder in the barn she heard a hooting sound coming from the rafters and looked up to see	staring down at her.	False	n/a	n/a
1422.861328125	0.2	728505	203	a_unexpected	131	67	1	delong	expected	an	a	owl	cat	86	14	6.13	2.47	As Elizabeth climbed the ladder in the barn she heard a hooting sound coming from the rafters and looked up to see	staring down at her.	False	n/a	n/a
1422.91015625	0.0	728530	18	cloze_marker	131	67	1	delong	expected	an	a	owl	cat	86	14	6.13	2.47	As Elizabeth climbed the ladder in the barn she heard a hooting sound coming from the rafters and looked up to see	staring down at her.	False	n/a	n/a
1423.154296875	0.0	728655	173	item_marker	132	73	1	delong	unexpected	an	a	animal	flower	77	18	4.67	5.84	Carly wasn't sure if the Venus flytrap was classified as a plant or as	but it seemed to have characteristics of both.	False	n/a	n/a
1423.33984375	0.2	728750	206	noun_unexpected	132	73	1	delong	unexpected	an	a	animal	flower	77	18	4.67	5.84	Carly wasn't sure if the Venus flytrap was classified as a plant or as	but it seemed to have characteristics of both.	False	n/a	n/a
1423.390625	0.0	728776	7	cloze_marker	132	73	1	delong	unexpected	an	a	animal	flower	77	18	4.67	5.84	Carly wasn't sure if the Venus flytrap was classified as a plant or as	but it seemed to have characteristics of both.	False	n/a	n/a
1423.634765625	0.0	728901	173	item_marker	133	73	1	delong	unexpected	an	a	animal	flower	77	18	4.67	5.84	Carly wasn't sure if the Venus flytrap was classified as a plant or as	but it seemed to have characteristics of both.	False	n/a	n/a
1423.8203125	0.2	728996	255	filler_word	133	73	1	delong	unexpected	an	a	animal	flower	77	18	4.67	5.84	Carly wasn't sure if the Venus flytrap was classified as a plant or as	but it seemed to have characteristics of both.	False	n/a	n/a
1424.30078125	0.2	729242	255	filler_word	133	73	1	delong	unexpected	an	a	animal	flower	77	18	4.67	5.84	Carly wasn't sure if the Venus flytrap was classified as a plant or as	but it seemed to have characteristics of both.	False	n/a	n/a
1424.779296875	0.2	729487	255	filler_word	133	73	1	delong	unexpected	an	a	animal	flower	77	18	4.67	5.84	Carly wasn't sure if the Venus flytrap was classified as a plant or as	but it seemed to have characteristics of both.	False	n/a	n/a
1425.259765625	0.2	729733	255	filler_word	133	73	1	delong	unexpected	an	a	animal	flower	77	18	4.67	5.84	Carly wasn't sure if the Venus flytrap was classified as a plant or as	but it seemed to have characteristics of both.	False	n/a	n/a
1425.740234375	0.2	729979	255	filler_word	133	73	1	delong	unexpected	an	a	animal	flower	77	18	4.67	5.84	Carly wasn't sure if the Venus flytrap was classified as a plant or as	but it seemed to have characteristics of both.	False	n/a	n/a
1426.21875	0.2	730224	255	filler_word	133	73	1	delong	unexpected	an	a	animal	flower	77	18	4.67	5.84	Carly wasn't sure if the Venus flytrap was classified as a plant or as	but it seemed to have characteristics of both.	False	n/a	n/a
1426.69921875	0.2	730470	255	filler_word	133	73	1	delong	unexpected	an	a	animal	flower	77	18	4.67	5.84	Carly wasn't sure if the Venus flytrap was classified as a plant or as	but it seemed to have characteristics of both.	False	n/a	n/a
1427.1796875	0.2	730716	208	final_unexpected	133	73	1	delong	unexpected	an	a	animal	flower	77	18	4.67	5.84	Carly wasn't sure if the Venus flytrap was classified as a plant or as	but it seemed to have characteristics of both.	False	n/a	n/a
1430.271484375	0.2	732299	255	filler_word	133	73	1	delong	unexpected	an	a	animal	flower	77	18	4.67	5.84	Carly wasn't sure if the Venus flytrap was classified as a plant or as	but it seemed to have characteristics of both.	False	n/a	n/a
1430.751953125	0.2	732545	255	filler_word	133	73	1	delong	unexpected	an	a	animal	flower	77	18	4.67	5.84	Carly wasn't sure if the Venus flytrap was classified as a plant or as	but it seemed to have characteristics of both.	False	n/a	n/a
1431.23046875	0.2	732790	255	filler_word	133	73	1	delong	unexpected	an	a	animal	flower	77	18	4.67	5.84	Carly wasn't sure if the Venus flytrap was classified as a plant or as	but it seemed to have characteristics of both.	False	n/a	n/a
1431.7109375	0.2	733036	255	filler_word	133	73	1	delong	unexpected	an	a	animal	flower	77	18	4.67	5.84	Carly wasn't sure if the Venus flytrap was classified as a plant or as	but it seemed to have characteristics of both.	False	n/a	n/a
1432.19140625	0.2	733282	255	filler_word	133	73	1	delong	unexpected	an	a	animal	flower	77	18	4.67	5.84	Carly wasn't sure if the Venus flytrap was classified as a plant or as	but it seemed to have characteristics of both.	False	n/a	n/a
1432.669921875	0.2	733527	255	filler_word	133	73	1	delong	unexpected	an	a	animal	flower	77	18	4.67	5.84	Carly wasn't sure if the Venus flytrap was classified as a plant or as	but it seemed to have characteristics of both.	False	n/a	n/a
1433.150390625	0.2	733773	255	filler_word	133	73	1	delong	unexpected	an	a	animal	flower	77	18	4.67	5.84	Carly wasn't sure if the Venus flytrap was classified as a plant or as	but it seemed to have characteristics of both.	False	n/a	n/a
1433.630859375	0.2	734019	255	filler_word	133	73	1	delong	unexpected	an	a	animal	flower	77	18	4.67	5.84	Carly wasn't sure if the Venus flytrap was classified as a plant or as	but it seemed to have characteristics of both.	False	n/a	n/a
1434.109375	0.2	734264	255	filler_word	133	73	1	delong	unexpected	an	a	animal	flower	77	18	4.67	5.84	Carly wasn't sure if the Venus flytrap was classified as a plant or as	but it seemed to have characteristics of both.	False	n/a	n/a
1434.58984375	0.2	734510	255	filler_word	133	73	1	delong	unexpected	an	a	animal	flower	77	18	4.67	5.84	Carly wasn't sure if the Venus flytrap was classified as a plant or as	but it seemed to have characteristics of both.	False	n/a	n/a
1435.0703125	0.2	734756	255	filler_word	133	73	1	delong	unexpected	an	a	animal	flower	77	18	4.67	5.84	Carly wasn't sure if the Venus flytrap was classified as a plant or as	but it seemed to have characteristics of both.	False	n/a	n/a
1435.548828125	0.2	735001	255	filler_word	133	73	1	delong	unexpected	an	a	animal	flower	77	18	4.67	5.84	Carly wasn't sure if the Venus flytrap was classified as a plant or as	but it seemed to have characteristics of both.	False	n/a	n/a
1436.029296875	0.2	735247	255	filler_word	133	73	1	delong	unexpected	an	a	animal	flower	77	18	4.67	5.84	Carly wasn't sure if the Venus flytrap was classified as a plant or as	but it seemed to have characteristics of both.	False	n/a	n/a
1436.509765625	0.2	735493	255	filler_word	133	73	1	delong	unexpected	an	a	animal	flower	77	18	4.67	5.84	Carly wasn't sure if the Venus flytrap was classified as a plant or as	but it seemed to have characteristics of both.	False	n/a	n/a
1436.98828125	0.2	735738	255	filler_word	133	73	1	delong	unexpected	an	a	animal	flower	77	18	4.67	5.84	Carly wasn't sure if the Venus flytrap was classified as a plant or as	but it seemed to have characteristics of both.	False	n/a	n/a
1437.46875	0.2	735984	255	filler_word	133	73	1	delong	unexpected	an	a	animal	flower	77	18	4.67	5.84	Carly wasn't sure if the Venus flytrap was classified as a plant or as	but it seemed to have characteristics of both.	False	n/a	n/a
1437.94921875	0.2	736230	255	filler_word	133	73	1	delong	unexpected	an	a	animal	flower	77	18	4.67	5.84	Carly wasn't sure if the Venus flytrap was classified as a plant or as	but it seemed to have characteristics of both.	False	n/a	n/a
1438.427734375	0.2	736475	255	filler_word	133	73	1	delong	unexpected	an	a	animal	flower	77	18	4.67	5.84	Carly wasn't sure if the Venus flytrap was classified as a plant or as	but it seemed to have characteristics of both.	False	n/a	n/a
1438.908203125	0.2	736721	255	filler_word	133	73	1	delong	unexpected	an	a	animal	flower	77	18	4.67	5.84	Carly wasn't sure if the Venus flytrap was classified as a plant or as	but it seemed to have characteristics of both.	False	n/a	n/a
1439.388671875	0.2	736967	255	filler_word	133	73	1	delong	unexpected	an	a	animal	flower	77	18	4.67	5.84	Carly wasn't sure if the Venus flytrap was classified as a plant or as	but it seemed to have characteristics of both.	False	n/a	n/a
1439.8671875	0.2	737212	255	filler_word	133	73	1	delong	unexpected	an	a	animal	flower	77	18	4.67	5.84	Carly wasn't sure if the Venus flytrap was classified as a plant or as	but it seemed to have characteristics of both.	False	n/a	n/a
1440.34765625	0.2	737458	255	filler_word	133	73	1	delong	unexpected	an	a	animal	flower	77	18	4.67	5.84	Carly wasn't sure if the Venus flytrap was classified as a plant or as	but it seemed to have characteristics of both.	False	n/a	n/a
1440.828125	0.2	737704	204	an_unexpected	133	73	1	delong	unexpected	an	a	animal	flower	77	18	4.67	5.84	Carly wasn't sure if the Venus flytrap was classified as a plant or as	but it seemed to have characteristics of both.	False	n/a	n/a
1440.876953125	0.0	737729	200	cloze_marker	133	73	1	delong	unexpected	an	a	animal	flower	77	18	4.67	5.84	Carly wasn't sure if the Venus flytrap was classified as a plant or as	but it seemed to have characteristics of both.	False	n/a	n/a
1441.12109375	0.0	737854	166	item_marker	134	66	1	delong	unexpected	a	an	ship	island	100	0	4.7	3.61	Sandra decided that she would work for a cruise line for a year before starting university although she had never been on	and did not know how to swim.	False	n/a	n/a
1441.306640625	0.2	737949	206	noun_unexpected	134	66	1	delong	unexpected	a	an	ship	island	100	0	4.7	3.61	Sandra decided that she would work for a cruise line for a year before starting university although she had never been on	and did not know how to swim.	False	n/a	n/a
1441.357421875	0.0	737975	7	cloze_marker	134	66	1	delong	unexpected	a	an	ship	island	100	0	4.7	3.61	Sandra decided that she would work for a cruise line for a year before starting university although she had never been on	and did not know how to swim.	False	n/a	n/a
1441.6015625	0.0	738100	166	item_marker	135	66	1	delong	unexpected	a	an	ship	island	100	0	4.7	3.61	Sandra decided that she would work for a cruise line for a year before starting university although she had never been on	and did not know how to swim.	False	n/a	n/a
1441.787109375	0.2	738195	255	filler_word	135	66	1	delong	unexpected	a	an	ship	island	100	0	4.7	3.61	Sandra decided that she would work for a cruise line for a year before starting university although she had never been on	and did not know how to swim.	False	n/a	n/a
1442.267578125	0.2	738441	255	filler_word	135	66	1	delong	unexpected	a	an	ship	island	100	0	4.7	3.61	Sandra decided that she would work for a cruise line for a year before starting university although she had never been on	and did not know how to swim.	False	n/a	n/a
1442.74609375	0.2	738686	255	filler_word	135	66	1	delong	unexpected	a	an	ship	island	100	0	4.7	3.61	Sandra decided that she would work for a cruise line for a year before starting university although she had never been on	and did not know how to swim.	False	n/a	n/a
1443.2265625	0.2	738932	255	filler_word	135	66	1	delong	unexpected	a	an	ship	island	100	0	4.7	3.61	Sandra decided that she would work for a cruise line for a year before starting university although she had never been on	and did not know how to swim.	False	n/a	n/a
1443.70703125	0.2	739178	255	filler_word	135	66	1	delong	unexpected	a	an	ship	island	100	0	4.7	3.61	Sandra decided that she would work for a cruise line for a year before starting university although she had never been on	and did not know how to swim.	False	n/a	n/a
1444.185546875	0.2	739423	255	filler_word	135	66	1	delong	unexpected	a	an	ship	island	100	0	4.7	3.61	Sandra decided that she would work for a cruise line for a year before starting university although she had never been on	and did not know how to swim.	False	n/a	n/a
1444.666015625	0.2	739669	208	final_unexpected	135	66	1	delong	unexpected	a	an	ship	island	100	0	4.7	3.61	Sandra decided that she would work for a cruise line for a year before starting university although she had never been on	and did not know how to swim.	False	n/a	n/a
1451.423828125	0.2	743129	255	filler_word	135	66	1	delong	unexpected	a	an	ship	island	100	0	4.7	3.61	Sandra decided that she would work for a cruise line for a year before starting university although she had never been on	and did not know how to swim.	False	n/a	n/a
1451.904296875	0.2	743375	255	filler_word	135	66	1	delong	unexpected	a	an	ship	island	100	0	4.7	3.61	Sandra decided that she would work for a cruise line for a year before starting university although she had never been on	and did not know how to swim.	False	n/a	n/a
1452.3828125	0.2	743620	255	filler_word	135	66	1	delong	unexpected	a	an	ship	island	100	0	4.7	3.61	Sandra decided that she would work for a cruise line for a year before starting university although she had never been on	and did not know how to swim.	False	n/a	n/a
1452.86328125	0.2	743866	255	filler_word	135	66	1	delong	unexpected	a	an	ship	island	100	0	4.7	3.61	Sandra decided that she would work for a cruise line for a year before starting university although she had never been on	and did not know how to swim.	False	n/a	n/a
1453.34375	0.2	744112	255	filler_word	135	66	1	delong	unexpected	a	an	ship	island	100	0	4.7	3.61	Sandra decided that she would work for a cruise line for a year before starting university although she had never been on	and did not know how to swim.	False	n/a	n/a
1453.822265625	0.2	744357	255	filler_word	135	66	1	delong	unexpected	a	an	ship	island	100	0	4.7	3.61	Sandra decided that she would work for a cruise line for a year before starting university although she had never been on	and did not know how to swim.	False	n/a	n/a
1454.302734375	0.2	744603	255	filler_word	135	66	1	delong	unexpected	a	an	ship	island	100	0	4.7	3.61	Sandra decided that she would work for a cruise line for a year before starting university although she had never been on	and did not know how to swim.	False	n/a	n/a
1454.783203125	0.2	744849	255	filler_word	135	66	1	delong	unexpected	a	an	ship	island	100	0	4.7	3.61	Sandra decided that she would work for a cruise line for a year before starting university although she had never been on	and did not know how to swim.	False	n/a	n/a
1455.26171875	0.2	745094	255	filler_word	135	66	1	delong	unexpected	a	an	ship	island	100	0	4.7	3.61	Sandra decided that she would work for a cruise line for a year before starting university although she had never been on	and did not know how to swim.	False	n/a	n/a
1455.7421875	0.2	745340	255	filler_word	135	66	1	delong	unexpected	a	an	ship	island	100	0	4.7	3.61	Sandra decided that she would work for a cruise line for a year before starting university although she had never been on	and did not know how to swim.	False	n/a	n/a
1456.22265625	0.2	745586	255	filler_word	135	66	1	delong	unexpected	a	an	ship	island	100	0	4.7	3.61	Sandra decided that she would work for a cruise line for a year before starting university although she had never been on	and did not know how to swim.	False	n/a	n/a
1456.701171875	0.2	745831	255	filler_word	135	66	1	delong	unexpected	a	an	ship	island	100	0	4.7	3.61	Sandra decided that she would work for a cruise line for a year before starting university although she had never been on	and did not know how to swim.	False	n/a	n/a
1457.181640625	0.2	746077	255	filler_word	135	66	1	delong	unexpected	a	an	ship	island	100	0	4.7	3.61	Sandra decided that she would work for a cruise line for a year before starting university although she had never been on	and did not know how to swim.	False	n/a	n/a
1457.662109375	0.2	746323	255	filler_word	135	66	1	delong	unexpected	a	an	ship	island	100	0	4.7	3.61	Sandra decided that she would work for a cruise line for a year before starting university although she had never been on	and did not know how to swim.	False	n/a	n/a
1458.140625	0.2	746568	255	filler_word	135	66	1	delong	unexpected	a	an	ship	island	100	0	4.7	3.61	Sandra decided that she would work for a cruise line for a year before starting university although she had never been on	and did not know how to swim.	False	n/a	n/a
1458.62109375	0.2	746814	255	filler_word	135	66	1	delong	unexpected	a	an	ship	island	100	0	4.7	3.61	Sandra decided that she would work for a cruise line for a year before starting university although she had never been on	and did not know how to swim.	False	n/a	n/a
1459.1015625	0.2	747060	255	filler_word	135	66	1	delong	unexpected	a	an	ship	island	100	0	4.7	3.61	Sandra decided that she would work for a cruise line for a year before starting university although she had never been on	and did not know how to swim.	False	n/a	n/a
1459.580078125	0.2	747305	201	a_expected	135	66	1	delong	unexpected	a	an	ship	island	100	0	4.7	3.61	Sandra decided that she would work for a cruise line for a year before starting university although she had never been on	and did not know how to swim.	False	n/a	n/a
1459.630859375	0.0	747331	68	cloze_marker	135	66	1	delong	unexpected	a	an	ship	island	100	0	4.7	3.61	Sandra decided that she would work for a cruise line for a year before starting university although she had never been on	and did not know how to swim.	False	n/a	n/a
1459.875	0.0	747456	164	item_marker	136	64	1	delong	expected	a	an	name	idea	68	11	5.67	5.77	The guys didn't know what to call their band so Trent told everyone to come up with	and they would vote.	True	Did Trent suggest to vote?	yes
1460.060546875	0.2	747551	205	noun_expected	136	64	1	delong	expected	a	an	name	idea	68	11	5.67	5.77	The guys didn't know what to call their band so Trent told everyone to come up with	and they would vote.	True	Did Trent suggest to vote?	yes
1460.111328125	0.0	747577	50	cloze_marker	136	64	1	delong	expected	a	an	name	idea	68	11	5.67	5.77	The guys didn't know what to call their band so Trent told everyone to come up with	and they would vote.	True	Did Trent suggest to vote?	yes
1460.353515625	0.0	747701	164	item_marker	137	64	1	delong	expected	a	an	name	idea	68	11	5.67	5.77	The guys didn't know what to call their band so Trent told everyone to come up with	and they would vote.	True	Did Trent suggest to vote?	yes
1460.541015625	0.2	747797	255	filler_word	137	64	1	delong	expected	a	an	name	idea	68	11	5.67	5.77	The guys didn't know what to call their band so Trent told everyone to come up with	and they would vote.	True	Did Trent suggest to vote?	yes
1461.01953125	0.2	748042	255	filler_word	137	64	1	delong	expected	a	an	name	idea	68	11	5.67	5.77	The guys didn't know what to call their band so Trent told everyone to come up with	and they would vote.	True	Did Trent suggest to vote?	yes
1461.5	0.2	748288	255	filler_word	137	64	1	delong	expected	a	an	name	idea	68	11	5.67	5.77	The guys didn't know what to call their band so Trent told everyone to come up with	and they would vote.	True	Did Trent suggest to vote?	yes
1461.98046875	0.2	748534	207	final_expected	137	64	1	delong	expected	a	an	name	idea	68	11	5.67	5.77	The guys didn't know what to call their band so Trent told everyone to come up with	and they would vote.	True	Did Trent suggest to vote?	yes
1468.310546875	0.2	751775	255	filler_word	137	64	1	delong	expected	a	an	name	idea	68	11	5.67	5.77	The guys didn't know what to call their band so Trent told everyone to come up with	and they would vote.	True	Did Trent suggest to vote?	yes
1468.791015625	0.2	752021	255	filler_word	137	64	1	delong	expected	a	an	name	idea	68	11	5.67	5.77	The guys didn't know what to call their band so Trent told everyone to come up with	and they would vote.	True	Did Trent suggest to vote?	yes
1469.271484375	0.2	752267	255	filler_word	137	64	1	delong	expected	a	an	name	idea	68	11	5.67	5.77	The guys didn't know what to call their band so Trent told everyone to come up with	and they would vote.	True	Did Trent suggest to vote?	yes
1469.75	0.2	752512	255	filler_word	137	64	1	delong	expected	a	an	name	idea	68	11	5.67	5.77	The guys didn't know what to call their band so Trent told everyone to come up with	and they would vote.	True	Did Trent suggest to vote?	yes
1470.23046875	0.2	752758	255	filler_word	137	64	1	delong	expected	a	an	name	idea	68	11	5.67	5.77	The guys didn't know what to call their band so Trent told everyone to come up with	and they would vote.	True	Did Trent suggest to vote?	yes
1470.7109375	0.2	753004	255	filler_word	137	64	1	delong	expected	a	an	name	idea	68	11	5.67	5.77	The guys didn't know what to call their band so Trent told everyone to come up with	and they would vote.	True	Did Trent suggest to vote?	yes
1471.189453125	0.2	753249	255	filler_word	137	64	1	delong	expected	a	an	name	idea	68	11	5.67	5.77	The guys didn't know what to call their band so Trent told everyone to come up with	and they would vote.	True	Did Trent suggest to vote?	yes
1471.669921875	0.2	753495	255	filler_word	137	64	1	delong	expected	a	an	name	idea	68	11	5.67	5.77	The guys didn't know what to call their band so Trent told everyone to come up with	and they would vote.	True	Did Trent suggest to vote?	yes
1472.150390625	0.2	753741	255	filler_word	137	64	1	delong	expected	a	an	name	idea	68	11	5.67	5.77	The guys didn't know what to call their band so Trent told everyone to come up with	and they would vote.	True	Did Trent suggest to vote?	yes
1472.62890625	0.2	753986	255	filler_word	137	64	1	delong	expected	a	an	name	idea	68	11	5.67	5.77	The guys didn't know what to call their band so Trent told everyone to come up with	and they would vote.	True	Did Trent suggest to vote?	yes
1473.109375	0.2	754232	255	filler_word	137	64	1	delong	expected	a	an	name	idea	68	11	5.67	5.77	The guys didn't know what to call their band so Trent told everyone to come up with	and they would vote.	True	Did Trent suggest to vote?	yes
1473.58984375	0.2	754478	255	filler_word	137	64	1	delong	expected	a	an	name	idea	68	11	5.67	5.77	The guys didn't know what to call their band so Trent told everyone to come up with	and they would vote.	True	Did Trent suggest to vote?	yes
1474.068359375	0.2	754723	255	filler_word	137	64	1	delong	expected	a	an	name	idea	68	11	5.67	5.77	The guys didn't know what to call their band so Trent told everyone to come up with	and they would vote.	True	Did Trent suggest to vote?	yes
1474.548828125	0.2	754969	255	filler_word	137	64	1	delong	expected	a	an	name	idea	68	11	5.67	5.77	The guys didn't know what to call their band so Trent told everyone to come up with	and they would vote.	True	Did Trent suggest to vote?	yes
1475.029296875	0.2	755215	255	filler_word	137	64	1	delong	expected	a	an	name	idea	68	11	5.67	5.77	The guys didn't know what to call their band so Trent told everyone to come up with	and they would vote.	True	Did Trent suggest to vote?	yes
1475.5078125	0.2	755460	255	filler_word	137	64	1	delong	expected	a	an	name	idea	68	11	5.67	5.77	The guys didn't know what to call their band so Trent told everyone to come up with	and they would vote.	True	Did Trent suggest to vote?	yes
1475.98828125	0.2	755706	255	filler_word	137	64	1	delong	expected	a	an	name	idea	68	11	5.67	5.77	The guys didn't know what to call their band so Trent told everyone to come up with	and they would vote.	True	Did Trent suggest to vote?	yes
1476.46875	0.2	755952	255	filler_word	137	64	1	delong	expected	a	an	name	idea	68	11	5.67	5.77	The guys didn't know what to call their band so Trent told everyone to come up with	and they would vote.	True	Did Trent suggest to vote?	yes
1476.947265625	0.2	756197	255	filler_word	137	64	1	delong	expected	a	an	name	idea	68	11	5.67	5.77	The guys didn't know what to call their band so Trent told everyone to come up with	and they would vote.	True	Did Trent suggest to vote?	yes
1477.427734375	0.2	756443	202	an_expected	137	64	1	delong	expected	a	an	name	idea	68	11	5.67	5.77	The guys didn't know what to call their band so Trent told everyone to come up with	and they would vote.	True	Did Trent suggest to vote?	yes
1477.478515625	0.0	756469	68	cloze_marker	137	64	1	delong	expected	a	an	name	idea	68	11	5.67	5.77	The guys didn't know what to call their band so Trent told everyone to come up with	and they would vote.	True	Did Trent suggest to vote?	yes
1477.720703125	0.0	756593	175	item_marker	138	75	1	delong	expected	an	a	element	liquid	68	30	6.26	2.8	The chemistry teacher explained to the class that water and salt were both compounds but that nitrogen was just	that hadn't been combined.	False	n/a	n/a
1477.908203125	0.2	756689	205	noun_expected	138	75	1	delong	expected	an	a	element	liquid	68	30	6.26	2.8	The chemistry teacher explained to the class that water and salt were both compounds but that nitrogen was just	that hadn't been combined.	False	n/a	n/a
1477.95703125	0.0	756714	60	cloze_marker	138	75	1	delong	expected	an	a	element	liquid	68	30	6.26	2.8	The chemistry teacher explained to the class that water and salt were both compounds but that nitrogen was just	that hadn't been combined.	False	n/a	n/a
1478.201171875	0.0	756839	175	item_marker	139	75	1	delong	expected	an	a	element	liquid	68	30	6.26	2.8	The chemistry teacher explained to the class that water and salt were both compounds but that nitrogen was just	that hadn't been combined.	False	n/a	n/a
1478.38671875	0.2	756934	255	filler_word	139	75	1	delong	expected	an	a	element	liquid	68	30	6.26	2.8	The chemistry teacher explained to the class that water and salt were both compounds but that nitrogen was just	that hadn't been combined.	False	n/a	n/a
1478.8671875	0.2	757180	255	filler_word	139	75	1	delong	expected	an	a	element	liquid	68	30	6.26	2.8	The chemistry teacher explained to the class that water and salt were both compounds but that nitrogen was just	that hadn't been combined.	False	n/a	n/a
1479.34765625	0.2	757426	255	filler_word	139	75	1	delong	expected	an	a	element	liquid	68	30	6.26	2.8	The chemistry teacher explained to the class that water and salt were both compounds but that nitrogen was just	that hadn't been combined.	False	n/a	n/a
1479.826171875	0.2	757671	207	final_expected	139	75	1	delong	expected	an	a	element	liquid	68	30	6.26	2.8	The chemistry teacher explained to the class that water and salt were both compounds but that nitrogen was just	that hadn't been combined.	False	n/a	n/a
1485.7578125	0.2	760708	255	filler_word	139	75	1	delong	expected	an	a	element	liquid	68	30	6.26	2.8	The chemistry teacher explained to the class that water and salt were both compounds but that nitrogen was just	that hadn't been combined.	False	n/a	n/a
1486.23828125	0.2	760954	255	filler_word	139	75	1	delong	expected	an	a	element	liquid	68	30	6.26	2.8	The chemistry teacher explained to the class that water and salt were both compounds but that nitrogen was just	that hadn't been combined.	False	n/a	n/a
1486.716796875	0.2	761199	255	filler_word	139	75	1	delong	expected	an	a	element	liquid	68	30	6.26	2.8	The chemistry teacher explained to the class that water and salt were both compounds but that nitrogen was just	that hadn't been combined.	False	n/a	n/a
1487.197265625	0.2	761445	255	filler_word	139	75	1	delong	expected	an	a	element	liquid	68	30	6.26	2.8	The chemistry teacher explained to the class that water and salt were both compounds but that nitrogen was just	that hadn't been combined.	False	n/a	n/a
1487.677734375	0.2	761691	255	filler_word	139	75	1	delong	expected	an	a	element	liquid	68	30	6.26	2.8	The chemistry teacher explained to the class that water and salt were both compounds but that nitrogen was just	that hadn't been combined.	False	n/a	n/a
1488.15625	0.2	761936	255	filler_word	139	75	1	delong	expected	an	a	element	liquid	68	30	6.26	2.8	The chemistry teacher explained to the class that water and salt were both compounds but that nitrogen was just	that hadn't been combined.	False	n/a	n/a
1488.63671875	0.2	762182	255	filler_word	139	75	1	delong	expected	an	a	element	liquid	68	30	6.26	2.8	The chemistry teacher explained to the class that water and salt were both compounds but that nitrogen was just	that hadn't been combined.	False	n/a	n/a
1489.1171875	0.2	762428	255	filler_word	139	75	1	delong	expected	an	a	element	liquid	68	30	6.26	2.8	The chemistry teacher explained to the class that water and salt were both compounds but that nitrogen was just	that hadn't been combined.	False	n/a	n/a
1489.595703125	0.2	762673	255	filler_word	139	75	1	delong	expected	an	a	element	liquid	68	30	6.26	2.8	The chemistry teacher explained to the class that water and salt were both compounds but that nitrogen was just	that hadn't been combined.	False	n/a	n/a
1490.076171875	0.2	762919	255	filler_word	139	75	1	delong	expected	an	a	element	liquid	68	30	6.26	2.8	The chemistry teacher explained to the class that water and salt were both compounds but that nitrogen was just	that hadn't been combined.	False	n/a	n/a
1490.556640625	0.2	763165	255	filler_word	139	75	1	delong	expected	an	a	element	liquid	68	30	6.26	2.8	The chemistry teacher explained to the class that water and salt were both compounds but that nitrogen was just	that hadn't been combined.	False	n/a	n/a
1491.037109375	0.2	763411	255	filler_word	139	75	1	delong	expected	an	a	element	liquid	68	30	6.26	2.8	The chemistry teacher explained to the class that water and salt were both compounds but that nitrogen was just	that hadn't been combined.	False	n/a	n/a
1491.515625	0.2	763656	255	filler_word	139	75	1	delong	expected	an	a	element	liquid	68	30	6.26	2.8	The chemistry teacher explained to the class that water and salt were both compounds but that nitrogen was just	that hadn't been combined.	False	n/a	n/a
1491.99609375	0.2	763902	255	filler_word	139	75	1	delong	expected	an	a	element	liquid	68	30	6.26	2.8	The chemistry teacher explained to the class that water and salt were both compounds but that nitrogen was just	that hadn't been combined.	False	n/a	n/a
1492.4765625	0.2	764148	255	filler_word	139	75	1	delong	expected	an	a	element	liquid	68	30	6.26	2.8	The chemistry teacher explained to the class that water and salt were both compounds but that nitrogen was just	that hadn't been combined.	False	n/a	n/a
1492.955078125	0.2	764393	255	filler_word	139	75	1	delong	expected	an	a	element	liquid	68	30	6.26	2.8	The chemistry teacher explained to the class that water and salt were both compounds but that nitrogen was just	that hadn't been combined.	False	n/a	n/a
1493.435546875	0.2	764639	255	filler_word	139	75	1	delong	expected	an	a	element	liquid	68	30	6.26	2.8	The chemistry teacher explained to the class that water and salt were both compounds but that nitrogen was just	that hadn't been combined.	False	n/a	n/a
1493.916015625	0.2	764885	255	filler_word	139	75	1	delong	expected	an	a	element	liquid	68	30	6.26	2.8	The chemistry teacher explained to the class that water and salt were both compounds but that nitrogen was just	that hadn't been combined.	False	n/a	n/a
1494.39453125	0.2	765130	255	filler_word	139	75	1	delong	expected	an	a	element	liquid	68	30	6.26	2.8	The chemistry teacher explained to the class that water and salt were both compounds but that nitrogen was just	that hadn't been combined.	False	n/a	n/a
1494.875	0.2	765376	255	filler_word	139	75	1	delong	expected	an	a	element	liquid	68	30	6.26	2.8	The chemistry teacher explained to the class that water and salt were both compounds but that nitrogen was just	that hadn't been combined.	False	n/a	n/a
1495.35546875	0.2	765622	255	filler_word	139	75	1	delong	expected	an	a	element	liquid	68	30	6.26	2.8	The chemistry teacher explained to the class that water and salt were both compounds but that nitrogen was just	that hadn't been combined.	False	n/a	n/a
1495.833984375	0.2	765867	201	a_expected	139	75	1	delong	expected	an	a	element	liquid	68	30	6.26	2.8	The chemistry teacher explained to the class that water and salt were both compounds but that nitrogen was just	that hadn't been combined.	False	n/a	n/a
1495.884765625	0.0	765893	73	cloze_marker	139	75	1	delong	expected	an	a	element	liquid	68	30	6.26	2.8	The chemistry teacher explained to the class that water and salt were both compounds but that nitrogen was just	that hadn't been combined.	False	n/a	n/a
1496.126953125	0.0	766017	176	item_marker	140	76	1	delong	expected	a	an	liquid	element	73	0	4.65	2.23	Orlando thought that glass was a solid but when he held it under the Bunsen burner it melted and turned into	that could be sculpted.	False	n/a	n/a
1496.314453125	0.2	766113	205	noun_expected	140	76	1	delong	expected	a	an	liquid	element	73	0	4.65	2.23	Orlando thought that glass was a solid but when he held it under the Bunsen burner it melted and turned into	that could be sculpted.	False	n/a	n/a
1496.36328125	0.0	766138	90	cloze_marker	140	76	1	delong	expected	a	an	liquid	element	73	0	4.65	2.23	Orlando thought that glass was a solid but when he held it under the Bunsen burner it melted and turned into	that could be sculpted.	False	n/a	n/a
1496.607421875	0.0	766263	176	item_marker	141	76	1	delong	expected	a	an	liquid	element	73	0	4.65	2.23	Orlando thought that glass was a solid but when he held it under the Bunsen burner it melted and turned into	that could be sculpted.	False	n/a	n/a
1496.794921875	0.2	766359	255	filler_word	141	76	1	delong	expected	a	an	liquid	element	73	0	4.65	2.23	Orlando thought that glass was a solid but when he held it under the Bunsen burner it melted and turned into	that could be sculpted.	False	n/a	n/a
1497.2734375	0.2	766604	255	filler_word	141	76	1	delong	expected	a	an	liquid	element	73	0	4.65	2.23	Orlando thought that glass was a solid but when he held it under the Bunsen burner it melted and turned into	that could be sculpted.	False	n/a	n/a
1497.75390625	0.2	766850	255	filler_word	141	76	1	delong	expected	a	an	liquid	element	73	0	4.65	2.23	Orlando thought that glass was a solid but when he held it under the Bunsen burner it melted and turned into	that could be sculpted.	False	n/a	n/a
1498.234375	0.2	767096	207	final_expected	141	76	1	delong	expected	a	an	liquid	element	73	0	4.65	2.23	Orlando thought that glass was a solid but when he held it under the Bunsen burner it melted and turned into	that could be sculpted.	False	n/a	n/a
1504.1640625	0.2	770132	255	filler_word	141	76	1	delong	expected	a	an	liquid	element	73	0	4.65	2.23	Orlando thought that glass was a solid but when he held it under the Bunsen burner it melted and turned into	that could be sculpted.	False	n/a	n/a
1504.64453125	0.2	770378	255	filler_word	141	76	1	delong	expected	a	an	liquid	element	73	0	4.65	2.23	Orlando thought that glass was a solid but when he held it under the Bunsen burner it melted and turned into	that could be sculpted.	False	n/a	n/a
1505.125	0.2	770624	255	filler_word	141	76	1	delong	expected	a	an	liquid	element	73	0	4.65	2.23	Orlando thought that glass was a solid but when he held it under the Bunsen burner it melted and turned into	that could be sculpted.	False	n/a	n/a
1505.603515625	0.2	770869	255	filler_word	141	76	1	delong	expected	a	an	liquid	element	73	0	4.65	2.23	Orlando thought that glass was a solid but when he held it under the Bunsen burner it melted and turned into	that could be sculpted.	False	n/a	n/a
1506.083984375	0.2	771115	255	filler_word	141	76	1	delong	expected	a	an	liquid	element	73	0	4.65	2.23	Orlando thought that glass was a solid but when he held it under the Bunsen burner it melted and turned into	that could be sculpted.	False	n/a	n/a
1506.564453125	0.2	771361	255	filler_word	141	76	1	delong	expected	a	an	liquid	element	73	0	4.65	2.23	Orlando thought that glass was a solid but when he held it under the Bunsen burner it melted and turned into	that could be sculpted.	False	n/a	n/a
1507.04296875	0.2	771606	255	filler_word	141	76	1	delong	expected	a	an	liquid	element	73	0	4.65	2.23	Orlando thought that glass was a solid but when he held it under the Bunsen burner it melted and turned into	that could be sculpted.	False	n/a	n/a
1507.5234375	0.2	771852	255	filler_word	141	76	1	delong	expected	a	an	liquid	element	73	0	4.65	2.23	Orlando thought that glass was a solid but when he held it under the Bunsen burner it melted and turned into	that could be sculpted.	False	n/a	n/a
1508.00390625	0.2	772098	255	filler_word	141	76	1	delong	expected	a	an	liquid	element	73	0	4.65	2.23	Orlando thought that glass was a solid but when he held it under the Bunsen burner it melted and turned into	that could be sculpted.	False	n/a	n/a
1508.482421875	0.2	772343	255	filler_word	141	76	1	delong	expected	a	an	liquid	element	73	0	4.65	2.23	Orlando thought that glass was a solid but when he held it under the Bunsen burner it melted and turned into	that could be sculpted.	False	n/a	n/a
1508.962890625	0.2	772589	255	filler_word	141	76	1	delong	expected	a	an	liquid	element	73	0	4.65	2.23	Orlando thought that glass was a solid but when he held it under the Bunsen burner it melted and turned into	that could be sculpted.	False	n/a	n/a
1509.443359375	0.2	772835	255	filler_word	141	76	1	delong	expected	a	an	liquid	element	73	0	4.65	2.23	Orlando thought that glass was a solid but when he held it under the Bunsen burner it melted and turned into	that could be sculpted.	False	n/a	n/a
1509.921875	0.2	773080	255	filler_word	141	76	1	delong	expected	a	an	liquid	element	73	0	4.65	2.23	Orlando thought that glass was a solid but when he held it under the Bunsen burner it melted and turned into	that could be sculpted.	False	n/a	n/a
1510.40234375	0.2	773326	255	filler_word	141	76	1	delong	expected	a	an	liquid	element	73	0	4.65	2.23	Orlando thought that glass was a solid but when he held it under the Bunsen burner it melted and turned into	that could be sculpted.	False	n/a	n/a
1510.8828125	0.2	773572	255	filler_word	141	76	1	delong	expected	a	an	liquid	element	73	0	4.65	2.23	Orlando thought that glass was a solid but when he held it under the Bunsen burner it melted and turned into	that could be sculpted.	False	n/a	n/a
1511.361328125	0.2	773817	255	filler_word	141	76	1	delong	expected	a	an	liquid	element	73	0	4.65	2.23	Orlando thought that glass was a solid but when he held it under the Bunsen burner it melted and turned into	that could be sculpted.	False	n/a	n/a
1511.841796875	0.2	774063	255	filler_word	141	76	1	delong	expected	a	an	liquid	element	73	0	4.65	2.23	Orlando thought that glass was a solid but when he held it under the Bunsen burner it melted and turned into	that could be sculpted.	False	n/a	n/a
1512.322265625	0.2	774309	255	filler_word	141	76	1	delong	expected	a	an	liquid	element	73	0	4.65	2.23	Orlando thought that glass was a solid but when he held it under the Bunsen burner it melted and turned into	that could be sculpted.	False	n/a	n/a
1512.80078125	0.2	774554	255	filler_word	141	76	1	delong	expected	a	an	liquid	element	73	0	4.65	2.23	Orlando thought that glass was a solid but when he held it under the Bunsen burner it melted and turned into	that could be sculpted.	False	n/a	n/a
1513.28125	0.2	774800	255	filler_word	141	76	1	delong	expected	a	an	liquid	element	73	0	4.65	2.23	Orlando thought that glass was a solid but when he held it under the Bunsen burner it melted and turned into	that could be sculpted.	False	n/a	n/a
1513.76171875	0.2	775046	255	filler_word	141	76	1	delong	expected	a	an	liquid	element	73	0	4.65	2.23	Orlando thought that glass was a solid but when he held it under the Bunsen burner it melted and turned into	that could be sculpted.	False	n/a	n/a
1514.240234375	0.2	775291	255	filler_word	141	76	1	delong	expected	a	an	liquid	element	73	0	4.65	2.23	Orlando thought that glass was a solid but when he held it under the Bunsen burner it melted and turned into	that could be sculpted.	False	n/a	n/a
1514.720703125	0.2	775537	255	filler_word	141	76	1	delong	expected	a	an	liquid	element	73	0	4.65	2.23	Orlando thought that glass was a solid but when he held it under the Bunsen burner it melted and turned into	that could be sculpted.	False	n/a	n/a
1515.201171875	0.2	775783	255	filler_word	141	76	1	delong	expected	a	an	liquid	element	73	0	4.65	2.23	Orlando thought that glass was a solid but when he held it under the Bunsen burner it melted and turned into	that could be sculpted.	False	n/a	n/a
1515.6796875	0.2	776028	203	a_unexpected	141	76	1	delong	expected	a	an	liquid	element	73	0	4.65	2.23	Orlando thought that glass was a solid but when he held it under the Bunsen burner it melted and turned into	that could be sculpted.	False	n/a	n/a
1515.73046875	0.0	776054	5	cloze_marker	141	76	1	delong	expected	a	an	liquid	element	73	0	4.65	2.23	Orlando thought that glass was a solid but when he held it under the Bunsen burner it melted and turned into	that could be sculpted.	False	n/a	n/a
1515.974609375	0.0	776179	169	item_marker	142	69	1	delong	unexpected	an	a	ocean	mirage	73	5	5.77	2.7	The first time Timmy saw the Pacific he thought it was a lake but his brother laughed and explained to him that it was	and he should be careful of the waves.	False	n/a	n/a
1516.16015625	0.2	776274	206	noun_unexpected	142	69	1	delong	unexpected	an	a	ocean	mirage	73	5	5.77	2.7	The first time Timmy saw the Pacific he thought it was a lake but his brother laughed and explained to him that it was	and he should be careful of the waves.	False	n/a	n/a
1516.2109375	0.0	776300	200	cloze_marker	142	69	1	delong	unexpected	an	a	ocean	mirage	73	5	5.77	2.7	The first time Timmy saw the Pacific he thought it was a lake but his brother laughed and explained to him that it was	and he should be careful of the waves.	False	n/a	n/a
1516.453125	0.0	776424	169	item_marker	143	69	1	delong	unexpected	an	a	ocean	mirage	73	5	5.77	2.7	The first time Timmy saw the Pacific he thought it was a lake but his brother laughed and explained to him that it was	and he should be careful of the waves.	False	n/a	n/a
1516.640625	0.2	776520	255	filler_word	143	69	1	delong	unexpected	an	a	ocean	mirage	73	5	5.77	2.7	The first time Timmy saw the Pacific he thought it was a lake but his brother laughed and explained to him that it was	and he should be careful of the waves.	False	n/a	n/a
1517.119140625	0.2	776765	255	filler_word	143	69	1	delong	unexpected	an	a	ocean	mirage	73	5	5.77	2.7	The first time Timmy saw the Pacific he thought it was a lake but his brother laughed and explained to him that it was	and he should be careful of the waves.	False	n/a	n/a
1517.599609375	0.2	777011	255	filler_word	143	69	1	delong	unexpected	an	a	ocean	mirage	73	5	5.77	2.7	The first time Timmy saw the Pacific he thought it was a lake but his brother laughed and explained to him that it was	and he should be careful of the waves.	False	n/a	n/a
1518.080078125	0.2	777257	255	filler_word	143	69	1	delong	unexpected	an	a	ocean	mirage	73	5	5.77	2.7	The first time Timmy saw the Pacific he thought it was a lake but his brother laughed and explained to him that it was	and he should be careful of the waves.	False	n/a	n/a
1518.55859375	0.2	777502	255	filler_word	143	69	1	delong	unexpected	an	a	ocean	mirage	73	5	5.77	2.7	The first time Timmy saw the Pacific he thought it was a lake but his brother laughed and explained to him that it was	and he should be careful of the waves.	False	n/a	n/a
1519.0390625	0.2	777748	255	filler_word	143	69	1	delong	unexpected	an	a	ocean	mirage	73	5	5.77	2.7	The first time Timmy saw the Pacific he thought it was a lake but his brother laughed and explained to him that it was	and he should be careful of the waves.	False	n/a	n/a
1519.51953125	0.2	777994	255	filler_word	143	69	1	delong	unexpected	an	a	ocean	mirage	73	5	5.77	2.7	The first time Timmy saw the Pacific he thought it was a lake but his brother laughed and explained to him that it was	and he should be careful of the waves.	False	n/a	n/a
1519.998046875	0.2	778239	208	final_unexpected	143	69	1	delong	unexpected	an	a	ocean	mirage	73	5	5.77	2.7	The first time Timmy saw the Pacific he thought it was a lake but his brother laughed and explained to him that it was	and he should be careful of the waves.	False	n/a	n/a
1523.025390625	0.2	779789	255	filler_word	143	69	1	delong	unexpected	an	a	ocean	mirage	73	5	5.77	2.7	The first time Timmy saw the Pacific he thought it was a lake but his brother laughed and explained to him that it was	and he should be careful of the waves.	False	n/a	n/a
1523.50390625	0.2	780034	255	filler_word	143	69	1	delong	unexpected	an	a	ocean	mirage	73	5	5.77	2.7	The first time Timmy saw the Pacific he thought it was a lake but his brother laughed and explained to him that it was	and he should be careful of the waves.	False	n/a	n/a
1523.984375	0.2	780280	255	filler_word	143	69	1	delong	unexpected	an	a	ocean	mirage	73	5	5.77	2.7	The first time Timmy saw the Pacific he thought it was a lake but his brother laughed and explained to him that it was	and he should be careful of the waves.	False	n/a	n/a
1524.46484375	0.2	780526	255	filler_word	143	69	1	delong	unexpected	an	a	ocean	mirage	73	5	5.77	2.7	The first time Timmy saw the Pacific he thought it was a lake but his brother laughed and explained to him that it was	and he should be careful of the waves.	False	n/a	n/a
1524.943359375	0.2	780771	255	filler_word	143	69	1	delong	unexpected	an	a	ocean	mirage	73	5	5.77	2.7	The first time Timmy saw the Pacific he thought it was a lake but his brother laughed and explained to him that it was	and he should be careful of the waves.	False	n/a	n/a
1525.423828125	0.2	781017	255	filler_word	143	69	1	delong	unexpected	an	a	ocean	mirage	73	5	5.77	2.7	The first time Timmy saw the Pacific he thought it was a lake but his brother laughed and explained to him that it was	and he should be careful of the waves.	False	n/a	n/a
1525.904296875	0.2	781263	255	filler_word	143	69	1	delong	unexpected	an	a	ocean	mirage	73	5	5.77	2.7	The first time Timmy saw the Pacific he thought it was a lake but his brother laughed and explained to him that it was	and he should be careful of the waves.	False	n/a	n/a
1526.3828125	0.2	781508	255	filler_word	143	69	1	delong	unexpected	an	a	ocean	mirage	73	5	5.77	2.7	The first time Timmy saw the Pacific he thought it was a lake but his brother laughed and explained to him that it was	and he should be careful of the waves.	False	n/a	n/a
1526.86328125	0.2	781754	255	filler_word	143	69	1	delong	unexpected	an	a	ocean	mirage	73	5	5.77	2.7	The first time Timmy saw the Pacific he thought it was a lake but his brother laughed and explained to him that it was	and he should be careful of the waves.	False	n/a	n/a
1527.34375	0.2	782000	255	filler_word	143	69	1	delong	unexpected	an	a	ocean	mirage	73	5	5.77	2.7	The first time Timmy saw the Pacific he thought it was a lake but his brother laughed and explained to him that it was	and he should be careful of the waves.	False	n/a	n/a
1527.822265625	0.2	782245	255	filler_word	143	69	1	delong	unexpected	an	a	ocean	mirage	73	5	5.77	2.7	The first time Timmy saw the Pacific he thought it was a lake but his brother laughed and explained to him that it was	and he should be careful of the waves.	False	n/a	n/a
1528.302734375	0.2	782491	255	filler_word	143	69	1	delong	unexpected	an	a	ocean	mirage	73	5	5.77	2.7	The first time Timmy saw the Pacific he thought it was a lake but his brother laughed and explained to him that it was	and he should be careful of the waves.	False	n/a	n/a
1528.783203125	0.2	782737	255	filler_word	143	69	1	delong	unexpected	an	a	ocean	mirage	73	5	5.77	2.7	The first time Timmy saw the Pacific he thought it was a lake but his brother laughed and explained to him that it was	and he should be careful of the waves.	False	n/a	n/a
1529.26171875	0.2	782982	255	filler_word	143	69	1	delong	unexpected	an	a	ocean	mirage	73	5	5.77	2.7	The first time Timmy saw the Pacific he thought it was a lake but his brother laughed and explained to him that it was	and he should be careful of the waves.	False	n/a	n/a
1529.7421875	0.2	783228	255	filler_word	143	69	1	delong	unexpected	an	a	ocean	mirage	73	5	5.77	2.7	The first time Timmy saw the Pacific he thought it was a lake but his brother laughed and explained to him that it was	and he should be careful of the waves.	False	n/a	n/a
1530.22265625	0.2	783474	255	filler_word	143	69	1	delong	unexpected	an	a	ocean	mirage	73	5	5.77	2.7	The first time Timmy saw the Pacific he thought it was a lake but his brother laughed and explained to him that it was	and he should be careful of the waves.	False	n/a	n/a
1530.701171875	0.2	783719	255	filler_word	143	69	1	delong	unexpected	an	a	ocean	mirage	73	5	5.77	2.7	The first time Timmy saw the Pacific he thought it was a lake but his brother laughed and explained to him that it was	and he should be careful of the waves.	False	n/a	n/a
1531.181640625	0.2	783965	255	filler_word	143	69	1	delong	unexpected	an	a	ocean	mirage	73	5	5.77	2.7	The first time Timmy saw the Pacific he thought it was a lake but his brother laughed and explained to him that it was	and he should be careful of the waves.	False	n/a	n/a
1531.662109375	0.2	784211	255	filler_word	143	69	1	delong	unexpected	an	a	ocean	mirage	73	5	5.77	2.7	The first time Timmy saw the Pacific he thought it was a lake but his brother laughed and explained to him that it was	and he should be careful of the waves.	False	n/a	n/a
1532.140625	0.2	784456	201	a_expected	143	69	1	delong	unexpected	an	a	ocean	mirage	73	5	5.77	2.7	The first time Timmy saw the Pacific he thought it was a lake but his brother laughed and explained to him that it was	and he should be careful of the waves.	False	n/a	n/a
1532.19140625	0.0	784482	82	cloze_marker	143	69	1	delong	unexpected	an	a	ocean	mirage	73	5	5.77	2.7	The first time Timmy saw the Pacific he thought it was a lake but his brother laughed and explained to him that it was	and he should be careful of the waves.	False	n/a	n/a
1532.43359375	0.0	784606	168	item_marker	144	68	1	delong	expected	a	an	cat	owl	82	18	6.1	4.3	Every time they went for walks Sylvia's dog Rex would break into a run as soon as he spotted	but luckily Rex couldn't climb trees.	False	n/a	n/a
1532.62109375	0.2	784702	205	noun_expected	144	68	1	delong	expected	a	an	cat	owl	82	18	6.1	4.3	Every time they went for walks Sylvia's dog Rex would break into a run as soon as he spotted	but luckily Rex couldn't climb trees.	False	n/a	n/a
1532.671875	0.0	784728	27	cloze_marker	144	68	1	delong	expected	a	an	cat	owl	82	18	6.1	4.3	Every time they went for walks Sylvia's dog Rex would break into a run as soon as he spotted	but luckily Rex couldn't climb trees.	False	n/a	n/a
1532.9140625	0.0	784852	168	item_marker	145	68	1	delong	expected	a	an	cat	owl	82	18	6.1	4.3	Every time they went for walks Sylvia's dog Rex would break into a run as soon as he spotted	but luckily Rex couldn't climb trees.	False	n/a	n/a
1533.1015625	0.2	784948	255	filler_word	145	68	1	delong	expected	a	an	cat	owl	82	18	6.1	4.3	Every time they went for walks Sylvia's dog Rex would break into a run as soon as he spotted	but luckily Rex couldn't climb trees.	False	n/a	n/a
1533.580078125	0.2	785193	255	filler_word	145	68	1	delong	expected	a	an	cat	owl	82	18	6.1	4.3	Every time they went for walks Sylvia's dog Rex would break into a run as soon as he spotted	but luckily Rex couldn't climb trees.	False	n/a	n/a
1534.060546875	0.2	785439	255	filler_word	145	68	1	delong	expected	a	an	cat	owl	82	18	6.1	4.3	Every time they went for walks Sylvia's dog Rex would break into a run as soon as he spotted	but luckily Rex couldn't climb trees.	False	n/a	n/a
1534.541015625	0.2	785685	255	filler_word	145	68	1	delong	expected	a	an	cat	owl	82	18	6.1	4.3	Every time they went for walks Sylvia's dog Rex would break into a run as soon as he spotted	but luckily Rex couldn't climb trees.	False	n/a	n/a
1535.01953125	0.2	785930	255	filler_word	145	68	1	delong	expected	a	an	cat	owl	82	18	6.1	4.3	Every time they went for walks Sylvia's dog Rex would break into a run as soon as he spotted	but luckily Rex couldn't climb trees.	False	n/a	n/a
1535.5	0.2	786176	207	final_expected	145	68	1	delong	expected	a	an	cat	owl	82	18	6.1	4.3	Every time they went for walks Sylvia's dog Rex would break into a run as soon as he spotted	but luckily Rex couldn't climb trees.	False	n/a	n/a
1539.619140625	0.2	788285	255	filler_word	145	68	1	delong	expected	a	an	cat	owl	82	18	6.1	4.3	Every time they went for walks Sylvia's dog Rex would break into a run as soon as he spotted	but luckily Rex couldn't climb trees.	False	n/a	n/a
1540.09765625	0.2	788530	255	filler_word	145	68	1	delong	expected	a	an	cat	owl	82	18	6.1	4.3	Every time they went for walks Sylvia's dog Rex would break into a run as soon as he spotted	but luckily Rex couldn't climb trees.	False	n/a	n/a
1540.578125	0.2	788776	255	filler_word	145	68	1	delong	expected	a	an	cat	owl	82	18	6.1	4.3	Every time they went for walks Sylvia's dog Rex would break into a run as soon as he spotted	but luckily Rex couldn't climb trees.	False	n/a	n/a
1541.05859375	0.2	789022	255	filler_word	145	68	1	delong	expected	a	an	cat	owl	82	18	6.1	4.3	Every time they went for walks Sylvia's dog Rex would break into a run as soon as he spotted	but luckily Rex couldn't climb trees.	False	n/a	n/a
1541.537109375	0.2	789267	255	filler_word	145	68	1	delong	expected	a	an	cat	owl	82	18	6.1	4.3	Every time they went for walks Sylvia's dog Rex would break into a run as soon as he spotted	but luckily Rex couldn't climb trees.	False	n/a	n/a
1542.017578125	0.2	789513	255	filler_word	145	68	1	delong	expected	a	an	cat	owl	82	18	6.1	4.3	Every time they went for walks Sylvia's dog Rex would break into a run as soon as he spotted	but luckily Rex couldn't climb trees.	False	n/a	n/a
1542.498046875	0.2	789759	255	filler_word	145	68	1	delong	expected	a	an	cat	owl	82	18	6.1	4.3	Every time they went for walks Sylvia's dog Rex would break into a run as soon as he spotted	but luckily Rex couldn't climb trees.	False	n/a	n/a
1542.9765625	0.2	790004	255	filler_word	145	68	1	delong	expected	a	an	cat	owl	82	18	6.1	4.3	Every time they went for walks Sylvia's dog Rex would break into a run as soon as he spotted	but luckily Rex couldn't climb trees.	False	n/a	n/a
1543.45703125	0.2	790250	255	filler_word	145	68	1	delong	expected	a	an	cat	owl	82	18	6.1	4.3	Every time they went for walks Sylvia's dog Rex would break into a run as soon as he spotted	but luckily Rex couldn't climb trees.	False	n/a	n/a
1543.9375	0.2	790496	255	filler_word	145	68	1	delong	expected	a	an	cat	owl	82	18	6.1	4.3	Every time they went for walks Sylvia's dog Rex would break into a run as soon as he spotted	but luckily Rex couldn't climb trees.	False	n/a	n/a
1544.416015625	0.2	790741	255	filler_word	145	68	1	delong	expected	a	an	cat	owl	82	18	6.1	4.3	Every time they went for walks Sylvia's dog Rex would break into a run as soon as he spotted	but luckily Rex couldn't climb trees.	False	n/a	n/a
1544.896484375	0.2	790987	255	filler_word	145	68	1	delong	expected	a	an	cat	owl	82	18	6.1	4.3	Every time they went for walks Sylvia's dog Rex would break into a run as soon as he spotted	but luckily Rex couldn't climb trees.	False	n/a	n/a
1545.376953125	0.2	791233	255	filler_word	145	68	1	delong	expected	a	an	cat	owl	82	18	6.1	4.3	Every time they went for walks Sylvia's dog Rex would break into a run as soon as he spotted	but luckily Rex couldn't climb trees.	False	n/a	n/a
1545.85546875	0.2	791478	204	an_unexpected	145	68	1	delong	expected	a	an	cat	owl	82	18	6.1	4.3	Every time they went for walks Sylvia's dog Rex would break into a run as soon as he spotted	but luckily Rex couldn't climb trees.	False	n/a	n/a
1545.90625	0.0	791504	200	cloze_marker	145	68	1	delong	expected	a	an	cat	owl	82	18	6.1	4.3	Every time they went for walks Sylvia's dog Rex would break into a run as soon as he spotted	but luckily Rex couldn't climb trees.	False	n/a	n/a
1546.150390625	0.0	791629	162	item_marker	146	62	1	delong	unexpected	a	an	coach	offense	98	0	6.0	3.3	Ever since Mr.Barnes had moved away Bobby's football team had been left without	and thus lost all their games.	False	n/a	n/a
1546.3359375	0.2	791724	206	noun_unexpected	146	62	1	delong	unexpected	a	an	coach	offense	98	0	6.0	3.3	Ever since Mr.Barnes had moved away Bobby's football team had been left without	and thus lost all their games.	False	n/a	n/a
1546.38671875	0.0	791750	200	cloze_marker	146	62	1	delong	unexpected	a	an	coach	offense	98	0	6.0	3.3	Ever since Mr.Barnes had moved away Bobby's football team had been left without	and thus lost all their games.	False	n/a	n/a
1546.62890625	0.0	791874	162	item_marker	147	62	1	delong	unexpected	a	an	coach	offense	98	0	6.0	3.3	Ever since Mr.Barnes had moved away Bobby's football team had been left without	and thus lost all their games.	False	n/a	n/a
1546.81640625	0.2	791970	255	filler_word	147	62	1	delong	unexpected	a	an	coach	offense	98	0	6.0	3.3	Ever since Mr.Barnes had moved away Bobby's football team had been left without	and thus lost all their games.	False	n/a	n/a
1547.294921875	0.2	792215	255	filler_word	147	62	1	delong	unexpected	a	an	coach	offense	98	0	6.0	3.3	Ever since Mr.Barnes had moved away Bobby's football team had been left without	and thus lost all their games.	False	n/a	n/a
1547.775390625	0.2	792461	255	filler_word	147	62	1	delong	unexpected	a	an	coach	offense	98	0	6.0	3.3	Ever since Mr.Barnes had moved away Bobby's football team had been left without	and thus lost all their games.	False	n/a	n/a
1548.255859375	0.2	792707	255	filler_word	147	62	1	delong	unexpected	a	an	coach	offense	98	0	6.0	3.3	Ever since Mr.Barnes had moved away Bobby's football team had been left without	and thus lost all their games.	False	n/a	n/a
1548.734375	0.2	792952	255	filler_word	147	62	1	delong	unexpected	a	an	coach	offense	98	0	6.0	3.3	Ever since Mr.Barnes had moved away Bobby's football team had been left without	and thus lost all their games.	False	n/a	n/a
1549.21484375	0.2	793198	208	final_unexpected	147	62	1	delong	unexpected	a	an	coach	offense	98	0	6.0	3.3	Ever since Mr.Barnes had moved away Bobby's football team had been left without	and thus lost all their games.	False	n/a	n/a
1552.533203125	0.2	794897	255	filler_word	147	62	1	delong	unexpected	a	an	coach	offense	98	0	6.0	3.3	Ever since Mr.Barnes had moved away Bobby's football team had been left without	and thus lost all their games.	False	n/a	n/a
1553.013671875	0.2	795143	255	filler_word	147	62	1	delong	unexpected	a	an	coach	offense	98	0	6.0	3.3	Ever since Mr.Barnes had moved away Bobby's football team had been left without	and thus lost all their games.	False	n/a	n/a
1553.494140625	0.2	795389	255	filler_word	147	62	1	delong	unexpected	a	an	coach	offense	98	0	6.0	3.3	Ever since Mr.Barnes had moved away Bobby's football team had been left without	and thus lost all their games.	False	n/a	n/a
1553.97265625	0.2	795634	255	filler_word	147	62	1	delong	unexpected	a	an	coach	offense	98	0	6.0	3.3	Ever since Mr.Barnes had moved away Bobby's football team had been left without	and thus lost all their games.	False	n/a	n/a
1554.453125	0.2	795880	255	filler_word	147	62	1	delong	unexpected	a	an	coach	offense	98	0	6.0	3.3	Ever since Mr.Barnes had moved away Bobby's football team had been left without	and thus lost all their games.	False	n/a	n/a
1554.93359375	0.2	796126	255	filler_word	147	62	1	delong	unexpected	a	an	coach	offense	98	0	6.0	3.3	Ever since Mr.Barnes had moved away Bobby's football team had been left without	and thus lost all their games.	False	n/a	n/a
1555.412109375	0.2	796371	255	filler_word	147	62	1	delong	unexpected	a	an	coach	offense	98	0	6.0	3.3	Ever since Mr.Barnes had moved away Bobby's football team had been left without	and thus lost all their games.	False	n/a	n/a
1555.892578125	0.2	796617	255	filler_word	147	62	1	delong	unexpected	a	an	coach	offense	98	0	6.0	3.3	Ever since Mr.Barnes had moved away Bobby's football team had been left without	and thus lost all their games.	False	n/a	n/a
1556.373046875	0.2	796863	255	filler_word	147	62	1	delong	unexpected	a	an	coach	offense	98	0	6.0	3.3	Ever since Mr.Barnes had moved away Bobby's football team had been left without	and thus lost all their games.	False	n/a	n/a
1556.8515625	0.2	797108	255	filler_word	147	62	1	delong	unexpected	a	an	coach	offense	98	0	6.0	3.3	Ever since Mr.Barnes had moved away Bobby's football team had been left without	and thus lost all their games.	False	n/a	n/a
1557.33203125	0.2	797354	255	filler_word	147	62	1	delong	unexpected	a	an	coach	offense	98	0	6.0	3.3	Ever since Mr.Barnes had moved away Bobby's football team had been left without	and thus lost all their games.	False	n/a	n/a
1557.8125	0.2	797600	255	filler_word	147	62	1	delong	unexpected	a	an	coach	offense	98	0	6.0	3.3	Ever since Mr.Barnes had moved away Bobby's football team had been left without	and thus lost all their games.	False	n/a	n/a
1558.291015625	0.2	797845	255	filler_word	147	62	1	delong	unexpected	a	an	coach	offense	98	0	6.0	3.3	Ever since Mr.Barnes had moved away Bobby's football team had been left without	and thus lost all their games.	False	n/a	n/a
1558.771484375	0.2	798091	255	filler_word	147	62	1	delong	unexpected	a	an	coach	offense	98	0	6.0	3.3	Ever since Mr.Barnes had moved away Bobby's football team had been left without	and thus lost all their games.	False	n/a	n/a
1559.251953125	0.2	798337	255	filler_word	147	62	1	delong	unexpected	a	an	coach	offense	98	0	6.0	3.3	Ever since Mr.Barnes had moved away Bobby's football team had been left without	and thus lost all their games.	False	n/a	n/a
1559.73046875	0.2	798582	204	an_unexpected	147	62	1	delong	unexpected	a	an	coach	offense	98	0	6.0	3.3	Ever since Mr.Barnes had moved away Bobby's football team had been left without	and thus lost all their games.	False	n/a	n/a
1559.78125	0.0	798608	200	cloze_marker	147	62	1	delong	unexpected	a	an	coach	offense	98	0	6.0	3.3	Ever since Mr.Barnes had moved away Bobby's football team had been left without	and thus lost all their games.	False	n/a	n/a
1560.025390625	0.0	798733	178	item_marker	148	78	1	delong	unexpected	a	an	window	egg	75	0	6.13	2.52	Because they were playing baseball so close to the house the children ended up shattering	and destroying a nest that some birds had built on the sill.	False	n/a	n/a
1560.2109375	0.2	798828	206	noun_unexpected	148	78	1	delong	unexpected	a	an	window	egg	75	0	6.13	2.52	Because they were playing baseball so close to the house the children ended up shattering	and destroying a nest that some birds had built on the sill.	False	n/a	n/a
1560.26171875	0.0	798854	83	cloze_marker	148	78	1	delong	unexpected	a	an	window	egg	75	0	6.13	2.52	Because they were playing baseball so close to the house the children ended up shattering	and destroying a nest that some birds had built on the sill.	False	n/a	n/a
1560.50390625	0.0	798978	178	item_marker	149	78	1	delong	unexpected	a	an	window	egg	75	0	6.13	2.52	Because they were playing baseball so close to the house the children ended up shattering	and destroying a nest that some birds had built on the sill.	False	n/a	n/a
1560.69140625	0.2	799074	255	filler_word	149	78	1	delong	unexpected	a	an	window	egg	75	0	6.13	2.52	Because they were playing baseball so close to the house the children ended up shattering	and destroying a nest that some birds had built on the sill.	False	n/a	n/a
1561.169921875	0.2	799319	255	filler_word	149	78	1	delong	unexpected	a	an	window	egg	75	0	6.13	2.52	Because they were playing baseball so close to the house the children ended up shattering	and destroying a nest that some birds had built on the sill.	False	n/a	n/a
1561.650390625	0.2	799565	255	filler_word	149	78	1	delong	unexpected	a	an	window	egg	75	0	6.13	2.52	Because they were playing baseball so close to the house the children ended up shattering	and destroying a nest that some birds had built on the sill.	False	n/a	n/a
1562.130859375	0.2	799811	255	filler_word	149	78	1	delong	unexpected	a	an	window	egg	75	0	6.13	2.52	Because they were playing baseball so close to the house the children ended up shattering	and destroying a nest that some birds had built on the sill.	False	n/a	n/a
1562.609375	0.2	800056	255	filler_word	149	78	1	delong	unexpected	a	an	window	egg	75	0	6.13	2.52	Because they were playing baseball so close to the house the children ended up shattering	and destroying a nest that some birds had built on the sill.	False	n/a	n/a
1563.08984375	0.2	800302	255	filler_word	149	78	1	delong	unexpected	a	an	window	egg	75	0	6.13	2.52	Because they were playing baseball so close to the house the children ended up shattering	and destroying a nest that some birds had built on the sill.	False	n/a	n/a
1563.5703125	0.2	800548	255	filler_word	149	78	1	delong	unexpected	a	an	window	egg	75	0	6.13	2.52	Because they were playing baseball so close to the house the children ended up shattering	and destroying a nest that some birds had built on the sill.	False	n/a	n/a
1564.048828125	0.2	800793	255	filler_word	149	78	1	delong	unexpected	a	an	window	egg	75	0	6.13	2.52	Because they were playing baseball so close to the house the children ended up shattering	and destroying a nest that some birds had built on the sill.	False	n/a	n/a
1564.529296875	0.2	801039	255	filler_word	149	78	1	delong	unexpected	a	an	window	egg	75	0	6.13	2.52	Because they were playing baseball so close to the house the children ended up shattering	and destroying a nest that some birds had built on the sill.	False	n/a	n/a
1565.009765625	0.2	801285	255	filler_word	149	78	1	delong	unexpected	a	an	window	egg	75	0	6.13	2.52	Because they were playing baseball so close to the house the children ended up shattering	and destroying a nest that some birds had built on the sill.	False	n/a	n/a
1565.48828125	0.2	801530	255	filler_word	149	78	1	delong	unexpected	a	an	window	egg	75	0	6.13	2.52	Because they were playing baseball so close to the house the children ended up shattering	and destroying a nest that some birds had built on the sill.	False	n/a	n/a
1565.96875	0.2	801776	208	final_unexpected	149	78	1	delong	unexpected	a	an	window	egg	75	0	6.13	2.52	Because they were playing baseball so close to the house the children ended up shattering	and destroying a nest that some birds had built on the sill.	False	n/a	n/a
1569.181640625	0.2	803421	255	filler_word	149	78	1	delong	unexpected	a	an	window	egg	75	0	6.13	2.52	Because they were playing baseball so close to the house the children ended up shattering	and destroying a nest that some birds had built on the sill.	False	n/a	n/a
1569.66015625	0.2	803666	255	filler_word	149	78	1	delong	unexpected	a	an	window	egg	75	0	6.13	2.52	Because they were playing baseball so close to the house the children ended up shattering	and destroying a nest that some birds had built on the sill.	False	n/a	n/a
1570.140625	0.2	803912	255	filler_word	149	78	1	delong	unexpected	a	an	window	egg	75	0	6.13	2.52	Because they were playing baseball so close to the house the children ended up shattering	and destroying a nest that some birds had built on the sill.	False	n/a	n/a
1570.62109375	0.2	804158	255	filler_word	149	78	1	delong	unexpected	a	an	window	egg	75	0	6.13	2.52	Because they were playing baseball so close to the house the children ended up shattering	and destroying a nest that some birds had built on the sill.	False	n/a	n/a
1571.099609375	0.2	804403	255	filler_word	149	78	1	delong	unexpected	a	an	window	egg	75	0	6.13	2.52	Because they were playing baseball so close to the house the children ended up shattering	and destroying a nest that some birds had built on the sill.	False	n/a	n/a
1571.580078125	0.2	804649	255	filler_word	149	78	1	delong	unexpected	a	an	window	egg	75	0	6.13	2.52	Because they were playing baseball so close to the house the children ended up shattering	and destroying a nest that some birds had built on the sill.	False	n/a	n/a
1572.060546875	0.2	804895	255	filler_word	149	78	1	delong	unexpected	a	an	window	egg	75	0	6.13	2.52	Because they were playing baseball so close to the house the children ended up shattering	and destroying a nest that some birds had built on the sill.	False	n/a	n/a
1572.5390625	0.2	805140	255	filler_word	149	78	1	delong	unexpected	a	an	window	egg	75	0	6.13	2.52	Because they were playing baseball so close to the house the children ended up shattering	and destroying a nest that some birds had built on the sill.	False	n/a	n/a
1573.01953125	0.2	805386	255	filler_word	149	78	1	delong	unexpected	a	an	window	egg	75	0	6.13	2.52	Because they were playing baseball so close to the house the children ended up shattering	and destroying a nest that some birds had built on the sill.	False	n/a	n/a
1573.5	0.2	805632	255	filler_word	149	78	1	delong	unexpected	a	an	window	egg	75	0	6.13	2.52	Because they were playing baseball so close to the house the children ended up shattering	and destroying a nest that some birds had built on the sill.	False	n/a	n/a
1573.978515625	0.2	805877	255	filler_word	149	78	1	delong	unexpected	a	an	window	egg	75	0	6.13	2.52	Because they were playing baseball so close to the house the children ended up shattering	and destroying a nest that some birds had built on the sill.	False	n/a	n/a
1574.458984375	0.2	806123	255	filler_word	149	78	1	delong	unexpected	a	an	window	egg	75	0	6.13	2.52	Because they were playing baseball so close to the house the children ended up shattering	and destroying a nest that some birds had built on the sill.	False	n/a	n/a
1574.939453125	0.2	806369	202	an_expected	149	78	1	delong	unexpected	a	an	window	egg	75	0	6.13	2.52	Because they were playing baseball so close to the house the children ended up shattering	and destroying a nest that some birds had built on the sill.	False	n/a	n/a
1574.98828125	0.0	806394	75	cloze_marker	149	78	1	delong	unexpected	a	an	window	egg	75	0	6.13	2.52	Because they were playing baseball so close to the house the children ended up shattering	and destroying a nest that some birds had built on the sill.	False	n/a	n/a
1575.232421875	0.0	806519	163	item_marker	150	63	1	delong	expected	an	a	idea	name	75	25	5.37	6.03	The group had been brainstorming all day but they still didn't have	for their project.	True	Did the group reach a conclusion?	no
1575.41796875	0.2	806614	205	noun_expected	150	63	1	delong	expected	an	a	idea	name	75	25	5.37	6.03	The group had been brainstorming all day but they still didn't have	for their project.	True	Did the group reach a conclusion?	no
1575.46875	0.0	806640	83	cloze_marker	150	63	1	delong	expected	an	a	idea	name	75	25	5.37	6.03	The group had been brainstorming all day but they still didn't have	for their project.	True	Did the group reach a conclusion?	no
1575.712890625	0.0	806765	163	item_marker	151	63	1	delong	expected	an	a	idea	name	75	25	5.37	6.03	The group had been brainstorming all day but they still didn't have	for their project.	True	Did the group reach a conclusion?	no
1575.8984375	0.2	806860	255	filler_word	151	63	1	delong	expected	an	a	idea	name	75	25	5.37	6.03	The group had been brainstorming all day but they still didn't have	for their project.	True	Did the group reach a conclusion?	no
1576.37890625	0.2	807106	255	filler_word	151	63	1	delong	expected	an	a	idea	name	75	25	5.37	6.03	The group had been brainstorming all day but they still didn't have	for their project.	True	Did the group reach a conclusion?	no
1576.857421875	0.2	807351	207	final_expected	151	63	1	delong	expected	an	a	idea	name	75	25	5.37	6.03	The group had been brainstorming all day but they still didn't have	for their project.	True	Did the group reach a conclusion?	no
1582.49609375	0.2	810238	255	filler_word	151	63	1	delong	expected	an	a	idea	name	75	25	5.37	6.03	The group had been brainstorming all day but they still didn't have	for their project.	True	Did the group reach a conclusion?	no
1582.9765625	0.2	810484	255	filler_word	151	63	1	delong	expected	an	a	idea	name	75	25	5.37	6.03	The group had been brainstorming all day but they still didn't have	for their project.	True	Did the group reach a conclusion?	no
1583.455078125	0.2	810729	255	filler_word	151	63	1	delong	expected	an	a	idea	name	75	25	5.37	6.03	The group had been brainstorming all day but they still didn't have	for their project.	True	Did the group reach a conclusion?	no
1583.935546875	0.2	810975	255	filler_word	151	63	1	delong	expected	an	a	idea	name	75	25	5.37	6.03	The group had been brainstorming all day but they still didn't have	for their project.	True	Did the group reach a conclusion?	no
1584.416015625	0.2	811221	255	filler_word	151	63	1	delong	expected	an	a	idea	name	75	25	5.37	6.03	The group had been brainstorming all day but they still didn't have	for their project.	True	Did the group reach a conclusion?	no
1584.89453125	0.2	811466	255	filler_word	151	63	1	delong	expected	an	a	idea	name	75	25	5.37	6.03	The group had been brainstorming all day but they still didn't have	for their project.	True	Did the group reach a conclusion?	no
1585.375	0.2	811712	255	filler_word	151	63	1	delong	expected	an	a	idea	name	75	25	5.37	6.03	The group had been brainstorming all day but they still didn't have	for their project.	True	Did the group reach a conclusion?	no
1585.85546875	0.2	811958	255	filler_word	151	63	1	delong	expected	an	a	idea	name	75	25	5.37	6.03	The group had been brainstorming all day but they still didn't have	for their project.	True	Did the group reach a conclusion?	no
1586.333984375	0.2	812203	255	filler_word	151	63	1	delong	expected	an	a	idea	name	75	25	5.37	6.03	The group had been brainstorming all day but they still didn't have	for their project.	True	Did the group reach a conclusion?	no
1586.814453125	0.2	812449	255	filler_word	151	63	1	delong	expected	an	a	idea	name	75	25	5.37	6.03	The group had been brainstorming all day but they still didn't have	for their project.	True	Did the group reach a conclusion?	no
1587.294921875	0.2	812695	255	filler_word	151	63	1	delong	expected	an	a	idea	name	75	25	5.37	6.03	The group had been brainstorming all day but they still didn't have	for their project.	True	Did the group reach a conclusion?	no
1587.775390625	0.2	812941	255	filler_word	151	63	1	delong	expected	an	a	idea	name	75	25	5.37	6.03	The group had been brainstorming all day but they still didn't have	for their project.	True	Did the group reach a conclusion?	no
1588.25390625	0.2	813186	255	filler_word	151	63	1	delong	expected	an	a	idea	name	75	25	5.37	6.03	The group had been brainstorming all day but they still didn't have	for their project.	True	Did the group reach a conclusion?	no
1588.734375	0.2	813432	255	filler_word	151	63	1	delong	expected	an	a	idea	name	75	25	5.37	6.03	The group had been brainstorming all day but they still didn't have	for their project.	True	Did the group reach a conclusion?	no
1589.21484375	0.2	813678	255	filler_word	151	63	1	delong	expected	an	a	idea	name	75	25	5.37	6.03	The group had been brainstorming all day but they still didn't have	for their project.	True	Did the group reach a conclusion?	no
1589.693359375	0.2	813923	255	filler_word	151	63	1	delong	expected	an	a	idea	name	75	25	5.37	6.03	The group had been brainstorming all day but they still didn't have	for their project.	True	Did the group reach a conclusion?	no
1590.173828125	0.2	814169	255	filler_word	151	63	1	delong	expected	an	a	idea	name	75	25	5.37	6.03	The group had been brainstorming all day but they still didn't have	for their project.	True	Did the group reach a conclusion?	no
1590.654296875	0.2	814415	255	filler_word	151	63	1	delong	expected	an	a	idea	name	75	25	5.37	6.03	The group had been brainstorming all day but they still didn't have	for their project.	True	Did the group reach a conclusion?	no
1591.1328125	0.2	814660	255	filler_word	151	63	1	delong	expected	an	a	idea	name	75	25	5.37	6.03	The group had been brainstorming all day but they still didn't have	for their project.	True	Did the group reach a conclusion?	no
1591.61328125	0.2	814906	255	filler_word	151	63	1	delong	expected	an	a	idea	name	75	25	5.37	6.03	The group had been brainstorming all day but they still didn't have	for their project.	True	Did the group reach a conclusion?	no
1592.09375	0.2	815152	255	filler_word	151	63	1	delong	expected	an	a	idea	name	75	25	5.37	6.03	The group had been brainstorming all day but they still didn't have	for their project.	True	Did the group reach a conclusion?	no
1592.572265625	0.2	815397	255	filler_word	151	63	1	delong	expected	an	a	idea	name	75	25	5.37	6.03	The group had been brainstorming all day but they still didn't have	for their project.	True	Did the group reach a conclusion?	no
1593.052734375	0.2	815643	255	filler_word	151	63	1	delong	expected	an	a	idea	name	75	25	5.37	6.03	The group had been brainstorming all day but they still didn't have	for their project.	True	Did the group reach a conclusion?	no
1593.533203125	0.2	815889	201	a_expected	151	63	1	delong	expected	an	a	idea	name	75	25	5.37	6.03	The group had been brainstorming all day but they still didn't have	for their project.	True	Did the group reach a conclusion?	no
1593.58203125	0.0	815914	95	cloze_marker	151	63	1	delong	expected	an	a	idea	name	75	25	5.37	6.03	The group had been brainstorming all day but they still didn't have	for their project.	True	Did the group reach a conclusion?	no
1593.826171875	0.0	816039	180	item_marker	152	80	1	delong	expected	a	an	tourist	alien	95	5	5.9	2.07	With his khaki shorts and his loud Hawaiian shirt and the camera around his neck you could definitely tell that the man was	in the country.	False	n/a	n/a
1594.01171875	0.2	816134	205	noun_expected	152	80	1	delong	expected	a	an	tourist	alien	95	5	5.9	2.07	With his khaki shorts and his loud Hawaiian shirt and the camera around his neck you could definitely tell that the man was	in the country.	False	n/a	n/a
1594.0625	0.0	816160	97	cloze_marker	152	80	1	delong	expected	a	an	tourist	alien	95	5	5.9	2.07	With his khaki shorts and his loud Hawaiian shirt and the camera around his neck you could definitely tell that the man was	in the country.	False	n/a	n/a
1594.3046875	0.0	816284	180	item_marker	153	80	1	delong	expected	a	an	tourist	alien	95	5	5.9	2.07	With his khaki shorts and his loud Hawaiian shirt and the camera around his neck you could definitely tell that the man was	in the country.	False	n/a	n/a
1594.4921875	0.2	816380	255	filler_word	153	80	1	delong	expected	a	an	tourist	alien	95	5	5.9	2.07	With his khaki shorts and his loud Hawaiian shirt and the camera around his neck you could definitely tell that the man was	in the country.	False	n/a	n/a
1594.97265625	0.2	816626	255	filler_word	153	80	1	delong	expected	a	an	tourist	alien	95	5	5.9	2.07	With his khaki shorts and his loud Hawaiian shirt and the camera around his neck you could definitely tell that the man was	in the country.	False	n/a	n/a
1595.451171875	0.2	816871	207	final_expected	153	80	1	delong	expected	a	an	tourist	alien	95	5	5.9	2.07	With his khaki shorts and his loud Hawaiian shirt and the camera around his neck you could definitely tell that the man was	in the country.	False	n/a	n/a
1598.703125	0.2	818536	255	filler_word	153	80	1	delong	expected	a	an	tourist	alien	95	5	5.9	2.07	With his khaki shorts and his loud Hawaiian shirt and the camera around his neck you could definitely tell that the man was	in the country.	False	n/a	n/a
1599.18359375	0.2	818782	255	filler_word	153	80	1	delong	expected	a	an	tourist	alien	95	5	5.9	2.07	With his khaki shorts and his loud Hawaiian shirt and the camera around his neck you could definitely tell that the man was	in the country.	False	n/a	n/a
1599.6640625	0.2	819028	255	filler_word	153	80	1	delong	expected	a	an	tourist	alien	95	5	5.9	2.07	With his khaki shorts and his loud Hawaiian shirt and the camera around his neck you could definitely tell that the man was	in the country.	False	n/a	n/a
1600.142578125	0.2	819273	255	filler_word	153	80	1	delong	expected	a	an	tourist	alien	95	5	5.9	2.07	With his khaki shorts and his loud Hawaiian shirt and the camera around his neck you could definitely tell that the man was	in the country.	False	n/a	n/a
1600.623046875	0.2	819519	255	filler_word	153	80	1	delong	expected	a	an	tourist	alien	95	5	5.9	2.07	With his khaki shorts and his loud Hawaiian shirt and the camera around his neck you could definitely tell that the man was	in the country.	False	n/a	n/a
1601.103515625	0.2	819765	255	filler_word	153	80	1	delong	expected	a	an	tourist	alien	95	5	5.9	2.07	With his khaki shorts and his loud Hawaiian shirt and the camera around his neck you could definitely tell that the man was	in the country.	False	n/a	n/a
1601.58203125	0.2	820010	255	filler_word	153	80	1	delong	expected	a	an	tourist	alien	95	5	5.9	2.07	With his khaki shorts and his loud Hawaiian shirt and the camera around his neck you could definitely tell that the man was	in the country.	False	n/a	n/a
1602.0625	0.2	820256	255	filler_word	153	80	1	delong	expected	a	an	tourist	alien	95	5	5.9	2.07	With his khaki shorts and his loud Hawaiian shirt and the camera around his neck you could definitely tell that the man was	in the country.	False	n/a	n/a
1602.54296875	0.2	820502	255	filler_word	153	80	1	delong	expected	a	an	tourist	alien	95	5	5.9	2.07	With his khaki shorts and his loud Hawaiian shirt and the camera around his neck you could definitely tell that the man was	in the country.	False	n/a	n/a
1603.021484375	0.2	820747	255	filler_word	153	80	1	delong	expected	a	an	tourist	alien	95	5	5.9	2.07	With his khaki shorts and his loud Hawaiian shirt and the camera around his neck you could definitely tell that the man was	in the country.	False	n/a	n/a
1603.501953125	0.2	820993	255	filler_word	153	80	1	delong	expected	a	an	tourist	alien	95	5	5.9	2.07	With his khaki shorts and his loud Hawaiian shirt and the camera around his neck you could definitely tell that the man was	in the country.	False	n/a	n/a
1603.982421875	0.2	821239	255	filler_word	153	80	1	delong	expected	a	an	tourist	alien	95	5	5.9	2.07	With his khaki shorts and his loud Hawaiian shirt and the camera around his neck you could definitely tell that the man was	in the country.	False	n/a	n/a
1604.4609375	0.2	821484	255	filler_word	153	80	1	delong	expected	a	an	tourist	alien	95	5	5.9	2.07	With his khaki shorts and his loud Hawaiian shirt and the camera around his neck you could definitely tell that the man was	in the country.	False	n/a	n/a
1604.94140625	0.2	821730	255	filler_word	153	80	1	delong	expected	a	an	tourist	alien	95	5	5.9	2.07	With his khaki shorts and his loud Hawaiian shirt and the camera around his neck you could definitely tell that the man was	in the country.	False	n/a	n/a
1605.421875	0.2	821976	255	filler_word	153	80	1	delong	expected	a	an	tourist	alien	95	5	5.9	2.07	With his khaki shorts and his loud Hawaiian shirt and the camera around his neck you could definitely tell that the man was	in the country.	False	n/a	n/a
1605.900390625	0.2	822221	255	filler_word	153	80	1	delong	expected	a	an	tourist	alien	95	5	5.9	2.07	With his khaki shorts and his loud Hawaiian shirt and the camera around his neck you could definitely tell that the man was	in the country.	False	n/a	n/a
1606.380859375	0.2	822467	255	filler_word	153	80	1	delong	expected	a	an	tourist	alien	95	5	5.9	2.07	With his khaki shorts and his loud Hawaiian shirt and the camera around his neck you could definitely tell that the man was	in the country.	False	n/a	n/a
1606.861328125	0.2	822713	255	filler_word	153	80	1	delong	expected	a	an	tourist	alien	95	5	5.9	2.07	With his khaki shorts and his loud Hawaiian shirt and the camera around his neck you could definitely tell that the man was	in the country.	False	n/a	n/a
1607.33984375	0.2	822958	255	filler_word	153	80	1	delong	expected	a	an	tourist	alien	95	5	5.9	2.07	With his khaki shorts and his loud Hawaiian shirt and the camera around his neck you could definitely tell that the man was	in the country.	False	n/a	n/a
1607.8203125	0.2	823204	255	filler_word	153	80	1	delong	expected	a	an	tourist	alien	95	5	5.9	2.07	With his khaki shorts and his loud Hawaiian shirt and the camera around his neck you could definitely tell that the man was	in the country.	False	n/a	n/a
1608.30078125	0.2	823450	255	filler_word	153	80	1	delong	expected	a	an	tourist	alien	95	5	5.9	2.07	With his khaki shorts and his loud Hawaiian shirt and the camera around his neck you could definitely tell that the man was	in the country.	False	n/a	n/a
1608.779296875	0.2	823695	255	filler_word	153	80	1	delong	expected	a	an	tourist	alien	95	5	5.9	2.07	With his khaki shorts and his loud Hawaiian shirt and the camera around his neck you could definitely tell that the man was	in the country.	False	n/a	n/a
1609.259765625	0.2	823941	204	an_unexpected	153	80	1	delong	expected	a	an	tourist	alien	95	5	5.9	2.07	With his khaki shorts and his loud Hawaiian shirt and the camera around his neck you could definitely tell that the man was	in the country.	False	n/a	n/a
1609.310546875	0.0	823967	16	cloze_marker	153	80	1	delong	expected	a	an	tourist	alien	95	5	5.9	2.07	With his khaki shorts and his loud Hawaiian shirt and the camera around his neck you could definitely tell that the man was	in the country.	False	n/a	n/a
1609.552734375	0.0	824091	170	item_marker	154	70	1	delong	unexpected	a	an	mirage	ocean	68	16	6.1	3.97	As the men stumbled across the desert they thought they saw an oasis on the horizon but it turned out to be	so they continued walking.	True	Was there an oasis on the horizon?	no
1609.740234375	0.2	824187	206	noun_unexpected	154	70	1	delong	unexpected	a	an	mirage	ocean	68	16	6.1	3.97	As the men stumbled across the desert they thought they saw an oasis on the horizon but it turned out to be	so they continued walking.	True	Was there an oasis on the horizon?	no
1609.7890625	0.0	824212	3	cloze_marker	154	70	1	delong	unexpected	a	an	mirage	ocean	68	16	6.1	3.97	As the men stumbled across the desert they thought they saw an oasis on the horizon but it turned out to be	so they continued walking.	True	Was there an oasis on the horizon?	no
1610.033203125	0.0	824337	170	item_marker	155	70	1	delong	unexpected	a	an	mirage	ocean	68	16	6.1	3.97	As the men stumbled across the desert they thought they saw an oasis on the horizon but it turned out to be	so they continued walking.	True	Was there an oasis on the horizon?	no
1610.21875	0.2	824432	255	filler_word	155	70	1	delong	unexpected	a	an	mirage	ocean	68	16	6.1	3.97	As the men stumbled across the desert they thought they saw an oasis on the horizon but it turned out to be	so they continued walking.	True	Was there an oasis on the horizon?	no
1610.69921875	0.2	824678	255	filler_word	155	70	1	delong	unexpected	a	an	mirage	ocean	68	16	6.1	3.97	As the men stumbled across the desert they thought they saw an oasis on the horizon but it turned out to be	so they continued walking.	True	Was there an oasis on the horizon?	no
1611.1796875	0.2	824924	255	filler_word	155	70	1	delong	unexpected	a	an	mirage	ocean	68	16	6.1	3.97	As the men stumbled across the desert they thought they saw an oasis on the horizon but it turned out to be	so they continued walking.	True	Was there an oasis on the horizon?	no
1611.658203125	0.2	825169	208	final_unexpected	155	70	1	delong	unexpected	a	an	mirage	ocean	68	16	6.1	3.97	As the men stumbled across the desert they thought they saw an oasis on the horizon but it turned out to be	so they continued walking.	True	Was there an oasis on the horizon?	no
1618.576171875	0.2	828711	255	filler_word	155	70	1	delong	unexpected	a	an	mirage	ocean	68	16	6.1	3.97	As the men stumbled across the desert they thought they saw an oasis on the horizon but it turned out to be	so they continued walking.	True	Was there an oasis on the horizon?	no
1619.056640625	0.2	828957	255	filler_word	155	70	1	delong	unexpected	a	an	mirage	ocean	68	16	6.1	3.97	As the men stumbled across the desert they thought they saw an oasis on the horizon but it turned out to be	so they continued walking.	True	Was there an oasis on the horizon?	no
1619.537109375	0.2	829203	255	filler_word	155	70	1	delong	unexpected	a	an	mirage	ocean	68	16	6.1	3.97	As the men stumbled across the desert they thought they saw an oasis on the horizon but it turned out to be	so they continued walking.	True	Was there an oasis on the horizon?	no
1620.015625	0.2	829448	255	filler_word	155	70	1	delong	unexpected	a	an	mirage	ocean	68	16	6.1	3.97	As the men stumbled across the desert they thought they saw an oasis on the horizon but it turned out to be	so they continued walking.	True	Was there an oasis on the horizon?	no
1620.49609375	0.2	829694	255	filler_word	155	70	1	delong	unexpected	a	an	mirage	ocean	68	16	6.1	3.97	As the men stumbled across the desert they thought they saw an oasis on the horizon but it turned out to be	so they continued walking.	True	Was there an oasis on the horizon?	no
1620.9765625	0.2	829940	255	filler_word	155	70	1	delong	unexpected	a	an	mirage	ocean	68	16	6.1	3.97	As the men stumbled across the desert they thought they saw an oasis on the horizon but it turned out to be	so they continued walking.	True	Was there an oasis on the horizon?	no
1621.455078125	0.2	830185	255	filler_word	155	70	1	delong	unexpected	a	an	mirage	ocean	68	16	6.1	3.97	As the men stumbled across the desert they thought they saw an oasis on the horizon but it turned out to be	so they continued walking.	True	Was there an oasis on the horizon?	no
1621.935546875	0.2	830431	255	filler_word	155	70	1	delong	unexpected	a	an	mirage	ocean	68	16	6.1	3.97	As the men stumbled across the desert they thought they saw an oasis on the horizon but it turned out to be	so they continued walking.	True	Was there an oasis on the horizon?	no
1622.416015625	0.2	830677	255	filler_word	155	70	1	delong	unexpected	a	an	mirage	ocean	68	16	6.1	3.97	As the men stumbled across the desert they thought they saw an oasis on the horizon but it turned out to be	so they continued walking.	True	Was there an oasis on the horizon?	no
1622.89453125	0.2	830922	255	filler_word	155	70	1	delong	unexpected	a	an	mirage	ocean	68	16	6.1	3.97	As the men stumbled across the desert they thought they saw an oasis on the horizon but it turned out to be	so they continued walking.	True	Was there an oasis on the horizon?	no
1623.375	0.2	831168	255	filler_word	155	70	1	delong	unexpected	a	an	mirage	ocean	68	16	6.1	3.97	As the men stumbled across the desert they thought they saw an oasis on the horizon but it turned out to be	so they continued walking.	True	Was there an oasis on the horizon?	no
1623.85546875	0.2	831414	255	filler_word	155	70	1	delong	unexpected	a	an	mirage	ocean	68	16	6.1	3.97	As the men stumbled across the desert they thought they saw an oasis on the horizon but it turned out to be	so they continued walking.	True	Was there an oasis on the horizon?	no
1624.333984375	0.2	831659	255	filler_word	155	70	1	delong	unexpected	a	an	mirage	ocean	68	16	6.1	3.97	As the men stumbled across the desert they thought they saw an oasis on the horizon but it turned out to be	so they continued walking.	True	Was there an oasis on the horizon?	no
1624.814453125	0.2	831905	255	filler_word	155	70	1	delong	unexpected	a	an	mirage	ocean	68	16	6.1	3.97	As the men stumbled across the desert they thought they saw an oasis on the horizon but it turned out to be	so they continued walking.	True	Was there an oasis on the horizon?	no
1625.294921875	0.2	832151	202	an_expected	155	70	1	delong	unexpected	a	an	mirage	ocean	68	16	6.1	3.97	As the men stumbled across the desert they thought they saw an oasis on the horizon but it turned out to be	so they continued walking.	True	Was there an oasis on the horizon?	no
1625.34375	0.0	832176	95	cloze_marker	155	70	1	delong	unexpected	a	an	mirage	ocean	68	16	6.1	3.97	As the men stumbled across the desert they thought they saw an oasis on the horizon but it turned out to be	so they continued walking.	True	Was there an oasis on the horizon?	no
1625.587890625	0.0	832301	179	item_marker	156	79	1	delong	expected	an	a	alien	tourist	95	0	4.97	2.03	Bob claims to be from outer space but nobody believes that he is actually	from another planet.	True	Does Bob claim to be from Canada?	no
1625.7734375	0.2	832396	205	noun_expected	156	79	1	delong	expected	an	a	alien	tourist	95	0	4.97	2.03	Bob claims to be from outer space but nobody believes that he is actually	from another planet.	True	Does Bob claim to be from Canada?	no
1625.82421875	0.0	832422	97	cloze_marker	156	79	1	delong	expected	an	a	alien	tourist	95	0	4.97	2.03	Bob claims to be from outer space but nobody believes that he is actually	from another planet.	True	Does Bob claim to be from Canada?	no
1626.06640625	0.0	832546	179	item_marker	157	79	1	delong	expected	an	a	alien	tourist	95	0	4.97	2.03	Bob claims to be from outer space but nobody believes that he is actually	from another planet.	True	Does Bob claim to be from Canada?	no
1626.25390625	0.2	832642	255	filler_word	157	79	1	delong	expected	an	a	alien	tourist	95	0	4.97	2.03	Bob claims to be from outer space but nobody believes that he is actually	from another planet.	True	Does Bob claim to be from Canada?	no
1626.734375	0.2	832888	255	filler_word	157	79	1	delong	expected	an	a	alien	tourist	95	0	4.97	2.03	Bob claims to be from outer space but nobody believes that he is actually	from another planet.	True	Does Bob claim to be from Canada?	no
1627.212890625	0.2	833133	207	final_expected	157	79	1	delong	expected	an	a	alien	tourist	95	0	4.97	2.03	Bob claims to be from outer space but nobody believes that he is actually	from another planet.	True	Does Bob claim to be from Canada?	no
1633.3984375	0.2	836300	255	filler_word	157	79	1	delong	expected	an	a	alien	tourist	95	0	4.97	2.03	Bob claims to be from outer space but nobody believes that he is actually	from another planet.	True	Does Bob claim to be from Canada?	no
1633.876953125	0.2	836545	255	filler_word	157	79	1	delong	expected	an	a	alien	tourist	95	0	4.97	2.03	Bob claims to be from outer space but nobody believes that he is actually	from another planet.	True	Does Bob claim to be from Canada?	no
1634.357421875	0.2	836791	255	filler_word	157	79	1	delong	expected	an	a	alien	tourist	95	0	4.97	2.03	Bob claims to be from outer space but nobody believes that he is actually	from another planet.	True	Does Bob claim to be from Canada?	no
1634.837890625	0.2	837037	255	filler_word	157	79	1	delong	expected	an	a	alien	tourist	95	0	4.97	2.03	Bob claims to be from outer space but nobody believes that he is actually	from another planet.	True	Does Bob claim to be from Canada?	no
1635.31640625	0.2	837282	255	filler_word	157	79	1	delong	expected	an	a	alien	tourist	95	0	4.97	2.03	Bob claims to be from outer space but nobody believes that he is actually	from another planet.	True	Does Bob claim to be from Canada?	no
1635.796875	0.2	837528	255	filler_word	157	79	1	delong	expected	an	a	alien	tourist	95	0	4.97	2.03	Bob claims to be from outer space but nobody believes that he is actually	from another planet.	True	Does Bob claim to be from Canada?	no
1636.27734375	0.2	837774	255	filler_word	157	79	1	delong	expected	an	a	alien	tourist	95	0	4.97	2.03	Bob claims to be from outer space but nobody believes that he is actually	from another planet.	True	Does Bob claim to be from Canada?	no
1636.755859375	0.2	838019	255	filler_word	157	79	1	delong	expected	an	a	alien	tourist	95	0	4.97	2.03	Bob claims to be from outer space but nobody believes that he is actually	from another planet.	True	Does Bob claim to be from Canada?	no
1637.236328125	0.2	838265	255	filler_word	157	79	1	delong	expected	an	a	alien	tourist	95	0	4.97	2.03	Bob claims to be from outer space but nobody believes that he is actually	from another planet.	True	Does Bob claim to be from Canada?	no
1637.716796875	0.2	838511	255	filler_word	157	79	1	delong	expected	an	a	alien	tourist	95	0	4.97	2.03	Bob claims to be from outer space but nobody believes that he is actually	from another planet.	True	Does Bob claim to be from Canada?	no
1638.1953125	0.2	838756	255	filler_word	157	79	1	delong	expected	an	a	alien	tourist	95	0	4.97	2.03	Bob claims to be from outer space but nobody believes that he is actually	from another planet.	True	Does Bob claim to be from Canada?	no
1638.67578125	0.2	839002	255	filler_word	157	79	1	delong	expected	an	a	alien	tourist	95	0	4.97	2.03	Bob claims to be from outer space but nobody believes that he is actually	from another planet.	True	Does Bob claim to be from Canada?	no
1639.15625	0.2	839248	255	filler_word	157	79	1	delong	expected	an	a	alien	tourist	95	0	4.97	2.03	Bob claims to be from outer space but nobody believes that he is actually	from another planet.	True	Does Bob claim to be from Canada?	no
1639.634765625	0.2	839493	255	filler_word	157	79	1	delong	expected	an	a	alien	tourist	95	0	4.97	2.03	Bob claims to be from outer space but nobody believes that he is actually	from another planet.	True	Does Bob claim to be from Canada?	no
1640.115234375	0.2	839739	255	filler_word	157	79	1	delong	expected	an	a	alien	tourist	95	0	4.97	2.03	Bob claims to be from outer space but nobody believes that he is actually	from another planet.	True	Does Bob claim to be from Canada?	no
1640.595703125	0.2	839985	201	a_expected	157	79	1	delong	expected	an	a	alien	tourist	95	0	4.97	2.03	Bob claims to be from outer space but nobody believes that he is actually	from another planet.	True	Does Bob claim to be from Canada?	no
1640.64453125	0.0	840010	73	cloze_marker	157	79	1	delong	expected	an	a	alien	tourist	95	0	4.97	2.03	Bob claims to be from outer space but nobody believes that he is actually	from another planet.	True	Does Bob claim to be from Canada?	no
1640.888671875	0.0	840135	172	item_marker	158	72	1	delong	expected	a	an	compliment	order	73	0	5.97	3.68	Marcy did not deal well with praise and had never really learned how to take	even from her friends.	False	n/a	n/a
1641.07421875	0.2	840230	205	noun_expected	158	72	1	delong	expected	a	an	compliment	order	73	0	5.97	3.68	Marcy did not deal well with praise and had never really learned how to take	even from her friends.	False	n/a	n/a
1641.125	0.0	840256	90	cloze_marker	158	72	1	delong	expected	a	an	compliment	order	73	0	5.97	3.68	Marcy did not deal well with praise and had never really learned how to take	even from her friends.	False	n/a	n/a
1641.369140625	0.0	840381	172	item_marker	159	72	1	delong	expected	a	an	compliment	order	73	0	5.97	3.68	Marcy did not deal well with praise and had never really learned how to take	even from her friends.	False	n/a	n/a
1641.5546875	0.2	840476	255	filler_word	159	72	1	delong	expected	a	an	compliment	order	73	0	5.97	3.68	Marcy did not deal well with praise and had never really learned how to take	even from her friends.	False	n/a	n/a
1642.03515625	0.2	840722	255	filler_word	159	72	1	delong	expected	a	an	compliment	order	73	0	5.97	3.68	Marcy did not deal well with praise and had never really learned how to take	even from her friends.	False	n/a	n/a
1642.513671875	0.2	840967	255	filler_word	159	72	1	delong	expected	a	an	compliment	order	73	0	5.97	3.68	Marcy did not deal well with praise and had never really learned how to take	even from her friends.	False	n/a	n/a
1642.994140625	0.2	841213	207	final_expected	159	72	1	delong	expected	a	an	compliment	order	73	0	5.97	3.68	Marcy did not deal well with praise and had never really learned how to take	even from her friends.	False	n/a	n/a
1720.525390625	0.2	880909	255	filler_word	159	72	1	delong	expected	a	an	compliment	order	73	0	5.97	3.68	Marcy did not deal well with praise and had never really learned how to take	even from her friends.	False	n/a	n/a
1721.005859375	0.2	881155	255	filler_word	159	72	1	delong	expected	a	an	compliment	order	73	0	5.97	3.68	Marcy did not deal well with praise and had never really learned how to take	even from her friends.	False	n/a	n/a
1721.486328125	0.2	881401	255	filler_word	159	72	1	delong	expected	a	an	compliment	order	73	0	5.97	3.68	Marcy did not deal well with praise and had never really learned how to take	even from her friends.	False	n/a	n/a
1721.96484375	0.2	881646	255	filler_word	159	72	1	delong	expected	a	an	compliment	order	73	0	5.97	3.68	Marcy did not deal well with praise and had never really learned how to take	even from her friends.	False	n/a	n/a
1722.4453125	0.2	881892	255	filler_word	159	72	1	delong	expected	a	an	compliment	order	73	0	5.97	3.68	Marcy did not deal well with praise and had never really learned how to take	even from her friends.	False	n/a	n/a
1722.92578125	0.2	882138	255	filler_word	159	72	1	delong	expected	a	an	compliment	order	73	0	5.97	3.68	Marcy did not deal well with praise and had never really learned how to take	even from her friends.	False	n/a	n/a
1723.40625	0.2	882384	211	control_incorrect	159	72	1	delong	expected	a	an	compliment	order	73	0	5.97	3.68	Marcy did not deal well with praise and had never really learned how to take	even from her friends.	False	n/a	n/a
1723.69921875	0.0	882534	114	item_marker	160	14	1	delong	unexpected	a	an	student	artist	73	5	5.67	3.81	Betsy had no desire to enter the working world, so decided to stay at the university and remain	for a few more semesters.	True	Did Betsy find a job?	no
1723.884765625	0.2	882629	255	filler_word	160	14	1	delong	unexpected	a	an	student	artist	73	5	5.67	3.81	Betsy had no desire to enter the working world, so decided to stay at the university and remain	for a few more semesters.	True	Did Betsy find a job?	no
1724.365234375	0.2	882875	255	filler_word	160	14	1	delong	unexpected	a	an	student	artist	73	5	5.67	3.81	Betsy had no desire to enter the working world, so decided to stay at the university and remain	for a few more semesters.	True	Did Betsy find a job?	no
1727.77734375	0.2	884622	255	filler_word	160	14	1	delong	unexpected	a	an	student	artist	73	5	5.67	3.81	Betsy had no desire to enter the working world, so decided to stay at the university and remain	for a few more semesters.	True	Did Betsy find a job?	no
1728.2578125	0.2	884868	255	filler_word	160	14	1	delong	unexpected	a	an	student	artist	73	5	5.67	3.81	Betsy had no desire to enter the working world, so decided to stay at the university and remain	for a few more semesters.	True	Did Betsy find a job?	no
1728.736328125	0.2	885113	255	filler_word	160	14	1	delong	unexpected	a	an	student	artist	73	5	5.67	3.81	Betsy had no desire to enter the working world, so decided to stay at the university and remain	for a few more semesters.	True	Did Betsy find a job?	no
1729.216796875	0.2	885359	255	filler_word	160	14	1	delong	unexpected	a	an	student	artist	73	5	5.67	3.81	Betsy had no desire to enter the working world, so decided to stay at the university and remain	for a few more semesters.	True	Did Betsy find a job?	no
1729.697265625	0.2	885605	255	filler_word	160	14	1	delong	unexpected	a	an	student	artist	73	5	5.67	3.81	Betsy had no desire to enter the working world, so decided to stay at the university and remain	for a few more semesters.	True	Did Betsy find a job?	no
1730.17578125	0.2	885850	210	control_correct	160	14	1	delong	unexpected	a	an	student	artist	73	5	5.67	3.81	Betsy had no desire to enter the working world, so decided to stay at the university and remain	for a few more semesters.	True	Did Betsy find a job?	no
1730.46875	0.0	886000	128	item_marker	161	28	1	delong	expected	a	an	race	accident	61	36	5.42	3.2	When we saw the finish line and the pylons sectioning off part of the road we knew that there must have been	earlier that day.	False	n/a	n/a
1730.65625	0.2	886096	255	filler_word	161	28	1	delong	expected	a	an	race	accident	61	36	5.42	3.2	When we saw the finish line and the pylons sectioning off part of the road we knew that there must have been	earlier that day.	False	n/a	n/a
1734.001953125	0.2	887809	255	filler_word	161	28	1	delong	expected	a	an	race	accident	61	36	5.42	3.2	When we saw the finish line and the pylons sectioning off part of the road we knew that there must have been	earlier that day.	False	n/a	n/a
1734.48046875	0.2	888054	255	filler_word	161	28	1	delong	expected	a	an	race	accident	61	36	5.42	3.2	When we saw the finish line and the pylons sectioning off part of the road we knew that there must have been	earlier that day.	False	n/a	n/a
1734.9609375	0.2	888300	255	filler_word	161	28	1	delong	expected	a	an	race	accident	61	36	5.42	3.2	When we saw the finish line and the pylons sectioning off part of the road we knew that there must have been	earlier that day.	False	n/a	n/a
1735.44140625	0.2	888546	255	filler_word	161	28	1	delong	expected	a	an	race	accident	61	36	5.42	3.2	When we saw the finish line and the pylons sectioning off part of the road we knew that there must have been	earlier that day.	False	n/a	n/a
1735.919921875	0.2	888791	255	filler_word	161	28	1	delong	expected	a	an	race	accident	61	36	5.42	3.2	When we saw the finish line and the pylons sectioning off part of the road we knew that there must have been	earlier that day.	False	n/a	n/a
1736.400390625	0.2	889037	210	control_correct	161	28	1	delong	expected	a	an	race	accident	61	36	5.42	3.2	When we saw the finish line and the pylons sectioning off part of the road we knew that there must have been	earlier that day.	False	n/a	n/a
1736.693359375	0.0	889187	116	item_marker	162	16	1	delong	expected	a	an	book	education	75	2	6.48	2.27	James is an avid reader, so for his birthday his sister decided to give him	about Africa.	False	n/a	n/a
1736.880859375	0.2	889283	255	filler_word	162	16	1	delong	expected	a	an	book	education	75	2	6.48	2.27	James is an avid reader, so for his birthday his sister decided to give him	about Africa.	False	n/a	n/a
1737.359375	0.2	889528	255	filler_word	162	16	1	delong	expected	a	an	book	education	75	2	6.48	2.27	James is an avid reader, so for his birthday his sister decided to give him	about Africa.	False	n/a	n/a
1742.9453125	0.2	892388	255	filler_word	162	16	1	delong	expected	a	an	book	education	75	2	6.48	2.27	James is an avid reader, so for his birthday his sister decided to give him	about Africa.	False	n/a	n/a
1743.423828125	0.2	892633	255	filler_word	162	16	1	delong	expected	a	an	book	education	75	2	6.48	2.27	James is an avid reader, so for his birthday his sister decided to give him	about Africa.	False	n/a	n/a
1743.904296875	0.2	892879	255	filler_word	162	16	1	delong	expected	a	an	book	education	75	2	6.48	2.27	James is an avid reader, so for his birthday his sister decided to give him	about Africa.	False	n/a	n/a
1744.384765625	0.2	893125	255	filler_word	162	16	1	delong	expected	a	an	book	education	75	2	6.48	2.27	James is an avid reader, so for his birthday his sister decided to give him	about Africa.	False	n/a	n/a
1744.86328125	0.2	893370	210	control_correct	162	16	1	delong	expected	a	an	book	education	75	2	6.48	2.27	James is an avid reader, so for his birthday his sister decided to give him	about Africa.	False	n/a	n/a
1745.158203125	0.0	893521	131	item_marker	163	31	1	delong	expected	an	a	invitation	message	73	11	5.5	4.74	Sue had wanted to go to Tim's birthday party but she was still waiting for	from him.	False	n/a	n/a
1745.34375	0.2	893616	255	filler_word	163	31	1	delong	expected	an	a	invitation	message	73	11	5.5	4.74	Sue had wanted to go to Tim's birthday party but she was still waiting for	from him.	False	n/a	n/a
1745.82421875	0.2	893862	255	filler_word	163	31	1	delong	expected	an	a	invitation	message	73	11	5.5	4.74	Sue had wanted to go to Tim's birthday party but she was still waiting for	from him.	False	n/a	n/a
1746.302734375	0.2	894107	255	filler_word	163	31	1	delong	expected	an	a	invitation	message	73	11	5.5	4.74	Sue had wanted to go to Tim's birthday party but she was still waiting for	from him.	False	n/a	n/a
1750.875	0.2	896448	255	filler_word	163	31	1	delong	expected	an	a	invitation	message	73	11	5.5	4.74	Sue had wanted to go to Tim's birthday party but she was still waiting for	from him.	False	n/a	n/a
1751.35546875	0.2	896694	255	filler_word	163	31	1	delong	expected	an	a	invitation	message	73	11	5.5	4.74	Sue had wanted to go to Tim's birthday party but she was still waiting for	from him.	False	n/a	n/a
1751.8359375	0.2	896940	255	filler_word	163	31	1	delong	expected	an	a	invitation	message	73	11	5.5	4.74	Sue had wanted to go to Tim's birthday party but she was still waiting for	from him.	False	n/a	n/a
1752.314453125	0.2	897185	210	control_correct	163	31	1	delong	expected	an	a	invitation	message	73	11	5.5	4.74	Sue had wanted to go to Tim's birthday party but she was still waiting for	from him.	False	n/a	n/a
1752.607421875	0.0	897335	127	item_marker	164	27	1	delong	expected	an	a	accident	race	70	27	5.45	2.3	No matter how safely you drive your car chances are someday you'll be involved in	with another vehicle.	False	n/a	n/a
1752.794921875	0.2	897431	255	filler_word	164	27	1	delong	expected	an	a	accident	race	70	27	5.45	2.3	No matter how safely you drive your car chances are someday you'll be involved in	with another vehicle.	False	n/a	n/a
1753.275390625	0.2	897677	255	filler_word	164	27	1	delong	expected	an	a	accident	race	70	27	5.45	2.3	No matter how safely you drive your car chances are someday you'll be involved in	with another vehicle.	False	n/a	n/a
1753.75390625	0.2	897922	255	filler_word	164	27	1	delong	expected	an	a	accident	race	70	27	5.45	2.3	No matter how safely you drive your car chances are someday you'll be involved in	with another vehicle.	False	n/a	n/a
1756.953125	0.2	899560	255	filler_word	164	27	1	delong	expected	an	a	accident	race	70	27	5.45	2.3	No matter how safely you drive your car chances are someday you'll be involved in	with another vehicle.	False	n/a	n/a
1757.43359375	0.2	899806	255	filler_word	164	27	1	delong	expected	an	a	accident	race	70	27	5.45	2.3	No matter how safely you drive your car chances are someday you'll be involved in	with another vehicle.	False	n/a	n/a
1757.912109375	0.2	900051	255	filler_word	164	27	1	delong	expected	an	a	accident	race	70	27	5.45	2.3	No matter how safely you drive your car chances are someday you'll be involved in	with another vehicle.	False	n/a	n/a
1758.392578125	0.2	900297	210	control_correct	164	27	1	delong	expected	an	a	accident	race	70	27	5.45	2.3	No matter how safely you drive your car chances are someday you'll be involved in	with another vehicle.	False	n/a	n/a
1758.685546875	0.0	900447	108	item_marker	165	8	1	delong	expected	a	an	kite	aeroplane	61	0	6.06	2.93	The day was breezy so the boy went outside to fly	in the park.	True	Was the day breezy?	yes
1758.873046875	0.2	900543	255	filler_word	165	8	1	delong	expected	a	an	kite	aeroplane	61	0	6.06	2.93	The day was breezy so the boy went outside to fly	in the park.	True	Was the day breezy?	yes
1759.3515625	0.2	900788	255	filler_word	165	8	1	delong	expected	a	an	kite	aeroplane	61	0	6.06	2.93	The day was breezy so the boy went outside to fly	in the park.	True	Was the day breezy?	yes
1759.83203125	0.2	901034	255	filler_word	165	8	1	delong	expected	a	an	kite	aeroplane	61	0	6.06	2.93	The day was breezy so the boy went outside to fly	in the park.	True	Was the day breezy?	yes
1762.791015625	0.2	902549	255	filler_word	165	8	1	delong	expected	a	an	kite	aeroplane	61	0	6.06	2.93	The day was breezy so the boy went outside to fly	in the park.	True	Was the day breezy?	yes
1763.271484375	0.2	902795	255	filler_word	165	8	1	delong	expected	a	an	kite	aeroplane	61	0	6.06	2.93	The day was breezy so the boy went outside to fly	in the park.	True	Was the day breezy?	yes
1763.75	0.2	903040	255	filler_word	165	8	1	delong	expected	a	an	kite	aeroplane	61	0	6.06	2.93	The day was breezy so the boy went outside to fly	in the park.	True	Was the day breezy?	yes
1764.23046875	0.2	903286	255	filler_word	165	8	1	delong	expected	a	an	kite	aeroplane	61	0	6.06	2.93	The day was breezy so the boy went outside to fly	in the park.	True	Was the day breezy?	yes
1764.7109375	0.2	903532	255	filler_word	165	8	1	delong	expected	a	an	kite	aeroplane	61	0	6.06	2.93	The day was breezy so the boy went outside to fly	in the park.	True	Was the day breezy?	yes
1765.189453125	0.2	903777	211	control_incorrect	165	8	1	delong	expected	a	an	kite	aeroplane	61	0	6.06	2.93	The day was breezy so the boy went outside to fly	in the park.	True	Was the day breezy?	yes
1765.482421875	0.0	903927	113	item_marker	166	13	1	delong	unexpected	an	a	artist	student	61	36	5.73	5.23	On a street corner in Paris Kim had her portrait painted by	for three euros.	False	n/a	n/a
1765.669921875	0.2	904023	255	filler_word	166	13	1	delong	unexpected	an	a	artist	student	61	36	5.73	5.23	On a street corner in Paris Kim had her portrait painted by	for three euros.	False	n/a	n/a
1766.150390625	0.2	904269	255	filler_word	166	13	1	delong	unexpected	an	a	artist	student	61	36	5.73	5.23	On a street corner in Paris Kim had her portrait painted by	for three euros.	False	n/a	n/a
1769.642578125	0.2	906057	255	filler_word	166	13	1	delong	unexpected	an	a	artist	student	61	36	5.73	5.23	On a street corner in Paris Kim had her portrait painted by	for three euros.	False	n/a	n/a
1770.12109375	0.2	906302	255	filler_word	166	13	1	delong	unexpected	an	a	artist	student	61	36	5.73	5.23	On a street corner in Paris Kim had her portrait painted by	for three euros.	False	n/a	n/a
1770.6015625	0.2	906548	255	filler_word	166	13	1	delong	unexpected	an	a	artist	student	61	36	5.73	5.23	On a street corner in Paris Kim had her portrait painted by	for three euros.	False	n/a	n/a
1771.08203125	0.2	906794	210	control_correct	166	13	1	delong	unexpected	an	a	artist	student	61	36	5.73	5.23	On a street corner in Paris Kim had her portrait painted by	for three euros.	False	n/a	n/a
1771.375	0.0	906944	119	item_marker	167	19	1	delong	expected	an	a	affair	fight	98	2	6.52	2.07	When her husband started staying late at the office every night, Joanne began to suspect that he was having	with someone at work.	False	n/a	n/a
1771.560546875	0.2	907039	255	filler_word	167	19	1	delong	expected	an	a	affair	fight	98	2	6.52	2.07	When her husband started staying late at the office every night, Joanne began to suspect that he was having	with someone at work.	False	n/a	n/a
1772.041015625	0.2	907285	255	filler_word	167	19	1	delong	expected	an	a	affair	fight	98	2	6.52	2.07	When her husband started staying late at the office every night, Joanne began to suspect that he was having	with someone at work.	False	n/a	n/a
1772.521484375	0.2	907531	255	filler_word	167	19	1	delong	expected	an	a	affair	fight	98	2	6.52	2.07	When her husband started staying late at the office every night, Joanne began to suspect that he was having	with someone at work.	False	n/a	n/a
1776.892578125	0.2	909769	255	filler_word	167	19	1	delong	expected	an	a	affair	fight	98	2	6.52	2.07	When her husband started staying late at the office every night, Joanne began to suspect that he was having	with someone at work.	False	n/a	n/a
1777.373046875	0.2	910015	255	filler_word	167	19	1	delong	expected	an	a	affair	fight	98	2	6.52	2.07	When her husband started staying late at the office every night, Joanne began to suspect that he was having	with someone at work.	False	n/a	n/a
1777.8515625	0.2	910260	255	filler_word	167	19	1	delong	expected	an	a	affair	fight	98	2	6.52	2.07	When her husband started staying late at the office every night, Joanne began to suspect that he was having	with someone at work.	False	n/a	n/a
1778.33203125	0.2	910506	211	control_incorrect	167	19	1	delong	expected	an	a	affair	fight	98	2	6.52	2.07	When her husband started staying late at the office every night, Joanne began to suspect that he was having	with someone at work.	False	n/a	n/a
1778.625	0.0	910656	117	item_marker	168	17	1	delong	unexpected	an	a	election	parade	70	20	5.63	4.58	When the representative retired in the middle of his term, the state was forced to hold	in his district.	False	n/a	n/a
1778.8125	0.2	910752	255	filler_word	168	17	1	delong	unexpected	an	a	election	parade	70	20	5.63	4.58	When the representative retired in the middle of his term, the state was forced to hold	in his district.	False	n/a	n/a
1779.291015625	0.2	910997	255	filler_word	168	17	1	delong	unexpected	an	a	election	parade	70	20	5.63	4.58	When the representative retired in the middle of his term, the state was forced to hold	in his district.	False	n/a	n/a
1779.771484375	0.2	911243	255	filler_word	168	17	1	delong	unexpected	an	a	election	parade	70	20	5.63	4.58	When the representative retired in the middle of his term, the state was forced to hold	in his district.	False	n/a	n/a
1785.501953125	0.2	914177	255	filler_word	168	17	1	delong	unexpected	an	a	election	parade	70	20	5.63	4.58	When the representative retired in the middle of his term, the state was forced to hold	in his district.	False	n/a	n/a
1785.982421875	0.2	914423	255	filler_word	168	17	1	delong	unexpected	an	a	election	parade	70	20	5.63	4.58	When the representative retired in the middle of his term, the state was forced to hold	in his district.	False	n/a	n/a
1786.462890625	0.2	914669	255	filler_word	168	17	1	delong	unexpected	an	a	election	parade	70	20	5.63	4.58	When the representative retired in the middle of his term, the state was forced to hold	in his district.	False	n/a	n/a
1786.94140625	0.2	914914	255	filler_word	168	17	1	delong	unexpected	an	a	election	parade	70	20	5.63	4.58	When the representative retired in the middle of his term, the state was forced to hold	in his district.	False	n/a	n/a
1787.421875	0.2	915160	255	filler_word	168	17	1	delong	unexpected	an	a	election	parade	70	20	5.63	4.58	When the representative retired in the middle of his term, the state was forced to hold	in his district.	False	n/a	n/a
1787.90234375	0.2	915406	211	control_incorrect	168	17	1	delong	unexpected	an	a	election	parade	70	20	5.63	4.58	When the representative retired in the middle of his term, the state was forced to hold	in his district.	False	n/a	n/a
1788.1953125	0.0	915556	122	item_marker	169	22	1	delong	unexpected	a	an	pound	allowance	52	2	5.19	3.9	Andrew complained that the only place he could afford was Poundland, after his grandmother gave him	for helping her.	False	n/a	n/a
1788.380859375	0.2	915651	255	filler_word	169	22	1	delong	unexpected	a	an	pound	allowance	52	2	5.19	3.9	Andrew complained that the only place he could afford was Poundland, after his grandmother gave him	for helping her.	False	n/a	n/a
1788.861328125	0.2	915897	255	filler_word	169	22	1	delong	unexpected	a	an	pound	allowance	52	2	5.19	3.9	Andrew complained that the only place he could afford was Poundland, after his grandmother gave him	for helping her.	False	n/a	n/a
1796.392578125	0.2	919753	255	filler_word	169	22	1	delong	unexpected	a	an	pound	allowance	52	2	5.19	3.9	Andrew complained that the only place he could afford was Poundland, after his grandmother gave him	for helping her.	False	n/a	n/a
1796.87109375	0.2	919998	255	filler_word	169	22	1	delong	unexpected	a	an	pound	allowance	52	2	5.19	3.9	Andrew complained that the only place he could afford was Poundland, after his grandmother gave him	for helping her.	False	n/a	n/a
1797.3515625	0.2	920244	255	filler_word	169	22	1	delong	unexpected	a	an	pound	allowance	52	2	5.19	3.9	Andrew complained that the only place he could afford was Poundland, after his grandmother gave him	for helping her.	False	n/a	n/a
1797.83203125	0.2	920490	211	control_incorrect	169	22	1	delong	unexpected	a	an	pound	allowance	52	2	5.19	3.9	Andrew complained that the only place he could afford was Poundland, after his grandmother gave him	for helping her.	False	n/a	n/a
1798.125	0.0	920640	133	item_marker	170	33	1	delong	unexpected	an	a	elephant	bicycle	73	11	6.43	4.48	The highlight of Jack's trip to India was when he got to ride	in the parade.	False	n/a	n/a
1798.310546875	0.2	920735	255	filler_word	170	33	1	delong	unexpected	an	a	elephant	bicycle	73	11	6.43	4.48	The highlight of Jack's trip to India was when he got to ride	in the parade.	False	n/a	n/a
1798.791015625	0.2	920981	255	filler_word	170	33	1	delong	unexpected	an	a	elephant	bicycle	73	11	6.43	4.48	The highlight of Jack's trip to India was when he got to ride	in the parade.	False	n/a	n/a
1799.271484375	0.2	921227	255	filler_word	170	33	1	delong	unexpected	an	a	elephant	bicycle	73	11	6.43	4.48	The highlight of Jack's trip to India was when he got to ride	in the parade.	False	n/a	n/a
1802.91015625	0.2	923090	255	filler_word	170	33	1	delong	unexpected	an	a	elephant	bicycle	73	11	6.43	4.48	The highlight of Jack's trip to India was when he got to ride	in the parade.	False	n/a	n/a
1803.388671875	0.2	923335	255	filler_word	170	33	1	delong	unexpected	an	a	elephant	bicycle	73	11	6.43	4.48	The highlight of Jack's trip to India was when he got to ride	in the parade.	False	n/a	n/a
1803.869140625	0.2	923581	255	filler_word	170	33	1	delong	unexpected	an	a	elephant	bicycle	73	11	6.43	4.48	The highlight of Jack's trip to India was when he got to ride	in the parade.	False	n/a	n/a
1804.349609375	0.2	923827	210	control_correct	170	33	1	delong	unexpected	an	a	elephant	bicycle	73	11	6.43	4.48	The highlight of Jack's trip to India was when he got to ride	in the parade.	False	n/a	n/a
1804.642578125	0.0	923977	103	item_marker	171	3	1	delong	expected	an	a	accent	lisp	55	39	6.13	6.0	It was difficult to understand the foreign professor because he had	when he spoke.	False	n/a	n/a
1804.830078125	0.2	924073	255	filler_word	171	3	1	delong	expected	an	a	accent	lisp	55	39	6.13	6.0	It was difficult to understand the foreign professor because he had	when he spoke.	False	n/a	n/a
1805.30859375	0.2	924318	255	filler_word	171	3	1	delong	expected	an	a	accent	lisp	55	39	6.13	6.0	It was difficult to understand the foreign professor because he had	when he spoke.	False	n/a	n/a
1805.7890625	0.2	924564	255	filler_word	171	3	1	delong	expected	an	a	accent	lisp	55	39	6.13	6.0	It was difficult to understand the foreign professor because he had	when he spoke.	False	n/a	n/a
1809.6015625	0.2	926516	255	filler_word	171	3	1	delong	expected	an	a	accent	lisp	55	39	6.13	6.0	It was difficult to understand the foreign professor because he had	when he spoke.	False	n/a	n/a
1810.080078125	0.2	926761	255	filler_word	171	3	1	delong	expected	an	a	accent	lisp	55	39	6.13	6.0	It was difficult to understand the foreign professor because he had	when he spoke.	False	n/a	n/a
1810.560546875	0.2	927007	255	filler_word	171	3	1	delong	expected	an	a	accent	lisp	55	39	6.13	6.0	It was difficult to understand the foreign professor because he had	when he spoke.	False	n/a	n/a
1811.041015625	0.2	927253	255	filler_word	171	3	1	delong	expected	an	a	accent	lisp	55	39	6.13	6.0	It was difficult to understand the foreign professor because he had	when he spoke.	False	n/a	n/a
1811.51953125	0.2	927498	255	filler_word	171	3	1	delong	expected	an	a	accent	lisp	55	39	6.13	6.0	It was difficult to understand the foreign professor because he had	when he spoke.	False	n/a	n/a
1812.0	0.2	927744	210	control_correct	171	3	1	delong	expected	an	a	accent	lisp	55	39	6.13	6.0	It was difficult to understand the foreign professor because he had	when he spoke.	False	n/a	n/a
1812.29296875	0.0	927894	115	item_marker	172	15	1	delong	expected	an	a	education	book	59	27	6.23	3.17	Her grandfather always stressed how important it was for Sophia to go to school, because he had never had the opportunity to receive	while growing up.	False	n/a	n/a
1812.48046875	0.2	927990	255	filler_word	172	15	1	delong	expected	an	a	education	book	59	27	6.23	3.17	Her grandfather always stressed how important it was for Sophia to go to school, because he had never had the opportunity to receive	while growing up.	False	n/a	n/a
1812.958984375	0.2	928235	255	filler_word	172	15	1	delong	expected	an	a	education	book	59	27	6.23	3.17	Her grandfather always stressed how important it was for Sophia to go to school, because he had never had the opportunity to receive	while growing up.	False	n/a	n/a
1813.439453125	0.2	928481	255	filler_word	172	15	1	delong	expected	an	a	education	book	59	27	6.23	3.17	Her grandfather always stressed how important it was for Sophia to go to school, because he had never had the opportunity to receive	while growing up.	False	n/a	n/a
1813.919921875	0.2	928727	255	filler_word	172	15	1	delong	expected	an	a	education	book	59	27	6.23	3.17	Her grandfather always stressed how important it was for Sophia to go to school, because he had never had the opportunity to receive	while growing up.	False	n/a	n/a
1814.3984375	0.2	928972	255	filler_word	172	15	1	delong	expected	an	a	education	book	59	27	6.23	3.17	Her grandfather always stressed how important it was for Sophia to go to school, because he had never had the opportunity to receive	while growing up.	False	n/a	n/a
1818.50390625	0.2	931074	255	filler_word	172	15	1	delong	expected	an	a	education	book	59	27	6.23	3.17	Her grandfather always stressed how important it was for Sophia to go to school, because he had never had the opportunity to receive	while growing up.	False	n/a	n/a
1818.984375	0.2	931320	255	filler_word	172	15	1	delong	expected	an	a	education	book	59	27	6.23	3.17	Her grandfather always stressed how important it was for Sophia to go to school, because he had never had the opportunity to receive	while growing up.	False	n/a	n/a
1819.462890625	0.2	931565	255	filler_word	172	15	1	delong	expected	an	a	education	book	59	27	6.23	3.17	Her grandfather always stressed how important it was for Sophia to go to school, because he had never had the opportunity to receive	while growing up.	False	n/a	n/a
1819.943359375	0.2	931811	211	control_incorrect	172	15	1	delong	expected	an	a	education	book	59	27	6.23	3.17	Her grandfather always stressed how important it was for Sophia to go to school, because he had never had the opportunity to receive	while growing up.	False	n/a	n/a
1820.236328125	0.0	931961	138	item_marker	173	38	1	delong	unexpected	a	an	plumber	architect	93	0	6.1	2.1	When the pipe broke in the bathroom Felicia looked through the phonebook to find	who could come and take a look at the job.	False	n/a	n/a
1820.423828125	0.2	932057	255	filler_word	173	38	1	delong	unexpected	a	an	plumber	architect	93	0	6.1	2.1	When the pipe broke in the bathroom Felicia looked through the phonebook to find	who could come and take a look at the job.	False	n/a	n/a
1820.90234375	0.2	932302	255	filler_word	173	38	1	delong	unexpected	a	an	plumber	architect	93	0	6.1	2.1	When the pipe broke in the bathroom Felicia looked through the phonebook to find	who could come and take a look at the job.	False	n/a	n/a
1821.3828125	0.2	932548	255	filler_word	173	38	1	delong	unexpected	a	an	plumber	architect	93	0	6.1	2.1	When the pipe broke in the bathroom Felicia looked through the phonebook to find	who could come and take a look at the job.	False	n/a	n/a
1821.86328125	0.2	932794	255	filler_word	173	38	1	delong	unexpected	a	an	plumber	architect	93	0	6.1	2.1	When the pipe broke in the bathroom Felicia looked through the phonebook to find	who could come and take a look at the job.	False	n/a	n/a
1825.595703125	0.2	934705	255	filler_word	173	38	1	delong	unexpected	a	an	plumber	architect	93	0	6.1	2.1	When the pipe broke in the bathroom Felicia looked through the phonebook to find	who could come and take a look at the job.	False	n/a	n/a
1826.07421875	0.2	934950	255	filler_word	173	38	1	delong	unexpected	a	an	plumber	architect	93	0	6.1	2.1	When the pipe broke in the bathroom Felicia looked through the phonebook to find	who could come and take a look at the job.	False	n/a	n/a
1826.5546875	0.2	935196	255	filler_word	173	38	1	delong	unexpected	a	an	plumber	architect	93	0	6.1	2.1	When the pipe broke in the bathroom Felicia looked through the phonebook to find	who could come and take a look at the job.	False	n/a	n/a
1827.03515625	0.2	935442	255	filler_word	173	38	1	delong	unexpected	a	an	plumber	architect	93	0	6.1	2.1	When the pipe broke in the bathroom Felicia looked through the phonebook to find	who could come and take a look at the job.	False	n/a	n/a
1827.513671875	0.2	935687	255	filler_word	173	38	1	delong	unexpected	a	an	plumber	architect	93	0	6.1	2.1	When the pipe broke in the bathroom Felicia looked through the phonebook to find	who could come and take a look at the job.	False	n/a	n/a
1827.994140625	0.2	935933	211	control_incorrect	173	38	1	delong	unexpected	a	an	plumber	architect	93	0	6.1	2.1	When the pipe broke in the bathroom Felicia looked through the phonebook to find	who could come and take a look at the job.	False	n/a	n/a
1828.287109375	0.0	936083	137	item_marker	174	37	1	delong	unexpected	an	a	architect	plumber	82	11	5.87	3.39	Frank wanted to design a very modern house so he sought advice from	to select the fixtures.	False	n/a	n/a
1828.474609375	0.2	936179	255	filler_word	174	37	1	delong	unexpected	an	a	architect	plumber	82	11	5.87	3.39	Frank wanted to design a very modern house so he sought advice from	to select the fixtures.	False	n/a	n/a
1828.953125	0.2	936424	255	filler_word	174	37	1	delong	unexpected	an	a	architect	plumber	82	11	5.87	3.39	Frank wanted to design a very modern house so he sought advice from	to select the fixtures.	False	n/a	n/a
1829.43359375	0.2	936670	255	filler_word	174	37	1	delong	unexpected	an	a	architect	plumber	82	11	5.87	3.39	Frank wanted to design a very modern house so he sought advice from	to select the fixtures.	False	n/a	n/a
1829.9140625	0.2	936916	255	filler_word	174	37	1	delong	unexpected	an	a	architect	plumber	82	11	5.87	3.39	Frank wanted to design a very modern house so he sought advice from	to select the fixtures.	False	n/a	n/a
1834.271484375	0.2	939147	255	filler_word	174	37	1	delong	unexpected	an	a	architect	plumber	82	11	5.87	3.39	Frank wanted to design a very modern house so he sought advice from	to select the fixtures.	False	n/a	n/a
1834.751953125	0.2	939393	255	filler_word	174	37	1	delong	unexpected	an	a	architect	plumber	82	11	5.87	3.39	Frank wanted to design a very modern house so he sought advice from	to select the fixtures.	False	n/a	n/a
1835.23046875	0.2	939638	255	filler_word	174	37	1	delong	unexpected	an	a	architect	plumber	82	11	5.87	3.39	Frank wanted to design a very modern house so he sought advice from	to select the fixtures.	False	n/a	n/a
1835.7109375	0.2	939884	210	control_correct	174	37	1	delong	unexpected	an	a	architect	plumber	82	11	5.87	3.39	Frank wanted to design a very modern house so he sought advice from	to select the fixtures.	False	n/a	n/a
1836.00390625	0.0	940034	139	item_marker	175	39	1	delong	expected	an	a	infection	tattoo	93	2	6.52	1.8	Because Bart did not clean his wound properly he ended up getting	on his leg.	False	n/a	n/a
1836.19140625	0.2	940130	255	filler_word	175	39	1	delong	expected	an	a	infection	tattoo	93	2	6.52	1.8	Because Bart did not clean his wound properly he ended up getting	on his leg.	False	n/a	n/a
1836.671875	0.2	940376	255	filler_word	175	39	1	delong	expected	an	a	infection	tattoo	93	2	6.52	1.8	Because Bart did not clean his wound properly he ended up getting	on his leg.	False	n/a	n/a
1837.150390625	0.2	940621	255	filler_word	175	39	1	delong	expected	an	a	infection	tattoo	93	2	6.52	1.8	Because Bart did not clean his wound properly he ended up getting	on his leg.	False	n/a	n/a
1841.509765625	0.2	942853	255	filler_word	175	39	1	delong	expected	an	a	infection	tattoo	93	2	6.52	1.8	Because Bart did not clean his wound properly he ended up getting	on his leg.	False	n/a	n/a
1841.98828125	0.2	943098	255	filler_word	175	39	1	delong	expected	an	a	infection	tattoo	93	2	6.52	1.8	Because Bart did not clean his wound properly he ended up getting	on his leg.	False	n/a	n/a
1842.46875	0.2	943344	255	filler_word	175	39	1	delong	expected	an	a	infection	tattoo	93	2	6.52	1.8	Because Bart did not clean his wound properly he ended up getting	on his leg.	False	n/a	n/a
1842.94921875	0.2	943590	255	filler_word	175	39	1	delong	expected	an	a	infection	tattoo	93	2	6.52	1.8	Because Bart did not clean his wound properly he ended up getting	on his leg.	False	n/a	n/a
1843.427734375	0.2	943835	211	control_incorrect	175	39	1	delong	expected	an	a	infection	tattoo	93	2	6.52	1.8	Because Bart did not clean his wound properly he ended up getting	on his leg.	False	n/a	n/a
1843.72265625	0.0	943986	121	item_marker	176	21	1	delong	unexpected	an	a	allowance	pound	60	9	6.29	4.3	Instead of giving her money whenever she asked for it, Rachel's father thought that it would be a real lesson in economics for her if every week she received	to spend as she wished.	False	n/a	n/a
1843.908203125	0.2	944081	255	filler_word	176	21	1	delong	unexpected	an	a	allowance	pound	60	9	6.29	4.3	Instead of giving her money whenever she asked for it, Rachel's father thought that it would be a real lesson in economics for her if every week she received	to spend as she wished.	False	n/a	n/a
1844.388671875	0.2	944327	255	filler_word	176	21	1	delong	unexpected	an	a	allowance	pound	60	9	6.29	4.3	Instead of giving her money whenever she asked for it, Rachel's father thought that it would be a real lesson in economics for her if every week she received	to spend as she wished.	False	n/a	n/a
1844.8671875	0.2	944572	255	filler_word	176	21	1	delong	unexpected	an	a	allowance	pound	60	9	6.29	4.3	Instead of giving her money whenever she asked for it, Rachel's father thought that it would be a real lesson in economics for her if every week she received	to spend as she wished.	False	n/a	n/a
1845.34765625	0.2	944818	255	filler_word	176	21	1	delong	unexpected	an	a	allowance	pound	60	9	6.29	4.3	Instead of giving her money whenever she asked for it, Rachel's father thought that it would be a real lesson in economics for her if every week she received	to spend as she wished.	False	n/a	n/a
1848.87890625	0.2	946626	255	filler_word	176	21	1	delong	unexpected	an	a	allowance	pound	60	9	6.29	4.3	Instead of giving her money whenever she asked for it, Rachel's father thought that it would be a real lesson in economics for her if every week she received	to spend as she wished.	False	n/a	n/a
1849.359375	0.2	946872	255	filler_word	176	21	1	delong	unexpected	an	a	allowance	pound	60	9	6.29	4.3	Instead of giving her money whenever she asked for it, Rachel's father thought that it would be a real lesson in economics for her if every week she received	to spend as she wished.	False	n/a	n/a
1849.83984375	0.2	947118	255	filler_word	176	21	1	delong	unexpected	an	a	allowance	pound	60	9	6.29	4.3	Instead of giving her money whenever she asked for it, Rachel's father thought that it would be a real lesson in economics for her if every week she received	to spend as she wished.	False	n/a	n/a
1850.318359375	0.2	947363	255	filler_word	176	21	1	delong	unexpected	an	a	allowance	pound	60	9	6.29	4.3	Instead of giving her money whenever she asked for it, Rachel's father thought that it would be a real lesson in economics for her if every week she received	to spend as she wished.	False	n/a	n/a
1850.798828125	0.2	947609	211	control_incorrect	176	21	1	delong	unexpected	an	a	allowance	pound	60	9	6.29	4.3	Instead of giving her money whenever she asked for it, Rachel's father thought that it would be a real lesson in economics for her if every week she received	to spend as she wished.	False	n/a	n/a
1851.091796875	0.0	947759	102	item_marker	177	2	1	delong	unexpected	a	an	carrot	apple	98	0	6.35	2.83	For the snowman's eyes the children used two pieces of coal, and for its nose they used	from the fridge.	True	Did they build a snowman?	yes
1851.279296875	0.2	947855	255	filler_word	177	2	1	delong	unexpected	a	an	carrot	apple	98	0	6.35	2.83	For the snowman's eyes the children used two pieces of coal, and for its nose they used	from the fridge.	True	Did they build a snowman?	yes
1851.7578125	0.2	948100	255	filler_word	177	2	1	delong	unexpected	a	an	carrot	apple	98	0	6.35	2.83	For the snowman's eyes the children used two pieces of coal, and for its nose they used	from the fridge.	True	Did they build a snowman?	yes
1852.23828125	0.2	948346	255	filler_word	177	2	1	delong	unexpected	a	an	carrot	apple	98	0	6.35	2.83	For the snowman's eyes the children used two pieces of coal, and for its nose they used	from the fridge.	True	Did they build a snowman?	yes
1855.263671875	0.2	949895	255	filler_word	177	2	1	delong	unexpected	a	an	carrot	apple	98	0	6.35	2.83	For the snowman's eyes the children used two pieces of coal, and for its nose they used	from the fridge.	True	Did they build a snowman?	yes
1855.744140625	0.2	950141	255	filler_word	177	2	1	delong	unexpected	a	an	carrot	apple	98	0	6.35	2.83	For the snowman's eyes the children used two pieces of coal, and for its nose they used	from the fridge.	True	Did they build a snowman?	yes
1856.224609375	0.2	950387	255	filler_word	177	2	1	delong	unexpected	a	an	carrot	apple	98	0	6.35	2.83	For the snowman's eyes the children used two pieces of coal, and for its nose they used	from the fridge.	True	Did they build a snowman?	yes
1856.703125	0.2	950632	255	filler_word	177	2	1	delong	unexpected	a	an	carrot	apple	98	0	6.35	2.83	For the snowman's eyes the children used two pieces of coal, and for its nose they used	from the fridge.	True	Did they build a snowman?	yes
1857.18359375	0.2	950878	211	control_incorrect	177	2	1	delong	unexpected	a	an	carrot	apple	98	0	6.35	2.83	For the snowman's eyes the children used two pieces of coal, and for its nose they used	from the fridge.	True	Did they build a snowman?	yes
1857.4765625	0.0	951028	105	item_marker	178	5	1	delong	unexpected	an	a	apology	cheque	89	0	6.23	3.77	Dale was very sorry for what he had said to Bernadette and he knew that he owed her	because she was still upset.	True	Was Dale sorry?	yes
1857.6640625	0.2	951124	255	filler_word	178	5	1	delong	unexpected	an	a	apology	cheque	89	0	6.23	3.77	Dale was very sorry for what he had said to Bernadette and he knew that he owed her	because she was still upset.	True	Was Dale sorry?	yes
1858.142578125	0.2	951369	255	filler_word	178	5	1	delong	unexpected	an	a	apology	cheque	89	0	6.23	3.77	Dale was very sorry for what he had said to Bernadette and he knew that he owed her	because she was still upset.	True	Was Dale sorry?	yes
1858.623046875	0.2	951615	255	filler_word	178	5	1	delong	unexpected	an	a	apology	cheque	89	0	6.23	3.77	Dale was very sorry for what he had said to Bernadette and he knew that he owed her	because she was still upset.	True	Was Dale sorry?	yes
1866.47265625	0.2	955634	255	filler_word	178	5	1	delong	unexpected	an	a	apology	cheque	89	0	6.23	3.77	Dale was very sorry for what he had said to Bernadette and he knew that he owed her	because she was still upset.	True	Was Dale sorry?	yes
1866.953125	0.2	955880	255	filler_word	178	5	1	delong	unexpected	an	a	apology	cheque	89	0	6.23	3.77	Dale was very sorry for what he had said to Bernadette and he knew that he owed her	because she was still upset.	True	Was Dale sorry?	yes
1867.43359375	0.2	956126	255	filler_word	178	5	1	delong	unexpected	an	a	apology	cheque	89	0	6.23	3.77	Dale was very sorry for what he had said to Bernadette and he knew that he owed her	because she was still upset.	True	Was Dale sorry?	yes
1867.912109375	0.2	956371	255	filler_word	178	5	1	delong	unexpected	an	a	apology	cheque	89	0	6.23	3.77	Dale was very sorry for what he had said to Bernadette and he knew that he owed her	because she was still upset.	True	Was Dale sorry?	yes
1868.392578125	0.2	956617	255	filler_word	178	5	1	delong	unexpected	an	a	apology	cheque	89	0	6.23	3.77	Dale was very sorry for what he had said to Bernadette and he knew that he owed her	because she was still upset.	True	Was Dale sorry?	yes
1868.873046875	0.2	956863	255	filler_word	178	5	1	delong	unexpected	an	a	apology	cheque	89	0	6.23	3.77	Dale was very sorry for what he had said to Bernadette and he knew that he owed her	because she was still upset.	True	Was Dale sorry?	yes
1869.3515625	0.2	957108	255	filler_word	178	5	1	delong	unexpected	an	a	apology	cheque	89	0	6.23	3.77	Dale was very sorry for what he had said to Bernadette and he knew that he owed her	because she was still upset.	True	Was Dale sorry?	yes
1869.83203125	0.2	957354	210	control_correct	178	5	1	delong	unexpected	an	a	apology	cheque	89	0	6.23	3.77	Dale was very sorry for what he had said to Bernadette and he knew that he owed her	because she was still upset.	True	Was Dale sorry?	yes
1870.125	0.0	957504	135	item_marker	179	35	1	delong	expected	an	a	umbrella	newspaper	93	5	6.29	2.3	Because it frequently rains in London it's a good idea to always carry	with you.	False	n/a	n/a
1870.3125	0.2	957600	255	filler_word	179	35	1	delong	expected	an	a	umbrella	newspaper	93	5	6.29	2.3	Because it frequently rains in London it's a good idea to always carry	with you.	False	n/a	n/a
1870.791015625	0.2	957845	255	filler_word	179	35	1	delong	expected	an	a	umbrella	newspaper	93	5	6.29	2.3	Because it frequently rains in London it's a good idea to always carry	with you.	False	n/a	n/a
1874.75	0.2	959872	255	filler_word	179	35	1	delong	expected	an	a	umbrella	newspaper	93	5	6.29	2.3	Because it frequently rains in London it's a good idea to always carry	with you.	False	n/a	n/a
1875.23046875	0.2	960118	255	filler_word	179	35	1	delong	expected	an	a	umbrella	newspaper	93	5	6.29	2.3	Because it frequently rains in London it's a good idea to always carry	with you.	False	n/a	n/a
1875.7109375	0.2	960364	255	filler_word	179	35	1	delong	expected	an	a	umbrella	newspaper	93	5	6.29	2.3	Because it frequently rains in London it's a good idea to always carry	with you.	False	n/a	n/a
1876.189453125	0.2	960609	255	filler_word	179	35	1	delong	expected	an	a	umbrella	newspaper	93	5	6.29	2.3	Because it frequently rains in London it's a good idea to always carry	with you.	False	n/a	n/a
1876.669921875	0.2	960855	211	control_incorrect	179	35	1	delong	expected	an	a	umbrella	newspaper	93	5	6.29	2.3	Because it frequently rains in London it's a good idea to always carry	with you.	False	n/a	n/a
1876.962890625	0.0	961005	125	item_marker	180	25	1	delong	unexpected	an	a	iron	hanger	59	2	6.27	4.48	Charlie's wife told him that she was tired of pressing his shirts and that he would have to learn how to use	one of these days.	False	n/a	n/a
1877.150390625	0.2	961101	255	filler_word	180	25	1	delong	unexpected	an	a	iron	hanger	59	2	6.27	4.48	Charlie's wife told him that she was tired of pressing his shirts and that he would have to learn how to use	one of these days.	False	n/a	n/a
1877.62890625	0.2	961346	255	filler_word	180	25	1	delong	unexpected	an	a	iron	hanger	59	2	6.27	4.48	Charlie's wife told him that she was tired of pressing his shirts and that he would have to learn how to use	one of these days.	False	n/a	n/a
1878.109375	0.2	961592	255	filler_word	180	25	1	delong	unexpected	an	a	iron	hanger	59	2	6.27	4.48	Charlie's wife told him that she was tired of pressing his shirts and that he would have to learn how to use	one of these days.	False	n/a	n/a
1881.2421875	0.2	963196	255	filler_word	180	25	1	delong	unexpected	an	a	iron	hanger	59	2	6.27	4.48	Charlie's wife told him that she was tired of pressing his shirts and that he would have to learn how to use	one of these days.	False	n/a	n/a
1881.720703125	0.2	963441	255	filler_word	180	25	1	delong	unexpected	an	a	iron	hanger	59	2	6.27	4.48	Charlie's wife told him that she was tired of pressing his shirts and that he would have to learn how to use	one of these days.	False	n/a	n/a
1882.201171875	0.2	963687	255	filler_word	180	25	1	delong	unexpected	an	a	iron	hanger	59	2	6.27	4.48	Charlie's wife told him that she was tired of pressing his shirts and that he would have to learn how to use	one of these days.	False	n/a	n/a
1882.681640625	0.2	963933	210	control_correct	180	25	1	delong	unexpected	an	a	iron	hanger	59	2	6.27	4.48	Charlie's wife told him that she was tired of pressing his shirts and that he would have to learn how to use	one of these days.	False	n/a	n/a
1882.974609375	0.0	964083	112	item_marker	181	12	1	delong	expected	a	an	fish	octopus	66	2	5.8	4.0	Marge hated baiting the hook, but she knew that it was the only way to catch	without using a lure.	False	n/a	n/a
1883.16015625	0.2	964178	255	filler_word	181	12	1	delong	expected	a	an	fish	octopus	66	2	5.8	4.0	Marge hated baiting the hook, but she knew that it was the only way to catch	without using a lure.	False	n/a	n/a
1883.640625	0.2	964424	255	filler_word	181	12	1	delong	expected	a	an	fish	octopus	66	2	5.8	4.0	Marge hated baiting the hook, but she knew that it was the only way to catch	without using a lure.	False	n/a	n/a
1884.12109375	0.2	964670	255	filler_word	181	12	1	delong	expected	a	an	fish	octopus	66	2	5.8	4.0	Marge hated baiting the hook, but she knew that it was the only way to catch	without using a lure.	False	n/a	n/a
1887.97265625	0.2	966642	255	filler_word	181	12	1	delong	expected	a	an	fish	octopus	66	2	5.8	4.0	Marge hated baiting the hook, but she knew that it was the only way to catch	without using a lure.	False	n/a	n/a
1888.453125	0.2	966888	255	filler_word	181	12	1	delong	expected	a	an	fish	octopus	66	2	5.8	4.0	Marge hated baiting the hook, but she knew that it was the only way to catch	without using a lure.	False	n/a	n/a
1888.931640625	0.2	967133	255	filler_word	181	12	1	delong	expected	a	an	fish	octopus	66	2	5.8	4.0	Marge hated baiting the hook, but she knew that it was the only way to catch	without using a lure.	False	n/a	n/a
1889.412109375	0.2	967379	255	filler_word	181	12	1	delong	expected	a	an	fish	octopus	66	2	5.8	4.0	Marge hated baiting the hook, but she knew that it was the only way to catch	without using a lure.	False	n/a	n/a
1889.892578125	0.2	967625	255	filler_word	181	12	1	delong	expected	a	an	fish	octopus	66	2	5.8	4.0	Marge hated baiting the hook, but she knew that it was the only way to catch	without using a lure.	False	n/a	n/a
1890.37109375	0.2	967870	210	control_correct	181	12	1	delong	expected	a	an	fish	octopus	66	2	5.8	4.0	Marge hated baiting the hook, but she knew that it was the only way to catch	without using a lure.	False	n/a	n/a
1890.6640625	0.0	968020	123	item_marker	182	23	1	delong	expected	an	a	emergency	fire	70	0	6.17	5.32	When she was filling out the paperwork, Merrill had to write down the name of someone who could be contacted in case of	while she was at work.	False	n/a	n/a
1890.8515625	0.2	968116	255	filler_word	182	23	1	delong	expected	an	a	emergency	fire	70	0	6.17	5.32	When she was filling out the paperwork, Merrill had to write down the name of someone who could be contacted in case of	while she was at work.	False	n/a	n/a
1891.33203125	0.2	968362	255	filler_word	182	23	1	delong	expected	an	a	emergency	fire	70	0	6.17	5.32	When she was filling out the paperwork, Merrill had to write down the name of someone who could be contacted in case of	while she was at work.	False	n/a	n/a
1891.810546875	0.2	968607	255	filler_word	182	23	1	delong	expected	an	a	emergency	fire	70	0	6.17	5.32	When she was filling out the paperwork, Merrill had to write down the name of someone who could be contacted in case of	while she was at work.	False	n/a	n/a
1892.291015625	0.2	968853	255	filler_word	182	23	1	delong	expected	an	a	emergency	fire	70	0	6.17	5.32	When she was filling out the paperwork, Merrill had to write down the name of someone who could be contacted in case of	while she was at work.	False	n/a	n/a
1895.3828125	0.2	970436	255	filler_word	182	23	1	delong	expected	an	a	emergency	fire	70	0	6.17	5.32	When she was filling out the paperwork, Merrill had to write down the name of someone who could be contacted in case of	while she was at work.	False	n/a	n/a
1895.86328125	0.2	970682	255	filler_word	182	23	1	delong	expected	an	a	emergency	fire	70	0	6.17	5.32	When she was filling out the paperwork, Merrill had to write down the name of someone who could be contacted in case of	while she was at work.	False	n/a	n/a
1896.341796875	0.2	970927	255	filler_word	182	23	1	delong	expected	an	a	emergency	fire	70	0	6.17	5.32	When she was filling out the paperwork, Merrill had to write down the name of someone who could be contacted in case of	while she was at work.	False	n/a	n/a
1896.822265625	0.2	971173	255	filler_word	182	23	1	delong	expected	an	a	emergency	fire	70	0	6.17	5.32	When she was filling out the paperwork, Merrill had to write down the name of someone who could be contacted in case of	while she was at work.	False	n/a	n/a
1897.302734375	0.2	971419	210	control_correct	182	23	1	delong	expected	an	a	emergency	fire	70	0	6.17	5.32	When she was filling out the paperwork, Merrill had to write down the name of someone who could be contacted in case of	while she was at work.	False	n/a	n/a
1897.595703125	0.0	971569	136	item_marker	183	36	1	delong	expected	a	an	newspaper	umbrella	75	2	5.19	3.13	As he walked past the corner drugstore on his way to work Carl skimmed the headlines and decided to go ahead and buy	when he saw what the forecast was.	True	Was Carl going to work?	yes
1897.78125	0.2	971664	255	filler_word	183	36	1	delong	expected	a	an	newspaper	umbrella	75	2	5.19	3.13	As he walked past the corner drugstore on his way to work Carl skimmed the headlines and decided to go ahead and buy	when he saw what the forecast was.	True	Was Carl going to work?	yes
1898.26171875	0.2	971910	255	filler_word	183	36	1	delong	expected	a	an	newspaper	umbrella	75	2	5.19	3.13	As he walked past the corner drugstore on his way to work Carl skimmed the headlines and decided to go ahead and buy	when he saw what the forecast was.	True	Was Carl going to work?	yes
1901.541015625	0.2	973589	255	filler_word	183	36	1	delong	expected	a	an	newspaper	umbrella	75	2	5.19	3.13	As he walked past the corner drugstore on his way to work Carl skimmed the headlines and decided to go ahead and buy	when he saw what the forecast was.	True	Was Carl going to work?	yes
1902.021484375	0.2	973835	255	filler_word	183	36	1	delong	expected	a	an	newspaper	umbrella	75	2	5.19	3.13	As he walked past the corner drugstore on his way to work Carl skimmed the headlines and decided to go ahead and buy	when he saw what the forecast was.	True	Was Carl going to work?	yes
1902.5	0.2	974080	255	filler_word	183	36	1	delong	expected	a	an	newspaper	umbrella	75	2	5.19	3.13	As he walked past the corner drugstore on his way to work Carl skimmed the headlines and decided to go ahead and buy	when he saw what the forecast was.	True	Was Carl going to work?	yes
1902.98046875	0.2	974326	255	filler_word	183	36	1	delong	expected	a	an	newspaper	umbrella	75	2	5.19	3.13	As he walked past the corner drugstore on his way to work Carl skimmed the headlines and decided to go ahead and buy	when he saw what the forecast was.	True	Was Carl going to work?	yes
1903.4609375	0.2	974572	255	filler_word	183	36	1	delong	expected	a	an	newspaper	umbrella	75	2	5.19	3.13	As he walked past the corner drugstore on his way to work Carl skimmed the headlines and decided to go ahead and buy	when he saw what the forecast was.	True	Was Carl going to work?	yes
1903.939453125	0.2	974817	211	control_incorrect	183	36	1	delong	expected	a	an	newspaper	umbrella	75	2	5.19	3.13	As he walked past the corner drugstore on his way to work Carl skimmed the headlines and decided to go ahead and buy	when he saw what the forecast was.	True	Was Carl going to work?	yes
1904.232421875	0.0	974967	118	item_marker	184	18	1	delong	unexpected	a	an	parade	election	95	0	5.77	3.52	Without the floats and the marching bands it wasn't much of	this year.	False	n/a	n/a
1904.419921875	0.2	975063	255	filler_word	184	18	1	delong	unexpected	a	an	parade	election	95	0	5.77	3.52	Without the floats and the marching bands it wasn't much of	this year.	False	n/a	n/a
1904.900390625	0.2	975309	255	filler_word	184	18	1	delong	unexpected	a	an	parade	election	95	0	5.77	3.52	Without the floats and the marching bands it wasn't much of	this year.	False	n/a	n/a
1908.765625	0.2	977288	255	filler_word	184	18	1	delong	unexpected	a	an	parade	election	95	0	5.77	3.52	Without the floats and the marching bands it wasn't much of	this year.	False	n/a	n/a
1909.244140625	0.2	977533	255	filler_word	184	18	1	delong	unexpected	a	an	parade	election	95	0	5.77	3.52	Without the floats and the marching bands it wasn't much of	this year.	False	n/a	n/a
1909.724609375	0.2	977779	255	filler_word	184	18	1	delong	unexpected	a	an	parade	election	95	0	5.77	3.52	Without the floats and the marching bands it wasn't much of	this year.	False	n/a	n/a
1910.205078125	0.2	978025	255	filler_word	184	18	1	delong	unexpected	a	an	parade	election	95	0	5.77	3.52	Without the floats and the marching bands it wasn't much of	this year.	False	n/a	n/a
1910.68359375	0.2	978270	255	filler_word	184	18	1	delong	unexpected	a	an	parade	election	95	0	5.77	3.52	Without the floats and the marching bands it wasn't much of	this year.	False	n/a	n/a
1911.1640625	0.2	978516	211	control_incorrect	184	18	1	delong	unexpected	a	an	parade	election	95	0	5.77	3.52	Without the floats and the marching bands it wasn't much of	this year.	False	n/a	n/a
1911.45703125	0.0	978666	134	item_marker	185	34	1	delong	unexpected	a	an	bicycle	elephant	95	0	6.07	3.48	You never forget how to ride	once you've learned.	False	n/a	n/a
1911.64453125	0.2	978762	255	filler_word	185	34	1	delong	unexpected	a	an	bicycle	elephant	95	0	6.07	3.48	You never forget how to ride	once you've learned.	False	n/a	n/a
1912.123046875	0.2	979007	255	filler_word	185	34	1	delong	unexpected	a	an	bicycle	elephant	95	0	6.07	3.48	You never forget how to ride	once you've learned.	False	n/a	n/a
1915.228515625	0.2	980597	255	filler_word	185	34	1	delong	unexpected	a	an	bicycle	elephant	95	0	6.07	3.48	You never forget how to ride	once you've learned.	False	n/a	n/a
1915.708984375	0.2	980843	255	filler_word	185	34	1	delong	unexpected	a	an	bicycle	elephant	95	0	6.07	3.48	You never forget how to ride	once you've learned.	False	n/a	n/a
1916.189453125	0.2	981089	255	filler_word	185	34	1	delong	unexpected	a	an	bicycle	elephant	95	0	6.07	3.48	You never forget how to ride	once you've learned.	False	n/a	n/a
1916.66796875	0.2	981334	211	control_incorrect	185	34	1	delong	unexpected	a	an	bicycle	elephant	95	0	6.07	3.48	You never forget how to ride	once you've learned.	False	n/a	n/a
1916.9609375	0.0	981484	130	item_marker	186	30	1	delong	unexpected	a	an	studio	apartment	77	0	5.9	3.37	Instead of recording a live album the band decided they would have more control if they recorded in	without a lot of background noise.	False	n/a	n/a
1917.1484375	0.2	981580	255	filler_word	186	30	1	delong	unexpected	a	an	studio	apartment	77	0	5.9	3.37	Instead of recording a live album the band decided they would have more control if they recorded in	without a lot of background noise.	False	n/a	n/a
1917.62890625	0.2	981826	255	filler_word	186	30	1	delong	unexpected	a	an	studio	apartment	77	0	5.9	3.37	Instead of recording a live album the band decided they would have more control if they recorded in	without a lot of background noise.	False	n/a	n/a
1918.107421875	0.2	982071	255	filler_word	186	30	1	delong	unexpected	a	an	studio	apartment	77	0	5.9	3.37	Instead of recording a live album the band decided they would have more control if they recorded in	without a lot of background noise.	False	n/a	n/a
1922.759765625	0.2	984453	255	filler_word	186	30	1	delong	unexpected	a	an	studio	apartment	77	0	5.9	3.37	Instead of recording a live album the band decided they would have more control if they recorded in	without a lot of background noise.	False	n/a	n/a
1923.240234375	0.2	984699	255	filler_word	186	30	1	delong	unexpected	a	an	studio	apartment	77	0	5.9	3.37	Instead of recording a live album the band decided they would have more control if they recorded in	without a lot of background noise.	False	n/a	n/a
1923.71875	0.2	984944	255	filler_word	186	30	1	delong	unexpected	a	an	studio	apartment	77	0	5.9	3.37	Instead of recording a live album the band decided they would have more control if they recorded in	without a lot of background noise.	False	n/a	n/a
1924.19921875	0.2	985190	255	filler_word	186	30	1	delong	unexpected	a	an	studio	apartment	77	0	5.9	3.37	Instead of recording a live album the band decided they would have more control if they recorded in	without a lot of background noise.	False	n/a	n/a
1924.6796875	0.2	985436	255	filler_word	186	30	1	delong	unexpected	a	an	studio	apartment	77	0	5.9	3.37	Instead of recording a live album the band decided they would have more control if they recorded in	without a lot of background noise.	False	n/a	n/a
1925.158203125	0.2	985681	211	control_incorrect	186	30	1	delong	unexpected	a	an	studio	apartment	77	0	5.9	3.37	Instead of recording a live album the band decided they would have more control if they recorded in	without a lot of background noise.	False	n/a	n/a
1925.451171875	0.0	985831	129	item_marker	187	29	1	delong	unexpected	a	an	flat	apartment	66	11	6.26	6.03	Margot had finally decided to buy a house in the suburbs after a year of renting	in the city.	True	Did Margot want to buy a car?	no
1925.638671875	0.2	985927	255	filler_word	187	29	1	delong	unexpected	a	an	flat	apartment	66	11	6.26	6.03	Margot had finally decided to buy a house in the suburbs after a year of renting	in the city.	True	Did Margot want to buy a car?	no
1926.119140625	0.2	986173	255	filler_word	187	29	1	delong	unexpected	a	an	flat	apartment	66	11	6.26	6.03	Margot had finally decided to buy a house in the suburbs after a year of renting	in the city.	True	Did Margot want to buy a car?	no
1930.59765625	0.2	988466	255	filler_word	187	29	1	delong	unexpected	a	an	flat	apartment	66	11	6.26	6.03	Margot had finally decided to buy a house in the suburbs after a year of renting	in the city.	True	Did Margot want to buy a car?	no
1931.076171875	0.2	988711	255	filler_word	187	29	1	delong	unexpected	a	an	flat	apartment	66	11	6.26	6.03	Margot had finally decided to buy a house in the suburbs after a year of renting	in the city.	True	Did Margot want to buy a car?	no
1931.556640625	0.2	988957	255	filler_word	187	29	1	delong	unexpected	a	an	flat	apartment	66	11	6.26	6.03	Margot had finally decided to buy a house in the suburbs after a year of renting	in the city.	True	Did Margot want to buy a car?	no
1932.037109375	0.2	989203	255	filler_word	187	29	1	delong	unexpected	a	an	flat	apartment	66	11	6.26	6.03	Margot had finally decided to buy a house in the suburbs after a year of renting	in the city.	True	Did Margot want to buy a car?	no
1932.515625	0.2	989448	210	control_correct	187	29	1	delong	unexpected	a	an	flat	apartment	66	11	6.26	6.03	Margot had finally decided to buy a house in the suburbs after a year of renting	in the city.	True	Did Margot want to buy a car?	no
1932.80859375	0.0	989598	124	item_marker	188	24	1	delong	expected	a	an	fire	emergency	75	0	5.6	6.06	Harris saw smoke billowing out of his neighbours' home and immediately got on the phone to report	at their address.	True	Did Harris see smoke?	yes
1932.99609375	0.2	989694	255	filler_word	188	24	1	delong	expected	a	an	fire	emergency	75	0	5.6	6.06	Harris saw smoke billowing out of his neighbours' home and immediately got on the phone to report	at their address.	True	Did Harris see smoke?	yes
1933.4765625	0.2	989940	255	filler_word	188	24	1	delong	expected	a	an	fire	emergency	75	0	5.6	6.06	Harris saw smoke billowing out of his neighbours' home and immediately got on the phone to report	at their address.	True	Did Harris see smoke?	yes
1933.955078125	0.2	990185	255	filler_word	188	24	1	delong	expected	a	an	fire	emergency	75	0	5.6	6.06	Harris saw smoke billowing out of his neighbours' home and immediately got on the phone to report	at their address.	True	Did Harris see smoke?	yes
1939.0078125	0.2	992772	255	filler_word	188	24	1	delong	expected	a	an	fire	emergency	75	0	5.6	6.06	Harris saw smoke billowing out of his neighbours' home and immediately got on the phone to report	at their address.	True	Did Harris see smoke?	yes
1939.486328125	0.2	993017	255	filler_word	188	24	1	delong	expected	a	an	fire	emergency	75	0	5.6	6.06	Harris saw smoke billowing out of his neighbours' home and immediately got on the phone to report	at their address.	True	Did Harris see smoke?	yes
1939.966796875	0.2	993263	255	filler_word	188	24	1	delong	expected	a	an	fire	emergency	75	0	5.6	6.06	Harris saw smoke billowing out of his neighbours' home and immediately got on the phone to report	at their address.	True	Did Harris see smoke?	yes
1940.447265625	0.2	993509	255	filler_word	188	24	1	delong	expected	a	an	fire	emergency	75	0	5.6	6.06	Harris saw smoke billowing out of his neighbours' home and immediately got on the phone to report	at their address.	True	Did Harris see smoke?	yes
1940.92578125	0.2	993754	211	control_incorrect	188	24	1	delong	expected	a	an	fire	emergency	75	0	5.6	6.06	Harris saw smoke billowing out of his neighbours' home and immediately got on the phone to report	at their address.	True	Did Harris see smoke?	yes
1941.21875	0.0	993904	110	item_marker	189	10	1	delong	unexpected	a	an	bird	echo	25	0	6.39	3.87	The tweeting in the treetops sounded like	to Melissa.	False	n/a	n/a
1941.40625	0.2	994000	255	filler_word	189	10	1	delong	unexpected	a	an	bird	echo	25	0	6.39	3.87	The tweeting in the treetops sounded like	to Melissa.	False	n/a	n/a
1941.88671875	0.2	994246	255	filler_word	189	10	1	delong	unexpected	a	an	bird	echo	25	0	6.39	3.87	The tweeting in the treetops sounded like	to Melissa.	False	n/a	n/a
1942.365234375	0.2	994491	255	filler_word	189	10	1	delong	unexpected	a	an	bird	echo	25	0	6.39	3.87	The tweeting in the treetops sounded like	to Melissa.	False	n/a	n/a
1947.03125	0.2	996880	255	filler_word	189	10	1	delong	unexpected	a	an	bird	echo	25	0	6.39	3.87	The tweeting in the treetops sounded like	to Melissa.	False	n/a	n/a
1947.51171875	0.2	997126	255	filler_word	189	10	1	delong	unexpected	a	an	bird	echo	25	0	6.39	3.87	The tweeting in the treetops sounded like	to Melissa.	False	n/a	n/a
1947.990234375	0.2	997371	255	filler_word	189	10	1	delong	unexpected	a	an	bird	echo	25	0	6.39	3.87	The tweeting in the treetops sounded like	to Melissa.	False	n/a	n/a
1948.470703125	0.2	997617	255	filler_word	189	10	1	delong	unexpected	a	an	bird	echo	25	0	6.39	3.87	The tweeting in the treetops sounded like	to Melissa.	False	n/a	n/a
1948.951171875	0.2	997863	211	control_incorrect	189	10	1	delong	unexpected	a	an	bird	echo	25	0	6.39	3.87	The tweeting in the treetops sounded like	to Melissa.	False	n/a	n/a
1949.244140625	0.0	998013	106	item_marker	190	6	1	delong	unexpected	a	an	cheque	apology	93	0	4.53	2.32	The bakery did not accept credit cards so Peter would have to write	to the owner.	False	n/a	n/a
1949.4296875	0.2	998108	255	filler_word	190	6	1	delong	unexpected	a	an	cheque	apology	93	0	4.53	2.32	The bakery did not accept credit cards so Peter would have to write	to the owner.	False	n/a	n/a
1949.91015625	0.2	998354	255	filler_word	190	6	1	delong	unexpected	a	an	cheque	apology	93	0	4.53	2.32	The bakery did not accept credit cards so Peter would have to write	to the owner.	False	n/a	n/a
1950.390625	0.2	998600	255	filler_word	190	6	1	delong	unexpected	a	an	cheque	apology	93	0	4.53	2.32	The bakery did not accept credit cards so Peter would have to write	to the owner.	False	n/a	n/a
1958.666015625	0.2	1002837	255	filler_word	190	6	1	delong	unexpected	a	an	cheque	apology	93	0	4.53	2.32	The bakery did not accept credit cards so Peter would have to write	to the owner.	False	n/a	n/a
1959.146484375	0.2	1003083	255	filler_word	190	6	1	delong	unexpected	a	an	cheque	apology	93	0	4.53	2.32	The bakery did not accept credit cards so Peter would have to write	to the owner.	False	n/a	n/a
1959.626953125	0.2	1003329	255	filler_word	190	6	1	delong	unexpected	a	an	cheque	apology	93	0	4.53	2.32	The bakery did not accept credit cards so Peter would have to write	to the owner.	False	n/a	n/a
1960.10546875	0.2	1003574	255	filler_word	190	6	1	delong	unexpected	a	an	cheque	apology	93	0	4.53	2.32	The bakery did not accept credit cards so Peter would have to write	to the owner.	False	n/a	n/a
1960.5859375	0.2	1003820	210	control_correct	190	6	1	delong	unexpected	a	an	cheque	apology	93	0	4.53	2.32	The bakery did not accept credit cards so Peter would have to write	to the owner.	False	n/a	n/a
1960.87890625	0.0	1003970	104	item_marker	191	4	1	delong	expected	a	an	lisp	accent	86	0	5.97	4.16	Katie did not like to say words with the letter s because she spoke with	and was embarrassed.	False	n/a	n/a
1961.06640625	0.2	1004066	255	filler_word	191	4	1	delong	expected	a	an	lisp	accent	86	0	5.97	4.16	Katie did not like to say words with the letter s because she spoke with	and was embarrassed.	False	n/a	n/a
1961.544921875	0.2	1004311	255	filler_word	191	4	1	delong	expected	a	an	lisp	accent	86	0	5.97	4.16	Katie did not like to say words with the letter s because she spoke with	and was embarrassed.	False	n/a	n/a
1962.025390625	0.2	1004557	255	filler_word	191	4	1	delong	expected	a	an	lisp	accent	86	0	5.97	4.16	Katie did not like to say words with the letter s because she spoke with	and was embarrassed.	False	n/a	n/a
1965.478515625	0.2	1006325	255	filler_word	191	4	1	delong	expected	a	an	lisp	accent	86	0	5.97	4.16	Katie did not like to say words with the letter s because she spoke with	and was embarrassed.	False	n/a	n/a
1965.95703125	0.2	1006570	255	filler_word	191	4	1	delong	expected	a	an	lisp	accent	86	0	5.97	4.16	Katie did not like to say words with the letter s because she spoke with	and was embarrassed.	False	n/a	n/a
1966.4375	0.2	1006816	255	filler_word	191	4	1	delong	expected	a	an	lisp	accent	86	0	5.97	4.16	Katie did not like to say words with the letter s because she spoke with	and was embarrassed.	False	n/a	n/a
1966.91796875	0.2	1007062	211	control_incorrect	191	4	1	delong	expected	a	an	lisp	accent	86	0	5.97	4.16	Katie did not like to say words with the letter s because she spoke with	and was embarrassed.	False	n/a	n/a
1967.2109375	0.0	1007212	126	item_marker	192	26	1	delong	unexpected	a	an	hanger	iron	84	0	5.73	2.1	I wanted to put my coat in the closet but I could not find	anywhere.	False	n/a	n/a
1967.396484375	0.2	1007307	255	filler_word	192	26	1	delong	unexpected	a	an	hanger	iron	84	0	5.73	2.1	I wanted to put my coat in the closet but I could not find	anywhere.	False	n/a	n/a
1967.876953125	0.2	1007553	255	filler_word	192	26	1	delong	unexpected	a	an	hanger	iron	84	0	5.73	2.1	I wanted to put my coat in the closet but I could not find	anywhere.	False	n/a	n/a
1968.357421875	0.2	1007799	255	filler_word	192	26	1	delong	unexpected	a	an	hanger	iron	84	0	5.73	2.1	I wanted to put my coat in the closet but I could not find	anywhere.	False	n/a	n/a
1976.259765625	0.2	1011845	255	filler_word	192	26	1	delong	unexpected	a	an	hanger	iron	84	0	5.73	2.1	I wanted to put my coat in the closet but I could not find	anywhere.	False	n/a	n/a
1976.740234375	0.2	1012091	255	filler_word	192	26	1	delong	unexpected	a	an	hanger	iron	84	0	5.73	2.1	I wanted to put my coat in the closet but I could not find	anywhere.	False	n/a	n/a
1977.220703125	0.2	1012337	255	filler_word	192	26	1	delong	unexpected	a	an	hanger	iron	84	0	5.73	2.1	I wanted to put my coat in the closet but I could not find	anywhere.	False	n/a	n/a
1977.69921875	0.2	1012582	211	control_incorrect	192	26	1	delong	unexpected	a	an	hanger	iron	84	0	5.73	2.1	I wanted to put my coat in the closet but I could not find	anywhere.	False	n/a	n/a
1977.9921875	0.0	1012732	109	item_marker	193	9	1	delong	unexpected	an	a	echo	bird	75	2	5.9	3.83	Surrounded by mountains, Lola shouted across the valley and heard	in the distance.	False	n/a	n/a
1978.1796875	0.2	1012828	255	filler_word	193	9	1	delong	unexpected	an	a	echo	bird	75	2	5.9	3.83	Surrounded by mountains, Lola shouted across the valley and heard	in the distance.	False	n/a	n/a
1978.66015625	0.2	1013074	255	filler_word	193	9	1	delong	unexpected	an	a	echo	bird	75	2	5.9	3.83	Surrounded by mountains, Lola shouted across the valley and heard	in the distance.	False	n/a	n/a
1979.138671875	0.2	1013319	255	filler_word	193	9	1	delong	unexpected	an	a	echo	bird	75	2	5.9	3.83	Surrounded by mountains, Lola shouted across the valley and heard	in the distance.	False	n/a	n/a
1982.564453125	0.2	1015073	255	filler_word	193	9	1	delong	unexpected	an	a	echo	bird	75	2	5.9	3.83	Surrounded by mountains, Lola shouted across the valley and heard	in the distance.	False	n/a	n/a
1983.044921875	0.2	1015319	255	filler_word	193	9	1	delong	unexpected	an	a	echo	bird	75	2	5.9	3.83	Surrounded by mountains, Lola shouted across the valley and heard	in the distance.	False	n/a	n/a
1983.5234375	0.2	1015564	255	filler_word	193	9	1	delong	unexpected	an	a	echo	bird	75	2	5.9	3.83	Surrounded by mountains, Lola shouted across the valley and heard	in the distance.	False	n/a	n/a
1984.00390625	0.2	1015810	255	filler_word	193	9	1	delong	unexpected	an	a	echo	bird	75	2	5.9	3.83	Surrounded by mountains, Lola shouted across the valley and heard	in the distance.	False	n/a	n/a
1984.484375	0.2	1016056	210	control_correct	193	9	1	delong	unexpected	an	a	echo	bird	75	2	5.9	3.83	Surrounded by mountains, Lola shouted across the valley and heard	in the distance.	False	n/a	n/a
1984.77734375	0.0	1016206	132	item_marker	194	32	1	delong	expected	a	an	message	invitation	64	0	5.7	4.1	When I called his house Nolan was not home but his mother said she could relay	to him.	False	n/a	n/a
1984.962890625	0.2	1016301	255	filler_word	194	32	1	delong	expected	a	an	message	invitation	64	0	5.7	4.1	When I called his house Nolan was not home but his mother said she could relay	to him.	False	n/a	n/a
1985.443359375	0.2	1016547	255	filler_word	194	32	1	delong	expected	a	an	message	invitation	64	0	5.7	4.1	When I called his house Nolan was not home but his mother said she could relay	to him.	False	n/a	n/a
1988.935546875	0.2	1018335	255	filler_word	194	32	1	delong	expected	a	an	message	invitation	64	0	5.7	4.1	When I called his house Nolan was not home but his mother said she could relay	to him.	False	n/a	n/a
1989.416015625	0.2	1018581	255	filler_word	194	32	1	delong	expected	a	an	message	invitation	64	0	5.7	4.1	When I called his house Nolan was not home but his mother said she could relay	to him.	False	n/a	n/a
1989.89453125	0.2	1018826	255	filler_word	194	32	1	delong	expected	a	an	message	invitation	64	0	5.7	4.1	When I called his house Nolan was not home but his mother said she could relay	to him.	False	n/a	n/a
1990.375	0.2	1019072	210	control_correct	194	32	1	delong	expected	a	an	message	invitation	64	0	5.7	4.1	When I called his house Nolan was not home but his mother said she could relay	to him.	False	n/a	n/a
1990.66796875	0.0	1019222	107	item_marker	195	7	1	delong	expected	an	a	aeroplane	kite	77	18	5.74	2.87	Although the idea of flight was as old as the hills, the Wright Brothers were the first people to build	that actually flew.	False	n/a	n/a
1990.85546875	0.2	1019318	255	filler_word	195	7	1	delong	expected	an	a	aeroplane	kite	77	18	5.74	2.87	Although the idea of flight was as old as the hills, the Wright Brothers were the first people to build	that actually flew.	False	n/a	n/a
1991.333984375	0.2	1019563	255	filler_word	195	7	1	delong	expected	an	a	aeroplane	kite	77	18	5.74	2.87	Although the idea of flight was as old as the hills, the Wright Brothers were the first people to build	that actually flew.	False	n/a	n/a
1994.439453125	0.2	1021153	255	filler_word	195	7	1	delong	expected	an	a	aeroplane	kite	77	18	5.74	2.87	Although the idea of flight was as old as the hills, the Wright Brothers were the first people to build	that actually flew.	False	n/a	n/a
1994.919921875	0.2	1021399	255	filler_word	195	7	1	delong	expected	an	a	aeroplane	kite	77	18	5.74	2.87	Although the idea of flight was as old as the hills, the Wright Brothers were the first people to build	that actually flew.	False	n/a	n/a
1995.400390625	0.2	1021645	255	filler_word	195	7	1	delong	expected	an	a	aeroplane	kite	77	18	5.74	2.87	Although the idea of flight was as old as the hills, the Wright Brothers were the first people to build	that actually flew.	False	n/a	n/a
1995.880859375	0.2	1021891	255	filler_word	195	7	1	delong	expected	an	a	aeroplane	kite	77	18	5.74	2.87	Although the idea of flight was as old as the hills, the Wright Brothers were the first people to build	that actually flew.	False	n/a	n/a
1996.359375	0.2	1022136	210	control_correct	195	7	1	delong	expected	an	a	aeroplane	kite	77	18	5.74	2.87	Although the idea of flight was as old as the hills, the Wright Brothers were the first people to build	that actually flew.	False	n/a	n/a
1996.65234375	0.0	1022286	140	item_marker	196	40	1	delong	expected	a	an	tattoo	infection	55	0	6.0	3.73	The Hell's Angel rolled up the sleeve of his leather jacket to show the girls where he had gotten	the previous night.	False	n/a	n/a
1996.83984375	0.2	1022382	255	filler_word	196	40	1	delong	expected	a	an	tattoo	infection	55	0	6.0	3.73	The Hell's Angel rolled up the sleeve of his leather jacket to show the girls where he had gotten	the previous night.	False	n/a	n/a
1997.3203125	0.2	1022628	255	filler_word	196	40	1	delong	expected	a	an	tattoo	infection	55	0	6.0	3.73	The Hell's Angel rolled up the sleeve of his leather jacket to show the girls where he had gotten	the previous night.	False	n/a	n/a
1997.798828125	0.2	1022873	255	filler_word	196	40	1	delong	expected	a	an	tattoo	infection	55	0	6.0	3.73	The Hell's Angel rolled up the sleeve of his leather jacket to show the girls where he had gotten	the previous night.	False	n/a	n/a
2000.91796875	0.2	1024470	255	filler_word	196	40	1	delong	expected	a	an	tattoo	infection	55	0	6.0	3.73	The Hell's Angel rolled up the sleeve of his leather jacket to show the girls where he had gotten	the previous night.	False	n/a	n/a
2001.3984375	0.2	1024716	255	filler_word	196	40	1	delong	expected	a	an	tattoo	infection	55	0	6.0	3.73	The Hell's Angel rolled up the sleeve of his leather jacket to show the girls where he had gotten	the previous night.	False	n/a	n/a
2001.876953125	0.2	1024961	255	filler_word	196	40	1	delong	expected	a	an	tattoo	infection	55	0	6.0	3.73	The Hell's Angel rolled up the sleeve of his leather jacket to show the girls where he had gotten	the previous night.	False	n/a	n/a
2002.357421875	0.2	1025207	210	control_correct	196	40	1	delong	expected	a	an	tattoo	infection	55	0	6.0	3.73	The Hell's Angel rolled up the sleeve of his leather jacket to show the girls where he had gotten	the previous night.	False	n/a	n/a
2002.650390625	0.0	1025357	120	item_marker	197	20	1	delong	expected	a	an	fight	affair	75	9	6.19	3.2	Whenever Josh had too much to drink, he became belligerent and would try to start	with someone in the bar.	True	Would Josh sing if drunk?	no
2002.837890625	0.2	1025453	255	filler_word	197	20	1	delong	expected	a	an	fight	affair	75	9	6.19	3.2	Whenever Josh had too much to drink, he became belligerent and would try to start	with someone in the bar.	True	Would Josh sing if drunk?	no
2003.31640625	0.2	1025698	255	filler_word	197	20	1	delong	expected	a	an	fight	affair	75	9	6.19	3.2	Whenever Josh had too much to drink, he became belligerent and would try to start	with someone in the bar.	True	Would Josh sing if drunk?	no
2003.796875	0.2	1025944	255	filler_word	197	20	1	delong	expected	a	an	fight	affair	75	9	6.19	3.2	Whenever Josh had too much to drink, he became belligerent and would try to start	with someone in the bar.	True	Would Josh sing if drunk?	no
2004.27734375	0.2	1026190	255	filler_word	197	20	1	delong	expected	a	an	fight	affair	75	9	6.19	3.2	Whenever Josh had too much to drink, he became belligerent and would try to start	with someone in the bar.	True	Would Josh sing if drunk?	no
2007.96875	0.2	1028080	255	filler_word	197	20	1	delong	expected	a	an	fight	affair	75	9	6.19	3.2	Whenever Josh had too much to drink, he became belligerent and would try to start	with someone in the bar.	True	Would Josh sing if drunk?	no
2008.44921875	0.2	1028326	255	filler_word	197	20	1	delong	expected	a	an	fight	affair	75	9	6.19	3.2	Whenever Josh had too much to drink, he became belligerent and would try to start	with someone in the bar.	True	Would Josh sing if drunk?	no
2008.927734375	0.2	1028571	255	filler_word	197	20	1	delong	expected	a	an	fight	affair	75	9	6.19	3.2	Whenever Josh had too much to drink, he became belligerent and would try to start	with someone in the bar.	True	Would Josh sing if drunk?	no
2009.408203125	0.2	1028817	211	control_incorrect	197	20	1	delong	expected	a	an	fight	affair	75	9	6.19	3.2	Whenever Josh had too much to drink, he became belligerent and would try to start	with someone in the bar.	True	Would Josh sing if drunk?	no
2009.701171875	0.0	1028967	101	item_marker	198	1	1	delong	unexpected	an	a	apple	carrot	82	0	4.87	2.23	The old wives' tale says that if you want to keep the doctor away then you should eat	a day.	False	n/a	n/a
2009.888671875	0.2	1029063	255	filler_word	198	1	1	delong	unexpected	an	a	apple	carrot	82	0	4.87	2.23	The old wives' tale says that if you want to keep the doctor away then you should eat	a day.	False	n/a	n/a
2010.3671875	0.2	1029308	255	filler_word	198	1	1	delong	unexpected	an	a	apple	carrot	82	0	4.87	2.23	The old wives' tale says that if you want to keep the doctor away then you should eat	a day.	False	n/a	n/a
2010.84765625	0.2	1029554	255	filler_word	198	1	1	delong	unexpected	an	a	apple	carrot	82	0	4.87	2.23	The old wives' tale says that if you want to keep the doctor away then you should eat	a day.	False	n/a	n/a
2015.033203125	0.2	1031697	255	filler_word	198	1	1	delong	unexpected	an	a	apple	carrot	82	0	4.87	2.23	The old wives' tale says that if you want to keep the doctor away then you should eat	a day.	False	n/a	n/a
2015.513671875	0.2	1031943	255	filler_word	198	1	1	delong	unexpected	an	a	apple	carrot	82	0	4.87	2.23	The old wives' tale says that if you want to keep the doctor away then you should eat	a day.	False	n/a	n/a
2015.9921875	0.2	1032188	255	filler_word	198	1	1	delong	unexpected	an	a	apple	carrot	82	0	4.87	2.23	The old wives' tale says that if you want to keep the doctor away then you should eat	a day.	False	n/a	n/a
2016.47265625	0.2	1032434	210	control_correct	198	1	1	delong	unexpected	an	a	apple	carrot	82	0	4.87	2.23	The old wives' tale says that if you want to keep the doctor away then you should eat	a day.	False	n/a	n/a
2016.765625	0.0	1032584	111	item_marker	199	11	1	delong	expected	an	a	octopus	fish	84	9	5.73	3.0	When the scuba diver saw the tentacle, he quickly realized that the creature under the rock was	in hiding.	True	Did the diver see a treasure?	no
2016.953125	0.2	1032680	255	filler_word	199	11	1	delong	expected	an	a	octopus	fish	84	9	5.73	3.0	When the scuba diver saw the tentacle, he quickly realized that the creature under the rock was	in hiding.	True	Did the diver see a treasure?	no
2017.431640625	0.2	1032925	255	filler_word	199	11	1	delong	expected	an	a	octopus	fish	84	9	5.73	3.0	When the scuba diver saw the tentacle, he quickly realized that the creature under the rock was	in hiding.	True	Did the diver see a treasure?	no
2017.912109375	0.2	1033171	255	filler_word	199	11	1	delong	expected	an	a	octopus	fish	84	9	5.73	3.0	When the scuba diver saw the tentacle, he quickly realized that the creature under the rock was	in hiding.	True	Did the diver see a treasure?	no
2018.392578125	0.2	1033417	255	filler_word	199	11	1	delong	expected	an	a	octopus	fish	84	9	5.73	3.0	When the scuba diver saw the tentacle, he quickly realized that the creature under the rock was	in hiding.	True	Did the diver see a treasure?	no
2038.05078125	0.2	1043482	255	filler_word	199	11	1	delong	expected	an	a	octopus	fish	84	9	5.73	3.0	When the scuba diver saw the tentacle, he quickly realized that the creature under the rock was	in hiding.	True	Did the diver see a treasure?	no
2038.53125	0.2	1043728	255	filler_word	199	11	1	delong	expected	an	a	octopus	fish	84	9	5.73	3.0	When the scuba diver saw the tentacle, he quickly realized that the creature under the rock was	in hiding.	True	Did the diver see a treasure?	no
2039.01171875	0.2	1043974	255	filler_word	199	11	1	delong	expected	an	a	octopus	fish	84	9	5.73	3.0	When the scuba diver saw the tentacle, he quickly realized that the creature under the rock was	in hiding.	True	Did the diver see a treasure?	no
2039.490234375	0.2	1044219	255	filler_word	199	11	1	delong	expected	an	a	octopus	fish	84	9	5.73	3.0	When the scuba diver saw the tentacle, he quickly realized that the creature under the rock was	in hiding.	True	Did the diver see a treasure?	no
2039.970703125	0.2	1044465	210	control_correct	199	11	1	delong	expected	an	a	octopus	fish	84	9	5.73	3.0	When the scuba diver saw the tentacle, he quickly realized that the creature under the rock was	in hiding.	True	Did the diver see a treasure?	no
2040.263671875	0.0	1044615	148	item_marker	200	48	1	delong	expected	a	an	story	excuse	89	0	6.55	2.4	Before little Gloria went to sleep she wanted to hear	from her mother.	False	n/a	n/a
2040.451171875	0.2	1044711	255	filler_word	200	48	1	delong	expected	a	an	story	excuse	89	0	6.55	2.4	Before little Gloria went to sleep she wanted to hear	from her mother.	False	n/a	n/a
2040.9296875	0.2	1044956	255	filler_word	200	48	1	delong	expected	a	an	story	excuse	89	0	6.55	2.4	Before little Gloria went to sleep she wanted to hear	from her mother.	False	n/a	n/a
2041.41015625	0.2	1045202	255	filler_word	200	48	1	delong	expected	a	an	story	excuse	89	0	6.55	2.4	Before little Gloria went to sleep she wanted to hear	from her mother.	False	n/a	n/a
2052.7265625	0.2	1050996	255	filler_word	200	48	1	delong	expected	a	an	story	excuse	89	0	6.55	2.4	Before little Gloria went to sleep she wanted to hear	from her mother.	False	n/a	n/a
2053.205078125	0.2	1051241	255	filler_word	200	48	1	delong	expected	a	an	story	excuse	89	0	6.55	2.4	Before little Gloria went to sleep she wanted to hear	from her mother.	False	n/a	n/a
2053.685546875	0.2	1051487	255	filler_word	200	48	1	delong	expected	a	an	story	excuse	89	0	6.55	2.4	Before little Gloria went to sleep she wanted to hear	from her mother.	False	n/a	n/a
2054.166015625	0.2	1051733	255	filler_word	200	48	1	delong	expected	a	an	story	excuse	89	0	6.55	2.4	Before little Gloria went to sleep she wanted to hear	from her mother.	False	n/a	n/a
2054.64453125	0.2	1051978	210	control_correct	200	48	1	delong	expected	a	an	story	excuse	89	0	6.55	2.4	Before little Gloria went to sleep she wanted to hear	from her mother.	False	n/a	n/a
2054.939453125	0.0	1052129	172	item_marker	201	72	1	delong	expected	a	an	compliment	order	73	0	5.97	3.68	Marcy did not deal well with praise and had never really learned how to take	even from her friends.	False	n/a	n/a
2055.125	0.2	1052224	255	filler_word	201	72	1	delong	expected	a	an	compliment	order	73	0	5.97	3.68	Marcy did not deal well with praise and had never really learned how to take	even from her friends.	False	n/a	n/a
2055.60546875	0.2	1052470	255	filler_word	201	72	1	delong	expected	a	an	compliment	order	73	0	5.97	3.68	Marcy did not deal well with praise and had never really learned how to take	even from her friends.	False	n/a	n/a
2056.083984375	0.2	1052715	255	filler_word	201	72	1	delong	expected	a	an	compliment	order	73	0	5.97	3.68	Marcy did not deal well with praise and had never really learned how to take	even from her friends.	False	n/a	n/a
2056.564453125	0.2	1052961	255	filler_word	201	72	1	delong	expected	a	an	compliment	order	73	0	5.97	3.68	Marcy did not deal well with praise and had never really learned how to take	even from her friends.	False	n/a	n/a
2057.044921875	0.2	1053207	255	filler_word	201	72	1	delong	expected	a	an	compliment	order	73	0	5.97	3.68	Marcy did not deal well with praise and had never really learned how to take	even from her friends.	False	n/a	n/a
2061.296875	0.2	1055384	255	filler_word	201	72	1	delong	expected	a	an	compliment	order	73	0	5.97	3.68	Marcy did not deal well with praise and had never really learned how to take	even from her friends.	False	n/a	n/a
2061.775390625	0.2	1055629	255	filler_word	201	72	1	delong	expected	a	an	compliment	order	73	0	5.97	3.68	Marcy did not deal well with praise and had never really learned how to take	even from her friends.	False	n/a	n/a
2062.255859375	0.2	1055875	255	filler_word	201	72	1	delong	expected	a	an	compliment	order	73	0	5.97	3.68	Marcy did not deal well with praise and had never really learned how to take	even from her friends.	False	n/a	n/a
2062.736328125	0.2	1056121	255	filler_word	201	72	1	delong	expected	a	an	compliment	order	73	0	5.97	3.68	Marcy did not deal well with praise and had never really learned how to take	even from her friends.	False	n/a	n/a
2063.21484375	0.2	1056366	211	control_incorrect	201	72	1	delong	expected	a	an	compliment	order	73	0	5.97	3.68	Marcy did not deal well with praise and had never really learned how to take	even from her friends.	False	n/a	n/a
2063.5078125	0.0	1056516	165	item_marker	202	65	1	delong	unexpected	an	a	island	ship	73	14	5.53	5.26	Being from the mainland Karen never got used to the feeling of living on	and being so removed from everything.	True	Was Karen from the mainland?	yes
2063.6953125	0.2	1056612	255	filler_word	202	65	1	delong	unexpected	an	a	island	ship	73	14	5.53	5.26	Being from the mainland Karen never got used to the feeling of living on	and being so removed from everything.	True	Was Karen from the mainland?	yes
2064.17578125	0.2	1056858	255	filler_word	202	65	1	delong	unexpected	an	a	island	ship	73	14	5.53	5.26	Being from the mainland Karen never got used to the feeling of living on	and being so removed from everything.	True	Was Karen from the mainland?	yes
2064.654296875	0.2	1057103	255	filler_word	202	65	1	delong	unexpected	an	a	island	ship	73	14	5.53	5.26	Being from the mainland Karen never got used to the feeling of living on	and being so removed from everything.	True	Was Karen from the mainland?	yes
2065.134765625	0.2	1057349	255	filler_word	202	65	1	delong	unexpected	an	a	island	ship	73	14	5.53	5.26	Being from the mainland Karen never got used to the feeling of living on	and being so removed from everything.	True	Was Karen from the mainland?	yes
2070.2265625	0.2	1059956	255	filler_word	202	65	1	delong	unexpected	an	a	island	ship	73	14	5.53	5.26	Being from the mainland Karen never got used to the feeling of living on	and being so removed from everything.	True	Was Karen from the mainland?	yes
2070.70703125	0.2	1060202	255	filler_word	202	65	1	delong	unexpected	an	a	island	ship	73	14	5.53	5.26	Being from the mainland Karen never got used to the feeling of living on	and being so removed from everything.	True	Was Karen from the mainland?	yes
2071.185546875	0.2	1060447	255	filler_word	202	65	1	delong	unexpected	an	a	island	ship	73	14	5.53	5.26	Being from the mainland Karen never got used to the feeling of living on	and being so removed from everything.	True	Was Karen from the mainland?	yes
2071.666015625	0.2	1060693	255	filler_word	202	65	1	delong	unexpected	an	a	island	ship	73	14	5.53	5.26	Being from the mainland Karen never got used to the feeling of living on	and being so removed from everything.	True	Was Karen from the mainland?	yes
2072.146484375	0.2	1060939	255	filler_word	202	65	1	delong	unexpected	an	a	island	ship	73	14	5.53	5.26	Being from the mainland Karen never got used to the feeling of living on	and being so removed from everything.	True	Was Karen from the mainland?	yes
2072.625	0.2	1061184	210	control_correct	202	65	1	delong	unexpected	an	a	island	ship	73	14	5.53	5.26	Being from the mainland Karen never got used to the feeling of living on	and being so removed from everything.	True	Was Karen from the mainland?	yes
2072.91796875	0.0	1061334	167	item_marker	203	67	1	delong	expected	an	a	owl	cat	86	14	6.13	2.47	As Elizabeth climbed the ladder in the barn she heard a hooting sound coming from the rafters and looked up to see	staring down at her.	False	n/a	n/a
2073.10546875	0.2	1061430	255	filler_word	203	67	1	delong	expected	an	a	owl	cat	86	14	6.13	2.47	As Elizabeth climbed the ladder in the barn she heard a hooting sound coming from the rafters and looked up to see	staring down at her.	False	n/a	n/a
2073.5859375	0.2	1061676	255	filler_word	203	67	1	delong	expected	an	a	owl	cat	86	14	6.13	2.47	As Elizabeth climbed the ladder in the barn she heard a hooting sound coming from the rafters and looked up to see	staring down at her.	False	n/a	n/a
2074.064453125	0.2	1061921	255	filler_word	203	67	1	delong	expected	an	a	owl	cat	86	14	6.13	2.47	As Elizabeth climbed the ladder in the barn she heard a hooting sound coming from the rafters and looked up to see	staring down at her.	False	n/a	n/a
2077.876953125	0.2	1063873	255	filler_word	203	67	1	delong	expected	an	a	owl	cat	86	14	6.13	2.47	As Elizabeth climbed the ladder in the barn she heard a hooting sound coming from the rafters and looked up to see	staring down at her.	False	n/a	n/a
2078.357421875	0.2	1064119	255	filler_word	203	67	1	delong	expected	an	a	owl	cat	86	14	6.13	2.47	As Elizabeth climbed the ladder in the barn she heard a hooting sound coming from the rafters and looked up to see	staring down at her.	False	n/a	n/a
2078.8359375	0.2	1064364	211	control_incorrect	203	67	1	delong	expected	an	a	owl	cat	86	14	6.13	2.47	As Elizabeth climbed the ladder in the barn she heard a hooting sound coming from the rafters and looked up to see	staring down at her.	False	n/a	n/a
2079.12890625	0.0	1064514	142	item_marker	204	42	1	delong	unexpected	a	an	parent	adult	91	0	5.74	4.2	Older children often have a harder time than younger children dealing with the loss of	who has cared for them.	False	n/a	n/a
2079.31640625	0.2	1064610	255	filler_word	204	42	1	delong	unexpected	a	an	parent	adult	91	0	5.74	4.2	Older children often have a harder time than younger children dealing with the loss of	who has cared for them.	False	n/a	n/a
2079.796875	0.2	1064856	255	filler_word	204	42	1	delong	unexpected	a	an	parent	adult	91	0	5.74	4.2	Older children often have a harder time than younger children dealing with the loss of	who has cared for them.	False	n/a	n/a
2080.275390625	0.2	1065101	255	filler_word	204	42	1	delong	unexpected	a	an	parent	adult	91	0	5.74	4.2	Older children often have a harder time than younger children dealing with the loss of	who has cared for them.	False	n/a	n/a
2083.9140625	0.2	1066964	255	filler_word	204	42	1	delong	unexpected	a	an	parent	adult	91	0	5.74	4.2	Older children often have a harder time than younger children dealing with the loss of	who has cared for them.	False	n/a	n/a
2084.39453125	0.2	1067210	255	filler_word	204	42	1	delong	unexpected	a	an	parent	adult	91	0	5.74	4.2	Older children often have a harder time than younger children dealing with the loss of	who has cared for them.	False	n/a	n/a
2084.875	0.2	1067456	255	filler_word	204	42	1	delong	unexpected	a	an	parent	adult	91	0	5.74	4.2	Older children often have a harder time than younger children dealing with the loss of	who has cared for them.	False	n/a	n/a
2085.353515625	0.2	1067701	210	control_correct	204	42	1	delong	unexpected	a	an	parent	adult	91	0	5.74	4.2	Older children often have a harder time than younger children dealing with the loss of	who has cared for them.	False	n/a	n/a
2085.646484375	0.0	1067851	143	item_marker	205	43	1	delong	expected	a	an	stamp	envelope	86	2	4.67	3.74	Jeffrey mailed the letter without	so the post office would never deliver it.	True	Did Hannah mail the letter?	no
2085.833984375	0.2	1067947	255	filler_word	205	43	1	delong	expected	a	an	stamp	envelope	86	2	4.67	3.74	Jeffrey mailed the letter without	so the post office would never deliver it.	True	Did Hannah mail the letter?	no
2086.314453125	0.2	1068193	255	filler_word	205	43	1	delong	expected	a	an	stamp	envelope	86	2	4.67	3.74	Jeffrey mailed the letter without	so the post office would never deliver it.	True	Did Hannah mail the letter?	no
2086.79296875	0.2	1068438	255	filler_word	205	43	1	delong	expected	a	an	stamp	envelope	86	2	4.67	3.74	Jeffrey mailed the letter without	so the post office would never deliver it.	True	Did Hannah mail the letter?	no
2090.40625	0.2	1070288	255	filler_word	205	43	1	delong	expected	a	an	stamp	envelope	86	2	4.67	3.74	Jeffrey mailed the letter without	so the post office would never deliver it.	True	Did Hannah mail the letter?	no
2090.884765625	0.2	1070533	255	filler_word	205	43	1	delong	expected	a	an	stamp	envelope	86	2	4.67	3.74	Jeffrey mailed the letter without	so the post office would never deliver it.	True	Did Hannah mail the letter?	no
2091.365234375	0.2	1070779	255	filler_word	205	43	1	delong	expected	a	an	stamp	envelope	86	2	4.67	3.74	Jeffrey mailed the letter without	so the post office would never deliver it.	True	Did Hannah mail the letter?	no
2091.845703125	0.2	1071025	210	control_correct	205	43	1	delong	expected	a	an	stamp	envelope	86	2	4.67	3.74	Jeffrey mailed the letter without	so the post office would never deliver it.	True	Did Hannah mail the letter?	no
2092.138671875	0.0	1071175	175	item_marker	206	75	1	delong	expected	an	a	element	liquid	68	30	6.26	2.8	The chemistry teacher explained to the class that water and salt were both compounds but that nitrogen was just	that hadn't been combined.	False	n/a	n/a
2092.32421875	0.2	1071270	255	filler_word	206	75	1	delong	expected	an	a	element	liquid	68	30	6.26	2.8	The chemistry teacher explained to the class that water and salt were both compounds but that nitrogen was just	that hadn't been combined.	False	n/a	n/a
2092.8046875	0.2	1071516	255	filler_word	206	75	1	delong	expected	an	a	element	liquid	68	30	6.26	2.8	The chemistry teacher explained to the class that water and salt were both compounds but that nitrogen was just	that hadn't been combined.	False	n/a	n/a
2093.28515625	0.2	1071762	255	filler_word	206	75	1	delong	expected	an	a	element	liquid	68	30	6.26	2.8	The chemistry teacher explained to the class that water and salt were both compounds but that nitrogen was just	that hadn't been combined.	False	n/a	n/a
2093.763671875	0.2	1072007	255	filler_word	206	75	1	delong	expected	an	a	element	liquid	68	30	6.26	2.8	The chemistry teacher explained to the class that water and salt were both compounds but that nitrogen was just	that hadn't been combined.	False	n/a	n/a
2098.896484375	0.2	1074635	255	filler_word	206	75	1	delong	expected	an	a	element	liquid	68	30	6.26	2.8	The chemistry teacher explained to the class that water and salt were both compounds but that nitrogen was just	that hadn't been combined.	False	n/a	n/a
2099.375	0.2	1074880	255	filler_word	206	75	1	delong	expected	an	a	element	liquid	68	30	6.26	2.8	The chemistry teacher explained to the class that water and salt were both compounds but that nitrogen was just	that hadn't been combined.	False	n/a	n/a
2099.85546875	0.2	1075126	255	filler_word	206	75	1	delong	expected	an	a	element	liquid	68	30	6.26	2.8	The chemistry teacher explained to the class that water and salt were both compounds but that nitrogen was just	that hadn't been combined.	False	n/a	n/a
2100.3359375	0.2	1075372	255	filler_word	206	75	1	delong	expected	an	a	element	liquid	68	30	6.26	2.8	The chemistry teacher explained to the class that water and salt were both compounds but that nitrogen was just	that hadn't been combined.	False	n/a	n/a
2100.814453125	0.2	1075617	255	filler_word	206	75	1	delong	expected	an	a	element	liquid	68	30	6.26	2.8	The chemistry teacher explained to the class that water and salt were both compounds but that nitrogen was just	that hadn't been combined.	False	n/a	n/a
2101.294921875	0.2	1075863	255	filler_word	206	75	1	delong	expected	an	a	element	liquid	68	30	6.26	2.8	The chemistry teacher explained to the class that water and salt were both compounds but that nitrogen was just	that hadn't been combined.	False	n/a	n/a
2101.775390625	0.2	1076109	211	control_incorrect	206	75	1	delong	expected	an	a	element	liquid	68	30	6.26	2.8	The chemistry teacher explained to the class that water and salt were both compounds but that nitrogen was just	that hadn't been combined.	False	n/a	n/a
2102.068359375	0.0	1076259	170	item_marker	207	70	1	delong	unexpected	a	an	mirage	ocean	68	16	6.1	3.97	As the men stumbled across the desert they thought they saw an oasis on the horizon but it turned out to be	so they continued walking.	True	Was there an oasis on the horizon?	no
2102.25390625	0.2	1076354	255	filler_word	207	70	1	delong	unexpected	a	an	mirage	ocean	68	16	6.1	3.97	As the men stumbled across the desert they thought they saw an oasis on the horizon but it turned out to be	so they continued walking.	True	Was there an oasis on the horizon?	no
2102.734375	0.2	1076600	255	filler_word	207	70	1	delong	unexpected	a	an	mirage	ocean	68	16	6.1	3.97	As the men stumbled across the desert they thought they saw an oasis on the horizon but it turned out to be	so they continued walking.	True	Was there an oasis on the horizon?	no
2103.21484375	0.2	1076846	255	filler_word	207	70	1	delong	unexpected	a	an	mirage	ocean	68	16	6.1	3.97	As the men stumbled across the desert they thought they saw an oasis on the horizon but it turned out to be	so they continued walking.	True	Was there an oasis on the horizon?	no
2103.693359375	0.2	1077091	255	filler_word	207	70	1	delong	unexpected	a	an	mirage	ocean	68	16	6.1	3.97	As the men stumbled across the desert they thought they saw an oasis on the horizon but it turned out to be	so they continued walking.	True	Was there an oasis on the horizon?	no
2107.55859375	0.2	1079070	255	filler_word	207	70	1	delong	unexpected	a	an	mirage	ocean	68	16	6.1	3.97	As the men stumbled across the desert they thought they saw an oasis on the horizon but it turned out to be	so they continued walking.	True	Was there an oasis on the horizon?	no
2108.0390625	0.2	1079316	255	filler_word	207	70	1	delong	unexpected	a	an	mirage	ocean	68	16	6.1	3.97	As the men stumbled across the desert they thought they saw an oasis on the horizon but it turned out to be	so they continued walking.	True	Was there an oasis on the horizon?	no
2108.51953125	0.2	1079562	255	filler_word	207	70	1	delong	unexpected	a	an	mirage	ocean	68	16	6.1	3.97	As the men stumbled across the desert they thought they saw an oasis on the horizon but it turned out to be	so they continued walking.	True	Was there an oasis on the horizon?	no
2108.998046875	0.2	1079807	255	filler_word	207	70	1	delong	unexpected	a	an	mirage	ocean	68	16	6.1	3.97	As the men stumbled across the desert they thought they saw an oasis on the horizon but it turned out to be	so they continued walking.	True	Was there an oasis on the horizon?	no
2109.478515625	0.2	1080053	211	control_incorrect	207	70	1	delong	unexpected	a	an	mirage	ocean	68	16	6.1	3.97	As the men stumbled across the desert they thought they saw an oasis on the horizon but it turned out to be	so they continued walking.	True	Was there an oasis on the horizon?	no
2109.771484375	0.0	1080203	174	item_marker	208	74	1	delong	unexpected	a	an	flower	animal	80	0	6.27	2.58	While Natasha was strolling through the colourful gardens she reached down and picked	up off the ground.	True	Was Natasha in the gardens? 	yes
2109.958984375	0.2	1080299	255	filler_word	208	74	1	delong	unexpected	a	an	flower	animal	80	0	6.27	2.58	While Natasha was strolling through the colourful gardens she reached down and picked	up off the ground.	True	Was Natasha in the gardens? 	yes
2110.4375	0.2	1080544	255	filler_word	208	74	1	delong	unexpected	a	an	flower	animal	80	0	6.27	2.58	While Natasha was strolling through the colourful gardens she reached down and picked	up off the ground.	True	Was Natasha in the gardens? 	yes
2117.63671875	0.2	1084230	255	filler_word	208	74	1	delong	unexpected	a	an	flower	animal	80	0	6.27	2.58	While Natasha was strolling through the colourful gardens she reached down and picked	up off the ground.	True	Was Natasha in the gardens? 	yes
2118.115234375	0.2	1084475	255	filler_word	208	74	1	delong	unexpected	a	an	flower	animal	80	0	6.27	2.58	While Natasha was strolling through the colourful gardens she reached down and picked	up off the ground.	True	Was Natasha in the gardens? 	yes
2118.595703125	0.2	1084721	255	filler_word	208	74	1	delong	unexpected	a	an	flower	animal	80	0	6.27	2.58	While Natasha was strolling through the colourful gardens she reached down and picked	up off the ground.	True	Was Natasha in the gardens? 	yes
2119.076171875	0.2	1084967	210	control_correct	208	74	1	delong	unexpected	a	an	flower	animal	80	0	6.27	2.58	While Natasha was strolling through the colourful gardens she reached down and picked	up off the ground.	True	Was Natasha in the gardens? 	yes
2119.369140625	0.0	1085117	176	item_marker	209	76	1	delong	expected	a	an	liquid	element	73	0	4.65	2.23	Orlando thought that glass was a solid but when he held it under the Bunsen burner it melted and turned into	that could be sculpted.	False	n/a	n/a
2119.5546875	0.2	1085212	255	filler_word	209	76	1	delong	expected	a	an	liquid	element	73	0	4.65	2.23	Orlando thought that glass was a solid but when he held it under the Bunsen burner it melted and turned into	that could be sculpted.	False	n/a	n/a
2120.03515625	0.2	1085458	255	filler_word	209	76	1	delong	expected	a	an	liquid	element	73	0	4.65	2.23	Orlando thought that glass was a solid but when he held it under the Bunsen burner it melted and turned into	that could be sculpted.	False	n/a	n/a
2120.515625	0.2	1085704	255	filler_word	209	76	1	delong	expected	a	an	liquid	element	73	0	4.65	2.23	Orlando thought that glass was a solid but when he held it under the Bunsen burner it melted and turned into	that could be sculpted.	False	n/a	n/a
2126.912109375	0.2	1088979	255	filler_word	209	76	1	delong	expected	a	an	liquid	element	73	0	4.65	2.23	Orlando thought that glass was a solid but when he held it under the Bunsen burner it melted and turned into	that could be sculpted.	False	n/a	n/a
2127.392578125	0.2	1089225	255	filler_word	209	76	1	delong	expected	a	an	liquid	element	73	0	4.65	2.23	Orlando thought that glass was a solid but when he held it under the Bunsen burner it melted and turned into	that could be sculpted.	False	n/a	n/a
2127.87109375	0.2	1089470	255	filler_word	209	76	1	delong	expected	a	an	liquid	element	73	0	4.65	2.23	Orlando thought that glass was a solid but when he held it under the Bunsen burner it melted and turned into	that could be sculpted.	False	n/a	n/a
2128.3515625	0.2	1089716	211	control_incorrect	209	76	1	delong	expected	a	an	liquid	element	73	0	4.65	2.23	Orlando thought that glass was a solid but when he held it under the Bunsen burner it melted and turned into	that could be sculpted.	False	n/a	n/a
2128.64453125	0.0	1089866	178	item_marker	210	78	1	delong	unexpected	a	an	window	egg	75	0	6.13	2.52	Because they were playing baseball so close to the house the children ended up shattering	and destroying a nest that some birds had built on the sill.	False	n/a	n/a
2128.83203125	0.2	1089962	255	filler_word	210	78	1	delong	unexpected	a	an	window	egg	75	0	6.13	2.52	Because they were playing baseball so close to the house the children ended up shattering	and destroying a nest that some birds had built on the sill.	False	n/a	n/a
2129.3125	0.2	1090208	255	filler_word	210	78	1	delong	unexpected	a	an	window	egg	75	0	6.13	2.52	Because they were playing baseball so close to the house the children ended up shattering	and destroying a nest that some birds had built on the sill.	False	n/a	n/a
2129.791015625	0.2	1090453	255	filler_word	210	78	1	delong	unexpected	a	an	window	egg	75	0	6.13	2.52	Because they were playing baseball so close to the house the children ended up shattering	and destroying a nest that some birds had built on the sill.	False	n/a	n/a
2130.271484375	0.2	1090699	255	filler_word	210	78	1	delong	unexpected	a	an	window	egg	75	0	6.13	2.52	Because they were playing baseball so close to the house the children ended up shattering	and destroying a nest that some birds had built on the sill.	False	n/a	n/a
2135.123046875	0.2	1093183	255	filler_word	210	78	1	delong	unexpected	a	an	window	egg	75	0	6.13	2.52	Because they were playing baseball so close to the house the children ended up shattering	and destroying a nest that some birds had built on the sill.	False	n/a	n/a
2135.603515625	0.2	1093429	255	filler_word	210	78	1	delong	unexpected	a	an	window	egg	75	0	6.13	2.52	Because they were playing baseball so close to the house the children ended up shattering	and destroying a nest that some birds had built on the sill.	False	n/a	n/a
2136.08203125	0.2	1093674	255	filler_word	210	78	1	delong	unexpected	a	an	window	egg	75	0	6.13	2.52	Because they were playing baseball so close to the house the children ended up shattering	and destroying a nest that some birds had built on the sill.	False	n/a	n/a
2136.5625	0.2	1093920	255	filler_word	210	78	1	delong	unexpected	a	an	window	egg	75	0	6.13	2.52	Because they were playing baseball so close to the house the children ended up shattering	and destroying a nest that some birds had built on the sill.	False	n/a	n/a
2137.04296875	0.2	1094166	255	filler_word	210	78	1	delong	unexpected	a	an	window	egg	75	0	6.13	2.52	Because they were playing baseball so close to the house the children ended up shattering	and destroying a nest that some birds had built on the sill.	False	n/a	n/a
2137.521484375	0.2	1094411	210	control_correct	210	78	1	delong	unexpected	a	an	window	egg	75	0	6.13	2.52	Because they were playing baseball so close to the house the children ended up shattering	and destroying a nest that some birds had built on the sill.	False	n/a	n/a
2137.814453125	0.0	1094561	164	item_marker	211	64	1	delong	expected	a	an	name	idea	68	11	5.67	5.77	The guys didn't know what to call their band so Trent told everyone to come up with	and they would vote.	True	Did Trent suggest to vote?	yes
2138.001953125	0.2	1094657	255	filler_word	211	64	1	delong	expected	a	an	name	idea	68	11	5.67	5.77	The guys didn't know what to call their band so Trent told everyone to come up with	and they would vote.	True	Did Trent suggest to vote?	yes
2138.482421875	0.2	1094903	255	filler_word	211	64	1	delong	expected	a	an	name	idea	68	11	5.67	5.77	The guys didn't know what to call their band so Trent told everyone to come up with	and they would vote.	True	Did Trent suggest to vote?	yes
2138.9609375	0.2	1095148	255	filler_word	211	64	1	delong	expected	a	an	name	idea	68	11	5.67	5.77	The guys didn't know what to call their band so Trent told everyone to come up with	and they would vote.	True	Did Trent suggest to vote?	yes
2139.44140625	0.2	1095394	255	filler_word	211	64	1	delong	expected	a	an	name	idea	68	11	5.67	5.77	The guys didn't know what to call their band so Trent told everyone to come up with	and they would vote.	True	Did Trent suggest to vote?	yes
2139.921875	0.2	1095640	255	filler_word	211	64	1	delong	expected	a	an	name	idea	68	11	5.67	5.77	The guys didn't know what to call their band so Trent told everyone to come up with	and they would vote.	True	Did Trent suggest to vote?	yes
2143.466796875	0.2	1097455	255	filler_word	211	64	1	delong	expected	a	an	name	idea	68	11	5.67	5.77	The guys didn't know what to call their band so Trent told everyone to come up with	and they would vote.	True	Did Trent suggest to vote?	yes
2143.9453125	0.2	1097700	255	filler_word	211	64	1	delong	expected	a	an	name	idea	68	11	5.67	5.77	The guys didn't know what to call their band so Trent told everyone to come up with	and they would vote.	True	Did Trent suggest to vote?	yes
2144.42578125	0.2	1097946	255	filler_word	211	64	1	delong	expected	a	an	name	idea	68	11	5.67	5.77	The guys didn't know what to call their band so Trent told everyone to come up with	and they would vote.	True	Did Trent suggest to vote?	yes
2144.90625	0.2	1098192	255	filler_word	211	64	1	delong	expected	a	an	name	idea	68	11	5.67	5.77	The guys didn't know what to call their band so Trent told everyone to come up with	and they would vote.	True	Did Trent suggest to vote?	yes
2145.384765625	0.2	1098437	211	control_incorrect	211	64	1	delong	expected	a	an	name	idea	68	11	5.67	5.77	The guys didn't know what to call their band so Trent told everyone to come up with	and they would vote.	True	Did Trent suggest to vote?	yes
2145.6796875	0.0	1098588	169	item_marker	212	69	1	delong	unexpected	an	a	ocean	mirage	73	5	5.77	2.7	The first time Timmy saw the Pacific he thought it was a lake but his brother laughed and explained to him that it was	and he should be careful of the waves.	False	n/a	n/a
2145.865234375	0.2	1098683	255	filler_word	212	69	1	delong	unexpected	an	a	ocean	mirage	73	5	5.77	2.7	The first time Timmy saw the Pacific he thought it was a lake but his brother laughed and explained to him that it was	and he should be careful of the waves.	False	n/a	n/a
2146.345703125	0.2	1098929	255	filler_word	212	69	1	delong	unexpected	an	a	ocean	mirage	73	5	5.77	2.7	The first time Timmy saw the Pacific he thought it was a lake but his brother laughed and explained to him that it was	and he should be careful of the waves.	False	n/a	n/a
2146.826171875	0.2	1099175	255	filler_word	212	69	1	delong	unexpected	an	a	ocean	mirage	73	5	5.77	2.7	The first time Timmy saw the Pacific he thought it was a lake but his brother laughed and explained to him that it was	and he should be careful of the waves.	False	n/a	n/a
2147.3046875	0.2	1099420	255	filler_word	212	69	1	delong	unexpected	an	a	ocean	mirage	73	5	5.77	2.7	The first time Timmy saw the Pacific he thought it was a lake but his brother laughed and explained to him that it was	and he should be careful of the waves.	False	n/a	n/a
2151.3828125	0.2	1101508	255	filler_word	212	69	1	delong	unexpected	an	a	ocean	mirage	73	5	5.77	2.7	The first time Timmy saw the Pacific he thought it was a lake but his brother laughed and explained to him that it was	and he should be careful of the waves.	False	n/a	n/a
2151.86328125	0.2	1101754	255	filler_word	212	69	1	delong	unexpected	an	a	ocean	mirage	73	5	5.77	2.7	The first time Timmy saw the Pacific he thought it was a lake but his brother laughed and explained to him that it was	and he should be careful of the waves.	False	n/a	n/a
2152.34375	0.2	1102000	255	filler_word	212	69	1	delong	unexpected	an	a	ocean	mirage	73	5	5.77	2.7	The first time Timmy saw the Pacific he thought it was a lake but his brother laughed and explained to him that it was	and he should be careful of the waves.	False	n/a	n/a
2152.822265625	0.2	1102245	255	filler_word	212	69	1	delong	unexpected	an	a	ocean	mirage	73	5	5.77	2.7	The first time Timmy saw the Pacific he thought it was a lake but his brother laughed and explained to him that it was	and he should be careful of the waves.	False	n/a	n/a
2153.302734375	0.2	1102491	210	control_correct	212	69	1	delong	unexpected	an	a	ocean	mirage	73	5	5.77	2.7	The first time Timmy saw the Pacific he thought it was a lake but his brother laughed and explained to him that it was	and he should be careful of the waves.	False	n/a	n/a
2153.595703125	0.0	1102641	155	item_marker	213	55	1	delong	expected	an	a	audience	crowd	68	25	6.61	6.07	Dana enjoyed singing in private but was scared to death at the thought of performing in front of	at the concert.	False	n/a	n/a
2153.783203125	0.2	1102737	255	filler_word	213	55	1	delong	expected	an	a	audience	crowd	68	25	6.61	6.07	Dana enjoyed singing in private but was scared to death at the thought of performing in front of	at the concert.	False	n/a	n/a
2154.26171875	0.2	1102982	255	filler_word	213	55	1	delong	expected	an	a	audience	crowd	68	25	6.61	6.07	Dana enjoyed singing in private but was scared to death at the thought of performing in front of	at the concert.	False	n/a	n/a
2154.7421875	0.2	1103228	255	filler_word	213	55	1	delong	expected	an	a	audience	crowd	68	25	6.61	6.07	Dana enjoyed singing in private but was scared to death at the thought of performing in front of	at the concert.	False	n/a	n/a
2155.22265625	0.2	1103474	255	filler_word	213	55	1	delong	expected	an	a	audience	crowd	68	25	6.61	6.07	Dana enjoyed singing in private but was scared to death at the thought of performing in front of	at the concert.	False	n/a	n/a
2161.646484375	0.2	1106763	255	filler_word	213	55	1	delong	expected	an	a	audience	crowd	68	25	6.61	6.07	Dana enjoyed singing in private but was scared to death at the thought of performing in front of	at the concert.	False	n/a	n/a
2162.126953125	0.2	1107009	255	filler_word	213	55	1	delong	expected	an	a	audience	crowd	68	25	6.61	6.07	Dana enjoyed singing in private but was scared to death at the thought of performing in front of	at the concert.	False	n/a	n/a
2162.60546875	0.2	1107254	255	filler_word	213	55	1	delong	expected	an	a	audience	crowd	68	25	6.61	6.07	Dana enjoyed singing in private but was scared to death at the thought of performing in front of	at the concert.	False	n/a	n/a
2163.0859375	0.2	1107500	211	control_incorrect	213	55	1	delong	expected	an	a	audience	crowd	68	25	6.61	6.07	Dana enjoyed singing in private but was scared to death at the thought of performing in front of	at the concert.	False	n/a	n/a
2163.37890625	0.0	1107650	166	item_marker	214	66	1	delong	unexpected	a	an	ship	island	100	0	4.7	3.61	Sandra decided that she would work for a cruise line for a year before starting university although she had never been on	and did not know how to swim.	False	n/a	n/a
2163.56640625	0.2	1107746	255	filler_word	214	66	1	delong	unexpected	a	an	ship	island	100	0	4.7	3.61	Sandra decided that she would work for a cruise line for a year before starting university although she had never been on	and did not know how to swim.	False	n/a	n/a
2164.044921875	0.2	1107991	255	filler_word	214	66	1	delong	unexpected	a	an	ship	island	100	0	4.7	3.61	Sandra decided that she would work for a cruise line for a year before starting university although she had never been on	and did not know how to swim.	False	n/a	n/a
2164.525390625	0.2	1108237	255	filler_word	214	66	1	delong	unexpected	a	an	ship	island	100	0	4.7	3.61	Sandra decided that she would work for a cruise line for a year before starting university although she had never been on	and did not know how to swim.	False	n/a	n/a
2165.005859375	0.2	1108483	255	filler_word	214	66	1	delong	unexpected	a	an	ship	island	100	0	4.7	3.61	Sandra decided that she would work for a cruise line for a year before starting university although she had never been on	and did not know how to swim.	False	n/a	n/a
2165.484375	0.2	1108728	255	filler_word	214	66	1	delong	unexpected	a	an	ship	island	100	0	4.7	3.61	Sandra decided that she would work for a cruise line for a year before starting university although she had never been on	and did not know how to swim.	False	n/a	n/a
2165.96484375	0.2	1108974	255	filler_word	214	66	1	delong	unexpected	a	an	ship	island	100	0	4.7	3.61	Sandra decided that she would work for a cruise line for a year before starting university although she had never been on	and did not know how to swim.	False	n/a	n/a
2171.5234375	0.2	1111820	255	filler_word	214	66	1	delong	unexpected	a	an	ship	island	100	0	4.7	3.61	Sandra decided that she would work for a cruise line for a year before starting university although she had never been on	and did not know how to swim.	False	n/a	n/a
2172.001953125	0.2	1112065	255	filler_word	214	66	1	delong	unexpected	a	an	ship	island	100	0	4.7	3.61	Sandra decided that she would work for a cruise line for a year before starting university although she had never been on	and did not know how to swim.	False	n/a	n/a
2172.482421875	0.2	1112311	255	filler_word	214	66	1	delong	unexpected	a	an	ship	island	100	0	4.7	3.61	Sandra decided that she would work for a cruise line for a year before starting university although she had never been on	and did not know how to swim.	False	n/a	n/a
2172.962890625	0.2	1112557	255	filler_word	214	66	1	delong	unexpected	a	an	ship	island	100	0	4.7	3.61	Sandra decided that she would work for a cruise line for a year before starting university although she had never been on	and did not know how to swim.	False	n/a	n/a
2173.44140625	0.2	1112802	255	filler_word	214	66	1	delong	unexpected	a	an	ship	island	100	0	4.7	3.61	Sandra decided that she would work for a cruise line for a year before starting university although she had never been on	and did not know how to swim.	False	n/a	n/a
2173.921875	0.2	1113048	211	control_incorrect	214	66	1	delong	unexpected	a	an	ship	island	100	0	4.7	3.61	Sandra decided that she would work for a cruise line for a year before starting university although she had never been on	and did not know how to swim.	False	n/a	n/a
2174.21484375	0.0	1113198	145	item_marker	215	45	1	delong	unexpected	an	a	amateur	beginner	73	5	6.0	6.45	The professional photographer was disqualified from the photo contest because the rules explicitly state that you must be	in order to compete.	False	n/a	n/a
2174.40234375	0.2	1113294	255	filler_word	215	45	1	delong	unexpected	an	a	amateur	beginner	73	5	6.0	6.45	The professional photographer was disqualified from the photo contest because the rules explicitly state that you must be	in order to compete.	False	n/a	n/a
2174.880859375	0.2	1113539	255	filler_word	215	45	1	delong	unexpected	an	a	amateur	beginner	73	5	6.0	6.45	The professional photographer was disqualified from the photo contest because the rules explicitly state that you must be	in order to compete.	False	n/a	n/a
2175.361328125	0.2	1113785	255	filler_word	215	45	1	delong	unexpected	an	a	amateur	beginner	73	5	6.0	6.45	The professional photographer was disqualified from the photo contest because the rules explicitly state that you must be	in order to compete.	False	n/a	n/a
2175.841796875	0.2	1114031	255	filler_word	215	45	1	delong	unexpected	an	a	amateur	beginner	73	5	6.0	6.45	The professional photographer was disqualified from the photo contest because the rules explicitly state that you must be	in order to compete.	False	n/a	n/a
2180.080078125	0.2	1116201	255	filler_word	215	45	1	delong	unexpected	an	a	amateur	beginner	73	5	6.0	6.45	The professional photographer was disqualified from the photo contest because the rules explicitly state that you must be	in order to compete.	False	n/a	n/a
2180.560546875	0.2	1116447	255	filler_word	215	45	1	delong	unexpected	an	a	amateur	beginner	73	5	6.0	6.45	The professional photographer was disqualified from the photo contest because the rules explicitly state that you must be	in order to compete.	False	n/a	n/a
2181.0390625	0.2	1116692	255	filler_word	215	45	1	delong	unexpected	an	a	amateur	beginner	73	5	6.0	6.45	The professional photographer was disqualified from the photo contest because the rules explicitly state that you must be	in order to compete.	False	n/a	n/a
2181.51953125	0.2	1116938	255	filler_word	215	45	1	delong	unexpected	an	a	amateur	beginner	73	5	6.0	6.45	The professional photographer was disqualified from the photo contest because the rules explicitly state that you must be	in order to compete.	False	n/a	n/a
2182.0	0.2	1117184	210	control_correct	215	45	1	delong	unexpected	an	a	amateur	beginner	73	5	6.0	6.45	The professional photographer was disqualified from the photo contest because the rules explicitly state that you must be	in order to compete.	False	n/a	n/a
2182.29296875	0.0	1117334	180	item_marker	216	80	1	delong	expected	a	an	tourist	alien	95	5	5.9	2.07	With his khaki shorts and his loud Hawaiian shirt and the camera around his neck you could definitely tell that the man was	in the country.	False	n/a	n/a
2182.478515625	0.2	1117429	255	filler_word	216	80	1	delong	expected	a	an	tourist	alien	95	5	5.9	2.07	With his khaki shorts and his loud Hawaiian shirt and the camera around his neck you could definitely tell that the man was	in the country.	False	n/a	n/a
2182.958984375	0.2	1117675	255	filler_word	216	80	1	delong	expected	a	an	tourist	alien	95	5	5.9	2.07	With his khaki shorts and his loud Hawaiian shirt and the camera around his neck you could definitely tell that the man was	in the country.	False	n/a	n/a
2183.439453125	0.2	1117921	255	filler_word	216	80	1	delong	expected	a	an	tourist	alien	95	5	5.9	2.07	With his khaki shorts and his loud Hawaiian shirt and the camera around his neck you could definitely tell that the man was	in the country.	False	n/a	n/a
2187.263671875	0.2	1119879	255	filler_word	216	80	1	delong	expected	a	an	tourist	alien	95	5	5.9	2.07	With his khaki shorts and his loud Hawaiian shirt and the camera around his neck you could definitely tell that the man was	in the country.	False	n/a	n/a
2187.744140625	0.2	1120125	255	filler_word	216	80	1	delong	expected	a	an	tourist	alien	95	5	5.9	2.07	With his khaki shorts and his loud Hawaiian shirt and the camera around his neck you could definitely tell that the man was	in the country.	False	n/a	n/a
2188.22265625	0.2	1120370	255	filler_word	216	80	1	delong	expected	a	an	tourist	alien	95	5	5.9	2.07	With his khaki shorts and his loud Hawaiian shirt and the camera around his neck you could definitely tell that the man was	in the country.	False	n/a	n/a
2188.703125	0.2	1120616	255	filler_word	216	80	1	delong	expected	a	an	tourist	alien	95	5	5.9	2.07	With his khaki shorts and his loud Hawaiian shirt and the camera around his neck you could definitely tell that the man was	in the country.	False	n/a	n/a
2189.18359375	0.2	1120862	255	filler_word	216	80	1	delong	expected	a	an	tourist	alien	95	5	5.9	2.07	With his khaki shorts and his loud Hawaiian shirt and the camera around his neck you could definitely tell that the man was	in the country.	False	n/a	n/a
2189.662109375	0.2	1121107	211	control_incorrect	216	80	1	delong	expected	a	an	tourist	alien	95	5	5.9	2.07	With his khaki shorts and his loud Hawaiian shirt and the camera around his neck you could definitely tell that the man was	in the country.	False	n/a	n/a
2189.95703125	0.0	1121258	153	item_marker	217	53	1	delong	unexpected	an	a	actor	director	70	25	6.33	5.68	Lance had moved to Hollywood in hopes of becoming	but so far he had only done a few commercials.	False	n/a	n/a
2190.142578125	0.2	1121353	255	filler_word	217	53	1	delong	unexpected	an	a	actor	director	70	25	6.33	5.68	Lance had moved to Hollywood in hopes of becoming	but so far he had only done a few commercials.	False	n/a	n/a
2190.623046875	0.2	1121599	255	filler_word	217	53	1	delong	unexpected	an	a	actor	director	70	25	6.33	5.68	Lance had moved to Hollywood in hopes of becoming	but so far he had only done a few commercials.	False	n/a	n/a
2191.1015625	0.2	1121844	255	filler_word	217	53	1	delong	unexpected	an	a	actor	director	70	25	6.33	5.68	Lance had moved to Hollywood in hopes of becoming	but so far he had only done a few commercials.	False	n/a	n/a
2191.58203125	0.2	1122090	255	filler_word	217	53	1	delong	unexpected	an	a	actor	director	70	25	6.33	5.68	Lance had moved to Hollywood in hopes of becoming	but so far he had only done a few commercials.	False	n/a	n/a
2195.701171875	0.2	1124199	255	filler_word	217	53	1	delong	unexpected	an	a	actor	director	70	25	6.33	5.68	Lance had moved to Hollywood in hopes of becoming	but so far he had only done a few commercials.	False	n/a	n/a
2196.1796875	0.2	1124444	255	filler_word	217	53	1	delong	unexpected	an	a	actor	director	70	25	6.33	5.68	Lance had moved to Hollywood in hopes of becoming	but so far he had only done a few commercials.	False	n/a	n/a
2196.66015625	0.2	1124690	255	filler_word	217	53	1	delong	unexpected	an	a	actor	director	70	25	6.33	5.68	Lance had moved to Hollywood in hopes of becoming	but so far he had only done a few commercials.	False	n/a	n/a
2197.140625	0.2	1124936	255	filler_word	217	53	1	delong	unexpected	an	a	actor	director	70	25	6.33	5.68	Lance had moved to Hollywood in hopes of becoming	but so far he had only done a few commercials.	False	n/a	n/a
2197.619140625	0.2	1125181	211	control_incorrect	217	53	1	delong	unexpected	an	a	actor	director	70	25	6.33	5.68	Lance had moved to Hollywood in hopes of becoming	but so far he had only done a few commercials.	False	n/a	n/a
2197.9140625	0.0	1125332	149	item_marker	218	49	1	delong	unexpected	an	a	onion	finger	20	2	5.94	5.87	At first Victoria did not know why her brother was crying over the sink but then she noticed that he had just sliced	with his knife.	False	n/a	n/a
2198.099609375	0.2	1125427	255	filler_word	218	49	1	delong	unexpected	an	a	onion	finger	20	2	5.94	5.87	At first Victoria did not know why her brother was crying over the sink but then she noticed that he had just sliced	with his knife.	False	n/a	n/a
2198.580078125	0.2	1125673	255	filler_word	218	49	1	delong	unexpected	an	a	onion	finger	20	2	5.94	5.87	At first Victoria did not know why her brother was crying over the sink but then she noticed that he had just sliced	with his knife.	False	n/a	n/a
2199.060546875	0.2	1125919	255	filler_word	218	49	1	delong	unexpected	an	a	onion	finger	20	2	5.94	5.87	At first Victoria did not know why her brother was crying over the sink but then she noticed that he had just sliced	with his knife.	False	n/a	n/a
2202.2578125	0.2	1127556	255	filler_word	218	49	1	delong	unexpected	an	a	onion	finger	20	2	5.94	5.87	At first Victoria did not know why her brother was crying over the sink but then she noticed that he had just sliced	with his knife.	False	n/a	n/a
2202.73828125	0.2	1127802	255	filler_word	218	49	1	delong	unexpected	an	a	onion	finger	20	2	5.94	5.87	At first Victoria did not know why her brother was crying over the sink but then she noticed that he had just sliced	with his knife.	False	n/a	n/a
2203.21875	0.2	1128048	255	filler_word	218	49	1	delong	unexpected	an	a	onion	finger	20	2	5.94	5.87	At first Victoria did not know why her brother was crying over the sink but then she noticed that he had just sliced	with his knife.	False	n/a	n/a
2203.697265625	0.2	1128293	210	control_correct	218	49	1	delong	unexpected	an	a	onion	finger	20	2	5.94	5.87	At first Victoria did not know why her brother was crying over the sink but then she noticed that he had just sliced	with his knife.	False	n/a	n/a
2203.990234375	0.0	1128443	168	item_marker	219	68	1	delong	expected	a	an	cat	owl	82	18	6.1	4.3	Every time they went for walks Sylvia's dog Rex would break into a run as soon as he spotted	but luckily Rex couldn't climb trees.	False	n/a	n/a
2204.177734375	0.2	1128539	255	filler_word	219	68	1	delong	expected	a	an	cat	owl	82	18	6.1	4.3	Every time they went for walks Sylvia's dog Rex would break into a run as soon as he spotted	but luckily Rex couldn't climb trees.	False	n/a	n/a
2204.658203125	0.2	1128785	255	filler_word	219	68	1	delong	expected	a	an	cat	owl	82	18	6.1	4.3	Every time they went for walks Sylvia's dog Rex would break into a run as soon as he spotted	but luckily Rex couldn't climb trees.	False	n/a	n/a
2205.13671875	0.2	1129030	255	filler_word	219	68	1	delong	expected	a	an	cat	owl	82	18	6.1	4.3	Every time they went for walks Sylvia's dog Rex would break into a run as soon as he spotted	but luckily Rex couldn't climb trees.	False	n/a	n/a
2205.6171875	0.2	1129276	255	filler_word	219	68	1	delong	expected	a	an	cat	owl	82	18	6.1	4.3	Every time they went for walks Sylvia's dog Rex would break into a run as soon as he spotted	but luckily Rex couldn't climb trees.	False	n/a	n/a
2210.068359375	0.2	1131555	255	filler_word	219	68	1	delong	expected	a	an	cat	owl	82	18	6.1	4.3	Every time they went for walks Sylvia's dog Rex would break into a run as soon as he spotted	but luckily Rex couldn't climb trees.	False	n/a	n/a
2210.548828125	0.2	1131801	255	filler_word	219	68	1	delong	expected	a	an	cat	owl	82	18	6.1	4.3	Every time they went for walks Sylvia's dog Rex would break into a run as soon as he spotted	but luckily Rex couldn't climb trees.	False	n/a	n/a
2211.029296875	0.2	1132047	255	filler_word	219	68	1	delong	expected	a	an	cat	owl	82	18	6.1	4.3	Every time they went for walks Sylvia's dog Rex would break into a run as soon as he spotted	but luckily Rex couldn't climb trees.	False	n/a	n/a
2211.5078125	0.2	1132292	211	control_incorrect	219	68	1	delong	expected	a	an	cat	owl	82	18	6.1	4.3	Every time they went for walks Sylvia's dog Rex would break into a run as soon as he spotted	but luckily Rex couldn't climb trees.	False	n/a	n/a
2211.80078125	0.0	1132442	150	item_marker	220	50	1	delong	unexpected	a	an	finger	onion	27	0	5.35	3.13	Marie wanted to sample a tiny bit of the sauce so she daintily dipped	into the pot.	False	n/a	n/a
2211.98828125	0.2	1132538	255	filler_word	220	50	1	delong	unexpected	a	an	finger	onion	27	0	5.35	3.13	Marie wanted to sample a tiny bit of the sauce so she daintily dipped	into the pot.	False	n/a	n/a
2212.46875	0.2	1132784	255	filler_word	220	50	1	delong	unexpected	a	an	finger	onion	27	0	5.35	3.13	Marie wanted to sample a tiny bit of the sauce so she daintily dipped	into the pot.	False	n/a	n/a
2212.947265625	0.2	1133029	255	filler_word	220	50	1	delong	unexpected	a	an	finger	onion	27	0	5.35	3.13	Marie wanted to sample a tiny bit of the sauce so she daintily dipped	into the pot.	False	n/a	n/a
2216.16015625	0.2	1134674	255	filler_word	220	50	1	delong	unexpected	a	an	finger	onion	27	0	5.35	3.13	Marie wanted to sample a tiny bit of the sauce so she daintily dipped	into the pot.	False	n/a	n/a
2216.640625	0.2	1134920	255	filler_word	220	50	1	delong	unexpected	a	an	finger	onion	27	0	5.35	3.13	Marie wanted to sample a tiny bit of the sauce so she daintily dipped	into the pot.	False	n/a	n/a
2217.119140625	0.2	1135165	255	filler_word	220	50	1	delong	unexpected	a	an	finger	onion	27	0	5.35	3.13	Marie wanted to sample a tiny bit of the sauce so she daintily dipped	into the pot.	False	n/a	n/a
2217.599609375	0.2	1135411	211	control_incorrect	220	50	1	delong	unexpected	a	an	finger	onion	27	0	5.35	3.13	Marie wanted to sample a tiny bit of the sauce so she daintily dipped	into the pot.	False	n/a	n/a
2217.892578125	0.0	1135561	146	item_marker	221	46	1	delong	unexpected	a	an	beginner	amateur	82	16	6.17	6.16	There are always ways to improve your game whether you're an advanced tennis player or merely	you just need to practice a lot.	False	n/a	n/a
2218.080078125	0.2	1135657	255	filler_word	221	46	1	delong	unexpected	a	an	beginner	amateur	82	16	6.17	6.16	There are always ways to improve your game whether you're an advanced tennis player or merely	you just need to practice a lot.	False	n/a	n/a
2218.55859375	0.2	1135902	255	filler_word	221	46	1	delong	unexpected	a	an	beginner	amateur	82	16	6.17	6.16	There are always ways to improve your game whether you're an advanced tennis player or merely	you just need to practice a lot.	False	n/a	n/a
2222.078125	0.2	1137704	255	filler_word	221	46	1	delong	unexpected	a	an	beginner	amateur	82	16	6.17	6.16	There are always ways to improve your game whether you're an advanced tennis player or merely	you just need to practice a lot.	False	n/a	n/a
2222.55859375	0.2	1137950	255	filler_word	221	46	1	delong	unexpected	a	an	beginner	amateur	82	16	6.17	6.16	There are always ways to improve your game whether you're an advanced tennis player or merely	you just need to practice a lot.	False	n/a	n/a
2223.037109375	0.2	1138195	255	filler_word	221	46	1	delong	unexpected	a	an	beginner	amateur	82	16	6.17	6.16	There are always ways to improve your game whether you're an advanced tennis player or merely	you just need to practice a lot.	False	n/a	n/a
2223.517578125	0.2	1138441	255	filler_word	221	46	1	delong	unexpected	a	an	beginner	amateur	82	16	6.17	6.16	There are always ways to improve your game whether you're an advanced tennis player or merely	you just need to practice a lot.	False	n/a	n/a
2223.998046875	0.2	1138687	211	control_incorrect	221	46	1	delong	unexpected	a	an	beginner	amateur	82	16	6.17	6.16	There are always ways to improve your game whether you're an advanced tennis player or merely	you just need to practice a lot.	False	n/a	n/a
2224.291015625	0.0	1138837	162	item_marker	222	62	1	delong	unexpected	a	an	coach	offense	98	0	6.0	3.3	Ever since Mr.Barnes had moved away Bobby's football team had been left without	and thus lost all their games.	False	n/a	n/a
2224.4765625	0.2	1138932	255	filler_word	222	62	1	delong	unexpected	a	an	coach	offense	98	0	6.0	3.3	Ever since Mr.Barnes had moved away Bobby's football team had been left without	and thus lost all their games.	False	n/a	n/a
2224.95703125	0.2	1139178	255	filler_word	222	62	1	delong	unexpected	a	an	coach	offense	98	0	6.0	3.3	Ever since Mr.Barnes had moved away Bobby's football team had been left without	and thus lost all their games.	False	n/a	n/a
2225.4375	0.2	1139424	255	filler_word	222	62	1	delong	unexpected	a	an	coach	offense	98	0	6.0	3.3	Ever since Mr.Barnes had moved away Bobby's football team had been left without	and thus lost all their games.	False	n/a	n/a
2225.916015625	0.2	1139669	255	filler_word	222	62	1	delong	unexpected	a	an	coach	offense	98	0	6.0	3.3	Ever since Mr.Barnes had moved away Bobby's football team had been left without	and thus lost all their games.	False	n/a	n/a
2233.5	0.2	1143552	255	filler_word	222	62	1	delong	unexpected	a	an	coach	offense	98	0	6.0	3.3	Ever since Mr.Barnes had moved away Bobby's football team had been left without	and thus lost all their games.	False	n/a	n/a
2233.98046875	0.2	1143798	255	filler_word	222	62	1	delong	unexpected	a	an	coach	offense	98	0	6.0	3.3	Ever since Mr.Barnes had moved away Bobby's football team had been left without	and thus lost all their games.	False	n/a	n/a
2234.4609375	0.2	1144044	211	control_incorrect	222	62	1	delong	unexpected	a	an	coach	offense	98	0	6.0	3.3	Ever since Mr.Barnes had moved away Bobby's football team had been left without	and thus lost all their games.	False	n/a	n/a
2234.75390625	0.0	1144194	141	item_marker	223	41	1	delong	unexpected	an	a	adult	parent	91	9	5.58	4.7	In order to get into an R-rated movie children under 17 must be accompanied by	or legal guardian.	False	n/a	n/a
2234.939453125	0.2	1144289	255	filler_word	223	41	1	delong	unexpected	an	a	adult	parent	91	9	5.58	4.7	In order to get into an R-rated movie children under 17 must be accompanied by	or legal guardian.	False	n/a	n/a
2235.419921875	0.2	1144535	255	filler_word	223	41	1	delong	unexpected	an	a	adult	parent	91	9	5.58	4.7	In order to get into an R-rated movie children under 17 must be accompanied by	or legal guardian.	False	n/a	n/a
2241.00390625	0.2	1147394	255	filler_word	223	41	1	delong	unexpected	an	a	adult	parent	91	9	5.58	4.7	In order to get into an R-rated movie children under 17 must be accompanied by	or legal guardian.	False	n/a	n/a
2241.484375	0.2	1147640	255	filler_word	223	41	1	delong	unexpected	an	a	adult	parent	91	9	5.58	4.7	In order to get into an R-rated movie children under 17 must be accompanied by	or legal guardian.	False	n/a	n/a
2241.96484375	0.2	1147886	255	filler_word	223	41	1	delong	unexpected	an	a	adult	parent	91	9	5.58	4.7	In order to get into an R-rated movie children under 17 must be accompanied by	or legal guardian.	False	n/a	n/a
2242.443359375	0.2	1148131	210	control_correct	223	41	1	delong	unexpected	an	a	adult	parent	91	9	5.58	4.7	In order to get into an R-rated movie children under 17 must be accompanied by	or legal guardian.	False	n/a	n/a
2242.736328125	0.0	1148281	151	item_marker	224	51	1	delong	expected	an	a	author	success	75	25	6.03	6.19	After Joanne's first book was published she finally felt she could call herself	in front of her peers.	True	Was this Joanne's first book?	yes
2242.923828125	0.2	1148377	255	filler_word	224	51	1	delong	expected	an	a	author	success	75	25	6.03	6.19	After Joanne's first book was published she finally felt she could call herself	in front of her peers.	True	Was this Joanne's first book?	yes
2243.404296875	0.2	1148623	255	filler_word	224	51	1	delong	expected	an	a	author	success	75	25	6.03	6.19	After Joanne's first book was published she finally felt she could call herself	in front of her peers.	True	Was this Joanne's first book?	yes
2243.8828125	0.2	1148868	255	filler_word	224	51	1	delong	expected	an	a	author	success	75	25	6.03	6.19	After Joanne's first book was published she finally felt she could call herself	in front of her peers.	True	Was this Joanne's first book?	yes
2244.36328125	0.2	1149114	255	filler_word	224	51	1	delong	expected	an	a	author	success	75	25	6.03	6.19	After Joanne's first book was published she finally felt she could call herself	in front of her peers.	True	Was this Joanne's first book?	yes
2249.615234375	0.2	1151803	255	filler_word	224	51	1	delong	expected	an	a	author	success	75	25	6.03	6.19	After Joanne's first book was published she finally felt she could call herself	in front of her peers.	True	Was this Joanne's first book?	yes
2250.09375	0.2	1152048	255	filler_word	224	51	1	delong	expected	an	a	author	success	75	25	6.03	6.19	After Joanne's first book was published she finally felt she could call herself	in front of her peers.	True	Was this Joanne's first book?	yes
2250.57421875	0.2	1152294	255	filler_word	224	51	1	delong	expected	an	a	author	success	75	25	6.03	6.19	After Joanne's first book was published she finally felt she could call herself	in front of her peers.	True	Was this Joanne's first book?	yes
2251.0546875	0.2	1152540	255	filler_word	224	51	1	delong	expected	an	a	author	success	75	25	6.03	6.19	After Joanne's first book was published she finally felt she could call herself	in front of her peers.	True	Was this Joanne's first book?	yes
2251.533203125	0.2	1152785	255	filler_word	224	51	1	delong	expected	an	a	author	success	75	25	6.03	6.19	After Joanne's first book was published she finally felt she could call herself	in front of her peers.	True	Was this Joanne's first book?	yes
2252.013671875	0.2	1153031	210	control_correct	224	51	1	delong	expected	an	a	author	success	75	25	6.03	6.19	After Joanne's first book was published she finally felt she could call herself	in front of her peers.	True	Was this Joanne's first book?	yes
2252.306640625	0.0	1153181	160	item_marker	225	60	1	delong	expected	a	an	city	airport	16	0	6.45	4.77	Hannah wanted to live in a small town but her husband preferred to live closer to	because of his job.	False	n/a	n/a
2252.494140625	0.2	1153277	255	filler_word	225	60	1	delong	expected	a	an	city	airport	16	0	6.45	4.77	Hannah wanted to live in a small town but her husband preferred to live closer to	because of his job.	False	n/a	n/a
2252.97265625	0.2	1153522	255	filler_word	225	60	1	delong	expected	a	an	city	airport	16	0	6.45	4.77	Hannah wanted to live in a small town but her husband preferred to live closer to	because of his job.	False	n/a	n/a
2253.453125	0.2	1153768	255	filler_word	225	60	1	delong	expected	a	an	city	airport	16	0	6.45	4.77	Hannah wanted to live in a small town but her husband preferred to live closer to	because of his job.	False	n/a	n/a
2253.93359375	0.2	1154014	255	filler_word	225	60	1	delong	expected	a	an	city	airport	16	0	6.45	4.77	Hannah wanted to live in a small town but her husband preferred to live closer to	because of his job.	False	n/a	n/a
2254.412109375	0.2	1154259	255	filler_word	225	60	1	delong	expected	a	an	city	airport	16	0	6.45	4.77	Hannah wanted to live in a small town but her husband preferred to live closer to	because of his job.	False	n/a	n/a
2259.4375	0.2	1156832	255	filler_word	225	60	1	delong	expected	a	an	city	airport	16	0	6.45	4.77	Hannah wanted to live in a small town but her husband preferred to live closer to	because of his job.	False	n/a	n/a
2259.91796875	0.2	1157078	255	filler_word	225	60	1	delong	expected	a	an	city	airport	16	0	6.45	4.77	Hannah wanted to live in a small town but her husband preferred to live closer to	because of his job.	False	n/a	n/a
2260.396484375	0.2	1157323	255	filler_word	225	60	1	delong	expected	a	an	city	airport	16	0	6.45	4.77	Hannah wanted to live in a small town but her husband preferred to live closer to	because of his job.	False	n/a	n/a
2260.876953125	0.2	1157569	211	control_incorrect	225	60	1	delong	expected	a	an	city	airport	16	0	6.45	4.77	Hannah wanted to live in a small town but her husband preferred to live closer to	because of his job.	False	n/a	n/a
2261.169921875	0.0	1157719	154	item_marker	226	54	1	delong	unexpected	a	an	director	actor	93	5	6.17	5.55	From a young age Steven had an interest in filmmaking and had always dreamed of being	when he grew up.	True	Was Steven interested in art?	no
2261.357421875	0.2	1157815	255	filler_word	226	54	1	delong	unexpected	a	an	director	actor	93	5	6.17	5.55	From a young age Steven had an interest in filmmaking and had always dreamed of being	when he grew up.	True	Was Steven interested in art?	no
2261.8359375	0.2	1158060	255	filler_word	226	54	1	delong	unexpected	a	an	director	actor	93	5	6.17	5.55	From a young age Steven had an interest in filmmaking and had always dreamed of being	when he grew up.	True	Was Steven interested in art?	no
2262.31640625	0.2	1158306	255	filler_word	226	54	1	delong	unexpected	a	an	director	actor	93	5	6.17	5.55	From a young age Steven had an interest in filmmaking and had always dreamed of being	when he grew up.	True	Was Steven interested in art?	no
2262.796875	0.2	1158552	255	filler_word	226	54	1	delong	unexpected	a	an	director	actor	93	5	6.17	5.55	From a young age Steven had an interest in filmmaking and had always dreamed of being	when he grew up.	True	Was Steven interested in art?	no
2263.275390625	0.2	1158797	255	filler_word	226	54	1	delong	unexpected	a	an	director	actor	93	5	6.17	5.55	From a young age Steven had an interest in filmmaking and had always dreamed of being	when he grew up.	True	Was Steven interested in art?	no
2263.755859375	0.2	1159043	255	filler_word	226	54	1	delong	unexpected	a	an	director	actor	93	5	6.17	5.55	From a young age Steven had an interest in filmmaking and had always dreamed of being	when he grew up.	True	Was Steven interested in art?	no
2270.7265625	0.2	1162612	255	filler_word	226	54	1	delong	unexpected	a	an	director	actor	93	5	6.17	5.55	From a young age Steven had an interest in filmmaking and had always dreamed of being	when he grew up.	True	Was Steven interested in art?	no
2271.20703125	0.2	1162858	255	filler_word	226	54	1	delong	unexpected	a	an	director	actor	93	5	6.17	5.55	From a young age Steven had an interest in filmmaking and had always dreamed of being	when he grew up.	True	Was Steven interested in art?	no
2271.6875	0.2	1163104	255	filler_word	226	54	1	delong	unexpected	a	an	director	actor	93	5	6.17	5.55	From a young age Steven had an interest in filmmaking and had always dreamed of being	when he grew up.	True	Was Steven interested in art?	no
2272.166015625	0.2	1163349	255	filler_word	226	54	1	delong	unexpected	a	an	director	actor	93	5	6.17	5.55	From a young age Steven had an interest in filmmaking and had always dreamed of being	when he grew up.	True	Was Steven interested in art?	no
2272.646484375	0.2	1163595	211	control_incorrect	226	54	1	delong	unexpected	a	an	director	actor	93	5	6.17	5.55	From a young age Steven had an interest in filmmaking and had always dreamed of being	when he grew up.	True	Was Steven interested in art?	no
2272.939453125	0.0	1163745	157	item_marker	227	57	1	delong	unexpected	an	a	escalator	wheelchair	34	11	5.87	1.94	Damon preferred climbing stairs over going up	because it had given him the chance to get a little exercise.	True	Did Damon prefer stairs over lifts?	yes
2273.126953125	0.2	1163841	255	filler_word	227	57	1	delong	unexpected	an	a	escalator	wheelchair	34	11	5.87	1.94	Damon preferred climbing stairs over going up	because it had given him the chance to get a little exercise.	True	Did Damon prefer stairs over lifts?	yes
2273.60546875	0.2	1164086	255	filler_word	227	57	1	delong	unexpected	an	a	escalator	wheelchair	34	11	5.87	1.94	Damon preferred climbing stairs over going up	because it had given him the chance to get a little exercise.	True	Did Damon prefer stairs over lifts?	yes
2274.0859375	0.2	1164332	255	filler_word	227	57	1	delong	unexpected	an	a	escalator	wheelchair	34	11	5.87	1.94	Damon preferred climbing stairs over going up	because it had given him the chance to get a little exercise.	True	Did Damon prefer stairs over lifts?	yes
2274.56640625	0.2	1164578	255	filler_word	227	57	1	delong	unexpected	an	a	escalator	wheelchair	34	11	5.87	1.94	Damon preferred climbing stairs over going up	because it had given him the chance to get a little exercise.	True	Did Damon prefer stairs over lifts?	yes
2278.1640625	0.2	1166420	255	filler_word	227	57	1	delong	unexpected	an	a	escalator	wheelchair	34	11	5.87	1.94	Damon preferred climbing stairs over going up	because it had given him the chance to get a little exercise.	True	Did Damon prefer stairs over lifts?	yes
2278.64453125	0.2	1166666	255	filler_word	227	57	1	delong	unexpected	an	a	escalator	wheelchair	34	11	5.87	1.94	Damon preferred climbing stairs over going up	because it had given him the chance to get a little exercise.	True	Did Damon prefer stairs over lifts?	yes
2279.123046875	0.2	1166911	255	filler_word	227	57	1	delong	unexpected	an	a	escalator	wheelchair	34	11	5.87	1.94	Damon preferred climbing stairs over going up	because it had given him the chance to get a little exercise.	True	Did Damon prefer stairs over lifts?	yes
2279.603515625	0.2	1167157	210	control_correct	227	57	1	delong	unexpected	an	a	escalator	wheelchair	34	11	5.87	1.94	Damon preferred climbing stairs over going up	because it had given him the chance to get a little exercise.	True	Did Damon prefer stairs over lifts?	yes
2279.896484375	0.0	1167307	147	item_marker	228	47	1	delong	expected	an	a	excuse	story	91	7	6.26	4.93	Amelia did not want to go to the bar with her friends after seeing the movie so she made up	for why she needed to go home early.	True	Did Amelia go home late?	no
2280.083984375	0.2	1167403	255	filler_word	228	47	1	delong	expected	an	a	excuse	story	91	7	6.26	4.93	Amelia did not want to go to the bar with her friends after seeing the movie so she made up	for why she needed to go home early.	True	Did Amelia go home late?	no
2280.5625	0.2	1167648	255	filler_word	228	47	1	delong	expected	an	a	excuse	story	91	7	6.26	4.93	Amelia did not want to go to the bar with her friends after seeing the movie so she made up	for why she needed to go home early.	True	Did Amelia go home late?	no
2281.04296875	0.2	1167894	255	filler_word	228	47	1	delong	expected	an	a	excuse	story	91	7	6.26	4.93	Amelia did not want to go to the bar with her friends after seeing the movie so she made up	for why she needed to go home early.	True	Did Amelia go home late?	no
2281.5234375	0.2	1168140	255	filler_word	228	47	1	delong	expected	an	a	excuse	story	91	7	6.26	4.93	Amelia did not want to go to the bar with her friends after seeing the movie so she made up	for why she needed to go home early.	True	Did Amelia go home late?	no
2282.001953125	0.2	1168385	255	filler_word	228	47	1	delong	expected	an	a	excuse	story	91	7	6.26	4.93	Amelia did not want to go to the bar with her friends after seeing the movie so she made up	for why she needed to go home early.	True	Did Amelia go home late?	no
2285.6953125	0.2	1170276	255	filler_word	228	47	1	delong	expected	an	a	excuse	story	91	7	6.26	4.93	Amelia did not want to go to the bar with her friends after seeing the movie so she made up	for why she needed to go home early.	True	Did Amelia go home late?	no
2286.173828125	0.2	1170521	255	filler_word	228	47	1	delong	expected	an	a	excuse	story	91	7	6.26	4.93	Amelia did not want to go to the bar with her friends after seeing the movie so she made up	for why she needed to go home early.	True	Did Amelia go home late?	no
2286.654296875	0.2	1170767	255	filler_word	228	47	1	delong	expected	an	a	excuse	story	91	7	6.26	4.93	Amelia did not want to go to the bar with her friends after seeing the movie so she made up	for why she needed to go home early.	True	Did Amelia go home late?	no
2287.134765625	0.2	1171013	255	filler_word	228	47	1	delong	expected	an	a	excuse	story	91	7	6.26	4.93	Amelia did not want to go to the bar with her friends after seeing the movie so she made up	for why she needed to go home early.	True	Did Amelia go home late?	no
2287.61328125	0.2	1171258	255	filler_word	228	47	1	delong	expected	an	a	excuse	story	91	7	6.26	4.93	Amelia did not want to go to the bar with her friends after seeing the movie so she made up	for why she needed to go home early.	True	Did Amelia go home late?	no
2288.09375	0.2	1171504	255	filler_word	228	47	1	delong	expected	an	a	excuse	story	91	7	6.26	4.93	Amelia did not want to go to the bar with her friends after seeing the movie so she made up	for why she needed to go home early.	True	Did Amelia go home late?	no
2288.57421875	0.2	1171750	211	control_incorrect	228	47	1	delong	expected	an	a	excuse	story	91	7	6.26	4.93	Amelia did not want to go to the bar with her friends after seeing the movie so she made up	for why she needed to go home early.	True	Did Amelia go home late?	no
2288.8671875	0.0	1171900	158	item_marker	229	58	1	delong	unexpected	a	an	wheelchair	escalator	66	0	5.83	5.03	The doctors told Monica not to use her legs too much so soon after her surgery so she often used	when moving around to rest her legs.	True	Could Monica use stairs very often?	no
2289.052734375	0.2	1171995	255	filler_word	229	58	1	delong	unexpected	a	an	wheelchair	escalator	66	0	5.83	5.03	The doctors told Monica not to use her legs too much so soon after her surgery so she often used	when moving around to rest her legs.	True	Could Monica use stairs very often?	no
2289.533203125	0.2	1172241	255	filler_word	229	58	1	delong	unexpected	a	an	wheelchair	escalator	66	0	5.83	5.03	The doctors told Monica not to use her legs too much so soon after her surgery so she often used	when moving around to rest her legs.	True	Could Monica use stairs very often?	no
2290.013671875	0.2	1172487	255	filler_word	229	58	1	delong	unexpected	a	an	wheelchair	escalator	66	0	5.83	5.03	The doctors told Monica not to use her legs too much so soon after her surgery so she often used	when moving around to rest her legs.	True	Could Monica use stairs very often?	no
2293.33203125	0.2	1174186	255	filler_word	229	58	1	delong	unexpected	a	an	wheelchair	escalator	66	0	5.83	5.03	The doctors told Monica not to use her legs too much so soon after her surgery so she often used	when moving around to rest her legs.	True	Could Monica use stairs very often?	no
2293.8125	0.2	1174432	255	filler_word	229	58	1	delong	unexpected	a	an	wheelchair	escalator	66	0	5.83	5.03	The doctors told Monica not to use her legs too much so soon after her surgery so she often used	when moving around to rest her legs.	True	Could Monica use stairs very often?	no
2294.291015625	0.2	1174677	255	filler_word	229	58	1	delong	unexpected	a	an	wheelchair	escalator	66	0	5.83	5.03	The doctors told Monica not to use her legs too much so soon after her surgery so she often used	when moving around to rest her legs.	True	Could Monica use stairs very often?	no
2294.771484375	0.2	1174923	210	control_correct	229	58	1	delong	unexpected	a	an	wheelchair	escalator	66	0	5.83	5.03	The doctors told Monica not to use her legs too much so soon after her surgery so she often used	when moving around to rest her legs.	True	Could Monica use stairs very often?	no
2295.064453125	0.0	1175073	171	item_marker	230	71	1	delong	expected	an	a	order	compliment	57	0	5.8	3.16	The waitress at the next table was trying to scribble everything down but it was obvious that she did not know how to take	from her customers.	False	n/a	n/a
2295.251953125	0.2	1175169	255	filler_word	230	71	1	delong	expected	an	a	order	compliment	57	0	5.8	3.16	The waitress at the next table was trying to scribble everything down but it was obvious that she did not know how to take	from her customers.	False	n/a	n/a
2295.73046875	0.2	1175414	255	filler_word	230	71	1	delong	expected	an	a	order	compliment	57	0	5.8	3.16	The waitress at the next table was trying to scribble everything down but it was obvious that she did not know how to take	from her customers.	False	n/a	n/a
2296.2109375	0.2	1175660	255	filler_word	230	71	1	delong	expected	an	a	order	compliment	57	0	5.8	3.16	The waitress at the next table was trying to scribble everything down but it was obvious that she did not know how to take	from her customers.	False	n/a	n/a
2299.755859375	0.2	1177475	255	filler_word	230	71	1	delong	expected	an	a	order	compliment	57	0	5.8	3.16	The waitress at the next table was trying to scribble everything down but it was obvious that she did not know how to take	from her customers.	False	n/a	n/a
2300.236328125	0.2	1177721	255	filler_word	230	71	1	delong	expected	an	a	order	compliment	57	0	5.8	3.16	The waitress at the next table was trying to scribble everything down but it was obvious that she did not know how to take	from her customers.	False	n/a	n/a
2300.716796875	0.2	1177967	255	filler_word	230	71	1	delong	expected	an	a	order	compliment	57	0	5.8	3.16	The waitress at the next table was trying to scribble everything down but it was obvious that she did not know how to take	from her customers.	False	n/a	n/a
2301.1953125	0.2	1178212	255	filler_word	230	71	1	delong	expected	an	a	order	compliment	57	0	5.8	3.16	The waitress at the next table was trying to scribble everything down but it was obvious that she did not know how to take	from her customers.	False	n/a	n/a
2301.67578125	0.2	1178458	255	filler_word	230	71	1	delong	expected	an	a	order	compliment	57	0	5.8	3.16	The waitress at the next table was trying to scribble everything down but it was obvious that she did not know how to take	from her customers.	False	n/a	n/a
2302.15625	0.2	1178704	210	control_correct	230	71	1	delong	expected	an	a	order	compliment	57	0	5.8	3.16	The waitress at the next table was trying to scribble everything down but it was obvious that she did not know how to take	from her customers.	False	n/a	n/a
2302.44921875	0.0	1178854	144	item_marker	231	44	1	delong	expected	an	a	envelope	stamp	77	0	5.87	5.06	When Wendy went to pay for the birthday card the clerk pointed out that she had forgotten to pick up	along with it.	False	n/a	n/a
2302.634765625	0.2	1178949	255	filler_word	231	44	1	delong	expected	an	a	envelope	stamp	77	0	5.87	5.06	When Wendy went to pay for the birthday card the clerk pointed out that she had forgotten to pick up	along with it.	False	n/a	n/a
2303.115234375	0.2	1179195	255	filler_word	231	44	1	delong	expected	an	a	envelope	stamp	77	0	5.87	5.06	When Wendy went to pay for the birthday card the clerk pointed out that she had forgotten to pick up	along with it.	False	n/a	n/a
2303.595703125	0.2	1179441	255	filler_word	231	44	1	delong	expected	an	a	envelope	stamp	77	0	5.87	5.06	When Wendy went to pay for the birthday card the clerk pointed out that she had forgotten to pick up	along with it.	False	n/a	n/a
2306.673828125	0.2	1181017	255	filler_word	231	44	1	delong	expected	an	a	envelope	stamp	77	0	5.87	5.06	When Wendy went to pay for the birthday card the clerk pointed out that she had forgotten to pick up	along with it.	False	n/a	n/a
2307.154296875	0.2	1181263	255	filler_word	231	44	1	delong	expected	an	a	envelope	stamp	77	0	5.87	5.06	When Wendy went to pay for the birthday card the clerk pointed out that she had forgotten to pick up	along with it.	False	n/a	n/a
2307.6328125	0.2	1181508	255	filler_word	231	44	1	delong	expected	an	a	envelope	stamp	77	0	5.87	5.06	When Wendy went to pay for the birthday card the clerk pointed out that she had forgotten to pick up	along with it.	False	n/a	n/a
2308.11328125	0.2	1181754	255	filler_word	231	44	1	delong	expected	an	a	envelope	stamp	77	0	5.87	5.06	When Wendy went to pay for the birthday card the clerk pointed out that she had forgotten to pick up	along with it.	False	n/a	n/a
2308.59375	0.2	1182000	210	control_correct	231	44	1	delong	expected	an	a	envelope	stamp	77	0	5.87	5.06	When Wendy went to pay for the birthday card the clerk pointed out that she had forgotten to pick up	along with it.	False	n/a	n/a
2308.88671875	0.0	1182150	152	item_marker	232	52	1	delong	expected	a	an	success	author	86	5	5.8	2.87	Alicia's first client was a failure but her second was	and made her a lot of money.	False	n/a	n/a
2309.072265625	0.2	1182245	255	filler_word	232	52	1	delong	expected	a	an	success	author	86	5	5.8	2.87	Alicia's first client was a failure but her second was	and made her a lot of money.	False	n/a	n/a
2309.552734375	0.2	1182491	255	filler_word	232	52	1	delong	expected	a	an	success	author	86	5	5.8	2.87	Alicia's first client was a failure but her second was	and made her a lot of money.	False	n/a	n/a
2310.033203125	0.2	1182737	255	filler_word	232	52	1	delong	expected	a	an	success	author	86	5	5.8	2.87	Alicia's first client was a failure but her second was	and made her a lot of money.	False	n/a	n/a
2314.111328125	0.2	1184825	255	filler_word	232	52	1	delong	expected	a	an	success	author	86	5	5.8	2.87	Alicia's first client was a failure but her second was	and made her a lot of money.	False	n/a	n/a
2314.591796875	0.2	1185071	255	filler_word	232	52	1	delong	expected	a	an	success	author	86	5	5.8	2.87	Alicia's first client was a failure but her second was	and made her a lot of money.	False	n/a	n/a
2315.0703125	0.2	1185316	255	filler_word	232	52	1	delong	expected	a	an	success	author	86	5	5.8	2.87	Alicia's first client was a failure but her second was	and made her a lot of money.	False	n/a	n/a
2315.55078125	0.2	1185562	211	control_incorrect	232	52	1	delong	expected	a	an	success	author	86	5	5.8	2.87	Alicia's first client was a failure but her second was	and made her a lot of money.	False	n/a	n/a
2315.84375	0.0	1185712	177	item_marker	233	77	1	delong	unexpected	an	a	egg	window	70	0	6.07	1.84	Violet was just learning how to make an omelette so her father began by showing her how to crack	in the kitchen.	False	n/a	n/a
2316.03125	0.2	1185808	255	filler_word	233	77	1	delong	unexpected	an	a	egg	window	70	0	6.07	1.84	Violet was just learning how to make an omelette so her father began by showing her how to crack	in the kitchen.	False	n/a	n/a
2316.509765625	0.2	1186053	255	filler_word	233	77	1	delong	unexpected	an	a	egg	window	70	0	6.07	1.84	Violet was just learning how to make an omelette so her father began by showing her how to crack	in the kitchen.	False	n/a	n/a
2316.990234375	0.2	1186299	255	filler_word	233	77	1	delong	unexpected	an	a	egg	window	70	0	6.07	1.84	Violet was just learning how to make an omelette so her father began by showing her how to crack	in the kitchen.	False	n/a	n/a
2321.748046875	0.2	1188735	255	filler_word	233	77	1	delong	unexpected	an	a	egg	window	70	0	6.07	1.84	Violet was just learning how to make an omelette so her father began by showing her how to crack	in the kitchen.	False	n/a	n/a
2322.228515625	0.2	1188981	255	filler_word	233	77	1	delong	unexpected	an	a	egg	window	70	0	6.07	1.84	Violet was just learning how to make an omelette so her father began by showing her how to crack	in the kitchen.	False	n/a	n/a
2322.708984375	0.2	1189227	255	filler_word	233	77	1	delong	unexpected	an	a	egg	window	70	0	6.07	1.84	Violet was just learning how to make an omelette so her father began by showing her how to crack	in the kitchen.	False	n/a	n/a
2323.1875	0.2	1189472	210	control_correct	233	77	1	delong	unexpected	an	a	egg	window	70	0	6.07	1.84	Violet was just learning how to make an omelette so her father began by showing her how to crack	in the kitchen.	False	n/a	n/a
2323.48046875	0.0	1189622	163	item_marker	234	63	1	delong	expected	an	a	idea	name	75	25	5.37	6.03	The group had been brainstorming all day but they still didn't have	for their project.	True	Did the group reach a conclusion?	no
2323.66796875	0.2	1189718	255	filler_word	234	63	1	delong	expected	an	a	idea	name	75	25	5.37	6.03	The group had been brainstorming all day but they still didn't have	for their project.	True	Did the group reach a conclusion?	no
2324.1484375	0.2	1189964	255	filler_word	234	63	1	delong	expected	an	a	idea	name	75	25	5.37	6.03	The group had been brainstorming all day but they still didn't have	for their project.	True	Did the group reach a conclusion?	no
2324.626953125	0.2	1190209	255	filler_word	234	63	1	delong	expected	an	a	idea	name	75	25	5.37	6.03	The group had been brainstorming all day but they still didn't have	for their project.	True	Did the group reach a conclusion?	no
2325.107421875	0.2	1190455	255	filler_word	234	63	1	delong	expected	an	a	idea	name	75	25	5.37	6.03	The group had been brainstorming all day but they still didn't have	for their project.	True	Did the group reach a conclusion?	no
2328.453125	0.2	1192168	255	filler_word	234	63	1	delong	expected	an	a	idea	name	75	25	5.37	6.03	The group had been brainstorming all day but they still didn't have	for their project.	True	Did the group reach a conclusion?	no
2328.931640625	0.2	1192413	255	filler_word	234	63	1	delong	expected	an	a	idea	name	75	25	5.37	6.03	The group had been brainstorming all day but they still didn't have	for their project.	True	Did the group reach a conclusion?	no
2329.412109375	0.2	1192659	255	filler_word	234	63	1	delong	expected	an	a	idea	name	75	25	5.37	6.03	The group had been brainstorming all day but they still didn't have	for their project.	True	Did the group reach a conclusion?	no
2329.892578125	0.2	1192905	255	filler_word	234	63	1	delong	expected	an	a	idea	name	75	25	5.37	6.03	The group had been brainstorming all day but they still didn't have	for their project.	True	Did the group reach a conclusion?	no
2330.37109375	0.2	1193150	210	control_correct	234	63	1	delong	expected	an	a	idea	name	75	25	5.37	6.03	The group had been brainstorming all day but they still didn't have	for their project.	True	Did the group reach a conclusion?	no
2330.666015625	0.0	1193301	179	item_marker	235	79	1	delong	expected	an	a	alien	tourist	95	0	4.97	2.03	Bob claims to be from outer space but nobody believes that he is actually	from another planet.	True	Does Bob claim to be from Canada?	no
2330.8515625	0.2	1193396	255	filler_word	235	79	1	delong	expected	an	a	alien	tourist	95	0	4.97	2.03	Bob claims to be from outer space but nobody believes that he is actually	from another planet.	True	Does Bob claim to be from Canada?	no
2331.33203125	0.2	1193642	255	filler_word	235	79	1	delong	expected	an	a	alien	tourist	95	0	4.97	2.03	Bob claims to be from outer space but nobody believes that he is actually	from another planet.	True	Does Bob claim to be from Canada?	no
2331.810546875	0.2	1193887	255	filler_word	235	79	1	delong	expected	an	a	alien	tourist	95	0	4.97	2.03	Bob claims to be from outer space but nobody believes that he is actually	from another planet.	True	Does Bob claim to be from Canada?	no
2332.291015625	0.2	1194133	255	filler_word	235	79	1	delong	expected	an	a	alien	tourist	95	0	4.97	2.03	Bob claims to be from outer space but nobody believes that he is actually	from another planet.	True	Does Bob claim to be from Canada?	no
2337.275390625	0.2	1196685	255	filler_word	235	79	1	delong	expected	an	a	alien	tourist	95	0	4.97	2.03	Bob claims to be from outer space but nobody believes that he is actually	from another planet.	True	Does Bob claim to be from Canada?	no
2337.755859375	0.2	1196931	255	filler_word	235	79	1	delong	expected	an	a	alien	tourist	95	0	4.97	2.03	Bob claims to be from outer space but nobody believes that he is actually	from another planet.	True	Does Bob claim to be from Canada?	no
2338.236328125	0.2	1197177	255	filler_word	235	79	1	delong	expected	an	a	alien	tourist	95	0	4.97	2.03	Bob claims to be from outer space but nobody believes that he is actually	from another planet.	True	Does Bob claim to be from Canada?	no
2338.71484375	0.2	1197422	210	control_correct	235	79	1	delong	expected	an	a	alien	tourist	95	0	4.97	2.03	Bob claims to be from outer space but nobody believes that he is actually	from another planet.	True	Does Bob claim to be from Canada?	no
2339.009765625	0.0	1197573	156	item_marker	236	56	1	delong	expected	a	an	crowd	audience	100	0	6.06	2.9	Carrie's father had always joked that two is company but three is	for him.	False	n/a	n/a
2339.1953125	0.2	1197668	255	filler_word	236	56	1	delong	expected	a	an	crowd	audience	100	0	6.06	2.9	Carrie's father had always joked that two is company but three is	for him.	False	n/a	n/a
2339.67578125	0.2	1197914	255	filler_word	236	56	1	delong	expected	a	an	crowd	audience	100	0	6.06	2.9	Carrie's father had always joked that two is company but three is	for him.	False	n/a	n/a
2340.154296875	0.2	1198159	255	filler_word	236	56	1	delong	expected	a	an	crowd	audience	100	0	6.06	2.9	Carrie's father had always joked that two is company but three is	for him.	False	n/a	n/a
2340.634765625	0.2	1198405	255	filler_word	236	56	1	delong	expected	a	an	crowd	audience	100	0	6.06	2.9	Carrie's father had always joked that two is company but three is	for him.	False	n/a	n/a
2344.8203125	0.2	1200548	255	filler_word	236	56	1	delong	expected	a	an	crowd	audience	100	0	6.06	2.9	Carrie's father had always joked that two is company but three is	for him.	False	n/a	n/a
2345.30078125	0.2	1200794	255	filler_word	236	56	1	delong	expected	a	an	crowd	audience	100	0	6.06	2.9	Carrie's father had always joked that two is company but three is	for him.	False	n/a	n/a
2345.779296875	0.2	1201039	255	filler_word	236	56	1	delong	expected	a	an	crowd	audience	100	0	6.06	2.9	Carrie's father had always joked that two is company but three is	for him.	False	n/a	n/a
2346.259765625	0.2	1201285	255	filler_word	236	56	1	delong	expected	a	an	crowd	audience	100	0	6.06	2.9	Carrie's father had always joked that two is company but three is	for him.	False	n/a	n/a
2346.740234375	0.2	1201531	211	control_incorrect	236	56	1	delong	expected	a	an	crowd	audience	100	0	6.06	2.9	Carrie's father had always joked that two is company but three is	for him.	False	n/a	n/a
2347.033203125	0.0	1201681	173	item_marker	237	73	1	delong	unexpected	an	a	animal	flower	77	18	4.67	5.84	Carly wasn't sure if the Venus flytrap was classified as a plant or as	but it seemed to have characteristics of both.	False	n/a	n/a
2347.21875	0.2	1201776	255	filler_word	237	73	1	delong	unexpected	an	a	animal	flower	77	18	4.67	5.84	Carly wasn't sure if the Venus flytrap was classified as a plant or as	but it seemed to have characteristics of both.	False	n/a	n/a
2347.69921875	0.2	1202022	255	filler_word	237	73	1	delong	unexpected	an	a	animal	flower	77	18	4.67	5.84	Carly wasn't sure if the Venus flytrap was classified as a plant or as	but it seemed to have characteristics of both.	False	n/a	n/a
2348.1796875	0.2	1202268	255	filler_word	237	73	1	delong	unexpected	an	a	animal	flower	77	18	4.67	5.84	Carly wasn't sure if the Venus flytrap was classified as a plant or as	but it seemed to have characteristics of both.	False	n/a	n/a
2348.658203125	0.2	1202513	255	filler_word	237	73	1	delong	unexpected	an	a	animal	flower	77	18	4.67	5.84	Carly wasn't sure if the Venus flytrap was classified as a plant or as	but it seemed to have characteristics of both.	False	n/a	n/a
2353.8828125	0.2	1205188	255	filler_word	237	73	1	delong	unexpected	an	a	animal	flower	77	18	4.67	5.84	Carly wasn't sure if the Venus flytrap was classified as a plant or as	but it seemed to have characteristics of both.	False	n/a	n/a
2354.36328125	0.2	1205434	255	filler_word	237	73	1	delong	unexpected	an	a	animal	flower	77	18	4.67	5.84	Carly wasn't sure if the Venus flytrap was classified as a plant or as	but it seemed to have characteristics of both.	False	n/a	n/a
2354.84375	0.2	1205680	255	filler_word	237	73	1	delong	unexpected	an	a	animal	flower	77	18	4.67	5.84	Carly wasn't sure if the Venus flytrap was classified as a plant or as	but it seemed to have characteristics of both.	False	n/a	n/a
2355.322265625	0.2	1205925	255	filler_word	237	73	1	delong	unexpected	an	a	animal	flower	77	18	4.67	5.84	Carly wasn't sure if the Venus flytrap was classified as a plant or as	but it seemed to have characteristics of both.	False	n/a	n/a
2355.802734375	0.2	1206171	211	control_incorrect	237	73	1	delong	unexpected	an	a	animal	flower	77	18	4.67	5.84	Carly wasn't sure if the Venus flytrap was classified as a plant or as	but it seemed to have characteristics of both.	False	n/a	n/a
2356.095703125	0.0	1206321	161	item_marker	238	61	1	delong	unexpected	an	a	offense	coach	70	18	5.32	3.33	Although the basketball team's defence was very strong they did not have so much of	since the middle of the season.	False	n/a	n/a
2356.283203125	0.2	1206417	255	filler_word	238	61	1	delong	unexpected	an	a	offense	coach	70	18	5.32	3.33	Although the basketball team's defence was very strong they did not have so much of	since the middle of the season.	False	n/a	n/a
2356.76171875	0.2	1206662	255	filler_word	238	61	1	delong	unexpected	an	a	offense	coach	70	18	5.32	3.33	Although the basketball team's defence was very strong they did not have so much of	since the middle of the season.	False	n/a	n/a
2357.2421875	0.2	1206908	255	filler_word	238	61	1	delong	unexpected	an	a	offense	coach	70	18	5.32	3.33	Although the basketball team's defence was very strong they did not have so much of	since the middle of the season.	False	n/a	n/a
2357.72265625	0.2	1207154	255	filler_word	238	61	1	delong	unexpected	an	a	offense	coach	70	18	5.32	3.33	Although the basketball team's defence was very strong they did not have so much of	since the middle of the season.	False	n/a	n/a
2361.986328125	0.2	1209337	255	filler_word	238	61	1	delong	unexpected	an	a	offense	coach	70	18	5.32	3.33	Although the basketball team's defence was very strong they did not have so much of	since the middle of the season.	False	n/a	n/a
2362.466796875	0.2	1209583	255	filler_word	238	61	1	delong	unexpected	an	a	offense	coach	70	18	5.32	3.33	Although the basketball team's defence was very strong they did not have so much of	since the middle of the season.	False	n/a	n/a
2362.947265625	0.2	1209829	255	filler_word	238	61	1	delong	unexpected	an	a	offense	coach	70	18	5.32	3.33	Although the basketball team's defence was very strong they did not have so much of	since the middle of the season.	False	n/a	n/a
2363.42578125	0.2	1210074	255	filler_word	238	61	1	delong	unexpected	an	a	offense	coach	70	18	5.32	3.33	Although the basketball team's defence was very strong they did not have so much of	since the middle of the season.	False	n/a	n/a
2363.90625	0.2	1210320	210	control_correct	238	61	1	delong	unexpected	an	a	offense	coach	70	18	5.32	3.33	Although the basketball team's defence was very strong they did not have so much of	since the middle of the season.	False	n/a	n/a
2364.19921875	0.0	1210470	159	item_marker	239	59	1	delong	expected	an	a	airport	city	52	16	6.03	4.9	The pilot had to make an emergency landing in the middle of the desert because he was nowhere near	or a safe place to land.	False	n/a	n/a
2364.38671875	0.2	1210566	255	filler_word	239	59	1	delong	expected	an	a	airport	city	52	16	6.03	4.9	The pilot had to make an emergency landing in the middle of the desert because he was nowhere near	or a safe place to land.	False	n/a	n/a
2364.865234375	0.2	1210811	255	filler_word	239	59	1	delong	expected	an	a	airport	city	52	16	6.03	4.9	The pilot had to make an emergency landing in the middle of the desert because he was nowhere near	or a safe place to land.	False	n/a	n/a
2365.345703125	0.2	1211057	255	filler_word	239	59	1	delong	expected	an	a	airport	city	52	16	6.03	4.9	The pilot had to make an emergency landing in the middle of the desert because he was nowhere near	or a safe place to land.	False	n/a	n/a
2365.826171875	0.2	1211303	255	filler_word	239	59	1	delong	expected	an	a	airport	city	52	16	6.03	4.9	The pilot had to make an emergency landing in the middle of the desert because he was nowhere near	or a safe place to land.	False	n/a	n/a
