onset	duration	sample	value	trial_type	sequence_id	item_number	list	task_type	condition	expected_article	unexpected_article	expected_noun	unexpected_noun	expected_cloze	unexpected_cloze	plausibility_expected	plausibility_unexpected	sentence_context	sentence_ending	has_question	question_text	question_answer
179.262	0.2	179262	255	filler_word	n/a	n/a	n/a	delong	n/a	n/a	n/a	n/a	n/a	n/a	n/a	n/a	n/a	n/a	n/a	n/a	n/a	n/a
179.748	0.2	179748	255	filler_word	n/a	n/a	n/a	delong	n/a	n/a	n/a	n/a	n/a	n/a	n/a	n/a	n/a	n/a	n/a	n/a	n/a	n/a
180.233	0.2	180233	255	filler_word	n/a	n/a	n/a	delong	n/a	n/a	n/a	n/a	n/a	n/a	n/a	n/a	n/a	n/a	n/a	n/a	n/a	n/a
180.718	0.2	180718	255	filler_word	n/a	n/a	n/a	delong	n/a	n/a	n/a	n/a	n/a	n/a	n/a	n/a	n/a	n/a	n/a	n/a	n/a	n/a
181.203	0.2	181203	255	filler_word	n/a	n/a	n/a	delong	n/a	n/a	n/a	n/a	n/a	n/a	n/a	n/a	n/a	n/a	n/a	n/a	n/a	n/a
181.688	0.2	181688	255	filler_word	n/a	n/a	n/a	delong	n/a	n/a	n/a	n/a	n/a	n/a	n/a	n/a	n/a	n/a	n/a	n/a	n/a	n/a
182.174	0.2	182174	255	filler_word	n/a	n/a	n/a	delong	n/a	n/a	n/a	n/a	n/a	n/a	n/a	n/a	n/a	n/a	n/a	n/a	n/a	n/a
182.659	0.2	182659	255	filler_word	n/a	n/a	n/a	delong	n/a	n/a	n/a	n/a	n/a	n/a	n/a	n/a	n/a	n/a	n/a	n/a	n/a	n/a
183.144	0.2	183144	255	filler_word	n/a	n/a	n/a	delong	n/a	n/a	n/a	n/a	n/a	n/a	n/a	n/a	n/a	n/a	n/a	n/a	n/a	n/a
183.629	0.2	183629	255	filler_word	n/a	n/a	n/a	delong	n/a	n/a	n/a	n/a	n/a	n/a	n/a	n/a	n/a	n/a	n/a	n/a	n/a	n/a
184.114	0.2	184114	255	filler_word	n/a	n/a	n/a	delong	n/a	n/a	n/a	n/a	n/a	n/a	n/a	n/a	n/a	n/a	n/a	n/a	n/a	n/a
184.599	0.2	184599	255	filler_word	n/a	n/a	n/a	delong	n/a	n/a	n/a	n/a	n/a	n/a	n/a	n/a	n/a	n/a	n/a	n/a	n/a	n/a
185.085	0.2	185085	203	a_unexpected	n/a	n/a	n/a	delong	n/a	n/a	n/a	n/a	n/a	n/a	n/a	n/a	n/a	n/a	n/a	n/a	n/a	n/a
185.135	0.0	185135	36	cloze_marker	n/a	n/a	n/a	delong	n/a	n/a	n/a	n/a	n/a	n/a	n/a	n/a	n/a	n/a	n/a	n/a	n/a	n/a
185.369	0.0	185369	113	item_marker	0	13	1	delong	unexpected	an	a	artist	student	61	36	5.73	5.23	On a street corner in Paris Kim had her portrait painted by	for three euros.	False	n/a	n/a
185.57	0.2	185570	206	noun_unexpected	0	13	1	delong	unexpected	an	a	artist	student	61	36	5.73	5.23	On a street corner in Paris Kim had her portrait painted by	for three euros.	False	n/a	n/a
185.62	0.0	185620	200	cloze_marker	0	13	1	delong	unexpected	an	a	artist	student	61	36	5.73	5.23	On a street corner in Paris Kim had her portrait painted by	for three euros.	False	n/a	n/a
185.854	0.0	185854	113	item_marker	1	13	1	delong	unexpected	an	a	artist	student	61	36	5.73	5.23	On a street corner in Paris Kim had her portrait painted by	for three euros.	False	n/a	n/a
186.055	0.2	186055	255	filler_word	1	13	1	delong	unexpected	an	a	artist	student	61	36	5.73	5.23	On a street corner in Paris Kim had her portrait painted by	for three euros.	False	n/a	n/a
186.54	0.2	186540	255	filler_word	1	13	1	delong	unexpected	an	a	artist	student	61	36	5.73	5.23	On a street corner in Paris Kim had her portrait painted by	for three euros.	False	n/a	n/a
187.025	0.2	187025	208	final_unexpected	1	13	1	delong	unexpected	an	a	artist	student	61	36	5.73	5.23	On a street corner in Paris Kim had her portrait painted by	for three euros.	False	n/a	n/a
189.267	0.2	189267	255	filler_word	1	13	1	delong	unexpected	an	a	artist	student	61	36	5.73	5.23	On a street corner in Paris Kim had her portrait painted by	for three euros.	False	n/a	n/a
189.752	0.2	189752	255	filler_word	1	13	1	delong	unexpected	an	a	artist	student	61	36	5.73	5.23	On a street corner in Paris Kim had her portrait painted by	for three euros.	False	n/a	n/a
190.238	0.2	190238	255	filler_word	1	13	1	delong	unexpected	an	a	artist	student	61	36	5.73	5.23	On a street corner in Paris Kim had her portrait painted by	for three euros.	False	n/a	n/a
190.723	0.2	190723	255	filler_word	1	13	1	delong	unexpected	an	a	artist	student	61	36	5.73	5.23	On a street corner in Paris Kim had her portrait painted by	for three euros.	False	n/a	n/a
191.208	0.2	191208	255	filler_word	1	13	1	delong	unexpected	an	a	artist	student	61	36	5.73	5.23	On a street corner in Paris Kim had her portrait painted by	for three euros.	False	n/a	n/a
191.693	0.2	191693	255	filler_word	1	13	1	delong	unexpected	an	a	artist	student	61	36	5.73	5.23	On a street corner in Paris Kim had her portrait painted by	for three euros.	False	n/a	n/a
192.178	0.2	192178	255	filler_word	1	13	1	delong	unexpected	an	a	artist	student	61	36	5.73	5.23	On a street corner in Paris Kim had her portrait painted by	for three euros.	False	n/a	n/a
192.664	0.2	192664	255	filler_word	1	13	1	delong	unexpected	an	a	artist	student	61	36	5.73	5.23	On a street corner in Paris Kim had her portrait painted by	for three euros.	False	n/a	n/a
193.149	0.2	193149	255	filler_word	1	13	1	delong	unexpected	an	a	artist	student	61	36	5.73	5.23	On a street corner in Paris Kim had her portrait painted by	for three euros.	False	n/a	n/a
193.634	0.2	193634	255	filler_word	1	13	1	delong	unexpected	an	a	artist	student	61	36	5.73	5.23	On a street corner in Paris Kim had her portrait painted by	for three euros.	False	n/a	n/a
194.119	0.2	194119	255	filler_word	1	13	1	delong	unexpected	an	a	artist	student	61	36	5.73	5.23	On a street corner in Paris Kim had her portrait painted by	for three euros.	False	n/a	n/a
194.604	0.2	194604	255	filler_word	1	13	1	delong	unexpected	an	a	artist	student	61	36	5.73	5.23	On a street corner in Paris Kim had her portrait painted by	for three euros.	False	n/a	n/a
195.089	0.2	195089	255	filler_word	1	13	1	delong	unexpected	an	a	artist	student	61	36	5.73	5.23	On a street corner in Paris Kim had her portrait painted by	for three euros.	False	n/a	n/a
195.575	0.2	195575	255	filler_word	1	13	1	delong	unexpected	an	a	artist	student	61	36	5.73	5.23	On a street corner in Paris Kim had her portrait painted by	for three euros.	False	n/a	n/a
196.06	0.2	196060	255	filler_word	1	13	1	delong	unexpected	an	a	artist	student	61	36	5.73	5.23	On a street corner in Paris Kim had her portrait painted by	for three euros.	False	n/a	n/a
196.545	0.2	196545	255	filler_word	1	13	1	delong	unexpected	an	a	artist	student	61	36	5.73	5.23	On a street corner in Paris Kim had her portrait painted by	for three euros.	False	n/a	n/a
197.03	0.2	197030	255	filler_word	1	13	1	delong	unexpected	an	a	artist	student	61	36	5.73	5.23	On a street corner in Paris Kim had her portrait painted by	for three euros.	False	n/a	n/a
197.515	0.2	197515	255	filler_word	1	13	1	delong	unexpected	an	a	artist	student	61	36	5.73	5.23	On a street corner in Paris Kim had her portrait painted by	for three euros.	False	n/a	n/a
198.001	0.2	198001	255	filler_word	1	13	1	delong	unexpected	an	a	artist	student	61	36	5.73	5.23	On a street corner in Paris Kim had her portrait painted by	for three euros.	False	n/a	n/a
198.486	0.2	198486	255	filler_word	1	13	1	delong	unexpected	an	a	artist	student	61	36	5.73	5.23	On a street corner in Paris Kim had her portrait painted by	for three euros.	False	n/a	n/a
198.971	0.2	198971	255	filler_word	1	13	1	delong	unexpected	an	a	artist	student	61	36	5.73	5.23	On a street corner in Paris Kim had her portrait painted by	for three euros.	False	n/a	n/a
199.456	0.2	199456	255	filler_word	1	13	1	delong	unexpected	an	a	artist	student	61	36	5.73	5.23	On a street corner in Paris Kim had her portrait painted by	for three euros.	False	n/a	n/a
199.941	0.2	199941	255	filler_word	1	13	1	delong	unexpected	an	a	artist	student	61	36	5.73	5.23	On a street corner in Paris Kim had her portrait painted by	for three euros.	False	n/a	n/a
200.426	0.2	200426	202	an_expected	1	13	1	delong	unexpected	an	a	artist	student	61	36	5.73	5.23	On a street corner in Paris Kim had her portrait painted by	for three euros.	False	n/a	n/a
200.476	0.0	200476	59	cloze_marker	1	13	1	delong	unexpected	an	a	artist	student	61	36	5.73	5.23	On a street corner in Paris Kim had her portrait painted by	for three euros.	False	n/a	n/a
200.711	0.0	200711	115	item_marker	2	15	1	delong	expected	an	a	education	book	59	27	6.23	3.17	Her grandfather always stressed how important it was for Sophia to go to school, because he had never had the opportunity to receive	while growing up.	False	n/a	n/a
200.912	0.2	200912	205	noun_expected	2	15	1	delong	expected	an	a	education	book	59	27	6.23	3.17	Her grandfather always stressed how important it was for Sophia to go to school, because he had never had the opportunity to receive	while growing up.	False	n/a	n/a
200.962	0.0	200962	90	cloze_marker	2	15	1	delong	expected	an	a	education	book	59	27	6.23	3.17	Her grandfather always stressed how important it was for Sophia to go to school, because he had never had the opportunity to receive	while growing up.	False	n/a	n/a
201.196	0.0	201196	115	item_marker	3	15	1	delong	expected	an	a	education	book	59	27	6.23	3.17	Her grandfather always stressed how important it was for Sophia to go to school, because he had never had the opportunity to receive	while growing up.	False	n/a	n/a
201.397	0.2	201397	255	filler_word	3	15	1	delong	expected	an	a	education	book	59	27	6.23	3.17	Her grandfather always stressed how important it was for Sophia to go to school, because he had never had the opportunity to receive	while growing up.	False	n/a	n/a
201.882	0.2	201882	255	filler_word	3	15	1	delong	expected	an	a	education	book	59	27	6.23	3.17	Her grandfather always stressed how important it was for Sophia to go to school, because he had never had the opportunity to receive	while growing up.	False	n/a	n/a
202.367	0.2	202367	207	final_expected	3	15	1	delong	expected	an	a	education	book	59	27	6.23	3.17	Her grandfather always stressed how important it was for Sophia to go to school, because he had never had the opportunity to receive	while growing up.	False	n/a	n/a
204.592	0.2	204592	255	filler_word	3	15	1	delong	expected	an	a	education	book	59	27	6.23	3.17	Her grandfather always stressed how important it was for Sophia to go to school, because he had never had the opportunity to receive	while growing up.	False	n/a	n/a
205.078	0.2	205078	255	filler_word	3	15	1	delong	expected	an	a	education	book	59	27	6.23	3.17	Her grandfather always stressed how important it was for Sophia to go to school, because he had never had the opportunity to receive	while growing up.	False	n/a	n/a
205.563	0.2	205563	255	filler_word	3	15	1	delong	expected	an	a	education	book	59	27	6.23	3.17	Her grandfather always stressed how important it was for Sophia to go to school, because he had never had the opportunity to receive	while growing up.	False	n/a	n/a
206.048	0.2	206048	255	filler_word	3	15	1	delong	expected	an	a	education	book	59	27	6.23	3.17	Her grandfather always stressed how important it was for Sophia to go to school, because he had never had the opportunity to receive	while growing up.	False	n/a	n/a
206.533	0.2	206533	255	filler_word	3	15	1	delong	expected	an	a	education	book	59	27	6.23	3.17	Her grandfather always stressed how important it was for Sophia to go to school, because he had never had the opportunity to receive	while growing up.	False	n/a	n/a
207.018	0.2	207018	255	filler_word	3	15	1	delong	expected	an	a	education	book	59	27	6.23	3.17	Her grandfather always stressed how important it was for Sophia to go to school, because he had never had the opportunity to receive	while growing up.	False	n/a	n/a
207.503	0.2	207503	255	filler_word	3	15	1	delong	expected	an	a	education	book	59	27	6.23	3.17	Her grandfather always stressed how important it was for Sophia to go to school, because he had never had the opportunity to receive	while growing up.	False	n/a	n/a
207.989	0.2	207989	255	filler_word	3	15	1	delong	expected	an	a	education	book	59	27	6.23	3.17	Her grandfather always stressed how important it was for Sophia to go to school, because he had never had the opportunity to receive	while growing up.	False	n/a	n/a
208.474	0.2	208474	255	filler_word	3	15	1	delong	expected	an	a	education	book	59	27	6.23	3.17	Her grandfather always stressed how important it was for Sophia to go to school, because he had never had the opportunity to receive	while growing up.	False	n/a	n/a
208.959	0.2	208959	255	filler_word	3	15	1	delong	expected	an	a	education	book	59	27	6.23	3.17	Her grandfather always stressed how important it was for Sophia to go to school, because he had never had the opportunity to receive	while growing up.	False	n/a	n/a
209.444	0.2	209444	255	filler_word	3	15	1	delong	expected	an	a	education	book	59	27	6.23	3.17	Her grandfather always stressed how important it was for Sophia to go to school, because he had never had the opportunity to receive	while growing up.	False	n/a	n/a
209.929	0.2	209929	255	filler_word	3	15	1	delong	expected	an	a	education	book	59	27	6.23	3.17	Her grandfather always stressed how important it was for Sophia to go to school, because he had never had the opportunity to receive	while growing up.	False	n/a	n/a
210.415	0.2	210415	255	filler_word	3	15	1	delong	expected	an	a	education	book	59	27	6.23	3.17	Her grandfather always stressed how important it was for Sophia to go to school, because he had never had the opportunity to receive	while growing up.	False	n/a	n/a
210.9	0.2	210900	255	filler_word	3	15	1	delong	expected	an	a	education	book	59	27	6.23	3.17	Her grandfather always stressed how important it was for Sophia to go to school, because he had never had the opportunity to receive	while growing up.	False	n/a	n/a
211.385	0.2	211385	255	filler_word	3	15	1	delong	expected	an	a	education	book	59	27	6.23	3.17	Her grandfather always stressed how important it was for Sophia to go to school, because he had never had the opportunity to receive	while growing up.	False	n/a	n/a
211.87	0.2	211870	255	filler_word	3	15	1	delong	expected	an	a	education	book	59	27	6.23	3.17	Her grandfather always stressed how important it was for Sophia to go to school, because he had never had the opportunity to receive	while growing up.	False	n/a	n/a
212.355	0.2	212355	201	a_expected	3	15	1	delong	expected	an	a	education	book	59	27	6.23	3.17	Her grandfather always stressed how important it was for Sophia to go to school, because he had never had the opportunity to receive	while growing up.	False	n/a	n/a
212.405	0.0	212405	66	cloze_marker	3	15	1	delong	expected	an	a	education	book	59	27	6.23	3.17	Her grandfather always stressed how important it was for Sophia to go to school, because he had never had the opportunity to receive	while growing up.	False	n/a	n/a
212.64	0.0	212640	112	item_marker	4	12	1	delong	expected	a	an	fish	octopus	66	2	5.8	4.0	Marge hated baiting the hook, but she knew that it was the only way to catch	without using a lure.	False	n/a	n/a
212.84	0.2	212840	205	noun_expected	4	12	1	delong	expected	a	an	fish	octopus	66	2	5.8	4.0	Marge hated baiting the hook, but she knew that it was the only way to catch	without using a lure.	False	n/a	n/a
212.89	0.0	212890	100	cloze_marker	4	12	1	delong	expected	a	an	fish	octopus	66	2	5.8	4.0	Marge hated baiting the hook, but she knew that it was the only way to catch	without using a lure.	False	n/a	n/a
213.125	0.0	213125	112	item_marker	5	12	1	delong	expected	a	an	fish	octopus	66	2	5.8	4.0	Marge hated baiting the hook, but she knew that it was the only way to catch	without using a lure.	False	n/a	n/a
213.326	0.2	213326	255	filler_word	5	12	1	delong	expected	a	an	fish	octopus	66	2	5.8	4.0	Marge hated baiting the hook, but she knew that it was the only way to catch	without using a lure.	False	n/a	n/a
213.811	0.2	213811	255	filler_word	5	12	1	delong	expected	a	an	fish	octopus	66	2	5.8	4.0	Marge hated baiting the hook, but she knew that it was the only way to catch	without using a lure.	False	n/a	n/a
214.296	0.2	214296	255	filler_word	5	12	1	delong	expected	a	an	fish	octopus	66	2	5.8	4.0	Marge hated baiting the hook, but she knew that it was the only way to catch	without using a lure.	False	n/a	n/a
214.781	0.2	214781	207	final_expected	5	12	1	delong	expected	a	an	fish	octopus	66	2	5.8	4.0	Marge hated baiting the hook, but she knew that it was the only way to catch	without using a lure.	False	n/a	n/a
216.739	0.2	216739	255	filler_word	5	12	1	delong	expected	a	an	fish	octopus	66	2	5.8	4.0	Marge hated baiting the hook, but she knew that it was the only way to catch	without using a lure.	False	n/a	n/a
217.224	0.2	217224	255	filler_word	5	12	1	delong	expected	a	an	fish	octopus	66	2	5.8	4.0	Marge hated baiting the hook, but she knew that it was the only way to catch	without using a lure.	False	n/a	n/a
217.709	0.2	217709	255	filler_word	5	12	1	delong	expected	a	an	fish	octopus	66	2	5.8	4.0	Marge hated baiting the hook, but she knew that it was the only way to catch	without using a lure.	False	n/a	n/a
218.194	0.2	218194	255	filler_word	5	12	1	delong	expected	a	an	fish	octopus	66	2	5.8	4.0	Marge hated baiting the hook, but she knew that it was the only way to catch	without using a lure.	False	n/a	n/a
218.679	0.2	218679	255	filler_word	5	12	1	delong	expected	a	an	fish	octopus	66	2	5.8	4.0	Marge hated baiting the hook, but she knew that it was the only way to catch	without using a lure.	False	n/a	n/a
219.165	0.2	219165	255	filler_word	5	12	1	delong	expected	a	an	fish	octopus	66	2	5.8	4.0	Marge hated baiting the hook, but she knew that it was the only way to catch	without using a lure.	False	n/a	n/a
219.65	0.2	219650	255	filler_word	5	12	1	delong	expected	a	an	fish	octopus	66	2	5.8	4.0	Marge hated baiting the hook, but she knew that it was the only way to catch	without using a lure.	False	n/a	n/a
220.135	0.2	220135	255	filler_word	5	12	1	delong	expected	a	an	fish	octopus	66	2	5.8	4.0	Marge hated baiting the hook, but she knew that it was the only way to catch	without using a lure.	False	n/a	n/a
220.62	0.2	220620	255	filler_word	5	12	1	delong	expected	a	an	fish	octopus	66	2	5.8	4.0	Marge hated baiting the hook, but she knew that it was the only way to catch	without using a lure.	False	n/a	n/a
221.105	0.2	221105	255	filler_word	5	12	1	delong	expected	a	an	fish	octopus	66	2	5.8	4.0	Marge hated baiting the hook, but she knew that it was the only way to catch	without using a lure.	False	n/a	n/a
221.59	0.2	221590	255	filler_word	5	12	1	delong	expected	a	an	fish	octopus	66	2	5.8	4.0	Marge hated baiting the hook, but she knew that it was the only way to catch	without using a lure.	False	n/a	n/a
222.076	0.2	222076	255	filler_word	5	12	1	delong	expected	a	an	fish	octopus	66	2	5.8	4.0	Marge hated baiting the hook, but she knew that it was the only way to catch	without using a lure.	False	n/a	n/a
222.561	0.2	222561	255	filler_word	5	12	1	delong	expected	a	an	fish	octopus	66	2	5.8	4.0	Marge hated baiting the hook, but she knew that it was the only way to catch	without using a lure.	False	n/a	n/a
223.046	0.2	223046	255	filler_word	5	12	1	delong	expected	a	an	fish	octopus	66	2	5.8	4.0	Marge hated baiting the hook, but she knew that it was the only way to catch	without using a lure.	False	n/a	n/a
223.531	0.2	223531	255	filler_word	5	12	1	delong	expected	a	an	fish	octopus	66	2	5.8	4.0	Marge hated baiting the hook, but she knew that it was the only way to catch	without using a lure.	False	n/a	n/a
224.016	0.2	224016	255	filler_word	5	12	1	delong	expected	a	an	fish	octopus	66	2	5.8	4.0	Marge hated baiting the hook, but she knew that it was the only way to catch	without using a lure.	False	n/a	n/a
224.502	0.2	224502	255	filler_word	5	12	1	delong	expected	a	an	fish	octopus	66	2	5.8	4.0	Marge hated baiting the hook, but she knew that it was the only way to catch	without using a lure.	False	n/a	n/a
224.987	0.2	224987	202	an_expected	5	12	1	delong	expected	a	an	fish	octopus	66	2	5.8	4.0	Marge hated baiting the hook, but she knew that it was the only way to catch	without using a lure.	False	n/a	n/a
225.037	0.0	225037	84	cloze_marker	5	12	1	delong	expected	a	an	fish	octopus	66	2	5.8	4.0	Marge hated baiting the hook, but she knew that it was the only way to catch	without using a lure.	False	n/a	n/a
225.271	0.0	225271	111	item_marker	6	11	1	delong	expected	an	a	octopus	fish	84	9	5.73	3.0	When the scuba diver saw the tentacle, he quickly realized that the creature under the rock was	in hiding.	True	Did the diver see a treasure?	no
225.472	0.2	225472	205	noun_expected	6	11	1	delong	expected	an	a	octopus	fish	84	9	5.73	3.0	When the scuba diver saw the tentacle, he quickly realized that the creature under the rock was	in hiding.	True	Did the diver see a treasure?	no
225.522	0.0	225522	87	cloze_marker	6	11	1	delong	expected	an	a	octopus	fish	84	9	5.73	3.0	When the scuba diver saw the tentacle, he quickly realized that the creature under the rock was	in hiding.	True	Did the diver see a treasure?	no
225.756	0.0	225756	111	item_marker	7	11	1	delong	expected	an	a	octopus	fish	84	9	5.73	3.0	When the scuba diver saw the tentacle, he quickly realized that the creature under the rock was	in hiding.	True	Did the diver see a treasure?	no
225.957	0.2	225957	255	filler_word	7	11	1	delong	expected	an	a	octopus	fish	84	9	5.73	3.0	When the scuba diver saw the tentacle, he quickly realized that the creature under the rock was	in hiding.	True	Did the diver see a treasure?	no
226.442	0.2	226442	207	final_expected	7	11	1	delong	expected	an	a	octopus	fish	84	9	5.73	3.0	When the scuba diver saw the tentacle, he quickly realized that the creature under the rock was	in hiding.	True	Did the diver see a treasure?	no
233.168	0.2	233168	255	filler_word	7	11	1	delong	expected	an	a	octopus	fish	84	9	5.73	3.0	When the scuba diver saw the tentacle, he quickly realized that the creature under the rock was	in hiding.	True	Did the diver see a treasure?	no
233.653	0.2	233653	255	filler_word	7	11	1	delong	expected	an	a	octopus	fish	84	9	5.73	3.0	When the scuba diver saw the tentacle, he quickly realized that the creature under the rock was	in hiding.	True	Did the diver see a treasure?	no
234.138	0.2	234138	255	filler_word	7	11	1	delong	expected	an	a	octopus	fish	84	9	5.73	3.0	When the scuba diver saw the tentacle, he quickly realized that the creature under the rock was	in hiding.	True	Did the diver see a treasure?	no
234.623	0.2	234623	255	filler_word	7	11	1	delong	expected	an	a	octopus	fish	84	9	5.73	3.0	When the scuba diver saw the tentacle, he quickly realized that the creature under the rock was	in hiding.	True	Did the diver see a treasure?	no
235.109	0.2	235109	255	filler_word	7	11	1	delong	expected	an	a	octopus	fish	84	9	5.73	3.0	When the scuba diver saw the tentacle, he quickly realized that the creature under the rock was	in hiding.	True	Did the diver see a treasure?	no
235.594	0.2	235594	255	filler_word	7	11	1	delong	expected	an	a	octopus	fish	84	9	5.73	3.0	When the scuba diver saw the tentacle, he quickly realized that the creature under the rock was	in hiding.	True	Did the diver see a treasure?	no
236.079	0.2	236079	255	filler_word	7	11	1	delong	expected	an	a	octopus	fish	84	9	5.73	3.0	When the scuba diver saw the tentacle, he quickly realized that the creature under the rock was	in hiding.	True	Did the diver see a treasure?	no
236.564	0.2	236564	255	filler_word	7	11	1	delong	expected	an	a	octopus	fish	84	9	5.73	3.0	When the scuba diver saw the tentacle, he quickly realized that the creature under the rock was	in hiding.	True	Did the diver see a treasure?	no
237.049	0.2	237049	255	filler_word	7	11	1	delong	expected	an	a	octopus	fish	84	9	5.73	3.0	When the scuba diver saw the tentacle, he quickly realized that the creature under the rock was	in hiding.	True	Did the diver see a treasure?	no
237.535	0.2	237535	255	filler_word	7	11	1	delong	expected	an	a	octopus	fish	84	9	5.73	3.0	When the scuba diver saw the tentacle, he quickly realized that the creature under the rock was	in hiding.	True	Did the diver see a treasure?	no
238.02	0.2	238020	255	filler_word	7	11	1	delong	expected	an	a	octopus	fish	84	9	5.73	3.0	When the scuba diver saw the tentacle, he quickly realized that the creature under the rock was	in hiding.	True	Did the diver see a treasure?	no
238.505	0.2	238505	255	filler_word	7	11	1	delong	expected	an	a	octopus	fish	84	9	5.73	3.0	When the scuba diver saw the tentacle, he quickly realized that the creature under the rock was	in hiding.	True	Did the diver see a treasure?	no
238.99	0.2	238990	255	filler_word	7	11	1	delong	expected	an	a	octopus	fish	84	9	5.73	3.0	When the scuba diver saw the tentacle, he quickly realized that the creature under the rock was	in hiding.	True	Did the diver see a treasure?	no
239.475	0.2	239475	255	filler_word	7	11	1	delong	expected	an	a	octopus	fish	84	9	5.73	3.0	When the scuba diver saw the tentacle, he quickly realized that the creature under the rock was	in hiding.	True	Did the diver see a treasure?	no
239.96	0.2	239960	255	filler_word	7	11	1	delong	expected	an	a	octopus	fish	84	9	5.73	3.0	When the scuba diver saw the tentacle, he quickly realized that the creature under the rock was	in hiding.	True	Did the diver see a treasure?	no
240.446	0.2	240446	255	filler_word	7	11	1	delong	expected	an	a	octopus	fish	84	9	5.73	3.0	When the scuba diver saw the tentacle, he quickly realized that the creature under the rock was	in hiding.	True	Did the diver see a treasure?	no
240.931	0.2	240931	255	filler_word	7	11	1	delong	expected	an	a	octopus	fish	84	9	5.73	3.0	When the scuba diver saw the tentacle, he quickly realized that the creature under the rock was	in hiding.	True	Did the diver see a treasure?	no
241.416	0.2	241416	255	filler_word	7	11	1	delong	expected	an	a	octopus	fish	84	9	5.73	3.0	When the scuba diver saw the tentacle, he quickly realized that the creature under the rock was	in hiding.	True	Did the diver see a treasure?	no
241.901	0.2	241901	255	filler_word	7	11	1	delong	expected	an	a	octopus	fish	84	9	5.73	3.0	When the scuba diver saw the tentacle, he quickly realized that the creature under the rock was	in hiding.	True	Did the diver see a treasure?	no
242.386	0.2	242386	202	an_expected	7	11	1	delong	expected	an	a	octopus	fish	84	9	5.73	3.0	When the scuba diver saw the tentacle, he quickly realized that the creature under the rock was	in hiding.	True	Did the diver see a treasure?	no
242.436	0.0	242436	98	cloze_marker	7	11	1	delong	expected	an	a	octopus	fish	84	9	5.73	3.0	When the scuba diver saw the tentacle, he quickly realized that the creature under the rock was	in hiding.	True	Did the diver see a treasure?	no
242.671	0.0	242671	119	item_marker	8	19	1	delong	expected	an	a	affair	fight	98	2	6.52	2.07	When her husband started staying late at the office every night, Joanne began to suspect that he was having	with someone at work.	False	n/a	n/a
242.872	0.2	242872	205	noun_expected	8	19	1	delong	expected	an	a	affair	fight	98	2	6.52	2.07	When her husband started staying late at the office every night, Joanne began to suspect that he was having	with someone at work.	False	n/a	n/a
242.922	0.0	242922	100	cloze_marker	8	19	1	delong	expected	an	a	affair	fight	98	2	6.52	2.07	When her husband started staying late at the office every night, Joanne began to suspect that he was having	with someone at work.	False	n/a	n/a
243.156	0.0	243156	119	item_marker	9	19	1	delong	expected	an	a	affair	fight	98	2	6.52	2.07	When her husband started staying late at the office every night, Joanne began to suspect that he was having	with someone at work.	False	n/a	n/a
243.357	0.2	243357	255	filler_word	9	19	1	delong	expected	an	a	affair	fight	98	2	6.52	2.07	When her husband started staying late at the office every night, Joanne began to suspect that he was having	with someone at work.	False	n/a	n/a
243.842	0.2	243842	255	filler_word	9	19	1	delong	expected	an	a	affair	fight	98	2	6.52	2.07	When her husband started staying late at the office every night, Joanne began to suspect that he was having	with someone at work.	False	n/a	n/a
244.327	0.2	244327	255	filler_word	9	19	1	delong	expected	an	a	affair	fight	98	2	6.52	2.07	When her husband started staying late at the office every night, Joanne began to suspect that he was having	with someone at work.	False	n/a	n/a
244.812	0.2	244812	207	final_expected	9	19	1	delong	expected	an	a	affair	fight	98	2	6.52	2.07	When her husband started staying late at the office every night, Joanne began to suspect that he was having	with someone at work.	False	n/a	n/a
247.221	0.2	247221	255	filler_word	9	19	1	delong	expected	an	a	affair	fight	98	2	6.52	2.07	When her husband started staying late at the office every night, Joanne began to suspect that he was having	with someone at work.	False	n/a	n/a
247.707	0.2	247707	255	filler_word	9	19	1	delong	expected	an	a	affair	fight	98	2	6.52	2.07	When her husband started staying late at the office every night, Joanne began to suspect that he was having	with someone at work.	False	n/a	n/a
248.192	0.2	248192	255	filler_word	9	19	1	delong	expected	an	a	affair	fight	98	2	6.52	2.07	When her husband started staying late at the office every night, Joanne began to suspect that he was having	with someone at work.	False	n/a	n/a
248.677	0.2	248677	255	filler_word	9	19	1	delong	expected	an	a	affair	fight	98	2	6.52	2.07	When her husband started staying late at the office every night, Joanne began to suspect that he was having	with someone at work.	False	n/a	n/a
249.162	0.2	249162	255	filler_word	9	19	1	delong	expected	an	a	affair	fight	98	2	6.52	2.07	When her husband started staying late at the office every night, Joanne began to suspect that he was having	with someone at work.	False	n/a	n/a
249.647	0.2	249647	255	filler_word	9	19	1	delong	expected	an	a	affair	fight	98	2	6.52	2.07	When her husband started staying late at the office every night, Joanne began to suspect that he was having	with someone at work.	False	n/a	n/a
250.133	0.2	250133	255	filler_word	9	19	1	delong	expected	an	a	affair	fight	98	2	6.52	2.07	When her husband started staying late at the office every night, Joanne began to suspect that he was having	with someone at work.	False	n/a	n/a
250.618	0.2	250618	255	filler_word	9	19	1	delong	expected	an	a	affair	fight	98	2	6.52	2.07	When her husband started staying late at the office every night, Joanne began to suspect that he was having	with someone at work.	False	n/a	n/a
251.103	0.2	251103	255	filler_word	9	19	1	delong	expected	an	a	affair	fight	98	2	6.52	2.07	When her husband started staying late at the office every night, Joanne began to suspect that he was having	with someone at work.	False	n/a	n/a
251.588	0.2	251588	255	filler_word	9	19	1	delong	expected	an	a	affair	fight	98	2	6.52	2.07	When her husband started staying late at the office every night, Joanne began to suspect that he was having	with someone at work.	False	n/a	n/a
252.073	0.2	252073	255	filler_word	9	19	1	delong	expected	an	a	affair	fight	98	2	6.52	2.07	When her husband started staying late at the office every night, Joanne began to suspect that he was having	with someone at work.	False	n/a	n/a
252.559	0.2	252559	255	filler_word	9	19	1	delong	expected	an	a	affair	fight	98	2	6.52	2.07	When her husband started staying late at the office every night, Joanne began to suspect that he was having	with someone at work.	False	n/a	n/a
253.044	0.2	253044	255	filler_word	9	19	1	delong	expected	an	a	affair	fight	98	2	6.52	2.07	When her husband started staying late at the office every night, Joanne began to suspect that he was having	with someone at work.	False	n/a	n/a
253.529	0.2	253529	255	filler_word	9	19	1	delong	expected	an	a	affair	fight	98	2	6.52	2.07	When her husband started staying late at the office every night, Joanne began to suspect that he was having	with someone at work.	False	n/a	n/a
254.014	0.2	254014	255	filler_word	9	19	1	delong	expected	an	a	affair	fight	98	2	6.52	2.07	When her husband started staying late at the office every night, Joanne began to suspect that he was having	with someone at work.	False	n/a	n/a
254.499	0.2	254499	255	filler_word	9	19	1	delong	expected	an	a	affair	fight	98	2	6.52	2.07	When her husband started staying late at the office every night, Joanne began to suspect that he was having	with someone at work.	False	n/a	n/a
254.984	0.2	254984	255	filler_word	9	19	1	delong	expected	an	a	affair	fight	98	2	6.52	2.07	When her husband started staying late at the office every night, Joanne began to suspect that he was having	with someone at work.	False	n/a	n/a
255.47	0.2	255470	255	filler_word	9	19	1	delong	expected	an	a	affair	fight	98	2	6.52	2.07	When her husband started staying late at the office every night, Joanne began to suspect that he was having	with someone at work.	False	n/a	n/a
255.955	0.2	255955	203	a_unexpected	9	19	1	delong	expected	an	a	affair	fight	98	2	6.52	2.07	When her husband started staying late at the office every night, Joanne began to suspect that he was having	with someone at work.	False	n/a	n/a
256.005	0.0	256005	200	cloze_marker	9	19	1	delong	expected	an	a	affair	fight	98	2	6.52	2.07	When her husband started staying late at the office every night, Joanne began to suspect that he was having	with someone at work.	False	n/a	n/a
256.239	0.0	256239	101	item_marker	10	1	1	delong	unexpected	an	a	apple	carrot	82	0	4.87	2.23	The old wives' tale says that if you want to keep the doctor away then you should eat	a day.	False	n/a	n/a
256.44	0.2	256440	206	noun_unexpected	10	1	1	delong	unexpected	an	a	apple	carrot	82	0	4.87	2.23	The old wives' tale says that if you want to keep the doctor away then you should eat	a day.	False	n/a	n/a
256.49	0.0	256490	200	cloze_marker	10	1	1	delong	unexpected	an	a	apple	carrot	82	0	4.87	2.23	The old wives' tale says that if you want to keep the doctor away then you should eat	a day.	False	n/a	n/a
256.724	0.0	256724	101	item_marker	11	1	1	delong	unexpected	an	a	apple	carrot	82	0	4.87	2.23	The old wives' tale says that if you want to keep the doctor away then you should eat	a day.	False	n/a	n/a
256.925	0.2	256925	255	filler_word	11	1	1	delong	unexpected	an	a	apple	carrot	82	0	4.87	2.23	The old wives' tale says that if you want to keep the doctor away then you should eat	a day.	False	n/a	n/a
257.41	0.2	257410	208	final_unexpected	11	1	1	delong	unexpected	an	a	apple	carrot	82	0	4.87	2.23	The old wives' tale says that if you want to keep the doctor away then you should eat	a day.	False	n/a	n/a
259.334	0.2	259334	255	filler_word	11	1	1	delong	unexpected	an	a	apple	carrot	82	0	4.87	2.23	The old wives' tale says that if you want to keep the doctor away then you should eat	a day.	False	n/a	n/a
259.82	0.2	259820	255	filler_word	11	1	1	delong	unexpected	an	a	apple	carrot	82	0	4.87	2.23	The old wives' tale says that if you want to keep the doctor away then you should eat	a day.	False	n/a	n/a
260.305	0.2	260305	255	filler_word	11	1	1	delong	unexpected	an	a	apple	carrot	82	0	4.87	2.23	The old wives' tale says that if you want to keep the doctor away then you should eat	a day.	False	n/a	n/a
260.79	0.2	260790	255	filler_word	11	1	1	delong	unexpected	an	a	apple	carrot	82	0	4.87	2.23	The old wives' tale says that if you want to keep the doctor away then you should eat	a day.	False	n/a	n/a
261.275	0.2	261275	255	filler_word	11	1	1	delong	unexpected	an	a	apple	carrot	82	0	4.87	2.23	The old wives' tale says that if you want to keep the doctor away then you should eat	a day.	False	n/a	n/a
261.76	0.2	261760	255	filler_word	11	1	1	delong	unexpected	an	a	apple	carrot	82	0	4.87	2.23	The old wives' tale says that if you want to keep the doctor away then you should eat	a day.	False	n/a	n/a
262.245	0.2	262245	255	filler_word	11	1	1	delong	unexpected	an	a	apple	carrot	82	0	4.87	2.23	The old wives' tale says that if you want to keep the doctor away then you should eat	a day.	False	n/a	n/a
262.731	0.2	262731	255	filler_word	11	1	1	delong	unexpected	an	a	apple	carrot	82	0	4.87	2.23	The old wives' tale says that if you want to keep the doctor away then you should eat	a day.	False	n/a	n/a
263.216	0.2	263216	255	filler_word	11	1	1	delong	unexpected	an	a	apple	carrot	82	0	4.87	2.23	The old wives' tale says that if you want to keep the doctor away then you should eat	a day.	False	n/a	n/a
263.701	0.2	263701	255	filler_word	11	1	1	delong	unexpected	an	a	apple	carrot	82	0	4.87	2.23	The old wives' tale says that if you want to keep the doctor away then you should eat	a day.	False	n/a	n/a
264.186	0.2	264186	203	a_unexpected	11	1	1	delong	unexpected	an	a	apple	carrot	82	0	4.87	2.23	The old wives' tale says that if you want to keep the doctor away then you should eat	a day.	False	n/a	n/a
264.236	0.0	264236	2	cloze_marker	11	1	1	delong	unexpected	an	a	apple	carrot	82	0	4.87	2.23	The old wives' tale says that if you want to keep the doctor away then you should eat	a day.	False	n/a	n/a
264.471	0.0	264471	109	item_marker	12	9	1	delong	unexpected	an	a	echo	bird	75	2	5.9	3.83	Surrounded by mountains, Lola shouted across the valley and heard	in the distance.	False	n/a	n/a
264.671	0.2	264671	206	noun_unexpected	12	9	1	delong	unexpected	an	a	echo	bird	75	2	5.9	3.83	Surrounded by mountains, Lola shouted across the valley and heard	in the distance.	False	n/a	n/a
264.721	0.0	264721	3	cloze_marker	12	9	1	delong	unexpected	an	a	echo	bird	75	2	5.9	3.83	Surrounded by mountains, Lola shouted across the valley and heard	in the distance.	False	n/a	n/a
264.956	0.0	264956	109	item_marker	13	9	1	delong	unexpected	an	a	echo	bird	75	2	5.9	3.83	Surrounded by mountains, Lola shouted across the valley and heard	in the distance.	False	n/a	n/a
265.157	0.2	265157	255	filler_word	13	9	1	delong	unexpected	an	a	echo	bird	75	2	5.9	3.83	Surrounded by mountains, Lola shouted across the valley and heard	in the distance.	False	n/a	n/a
265.642	0.2	265642	255	filler_word	13	9	1	delong	unexpected	an	a	echo	bird	75	2	5.9	3.83	Surrounded by mountains, Lola shouted across the valley and heard	in the distance.	False	n/a	n/a
266.127	0.2	266127	208	final_unexpected	13	9	1	delong	unexpected	an	a	echo	bird	75	2	5.9	3.83	Surrounded by mountains, Lola shouted across the valley and heard	in the distance.	False	n/a	n/a
268.319	0.2	268319	255	filler_word	13	9	1	delong	unexpected	an	a	echo	bird	75	2	5.9	3.83	Surrounded by mountains, Lola shouted across the valley and heard	in the distance.	False	n/a	n/a
268.804	0.2	268804	255	filler_word	13	9	1	delong	unexpected	an	a	echo	bird	75	2	5.9	3.83	Surrounded by mountains, Lola shouted across the valley and heard	in the distance.	False	n/a	n/a
269.289	0.2	269289	255	filler_word	13	9	1	delong	unexpected	an	a	echo	bird	75	2	5.9	3.83	Surrounded by mountains, Lola shouted across the valley and heard	in the distance.	False	n/a	n/a
269.774	0.2	269774	255	filler_word	13	9	1	delong	unexpected	an	a	echo	bird	75	2	5.9	3.83	Surrounded by mountains, Lola shouted across the valley and heard	in the distance.	False	n/a	n/a
270.259	0.2	270259	255	filler_word	13	9	1	delong	unexpected	an	a	echo	bird	75	2	5.9	3.83	Surrounded by mountains, Lola shouted across the valley and heard	in the distance.	False	n/a	n/a
270.744	0.2	270744	255	filler_word	13	9	1	delong	unexpected	an	a	echo	bird	75	2	5.9	3.83	Surrounded by mountains, Lola shouted across the valley and heard	in the distance.	False	n/a	n/a
271.23	0.2	271230	255	filler_word	13	9	1	delong	unexpected	an	a	echo	bird	75	2	5.9	3.83	Surrounded by mountains, Lola shouted across the valley and heard	in the distance.	False	n/a	n/a
271.715	0.2	271715	255	filler_word	13	9	1	delong	unexpected	an	a	echo	bird	75	2	5.9	3.83	Surrounded by mountains, Lola shouted across the valley and heard	in the distance.	False	n/a	n/a
272.2	0.2	272200	255	filler_word	13	9	1	delong	unexpected	an	a	echo	bird	75	2	5.9	3.83	Surrounded by mountains, Lola shouted across the valley and heard	in the distance.	False	n/a	n/a
272.685	0.2	272685	255	filler_word	13	9	1	delong	unexpected	an	a	echo	bird	75	2	5.9	3.83	Surrounded by mountains, Lola shouted across the valley and heard	in the distance.	False	n/a	n/a
273.17	0.2	273170	255	filler_word	13	9	1	delong	unexpected	an	a	echo	bird	75	2	5.9	3.83	Surrounded by mountains, Lola shouted across the valley and heard	in the distance.	False	n/a	n/a
273.656	0.2	273656	255	filler_word	13	9	1	delong	unexpected	an	a	echo	bird	75	2	5.9	3.83	Surrounded by mountains, Lola shouted across the valley and heard	in the distance.	False	n/a	n/a
274.141	0.2	274141	255	filler_word	13	9	1	delong	unexpected	an	a	echo	bird	75	2	5.9	3.83	Surrounded by mountains, Lola shouted across the valley and heard	in the distance.	False	n/a	n/a
274.626	0.2	274626	255	filler_word	13	9	1	delong	unexpected	an	a	echo	bird	75	2	5.9	3.83	Surrounded by mountains, Lola shouted across the valley and heard	in the distance.	False	n/a	n/a
275.111	0.2	275111	255	filler_word	13	9	1	delong	unexpected	an	a	echo	bird	75	2	5.9	3.83	Surrounded by mountains, Lola shouted across the valley and heard	in the distance.	False	n/a	n/a
275.596	0.2	275596	201	a_expected	13	9	1	delong	unexpected	an	a	echo	bird	75	2	5.9	3.83	Surrounded by mountains, Lola shouted across the valley and heard	in the distance.	False	n/a	n/a
275.646	0.0	275646	75	cloze_marker	13	9	1	delong	unexpected	an	a	echo	bird	75	2	5.9	3.83	Surrounded by mountains, Lola shouted across the valley and heard	in the distance.	False	n/a	n/a
275.881	0.0	275881	120	item_marker	14	20	1	delong	expected	a	an	fight	affair	75	9	6.19	3.2	Whenever Josh had too much to drink, he became belligerent and would try to start	with someone in the bar.	True	Would Josh sing if drunk?	no
276.081	0.2	276081	205	noun_expected	14	20	1	delong	expected	a	an	fight	affair	75	9	6.19	3.2	Whenever Josh had too much to drink, he became belligerent and would try to start	with someone in the bar.	True	Would Josh sing if drunk?	no
276.131	0.0	276131	90	cloze_marker	14	20	1	delong	expected	a	an	fight	affair	75	9	6.19	3.2	Whenever Josh had too much to drink, he became belligerent and would try to start	with someone in the bar.	True	Would Josh sing if drunk?	no
276.366	0.0	276366	120	item_marker	15	20	1	delong	expected	a	an	fight	affair	75	9	6.19	3.2	Whenever Josh had too much to drink, he became belligerent and would try to start	with someone in the bar.	True	Would Josh sing if drunk?	no
276.567	0.2	276567	255	filler_word	15	20	1	delong	expected	a	an	fight	affair	75	9	6.19	3.2	Whenever Josh had too much to drink, he became belligerent and would try to start	with someone in the bar.	True	Would Josh sing if drunk?	no
277.052	0.2	277052	255	filler_word	15	20	1	delong	expected	a	an	fight	affair	75	9	6.19	3.2	Whenever Josh had too much to drink, he became belligerent and would try to start	with someone in the bar.	True	Would Josh sing if drunk?	no
277.537	0.2	277537	255	filler_word	15	20	1	delong	expected	a	an	fight	affair	75	9	6.19	3.2	Whenever Josh had too much to drink, he became belligerent and would try to start	with someone in the bar.	True	Would Josh sing if drunk?	no
278.022	0.2	278022	255	filler_word	15	20	1	delong	expected	a	an	fight	affair	75	9	6.19	3.2	Whenever Josh had too much to drink, he became belligerent and would try to start	with someone in the bar.	True	Would Josh sing if drunk?	no
278.507	0.2	278507	207	final_expected	15	20	1	delong	expected	a	an	fight	affair	75	9	6.19	3.2	Whenever Josh had too much to drink, he became belligerent and would try to start	with someone in the bar.	True	Would Josh sing if drunk?	no
284.514	0.2	284514	255	filler_word	15	20	1	delong	expected	a	an	fight	affair	75	9	6.19	3.2	Whenever Josh had too much to drink, he became belligerent and would try to start	with someone in the bar.	True	Would Josh sing if drunk?	no
284.999	0.2	284999	255	filler_word	15	20	1	delong	expected	a	an	fight	affair	75	9	6.19	3.2	Whenever Josh had too much to drink, he became belligerent and would try to start	with someone in the bar.	True	Would Josh sing if drunk?	no
285.484	0.2	285484	255	filler_word	15	20	1	delong	expected	a	an	fight	affair	75	9	6.19	3.2	Whenever Josh had too much to drink, he became belligerent and would try to start	with someone in the bar.	True	Would Josh sing if drunk?	no
285.969	0.2	285969	255	filler_word	15	20	1	delong	expected	a	an	fight	affair	75	9	6.19	3.2	Whenever Josh had too much to drink, he became belligerent and would try to start	with someone in the bar.	True	Would Josh sing if drunk?	no
286.454	0.2	286454	255	filler_word	15	20	1	delong	expected	a	an	fight	affair	75	9	6.19	3.2	Whenever Josh had too much to drink, he became belligerent and would try to start	with someone in the bar.	True	Would Josh sing if drunk?	no
286.94	0.2	286940	255	filler_word	15	20	1	delong	expected	a	an	fight	affair	75	9	6.19	3.2	Whenever Josh had too much to drink, he became belligerent and would try to start	with someone in the bar.	True	Would Josh sing if drunk?	no
287.425	0.2	287425	255	filler_word	15	20	1	delong	expected	a	an	fight	affair	75	9	6.19	3.2	Whenever Josh had too much to drink, he became belligerent and would try to start	with someone in the bar.	True	Would Josh sing if drunk?	no
287.91	0.2	287910	255	filler_word	15	20	1	delong	expected	a	an	fight	affair	75	9	6.19	3.2	Whenever Josh had too much to drink, he became belligerent and would try to start	with someone in the bar.	True	Would Josh sing if drunk?	no
288.395	0.2	288395	255	filler_word	15	20	1	delong	expected	a	an	fight	affair	75	9	6.19	3.2	Whenever Josh had too much to drink, he became belligerent and would try to start	with someone in the bar.	True	Would Josh sing if drunk?	no
288.88	0.2	288880	255	filler_word	15	20	1	delong	expected	a	an	fight	affair	75	9	6.19	3.2	Whenever Josh had too much to drink, he became belligerent and would try to start	with someone in the bar.	True	Would Josh sing if drunk?	no
289.365	0.2	289365	255	filler_word	15	20	1	delong	expected	a	an	fight	affair	75	9	6.19	3.2	Whenever Josh had too much to drink, he became belligerent and would try to start	with someone in the bar.	True	Would Josh sing if drunk?	no
289.851	0.2	289851	204	an_unexpected	15	20	1	delong	expected	a	an	fight	affair	75	9	6.19	3.2	Whenever Josh had too much to drink, he became belligerent and would try to start	with someone in the bar.	True	Would Josh sing if drunk?	no
289.901	0.0	289901	200	cloze_marker	15	20	1	delong	expected	a	an	fight	affair	75	9	6.19	3.2	Whenever Josh had too much to drink, he became belligerent and would try to start	with someone in the bar.	True	Would Josh sing if drunk?	no
290.135	0.0	290135	118	item_marker	16	18	1	delong	unexpected	a	an	parade	election	95	0	5.77	3.52	Without the floats and the marching bands it wasn't much of	this year.	False	n/a	n/a
290.336	0.2	290336	206	noun_unexpected	16	18	1	delong	unexpected	a	an	parade	election	95	0	5.77	3.52	Without the floats and the marching bands it wasn't much of	this year.	False	n/a	n/a
290.386	0.0	290386	200	cloze_marker	16	18	1	delong	unexpected	a	an	parade	election	95	0	5.77	3.52	Without the floats and the marching bands it wasn't much of	this year.	False	n/a	n/a
290.62	0.0	290620	118	item_marker	17	18	1	delong	unexpected	a	an	parade	election	95	0	5.77	3.52	Without the floats and the marching bands it wasn't much of	this year.	False	n/a	n/a
290.821	0.2	290821	255	filler_word	17	18	1	delong	unexpected	a	an	parade	election	95	0	5.77	3.52	Without the floats and the marching bands it wasn't much of	this year.	False	n/a	n/a
291.306	0.2	291306	208	final_unexpected	17	18	1	delong	unexpected	a	an	parade	election	95	0	5.77	3.52	Without the floats and the marching bands it wasn't much of	this year.	False	n/a	n/a
293.665	0.2	293665	255	filler_word	17	18	1	delong	unexpected	a	an	parade	election	95	0	5.77	3.52	Without the floats and the marching bands it wasn't much of	this year.	False	n/a	n/a
294.15	0.2	294150	255	filler_word	17	18	1	delong	unexpected	a	an	parade	election	95	0	5.77	3.52	Without the floats and the marching bands it wasn't much of	this year.	False	n/a	n/a
294.636	0.2	294636	255	filler_word	17	18	1	delong	unexpected	a	an	parade	election	95	0	5.77	3.52	Without the floats and the marching bands it wasn't much of	this year.	False	n/a	n/a
295.121	0.2	295121	255	filler_word	17	18	1	delong	unexpected	a	an	parade	election	95	0	5.77	3.52	Without the floats and the marching bands it wasn't much of	this year.	False	n/a	n/a
295.606	0.2	295606	255	filler_word	17	18	1	delong	unexpected	a	an	parade	election	95	0	5.77	3.52	Without the floats and the marching bands it wasn't much of	this year.	False	n/a	n/a
296.091	0.2	296091	255	filler_word	17	18	1	delong	unexpected	a	an	parade	election	95	0	5.77	3.52	Without the floats and the marching bands it wasn't much of	this year.	False	n/a	n/a
296.576	0.2	296576	255	filler_word	17	18	1	delong	unexpected	a	an	parade	election	95	0	5.77	3.52	Without the floats and the marching bands it wasn't much of	this year.	False	n/a	n/a
297.061	0.2	297061	255	filler_word	17	18	1	delong	unexpected	a	an	parade	election	95	0	5.77	3.52	Without the floats and the marching bands it wasn't much of	this year.	False	n/a	n/a
297.547	0.2	297547	255	filler_word	17	18	1	delong	unexpected	a	an	parade	election	95	0	5.77	3.52	Without the floats and the marching bands it wasn't much of	this year.	False	n/a	n/a
298.032	0.2	298032	255	filler_word	17	18	1	delong	unexpected	a	an	parade	election	95	0	5.77	3.52	Without the floats and the marching bands it wasn't much of	this year.	False	n/a	n/a
298.517	0.2	298517	255	filler_word	17	18	1	delong	unexpected	a	an	parade	election	95	0	5.77	3.52	Without the floats and the marching bands it wasn't much of	this year.	False	n/a	n/a
299.002	0.2	299002	255	filler_word	17	18	1	delong	unexpected	a	an	parade	election	95	0	5.77	3.52	Without the floats and the marching bands it wasn't much of	this year.	False	n/a	n/a
299.487	0.2	299487	255	filler_word	17	18	1	delong	unexpected	a	an	parade	election	95	0	5.77	3.52	Without the floats and the marching bands it wasn't much of	this year.	False	n/a	n/a
299.973	0.2	299973	255	filler_word	17	18	1	delong	unexpected	a	an	parade	election	95	0	5.77	3.52	Without the floats and the marching bands it wasn't much of	this year.	False	n/a	n/a
300.458	0.2	300458	255	filler_word	17	18	1	delong	unexpected	a	an	parade	election	95	0	5.77	3.52	Without the floats and the marching bands it wasn't much of	this year.	False	n/a	n/a
300.943	0.2	300943	255	filler_word	17	18	1	delong	unexpected	a	an	parade	election	95	0	5.77	3.52	Without the floats and the marching bands it wasn't much of	this year.	False	n/a	n/a
301.428	0.2	301428	255	filler_word	17	18	1	delong	unexpected	a	an	parade	election	95	0	5.77	3.52	Without the floats and the marching bands it wasn't much of	this year.	False	n/a	n/a
301.913	0.2	301913	204	an_unexpected	17	18	1	delong	unexpected	a	an	parade	election	95	0	5.77	3.52	Without the floats and the marching bands it wasn't much of	this year.	False	n/a	n/a
301.963	0.0	301963	200	cloze_marker	17	18	1	delong	unexpected	a	an	parade	election	95	0	5.77	3.52	Without the floats and the marching bands it wasn't much of	this year.	False	n/a	n/a
302.198	0.0	302198	102	item_marker	18	2	1	delong	unexpected	a	an	carrot	apple	98	0	6.35	2.83	For the snowman's eyes the children used two pieces of coal, and for its nose they used	from the fridge.	True	Did they build a snowman?	yes
302.398	0.2	302398	206	noun_unexpected	18	2	1	delong	unexpected	a	an	carrot	apple	98	0	6.35	2.83	For the snowman's eyes the children used two pieces of coal, and for its nose they used	from the fridge.	True	Did they build a snowman?	yes
302.448	0.0	302448	3	cloze_marker	18	2	1	delong	unexpected	a	an	carrot	apple	98	0	6.35	2.83	For the snowman's eyes the children used two pieces of coal, and for its nose they used	from the fridge.	True	Did they build a snowman?	yes
302.683	0.0	302683	102	item_marker	19	2	1	delong	unexpected	a	an	carrot	apple	98	0	6.35	2.83	For the snowman's eyes the children used two pieces of coal, and for its nose they used	from the fridge.	True	Did they build a snowman?	yes
302.884	0.2	302884	255	filler_word	19	2	1	delong	unexpected	a	an	carrot	apple	98	0	6.35	2.83	For the snowman's eyes the children used two pieces of coal, and for its nose they used	from the fridge.	True	Did they build a snowman?	yes
303.369	0.2	303369	255	filler_word	19	2	1	delong	unexpected	a	an	carrot	apple	98	0	6.35	2.83	For the snowman's eyes the children used two pieces of coal, and for its nose they used	from the fridge.	True	Did they build a snowman?	yes
303.854	0.2	303854	208	final_unexpected	19	2	1	delong	unexpected	a	an	carrot	apple	98	0	6.35	2.83	For the snowman's eyes the children used two pieces of coal, and for its nose they used	from the fridge.	True	Did they build a snowman?	yes
311.968	0.2	311968	255	filler_word	19	2	1	delong	unexpected	a	an	carrot	apple	98	0	6.35	2.83	For the snowman's eyes the children used two pieces of coal, and for its nose they used	from the fridge.	True	Did they build a snowman?	yes
312.453	0.2	312453	255	filler_word	19	2	1	delong	unexpected	a	an	carrot	apple	98	0	6.35	2.83	For the snowman's eyes the children used two pieces of coal, and for its nose they used	from the fridge.	True	Did they build a snowman?	yes
312.939	0.2	312939	255	filler_word	19	2	1	delong	unexpected	a	an	carrot	apple	98	0	6.35	2.83	For the snowman's eyes the children used two pieces of coal, and for its nose they used	from the fridge.	True	Did they build a snowman?	yes
313.424	0.2	313424	255	filler_word	19	2	1	delong	unexpected	a	an	carrot	apple	98	0	6.35	2.83	For the snowman's eyes the children used two pieces of coal, and for its nose they used	from the fridge.	True	Did they build a snowman?	yes
313.909	0.2	313909	255	filler_word	19	2	1	delong	unexpected	a	an	carrot	apple	98	0	6.35	2.83	For the snowman's eyes the children used two pieces of coal, and for its nose they used	from the fridge.	True	Did they build a snowman?	yes
314.394	0.2	314394	255	filler_word	19	2	1	delong	unexpected	a	an	carrot	apple	98	0	6.35	2.83	For the snowman's eyes the children used two pieces of coal, and for its nose they used	from the fridge.	True	Did they build a snowman?	yes
314.879	0.2	314879	255	filler_word	19	2	1	delong	unexpected	a	an	carrot	apple	98	0	6.35	2.83	For the snowman's eyes the children used two pieces of coal, and for its nose they used	from the fridge.	True	Did they build a snowman?	yes
315.365	0.2	315365	255	filler_word	19	2	1	delong	unexpected	a	an	carrot	apple	98	0	6.35	2.83	For the snowman's eyes the children used two pieces of coal, and for its nose they used	from the fridge.	True	Did they build a snowman?	yes
315.866	0.2	315866	255	filler_word	19	2	1	delong	unexpected	a	an	carrot	apple	98	0	6.35	2.83	For the snowman's eyes the children used two pieces of coal, and for its nose they used	from the fridge.	True	Did they build a snowman?	yes
316.352	0.2	316352	255	filler_word	19	2	1	delong	unexpected	a	an	carrot	apple	98	0	6.35	2.83	For the snowman's eyes the children used two pieces of coal, and for its nose they used	from the fridge.	True	Did they build a snowman?	yes
316.837	0.2	316837	255	filler_word	19	2	1	delong	unexpected	a	an	carrot	apple	98	0	6.35	2.83	For the snowman's eyes the children used two pieces of coal, and for its nose they used	from the fridge.	True	Did they build a snowman?	yes
317.322	0.2	317322	202	an_expected	19	2	1	delong	unexpected	a	an	carrot	apple	98	0	6.35	2.83	For the snowman's eyes the children used two pieces of coal, and for its nose they used	from the fridge.	True	Did they build a snowman?	yes
317.372	0.0	317372	55	cloze_marker	19	2	1	delong	unexpected	a	an	carrot	apple	98	0	6.35	2.83	For the snowman's eyes the children used two pieces of coal, and for its nose they used	from the fridge.	True	Did they build a snowman?	yes
317.606	0.0	317606	103	item_marker	20	3	1	delong	expected	an	a	accent	lisp	55	39	6.13	6.0	It was difficult to understand the foreign professor because he had	when he spoke.	False	n/a	n/a
317.807	0.2	317807	205	noun_expected	20	3	1	delong	expected	an	a	accent	lisp	55	39	6.13	6.0	It was difficult to understand the foreign professor because he had	when he spoke.	False	n/a	n/a
317.857	0.0	317857	100	cloze_marker	20	3	1	delong	expected	an	a	accent	lisp	55	39	6.13	6.0	It was difficult to understand the foreign professor because he had	when he spoke.	False	n/a	n/a
318.092	0.0	318092	103	item_marker	21	3	1	delong	expected	an	a	accent	lisp	55	39	6.13	6.0	It was difficult to understand the foreign professor because he had	when he spoke.	False	n/a	n/a
318.292	0.2	318292	255	filler_word	21	3	1	delong	expected	an	a	accent	lisp	55	39	6.13	6.0	It was difficult to understand the foreign professor because he had	when he spoke.	False	n/a	n/a
318.778	0.2	318778	255	filler_word	21	3	1	delong	expected	an	a	accent	lisp	55	39	6.13	6.0	It was difficult to understand the foreign professor because he had	when he spoke.	False	n/a	n/a
319.263	0.2	319263	207	final_expected	21	3	1	delong	expected	an	a	accent	lisp	55	39	6.13	6.0	It was difficult to understand the foreign professor because he had	when he spoke.	False	n/a	n/a
321.521	0.2	321521	255	filler_word	21	3	1	delong	expected	an	a	accent	lisp	55	39	6.13	6.0	It was difficult to understand the foreign professor because he had	when he spoke.	False	n/a	n/a
322.007	0.2	322007	255	filler_word	21	3	1	delong	expected	an	a	accent	lisp	55	39	6.13	6.0	It was difficult to understand the foreign professor because he had	when he spoke.	False	n/a	n/a
322.492	0.2	322492	255	filler_word	21	3	1	delong	expected	an	a	accent	lisp	55	39	6.13	6.0	It was difficult to understand the foreign professor because he had	when he spoke.	False	n/a	n/a
322.977	0.2	322977	255	filler_word	21	3	1	delong	expected	an	a	accent	lisp	55	39	6.13	6.0	It was difficult to understand the foreign professor because he had	when he spoke.	False	n/a	n/a
323.462	0.2	323462	255	filler_word	21	3	1	delong	expected	an	a	accent	lisp	55	39	6.13	6.0	It was difficult to understand the foreign professor because he had	when he spoke.	False	n/a	n/a
323.947	0.2	323947	255	filler_word	21	3	1	delong	expected	an	a	accent	lisp	55	39	6.13	6.0	It was difficult to understand the foreign professor because he had	when he spoke.	False	n/a	n/a
324.432	0.2	324432	255	filler_word	21	3	1	delong	expected	an	a	accent	lisp	55	39	6.13	6.0	It was difficult to understand the foreign professor because he had	when he spoke.	False	n/a	n/a
324.918	0.2	324918	255	filler_word	21	3	1	delong	expected	an	a	accent	lisp	55	39	6.13	6.0	It was difficult to understand the foreign professor because he had	when he spoke.	False	n/a	n/a
325.403	0.2	325403	255	filler_word	21	3	1	delong	expected	an	a	accent	lisp	55	39	6.13	6.0	It was difficult to understand the foreign professor because he had	when he spoke.	False	n/a	n/a
325.888	0.2	325888	255	filler_word	21	3	1	delong	expected	an	a	accent	lisp	55	39	6.13	6.0	It was difficult to understand the foreign professor because he had	when he spoke.	False	n/a	n/a
326.373	0.2	326373	255	filler_word	21	3	1	delong	expected	an	a	accent	lisp	55	39	6.13	6.0	It was difficult to understand the foreign professor because he had	when he spoke.	False	n/a	n/a
326.858	0.2	326858	255	filler_word	21	3	1	delong	expected	an	a	accent	lisp	55	39	6.13	6.0	It was difficult to understand the foreign professor because he had	when he spoke.	False	n/a	n/a
327.344	0.2	327344	255	filler_word	21	3	1	delong	expected	an	a	accent	lisp	55	39	6.13	6.0	It was difficult to understand the foreign professor because he had	when he spoke.	False	n/a	n/a
327.829	0.2	327829	255	filler_word	21	3	1	delong	expected	an	a	accent	lisp	55	39	6.13	6.0	It was difficult to understand the foreign professor because he had	when he spoke.	False	n/a	n/a
328.314	0.2	328314	255	filler_word	21	3	1	delong	expected	an	a	accent	lisp	55	39	6.13	6.0	It was difficult to understand the foreign professor because he had	when he spoke.	False	n/a	n/a
328.799	0.2	328799	255	filler_word	21	3	1	delong	expected	an	a	accent	lisp	55	39	6.13	6.0	It was difficult to understand the foreign professor because he had	when he spoke.	False	n/a	n/a
329.284	0.2	329284	255	filler_word	21	3	1	delong	expected	an	a	accent	lisp	55	39	6.13	6.0	It was difficult to understand the foreign professor because he had	when he spoke.	False	n/a	n/a
329.769	0.2	329769	255	filler_word	21	3	1	delong	expected	an	a	accent	lisp	55	39	6.13	6.0	It was difficult to understand the foreign professor because he had	when he spoke.	False	n/a	n/a
330.255	0.2	330255	255	filler_word	21	3	1	delong	expected	an	a	accent	lisp	55	39	6.13	6.0	It was difficult to understand the foreign professor because he had	when he spoke.	False	n/a	n/a
330.74	0.2	330740	255	filler_word	21	3	1	delong	expected	an	a	accent	lisp	55	39	6.13	6.0	It was difficult to understand the foreign professor because he had	when he spoke.	False	n/a	n/a
331.225	0.2	331225	202	an_expected	21	3	1	delong	expected	an	a	accent	lisp	55	39	6.13	6.0	It was difficult to understand the foreign professor because he had	when he spoke.	False	n/a	n/a
331.275	0.0	331275	77	cloze_marker	21	3	1	delong	expected	an	a	accent	lisp	55	39	6.13	6.0	It was difficult to understand the foreign professor because he had	when he spoke.	False	n/a	n/a
331.509	0.0	331509	107	item_marker	22	7	1	delong	expected	an	a	aeroplane	kite	77	18	5.74	2.87	Although the idea of flight was as old as the hills, the Wright Brothers were the first people to build	that actually flew.	False	n/a	n/a
331.71	0.2	331710	205	noun_expected	22	7	1	delong	expected	an	a	aeroplane	kite	77	18	5.74	2.87	Although the idea of flight was as old as the hills, the Wright Brothers were the first people to build	that actually flew.	False	n/a	n/a
331.76	0.0	331760	80	cloze_marker	22	7	1	delong	expected	an	a	aeroplane	kite	77	18	5.74	2.87	Although the idea of flight was as old as the hills, the Wright Brothers were the first people to build	that actually flew.	False	n/a	n/a
331.995	0.0	331995	107	item_marker	23	7	1	delong	expected	an	a	aeroplane	kite	77	18	5.74	2.87	Although the idea of flight was as old as the hills, the Wright Brothers were the first people to build	that actually flew.	False	n/a	n/a
332.195	0.2	332195	255	filler_word	23	7	1	delong	expected	an	a	aeroplane	kite	77	18	5.74	2.87	Although the idea of flight was as old as the hills, the Wright Brothers were the first people to build	that actually flew.	False	n/a	n/a
332.681	0.2	332681	255	filler_word	23	7	1	delong	expected	an	a	aeroplane	kite	77	18	5.74	2.87	Although the idea of flight was as old as the hills, the Wright Brothers were the first people to build	that actually flew.	False	n/a	n/a
333.166	0.2	333166	207	final_expected	23	7	1	delong	expected	an	a	aeroplane	kite	77	18	5.74	2.87	Although the idea of flight was as old as the hills, the Wright Brothers were the first people to build	that actually flew.	False	n/a	n/a
335.341	0.2	335341	255	filler_word	23	7	1	delong	expected	an	a	aeroplane	kite	77	18	5.74	2.87	Although the idea of flight was as old as the hills, the Wright Brothers were the first people to build	that actually flew.	False	n/a	n/a
335.826	0.2	335826	255	filler_word	23	7	1	delong	expected	an	a	aeroplane	kite	77	18	5.74	2.87	Although the idea of flight was as old as the hills, the Wright Brothers were the first people to build	that actually flew.	False	n/a	n/a
336.311	0.2	336311	255	filler_word	23	7	1	delong	expected	an	a	aeroplane	kite	77	18	5.74	2.87	Although the idea of flight was as old as the hills, the Wright Brothers were the first people to build	that actually flew.	False	n/a	n/a
336.796	0.2	336796	255	filler_word	23	7	1	delong	expected	an	a	aeroplane	kite	77	18	5.74	2.87	Although the idea of flight was as old as the hills, the Wright Brothers were the first people to build	that actually flew.	False	n/a	n/a
337.281	0.2	337281	255	filler_word	23	7	1	delong	expected	an	a	aeroplane	kite	77	18	5.74	2.87	Although the idea of flight was as old as the hills, the Wright Brothers were the first people to build	that actually flew.	False	n/a	n/a
337.767	0.2	337767	255	filler_word	23	7	1	delong	expected	an	a	aeroplane	kite	77	18	5.74	2.87	Although the idea of flight was as old as the hills, the Wright Brothers were the first people to build	that actually flew.	False	n/a	n/a
338.252	0.2	338252	255	filler_word	23	7	1	delong	expected	an	a	aeroplane	kite	77	18	5.74	2.87	Although the idea of flight was as old as the hills, the Wright Brothers were the first people to build	that actually flew.	False	n/a	n/a
338.737	0.2	338737	255	filler_word	23	7	1	delong	expected	an	a	aeroplane	kite	77	18	5.74	2.87	Although the idea of flight was as old as the hills, the Wright Brothers were the first people to build	that actually flew.	False	n/a	n/a
339.222	0.2	339222	255	filler_word	23	7	1	delong	expected	an	a	aeroplane	kite	77	18	5.74	2.87	Although the idea of flight was as old as the hills, the Wright Brothers were the first people to build	that actually flew.	False	n/a	n/a
339.707	0.2	339707	255	filler_word	23	7	1	delong	expected	an	a	aeroplane	kite	77	18	5.74	2.87	Although the idea of flight was as old as the hills, the Wright Brothers were the first people to build	that actually flew.	False	n/a	n/a
340.192	0.2	340192	255	filler_word	23	7	1	delong	expected	an	a	aeroplane	kite	77	18	5.74	2.87	Although the idea of flight was as old as the hills, the Wright Brothers were the first people to build	that actually flew.	False	n/a	n/a
340.678	0.2	340678	255	filler_word	23	7	1	delong	expected	an	a	aeroplane	kite	77	18	5.74	2.87	Although the idea of flight was as old as the hills, the Wright Brothers were the first people to build	that actually flew.	False	n/a	n/a
341.163	0.2	341163	255	filler_word	23	7	1	delong	expected	an	a	aeroplane	kite	77	18	5.74	2.87	Although the idea of flight was as old as the hills, the Wright Brothers were the first people to build	that actually flew.	False	n/a	n/a
341.648	0.2	341648	255	filler_word	23	7	1	delong	expected	an	a	aeroplane	kite	77	18	5.74	2.87	Although the idea of flight was as old as the hills, the Wright Brothers were the first people to build	that actually flew.	False	n/a	n/a
342.133	0.2	342133	255	filler_word	23	7	1	delong	expected	an	a	aeroplane	kite	77	18	5.74	2.87	Although the idea of flight was as old as the hills, the Wright Brothers were the first people to build	that actually flew.	False	n/a	n/a
342.618	0.2	342618	201	a_expected	23	7	1	delong	expected	an	a	aeroplane	kite	77	18	5.74	2.87	Although the idea of flight was as old as the hills, the Wright Brothers were the first people to build	that actually flew.	False	n/a	n/a
342.668	0.0	342668	75	cloze_marker	23	7	1	delong	expected	an	a	aeroplane	kite	77	18	5.74	2.87	Although the idea of flight was as old as the hills, the Wright Brothers were the first people to build	that actually flew.	False	n/a	n/a
342.903	0.0	342903	116	item_marker	24	16	1	delong	expected	a	an	book	education	75	2	6.48	2.27	James is an avid reader, so for his birthday his sister decided to give him	about Africa.	False	n/a	n/a
343.104	0.2	343104	205	noun_expected	24	16	1	delong	expected	a	an	book	education	75	2	6.48	2.27	James is an avid reader, so for his birthday his sister decided to give him	about Africa.	False	n/a	n/a
343.153	0.0	343153	93	cloze_marker	24	16	1	delong	expected	a	an	book	education	75	2	6.48	2.27	James is an avid reader, so for his birthday his sister decided to give him	about Africa.	False	n/a	n/a
343.388	0.0	343388	116	item_marker	25	16	1	delong	expected	a	an	book	education	75	2	6.48	2.27	James is an avid reader, so for his birthday his sister decided to give him	about Africa.	False	n/a	n/a
343.589	0.2	343589	255	filler_word	25	16	1	delong	expected	a	an	book	education	75	2	6.48	2.27	James is an avid reader, so for his birthday his sister decided to give him	about Africa.	False	n/a	n/a
344.074	0.2	344074	207	final_expected	25	16	1	delong	expected	a	an	book	education	75	2	6.48	2.27	James is an avid reader, so for his birthday his sister decided to give him	about Africa.	False	n/a	n/a
346.299	0.2	346299	255	filler_word	25	16	1	delong	expected	a	an	book	education	75	2	6.48	2.27	James is an avid reader, so for his birthday his sister decided to give him	about Africa.	False	n/a	n/a
346.784	0.2	346784	255	filler_word	25	16	1	delong	expected	a	an	book	education	75	2	6.48	2.27	James is an avid reader, so for his birthday his sister decided to give him	about Africa.	False	n/a	n/a
347.269	0.2	347269	255	filler_word	25	16	1	delong	expected	a	an	book	education	75	2	6.48	2.27	James is an avid reader, so for his birthday his sister decided to give him	about Africa.	False	n/a	n/a
347.755	0.2	347755	255	filler_word	25	16	1	delong	expected	a	an	book	education	75	2	6.48	2.27	James is an avid reader, so for his birthday his sister decided to give him	about Africa.	False	n/a	n/a
348.24	0.2	348240	255	filler_word	25	16	1	delong	expected	a	an	book	education	75	2	6.48	2.27	James is an avid reader, so for his birthday his sister decided to give him	about Africa.	False	n/a	n/a
348.725	0.2	348725	255	filler_word	25	16	1	delong	expected	a	an	book	education	75	2	6.48	2.27	James is an avid reader, so for his birthday his sister decided to give him	about Africa.	False	n/a	n/a
349.21	0.2	349210	255	filler_word	25	16	1	delong	expected	a	an	book	education	75	2	6.48	2.27	James is an avid reader, so for his birthday his sister decided to give him	about Africa.	False	n/a	n/a
349.695	0.2	349695	255	filler_word	25	16	1	delong	expected	a	an	book	education	75	2	6.48	2.27	James is an avid reader, so for his birthday his sister decided to give him	about Africa.	False	n/a	n/a
350.181	0.2	350181	255	filler_word	25	16	1	delong	expected	a	an	book	education	75	2	6.48	2.27	James is an avid reader, so for his birthday his sister decided to give him	about Africa.	False	n/a	n/a
350.666	0.2	350666	255	filler_word	25	16	1	delong	expected	a	an	book	education	75	2	6.48	2.27	James is an avid reader, so for his birthday his sister decided to give him	about Africa.	False	n/a	n/a
351.151	0.2	351151	255	filler_word	25	16	1	delong	expected	a	an	book	education	75	2	6.48	2.27	James is an avid reader, so for his birthday his sister decided to give him	about Africa.	False	n/a	n/a
351.636	0.2	351636	255	filler_word	25	16	1	delong	expected	a	an	book	education	75	2	6.48	2.27	James is an avid reader, so for his birthday his sister decided to give him	about Africa.	False	n/a	n/a
352.121	0.2	352121	255	filler_word	25	16	1	delong	expected	a	an	book	education	75	2	6.48	2.27	James is an avid reader, so for his birthday his sister decided to give him	about Africa.	False	n/a	n/a
352.606	0.2	352606	255	filler_word	25	16	1	delong	expected	a	an	book	education	75	2	6.48	2.27	James is an avid reader, so for his birthday his sister decided to give him	about Africa.	False	n/a	n/a
353.092	0.2	353092	255	filler_word	25	16	1	delong	expected	a	an	book	education	75	2	6.48	2.27	James is an avid reader, so for his birthday his sister decided to give him	about Africa.	False	n/a	n/a
353.577	0.2	353577	255	filler_word	25	16	1	delong	expected	a	an	book	education	75	2	6.48	2.27	James is an avid reader, so for his birthday his sister decided to give him	about Africa.	False	n/a	n/a
354.062	0.2	354062	255	filler_word	25	16	1	delong	expected	a	an	book	education	75	2	6.48	2.27	James is an avid reader, so for his birthday his sister decided to give him	about Africa.	False	n/a	n/a
354.547	0.2	354547	255	filler_word	25	16	1	delong	expected	a	an	book	education	75	2	6.48	2.27	James is an avid reader, so for his birthday his sister decided to give him	about Africa.	False	n/a	n/a
355.032	0.2	355032	203	a_unexpected	25	16	1	delong	expected	a	an	book	education	75	2	6.48	2.27	James is an avid reader, so for his birthday his sister decided to give him	about Africa.	False	n/a	n/a
355.082	0.0	355082	200	cloze_marker	25	16	1	delong	expected	a	an	book	education	75	2	6.48	2.27	James is an avid reader, so for his birthday his sister decided to give him	about Africa.	False	n/a	n/a
355.317	0.0	355317	105	item_marker	26	5	1	delong	unexpected	an	a	apology	cheque	89	0	6.23	3.77	Dale was very sorry for what he had said to Bernadette and he knew that he owed her	because she was still upset.	True	Was Dale sorry?	yes
355.518	0.2	355518	206	noun_unexpected	26	5	1	delong	unexpected	an	a	apology	cheque	89	0	6.23	3.77	Dale was very sorry for what he had said to Bernadette and he knew that he owed her	because she was still upset.	True	Was Dale sorry?	yes
355.567	0.0	355567	200	cloze_marker	26	5	1	delong	unexpected	an	a	apology	cheque	89	0	6.23	3.77	Dale was very sorry for what he had said to Bernadette and he knew that he owed her	because she was still upset.	True	Was Dale sorry?	yes
355.802	0.0	355802	105	item_marker	27	5	1	delong	unexpected	an	a	apology	cheque	89	0	6.23	3.77	Dale was very sorry for what he had said to Bernadette and he knew that he owed her	because she was still upset.	True	Was Dale sorry?	yes
356.003	0.2	356003	255	filler_word	27	5	1	delong	unexpected	an	a	apology	cheque	89	0	6.23	3.77	Dale was very sorry for what he had said to Bernadette and he knew that he owed her	because she was still upset.	True	Was Dale sorry?	yes
356.488	0.2	356488	255	filler_word	27	5	1	delong	unexpected	an	a	apology	cheque	89	0	6.23	3.77	Dale was very sorry for what he had said to Bernadette and he knew that he owed her	because she was still upset.	True	Was Dale sorry?	yes
356.973	0.2	356973	255	filler_word	27	5	1	delong	unexpected	an	a	apology	cheque	89	0	6.23	3.77	Dale was very sorry for what he had said to Bernadette and he knew that he owed her	because she was still upset.	True	Was Dale sorry?	yes
357.458	0.2	357458	255	filler_word	27	5	1	delong	unexpected	an	a	apology	cheque	89	0	6.23	3.77	Dale was very sorry for what he had said to Bernadette and he knew that he owed her	because she was still upset.	True	Was Dale sorry?	yes
357.943	0.2	357943	208	final_unexpected	27	5	1	delong	unexpected	an	a	apology	cheque	89	0	6.23	3.77	Dale was very sorry for what he had said to Bernadette and he knew that he owed her	because she was still upset.	True	Was Dale sorry?	yes
363.582	0.2	363582	255	filler_word	27	5	1	delong	unexpected	an	a	apology	cheque	89	0	6.23	3.77	Dale was very sorry for what he had said to Bernadette and he knew that he owed her	because she was still upset.	True	Was Dale sorry?	yes
364.067	0.2	364067	255	filler_word	27	5	1	delong	unexpected	an	a	apology	cheque	89	0	6.23	3.77	Dale was very sorry for what he had said to Bernadette and he knew that he owed her	because she was still upset.	True	Was Dale sorry?	yes
364.552	0.2	364552	255	filler_word	27	5	1	delong	unexpected	an	a	apology	cheque	89	0	6.23	3.77	Dale was very sorry for what he had said to Bernadette and he knew that he owed her	because she was still upset.	True	Was Dale sorry?	yes
365.037	0.2	365037	255	filler_word	27	5	1	delong	unexpected	an	a	apology	cheque	89	0	6.23	3.77	Dale was very sorry for what he had said to Bernadette and he knew that he owed her	because she was still upset.	True	Was Dale sorry?	yes
365.522	0.2	365522	255	filler_word	27	5	1	delong	unexpected	an	a	apology	cheque	89	0	6.23	3.77	Dale was very sorry for what he had said to Bernadette and he knew that he owed her	because she was still upset.	True	Was Dale sorry?	yes
366.008	0.2	366008	255	filler_word	27	5	1	delong	unexpected	an	a	apology	cheque	89	0	6.23	3.77	Dale was very sorry for what he had said to Bernadette and he knew that he owed her	because she was still upset.	True	Was Dale sorry?	yes
366.493	0.2	366493	255	filler_word	27	5	1	delong	unexpected	an	a	apology	cheque	89	0	6.23	3.77	Dale was very sorry for what he had said to Bernadette and he knew that he owed her	because she was still upset.	True	Was Dale sorry?	yes
366.978	0.2	366978	255	filler_word	27	5	1	delong	unexpected	an	a	apology	cheque	89	0	6.23	3.77	Dale was very sorry for what he had said to Bernadette and he knew that he owed her	because she was still upset.	True	Was Dale sorry?	yes
367.463	0.2	367463	255	filler_word	27	5	1	delong	unexpected	an	a	apology	cheque	89	0	6.23	3.77	Dale was very sorry for what he had said to Bernadette and he knew that he owed her	because she was still upset.	True	Was Dale sorry?	yes
367.948	0.2	367948	255	filler_word	27	5	1	delong	unexpected	an	a	apology	cheque	89	0	6.23	3.77	Dale was very sorry for what he had said to Bernadette and he knew that he owed her	because she was still upset.	True	Was Dale sorry?	yes
368.433	0.2	368433	255	filler_word	27	5	1	delong	unexpected	an	a	apology	cheque	89	0	6.23	3.77	Dale was very sorry for what he had said to Bernadette and he knew that he owed her	because she was still upset.	True	Was Dale sorry?	yes
368.919	0.2	368919	255	filler_word	27	5	1	delong	unexpected	an	a	apology	cheque	89	0	6.23	3.77	Dale was very sorry for what he had said to Bernadette and he knew that he owed her	because she was still upset.	True	Was Dale sorry?	yes
369.404	0.2	369404	255	filler_word	27	5	1	delong	unexpected	an	a	apology	cheque	89	0	6.23	3.77	Dale was very sorry for what he had said to Bernadette and he knew that he owed her	because she was still upset.	True	Was Dale sorry?	yes
369.889	0.2	369889	255	filler_word	27	5	1	delong	unexpected	an	a	apology	cheque	89	0	6.23	3.77	Dale was very sorry for what he had said to Bernadette and he knew that he owed her	because she was still upset.	True	Was Dale sorry?	yes
370.374	0.2	370374	255	filler_word	27	5	1	delong	unexpected	an	a	apology	cheque	89	0	6.23	3.77	Dale was very sorry for what he had said to Bernadette and he knew that he owed her	because she was still upset.	True	Was Dale sorry?	yes
370.859	0.2	370859	201	a_expected	27	5	1	delong	unexpected	an	a	apology	cheque	89	0	6.23	3.77	Dale was very sorry for what he had said to Bernadette and he knew that he owed her	because she was still upset.	True	Was Dale sorry?	yes
370.909	0.0	370909	86	cloze_marker	27	5	1	delong	unexpected	an	a	apology	cheque	89	0	6.23	3.77	Dale was very sorry for what he had said to Bernadette and he knew that he owed her	because she was still upset.	True	Was Dale sorry?	yes
371.144	0.0	371144	104	item_marker	28	4	1	delong	expected	a	an	lisp	accent	86	0	5.97	4.16	Katie did not like to say words with the letter s because she spoke with	and was embarrassed.	False	n/a	n/a
371.345	0.2	371345	205	noun_expected	28	4	1	delong	expected	a	an	lisp	accent	86	0	5.97	4.16	Katie did not like to say words with the letter s because she spoke with	and was embarrassed.	False	n/a	n/a
371.394	0.0	371394	93	cloze_marker	28	4	1	delong	expected	a	an	lisp	accent	86	0	5.97	4.16	Katie did not like to say words with the letter s because she spoke with	and was embarrassed.	False	n/a	n/a
371.629	0.0	371629	104	item_marker	29	4	1	delong	expected	a	an	lisp	accent	86	0	5.97	4.16	Katie did not like to say words with the letter s because she spoke with	and was embarrassed.	False	n/a	n/a
371.83	0.2	371830	255	filler_word	29	4	1	delong	expected	a	an	lisp	accent	86	0	5.97	4.16	Katie did not like to say words with the letter s because she spoke with	and was embarrassed.	False	n/a	n/a
372.315	0.2	372315	255	filler_word	29	4	1	delong	expected	a	an	lisp	accent	86	0	5.97	4.16	Katie did not like to say words with the letter s because she spoke with	and was embarrassed.	False	n/a	n/a
372.8	0.2	372800	207	final_expected	29	4	1	delong	expected	a	an	lisp	accent	86	0	5.97	4.16	Katie did not like to say words with the letter s because she spoke with	and was embarrassed.	False	n/a	n/a
374.824	0.2	374824	255	filler_word	29	4	1	delong	expected	a	an	lisp	accent	86	0	5.97	4.16	Katie did not like to say words with the letter s because she spoke with	and was embarrassed.	False	n/a	n/a
375.31	0.2	375310	255	filler_word	29	4	1	delong	expected	a	an	lisp	accent	86	0	5.97	4.16	Katie did not like to say words with the letter s because she spoke with	and was embarrassed.	False	n/a	n/a
375.795	0.2	375795	255	filler_word	29	4	1	delong	expected	a	an	lisp	accent	86	0	5.97	4.16	Katie did not like to say words with the letter s because she spoke with	and was embarrassed.	False	n/a	n/a
376.28	0.2	376280	255	filler_word	29	4	1	delong	expected	a	an	lisp	accent	86	0	5.97	4.16	Katie did not like to say words with the letter s because she spoke with	and was embarrassed.	False	n/a	n/a
376.765	0.2	376765	255	filler_word	29	4	1	delong	expected	a	an	lisp	accent	86	0	5.97	4.16	Katie did not like to say words with the letter s because she spoke with	and was embarrassed.	False	n/a	n/a
377.25	0.2	377250	255	filler_word	29	4	1	delong	expected	a	an	lisp	accent	86	0	5.97	4.16	Katie did not like to say words with the letter s because she spoke with	and was embarrassed.	False	n/a	n/a
377.736	0.2	377736	255	filler_word	29	4	1	delong	expected	a	an	lisp	accent	86	0	5.97	4.16	Katie did not like to say words with the letter s because she spoke with	and was embarrassed.	False	n/a	n/a
378.221	0.2	378221	204	an_unexpected	29	4	1	delong	expected	a	an	lisp	accent	86	0	5.97	4.16	Katie did not like to say words with the letter s because she spoke with	and was embarrassed.	False	n/a	n/a
378.271	0.0	378271	200	cloze_marker	29	4	1	delong	expected	a	an	lisp	accent	86	0	5.97	4.16	Katie did not like to say words with the letter s because she spoke with	and was embarrassed.	False	n/a	n/a
378.505	0.0	378505	110	item_marker	30	10	1	delong	unexpected	a	an	bird	echo	25	0	6.39	3.87	The tweeting in the treetops sounded like	to Melissa.	False	n/a	n/a
378.706	0.2	378706	206	noun_unexpected	30	10	1	delong	unexpected	a	an	bird	echo	25	0	6.39	3.87	The tweeting in the treetops sounded like	to Melissa.	False	n/a	n/a
378.756	0.0	378756	3	cloze_marker	30	10	1	delong	unexpected	a	an	bird	echo	25	0	6.39	3.87	The tweeting in the treetops sounded like	to Melissa.	False	n/a	n/a
378.99	0.0	378990	110	item_marker	31	10	1	delong	unexpected	a	an	bird	echo	25	0	6.39	3.87	The tweeting in the treetops sounded like	to Melissa.	False	n/a	n/a
379.191	0.2	379191	255	filler_word	31	10	1	delong	unexpected	a	an	bird	echo	25	0	6.39	3.87	The tweeting in the treetops sounded like	to Melissa.	False	n/a	n/a
379.676	0.2	379676	208	final_unexpected	31	10	1	delong	unexpected	a	an	bird	echo	25	0	6.39	3.87	The tweeting in the treetops sounded like	to Melissa.	False	n/a	n/a
382.504	0.2	382504	255	filler_word	31	10	1	delong	unexpected	a	an	bird	echo	25	0	6.39	3.87	The tweeting in the treetops sounded like	to Melissa.	False	n/a	n/a
382.989	0.2	382989	255	filler_word	31	10	1	delong	unexpected	a	an	bird	echo	25	0	6.39	3.87	The tweeting in the treetops sounded like	to Melissa.	False	n/a	n/a
383.474	0.2	383474	255	filler_word	31	10	1	delong	unexpected	a	an	bird	echo	25	0	6.39	3.87	The tweeting in the treetops sounded like	to Melissa.	False	n/a	n/a
383.959	0.2	383959	255	filler_word	31	10	1	delong	unexpected	a	an	bird	echo	25	0	6.39	3.87	The tweeting in the treetops sounded like	to Melissa.	False	n/a	n/a
384.444	0.2	384444	255	filler_word	31	10	1	delong	unexpected	a	an	bird	echo	25	0	6.39	3.87	The tweeting in the treetops sounded like	to Melissa.	False	n/a	n/a
384.93	0.2	384930	255	filler_word	31	10	1	delong	unexpected	a	an	bird	echo	25	0	6.39	3.87	The tweeting in the treetops sounded like	to Melissa.	False	n/a	n/a
385.415	0.2	385415	255	filler_word	31	10	1	delong	unexpected	a	an	bird	echo	25	0	6.39	3.87	The tweeting in the treetops sounded like	to Melissa.	False	n/a	n/a
385.9	0.2	385900	255	filler_word	31	10	1	delong	unexpected	a	an	bird	echo	25	0	6.39	3.87	The tweeting in the treetops sounded like	to Melissa.	False	n/a	n/a
386.385	0.2	386385	255	filler_word	31	10	1	delong	unexpected	a	an	bird	echo	25	0	6.39	3.87	The tweeting in the treetops sounded like	to Melissa.	False	n/a	n/a
386.87	0.2	386870	255	filler_word	31	10	1	delong	unexpected	a	an	bird	echo	25	0	6.39	3.87	The tweeting in the treetops sounded like	to Melissa.	False	n/a	n/a
387.356	0.2	387356	255	filler_word	31	10	1	delong	unexpected	a	an	bird	echo	25	0	6.39	3.87	The tweeting in the treetops sounded like	to Melissa.	False	n/a	n/a
387.841	0.2	387841	255	filler_word	31	10	1	delong	unexpected	a	an	bird	echo	25	0	6.39	3.87	The tweeting in the treetops sounded like	to Melissa.	False	n/a	n/a
388.326	0.2	388326	255	filler_word	31	10	1	delong	unexpected	a	an	bird	echo	25	0	6.39	3.87	The tweeting in the treetops sounded like	to Melissa.	False	n/a	n/a
388.811	0.2	388811	204	an_unexpected	31	10	1	delong	unexpected	a	an	bird	echo	25	0	6.39	3.87	The tweeting in the treetops sounded like	to Melissa.	False	n/a	n/a
388.861	0.0	388861	200	cloze_marker	31	10	1	delong	unexpected	a	an	bird	echo	25	0	6.39	3.87	The tweeting in the treetops sounded like	to Melissa.	False	n/a	n/a
389.096	0.0	389096	106	item_marker	32	6	1	delong	unexpected	a	an	cheque	apology	93	0	4.53	2.32	The bakery did not accept credit cards so Peter would have to write	to the owner.	False	n/a	n/a
389.296	0.2	389296	206	noun_unexpected	32	6	1	delong	unexpected	a	an	cheque	apology	93	0	4.53	2.32	The bakery did not accept credit cards so Peter would have to write	to the owner.	False	n/a	n/a
389.346	0.0	389346	200	cloze_marker	32	6	1	delong	unexpected	a	an	cheque	apology	93	0	4.53	2.32	The bakery did not accept credit cards so Peter would have to write	to the owner.	False	n/a	n/a
389.581	0.0	389581	106	item_marker	33	6	1	delong	unexpected	a	an	cheque	apology	93	0	4.53	2.32	The bakery did not accept credit cards so Peter would have to write	to the owner.	False	n/a	n/a
389.781	0.2	389781	255	filler_word	33	6	1	delong	unexpected	a	an	cheque	apology	93	0	4.53	2.32	The bakery did not accept credit cards so Peter would have to write	to the owner.	False	n/a	n/a
390.267	0.2	390267	255	filler_word	33	6	1	delong	unexpected	a	an	cheque	apology	93	0	4.53	2.32	The bakery did not accept credit cards so Peter would have to write	to the owner.	False	n/a	n/a
390.752	0.2	390752	208	final_unexpected	33	6	1	delong	unexpected	a	an	cheque	apology	93	0	4.53	2.32	The bakery did not accept credit cards so Peter would have to write	to the owner.	False	n/a	n/a
392.776	0.2	392776	255	filler_word	33	6	1	delong	unexpected	a	an	cheque	apology	93	0	4.53	2.32	The bakery did not accept credit cards so Peter would have to write	to the owner.	False	n/a	n/a
393.261	0.2	393261	255	filler_word	33	6	1	delong	unexpected	a	an	cheque	apology	93	0	4.53	2.32	The bakery did not accept credit cards so Peter would have to write	to the owner.	False	n/a	n/a
393.747	0.2	393747	255	filler_word	33	6	1	delong	unexpected	a	an	cheque	apology	93	0	4.53	2.32	The bakery did not accept credit cards so Peter would have to write	to the owner.	False	n/a	n/a
394.232	0.2	394232	255	filler_word	33	6	1	delong	unexpected	a	an	cheque	apology	93	0	4.53	2.32	The bakery did not accept credit cards so Peter would have to write	to the owner.	False	n/a	n/a
394.717	0.2	394717	255	filler_word	33	6	1	delong	unexpected	a	an	cheque	apology	93	0	4.53	2.32	The bakery did not accept credit cards so Peter would have to write	to the owner.	False	n/a	n/a
395.202	0.2	395202	255	filler_word	33	6	1	delong	unexpected	a	an	cheque	apology	93	0	4.53	2.32	The bakery did not accept credit cards so Peter would have to write	to the owner.	False	n/a	n/a
395.687	0.2	395687	255	filler_word	33	6	1	delong	unexpected	a	an	cheque	apology	93	0	4.53	2.32	The bakery did not accept credit cards so Peter would have to write	to the owner.	False	n/a	n/a
396.172	0.2	396172	255	filler_word	33	6	1	delong	unexpected	a	an	cheque	apology	93	0	4.53	2.32	The bakery did not accept credit cards so Peter would have to write	to the owner.	False	n/a	n/a
396.658	0.2	396658	255	filler_word	33	6	1	delong	unexpected	a	an	cheque	apology	93	0	4.53	2.32	The bakery did not accept credit cards so Peter would have to write	to the owner.	False	n/a	n/a
397.143	0.2	397143	255	filler_word	33	6	1	delong	unexpected	a	an	cheque	apology	93	0	4.53	2.32	The bakery did not accept credit cards so Peter would have to write	to the owner.	False	n/a	n/a
397.628	0.2	397628	255	filler_word	33	6	1	delong	unexpected	a	an	cheque	apology	93	0	4.53	2.32	The bakery did not accept credit cards so Peter would have to write	to the owner.	False	n/a	n/a
398.113	0.2	398113	255	filler_word	33	6	1	delong	unexpected	a	an	cheque	apology	93	0	4.53	2.32	The bakery did not accept credit cards so Peter would have to write	to the owner.	False	n/a	n/a
398.598	0.2	398598	255	filler_word	33	6	1	delong	unexpected	a	an	cheque	apology	93	0	4.53	2.32	The bakery did not accept credit cards so Peter would have to write	to the owner.	False	n/a	n/a
399.084	0.2	399084	255	filler_word	33	6	1	delong	unexpected	a	an	cheque	apology	93	0	4.53	2.32	The bakery did not accept credit cards so Peter would have to write	to the owner.	False	n/a	n/a
399.569	0.2	399569	255	filler_word	33	6	1	delong	unexpected	a	an	cheque	apology	93	0	4.53	2.32	The bakery did not accept credit cards so Peter would have to write	to the owner.	False	n/a	n/a
400.054	0.2	400054	255	filler_word	33	6	1	delong	unexpected	a	an	cheque	apology	93	0	4.53	2.32	The bakery did not accept credit cards so Peter would have to write	to the owner.	False	n/a	n/a
400.539	0.2	400539	255	filler_word	33	6	1	delong	unexpected	a	an	cheque	apology	93	0	4.53	2.32	The bakery did not accept credit cards so Peter would have to write	to the owner.	False	n/a	n/a
401.024	0.2	401024	255	filler_word	33	6	1	delong	unexpected	a	an	cheque	apology	93	0	4.53	2.32	The bakery did not accept credit cards so Peter would have to write	to the owner.	False	n/a	n/a
401.509	0.2	401509	204	an_unexpected	33	6	1	delong	unexpected	a	an	cheque	apology	93	0	4.53	2.32	The bakery did not accept credit cards so Peter would have to write	to the owner.	False	n/a	n/a
401.559	0.0	401559	5	cloze_marker	33	6	1	delong	unexpected	a	an	cheque	apology	93	0	4.53	2.32	The bakery did not accept credit cards so Peter would have to write	to the owner.	False	n/a	n/a
401.794	0.0	401794	114	item_marker	34	14	1	delong	unexpected	a	an	student	artist	73	5	5.67	3.81	Betsy had no desire to enter the working world, so decided to stay at the university and remain	for a few more semesters.	True	Did Betsy find a job?	no
401.995	0.2	401995	206	noun_unexpected	34	14	1	delong	unexpected	a	an	student	artist	73	5	5.67	3.81	Betsy had no desire to enter the working world, so decided to stay at the university and remain	for a few more semesters.	True	Did Betsy find a job?	no
402.045	0.0	402045	200	cloze_marker	34	14	1	delong	unexpected	a	an	student	artist	73	5	5.67	3.81	Betsy had no desire to enter the working world, so decided to stay at the university and remain	for a few more semesters.	True	Did Betsy find a job?	no
402.279	0.0	402279	114	item_marker	35	14	1	delong	unexpected	a	an	student	artist	73	5	5.67	3.81	Betsy had no desire to enter the working world, so decided to stay at the university and remain	for a few more semesters.	True	Did Betsy find a job?	no
402.48	0.2	402480	255	filler_word	35	14	1	delong	unexpected	a	an	student	artist	73	5	5.67	3.81	Betsy had no desire to enter the working world, so decided to stay at the university and remain	for a few more semesters.	True	Did Betsy find a job?	no
402.965	0.2	402965	255	filler_word	35	14	1	delong	unexpected	a	an	student	artist	73	5	5.67	3.81	Betsy had no desire to enter the working world, so decided to stay at the university and remain	for a few more semesters.	True	Did Betsy find a job?	no
403.45	0.2	403450	255	filler_word	35	14	1	delong	unexpected	a	an	student	artist	73	5	5.67	3.81	Betsy had no desire to enter the working world, so decided to stay at the university and remain	for a few more semesters.	True	Did Betsy find a job?	no
403.935	0.2	403935	255	filler_word	35	14	1	delong	unexpected	a	an	student	artist	73	5	5.67	3.81	Betsy had no desire to enter the working world, so decided to stay at the university and remain	for a few more semesters.	True	Did Betsy find a job?	no
404.421	0.2	404421	208	final_unexpected	35	14	1	delong	unexpected	a	an	student	artist	73	5	5.67	3.81	Betsy had no desire to enter the working world, so decided to stay at the university and remain	for a few more semesters.	True	Did Betsy find a job?	no
410.661	0.2	410661	255	filler_word	35	14	1	delong	unexpected	a	an	student	artist	73	5	5.67	3.81	Betsy had no desire to enter the working world, so decided to stay at the university and remain	for a few more semesters.	True	Did Betsy find a job?	no
411.146	0.2	411146	255	filler_word	35	14	1	delong	unexpected	a	an	student	artist	73	5	5.67	3.81	Betsy had no desire to enter the working world, so decided to stay at the university and remain	for a few more semesters.	True	Did Betsy find a job?	no
411.631	0.2	411631	255	filler_word	35	14	1	delong	unexpected	a	an	student	artist	73	5	5.67	3.81	Betsy had no desire to enter the working world, so decided to stay at the university and remain	for a few more semesters.	True	Did Betsy find a job?	no
412.117	0.2	412117	255	filler_word	35	14	1	delong	unexpected	a	an	student	artist	73	5	5.67	3.81	Betsy had no desire to enter the working world, so decided to stay at the university and remain	for a few more semesters.	True	Did Betsy find a job?	no
412.602	0.2	412602	255	filler_word	35	14	1	delong	unexpected	a	an	student	artist	73	5	5.67	3.81	Betsy had no desire to enter the working world, so decided to stay at the university and remain	for a few more semesters.	True	Did Betsy find a job?	no
413.087	0.2	413087	255	filler_word	35	14	1	delong	unexpected	a	an	student	artist	73	5	5.67	3.81	Betsy had no desire to enter the working world, so decided to stay at the university and remain	for a few more semesters.	True	Did Betsy find a job?	no
413.572	0.2	413572	255	filler_word	35	14	1	delong	unexpected	a	an	student	artist	73	5	5.67	3.81	Betsy had no desire to enter the working world, so decided to stay at the university and remain	for a few more semesters.	True	Did Betsy find a job?	no
414.057	0.2	414057	255	filler_word	35	14	1	delong	unexpected	a	an	student	artist	73	5	5.67	3.81	Betsy had no desire to enter the working world, so decided to stay at the university and remain	for a few more semesters.	True	Did Betsy find a job?	no
414.542	0.2	414542	255	filler_word	35	14	1	delong	unexpected	a	an	student	artist	73	5	5.67	3.81	Betsy had no desire to enter the working world, so decided to stay at the university and remain	for a few more semesters.	True	Did Betsy find a job?	no
415.028	0.2	415028	255	filler_word	35	14	1	delong	unexpected	a	an	student	artist	73	5	5.67	3.81	Betsy had no desire to enter the working world, so decided to stay at the university and remain	for a few more semesters.	True	Did Betsy find a job?	no
415.513	0.2	415513	255	filler_word	35	14	1	delong	unexpected	a	an	student	artist	73	5	5.67	3.81	Betsy had no desire to enter the working world, so decided to stay at the university and remain	for a few more semesters.	True	Did Betsy find a job?	no
415.998	0.2	415998	201	a_expected	35	14	1	delong	unexpected	a	an	student	artist	73	5	5.67	3.81	Betsy had no desire to enter the working world, so decided to stay at the university and remain	for a few more semesters.	True	Did Betsy find a job?	no
416.048	0.0	416048	61	cloze_marker	35	14	1	delong	unexpected	a	an	student	artist	73	5	5.67	3.81	Betsy had no desire to enter the working world, so decided to stay at the university and remain	for a few more semesters.	True	Did Betsy find a job?	no
416.282	0.0	416282	108	item_marker	36	8	1	delong	expected	a	an	kite	aeroplane	61	0	6.06	2.93	The day was breezy so the boy went outside to fly	in the park.	True	Was the day breezy?	yes
416.483	0.2	416483	205	noun_expected	36	8	1	delong	expected	a	an	kite	aeroplane	61	0	6.06	2.93	The day was breezy so the boy went outside to fly	in the park.	True	Was the day breezy?	yes
416.533	0.0	416533	97	cloze_marker	36	8	1	delong	expected	a	an	kite	aeroplane	61	0	6.06	2.93	The day was breezy so the boy went outside to fly	in the park.	True	Was the day breezy?	yes
416.768	0.0	416768	108	item_marker	37	8	1	delong	expected	a	an	kite	aeroplane	61	0	6.06	2.93	The day was breezy so the boy went outside to fly	in the park.	True	Was the day breezy?	yes
416.968	0.2	416968	255	filler_word	37	8	1	delong	expected	a	an	kite	aeroplane	61	0	6.06	2.93	The day was breezy so the boy went outside to fly	in the park.	True	Was the day breezy?	yes
417.454	0.2	417454	255	filler_word	37	8	1	delong	expected	a	an	kite	aeroplane	61	0	6.06	2.93	The day was breezy so the boy went outside to fly	in the park.	True	Was the day breezy?	yes
417.939	0.2	417939	207	final_expected	37	8	1	delong	expected	a	an	kite	aeroplane	61	0	6.06	2.93	The day was breezy so the boy went outside to fly	in the park.	True	Was the day breezy?	yes
424.413	0.2	424413	255	filler_word	37	8	1	delong	expected	a	an	kite	aeroplane	61	0	6.06	2.93	The day was breezy so the boy went outside to fly	in the park.	True	Was the day breezy?	yes
424.899	0.2	424899	255	filler_word	37	8	1	delong	expected	a	an	kite	aeroplane	61	0	6.06	2.93	The day was breezy so the boy went outside to fly	in the park.	True	Was the day breezy?	yes
425.384	0.2	425384	255	filler_word	37	8	1	delong	expected	a	an	kite	aeroplane	61	0	6.06	2.93	The day was breezy so the boy went outside to fly	in the park.	True	Was the day breezy?	yes
425.869	0.2	425869	255	filler_word	37	8	1	delong	expected	a	an	kite	aeroplane	61	0	6.06	2.93	The day was breezy so the boy went outside to fly	in the park.	True	Was the day breezy?	yes
426.354	0.2	426354	255	filler_word	37	8	1	delong	expected	a	an	kite	aeroplane	61	0	6.06	2.93	The day was breezy so the boy went outside to fly	in the park.	True	Was the day breezy?	yes
426.839	0.2	426839	255	filler_word	37	8	1	delong	expected	a	an	kite	aeroplane	61	0	6.06	2.93	The day was breezy so the boy went outside to fly	in the park.	True	Was the day breezy?	yes
427.325	0.2	427325	255	filler_word	37	8	1	delong	expected	a	an	kite	aeroplane	61	0	6.06	2.93	The day was breezy so the boy went outside to fly	in the park.	True	Was the day breezy?	yes
427.81	0.2	427810	255	filler_word	37	8	1	delong	expected	a	an	kite	aeroplane	61	0	6.06	2.93	The day was breezy so the boy went outside to fly	in the park.	True	Was the day breezy?	yes
428.295	0.2	428295	255	filler_word	37	8	1	delong	expected	a	an	kite	aeroplane	61	0	6.06	2.93	The day was breezy so the boy went outside to fly	in the park.	True	Was the day breezy?	yes
428.78	0.2	428780	255	filler_word	37	8	1	delong	expected	a	an	kite	aeroplane	61	0	6.06	2.93	The day was breezy so the boy went outside to fly	in the park.	True	Was the day breezy?	yes
429.265	0.2	429265	255	filler_word	37	8	1	delong	expected	a	an	kite	aeroplane	61	0	6.06	2.93	The day was breezy so the boy went outside to fly	in the park.	True	Was the day breezy?	yes
429.75	0.2	429750	255	filler_word	37	8	1	delong	expected	a	an	kite	aeroplane	61	0	6.06	2.93	The day was breezy so the boy went outside to fly	in the park.	True	Was the day breezy?	yes
430.236	0.2	430236	255	filler_word	37	8	1	delong	expected	a	an	kite	aeroplane	61	0	6.06	2.93	The day was breezy so the boy went outside to fly	in the park.	True	Was the day breezy?	yes
430.721	0.2	430721	255	filler_word	37	8	1	delong	expected	a	an	kite	aeroplane	61	0	6.06	2.93	The day was breezy so the boy went outside to fly	in the park.	True	Was the day breezy?	yes
431.206	0.2	431206	255	filler_word	37	8	1	delong	expected	a	an	kite	aeroplane	61	0	6.06	2.93	The day was breezy so the boy went outside to fly	in the park.	True	Was the day breezy?	yes
431.691	0.2	431691	255	filler_word	37	8	1	delong	expected	a	an	kite	aeroplane	61	0	6.06	2.93	The day was breezy so the boy went outside to fly	in the park.	True	Was the day breezy?	yes
432.176	0.2	432176	203	a_unexpected	37	8	1	delong	expected	a	an	kite	aeroplane	61	0	6.06	2.93	The day was breezy so the boy went outside to fly	in the park.	True	Was the day breezy?	yes
432.226	0.0	432226	20	cloze_marker	37	8	1	delong	expected	a	an	kite	aeroplane	61	0	6.06	2.93	The day was breezy so the boy went outside to fly	in the park.	True	Was the day breezy?	yes
432.461	0.0	432461	117	item_marker	38	17	1	delong	unexpected	an	a	election	parade	70	20	5.63	4.58	When the representative retired in the middle of his term, the state was forced to hold	in his district.	False	n/a	n/a
432.662	0.2	432662	206	noun_unexpected	38	17	1	delong	unexpected	an	a	election	parade	70	20	5.63	4.58	When the representative retired in the middle of his term, the state was forced to hold	in his district.	False	n/a	n/a
432.712	0.0	432712	200	cloze_marker	38	17	1	delong	unexpected	an	a	election	parade	70	20	5.63	4.58	When the representative retired in the middle of his term, the state was forced to hold	in his district.	False	n/a	n/a
432.946	0.0	432946	117	item_marker	39	17	1	delong	unexpected	an	a	election	parade	70	20	5.63	4.58	When the representative retired in the middle of his term, the state was forced to hold	in his district.	False	n/a	n/a
433.147	0.2	433147	255	filler_word	39	17	1	delong	unexpected	an	a	election	parade	70	20	5.63	4.58	When the representative retired in the middle of his term, the state was forced to hold	in his district.	False	n/a	n/a
433.632	0.2	433632	255	filler_word	39	17	1	delong	unexpected	an	a	election	parade	70	20	5.63	4.58	When the representative retired in the middle of his term, the state was forced to hold	in his district.	False	n/a	n/a
434.117	0.2	434117	208	final_unexpected	39	17	1	delong	unexpected	an	a	election	parade	70	20	5.63	4.58	When the representative retired in the middle of his term, the state was forced to hold	in his district.	False	n/a	n/a
448.371	0.2	448371	255	filler_word	39	17	1	delong	unexpected	an	a	election	parade	70	20	5.63	4.58	When the representative retired in the middle of his term, the state was forced to hold	in his district.	False	n/a	n/a
448.857	0.2	448857	255	filler_word	39	17	1	delong	unexpected	an	a	election	parade	70	20	5.63	4.58	When the representative retired in the middle of his term, the state was forced to hold	in his district.	False	n/a	n/a
449.342	0.2	449342	255	filler_word	39	17	1	delong	unexpected	an	a	election	parade	70	20	5.63	4.58	When the representative retired in the middle of his term, the state was forced to hold	in his district.	False	n/a	n/a
449.827	0.2	449827	255	filler_word	39	17	1	delong	unexpected	an	a	election	parade	70	20	5.63	4.58	When the representative retired in the middle of his term, the state was forced to hold	in his district.	False	n/a	n/a
450.312	0.2	450312	255	filler_word	39	17	1	delong	unexpected	an	a	election	parade	70	20	5.63	4.58	When the representative retired in the middle of his term, the state was forced to hold	in his district.	False	n/a	n/a
450.797	0.2	450797	255	filler_word	39	17	1	delong	unexpected	an	a	election	parade	70	20	5.63	4.58	When the representative retired in the middle of his term, the state was forced to hold	in his district.	False	n/a	n/a
451.283	0.2	451283	255	filler_word	39	17	1	delong	unexpected	an	a	election	parade	70	20	5.63	4.58	When the representative retired in the middle of his term, the state was forced to hold	in his district.	False	n/a	n/a
451.768	0.2	451768	255	filler_word	39	17	1	delong	unexpected	an	a	election	parade	70	20	5.63	4.58	When the representative retired in the middle of his term, the state was forced to hold	in his district.	False	n/a	n/a
452.253	0.2	452253	255	filler_word	39	17	1	delong	unexpected	an	a	election	parade	70	20	5.63	4.58	When the representative retired in the middle of his term, the state was forced to hold	in his district.	False	n/a	n/a
452.738	0.2	452738	255	filler_word	39	17	1	delong	unexpected	an	a	election	parade	70	20	5.63	4.58	When the representative retired in the middle of his term, the state was forced to hold	in his district.	False	n/a	n/a
453.223	0.2	453223	255	filler_word	39	17	1	delong	unexpected	an	a	election	parade	70	20	5.63	4.58	When the representative retired in the middle of his term, the state was forced to hold	in his district.	False	n/a	n/a
453.708	0.2	453708	255	filler_word	39	17	1	delong	unexpected	an	a	election	parade	70	20	5.63	4.58	When the representative retired in the middle of his term, the state was forced to hold	in his district.	False	n/a	n/a
454.194	0.2	454194	255	filler_word	39	17	1	delong	unexpected	an	a	election	parade	70	20	5.63	4.58	When the representative retired in the middle of his term, the state was forced to hold	in his district.	False	n/a	n/a
454.679	0.2	454679	255	filler_word	39	17	1	delong	unexpected	an	a	election	parade	70	20	5.63	4.58	When the representative retired in the middle of his term, the state was forced to hold	in his district.	False	n/a	n/a
455.164	0.2	455164	255	filler_word	39	17	1	delong	unexpected	an	a	election	parade	70	20	5.63	4.58	When the representative retired in the middle of his term, the state was forced to hold	in his district.	False	n/a	n/a
455.649	0.2	455649	255	filler_word	39	17	1	delong	unexpected	an	a	election	parade	70	20	5.63	4.58	When the representative retired in the middle of his term, the state was forced to hold	in his district.	False	n/a	n/a
456.134	0.2	456134	255	filler_word	39	17	1	delong	unexpected	an	a	election	parade	70	20	5.63	4.58	When the representative retired in the middle of his term, the state was forced to hold	in his district.	False	n/a	n/a
456.62	0.2	456620	255	filler_word	39	17	1	delong	unexpected	an	a	election	parade	70	20	5.63	4.58	When the representative retired in the middle of his term, the state was forced to hold	in his district.	False	n/a	n/a
457.105	0.2	457105	255	filler_word	39	17	1	delong	unexpected	an	a	election	parade	70	20	5.63	4.58	When the representative retired in the middle of his term, the state was forced to hold	in his district.	False	n/a	n/a
457.59	0.2	457590	255	filler_word	39	17	1	delong	unexpected	an	a	election	parade	70	20	5.63	4.58	When the representative retired in the middle of his term, the state was forced to hold	in his district.	False	n/a	n/a
458.075	0.2	458075	255	filler_word	39	17	1	delong	unexpected	an	a	election	parade	70	20	5.63	4.58	When the representative retired in the middle of his term, the state was forced to hold	in his district.	False	n/a	n/a
458.56	0.2	458560	255	filler_word	39	17	1	delong	unexpected	an	a	election	parade	70	20	5.63	4.58	When the representative retired in the middle of his term, the state was forced to hold	in his district.	False	n/a	n/a
459.045	0.2	459045	255	filler_word	39	17	1	delong	unexpected	an	a	election	parade	70	20	5.63	4.58	When the representative retired in the middle of his term, the state was forced to hold	in his district.	False	n/a	n/a
459.531	0.2	459531	255	filler_word	39	17	1	delong	unexpected	an	a	election	parade	70	20	5.63	4.58	When the representative retired in the middle of his term, the state was forced to hold	in his district.	False	n/a	n/a
460.016	0.2	460016	255	filler_word	39	17	1	delong	unexpected	an	a	election	parade	70	20	5.63	4.58	When the representative retired in the middle of his term, the state was forced to hold	in his district.	False	n/a	n/a
460.501	0.2	460501	255	filler_word	39	17	1	delong	unexpected	an	a	election	parade	70	20	5.63	4.58	When the representative retired in the middle of his term, the state was forced to hold	in his district.	False	n/a	n/a
460.986	0.2	460986	255	filler_word	39	17	1	delong	unexpected	an	a	election	parade	70	20	5.63	4.58	When the representative retired in the middle of his term, the state was forced to hold	in his district.	False	n/a	n/a
461.471	0.2	461471	255	filler_word	39	17	1	delong	unexpected	an	a	election	parade	70	20	5.63	4.58	When the representative retired in the middle of his term, the state was forced to hold	in his district.	False	n/a	n/a
461.957	0.2	461957	255	filler_word	39	17	1	delong	unexpected	an	a	election	parade	70	20	5.63	4.58	When the representative retired in the middle of his term, the state was forced to hold	in his district.	False	n/a	n/a
462.442	0.2	462442	203	a_unexpected	39	17	1	delong	unexpected	an	a	election	parade	70	20	5.63	4.58	When the representative retired in the middle of his term, the state was forced to hold	in his district.	False	n/a	n/a
462.492	0.0	462492	9	cloze_marker	39	17	1	delong	unexpected	an	a	election	parade	70	20	5.63	4.58	When the representative retired in the middle of his term, the state was forced to hold	in his district.	False	n/a	n/a
462.726	0.0	462726	121	item_marker	40	21	1	delong	unexpected	an	a	allowance	pound	60	9	6.29	4.3	Instead of giving her money whenever she asked for it, Rachel's father thought that it would be a real lesson in economics for her if every week she received	to spend as she wished.	False	n/a	n/a
462.927	0.2	462927	206	noun_unexpected	40	21	1	delong	unexpected	an	a	allowance	pound	60	9	6.29	4.3	Instead of giving her money whenever she asked for it, Rachel's father thought that it would be a real lesson in economics for her if every week she received	to spend as she wished.	False	n/a	n/a
462.977	0.0	462977	3	cloze_marker	40	21	1	delong	unexpected	an	a	allowance	pound	60	9	6.29	4.3	Instead of giving her money whenever she asked for it, Rachel's father thought that it would be a real lesson in economics for her if every week she received	to spend as she wished.	False	n/a	n/a
463.211	0.0	463211	121	item_marker	41	21	1	delong	unexpected	an	a	allowance	pound	60	9	6.29	4.3	Instead of giving her money whenever she asked for it, Rachel's father thought that it would be a real lesson in economics for her if every week she received	to spend as she wished.	False	n/a	n/a
463.412	0.2	463412	255	filler_word	41	21	1	delong	unexpected	an	a	allowance	pound	60	9	6.29	4.3	Instead of giving her money whenever she asked for it, Rachel's father thought that it would be a real lesson in economics for her if every week she received	to spend as she wished.	False	n/a	n/a
463.897	0.2	463897	255	filler_word	41	21	1	delong	unexpected	an	a	allowance	pound	60	9	6.29	4.3	Instead of giving her money whenever she asked for it, Rachel's father thought that it would be a real lesson in economics for her if every week she received	to spend as she wished.	False	n/a	n/a
464.382	0.2	464382	255	filler_word	41	21	1	delong	unexpected	an	a	allowance	pound	60	9	6.29	4.3	Instead of giving her money whenever she asked for it, Rachel's father thought that it would be a real lesson in economics for her if every week she received	to spend as she wished.	False	n/a	n/a
464.868	0.2	464868	255	filler_word	41	21	1	delong	unexpected	an	a	allowance	pound	60	9	6.29	4.3	Instead of giving her money whenever she asked for it, Rachel's father thought that it would be a real lesson in economics for her if every week she received	to spend as she wished.	False	n/a	n/a
465.353	0.2	465353	208	final_unexpected	41	21	1	delong	unexpected	an	a	allowance	pound	60	9	6.29	4.3	Instead of giving her money whenever she asked for it, Rachel's father thought that it would be a real lesson in economics for her if every week she received	to spend as she wished.	False	n/a	n/a
467.36	0.2	467360	255	filler_word	41	21	1	delong	unexpected	an	a	allowance	pound	60	9	6.29	4.3	Instead of giving her money whenever she asked for it, Rachel's father thought that it would be a real lesson in economics for her if every week she received	to spend as she wished.	False	n/a	n/a
467.846	0.2	467846	255	filler_word	41	21	1	delong	unexpected	an	a	allowance	pound	60	9	6.29	4.3	Instead of giving her money whenever she asked for it, Rachel's father thought that it would be a real lesson in economics for her if every week she received	to spend as she wished.	False	n/a	n/a
468.331	0.2	468331	255	filler_word	41	21	1	delong	unexpected	an	a	allowance	pound	60	9	6.29	4.3	Instead of giving her money whenever she asked for it, Rachel's father thought that it would be a real lesson in economics for her if every week she received	to spend as she wished.	False	n/a	n/a
468.816	0.2	468816	255	filler_word	41	21	1	delong	unexpected	an	a	allowance	pound	60	9	6.29	4.3	Instead of giving her money whenever she asked for it, Rachel's father thought that it would be a real lesson in economics for her if every week she received	to spend as she wished.	False	n/a	n/a
469.301	0.2	469301	255	filler_word	41	21	1	delong	unexpected	an	a	allowance	pound	60	9	6.29	4.3	Instead of giving her money whenever she asked for it, Rachel's father thought that it would be a real lesson in economics for her if every week she received	to spend as she wished.	False	n/a	n/a
469.786	0.2	469786	255	filler_word	41	21	1	delong	unexpected	an	a	allowance	pound	60	9	6.29	4.3	Instead of giving her money whenever she asked for it, Rachel's father thought that it would be a real lesson in economics for her if every week she received	to spend as she wished.	False	n/a	n/a
470.272	0.2	470272	255	filler_word	41	21	1	delong	unexpected	an	a	allowance	pound	60	9	6.29	4.3	Instead of giving her money whenever she asked for it, Rachel's father thought that it would be a real lesson in economics for her if every week she received	to spend as she wished.	False	n/a	n/a
470.757	0.2	470757	255	filler_word	41	21	1	delong	unexpected	an	a	allowance	pound	60	9	6.29	4.3	Instead of giving her money whenever she asked for it, Rachel's father thought that it would be a real lesson in economics for her if every week she received	to spend as she wished.	False	n/a	n/a
471.242	0.2	471242	255	filler_word	41	21	1	delong	unexpected	an	a	allowance	pound	60	9	6.29	4.3	Instead of giving her money whenever she asked for it, Rachel's father thought that it would be a real lesson in economics for her if every week she received	to spend as she wished.	False	n/a	n/a
471.727	0.2	471727	255	filler_word	41	21	1	delong	unexpected	an	a	allowance	pound	60	9	6.29	4.3	Instead of giving her money whenever she asked for it, Rachel's father thought that it would be a real lesson in economics for her if every week she received	to spend as she wished.	False	n/a	n/a
472.212	0.2	472212	255	filler_word	41	21	1	delong	unexpected	an	a	allowance	pound	60	9	6.29	4.3	Instead of giving her money whenever she asked for it, Rachel's father thought that it would be a real lesson in economics for her if every week she received	to spend as she wished.	False	n/a	n/a
472.697	0.2	472697	255	filler_word	41	21	1	delong	unexpected	an	a	allowance	pound	60	9	6.29	4.3	Instead of giving her money whenever she asked for it, Rachel's father thought that it would be a real lesson in economics for her if every week she received	to spend as she wished.	False	n/a	n/a
473.183	0.2	473183	255	filler_word	41	21	1	delong	unexpected	an	a	allowance	pound	60	9	6.29	4.3	Instead of giving her money whenever she asked for it, Rachel's father thought that it would be a real lesson in economics for her if every week she received	to spend as she wished.	False	n/a	n/a
473.668	0.2	473668	255	filler_word	41	21	1	delong	unexpected	an	a	allowance	pound	60	9	6.29	4.3	Instead of giving her money whenever she asked for it, Rachel's father thought that it would be a real lesson in economics for her if every week she received	to spend as she wished.	False	n/a	n/a
474.153	0.2	474153	255	filler_word	41	21	1	delong	unexpected	an	a	allowance	pound	60	9	6.29	4.3	Instead of giving her money whenever she asked for it, Rachel's father thought that it would be a real lesson in economics for her if every week she received	to spend as she wished.	False	n/a	n/a
474.638	0.2	474638	255	filler_word	41	21	1	delong	unexpected	an	a	allowance	pound	60	9	6.29	4.3	Instead of giving her money whenever she asked for it, Rachel's father thought that it would be a real lesson in economics for her if every week she received	to spend as she wished.	False	n/a	n/a
475.123	0.2	475123	255	filler_word	41	21	1	delong	unexpected	an	a	allowance	pound	60	9	6.29	4.3	Instead of giving her money whenever she asked for it, Rachel's father thought that it would be a real lesson in economics for her if every week she received	to spend as she wished.	False	n/a	n/a
475.609	0.2	475609	255	filler_word	41	21	1	delong	unexpected	an	a	allowance	pound	60	9	6.29	4.3	Instead of giving her money whenever she asked for it, Rachel's father thought that it would be a real lesson in economics for her if every week she received	to spend as she wished.	False	n/a	n/a
476.094	0.2	476094	255	filler_word	41	21	1	delong	unexpected	an	a	allowance	pound	60	9	6.29	4.3	Instead of giving her money whenever she asked for it, Rachel's father thought that it would be a real lesson in economics for her if every week she received	to spend as she wished.	False	n/a	n/a
476.579	0.2	476579	255	filler_word	41	21	1	delong	unexpected	an	a	allowance	pound	60	9	6.29	4.3	Instead of giving her money whenever she asked for it, Rachel's father thought that it would be a real lesson in economics for her if every week she received	to spend as she wished.	False	n/a	n/a
477.064	0.2	477064	255	filler_word	41	21	1	delong	unexpected	an	a	allowance	pound	60	9	6.29	4.3	Instead of giving her money whenever she asked for it, Rachel's father thought that it would be a real lesson in economics for her if every week she received	to spend as she wished.	False	n/a	n/a
477.549	0.2	477549	255	filler_word	41	21	1	delong	unexpected	an	a	allowance	pound	60	9	6.29	4.3	Instead of giving her money whenever she asked for it, Rachel's father thought that it would be a real lesson in economics for her if every week she received	to spend as she wished.	False	n/a	n/a
478.034	0.2	478034	255	filler_word	41	21	1	delong	unexpected	an	a	allowance	pound	60	9	6.29	4.3	Instead of giving her money whenever she asked for it, Rachel's father thought that it would be a real lesson in economics for her if every week she received	to spend as she wished.	False	n/a	n/a
478.52	0.2	478520	202	an_expected	41	21	1	delong	unexpected	an	a	allowance	pound	60	9	6.29	4.3	Instead of giving her money whenever she asked for it, Rachel's father thought that it would be a real lesson in economics for her if every week she received	to spend as she wished.	False	n/a	n/a
478.57	0.0	478570	70	cloze_marker	41	21	1	delong	unexpected	an	a	allowance	pound	60	9	6.29	4.3	Instead of giving her money whenever she asked for it, Rachel's father thought that it would be a real lesson in economics for her if every week she received	to spend as she wished.	False	n/a	n/a
478.804	0.0	478804	123	item_marker	42	23	1	delong	expected	an	a	emergency	fire	70	0	6.17	5.32	When she was filling out the paperwork, Merrill had to write down the name of someone who could be contacted in case of	while she was at work.	False	n/a	n/a
479.005	0.2	479005	205	noun_expected	42	23	1	delong	expected	an	a	emergency	fire	70	0	6.17	5.32	When she was filling out the paperwork, Merrill had to write down the name of someone who could be contacted in case of	while she was at work.	False	n/a	n/a
479.055	0.0	479055	93	cloze_marker	42	23	1	delong	expected	an	a	emergency	fire	70	0	6.17	5.32	When she was filling out the paperwork, Merrill had to write down the name of someone who could be contacted in case of	while she was at work.	False	n/a	n/a
479.289	0.0	479289	123	item_marker	43	23	1	delong	expected	an	a	emergency	fire	70	0	6.17	5.32	When she was filling out the paperwork, Merrill had to write down the name of someone who could be contacted in case of	while she was at work.	False	n/a	n/a
479.49	0.2	479490	255	filler_word	43	23	1	delong	expected	an	a	emergency	fire	70	0	6.17	5.32	When she was filling out the paperwork, Merrill had to write down the name of someone who could be contacted in case of	while she was at work.	False	n/a	n/a
479.975	0.2	479975	255	filler_word	43	23	1	delong	expected	an	a	emergency	fire	70	0	6.17	5.32	When she was filling out the paperwork, Merrill had to write down the name of someone who could be contacted in case of	while she was at work.	False	n/a	n/a
480.46	0.2	480460	255	filler_word	43	23	1	delong	expected	an	a	emergency	fire	70	0	6.17	5.32	When she was filling out the paperwork, Merrill had to write down the name of someone who could be contacted in case of	while she was at work.	False	n/a	n/a
480.946	0.2	480946	255	filler_word	43	23	1	delong	expected	an	a	emergency	fire	70	0	6.17	5.32	When she was filling out the paperwork, Merrill had to write down the name of someone who could be contacted in case of	while she was at work.	False	n/a	n/a
481.431	0.2	481431	207	final_expected	43	23	1	delong	expected	an	a	emergency	fire	70	0	6.17	5.32	When she was filling out the paperwork, Merrill had to write down the name of someone who could be contacted in case of	while she was at work.	False	n/a	n/a
483.305	0.2	483305	255	filler_word	43	23	1	delong	expected	an	a	emergency	fire	70	0	6.17	5.32	When she was filling out the paperwork, Merrill had to write down the name of someone who could be contacted in case of	while she was at work.	False	n/a	n/a
483.79	0.2	483790	255	filler_word	43	23	1	delong	expected	an	a	emergency	fire	70	0	6.17	5.32	When she was filling out the paperwork, Merrill had to write down the name of someone who could be contacted in case of	while she was at work.	False	n/a	n/a
484.275	0.2	484275	255	filler_word	43	23	1	delong	expected	an	a	emergency	fire	70	0	6.17	5.32	When she was filling out the paperwork, Merrill had to write down the name of someone who could be contacted in case of	while she was at work.	False	n/a	n/a
484.76	0.2	484760	255	filler_word	43	23	1	delong	expected	an	a	emergency	fire	70	0	6.17	5.32	When she was filling out the paperwork, Merrill had to write down the name of someone who could be contacted in case of	while she was at work.	False	n/a	n/a
485.245	0.2	485245	255	filler_word	43	23	1	delong	expected	an	a	emergency	fire	70	0	6.17	5.32	When she was filling out the paperwork, Merrill had to write down the name of someone who could be contacted in case of	while she was at work.	False	n/a	n/a
485.73	0.2	485730	255	filler_word	43	23	1	delong	expected	an	a	emergency	fire	70	0	6.17	5.32	When she was filling out the paperwork, Merrill had to write down the name of someone who could be contacted in case of	while she was at work.	False	n/a	n/a
486.216	0.2	486216	255	filler_word	43	23	1	delong	expected	an	a	emergency	fire	70	0	6.17	5.32	When she was filling out the paperwork, Merrill had to write down the name of someone who could be contacted in case of	while she was at work.	False	n/a	n/a
486.701	0.2	486701	255	filler_word	43	23	1	delong	expected	an	a	emergency	fire	70	0	6.17	5.32	When she was filling out the paperwork, Merrill had to write down the name of someone who could be contacted in case of	while she was at work.	False	n/a	n/a
487.186	0.2	487186	255	filler_word	43	23	1	delong	expected	an	a	emergency	fire	70	0	6.17	5.32	When she was filling out the paperwork, Merrill had to write down the name of someone who could be contacted in case of	while she was at work.	False	n/a	n/a
487.671	0.2	487671	255	filler_word	43	23	1	delong	expected	an	a	emergency	fire	70	0	6.17	5.32	When she was filling out the paperwork, Merrill had to write down the name of someone who could be contacted in case of	while she was at work.	False	n/a	n/a
488.156	0.2	488156	255	filler_word	43	23	1	delong	expected	an	a	emergency	fire	70	0	6.17	5.32	When she was filling out the paperwork, Merrill had to write down the name of someone who could be contacted in case of	while she was at work.	False	n/a	n/a
488.642	0.2	488642	255	filler_word	43	23	1	delong	expected	an	a	emergency	fire	70	0	6.17	5.32	When she was filling out the paperwork, Merrill had to write down the name of someone who could be contacted in case of	while she was at work.	False	n/a	n/a
489.127	0.2	489127	255	filler_word	43	23	1	delong	expected	an	a	emergency	fire	70	0	6.17	5.32	When she was filling out the paperwork, Merrill had to write down the name of someone who could be contacted in case of	while she was at work.	False	n/a	n/a
489.612	0.2	489612	255	filler_word	43	23	1	delong	expected	an	a	emergency	fire	70	0	6.17	5.32	When she was filling out the paperwork, Merrill had to write down the name of someone who could be contacted in case of	while she was at work.	False	n/a	n/a
490.097	0.2	490097	255	filler_word	43	23	1	delong	expected	an	a	emergency	fire	70	0	6.17	5.32	When she was filling out the paperwork, Merrill had to write down the name of someone who could be contacted in case of	while she was at work.	False	n/a	n/a
490.582	0.2	490582	202	an_expected	43	23	1	delong	expected	an	a	emergency	fire	70	0	6.17	5.32	When she was filling out the paperwork, Merrill had to write down the name of someone who could be contacted in case of	while she was at work.	False	n/a	n/a
490.632	0.0	490632	70	cloze_marker	43	23	1	delong	expected	an	a	emergency	fire	70	0	6.17	5.32	When she was filling out the paperwork, Merrill had to write down the name of someone who could be contacted in case of	while she was at work.	False	n/a	n/a
490.867	0.0	490867	127	item_marker	44	27	1	delong	expected	an	a	accident	race	70	27	5.45	2.3	No matter how safely you drive your car chances are someday you'll be involved in	with another vehicle.	False	n/a	n/a
491.067	0.2	491067	205	noun_expected	44	27	1	delong	expected	an	a	accident	race	70	27	5.45	2.3	No matter how safely you drive your car chances are someday you'll be involved in	with another vehicle.	False	n/a	n/a
491.117	0.0	491117	97	cloze_marker	44	27	1	delong	expected	an	a	accident	race	70	27	5.45	2.3	No matter how safely you drive your car chances are someday you'll be involved in	with another vehicle.	False	n/a	n/a
491.352	0.0	491352	127	item_marker	45	27	1	delong	expected	an	a	accident	race	70	27	5.45	2.3	No matter how safely you drive your car chances are someday you'll be involved in	with another vehicle.	False	n/a	n/a
491.553	0.2	491553	255	filler_word	45	27	1	delong	expected	an	a	accident	race	70	27	5.45	2.3	No matter how safely you drive your car chances are someday you'll be involved in	with another vehicle.	False	n/a	n/a
492.038	0.2	492038	255	filler_word	45	27	1	delong	expected	an	a	accident	race	70	27	5.45	2.3	No matter how safely you drive your car chances are someday you'll be involved in	with another vehicle.	False	n/a	n/a
492.523	0.2	492523	207	final_expected	45	27	1	delong	expected	an	a	accident	race	70	27	5.45	2.3	No matter how safely you drive your car chances are someday you'll be involved in	with another vehicle.	False	n/a	n/a
494.547	0.2	494547	255	filler_word	45	27	1	delong	expected	an	a	accident	race	70	27	5.45	2.3	No matter how safely you drive your car chances are someday you'll be involved in	with another vehicle.	False	n/a	n/a
495.033	0.2	495033	255	filler_word	45	27	1	delong	expected	an	a	accident	race	70	27	5.45	2.3	No matter how safely you drive your car chances are someday you'll be involved in	with another vehicle.	False	n/a	n/a
495.518	0.2	495518	255	filler_word	45	27	1	delong	expected	an	a	accident	race	70	27	5.45	2.3	No matter how safely you drive your car chances are someday you'll be involved in	with another vehicle.	False	n/a	n/a
496.003	0.2	496003	255	filler_word	45	27	1	delong	expected	an	a	accident	race	70	27	5.45	2.3	No matter how safely you drive your car chances are someday you'll be involved in	with another vehicle.	False	n/a	n/a
496.488	0.2	496488	255	filler_word	45	27	1	delong	expected	an	a	accident	race	70	27	5.45	2.3	No matter how safely you drive your car chances are someday you'll be involved in	with another vehicle.	False	n/a	n/a
496.973	0.2	496973	255	filler_word	45	27	1	delong	expected	an	a	accident	race	70	27	5.45	2.3	No matter how safely you drive your car chances are someday you'll be involved in	with another vehicle.	False	n/a	n/a
497.458	0.2	497458	255	filler_word	45	27	1	delong	expected	an	a	accident	race	70	27	5.45	2.3	No matter how safely you drive your car chances are someday you'll be involved in	with another vehicle.	False	n/a	n/a
497.944	0.2	497944	255	filler_word	45	27	1	delong	expected	an	a	accident	race	70	27	5.45	2.3	No matter how safely you drive your car chances are someday you'll be involved in	with another vehicle.	False	n/a	n/a
498.429	0.2	498429	255	filler_word	45	27	1	delong	expected	an	a	accident	race	70	27	5.45	2.3	No matter how safely you drive your car chances are someday you'll be involved in	with another vehicle.	False	n/a	n/a
498.914	0.2	498914	255	filler_word	45	27	1	delong	expected	an	a	accident	race	70	27	5.45	2.3	No matter how safely you drive your car chances are someday you'll be involved in	with another vehicle.	False	n/a	n/a
499.399	0.2	499399	255	filler_word	45	27	1	delong	expected	an	a	accident	race	70	27	5.45	2.3	No matter how safely you drive your car chances are someday you'll be involved in	with another vehicle.	False	n/a	n/a
499.884	0.2	499884	255	filler_word	45	27	1	delong	expected	an	a	accident	race	70	27	5.45	2.3	No matter how safely you drive your car chances are someday you'll be involved in	with another vehicle.	False	n/a	n/a
500.37	0.2	500370	255	filler_word	45	27	1	delong	expected	an	a	accident	race	70	27	5.45	2.3	No matter how safely you drive your car chances are someday you'll be involved in	with another vehicle.	False	n/a	n/a
500.855	0.2	500855	255	filler_word	45	27	1	delong	expected	an	a	accident	race	70	27	5.45	2.3	No matter how safely you drive your car chances are someday you'll be involved in	with another vehicle.	False	n/a	n/a
501.34	0.2	501340	255	filler_word	45	27	1	delong	expected	an	a	accident	race	70	27	5.45	2.3	No matter how safely you drive your car chances are someday you'll be involved in	with another vehicle.	False	n/a	n/a
501.825	0.2	501825	202	an_expected	45	27	1	delong	expected	an	a	accident	race	70	27	5.45	2.3	No matter how safely you drive your car chances are someday you'll be involved in	with another vehicle.	False	n/a	n/a
501.875	0.0	501875	73	cloze_marker	45	27	1	delong	expected	an	a	accident	race	70	27	5.45	2.3	No matter how safely you drive your car chances are someday you'll be involved in	with another vehicle.	False	n/a	n/a
502.11	0.0	502110	131	item_marker	46	31	1	delong	expected	an	a	invitation	message	73	11	5.5	4.74	Sue had wanted to go to Tim's birthday party but she was still waiting for	from him.	False	n/a	n/a
502.31	0.2	502310	205	noun_expected	46	31	1	delong	expected	an	a	invitation	message	73	11	5.5	4.74	Sue had wanted to go to Tim's birthday party but she was still waiting for	from him.	False	n/a	n/a
502.36	0.0	502360	77	cloze_marker	46	31	1	delong	expected	an	a	invitation	message	73	11	5.5	4.74	Sue had wanted to go to Tim's birthday party but she was still waiting for	from him.	False	n/a	n/a
502.595	0.0	502595	131	item_marker	47	31	1	delong	expected	an	a	invitation	message	73	11	5.5	4.74	Sue had wanted to go to Tim's birthday party but she was still waiting for	from him.	False	n/a	n/a
502.795	0.2	502795	255	filler_word	47	31	1	delong	expected	an	a	invitation	message	73	11	5.5	4.74	Sue had wanted to go to Tim's birthday party but she was still waiting for	from him.	False	n/a	n/a
503.281	0.2	503281	207	final_expected	47	31	1	delong	expected	an	a	invitation	message	73	11	5.5	4.74	Sue had wanted to go to Tim's birthday party but she was still waiting for	from him.	False	n/a	n/a
505.79	0.2	505790	255	filler_word	47	31	1	delong	expected	an	a	invitation	message	73	11	5.5	4.74	Sue had wanted to go to Tim's birthday party but she was still waiting for	from him.	False	n/a	n/a
506.275	0.2	506275	255	filler_word	47	31	1	delong	expected	an	a	invitation	message	73	11	5.5	4.74	Sue had wanted to go to Tim's birthday party but she was still waiting for	from him.	False	n/a	n/a
506.761	0.2	506761	255	filler_word	47	31	1	delong	expected	an	a	invitation	message	73	11	5.5	4.74	Sue had wanted to go to Tim's birthday party but she was still waiting for	from him.	False	n/a	n/a
507.246	0.2	507246	255	filler_word	47	31	1	delong	expected	an	a	invitation	message	73	11	5.5	4.74	Sue had wanted to go to Tim's birthday party but she was still waiting for	from him.	False	n/a	n/a
507.731	0.2	507731	255	filler_word	47	31	1	delong	expected	an	a	invitation	message	73	11	5.5	4.74	Sue had wanted to go to Tim's birthday party but she was still waiting for	from him.	False	n/a	n/a
508.216	0.2	508216	255	filler_word	47	31	1	delong	expected	an	a	invitation	message	73	11	5.5	4.74	Sue had wanted to go to Tim's birthday party but she was still waiting for	from him.	False	n/a	n/a
508.701	0.2	508701	255	filler_word	47	31	1	delong	expected	an	a	invitation	message	73	11	5.5	4.74	Sue had wanted to go to Tim's birthday party but she was still waiting for	from him.	False	n/a	n/a
509.186	0.2	509186	255	filler_word	47	31	1	delong	expected	an	a	invitation	message	73	11	5.5	4.74	Sue had wanted to go to Tim's birthday party but she was still waiting for	from him.	False	n/a	n/a
509.672	0.2	509672	255	filler_word	47	31	1	delong	expected	an	a	invitation	message	73	11	5.5	4.74	Sue had wanted to go to Tim's birthday party but she was still waiting for	from him.	False	n/a	n/a
510.157	0.2	510157	255	filler_word	47	31	1	delong	expected	an	a	invitation	message	73	11	5.5	4.74	Sue had wanted to go to Tim's birthday party but she was still waiting for	from him.	False	n/a	n/a
510.642	0.2	510642	255	filler_word	47	31	1	delong	expected	an	a	invitation	message	73	11	5.5	4.74	Sue had wanted to go to Tim's birthday party but she was still waiting for	from him.	False	n/a	n/a
511.127	0.2	511127	255	filler_word	47	31	1	delong	expected	an	a	invitation	message	73	11	5.5	4.74	Sue had wanted to go to Tim's birthday party but she was still waiting for	from him.	False	n/a	n/a
511.612	0.2	511612	255	filler_word	47	31	1	delong	expected	an	a	invitation	message	73	11	5.5	4.74	Sue had wanted to go to Tim's birthday party but she was still waiting for	from him.	False	n/a	n/a
512.098	0.2	512098	255	filler_word	47	31	1	delong	expected	an	a	invitation	message	73	11	5.5	4.74	Sue had wanted to go to Tim's birthday party but she was still waiting for	from him.	False	n/a	n/a
512.583	0.2	512583	255	filler_word	47	31	1	delong	expected	an	a	invitation	message	73	11	5.5	4.74	Sue had wanted to go to Tim's birthday party but she was still waiting for	from him.	False	n/a	n/a
513.068	0.2	513068	255	filler_word	47	31	1	delong	expected	an	a	invitation	message	73	11	5.5	4.74	Sue had wanted to go to Tim's birthday party but she was still waiting for	from him.	False	n/a	n/a
513.553	0.2	513553	255	filler_word	47	31	1	delong	expected	an	a	invitation	message	73	11	5.5	4.74	Sue had wanted to go to Tim's birthday party but she was still waiting for	from him.	False	n/a	n/a
514.038	0.2	514038	201	a_expected	47	31	1	delong	expected	an	a	invitation	message	73	11	5.5	4.74	Sue had wanted to go to Tim's birthday party but she was still waiting for	from him.	False	n/a	n/a
514.088	0.0	514088	75	cloze_marker	47	31	1	delong	expected	an	a	invitation	message	73	11	5.5	4.74	Sue had wanted to go to Tim's birthday party but she was still waiting for	from him.	False	n/a	n/a
514.323	0.0	514323	124	item_marker	48	24	1	delong	expected	a	an	fire	emergency	75	0	5.6	6.06	Harris saw smoke billowing out of his neighbours' home and immediately got on the phone to report	at their address.	True	Did Harris see smoke?	yes
514.523	0.2	514523	205	noun_expected	48	24	1	delong	expected	a	an	fire	emergency	75	0	5.6	6.06	Harris saw smoke billowing out of his neighbours' home and immediately got on the phone to report	at their address.	True	Did Harris see smoke?	yes
514.573	0.0	514573	93	cloze_marker	48	24	1	delong	expected	a	an	fire	emergency	75	0	5.6	6.06	Harris saw smoke billowing out of his neighbours' home and immediately got on the phone to report	at their address.	True	Did Harris see smoke?	yes
514.808	0.0	514808	124	item_marker	49	24	1	delong	expected	a	an	fire	emergency	75	0	5.6	6.06	Harris saw smoke billowing out of his neighbours' home and immediately got on the phone to report	at their address.	True	Did Harris see smoke?	yes
515.009	0.2	515009	255	filler_word	49	24	1	delong	expected	a	an	fire	emergency	75	0	5.6	6.06	Harris saw smoke billowing out of his neighbours' home and immediately got on the phone to report	at their address.	True	Did Harris see smoke?	yes
515.494	0.2	515494	255	filler_word	49	24	1	delong	expected	a	an	fire	emergency	75	0	5.6	6.06	Harris saw smoke billowing out of his neighbours' home and immediately got on the phone to report	at their address.	True	Did Harris see smoke?	yes
515.979	0.2	515979	207	final_expected	49	24	1	delong	expected	a	an	fire	emergency	75	0	5.6	6.06	Harris saw smoke billowing out of his neighbours' home and immediately got on the phone to report	at their address.	True	Did Harris see smoke?	yes
522.052	0.2	522052	255	filler_word	49	24	1	delong	expected	a	an	fire	emergency	75	0	5.6	6.06	Harris saw smoke billowing out of his neighbours' home and immediately got on the phone to report	at their address.	True	Did Harris see smoke?	yes
522.537	0.2	522537	255	filler_word	49	24	1	delong	expected	a	an	fire	emergency	75	0	5.6	6.06	Harris saw smoke billowing out of his neighbours' home and immediately got on the phone to report	at their address.	True	Did Harris see smoke?	yes
523.023	0.2	523023	255	filler_word	49	24	1	delong	expected	a	an	fire	emergency	75	0	5.6	6.06	Harris saw smoke billowing out of his neighbours' home and immediately got on the phone to report	at their address.	True	Did Harris see smoke?	yes
523.508	0.2	523508	255	filler_word	49	24	1	delong	expected	a	an	fire	emergency	75	0	5.6	6.06	Harris saw smoke billowing out of his neighbours' home and immediately got on the phone to report	at their address.	True	Did Harris see smoke?	yes
523.993	0.2	523993	255	filler_word	49	24	1	delong	expected	a	an	fire	emergency	75	0	5.6	6.06	Harris saw smoke billowing out of his neighbours' home and immediately got on the phone to report	at their address.	True	Did Harris see smoke?	yes
524.478	0.2	524478	255	filler_word	49	24	1	delong	expected	a	an	fire	emergency	75	0	5.6	6.06	Harris saw smoke billowing out of his neighbours' home and immediately got on the phone to report	at their address.	True	Did Harris see smoke?	yes
524.963	0.2	524963	255	filler_word	49	24	1	delong	expected	a	an	fire	emergency	75	0	5.6	6.06	Harris saw smoke billowing out of his neighbours' home and immediately got on the phone to report	at their address.	True	Did Harris see smoke?	yes
525.448	0.2	525448	255	filler_word	49	24	1	delong	expected	a	an	fire	emergency	75	0	5.6	6.06	Harris saw smoke billowing out of his neighbours' home and immediately got on the phone to report	at their address.	True	Did Harris see smoke?	yes
525.934	0.2	525934	255	filler_word	49	24	1	delong	expected	a	an	fire	emergency	75	0	5.6	6.06	Harris saw smoke billowing out of his neighbours' home and immediately got on the phone to report	at their address.	True	Did Harris see smoke?	yes
526.419	0.2	526419	255	filler_word	49	24	1	delong	expected	a	an	fire	emergency	75	0	5.6	6.06	Harris saw smoke billowing out of his neighbours' home and immediately got on the phone to report	at their address.	True	Did Harris see smoke?	yes
526.904	0.2	526904	255	filler_word	49	24	1	delong	expected	a	an	fire	emergency	75	0	5.6	6.06	Harris saw smoke billowing out of his neighbours' home and immediately got on the phone to report	at their address.	True	Did Harris see smoke?	yes
527.389	0.2	527389	255	filler_word	49	24	1	delong	expected	a	an	fire	emergency	75	0	5.6	6.06	Harris saw smoke billowing out of his neighbours' home and immediately got on the phone to report	at their address.	True	Did Harris see smoke?	yes
527.874	0.2	527874	255	filler_word	49	24	1	delong	expected	a	an	fire	emergency	75	0	5.6	6.06	Harris saw smoke billowing out of his neighbours' home and immediately got on the phone to report	at their address.	True	Did Harris see smoke?	yes
528.36	0.2	528360	255	filler_word	49	24	1	delong	expected	a	an	fire	emergency	75	0	5.6	6.06	Harris saw smoke billowing out of his neighbours' home and immediately got on the phone to report	at their address.	True	Did Harris see smoke?	yes
528.845	0.2	528845	255	filler_word	49	24	1	delong	expected	a	an	fire	emergency	75	0	5.6	6.06	Harris saw smoke billowing out of his neighbours' home and immediately got on the phone to report	at their address.	True	Did Harris see smoke?	yes
529.33	0.2	529330	255	filler_word	49	24	1	delong	expected	a	an	fire	emergency	75	0	5.6	6.06	Harris saw smoke billowing out of his neighbours' home and immediately got on the phone to report	at their address.	True	Did Harris see smoke?	yes
529.815	0.2	529815	255	filler_word	49	24	1	delong	expected	a	an	fire	emergency	75	0	5.6	6.06	Harris saw smoke billowing out of his neighbours' home and immediately got on the phone to report	at their address.	True	Did Harris see smoke?	yes
530.3	0.2	530300	255	filler_word	49	24	1	delong	expected	a	an	fire	emergency	75	0	5.6	6.06	Harris saw smoke billowing out of his neighbours' home and immediately got on the phone to report	at their address.	True	Did Harris see smoke?	yes
530.785	0.2	530785	255	filler_word	49	24	1	delong	expected	a	an	fire	emergency	75	0	5.6	6.06	Harris saw smoke billowing out of his neighbours' home and immediately got on the phone to report	at their address.	True	Did Harris see smoke?	yes
531.271	0.2	531271	201	a_expected	49	24	1	delong	expected	a	an	fire	emergency	75	0	5.6	6.06	Harris saw smoke billowing out of his neighbours' home and immediately got on the phone to report	at their address.	True	Did Harris see smoke?	yes
531.321	0.0	531321	55	cloze_marker	49	24	1	delong	expected	a	an	fire	emergency	75	0	5.6	6.06	Harris saw smoke billowing out of his neighbours' home and immediately got on the phone to report	at their address.	True	Did Harris see smoke?	yes
531.555	0.0	531555	140	item_marker	50	40	1	delong	expected	a	an	tattoo	infection	55	0	6.0	3.73	The Hell's Angel rolled up the sleeve of his leather jacket to show the girls where he had gotten	the previous night.	False	n/a	n/a
531.756	0.2	531756	205	noun_expected	50	40	1	delong	expected	a	an	tattoo	infection	55	0	6.0	3.73	The Hell's Angel rolled up the sleeve of his leather jacket to show the girls where he had gotten	the previous night.	False	n/a	n/a
531.806	0.0	531806	93	cloze_marker	50	40	1	delong	expected	a	an	tattoo	infection	55	0	6.0	3.73	The Hell's Angel rolled up the sleeve of his leather jacket to show the girls where he had gotten	the previous night.	False	n/a	n/a
532.04	0.0	532040	140	item_marker	51	40	1	delong	expected	a	an	tattoo	infection	55	0	6.0	3.73	The Hell's Angel rolled up the sleeve of his leather jacket to show the girls where he had gotten	the previous night.	False	n/a	n/a
532.241	0.2	532241	255	filler_word	51	40	1	delong	expected	a	an	tattoo	infection	55	0	6.0	3.73	The Hell's Angel rolled up the sleeve of his leather jacket to show the girls where he had gotten	the previous night.	False	n/a	n/a
532.726	0.2	532726	255	filler_word	51	40	1	delong	expected	a	an	tattoo	infection	55	0	6.0	3.73	The Hell's Angel rolled up the sleeve of his leather jacket to show the girls where he had gotten	the previous night.	False	n/a	n/a
533.211	0.2	533211	207	final_expected	51	40	1	delong	expected	a	an	tattoo	infection	55	0	6.0	3.73	The Hell's Angel rolled up the sleeve of his leather jacket to show the girls where he had gotten	the previous night.	False	n/a	n/a
535.236	0.2	535236	255	filler_word	51	40	1	delong	expected	a	an	tattoo	infection	55	0	6.0	3.73	The Hell's Angel rolled up the sleeve of his leather jacket to show the girls where he had gotten	the previous night.	False	n/a	n/a
535.721	0.2	535721	255	filler_word	51	40	1	delong	expected	a	an	tattoo	infection	55	0	6.0	3.73	The Hell's Angel rolled up the sleeve of his leather jacket to show the girls where he had gotten	the previous night.	False	n/a	n/a
536.206	0.2	536206	255	filler_word	51	40	1	delong	expected	a	an	tattoo	infection	55	0	6.0	3.73	The Hell's Angel rolled up the sleeve of his leather jacket to show the girls where he had gotten	the previous night.	False	n/a	n/a
536.691	0.2	536691	255	filler_word	51	40	1	delong	expected	a	an	tattoo	infection	55	0	6.0	3.73	The Hell's Angel rolled up the sleeve of his leather jacket to show the girls where he had gotten	the previous night.	False	n/a	n/a
537.176	0.2	537176	255	filler_word	51	40	1	delong	expected	a	an	tattoo	infection	55	0	6.0	3.73	The Hell's Angel rolled up the sleeve of his leather jacket to show the girls where he had gotten	the previous night.	False	n/a	n/a
537.662	0.2	537662	255	filler_word	51	40	1	delong	expected	a	an	tattoo	infection	55	0	6.0	3.73	The Hell's Angel rolled up the sleeve of his leather jacket to show the girls where he had gotten	the previous night.	False	n/a	n/a
538.147	0.2	538147	255	filler_word	51	40	1	delong	expected	a	an	tattoo	infection	55	0	6.0	3.73	The Hell's Angel rolled up the sleeve of his leather jacket to show the girls where he had gotten	the previous night.	False	n/a	n/a
538.632	0.2	538632	255	filler_word	51	40	1	delong	expected	a	an	tattoo	infection	55	0	6.0	3.73	The Hell's Angel rolled up the sleeve of his leather jacket to show the girls where he had gotten	the previous night.	False	n/a	n/a
539.117	0.2	539117	255	filler_word	51	40	1	delong	expected	a	an	tattoo	infection	55	0	6.0	3.73	The Hell's Angel rolled up the sleeve of his leather jacket to show the girls where he had gotten	the previous night.	False	n/a	n/a
539.602	0.2	539602	255	filler_word	51	40	1	delong	expected	a	an	tattoo	infection	55	0	6.0	3.73	The Hell's Angel rolled up the sleeve of his leather jacket to show the girls where he had gotten	the previous night.	False	n/a	n/a
540.088	0.2	540088	255	filler_word	51	40	1	delong	expected	a	an	tattoo	infection	55	0	6.0	3.73	The Hell's Angel rolled up the sleeve of his leather jacket to show the girls where he had gotten	the previous night.	False	n/a	n/a
540.573	0.2	540573	255	filler_word	51	40	1	delong	expected	a	an	tattoo	infection	55	0	6.0	3.73	The Hell's Angel rolled up the sleeve of his leather jacket to show the girls where he had gotten	the previous night.	False	n/a	n/a
541.058	0.2	541058	255	filler_word	51	40	1	delong	expected	a	an	tattoo	infection	55	0	6.0	3.73	The Hell's Angel rolled up the sleeve of his leather jacket to show the girls where he had gotten	the previous night.	False	n/a	n/a
541.543	0.2	541543	255	filler_word	51	40	1	delong	expected	a	an	tattoo	infection	55	0	6.0	3.73	The Hell's Angel rolled up the sleeve of his leather jacket to show the girls where he had gotten	the previous night.	False	n/a	n/a
542.028	0.2	542028	204	an_unexpected	51	40	1	delong	expected	a	an	tattoo	infection	55	0	6.0	3.73	The Hell's Angel rolled up the sleeve of his leather jacket to show the girls where he had gotten	the previous night.	False	n/a	n/a
542.078	0.0	542078	200	cloze_marker	51	40	1	delong	expected	a	an	tattoo	infection	55	0	6.0	3.73	The Hell's Angel rolled up the sleeve of his leather jacket to show the girls where he had gotten	the previous night.	False	n/a	n/a
542.313	0.0	542313	126	item_marker	52	26	1	delong	unexpected	a	an	hanger	iron	84	0	5.73	2.1	I wanted to put my coat in the closet but I could not find	anywhere.	False	n/a	n/a
542.513	0.2	542513	206	noun_unexpected	52	26	1	delong	unexpected	a	an	hanger	iron	84	0	5.73	2.1	I wanted to put my coat in the closet but I could not find	anywhere.	False	n/a	n/a
542.563	0.0	542563	200	cloze_marker	52	26	1	delong	unexpected	a	an	hanger	iron	84	0	5.73	2.1	I wanted to put my coat in the closet but I could not find	anywhere.	False	n/a	n/a
542.798	0.0	542798	126	item_marker	53	26	1	delong	unexpected	a	an	hanger	iron	84	0	5.73	2.1	I wanted to put my coat in the closet but I could not find	anywhere.	False	n/a	n/a
542.999	0.2	542999	208	final_unexpected	53	26	1	delong	unexpected	a	an	hanger	iron	84	0	5.73	2.1	I wanted to put my coat in the closet but I could not find	anywhere.	False	n/a	n/a
545.492	0.2	545492	255	filler_word	53	26	1	delong	unexpected	a	an	hanger	iron	84	0	5.73	2.1	I wanted to put my coat in the closet but I could not find	anywhere.	False	n/a	n/a
545.977	0.2	545977	255	filler_word	53	26	1	delong	unexpected	a	an	hanger	iron	84	0	5.73	2.1	I wanted to put my coat in the closet but I could not find	anywhere.	False	n/a	n/a
546.462	0.2	546462	255	filler_word	53	26	1	delong	unexpected	a	an	hanger	iron	84	0	5.73	2.1	I wanted to put my coat in the closet but I could not find	anywhere.	False	n/a	n/a
546.947	0.2	546947	255	filler_word	53	26	1	delong	unexpected	a	an	hanger	iron	84	0	5.73	2.1	I wanted to put my coat in the closet but I could not find	anywhere.	False	n/a	n/a
547.432	0.2	547432	255	filler_word	53	26	1	delong	unexpected	a	an	hanger	iron	84	0	5.73	2.1	I wanted to put my coat in the closet but I could not find	anywhere.	False	n/a	n/a
547.917	0.2	547917	255	filler_word	53	26	1	delong	unexpected	a	an	hanger	iron	84	0	5.73	2.1	I wanted to put my coat in the closet but I could not find	anywhere.	False	n/a	n/a
548.403	0.2	548403	255	filler_word	53	26	1	delong	unexpected	a	an	hanger	iron	84	0	5.73	2.1	I wanted to put my coat in the closet but I could not find	anywhere.	False	n/a	n/a
548.888	0.2	548888	255	filler_word	53	26	1	delong	unexpected	a	an	hanger	iron	84	0	5.73	2.1	I wanted to put my coat in the closet but I could not find	anywhere.	False	n/a	n/a
549.373	0.2	549373	255	filler_word	53	26	1	delong	unexpected	a	an	hanger	iron	84	0	5.73	2.1	I wanted to put my coat in the closet but I could not find	anywhere.	False	n/a	n/a
549.858	0.2	549858	255	filler_word	53	26	1	delong	unexpected	a	an	hanger	iron	84	0	5.73	2.1	I wanted to put my coat in the closet but I could not find	anywhere.	False	n/a	n/a
550.343	0.2	550343	255	filler_word	53	26	1	delong	unexpected	a	an	hanger	iron	84	0	5.73	2.1	I wanted to put my coat in the closet but I could not find	anywhere.	False	n/a	n/a
550.829	0.2	550829	255	filler_word	53	26	1	delong	unexpected	a	an	hanger	iron	84	0	5.73	2.1	I wanted to put my coat in the closet but I could not find	anywhere.	False	n/a	n/a
551.314	0.2	551314	255	filler_word	53	26	1	delong	unexpected	a	an	hanger	iron	84	0	5.73	2.1	I wanted to put my coat in the closet but I could not find	anywhere.	False	n/a	n/a
551.799	0.2	551799	255	filler_word	53	26	1	delong	unexpected	a	an	hanger	iron	84	0	5.73	2.1	I wanted to put my coat in the closet but I could not find	anywhere.	False	n/a	n/a
552.284	0.2	552284	255	filler_word	53	26	1	delong	unexpected	a	an	hanger	iron	84	0	5.73	2.1	I wanted to put my coat in the closet but I could not find	anywhere.	False	n/a	n/a
552.769	0.2	552769	255	filler_word	53	26	1	delong	unexpected	a	an	hanger	iron	84	0	5.73	2.1	I wanted to put my coat in the closet but I could not find	anywhere.	False	n/a	n/a
553.254	0.2	553254	201	a_expected	53	26	1	delong	unexpected	a	an	hanger	iron	84	0	5.73	2.1	I wanted to put my coat in the closet but I could not find	anywhere.	False	n/a	n/a
553.304	0.0	553304	64	cloze_marker	53	26	1	delong	unexpected	a	an	hanger	iron	84	0	5.73	2.1	I wanted to put my coat in the closet but I could not find	anywhere.	False	n/a	n/a
553.539	0.0	553539	132	item_marker	54	32	1	delong	expected	a	an	message	invitation	64	0	5.7	4.1	When I called his house Nolan was not home but his mother said she could relay	to him.	False	n/a	n/a
553.74	0.2	553740	205	noun_expected	54	32	1	delong	expected	a	an	message	invitation	64	0	5.7	4.1	When I called his house Nolan was not home but his mother said she could relay	to him.	False	n/a	n/a
553.79	0.0	553790	80	cloze_marker	54	32	1	delong	expected	a	an	message	invitation	64	0	5.7	4.1	When I called his house Nolan was not home but his mother said she could relay	to him.	False	n/a	n/a
554.024	0.0	554024	132	item_marker	55	32	1	delong	expected	a	an	message	invitation	64	0	5.7	4.1	When I called his house Nolan was not home but his mother said she could relay	to him.	False	n/a	n/a
554.225	0.2	554225	255	filler_word	55	32	1	delong	expected	a	an	message	invitation	64	0	5.7	4.1	When I called his house Nolan was not home but his mother said she could relay	to him.	False	n/a	n/a
554.71	0.2	554710	207	final_expected	55	32	1	delong	expected	a	an	message	invitation	64	0	5.7	4.1	When I called his house Nolan was not home but his mother said she could relay	to him.	False	n/a	n/a
556.751	0.2	556751	255	filler_word	55	32	1	delong	expected	a	an	message	invitation	64	0	5.7	4.1	When I called his house Nolan was not home but his mother said she could relay	to him.	False	n/a	n/a
557.236	0.2	557236	255	filler_word	55	32	1	delong	expected	a	an	message	invitation	64	0	5.7	4.1	When I called his house Nolan was not home but his mother said she could relay	to him.	False	n/a	n/a
557.721	0.2	557721	255	filler_word	55	32	1	delong	expected	a	an	message	invitation	64	0	5.7	4.1	When I called his house Nolan was not home but his mother said she could relay	to him.	False	n/a	n/a
558.207	0.2	558207	255	filler_word	55	32	1	delong	expected	a	an	message	invitation	64	0	5.7	4.1	When I called his house Nolan was not home but his mother said she could relay	to him.	False	n/a	n/a
558.692	0.2	558692	255	filler_word	55	32	1	delong	expected	a	an	message	invitation	64	0	5.7	4.1	When I called his house Nolan was not home but his mother said she could relay	to him.	False	n/a	n/a
559.177	0.2	559177	255	filler_word	55	32	1	delong	expected	a	an	message	invitation	64	0	5.7	4.1	When I called his house Nolan was not home but his mother said she could relay	to him.	False	n/a	n/a
559.662	0.2	559662	255	filler_word	55	32	1	delong	expected	a	an	message	invitation	64	0	5.7	4.1	When I called his house Nolan was not home but his mother said she could relay	to him.	False	n/a	n/a
560.147	0.2	560147	255	filler_word	55	32	1	delong	expected	a	an	message	invitation	64	0	5.7	4.1	When I called his house Nolan was not home but his mother said she could relay	to him.	False	n/a	n/a
560.633	0.2	560633	255	filler_word	55	32	1	delong	expected	a	an	message	invitation	64	0	5.7	4.1	When I called his house Nolan was not home but his mother said she could relay	to him.	False	n/a	n/a
561.118	0.2	561118	255	filler_word	55	32	1	delong	expected	a	an	message	invitation	64	0	5.7	4.1	When I called his house Nolan was not home but his mother said she could relay	to him.	False	n/a	n/a
561.603	0.2	561603	255	filler_word	55	32	1	delong	expected	a	an	message	invitation	64	0	5.7	4.1	When I called his house Nolan was not home but his mother said she could relay	to him.	False	n/a	n/a
562.088	0.2	562088	255	filler_word	55	32	1	delong	expected	a	an	message	invitation	64	0	5.7	4.1	When I called his house Nolan was not home but his mother said she could relay	to him.	False	n/a	n/a
562.573	0.2	562573	202	an_expected	55	32	1	delong	expected	a	an	message	invitation	64	0	5.7	4.1	When I called his house Nolan was not home but his mother said she could relay	to him.	False	n/a	n/a
562.623	0.0	562623	93	cloze_marker	55	32	1	delong	expected	a	an	message	invitation	64	0	5.7	4.1	When I called his house Nolan was not home but his mother said she could relay	to him.	False	n/a	n/a
562.858	0.0	562858	139	item_marker	56	39	1	delong	expected	an	a	infection	tattoo	93	2	6.52	1.8	Because Bart did not clean his wound properly he ended up getting	on his leg.	False	n/a	n/a
563.058	0.2	563058	205	noun_expected	56	39	1	delong	expected	an	a	infection	tattoo	93	2	6.52	1.8	Because Bart did not clean his wound properly he ended up getting	on his leg.	False	n/a	n/a
563.108	0.0	563108	97	cloze_marker	56	39	1	delong	expected	an	a	infection	tattoo	93	2	6.52	1.8	Because Bart did not clean his wound properly he ended up getting	on his leg.	False	n/a	n/a
563.343	0.0	563343	139	item_marker	57	39	1	delong	expected	an	a	infection	tattoo	93	2	6.52	1.8	Because Bart did not clean his wound properly he ended up getting	on his leg.	False	n/a	n/a
563.544	0.2	563544	255	filler_word	57	39	1	delong	expected	an	a	infection	tattoo	93	2	6.52	1.8	Because Bart did not clean his wound properly he ended up getting	on his leg.	False	n/a	n/a
564.029	0.2	564029	255	filler_word	57	39	1	delong	expected	an	a	infection	tattoo	93	2	6.52	1.8	Because Bart did not clean his wound properly he ended up getting	on his leg.	False	n/a	n/a
564.514	0.2	564514	207	final_expected	57	39	1	delong	expected	an	a	infection	tattoo	93	2	6.52	1.8	Because Bart did not clean his wound properly he ended up getting	on his leg.	False	n/a	n/a
567.024	0.2	567024	255	filler_word	57	39	1	delong	expected	an	a	infection	tattoo	93	2	6.52	1.8	Because Bart did not clean his wound properly he ended up getting	on his leg.	False	n/a	n/a
567.509	0.2	567509	255	filler_word	57	39	1	delong	expected	an	a	infection	tattoo	93	2	6.52	1.8	Because Bart did not clean his wound properly he ended up getting	on his leg.	False	n/a	n/a
567.994	0.2	567994	255	filler_word	57	39	1	delong	expected	an	a	infection	tattoo	93	2	6.52	1.8	Because Bart did not clean his wound properly he ended up getting	on his leg.	False	n/a	n/a
568.479	0.2	568479	255	filler_word	57	39	1	delong	expected	an	a	infection	tattoo	93	2	6.52	1.8	Because Bart did not clean his wound properly he ended up getting	on his leg.	False	n/a	n/a
568.964	0.2	568964	255	filler_word	57	39	1	delong	expected	an	a	infection	tattoo	93	2	6.52	1.8	Because Bart did not clean his wound properly he ended up getting	on his leg.	False	n/a	n/a
569.449	0.2	569449	255	filler_word	57	39	1	delong	expected	an	a	infection	tattoo	93	2	6.52	1.8	Because Bart did not clean his wound properly he ended up getting	on his leg.	False	n/a	n/a
569.935	0.2	569935	255	filler_word	57	39	1	delong	expected	an	a	infection	tattoo	93	2	6.52	1.8	Because Bart did not clean his wound properly he ended up getting	on his leg.	False	n/a	n/a
570.42	0.2	570420	255	filler_word	57	39	1	delong	expected	an	a	infection	tattoo	93	2	6.52	1.8	Because Bart did not clean his wound properly he ended up getting	on his leg.	False	n/a	n/a
570.905	0.2	570905	255	filler_word	57	39	1	delong	expected	an	a	infection	tattoo	93	2	6.52	1.8	Because Bart did not clean his wound properly he ended up getting	on his leg.	False	n/a	n/a
571.39	0.2	571390	255	filler_word	57	39	1	delong	expected	an	a	infection	tattoo	93	2	6.52	1.8	Because Bart did not clean his wound properly he ended up getting	on his leg.	False	n/a	n/a
571.875	0.2	571875	255	filler_word	57	39	1	delong	expected	an	a	infection	tattoo	93	2	6.52	1.8	Because Bart did not clean his wound properly he ended up getting	on his leg.	False	n/a	n/a
572.361	0.2	572361	255	filler_word	57	39	1	delong	expected	an	a	infection	tattoo	93	2	6.52	1.8	Because Bart did not clean his wound properly he ended up getting	on his leg.	False	n/a	n/a
572.846	0.2	572846	255	filler_word	57	39	1	delong	expected	an	a	infection	tattoo	93	2	6.52	1.8	Because Bart did not clean his wound properly he ended up getting	on his leg.	False	n/a	n/a
573.331	0.2	573331	255	filler_word	57	39	1	delong	expected	an	a	infection	tattoo	93	2	6.52	1.8	Because Bart did not clean his wound properly he ended up getting	on his leg.	False	n/a	n/a
573.816	0.2	573816	255	filler_word	57	39	1	delong	expected	an	a	infection	tattoo	93	2	6.52	1.8	Because Bart did not clean his wound properly he ended up getting	on his leg.	False	n/a	n/a
574.301	0.2	574301	255	filler_word	57	39	1	delong	expected	an	a	infection	tattoo	93	2	6.52	1.8	Because Bart did not clean his wound properly he ended up getting	on his leg.	False	n/a	n/a
574.786	0.2	574786	204	an_unexpected	57	39	1	delong	expected	an	a	infection	tattoo	93	2	6.52	1.8	Because Bart did not clean his wound properly he ended up getting	on his leg.	False	n/a	n/a
574.836	0.0	574836	2	cloze_marker	57	39	1	delong	expected	an	a	infection	tattoo	93	2	6.52	1.8	Because Bart did not clean his wound properly he ended up getting	on his leg.	False	n/a	n/a
575.071	0.0	575071	122	item_marker	58	22	1	delong	unexpected	a	an	pound	allowance	52	2	5.19	3.9	Andrew complained that the only place he could afford was Poundland, after his grandmother gave him	for helping her.	False	n/a	n/a
575.272	0.2	575272	206	noun_unexpected	58	22	1	delong	unexpected	a	an	pound	allowance	52	2	5.19	3.9	Andrew complained that the only place he could afford was Poundland, after his grandmother gave him	for helping her.	False	n/a	n/a
575.322	0.0	575322	17	cloze_marker	58	22	1	delong	unexpected	a	an	pound	allowance	52	2	5.19	3.9	Andrew complained that the only place he could afford was Poundland, after his grandmother gave him	for helping her.	False	n/a	n/a
575.556	0.0	575556	122	item_marker	59	22	1	delong	unexpected	a	an	pound	allowance	52	2	5.19	3.9	Andrew complained that the only place he could afford was Poundland, after his grandmother gave him	for helping her.	False	n/a	n/a
575.757	0.2	575757	255	filler_word	59	22	1	delong	unexpected	a	an	pound	allowance	52	2	5.19	3.9	Andrew complained that the only place he could afford was Poundland, after his grandmother gave him	for helping her.	False	n/a	n/a
576.242	0.2	576242	255	filler_word	59	22	1	delong	unexpected	a	an	pound	allowance	52	2	5.19	3.9	Andrew complained that the only place he could afford was Poundland, after his grandmother gave him	for helping her.	False	n/a	n/a
576.727	0.2	576727	208	final_unexpected	59	22	1	delong	unexpected	a	an	pound	allowance	52	2	5.19	3.9	Andrew complained that the only place he could afford was Poundland, after his grandmother gave him	for helping her.	False	n/a	n/a
579.555	0.2	579555	255	filler_word	59	22	1	delong	unexpected	a	an	pound	allowance	52	2	5.19	3.9	Andrew complained that the only place he could afford was Poundland, after his grandmother gave him	for helping her.	False	n/a	n/a
580.04	0.2	580040	255	filler_word	59	22	1	delong	unexpected	a	an	pound	allowance	52	2	5.19	3.9	Andrew complained that the only place he could afford was Poundland, after his grandmother gave him	for helping her.	False	n/a	n/a
580.525	0.2	580525	255	filler_word	59	22	1	delong	unexpected	a	an	pound	allowance	52	2	5.19	3.9	Andrew complained that the only place he could afford was Poundland, after his grandmother gave him	for helping her.	False	n/a	n/a
581.01	0.2	581010	255	filler_word	59	22	1	delong	unexpected	a	an	pound	allowance	52	2	5.19	3.9	Andrew complained that the only place he could afford was Poundland, after his grandmother gave him	for helping her.	False	n/a	n/a
581.495	0.2	581495	255	filler_word	59	22	1	delong	unexpected	a	an	pound	allowance	52	2	5.19	3.9	Andrew complained that the only place he could afford was Poundland, after his grandmother gave him	for helping her.	False	n/a	n/a
581.981	0.2	581981	255	filler_word	59	22	1	delong	unexpected	a	an	pound	allowance	52	2	5.19	3.9	Andrew complained that the only place he could afford was Poundland, after his grandmother gave him	for helping her.	False	n/a	n/a
582.466	0.2	582466	255	filler_word	59	22	1	delong	unexpected	a	an	pound	allowance	52	2	5.19	3.9	Andrew complained that the only place he could afford was Poundland, after his grandmother gave him	for helping her.	False	n/a	n/a
582.951	0.2	582951	255	filler_word	59	22	1	delong	unexpected	a	an	pound	allowance	52	2	5.19	3.9	Andrew complained that the only place he could afford was Poundland, after his grandmother gave him	for helping her.	False	n/a	n/a
583.436	0.2	583436	255	filler_word	59	22	1	delong	unexpected	a	an	pound	allowance	52	2	5.19	3.9	Andrew complained that the only place he could afford was Poundland, after his grandmother gave him	for helping her.	False	n/a	n/a
583.921	0.2	583921	255	filler_word	59	22	1	delong	unexpected	a	an	pound	allowance	52	2	5.19	3.9	Andrew complained that the only place he could afford was Poundland, after his grandmother gave him	for helping her.	False	n/a	n/a
584.406	0.2	584406	255	filler_word	59	22	1	delong	unexpected	a	an	pound	allowance	52	2	5.19	3.9	Andrew complained that the only place he could afford was Poundland, after his grandmother gave him	for helping her.	False	n/a	n/a
584.892	0.2	584892	255	filler_word	59	22	1	delong	unexpected	a	an	pound	allowance	52	2	5.19	3.9	Andrew complained that the only place he could afford was Poundland, after his grandmother gave him	for helping her.	False	n/a	n/a
585.377	0.2	585377	255	filler_word	59	22	1	delong	unexpected	a	an	pound	allowance	52	2	5.19	3.9	Andrew complained that the only place he could afford was Poundland, after his grandmother gave him	for helping her.	False	n/a	n/a
585.862	0.2	585862	255	filler_word	59	22	1	delong	unexpected	a	an	pound	allowance	52	2	5.19	3.9	Andrew complained that the only place he could afford was Poundland, after his grandmother gave him	for helping her.	False	n/a	n/a
586.347	0.2	586347	255	filler_word	59	22	1	delong	unexpected	a	an	pound	allowance	52	2	5.19	3.9	Andrew complained that the only place he could afford was Poundland, after his grandmother gave him	for helping her.	False	n/a	n/a
586.832	0.2	586832	255	filler_word	59	22	1	delong	unexpected	a	an	pound	allowance	52	2	5.19	3.9	Andrew complained that the only place he could afford was Poundland, after his grandmother gave him	for helping her.	False	n/a	n/a
587.318	0.2	587318	255	filler_word	59	22	1	delong	unexpected	a	an	pound	allowance	52	2	5.19	3.9	Andrew complained that the only place he could afford was Poundland, after his grandmother gave him	for helping her.	False	n/a	n/a
587.803	0.2	587803	255	filler_word	59	22	1	delong	unexpected	a	an	pound	allowance	52	2	5.19	3.9	Andrew complained that the only place he could afford was Poundland, after his grandmother gave him	for helping her.	False	n/a	n/a
588.288	0.2	588288	255	filler_word	59	22	1	delong	unexpected	a	an	pound	allowance	52	2	5.19	3.9	Andrew complained that the only place he could afford was Poundland, after his grandmother gave him	for helping her.	False	n/a	n/a
588.773	0.2	588773	255	filler_word	59	22	1	delong	unexpected	a	an	pound	allowance	52	2	5.19	3.9	Andrew complained that the only place he could afford was Poundland, after his grandmother gave him	for helping her.	False	n/a	n/a
589.258	0.2	589258	255	filler_word	59	22	1	delong	unexpected	a	an	pound	allowance	52	2	5.19	3.9	Andrew complained that the only place he could afford was Poundland, after his grandmother gave him	for helping her.	False	n/a	n/a
589.743	0.2	589743	255	filler_word	59	22	1	delong	unexpected	a	an	pound	allowance	52	2	5.19	3.9	Andrew complained that the only place he could afford was Poundland, after his grandmother gave him	for helping her.	False	n/a	n/a
590.229	0.2	590229	201	a_expected	59	22	1	delong	unexpected	a	an	pound	allowance	52	2	5.19	3.9	Andrew complained that the only place he could afford was Poundland, after his grandmother gave him	for helping her.	False	n/a	n/a
590.279	0.0	590279	61	cloze_marker	59	22	1	delong	unexpected	a	an	pound	allowance	52	2	5.19	3.9	Andrew complained that the only place he could afford was Poundland, after his grandmother gave him	for helping her.	False	n/a	n/a
590.513	0.0	590513	128	item_marker	60	28	1	delong	expected	a	an	race	accident	61	36	5.42	3.2	When we saw the finish line and the pylons sectioning off part of the road we knew that there must have been	earlier that day.	False	n/a	n/a
590.714	0.2	590714	205	noun_expected	60	28	1	delong	expected	a	an	race	accident	61	36	5.42	3.2	When we saw the finish line and the pylons sectioning off part of the road we knew that there must have been	earlier that day.	False	n/a	n/a
590.764	0.0	590764	27	cloze_marker	60	28	1	delong	expected	a	an	race	accident	61	36	5.42	3.2	When we saw the finish line and the pylons sectioning off part of the road we knew that there must have been	earlier that day.	False	n/a	n/a
590.998	0.0	590998	128	item_marker	61	28	1	delong	expected	a	an	race	accident	61	36	5.42	3.2	When we saw the finish line and the pylons sectioning off part of the road we knew that there must have been	earlier that day.	False	n/a	n/a
591.199	0.2	591199	255	filler_word	61	28	1	delong	expected	a	an	race	accident	61	36	5.42	3.2	When we saw the finish line and the pylons sectioning off part of the road we knew that there must have been	earlier that day.	False	n/a	n/a
591.684	0.2	591684	255	filler_word	61	28	1	delong	expected	a	an	race	accident	61	36	5.42	3.2	When we saw the finish line and the pylons sectioning off part of the road we knew that there must have been	earlier that day.	False	n/a	n/a
592.169	0.2	592169	207	final_expected	61	28	1	delong	expected	a	an	race	accident	61	36	5.42	3.2	When we saw the finish line and the pylons sectioning off part of the road we knew that there must have been	earlier that day.	False	n/a	n/a
594.194	0.2	594194	255	filler_word	61	28	1	delong	expected	a	an	race	accident	61	36	5.42	3.2	When we saw the finish line and the pylons sectioning off part of the road we knew that there must have been	earlier that day.	False	n/a	n/a
594.679	0.2	594679	255	filler_word	61	28	1	delong	expected	a	an	race	accident	61	36	5.42	3.2	When we saw the finish line and the pylons sectioning off part of the road we knew that there must have been	earlier that day.	False	n/a	n/a
595.164	0.2	595164	255	filler_word	61	28	1	delong	expected	a	an	race	accident	61	36	5.42	3.2	When we saw the finish line and the pylons sectioning off part of the road we knew that there must have been	earlier that day.	False	n/a	n/a
595.649	0.2	595649	255	filler_word	61	28	1	delong	expected	a	an	race	accident	61	36	5.42	3.2	When we saw the finish line and the pylons sectioning off part of the road we knew that there must have been	earlier that day.	False	n/a	n/a
596.134	0.2	596134	255	filler_word	61	28	1	delong	expected	a	an	race	accident	61	36	5.42	3.2	When we saw the finish line and the pylons sectioning off part of the road we knew that there must have been	earlier that day.	False	n/a	n/a
596.62	0.2	596620	255	filler_word	61	28	1	delong	expected	a	an	race	accident	61	36	5.42	3.2	When we saw the finish line and the pylons sectioning off part of the road we knew that there must have been	earlier that day.	False	n/a	n/a
597.105	0.2	597105	255	filler_word	61	28	1	delong	expected	a	an	race	accident	61	36	5.42	3.2	When we saw the finish line and the pylons sectioning off part of the road we knew that there must have been	earlier that day.	False	n/a	n/a
597.59	0.2	597590	255	filler_word	61	28	1	delong	expected	a	an	race	accident	61	36	5.42	3.2	When we saw the finish line and the pylons sectioning off part of the road we knew that there must have been	earlier that day.	False	n/a	n/a
598.075	0.2	598075	255	filler_word	61	28	1	delong	expected	a	an	race	accident	61	36	5.42	3.2	When we saw the finish line and the pylons sectioning off part of the road we knew that there must have been	earlier that day.	False	n/a	n/a
598.56	0.2	598560	255	filler_word	61	28	1	delong	expected	a	an	race	accident	61	36	5.42	3.2	When we saw the finish line and the pylons sectioning off part of the road we knew that there must have been	earlier that day.	False	n/a	n/a
599.046	0.2	599046	255	filler_word	61	28	1	delong	expected	a	an	race	accident	61	36	5.42	3.2	When we saw the finish line and the pylons sectioning off part of the road we knew that there must have been	earlier that day.	False	n/a	n/a
599.531	0.2	599531	255	filler_word	61	28	1	delong	expected	a	an	race	accident	61	36	5.42	3.2	When we saw the finish line and the pylons sectioning off part of the road we knew that there must have been	earlier that day.	False	n/a	n/a
600.016	0.2	600016	255	filler_word	61	28	1	delong	expected	a	an	race	accident	61	36	5.42	3.2	When we saw the finish line and the pylons sectioning off part of the road we knew that there must have been	earlier that day.	False	n/a	n/a
600.501	0.2	600501	255	filler_word	61	28	1	delong	expected	a	an	race	accident	61	36	5.42	3.2	When we saw the finish line and the pylons sectioning off part of the road we knew that there must have been	earlier that day.	False	n/a	n/a
600.986	0.2	600986	204	an_unexpected	61	28	1	delong	expected	a	an	race	accident	61	36	5.42	3.2	When we saw the finish line and the pylons sectioning off part of the road we knew that there must have been	earlier that day.	False	n/a	n/a
601.036	0.0	601036	200	cloze_marker	61	28	1	delong	expected	a	an	race	accident	61	36	5.42	3.2	When we saw the finish line and the pylons sectioning off part of the road we knew that there must have been	earlier that day.	False	n/a	n/a
601.271	0.0	601271	138	item_marker	62	38	1	delong	unexpected	a	an	plumber	architect	93	0	6.1	2.1	When the pipe broke in the bathroom Felicia looked through the phonebook to find	who could come and take a look at the job.	False	n/a	n/a
601.471	0.2	601471	206	noun_unexpected	62	38	1	delong	unexpected	a	an	plumber	architect	93	0	6.1	2.1	When the pipe broke in the bathroom Felicia looked through the phonebook to find	who could come and take a look at the job.	False	n/a	n/a
601.521	0.0	601521	200	cloze_marker	62	38	1	delong	unexpected	a	an	plumber	architect	93	0	6.1	2.1	When the pipe broke in the bathroom Felicia looked through the phonebook to find	who could come and take a look at the job.	False	n/a	n/a
601.756	0.0	601756	138	item_marker	63	38	1	delong	unexpected	a	an	plumber	architect	93	0	6.1	2.1	When the pipe broke in the bathroom Felicia looked through the phonebook to find	who could come and take a look at the job.	False	n/a	n/a
601.957	0.2	601957	255	filler_word	63	38	1	delong	unexpected	a	an	plumber	architect	93	0	6.1	2.1	When the pipe broke in the bathroom Felicia looked through the phonebook to find	who could come and take a look at the job.	False	n/a	n/a
602.442	0.2	602442	255	filler_word	63	38	1	delong	unexpected	a	an	plumber	architect	93	0	6.1	2.1	When the pipe broke in the bathroom Felicia looked through the phonebook to find	who could come and take a look at the job.	False	n/a	n/a
602.927	0.2	602927	255	filler_word	63	38	1	delong	unexpected	a	an	plumber	architect	93	0	6.1	2.1	When the pipe broke in the bathroom Felicia looked through the phonebook to find	who could come and take a look at the job.	False	n/a	n/a
603.412	0.2	603412	255	filler_word	63	38	1	delong	unexpected	a	an	plumber	architect	93	0	6.1	2.1	When the pipe broke in the bathroom Felicia looked through the phonebook to find	who could come and take a look at the job.	False	n/a	n/a
603.897	0.2	603897	255	filler_word	63	38	1	delong	unexpected	a	an	plumber	architect	93	0	6.1	2.1	When the pipe broke in the bathroom Felicia looked through the phonebook to find	who could come and take a look at the job.	False	n/a	n/a
604.383	0.2	604383	255	filler_word	63	38	1	delong	unexpected	a	an	plumber	architect	93	0	6.1	2.1	When the pipe broke in the bathroom Felicia looked through the phonebook to find	who could come and take a look at the job.	False	n/a	n/a
604.868	0.2	604868	255	filler_word	63	38	1	delong	unexpected	a	an	plumber	architect	93	0	6.1	2.1	When the pipe broke in the bathroom Felicia looked through the phonebook to find	who could come and take a look at the job.	False	n/a	n/a
605.353	0.2	605353	255	filler_word	63	38	1	delong	unexpected	a	an	plumber	architect	93	0	6.1	2.1	When the pipe broke in the bathroom Felicia looked through the phonebook to find	who could come and take a look at the job.	False	n/a	n/a
605.838	0.2	605838	255	filler_word	63	38	1	delong	unexpected	a	an	plumber	architect	93	0	6.1	2.1	When the pipe broke in the bathroom Felicia looked through the phonebook to find	who could come and take a look at the job.	False	n/a	n/a
606.323	0.2	606323	208	final_unexpected	63	38	1	delong	unexpected	a	an	plumber	architect	93	0	6.1	2.1	When the pipe broke in the bathroom Felicia looked through the phonebook to find	who could come and take a look at the job.	False	n/a	n/a
608.247	0.2	608247	255	filler_word	63	38	1	delong	unexpected	a	an	plumber	architect	93	0	6.1	2.1	When the pipe broke in the bathroom Felicia looked through the phonebook to find	who could come and take a look at the job.	False	n/a	n/a
608.732	0.2	608732	255	filler_word	63	38	1	delong	unexpected	a	an	plumber	architect	93	0	6.1	2.1	When the pipe broke in the bathroom Felicia looked through the phonebook to find	who could come and take a look at the job.	False	n/a	n/a
609.218	0.2	609218	255	filler_word	63	38	1	delong	unexpected	a	an	plumber	architect	93	0	6.1	2.1	When the pipe broke in the bathroom Felicia looked through the phonebook to find	who could come and take a look at the job.	False	n/a	n/a
609.703	0.2	609703	255	filler_word	63	38	1	delong	unexpected	a	an	plumber	architect	93	0	6.1	2.1	When the pipe broke in the bathroom Felicia looked through the phonebook to find	who could come and take a look at the job.	False	n/a	n/a
610.188	0.2	610188	255	filler_word	63	38	1	delong	unexpected	a	an	plumber	architect	93	0	6.1	2.1	When the pipe broke in the bathroom Felicia looked through the phonebook to find	who could come and take a look at the job.	False	n/a	n/a
610.673	0.2	610673	255	filler_word	63	38	1	delong	unexpected	a	an	plumber	architect	93	0	6.1	2.1	When the pipe broke in the bathroom Felicia looked through the phonebook to find	who could come and take a look at the job.	False	n/a	n/a
611.158	0.2	611158	255	filler_word	63	38	1	delong	unexpected	a	an	plumber	architect	93	0	6.1	2.1	When the pipe broke in the bathroom Felicia looked through the phonebook to find	who could come and take a look at the job.	False	n/a	n/a
611.644	0.2	611644	255	filler_word	63	38	1	delong	unexpected	a	an	plumber	architect	93	0	6.1	2.1	When the pipe broke in the bathroom Felicia looked through the phonebook to find	who could come and take a look at the job.	False	n/a	n/a
612.129	0.2	612129	255	filler_word	63	38	1	delong	unexpected	a	an	plumber	architect	93	0	6.1	2.1	When the pipe broke in the bathroom Felicia looked through the phonebook to find	who could come and take a look at the job.	False	n/a	n/a
612.614	0.2	612614	255	filler_word	63	38	1	delong	unexpected	a	an	plumber	architect	93	0	6.1	2.1	When the pipe broke in the bathroom Felicia looked through the phonebook to find	who could come and take a look at the job.	False	n/a	n/a
613.099	0.2	613099	255	filler_word	63	38	1	delong	unexpected	a	an	plumber	architect	93	0	6.1	2.1	When the pipe broke in the bathroom Felicia looked through the phonebook to find	who could come and take a look at the job.	False	n/a	n/a
613.584	0.2	613584	255	filler_word	63	38	1	delong	unexpected	a	an	plumber	architect	93	0	6.1	2.1	When the pipe broke in the bathroom Felicia looked through the phonebook to find	who could come and take a look at the job.	False	n/a	n/a
614.069	0.2	614069	255	filler_word	63	38	1	delong	unexpected	a	an	plumber	architect	93	0	6.1	2.1	When the pipe broke in the bathroom Felicia looked through the phonebook to find	who could come and take a look at the job.	False	n/a	n/a
614.555	0.2	614555	255	filler_word	63	38	1	delong	unexpected	a	an	plumber	architect	93	0	6.1	2.1	When the pipe broke in the bathroom Felicia looked through the phonebook to find	who could come and take a look at the job.	False	n/a	n/a
615.04	0.2	615040	255	filler_word	63	38	1	delong	unexpected	a	an	plumber	architect	93	0	6.1	2.1	When the pipe broke in the bathroom Felicia looked through the phonebook to find	who could come and take a look at the job.	False	n/a	n/a
615.525	0.2	615525	255	filler_word	63	38	1	delong	unexpected	a	an	plumber	architect	93	0	6.1	2.1	When the pipe broke in the bathroom Felicia looked through the phonebook to find	who could come and take a look at the job.	False	n/a	n/a
616.01	0.2	616010	204	an_unexpected	63	38	1	delong	unexpected	a	an	plumber	architect	93	0	6.1	2.1	When the pipe broke in the bathroom Felicia looked through the phonebook to find	who could come and take a look at the job.	False	n/a	n/a
616.06	0.0	616060	11	cloze_marker	63	38	1	delong	unexpected	a	an	plumber	architect	93	0	6.1	2.1	When the pipe broke in the bathroom Felicia looked through the phonebook to find	who could come and take a look at the job.	False	n/a	n/a
616.295	0.0	616295	129	item_marker	64	29	1	delong	unexpected	a	an	flat	apartment	66	11	6.26	6.03	Margot had finally decided to buy a house in the suburbs after a year of renting	in the city.	True	Did Margot want to buy a car?	no
616.495	0.2	616495	206	noun_unexpected	64	29	1	delong	unexpected	a	an	flat	apartment	66	11	6.26	6.03	Margot had finally decided to buy a house in the suburbs after a year of renting	in the city.	True	Did Margot want to buy a car?	no
616.545	0.0	616545	90	cloze_marker	64	29	1	delong	unexpected	a	an	flat	apartment	66	11	6.26	6.03	Margot had finally decided to buy a house in the suburbs after a year of renting	in the city.	True	Did Margot want to buy a car?	no
616.78	0.0	616780	129	item_marker	65	29	1	delong	unexpected	a	an	flat	apartment	66	11	6.26	6.03	Margot had finally decided to buy a house in the suburbs after a year of renting	in the city.	True	Did Margot want to buy a car?	no
616.981	0.2	616981	255	filler_word	65	29	1	delong	unexpected	a	an	flat	apartment	66	11	6.26	6.03	Margot had finally decided to buy a house in the suburbs after a year of renting	in the city.	True	Did Margot want to buy a car?	no
617.466	0.2	617466	255	filler_word	65	29	1	delong	unexpected	a	an	flat	apartment	66	11	6.26	6.03	Margot had finally decided to buy a house in the suburbs after a year of renting	in the city.	True	Did Margot want to buy a car?	no
617.951	0.2	617951	208	final_unexpected	65	29	1	delong	unexpected	a	an	flat	apartment	66	11	6.26	6.03	Margot had finally decided to buy a house in the suburbs after a year of renting	in the city.	True	Did Margot want to buy a car?	no
624.074	0.2	624074	255	filler_word	65	29	1	delong	unexpected	a	an	flat	apartment	66	11	6.26	6.03	Margot had finally decided to buy a house in the suburbs after a year of renting	in the city.	True	Did Margot want to buy a car?	no
624.559	0.2	624559	255	filler_word	65	29	1	delong	unexpected	a	an	flat	apartment	66	11	6.26	6.03	Margot had finally decided to buy a house in the suburbs after a year of renting	in the city.	True	Did Margot want to buy a car?	no
625.045	0.2	625045	255	filler_word	65	29	1	delong	unexpected	a	an	flat	apartment	66	11	6.26	6.03	Margot had finally decided to buy a house in the suburbs after a year of renting	in the city.	True	Did Margot want to buy a car?	no
625.53	0.2	625530	255	filler_word	65	29	1	delong	unexpected	a	an	flat	apartment	66	11	6.26	6.03	Margot had finally decided to buy a house in the suburbs after a year of renting	in the city.	True	Did Margot want to buy a car?	no
626.015	0.2	626015	255	filler_word	65	29	1	delong	unexpected	a	an	flat	apartment	66	11	6.26	6.03	Margot had finally decided to buy a house in the suburbs after a year of renting	in the city.	True	Did Margot want to buy a car?	no
626.5	0.2	626500	255	filler_word	65	29	1	delong	unexpected	a	an	flat	apartment	66	11	6.26	6.03	Margot had finally decided to buy a house in the suburbs after a year of renting	in the city.	True	Did Margot want to buy a car?	no
626.985	0.2	626985	255	filler_word	65	29	1	delong	unexpected	a	an	flat	apartment	66	11	6.26	6.03	Margot had finally decided to buy a house in the suburbs after a year of renting	in the city.	True	Did Margot want to buy a car?	no
627.471	0.2	627471	255	filler_word	65	29	1	delong	unexpected	a	an	flat	apartment	66	11	6.26	6.03	Margot had finally decided to buy a house in the suburbs after a year of renting	in the city.	True	Did Margot want to buy a car?	no
627.956	0.2	627956	255	filler_word	65	29	1	delong	unexpected	a	an	flat	apartment	66	11	6.26	6.03	Margot had finally decided to buy a house in the suburbs after a year of renting	in the city.	True	Did Margot want to buy a car?	no
628.441	0.2	628441	255	filler_word	65	29	1	delong	unexpected	a	an	flat	apartment	66	11	6.26	6.03	Margot had finally decided to buy a house in the suburbs after a year of renting	in the city.	True	Did Margot want to buy a car?	no
628.926	0.2	628926	255	filler_word	65	29	1	delong	unexpected	a	an	flat	apartment	66	11	6.26	6.03	Margot had finally decided to buy a house in the suburbs after a year of renting	in the city.	True	Did Margot want to buy a car?	no
629.411	0.2	629411	255	filler_word	65	29	1	delong	unexpected	a	an	flat	apartment	66	11	6.26	6.03	Margot had finally decided to buy a house in the suburbs after a year of renting	in the city.	True	Did Margot want to buy a car?	no
629.896	0.2	629896	255	filler_word	65	29	1	delong	unexpected	a	an	flat	apartment	66	11	6.26	6.03	Margot had finally decided to buy a house in the suburbs after a year of renting	in the city.	True	Did Margot want to buy a car?	no
630.382	0.2	630382	203	a_unexpected	65	29	1	delong	unexpected	a	an	flat	apartment	66	11	6.26	6.03	Margot had finally decided to buy a house in the suburbs after a year of renting	in the city.	True	Did Margot want to buy a car?	no
630.432	0.0	630432	11	cloze_marker	65	29	1	delong	unexpected	a	an	flat	apartment	66	11	6.26	6.03	Margot had finally decided to buy a house in the suburbs after a year of renting	in the city.	True	Did Margot want to buy a car?	no
630.666	0.0	630666	137	item_marker	66	37	1	delong	unexpected	an	a	architect	plumber	82	11	5.87	3.39	Frank wanted to design a very modern house so he sought advice from	to select the fixtures.	False	n/a	n/a
630.867	0.2	630867	206	noun_unexpected	66	37	1	delong	unexpected	an	a	architect	plumber	82	11	5.87	3.39	Frank wanted to design a very modern house so he sought advice from	to select the fixtures.	False	n/a	n/a
630.917	0.0	630917	200	cloze_marker	66	37	1	delong	unexpected	an	a	architect	plumber	82	11	5.87	3.39	Frank wanted to design a very modern house so he sought advice from	to select the fixtures.	False	n/a	n/a
631.151	0.0	631151	137	item_marker	67	37	1	delong	unexpected	an	a	architect	plumber	82	11	5.87	3.39	Frank wanted to design a very modern house so he sought advice from	to select the fixtures.	False	n/a	n/a
631.352	0.2	631352	255	filler_word	67	37	1	delong	unexpected	an	a	architect	plumber	82	11	5.87	3.39	Frank wanted to design a very modern house so he sought advice from	to select the fixtures.	False	n/a	n/a
631.837	0.2	631837	255	filler_word	67	37	1	delong	unexpected	an	a	architect	plumber	82	11	5.87	3.39	Frank wanted to design a very modern house so he sought advice from	to select the fixtures.	False	n/a	n/a
632.322	0.2	632322	255	filler_word	67	37	1	delong	unexpected	an	a	architect	plumber	82	11	5.87	3.39	Frank wanted to design a very modern house so he sought advice from	to select the fixtures.	False	n/a	n/a
632.808	0.2	632808	208	final_unexpected	67	37	1	delong	unexpected	an	a	architect	plumber	82	11	5.87	3.39	Frank wanted to design a very modern house so he sought advice from	to select the fixtures.	False	n/a	n/a
634.782	0.2	634782	255	filler_word	67	37	1	delong	unexpected	an	a	architect	plumber	82	11	5.87	3.39	Frank wanted to design a very modern house so he sought advice from	to select the fixtures.	False	n/a	n/a
635.267	0.2	635267	255	filler_word	67	37	1	delong	unexpected	an	a	architect	plumber	82	11	5.87	3.39	Frank wanted to design a very modern house so he sought advice from	to select the fixtures.	False	n/a	n/a
635.752	0.2	635752	255	filler_word	67	37	1	delong	unexpected	an	a	architect	plumber	82	11	5.87	3.39	Frank wanted to design a very modern house so he sought advice from	to select the fixtures.	False	n/a	n/a
636.237	0.2	636237	255	filler_word	67	37	1	delong	unexpected	an	a	architect	plumber	82	11	5.87	3.39	Frank wanted to design a very modern house so he sought advice from	to select the fixtures.	False	n/a	n/a
636.722	0.2	636722	255	filler_word	67	37	1	delong	unexpected	an	a	architect	plumber	82	11	5.87	3.39	Frank wanted to design a very modern house so he sought advice from	to select the fixtures.	False	n/a	n/a
637.208	0.2	637208	255	filler_word	67	37	1	delong	unexpected	an	a	architect	plumber	82	11	5.87	3.39	Frank wanted to design a very modern house so he sought advice from	to select the fixtures.	False	n/a	n/a
637.693	0.2	637693	255	filler_word	67	37	1	delong	unexpected	an	a	architect	plumber	82	11	5.87	3.39	Frank wanted to design a very modern house so he sought advice from	to select the fixtures.	False	n/a	n/a
638.178	0.2	638178	255	filler_word	67	37	1	delong	unexpected	an	a	architect	plumber	82	11	5.87	3.39	Frank wanted to design a very modern house so he sought advice from	to select the fixtures.	False	n/a	n/a
638.663	0.2	638663	255	filler_word	67	37	1	delong	unexpected	an	a	architect	plumber	82	11	5.87	3.39	Frank wanted to design a very modern house so he sought advice from	to select the fixtures.	False	n/a	n/a
639.148	0.2	639148	255	filler_word	67	37	1	delong	unexpected	an	a	architect	plumber	82	11	5.87	3.39	Frank wanted to design a very modern house so he sought advice from	to select the fixtures.	False	n/a	n/a
639.634	0.2	639634	255	filler_word	67	37	1	delong	unexpected	an	a	architect	plumber	82	11	5.87	3.39	Frank wanted to design a very modern house so he sought advice from	to select the fixtures.	False	n/a	n/a
640.119	0.2	640119	255	filler_word	67	37	1	delong	unexpected	an	a	architect	plumber	82	11	5.87	3.39	Frank wanted to design a very modern house so he sought advice from	to select the fixtures.	False	n/a	n/a
640.604	0.2	640604	255	filler_word	67	37	1	delong	unexpected	an	a	architect	plumber	82	11	5.87	3.39	Frank wanted to design a very modern house so he sought advice from	to select the fixtures.	False	n/a	n/a
641.089	0.2	641089	202	an_expected	67	37	1	delong	unexpected	an	a	architect	plumber	82	11	5.87	3.39	Frank wanted to design a very modern house so he sought advice from	to select the fixtures.	False	n/a	n/a
641.139	0.0	641139	93	cloze_marker	67	37	1	delong	unexpected	an	a	architect	plumber	82	11	5.87	3.39	Frank wanted to design a very modern house so he sought advice from	to select the fixtures.	False	n/a	n/a
641.374	0.0	641374	135	item_marker	68	35	1	delong	expected	an	a	umbrella	newspaper	93	5	6.29	2.3	Because it frequently rains in London it's a good idea to always carry	with you.	False	n/a	n/a
641.574	0.2	641574	205	noun_expected	68	35	1	delong	expected	an	a	umbrella	newspaper	93	5	6.29	2.3	Because it frequently rains in London it's a good idea to always carry	with you.	False	n/a	n/a
641.624	0.0	641624	97	cloze_marker	68	35	1	delong	expected	an	a	umbrella	newspaper	93	5	6.29	2.3	Because it frequently rains in London it's a good idea to always carry	with you.	False	n/a	n/a
641.859	0.0	641859	135	item_marker	69	35	1	delong	expected	an	a	umbrella	newspaper	93	5	6.29	2.3	Because it frequently rains in London it's a good idea to always carry	with you.	False	n/a	n/a
642.059	0.2	642059	255	filler_word	69	35	1	delong	expected	an	a	umbrella	newspaper	93	5	6.29	2.3	Because it frequently rains in London it's a good idea to always carry	with you.	False	n/a	n/a
642.545	0.2	642545	207	final_expected	69	35	1	delong	expected	an	a	umbrella	newspaper	93	5	6.29	2.3	Because it frequently rains in London it's a good idea to always carry	with you.	False	n/a	n/a
644.586	0.2	644586	255	filler_word	69	35	1	delong	expected	an	a	umbrella	newspaper	93	5	6.29	2.3	Because it frequently rains in London it's a good idea to always carry	with you.	False	n/a	n/a
645.071	0.2	645071	255	filler_word	69	35	1	delong	expected	an	a	umbrella	newspaper	93	5	6.29	2.3	Because it frequently rains in London it's a good idea to always carry	with you.	False	n/a	n/a
645.556	0.2	645556	255	filler_word	69	35	1	delong	expected	an	a	umbrella	newspaper	93	5	6.29	2.3	Because it frequently rains in London it's a good idea to always carry	with you.	False	n/a	n/a
646.041	0.2	646041	255	filler_word	69	35	1	delong	expected	an	a	umbrella	newspaper	93	5	6.29	2.3	Because it frequently rains in London it's a good idea to always carry	with you.	False	n/a	n/a
646.526	0.2	646526	255	filler_word	69	35	1	delong	expected	an	a	umbrella	newspaper	93	5	6.29	2.3	Because it frequently rains in London it's a good idea to always carry	with you.	False	n/a	n/a
647.012	0.2	647012	255	filler_word	69	35	1	delong	expected	an	a	umbrella	newspaper	93	5	6.29	2.3	Because it frequently rains in London it's a good idea to always carry	with you.	False	n/a	n/a
647.497	0.2	647497	204	an_unexpected	69	35	1	delong	expected	an	a	umbrella	newspaper	93	5	6.29	2.3	Because it frequently rains in London it's a good idea to always carry	with you.	False	n/a	n/a
647.547	0.0	647547	200	cloze_marker	69	35	1	delong	expected	an	a	umbrella	newspaper	93	5	6.29	2.3	Because it frequently rains in London it's a good idea to always carry	with you.	False	n/a	n/a
647.781	0.0	647781	134	item_marker	70	34	1	delong	unexpected	a	an	bicycle	elephant	95	0	6.07	3.48	You never forget how to ride	once you've learned.	False	n/a	n/a
647.982	0.2	647982	206	noun_unexpected	70	34	1	delong	unexpected	a	an	bicycle	elephant	95	0	6.07	3.48	You never forget how to ride	once you've learned.	False	n/a	n/a
648.032	0.0	648032	30	cloze_marker	70	34	1	delong	unexpected	a	an	bicycle	elephant	95	0	6.07	3.48	You never forget how to ride	once you've learned.	False	n/a	n/a
648.266	0.0	648266	134	item_marker	71	34	1	delong	unexpected	a	an	bicycle	elephant	95	0	6.07	3.48	You never forget how to ride	once you've learned.	False	n/a	n/a
648.467	0.2	648467	255	filler_word	71	34	1	delong	unexpected	a	an	bicycle	elephant	95	0	6.07	3.48	You never forget how to ride	once you've learned.	False	n/a	n/a
648.952	0.2	648952	255	filler_word	71	34	1	delong	unexpected	a	an	bicycle	elephant	95	0	6.07	3.48	You never forget how to ride	once you've learned.	False	n/a	n/a
649.438	0.2	649438	208	final_unexpected	71	34	1	delong	unexpected	a	an	bicycle	elephant	95	0	6.07	3.48	You never forget how to ride	once you've learned.	False	n/a	n/a
652.048	0.2	652048	255	filler_word	71	34	1	delong	unexpected	a	an	bicycle	elephant	95	0	6.07	3.48	You never forget how to ride	once you've learned.	False	n/a	n/a
652.533	0.2	652533	255	filler_word	71	34	1	delong	unexpected	a	an	bicycle	elephant	95	0	6.07	3.48	You never forget how to ride	once you've learned.	False	n/a	n/a
653.018	0.2	653018	255	filler_word	71	34	1	delong	unexpected	a	an	bicycle	elephant	95	0	6.07	3.48	You never forget how to ride	once you've learned.	False	n/a	n/a
653.503	0.2	653503	255	filler_word	71	34	1	delong	unexpected	a	an	bicycle	elephant	95	0	6.07	3.48	You never forget how to ride	once you've learned.	False	n/a	n/a
653.988	0.2	653988	255	filler_word	71	34	1	delong	unexpected	a	an	bicycle	elephant	95	0	6.07	3.48	You never forget how to ride	once you've learned.	False	n/a	n/a
654.473	0.2	654473	255	filler_word	71	34	1	delong	unexpected	a	an	bicycle	elephant	95	0	6.07	3.48	You never forget how to ride	once you've learned.	False	n/a	n/a
654.959	0.2	654959	255	filler_word	71	34	1	delong	unexpected	a	an	bicycle	elephant	95	0	6.07	3.48	You never forget how to ride	once you've learned.	False	n/a	n/a
655.444	0.2	655444	255	filler_word	71	34	1	delong	unexpected	a	an	bicycle	elephant	95	0	6.07	3.48	You never forget how to ride	once you've learned.	False	n/a	n/a
655.929	0.2	655929	255	filler_word	71	34	1	delong	unexpected	a	an	bicycle	elephant	95	0	6.07	3.48	You never forget how to ride	once you've learned.	False	n/a	n/a
656.414	0.2	656414	255	filler_word	71	34	1	delong	unexpected	a	an	bicycle	elephant	95	0	6.07	3.48	You never forget how to ride	once you've learned.	False	n/a	n/a
656.899	0.2	656899	255	filler_word	71	34	1	delong	unexpected	a	an	bicycle	elephant	95	0	6.07	3.48	You never forget how to ride	once you've learned.	False	n/a	n/a
657.385	0.2	657385	255	filler_word	71	34	1	delong	unexpected	a	an	bicycle	elephant	95	0	6.07	3.48	You never forget how to ride	once you've learned.	False	n/a	n/a
657.87	0.2	657870	255	filler_word	71	34	1	delong	unexpected	a	an	bicycle	elephant	95	0	6.07	3.48	You never forget how to ride	once you've learned.	False	n/a	n/a
658.355	0.2	658355	255	filler_word	71	34	1	delong	unexpected	a	an	bicycle	elephant	95	0	6.07	3.48	You never forget how to ride	once you've learned.	False	n/a	n/a
658.84	0.2	658840	255	filler_word	71	34	1	delong	unexpected	a	an	bicycle	elephant	95	0	6.07	3.48	You never forget how to ride	once you've learned.	False	n/a	n/a
659.325	0.2	659325	255	filler_word	71	34	1	delong	unexpected	a	an	bicycle	elephant	95	0	6.07	3.48	You never forget how to ride	once you've learned.	False	n/a	n/a
659.81	0.2	659810	255	filler_word	71	34	1	delong	unexpected	a	an	bicycle	elephant	95	0	6.07	3.48	You never forget how to ride	once you've learned.	False	n/a	n/a
660.296	0.2	660296	255	filler_word	71	34	1	delong	unexpected	a	an	bicycle	elephant	95	0	6.07	3.48	You never forget how to ride	once you've learned.	False	n/a	n/a
660.781	0.2	660781	255	filler_word	71	34	1	delong	unexpected	a	an	bicycle	elephant	95	0	6.07	3.48	You never forget how to ride	once you've learned.	False	n/a	n/a
661.266	0.2	661266	255	filler_word	71	34	1	delong	unexpected	a	an	bicycle	elephant	95	0	6.07	3.48	You never forget how to ride	once you've learned.	False	n/a	n/a
661.751	0.2	661751	255	filler_word	71	34	1	delong	unexpected	a	an	bicycle	elephant	95	0	6.07	3.48	You never forget how to ride	once you've learned.	False	n/a	n/a
662.236	0.2	662236	255	filler_word	71	34	1	delong	unexpected	a	an	bicycle	elephant	95	0	6.07	3.48	You never forget how to ride	once you've learned.	False	n/a	n/a
662.722	0.2	662722	255	filler_word	71	34	1	delong	unexpected	a	an	bicycle	elephant	95	0	6.07	3.48	You never forget how to ride	once you've learned.	False	n/a	n/a
663.207	0.2	663207	201	a_expected	71	34	1	delong	unexpected	a	an	bicycle	elephant	95	0	6.07	3.48	You never forget how to ride	once you've learned.	False	n/a	n/a
663.257	0.0	663257	75	cloze_marker	71	34	1	delong	unexpected	a	an	bicycle	elephant	95	0	6.07	3.48	You never forget how to ride	once you've learned.	False	n/a	n/a
663.491	0.0	663491	136	item_marker	72	36	1	delong	expected	a	an	newspaper	umbrella	75	2	5.19	3.13	As he walked past the corner drugstore on his way to work Carl skimmed the headlines and decided to go ahead and buy	when he saw what the forecast was.	True	Was Carl going to work?	yes
663.692	0.2	663692	205	noun_expected	72	36	1	delong	expected	a	an	newspaper	umbrella	75	2	5.19	3.13	As he walked past the corner drugstore on his way to work Carl skimmed the headlines and decided to go ahead and buy	when he saw what the forecast was.	True	Was Carl going to work?	yes
663.742	0.0	663742	77	cloze_marker	72	36	1	delong	expected	a	an	newspaper	umbrella	75	2	5.19	3.13	As he walked past the corner drugstore on his way to work Carl skimmed the headlines and decided to go ahead and buy	when he saw what the forecast was.	True	Was Carl going to work?	yes
663.976	0.0	663976	136	item_marker	73	36	1	delong	expected	a	an	newspaper	umbrella	75	2	5.19	3.13	As he walked past the corner drugstore on his way to work Carl skimmed the headlines and decided to go ahead and buy	when he saw what the forecast was.	True	Was Carl going to work?	yes
664.177	0.2	664177	255	filler_word	73	36	1	delong	expected	a	an	newspaper	umbrella	75	2	5.19	3.13	As he walked past the corner drugstore on his way to work Carl skimmed the headlines and decided to go ahead and buy	when he saw what the forecast was.	True	Was Carl going to work?	yes
664.662	0.2	664662	255	filler_word	73	36	1	delong	expected	a	an	newspaper	umbrella	75	2	5.19	3.13	As he walked past the corner drugstore on his way to work Carl skimmed the headlines and decided to go ahead and buy	when he saw what the forecast was.	True	Was Carl going to work?	yes
665.147	0.2	665147	255	filler_word	73	36	1	delong	expected	a	an	newspaper	umbrella	75	2	5.19	3.13	As he walked past the corner drugstore on his way to work Carl skimmed the headlines and decided to go ahead and buy	when he saw what the forecast was.	True	Was Carl going to work?	yes
665.633	0.2	665633	255	filler_word	73	36	1	delong	expected	a	an	newspaper	umbrella	75	2	5.19	3.13	As he walked past the corner drugstore on his way to work Carl skimmed the headlines and decided to go ahead and buy	when he saw what the forecast was.	True	Was Carl going to work?	yes
666.118	0.2	666118	255	filler_word	73	36	1	delong	expected	a	an	newspaper	umbrella	75	2	5.19	3.13	As he walked past the corner drugstore on his way to work Carl skimmed the headlines and decided to go ahead and buy	when he saw what the forecast was.	True	Was Carl going to work?	yes
666.603	0.2	666603	255	filler_word	73	36	1	delong	expected	a	an	newspaper	umbrella	75	2	5.19	3.13	As he walked past the corner drugstore on his way to work Carl skimmed the headlines and decided to go ahead and buy	when he saw what the forecast was.	True	Was Carl going to work?	yes
667.088	0.2	667088	207	final_expected	73	36	1	delong	expected	a	an	newspaper	umbrella	75	2	5.19	3.13	As he walked past the corner drugstore on his way to work Carl skimmed the headlines and decided to go ahead and buy	when he saw what the forecast was.	True	Was Carl going to work?	yes
672.81	0.2	672810	255	filler_word	73	36	1	delong	expected	a	an	newspaper	umbrella	75	2	5.19	3.13	As he walked past the corner drugstore on his way to work Carl skimmed the headlines and decided to go ahead and buy	when he saw what the forecast was.	True	Was Carl going to work?	yes
673.295	0.2	673295	255	filler_word	73	36	1	delong	expected	a	an	newspaper	umbrella	75	2	5.19	3.13	As he walked past the corner drugstore on his way to work Carl skimmed the headlines and decided to go ahead and buy	when he saw what the forecast was.	True	Was Carl going to work?	yes
673.78	0.2	673780	255	filler_word	73	36	1	delong	expected	a	an	newspaper	umbrella	75	2	5.19	3.13	As he walked past the corner drugstore on his way to work Carl skimmed the headlines and decided to go ahead and buy	when he saw what the forecast was.	True	Was Carl going to work?	yes
674.266	0.2	674266	255	filler_word	73	36	1	delong	expected	a	an	newspaper	umbrella	75	2	5.19	3.13	As he walked past the corner drugstore on his way to work Carl skimmed the headlines and decided to go ahead and buy	when he saw what the forecast was.	True	Was Carl going to work?	yes
674.751	0.2	674751	255	filler_word	73	36	1	delong	expected	a	an	newspaper	umbrella	75	2	5.19	3.13	As he walked past the corner drugstore on his way to work Carl skimmed the headlines and decided to go ahead and buy	when he saw what the forecast was.	True	Was Carl going to work?	yes
675.236	0.2	675236	255	filler_word	73	36	1	delong	expected	a	an	newspaper	umbrella	75	2	5.19	3.13	As he walked past the corner drugstore on his way to work Carl skimmed the headlines and decided to go ahead and buy	when he saw what the forecast was.	True	Was Carl going to work?	yes
675.721	0.2	675721	255	filler_word	73	36	1	delong	expected	a	an	newspaper	umbrella	75	2	5.19	3.13	As he walked past the corner drugstore on his way to work Carl skimmed the headlines and decided to go ahead and buy	when he saw what the forecast was.	True	Was Carl going to work?	yes
676.206	0.2	676206	255	filler_word	73	36	1	delong	expected	a	an	newspaper	umbrella	75	2	5.19	3.13	As he walked past the corner drugstore on his way to work Carl skimmed the headlines and decided to go ahead and buy	when he saw what the forecast was.	True	Was Carl going to work?	yes
676.691	0.2	676691	255	filler_word	73	36	1	delong	expected	a	an	newspaper	umbrella	75	2	5.19	3.13	As he walked past the corner drugstore on his way to work Carl skimmed the headlines and decided to go ahead and buy	when he saw what the forecast was.	True	Was Carl going to work?	yes
677.177	0.2	677177	255	filler_word	73	36	1	delong	expected	a	an	newspaper	umbrella	75	2	5.19	3.13	As he walked past the corner drugstore on his way to work Carl skimmed the headlines and decided to go ahead and buy	when he saw what the forecast was.	True	Was Carl going to work?	yes
677.662	0.2	677662	255	filler_word	73	36	1	delong	expected	a	an	newspaper	umbrella	75	2	5.19	3.13	As he walked past the corner drugstore on his way to work Carl skimmed the headlines and decided to go ahead and buy	when he saw what the forecast was.	True	Was Carl going to work?	yes
678.147	0.2	678147	255	filler_word	73	36	1	delong	expected	a	an	newspaper	umbrella	75	2	5.19	3.13	As he walked past the corner drugstore on his way to work Carl skimmed the headlines and decided to go ahead and buy	when he saw what the forecast was.	True	Was Carl going to work?	yes
678.632	0.2	678632	255	filler_word	73	36	1	delong	expected	a	an	newspaper	umbrella	75	2	5.19	3.13	As he walked past the corner drugstore on his way to work Carl skimmed the headlines and decided to go ahead and buy	when he saw what the forecast was.	True	Was Carl going to work?	yes
679.117	0.2	679117	255	filler_word	73	36	1	delong	expected	a	an	newspaper	umbrella	75	2	5.19	3.13	As he walked past the corner drugstore on his way to work Carl skimmed the headlines and decided to go ahead and buy	when he saw what the forecast was.	True	Was Carl going to work?	yes
679.603	0.2	679603	255	filler_word	73	36	1	delong	expected	a	an	newspaper	umbrella	75	2	5.19	3.13	As he walked past the corner drugstore on his way to work Carl skimmed the headlines and decided to go ahead and buy	when he saw what the forecast was.	True	Was Carl going to work?	yes
680.088	0.2	680088	255	filler_word	73	36	1	delong	expected	a	an	newspaper	umbrella	75	2	5.19	3.13	As he walked past the corner drugstore on his way to work Carl skimmed the headlines and decided to go ahead and buy	when he saw what the forecast was.	True	Was Carl going to work?	yes
680.573	0.2	680573	255	filler_word	73	36	1	delong	expected	a	an	newspaper	umbrella	75	2	5.19	3.13	As he walked past the corner drugstore on his way to work Carl skimmed the headlines and decided to go ahead and buy	when he saw what the forecast was.	True	Was Carl going to work?	yes
681.058	0.2	681058	255	filler_word	73	36	1	delong	expected	a	an	newspaper	umbrella	75	2	5.19	3.13	As he walked past the corner drugstore on his way to work Carl skimmed the headlines and decided to go ahead and buy	when he saw what the forecast was.	True	Was Carl going to work?	yes
681.543	0.2	681543	204	an_unexpected	73	36	1	delong	expected	a	an	newspaper	umbrella	75	2	5.19	3.13	As he walked past the corner drugstore on his way to work Carl skimmed the headlines and decided to go ahead and buy	when he saw what the forecast was.	True	Was Carl going to work?	yes
681.593	0.0	681593	200	cloze_marker	73	36	1	delong	expected	a	an	newspaper	umbrella	75	2	5.19	3.13	As he walked past the corner drugstore on his way to work Carl skimmed the headlines and decided to go ahead and buy	when he saw what the forecast was.	True	Was Carl going to work?	yes
681.828	0.0	681828	130	item_marker	74	30	1	delong	unexpected	a	an	studio	apartment	77	0	5.9	3.37	Instead of recording a live album the band decided they would have more control if they recorded in	without a lot of background noise.	False	n/a	n/a
682.028	0.2	682028	206	noun_unexpected	74	30	1	delong	unexpected	a	an	studio	apartment	77	0	5.9	3.37	Instead of recording a live album the band decided they would have more control if they recorded in	without a lot of background noise.	False	n/a	n/a
682.078	0.0	682078	200	cloze_marker	74	30	1	delong	unexpected	a	an	studio	apartment	77	0	5.9	3.37	Instead of recording a live album the band decided they would have more control if they recorded in	without a lot of background noise.	False	n/a	n/a
682.313	0.0	682313	130	item_marker	75	30	1	delong	unexpected	a	an	studio	apartment	77	0	5.9	3.37	Instead of recording a live album the band decided they would have more control if they recorded in	without a lot of background noise.	False	n/a	n/a
682.514	0.2	682514	255	filler_word	75	30	1	delong	unexpected	a	an	studio	apartment	77	0	5.9	3.37	Instead of recording a live album the band decided they would have more control if they recorded in	without a lot of background noise.	False	n/a	n/a
682.999	0.2	682999	255	filler_word	75	30	1	delong	unexpected	a	an	studio	apartment	77	0	5.9	3.37	Instead of recording a live album the band decided they would have more control if they recorded in	without a lot of background noise.	False	n/a	n/a
683.484	0.2	683484	255	filler_word	75	30	1	delong	unexpected	a	an	studio	apartment	77	0	5.9	3.37	Instead of recording a live album the band decided they would have more control if they recorded in	without a lot of background noise.	False	n/a	n/a
683.969	0.2	683969	255	filler_word	75	30	1	delong	unexpected	a	an	studio	apartment	77	0	5.9	3.37	Instead of recording a live album the band decided they would have more control if they recorded in	without a lot of background noise.	False	n/a	n/a
684.454	0.2	684454	255	filler_word	75	30	1	delong	unexpected	a	an	studio	apartment	77	0	5.9	3.37	Instead of recording a live album the band decided they would have more control if they recorded in	without a lot of background noise.	False	n/a	n/a
684.94	0.2	684940	208	final_unexpected	75	30	1	delong	unexpected	a	an	studio	apartment	77	0	5.9	3.37	Instead of recording a live album the band decided they would have more control if they recorded in	without a lot of background noise.	False	n/a	n/a
689.306	0.2	689306	255	filler_word	75	30	1	delong	unexpected	a	an	studio	apartment	77	0	5.9	3.37	Instead of recording a live album the band decided they would have more control if they recorded in	without a lot of background noise.	False	n/a	n/a
689.791	0.2	689791	255	filler_word	75	30	1	delong	unexpected	a	an	studio	apartment	77	0	5.9	3.37	Instead of recording a live album the band decided they would have more control if they recorded in	without a lot of background noise.	False	n/a	n/a
690.277	0.2	690277	255	filler_word	75	30	1	delong	unexpected	a	an	studio	apartment	77	0	5.9	3.37	Instead of recording a live album the band decided they would have more control if they recorded in	without a lot of background noise.	False	n/a	n/a
690.762	0.2	690762	255	filler_word	75	30	1	delong	unexpected	a	an	studio	apartment	77	0	5.9	3.37	Instead of recording a live album the band decided they would have more control if they recorded in	without a lot of background noise.	False	n/a	n/a
691.247	0.2	691247	255	filler_word	75	30	1	delong	unexpected	a	an	studio	apartment	77	0	5.9	3.37	Instead of recording a live album the band decided they would have more control if they recorded in	without a lot of background noise.	False	n/a	n/a
691.732	0.2	691732	255	filler_word	75	30	1	delong	unexpected	a	an	studio	apartment	77	0	5.9	3.37	Instead of recording a live album the band decided they would have more control if they recorded in	without a lot of background noise.	False	n/a	n/a
692.217	0.2	692217	255	filler_word	75	30	1	delong	unexpected	a	an	studio	apartment	77	0	5.9	3.37	Instead of recording a live album the band decided they would have more control if they recorded in	without a lot of background noise.	False	n/a	n/a
692.702	0.2	692702	255	filler_word	75	30	1	delong	unexpected	a	an	studio	apartment	77	0	5.9	3.37	Instead of recording a live album the band decided they would have more control if they recorded in	without a lot of background noise.	False	n/a	n/a
693.188	0.2	693188	255	filler_word	75	30	1	delong	unexpected	a	an	studio	apartment	77	0	5.9	3.37	Instead of recording a live album the band decided they would have more control if they recorded in	without a lot of background noise.	False	n/a	n/a
693.673	0.2	693673	255	filler_word	75	30	1	delong	unexpected	a	an	studio	apartment	77	0	5.9	3.37	Instead of recording a live album the band decided they would have more control if they recorded in	without a lot of background noise.	False	n/a	n/a
694.158	0.2	694158	255	filler_word	75	30	1	delong	unexpected	a	an	studio	apartment	77	0	5.9	3.37	Instead of recording a live album the band decided they would have more control if they recorded in	without a lot of background noise.	False	n/a	n/a
694.643	0.2	694643	255	filler_word	75	30	1	delong	unexpected	a	an	studio	apartment	77	0	5.9	3.37	Instead of recording a live album the band decided they would have more control if they recorded in	without a lot of background noise.	False	n/a	n/a
695.128	0.2	695128	255	filler_word	75	30	1	delong	unexpected	a	an	studio	apartment	77	0	5.9	3.37	Instead of recording a live album the band decided they would have more control if they recorded in	without a lot of background noise.	False	n/a	n/a
695.614	0.2	695614	255	filler_word	75	30	1	delong	unexpected	a	an	studio	apartment	77	0	5.9	3.37	Instead of recording a live album the band decided they would have more control if they recorded in	without a lot of background noise.	False	n/a	n/a
696.099	0.2	696099	255	filler_word	75	30	1	delong	unexpected	a	an	studio	apartment	77	0	5.9	3.37	Instead of recording a live album the band decided they would have more control if they recorded in	without a lot of background noise.	False	n/a	n/a
696.584	0.2	696584	255	filler_word	75	30	1	delong	unexpected	a	an	studio	apartment	77	0	5.9	3.37	Instead of recording a live album the band decided they would have more control if they recorded in	without a lot of background noise.	False	n/a	n/a
697.069	0.2	697069	255	filler_word	75	30	1	delong	unexpected	a	an	studio	apartment	77	0	5.9	3.37	Instead of recording a live album the band decided they would have more control if they recorded in	without a lot of background noise.	False	n/a	n/a
697.554	0.2	697554	255	filler_word	75	30	1	delong	unexpected	a	an	studio	apartment	77	0	5.9	3.37	Instead of recording a live album the band decided they would have more control if they recorded in	without a lot of background noise.	False	n/a	n/a
698.039	0.2	698039	255	filler_word	75	30	1	delong	unexpected	a	an	studio	apartment	77	0	5.9	3.37	Instead of recording a live album the band decided they would have more control if they recorded in	without a lot of background noise.	False	n/a	n/a
698.525	0.2	698525	255	filler_word	75	30	1	delong	unexpected	a	an	studio	apartment	77	0	5.9	3.37	Instead of recording a live album the band decided they would have more control if they recorded in	without a lot of background noise.	False	n/a	n/a
699.01	0.2	699010	255	filler_word	75	30	1	delong	unexpected	a	an	studio	apartment	77	0	5.9	3.37	Instead of recording a live album the band decided they would have more control if they recorded in	without a lot of background noise.	False	n/a	n/a
699.495	0.2	699495	255	filler_word	75	30	1	delong	unexpected	a	an	studio	apartment	77	0	5.9	3.37	Instead of recording a live album the band decided they would have more control if they recorded in	without a lot of background noise.	False	n/a	n/a
699.98	0.2	699980	203	a_unexpected	75	30	1	delong	unexpected	a	an	studio	apartment	77	0	5.9	3.37	Instead of recording a live album the band decided they would have more control if they recorded in	without a lot of background noise.	False	n/a	n/a
700.03	0.0	700030	2	cloze_marker	75	30	1	delong	unexpected	a	an	studio	apartment	77	0	5.9	3.37	Instead of recording a live album the band decided they would have more control if they recorded in	without a lot of background noise.	False	n/a	n/a
700.265	0.0	700265	125	item_marker	76	25	1	delong	unexpected	an	a	iron	hanger	59	2	6.27	4.48	Charlie's wife told him that she was tired of pressing his shirts and that he would have to learn how to use	one of these days.	False	n/a	n/a
700.465	0.2	700465	206	noun_unexpected	76	25	1	delong	unexpected	an	a	iron	hanger	59	2	6.27	4.48	Charlie's wife told him that she was tired of pressing his shirts and that he would have to learn how to use	one of these days.	False	n/a	n/a
700.515	0.0	700515	200	cloze_marker	76	25	1	delong	unexpected	an	a	iron	hanger	59	2	6.27	4.48	Charlie's wife told him that she was tired of pressing his shirts and that he would have to learn how to use	one of these days.	False	n/a	n/a
700.75	0.0	700750	125	item_marker	77	25	1	delong	unexpected	an	a	iron	hanger	59	2	6.27	4.48	Charlie's wife told him that she was tired of pressing his shirts and that he would have to learn how to use	one of these days.	False	n/a	n/a
700.951	0.2	700951	255	filler_word	77	25	1	delong	unexpected	an	a	iron	hanger	59	2	6.27	4.48	Charlie's wife told him that she was tired of pressing his shirts and that he would have to learn how to use	one of these days.	False	n/a	n/a
701.436	0.2	701436	255	filler_word	77	25	1	delong	unexpected	an	a	iron	hanger	59	2	6.27	4.48	Charlie's wife told him that she was tired of pressing his shirts and that he would have to learn how to use	one of these days.	False	n/a	n/a
701.921	0.2	701921	255	filler_word	77	25	1	delong	unexpected	an	a	iron	hanger	59	2	6.27	4.48	Charlie's wife told him that she was tired of pressing his shirts and that he would have to learn how to use	one of these days.	False	n/a	n/a
702.406	0.2	702406	208	final_unexpected	77	25	1	delong	unexpected	an	a	iron	hanger	59	2	6.27	4.48	Charlie's wife told him that she was tired of pressing his shirts and that he would have to learn how to use	one of these days.	False	n/a	n/a
704.698	0.2	704698	255	filler_word	77	25	1	delong	unexpected	an	a	iron	hanger	59	2	6.27	4.48	Charlie's wife told him that she was tired of pressing his shirts and that he would have to learn how to use	one of these days.	False	n/a	n/a
705.183	0.2	705183	255	filler_word	77	25	1	delong	unexpected	an	a	iron	hanger	59	2	6.27	4.48	Charlie's wife told him that she was tired of pressing his shirts and that he would have to learn how to use	one of these days.	False	n/a	n/a
705.669	0.2	705669	255	filler_word	77	25	1	delong	unexpected	an	a	iron	hanger	59	2	6.27	4.48	Charlie's wife told him that she was tired of pressing his shirts and that he would have to learn how to use	one of these days.	False	n/a	n/a
706.154	0.2	706154	255	filler_word	77	25	1	delong	unexpected	an	a	iron	hanger	59	2	6.27	4.48	Charlie's wife told him that she was tired of pressing his shirts and that he would have to learn how to use	one of these days.	False	n/a	n/a
706.639	0.2	706639	255	filler_word	77	25	1	delong	unexpected	an	a	iron	hanger	59	2	6.27	4.48	Charlie's wife told him that she was tired of pressing his shirts and that he would have to learn how to use	one of these days.	False	n/a	n/a
707.124	0.2	707124	255	filler_word	77	25	1	delong	unexpected	an	a	iron	hanger	59	2	6.27	4.48	Charlie's wife told him that she was tired of pressing his shirts and that he would have to learn how to use	one of these days.	False	n/a	n/a
707.609	0.2	707609	255	filler_word	77	25	1	delong	unexpected	an	a	iron	hanger	59	2	6.27	4.48	Charlie's wife told him that she was tired of pressing his shirts and that he would have to learn how to use	one of these days.	False	n/a	n/a
708.094	0.2	708094	255	filler_word	77	25	1	delong	unexpected	an	a	iron	hanger	59	2	6.27	4.48	Charlie's wife told him that she was tired of pressing his shirts and that he would have to learn how to use	one of these days.	False	n/a	n/a
708.58	0.2	708580	255	filler_word	77	25	1	delong	unexpected	an	a	iron	hanger	59	2	6.27	4.48	Charlie's wife told him that she was tired of pressing his shirts and that he would have to learn how to use	one of these days.	False	n/a	n/a
709.065	0.2	709065	255	filler_word	77	25	1	delong	unexpected	an	a	iron	hanger	59	2	6.27	4.48	Charlie's wife told him that she was tired of pressing his shirts and that he would have to learn how to use	one of these days.	False	n/a	n/a
709.55	0.2	709550	255	filler_word	77	25	1	delong	unexpected	an	a	iron	hanger	59	2	6.27	4.48	Charlie's wife told him that she was tired of pressing his shirts and that he would have to learn how to use	one of these days.	False	n/a	n/a
710.035	0.2	710035	255	filler_word	77	25	1	delong	unexpected	an	a	iron	hanger	59	2	6.27	4.48	Charlie's wife told him that she was tired of pressing his shirts and that he would have to learn how to use	one of these days.	False	n/a	n/a
710.52	0.2	710520	255	filler_word	77	25	1	delong	unexpected	an	a	iron	hanger	59	2	6.27	4.48	Charlie's wife told him that she was tired of pressing his shirts and that he would have to learn how to use	one of these days.	False	n/a	n/a
711.006	0.2	711006	203	a_unexpected	77	25	1	delong	unexpected	an	a	iron	hanger	59	2	6.27	4.48	Charlie's wife told him that she was tired of pressing his shirts and that he would have to learn how to use	one of these days.	False	n/a	n/a
711.055	0.0	711055	11	cloze_marker	77	25	1	delong	unexpected	an	a	iron	hanger	59	2	6.27	4.48	Charlie's wife told him that she was tired of pressing his shirts and that he would have to learn how to use	one of these days.	False	n/a	n/a
711.29	0.0	711290	133	item_marker	78	33	1	delong	unexpected	an	a	elephant	bicycle	73	11	6.43	4.48	The highlight of Jack's trip to India was when he got to ride	in the parade.	False	n/a	n/a
711.491	0.2	711491	206	noun_unexpected	78	33	1	delong	unexpected	an	a	elephant	bicycle	73	11	6.43	4.48	The highlight of Jack's trip to India was when he got to ride	in the parade.	False	n/a	n/a
711.541	0.0	711541	200	cloze_marker	78	33	1	delong	unexpected	an	a	elephant	bicycle	73	11	6.43	4.48	The highlight of Jack's trip to India was when he got to ride	in the parade.	False	n/a	n/a
711.775	0.0	711775	133	item_marker	79	33	1	delong	unexpected	an	a	elephant	bicycle	73	11	6.43	4.48	The highlight of Jack's trip to India was when he got to ride	in the parade.	False	n/a	n/a
711.976	0.2	711976	255	filler_word	79	33	1	delong	unexpected	an	a	elephant	bicycle	73	11	6.43	4.48	The highlight of Jack's trip to India was when he got to ride	in the parade.	False	n/a	n/a
712.461	0.2	712461	255	filler_word	79	33	1	delong	unexpected	an	a	elephant	bicycle	73	11	6.43	4.48	The highlight of Jack's trip to India was when he got to ride	in the parade.	False	n/a	n/a
712.946	0.2	712946	208	final_unexpected	79	33	1	delong	unexpected	an	a	elephant	bicycle	73	11	6.43	4.48	The highlight of Jack's trip to India was when he got to ride	in the parade.	False	n/a	n/a
736.77	0.2	736770	255	filler_word	79	33	1	delong	unexpected	an	a	elephant	bicycle	73	11	6.43	4.48	The highlight of Jack's trip to India was when he got to ride	in the parade.	False	n/a	n/a
737.256	0.2	737256	255	filler_word	79	33	1	delong	unexpected	an	a	elephant	bicycle	73	11	6.43	4.48	The highlight of Jack's trip to India was when he got to ride	in the parade.	False	n/a	n/a
737.741	0.2	737741	255	filler_word	79	33	1	delong	unexpected	an	a	elephant	bicycle	73	11	6.43	4.48	The highlight of Jack's trip to India was when he got to ride	in the parade.	False	n/a	n/a
738.226	0.2	738226	255	filler_word	79	33	1	delong	unexpected	an	a	elephant	bicycle	73	11	6.43	4.48	The highlight of Jack's trip to India was when he got to ride	in the parade.	False	n/a	n/a
738.711	0.2	738711	255	filler_word	79	33	1	delong	unexpected	an	a	elephant	bicycle	73	11	6.43	4.48	The highlight of Jack's trip to India was when he got to ride	in the parade.	False	n/a	n/a
739.196	0.2	739196	255	filler_word	79	33	1	delong	unexpected	an	a	elephant	bicycle	73	11	6.43	4.48	The highlight of Jack's trip to India was when he got to ride	in the parade.	False	n/a	n/a
739.681	0.2	739681	255	filler_word	79	33	1	delong	unexpected	an	a	elephant	bicycle	73	11	6.43	4.48	The highlight of Jack's trip to India was when he got to ride	in the parade.	False	n/a	n/a
740.167	0.2	740167	255	filler_word	79	33	1	delong	unexpected	an	a	elephant	bicycle	73	11	6.43	4.48	The highlight of Jack's trip to India was when he got to ride	in the parade.	False	n/a	n/a
740.652	0.2	740652	255	filler_word	79	33	1	delong	unexpected	an	a	elephant	bicycle	73	11	6.43	4.48	The highlight of Jack's trip to India was when he got to ride	in the parade.	False	n/a	n/a
741.137	0.2	741137	255	filler_word	79	33	1	delong	unexpected	an	a	elephant	bicycle	73	11	6.43	4.48	The highlight of Jack's trip to India was when he got to ride	in the parade.	False	n/a	n/a
741.622	0.2	741622	255	filler_word	79	33	1	delong	unexpected	an	a	elephant	bicycle	73	11	6.43	4.48	The highlight of Jack's trip to India was when he got to ride	in the parade.	False	n/a	n/a
742.107	0.2	742107	255	filler_word	79	33	1	delong	unexpected	an	a	elephant	bicycle	73	11	6.43	4.48	The highlight of Jack's trip to India was when he got to ride	in the parade.	False	n/a	n/a
742.593	0.2	742593	255	filler_word	79	33	1	delong	unexpected	an	a	elephant	bicycle	73	11	6.43	4.48	The highlight of Jack's trip to India was when he got to ride	in the parade.	False	n/a	n/a
743.078	0.2	743078	255	filler_word	79	33	1	delong	unexpected	an	a	elephant	bicycle	73	11	6.43	4.48	The highlight of Jack's trip to India was when he got to ride	in the parade.	False	n/a	n/a
743.563	0.2	743563	255	filler_word	79	33	1	delong	unexpected	an	a	elephant	bicycle	73	11	6.43	4.48	The highlight of Jack's trip to India was when he got to ride	in the parade.	False	n/a	n/a
744.048	0.2	744048	255	filler_word	79	33	1	delong	unexpected	an	a	elephant	bicycle	73	11	6.43	4.48	The highlight of Jack's trip to India was when he got to ride	in the parade.	False	n/a	n/a
744.533	0.2	744533	255	filler_word	79	33	1	delong	unexpected	an	a	elephant	bicycle	73	11	6.43	4.48	The highlight of Jack's trip to India was when he got to ride	in the parade.	False	n/a	n/a
745.018	0.2	745018	255	filler_word	79	33	1	delong	unexpected	an	a	elephant	bicycle	73	11	6.43	4.48	The highlight of Jack's trip to India was when he got to ride	in the parade.	False	n/a	n/a
745.504	0.2	745504	202	an_expected	79	33	1	delong	unexpected	an	a	elephant	bicycle	73	11	6.43	4.48	The highlight of Jack's trip to India was when he got to ride	in the parade.	False	n/a	n/a
745.554	0.0	745554	68	cloze_marker	79	33	1	delong	unexpected	an	a	elephant	bicycle	73	11	6.43	4.48	The highlight of Jack's trip to India was when he got to ride	in the parade.	False	n/a	n/a
745.788	0.0	745788	155	item_marker	80	55	1	delong	expected	an	a	audience	crowd	68	25	6.61	6.07	Dana enjoyed singing in private but was scared to death at the thought of performing in front of	at the concert.	False	n/a	n/a
745.989	0.2	745989	205	noun_expected	80	55	1	delong	expected	an	a	audience	crowd	68	25	6.61	6.07	Dana enjoyed singing in private but was scared to death at the thought of performing in front of	at the concert.	False	n/a	n/a
746.039	0.0	746039	93	cloze_marker	80	55	1	delong	expected	an	a	audience	crowd	68	25	6.61	6.07	Dana enjoyed singing in private but was scared to death at the thought of performing in front of	at the concert.	False	n/a	n/a
746.273	0.0	746273	155	item_marker	81	55	1	delong	expected	an	a	audience	crowd	68	25	6.61	6.07	Dana enjoyed singing in private but was scared to death at the thought of performing in front of	at the concert.	False	n/a	n/a
746.474	0.2	746474	255	filler_word	81	55	1	delong	expected	an	a	audience	crowd	68	25	6.61	6.07	Dana enjoyed singing in private but was scared to death at the thought of performing in front of	at the concert.	False	n/a	n/a
746.959	0.2	746959	255	filler_word	81	55	1	delong	expected	an	a	audience	crowd	68	25	6.61	6.07	Dana enjoyed singing in private but was scared to death at the thought of performing in front of	at the concert.	False	n/a	n/a
747.444	0.2	747444	207	final_expected	81	55	1	delong	expected	an	a	audience	crowd	68	25	6.61	6.07	Dana enjoyed singing in private but was scared to death at the thought of performing in front of	at the concert.	False	n/a	n/a
749.352	0.2	749352	255	filler_word	81	55	1	delong	expected	an	a	audience	crowd	68	25	6.61	6.07	Dana enjoyed singing in private but was scared to death at the thought of performing in front of	at the concert.	False	n/a	n/a
749.837	0.2	749837	255	filler_word	81	55	1	delong	expected	an	a	audience	crowd	68	25	6.61	6.07	Dana enjoyed singing in private but was scared to death at the thought of performing in front of	at the concert.	False	n/a	n/a
750.322	0.2	750322	255	filler_word	81	55	1	delong	expected	an	a	audience	crowd	68	25	6.61	6.07	Dana enjoyed singing in private but was scared to death at the thought of performing in front of	at the concert.	False	n/a	n/a
750.807	0.2	750807	255	filler_word	81	55	1	delong	expected	an	a	audience	crowd	68	25	6.61	6.07	Dana enjoyed singing in private but was scared to death at the thought of performing in front of	at the concert.	False	n/a	n/a
751.292	0.2	751292	255	filler_word	81	55	1	delong	expected	an	a	audience	crowd	68	25	6.61	6.07	Dana enjoyed singing in private but was scared to death at the thought of performing in front of	at the concert.	False	n/a	n/a
751.778	0.2	751778	255	filler_word	81	55	1	delong	expected	an	a	audience	crowd	68	25	6.61	6.07	Dana enjoyed singing in private but was scared to death at the thought of performing in front of	at the concert.	False	n/a	n/a
752.263	0.2	752263	255	filler_word	81	55	1	delong	expected	an	a	audience	crowd	68	25	6.61	6.07	Dana enjoyed singing in private but was scared to death at the thought of performing in front of	at the concert.	False	n/a	n/a
752.748	0.2	752748	255	filler_word	81	55	1	delong	expected	an	a	audience	crowd	68	25	6.61	6.07	Dana enjoyed singing in private but was scared to death at the thought of performing in front of	at the concert.	False	n/a	n/a
753.233	0.2	753233	255	filler_word	81	55	1	delong	expected	an	a	audience	crowd	68	25	6.61	6.07	Dana enjoyed singing in private but was scared to death at the thought of performing in front of	at the concert.	False	n/a	n/a
753.718	0.2	753718	255	filler_word	81	55	1	delong	expected	an	a	audience	crowd	68	25	6.61	6.07	Dana enjoyed singing in private but was scared to death at the thought of performing in front of	at the concert.	False	n/a	n/a
754.203	0.2	754203	201	a_expected	81	55	1	delong	expected	an	a	audience	crowd	68	25	6.61	6.07	Dana enjoyed singing in private but was scared to death at the thought of performing in front of	at the concert.	False	n/a	n/a
754.253	0.0	754253	89	cloze_marker	81	55	1	delong	expected	an	a	audience	crowd	68	25	6.61	6.07	Dana enjoyed singing in private but was scared to death at the thought of performing in front of	at the concert.	False	n/a	n/a
754.488	0.0	754488	148	item_marker	82	48	1	delong	expected	a	an	story	excuse	89	0	6.55	2.4	Before little Gloria went to sleep she wanted to hear	from her mother.	False	n/a	n/a
754.689	0.2	754689	205	noun_expected	82	48	1	delong	expected	a	an	story	excuse	89	0	6.55	2.4	Before little Gloria went to sleep she wanted to hear	from her mother.	False	n/a	n/a
754.739	0.0	754739	87	cloze_marker	82	48	1	delong	expected	a	an	story	excuse	89	0	6.55	2.4	Before little Gloria went to sleep she wanted to hear	from her mother.	False	n/a	n/a
754.973	0.0	754973	148	item_marker	83	48	1	delong	expected	a	an	story	excuse	89	0	6.55	2.4	Before little Gloria went to sleep she wanted to hear	from her mother.	False	n/a	n/a
755.174	0.2	755174	255	filler_word	83	48	1	delong	expected	a	an	story	excuse	89	0	6.55	2.4	Before little Gloria went to sleep she wanted to hear	from her mother.	False	n/a	n/a
755.659	0.2	755659	255	filler_word	83	48	1	delong	expected	a	an	story	excuse	89	0	6.55	2.4	Before little Gloria went to sleep she wanted to hear	from her mother.	False	n/a	n/a
756.144	0.2	756144	207	final_expected	83	48	1	delong	expected	a	an	story	excuse	89	0	6.55	2.4	Before little Gloria went to sleep she wanted to hear	from her mother.	False	n/a	n/a
758.871	0.2	758871	255	filler_word	83	48	1	delong	expected	a	an	story	excuse	89	0	6.55	2.4	Before little Gloria went to sleep she wanted to hear	from her mother.	False	n/a	n/a
759.356	0.2	759356	255	filler_word	83	48	1	delong	expected	a	an	story	excuse	89	0	6.55	2.4	Before little Gloria went to sleep she wanted to hear	from her mother.	False	n/a	n/a
759.842	0.2	759842	255	filler_word	83	48	1	delong	expected	a	an	story	excuse	89	0	6.55	2.4	Before little Gloria went to sleep she wanted to hear	from her mother.	False	n/a	n/a
760.327	0.2	760327	255	filler_word	83	48	1	delong	expected	a	an	story	excuse	89	0	6.55	2.4	Before little Gloria went to sleep she wanted to hear	from her mother.	False	n/a	n/a
760.812	0.2	760812	255	filler_word	83	48	1	delong	expected	a	an	story	excuse	89	0	6.55	2.4	Before little Gloria went to sleep she wanted to hear	from her mother.	False	n/a	n/a
761.297	0.2	761297	255	filler_word	83	48	1	delong	expected	a	an	story	excuse	89	0	6.55	2.4	Before little Gloria went to sleep she wanted to hear	from her mother.	False	n/a	n/a
761.782	0.2	761782	255	filler_word	83	48	1	delong	expected	a	an	story	excuse	89	0	6.55	2.4	Before little Gloria went to sleep she wanted to hear	from her mother.	False	n/a	n/a
762.268	0.2	762268	255	filler_word	83	48	1	delong	expected	a	an	story	excuse	89	0	6.55	2.4	Before little Gloria went to sleep she wanted to hear	from her mother.	False	n/a	n/a
762.753	0.2	762753	255	filler_word	83	48	1	delong	expected	a	an	story	excuse	89	0	6.55	2.4	Before little Gloria went to sleep she wanted to hear	from her mother.	False	n/a	n/a
763.238	0.2	763238	255	filler_word	83	48	1	delong	expected	a	an	story	excuse	89	0	6.55	2.4	Before little Gloria went to sleep she wanted to hear	from her mother.	False	n/a	n/a
763.723	0.2	763723	255	filler_word	83	48	1	delong	expected	a	an	story	excuse	89	0	6.55	2.4	Before little Gloria went to sleep she wanted to hear	from her mother.	False	n/a	n/a
764.208	0.2	764208	255	filler_word	83	48	1	delong	expected	a	an	story	excuse	89	0	6.55	2.4	Before little Gloria went to sleep she wanted to hear	from her mother.	False	n/a	n/a
764.693	0.2	764693	255	filler_word	83	48	1	delong	expected	a	an	story	excuse	89	0	6.55	2.4	Before little Gloria went to sleep she wanted to hear	from her mother.	False	n/a	n/a
765.179	0.2	765179	255	filler_word	83	48	1	delong	expected	a	an	story	excuse	89	0	6.55	2.4	Before little Gloria went to sleep she wanted to hear	from her mother.	False	n/a	n/a
765.664	0.2	765664	255	filler_word	83	48	1	delong	expected	a	an	story	excuse	89	0	6.55	2.4	Before little Gloria went to sleep she wanted to hear	from her mother.	False	n/a	n/a
766.149	0.2	766149	203	a_unexpected	83	48	1	delong	expected	a	an	story	excuse	89	0	6.55	2.4	Before little Gloria went to sleep she wanted to hear	from her mother.	False	n/a	n/a
766.199	0.0	766199	9	cloze_marker	83	48	1	delong	expected	a	an	story	excuse	89	0	6.55	2.4	Before little Gloria went to sleep she wanted to hear	from her mother.	False	n/a	n/a
766.433	0.0	766433	141	item_marker	84	41	1	delong	unexpected	an	a	adult	parent	91	9	5.58	4.7	In order to get into an R-rated movie children under 17 must be accompanied by	or legal guardian.	False	n/a	n/a
766.634	0.2	766634	206	noun_unexpected	84	41	1	delong	unexpected	an	a	adult	parent	91	9	5.58	4.7	In order to get into an R-rated movie children under 17 must be accompanied by	or legal guardian.	False	n/a	n/a
766.684	0.0	766684	7	cloze_marker	84	41	1	delong	unexpected	an	a	adult	parent	91	9	5.58	4.7	In order to get into an R-rated movie children under 17 must be accompanied by	or legal guardian.	False	n/a	n/a
766.919	0.0	766919	141	item_marker	85	41	1	delong	unexpected	an	a	adult	parent	91	9	5.58	4.7	In order to get into an R-rated movie children under 17 must be accompanied by	or legal guardian.	False	n/a	n/a
767.119	0.2	767119	255	filler_word	85	41	1	delong	unexpected	an	a	adult	parent	91	9	5.58	4.7	In order to get into an R-rated movie children under 17 must be accompanied by	or legal guardian.	False	n/a	n/a
767.605	0.2	767605	255	filler_word	85	41	1	delong	unexpected	an	a	adult	parent	91	9	5.58	4.7	In order to get into an R-rated movie children under 17 must be accompanied by	or legal guardian.	False	n/a	n/a
768.09	0.2	768090	208	final_unexpected	85	41	1	delong	unexpected	an	a	adult	parent	91	9	5.58	4.7	In order to get into an R-rated movie children under 17 must be accompanied by	or legal guardian.	False	n/a	n/a
770.03	0.2	770030	255	filler_word	85	41	1	delong	unexpected	an	a	adult	parent	91	9	5.58	4.7	In order to get into an R-rated movie children under 17 must be accompanied by	or legal guardian.	False	n/a	n/a
770.516	0.2	770516	255	filler_word	85	41	1	delong	unexpected	an	a	adult	parent	91	9	5.58	4.7	In order to get into an R-rated movie children under 17 must be accompanied by	or legal guardian.	False	n/a	n/a
771.001	0.2	771001	255	filler_word	85	41	1	delong	unexpected	an	a	adult	parent	91	9	5.58	4.7	In order to get into an R-rated movie children under 17 must be accompanied by	or legal guardian.	False	n/a	n/a
771.486	0.2	771486	255	filler_word	85	41	1	delong	unexpected	an	a	adult	parent	91	9	5.58	4.7	In order to get into an R-rated movie children under 17 must be accompanied by	or legal guardian.	False	n/a	n/a
771.971	0.2	771971	255	filler_word	85	41	1	delong	unexpected	an	a	adult	parent	91	9	5.58	4.7	In order to get into an R-rated movie children under 17 must be accompanied by	or legal guardian.	False	n/a	n/a
772.456	0.2	772456	255	filler_word	85	41	1	delong	unexpected	an	a	adult	parent	91	9	5.58	4.7	In order to get into an R-rated movie children under 17 must be accompanied by	or legal guardian.	False	n/a	n/a
772.942	0.2	772942	255	filler_word	85	41	1	delong	unexpected	an	a	adult	parent	91	9	5.58	4.7	In order to get into an R-rated movie children under 17 must be accompanied by	or legal guardian.	False	n/a	n/a
773.427	0.2	773427	203	a_unexpected	85	41	1	delong	unexpected	an	a	adult	parent	91	9	5.58	4.7	In order to get into an R-rated movie children under 17 must be accompanied by	or legal guardian.	False	n/a	n/a
773.477	0.0	773477	11	cloze_marker	85	41	1	delong	unexpected	an	a	adult	parent	91	9	5.58	4.7	In order to get into an R-rated movie children under 17 must be accompanied by	or legal guardian.	False	n/a	n/a
773.711	0.0	773711	157	item_marker	86	57	1	delong	unexpected	an	a	escalator	wheelchair	34	11	5.87	1.94	Damon preferred climbing stairs over going up	because it had given him the chance to get a little exercise.	True	Did Damon prefer stairs over lifts?	yes
773.912	0.2	773912	206	noun_unexpected	86	57	1	delong	unexpected	an	a	escalator	wheelchair	34	11	5.87	1.94	Damon preferred climbing stairs over going up	because it had given him the chance to get a little exercise.	True	Did Damon prefer stairs over lifts?	yes
773.962	0.0	773962	200	cloze_marker	86	57	1	delong	unexpected	an	a	escalator	wheelchair	34	11	5.87	1.94	Damon preferred climbing stairs over going up	because it had given him the chance to get a little exercise.	True	Did Damon prefer stairs over lifts?	yes
774.196	0.0	774196	157	item_marker	87	57	1	delong	unexpected	an	a	escalator	wheelchair	34	11	5.87	1.94	Damon preferred climbing stairs over going up	because it had given him the chance to get a little exercise.	True	Did Damon prefer stairs over lifts?	yes
774.397	0.2	774397	255	filler_word	87	57	1	delong	unexpected	an	a	escalator	wheelchair	34	11	5.87	1.94	Damon preferred climbing stairs over going up	because it had given him the chance to get a little exercise.	True	Did Damon prefer stairs over lifts?	yes
774.882	0.2	774882	255	filler_word	87	57	1	delong	unexpected	an	a	escalator	wheelchair	34	11	5.87	1.94	Damon preferred climbing stairs over going up	because it had given him the chance to get a little exercise.	True	Did Damon prefer stairs over lifts?	yes
775.367	0.2	775367	255	filler_word	87	57	1	delong	unexpected	an	a	escalator	wheelchair	34	11	5.87	1.94	Damon preferred climbing stairs over going up	because it had given him the chance to get a little exercise.	True	Did Damon prefer stairs over lifts?	yes
775.853	0.2	775853	255	filler_word	87	57	1	delong	unexpected	an	a	escalator	wheelchair	34	11	5.87	1.94	Damon preferred climbing stairs over going up	because it had given him the chance to get a little exercise.	True	Did Damon prefer stairs over lifts?	yes
776.338	0.2	776338	255	filler_word	87	57	1	delong	unexpected	an	a	escalator	wheelchair	34	11	5.87	1.94	Damon preferred climbing stairs over going up	because it had given him the chance to get a little exercise.	True	Did Damon prefer stairs over lifts?	yes
776.823	0.2	776823	255	filler_word	87	57	1	delong	unexpected	an	a	escalator	wheelchair	34	11	5.87	1.94	Damon preferred climbing stairs over going up	because it had given him the chance to get a little exercise.	True	Did Damon prefer stairs over lifts?	yes
777.308	0.2	777308	255	filler_word	87	57	1	delong	unexpected	an	a	escalator	wheelchair	34	11	5.87	1.94	Damon preferred climbing stairs over going up	because it had given him the chance to get a little exercise.	True	Did Damon prefer stairs over lifts?	yes
777.793	0.2	777793	255	filler_word	87	57	1	delong	unexpected	an	a	escalator	wheelchair	34	11	5.87	1.94	Damon preferred climbing stairs over going up	because it had given him the chance to get a little exercise.	True	Did Damon prefer stairs over lifts?	yes
778.279	0.2	778279	255	filler_word	87	57	1	delong	unexpected	an	a	escalator	wheelchair	34	11	5.87	1.94	Damon preferred climbing stairs over going up	because it had given him the chance to get a little exercise.	True	Did Damon prefer stairs over lifts?	yes
778.764	0.2	778764	255	filler_word	87	57	1	delong	unexpected	an	a	escalator	wheelchair	34	11	5.87	1.94	Damon preferred climbing stairs over going up	because it had given him the chance to get a little exercise.	True	Did Damon prefer stairs over lifts?	yes
779.249	0.2	779249	255	filler_word	87	57	1	delong	unexpected	an	a	escalator	wheelchair	34	11	5.87	1.94	Damon preferred climbing stairs over going up	because it had given him the chance to get a little exercise.	True	Did Damon prefer stairs over lifts?	yes
779.734	0.2	779734	208	final_unexpected	87	57	1	delong	unexpected	an	a	escalator	wheelchair	34	11	5.87	1.94	Damon preferred climbing stairs over going up	because it had given him the chance to get a little exercise.	True	Did Damon prefer stairs over lifts?	yes
786.443	0.2	786443	255	filler_word	87	57	1	delong	unexpected	an	a	escalator	wheelchair	34	11	5.87	1.94	Damon preferred climbing stairs over going up	because it had given him the chance to get a little exercise.	True	Did Damon prefer stairs over lifts?	yes
786.928	0.2	786928	255	filler_word	87	57	1	delong	unexpected	an	a	escalator	wheelchair	34	11	5.87	1.94	Damon preferred climbing stairs over going up	because it had given him the chance to get a little exercise.	True	Did Damon prefer stairs over lifts?	yes
787.413	0.2	787413	255	filler_word	87	57	1	delong	unexpected	an	a	escalator	wheelchair	34	11	5.87	1.94	Damon preferred climbing stairs over going up	because it had given him the chance to get a little exercise.	True	Did Damon prefer stairs over lifts?	yes
787.898	0.2	787898	255	filler_word	87	57	1	delong	unexpected	an	a	escalator	wheelchair	34	11	5.87	1.94	Damon preferred climbing stairs over going up	because it had given him the chance to get a little exercise.	True	Did Damon prefer stairs over lifts?	yes
788.384	0.2	788384	255	filler_word	87	57	1	delong	unexpected	an	a	escalator	wheelchair	34	11	5.87	1.94	Damon preferred climbing stairs over going up	because it had given him the chance to get a little exercise.	True	Did Damon prefer stairs over lifts?	yes
788.869	0.2	788869	255	filler_word	87	57	1	delong	unexpected	an	a	escalator	wheelchair	34	11	5.87	1.94	Damon preferred climbing stairs over going up	because it had given him the chance to get a little exercise.	True	Did Damon prefer stairs over lifts?	yes
789.354	0.2	789354	255	filler_word	87	57	1	delong	unexpected	an	a	escalator	wheelchair	34	11	5.87	1.94	Damon preferred climbing stairs over going up	because it had given him the chance to get a little exercise.	True	Did Damon prefer stairs over lifts?	yes
789.839	0.2	789839	255	filler_word	87	57	1	delong	unexpected	an	a	escalator	wheelchair	34	11	5.87	1.94	Damon preferred climbing stairs over going up	because it had given him the chance to get a little exercise.	True	Did Damon prefer stairs over lifts?	yes
790.324	0.2	790324	255	filler_word	87	57	1	delong	unexpected	an	a	escalator	wheelchair	34	11	5.87	1.94	Damon preferred climbing stairs over going up	because it had given him the chance to get a little exercise.	True	Did Damon prefer stairs over lifts?	yes
790.81	0.2	790810	255	filler_word	87	57	1	delong	unexpected	an	a	escalator	wheelchair	34	11	5.87	1.94	Damon preferred climbing stairs over going up	because it had given him the chance to get a little exercise.	True	Did Damon prefer stairs over lifts?	yes
791.295	0.2	791295	255	filler_word	87	57	1	delong	unexpected	an	a	escalator	wheelchair	34	11	5.87	1.94	Damon preferred climbing stairs over going up	because it had given him the chance to get a little exercise.	True	Did Damon prefer stairs over lifts?	yes
791.78	0.2	791780	255	filler_word	87	57	1	delong	unexpected	an	a	escalator	wheelchair	34	11	5.87	1.94	Damon preferred climbing stairs over going up	because it had given him the chance to get a little exercise.	True	Did Damon prefer stairs over lifts?	yes
792.265	0.2	792265	255	filler_word	87	57	1	delong	unexpected	an	a	escalator	wheelchair	34	11	5.87	1.94	Damon preferred climbing stairs over going up	because it had given him the chance to get a little exercise.	True	Did Damon prefer stairs over lifts?	yes
792.75	0.2	792750	255	filler_word	87	57	1	delong	unexpected	an	a	escalator	wheelchair	34	11	5.87	1.94	Damon preferred climbing stairs over going up	because it had given him the chance to get a little exercise.	True	Did Damon prefer stairs over lifts?	yes
793.235	0.2	793235	255	filler_word	87	57	1	delong	unexpected	an	a	escalator	wheelchair	34	11	5.87	1.94	Damon preferred climbing stairs over going up	because it had given him the chance to get a little exercise.	True	Did Damon prefer stairs over lifts?	yes
793.721	0.2	793721	255	filler_word	87	57	1	delong	unexpected	an	a	escalator	wheelchair	34	11	5.87	1.94	Damon preferred climbing stairs over going up	because it had given him the chance to get a little exercise.	True	Did Damon prefer stairs over lifts?	yes
794.206	0.2	794206	204	an_unexpected	87	57	1	delong	unexpected	an	a	escalator	wheelchair	34	11	5.87	1.94	Damon preferred climbing stairs over going up	because it had given him the chance to get a little exercise.	True	Did Damon prefer stairs over lifts?	yes
794.256	0.0	794256	16	cloze_marker	87	57	1	delong	unexpected	an	a	escalator	wheelchair	34	11	5.87	1.94	Damon preferred climbing stairs over going up	because it had given him the chance to get a little exercise.	True	Did Damon prefer stairs over lifts?	yes
794.49	0.0	794490	146	item_marker	88	46	1	delong	unexpected	a	an	beginner	amateur	82	16	6.17	6.16	There are always ways to improve your game whether you're an advanced tennis player or merely	you just need to practice a lot.	False	n/a	n/a
794.691	0.2	794691	206	noun_unexpected	88	46	1	delong	unexpected	a	an	beginner	amateur	82	16	6.17	6.16	There are always ways to improve your game whether you're an advanced tennis player or merely	you just need to practice a lot.	False	n/a	n/a
794.741	0.0	794741	20	cloze_marker	88	46	1	delong	unexpected	a	an	beginner	amateur	82	16	6.17	6.16	There are always ways to improve your game whether you're an advanced tennis player or merely	you just need to practice a lot.	False	n/a	n/a
794.975	0.0	794975	146	item_marker	89	46	1	delong	unexpected	a	an	beginner	amateur	82	16	6.17	6.16	There are always ways to improve your game whether you're an advanced tennis player or merely	you just need to practice a lot.	False	n/a	n/a
795.176	0.2	795176	255	filler_word	89	46	1	delong	unexpected	a	an	beginner	amateur	82	16	6.17	6.16	There are always ways to improve your game whether you're an advanced tennis player or merely	you just need to practice a lot.	False	n/a	n/a
795.661	0.2	795661	255	filler_word	89	46	1	delong	unexpected	a	an	beginner	amateur	82	16	6.17	6.16	There are always ways to improve your game whether you're an advanced tennis player or merely	you just need to practice a lot.	False	n/a	n/a
796.147	0.2	796147	255	filler_word	89	46	1	delong	unexpected	a	an	beginner	amateur	82	16	6.17	6.16	There are always ways to improve your game whether you're an advanced tennis player or merely	you just need to practice a lot.	False	n/a	n/a
796.632	0.2	796632	255	filler_word	89	46	1	delong	unexpected	a	an	beginner	amateur	82	16	6.17	6.16	There are always ways to improve your game whether you're an advanced tennis player or merely	you just need to practice a lot.	False	n/a	n/a
797.117	0.2	797117	255	filler_word	89	46	1	delong	unexpected	a	an	beginner	amateur	82	16	6.17	6.16	There are always ways to improve your game whether you're an advanced tennis player or merely	you just need to practice a lot.	False	n/a	n/a
797.602	0.2	797602	255	filler_word	89	46	1	delong	unexpected	a	an	beginner	amateur	82	16	6.17	6.16	There are always ways to improve your game whether you're an advanced tennis player or merely	you just need to practice a lot.	False	n/a	n/a
798.087	0.2	798087	208	final_unexpected	89	46	1	delong	unexpected	a	an	beginner	amateur	82	16	6.17	6.16	There are always ways to improve your game whether you're an advanced tennis player or merely	you just need to practice a lot.	False	n/a	n/a
800.329	0.2	800329	255	filler_word	89	46	1	delong	unexpected	a	an	beginner	amateur	82	16	6.17	6.16	There are always ways to improve your game whether you're an advanced tennis player or merely	you just need to practice a lot.	False	n/a	n/a
800.814	0.2	800814	255	filler_word	89	46	1	delong	unexpected	a	an	beginner	amateur	82	16	6.17	6.16	There are always ways to improve your game whether you're an advanced tennis player or merely	you just need to practice a lot.	False	n/a	n/a
801.3	0.2	801300	255	filler_word	89	46	1	delong	unexpected	a	an	beginner	amateur	82	16	6.17	6.16	There are always ways to improve your game whether you're an advanced tennis player or merely	you just need to practice a lot.	False	n/a	n/a
801.785	0.2	801785	255	filler_word	89	46	1	delong	unexpected	a	an	beginner	amateur	82	16	6.17	6.16	There are always ways to improve your game whether you're an advanced tennis player or merely	you just need to practice a lot.	False	n/a	n/a
802.27	0.2	802270	255	filler_word	89	46	1	delong	unexpected	a	an	beginner	amateur	82	16	6.17	6.16	There are always ways to improve your game whether you're an advanced tennis player or merely	you just need to practice a lot.	False	n/a	n/a
802.755	0.2	802755	201	a_expected	89	46	1	delong	unexpected	a	an	beginner	amateur	82	16	6.17	6.16	There are always ways to improve your game whether you're an advanced tennis player or merely	you just need to practice a lot.	False	n/a	n/a
802.805	0.0	802805	86	cloze_marker	89	46	1	delong	unexpected	a	an	beginner	amateur	82	16	6.17	6.16	There are always ways to improve your game whether you're an advanced tennis player or merely	you just need to practice a lot.	False	n/a	n/a
803.04	0.0	803040	143	item_marker	90	43	1	delong	expected	a	an	stamp	envelope	86	2	4.67	3.74	Jeffrey mailed the letter without	so the post office would never deliver it.	True	Did Hannah mail the letter?	no
803.24	0.2	803240	205	noun_expected	90	43	1	delong	expected	a	an	stamp	envelope	86	2	4.67	3.74	Jeffrey mailed the letter without	so the post office would never deliver it.	True	Did Hannah mail the letter?	no
803.29	0.0	803290	93	cloze_marker	90	43	1	delong	expected	a	an	stamp	envelope	86	2	4.67	3.74	Jeffrey mailed the letter without	so the post office would never deliver it.	True	Did Hannah mail the letter?	no
803.525	0.0	803525	143	item_marker	91	43	1	delong	expected	a	an	stamp	envelope	86	2	4.67	3.74	Jeffrey mailed the letter without	so the post office would never deliver it.	True	Did Hannah mail the letter?	no
803.725	0.2	803725	255	filler_word	91	43	1	delong	expected	a	an	stamp	envelope	86	2	4.67	3.74	Jeffrey mailed the letter without	so the post office would never deliver it.	True	Did Hannah mail the letter?	no
804.211	0.2	804211	255	filler_word	91	43	1	delong	expected	a	an	stamp	envelope	86	2	4.67	3.74	Jeffrey mailed the letter without	so the post office would never deliver it.	True	Did Hannah mail the letter?	no
804.696	0.2	804696	255	filler_word	91	43	1	delong	expected	a	an	stamp	envelope	86	2	4.67	3.74	Jeffrey mailed the letter without	so the post office would never deliver it.	True	Did Hannah mail the letter?	no
805.181	0.2	805181	255	filler_word	91	43	1	delong	expected	a	an	stamp	envelope	86	2	4.67	3.74	Jeffrey mailed the letter without	so the post office would never deliver it.	True	Did Hannah mail the letter?	no
805.666	0.2	805666	255	filler_word	91	43	1	delong	expected	a	an	stamp	envelope	86	2	4.67	3.74	Jeffrey mailed the letter without	so the post office would never deliver it.	True	Did Hannah mail the letter?	no
806.151	0.2	806151	255	filler_word	91	43	1	delong	expected	a	an	stamp	envelope	86	2	4.67	3.74	Jeffrey mailed the letter without	so the post office would never deliver it.	True	Did Hannah mail the letter?	no
806.637	0.2	806637	255	filler_word	91	43	1	delong	expected	a	an	stamp	envelope	86	2	4.67	3.74	Jeffrey mailed the letter without	so the post office would never deliver it.	True	Did Hannah mail the letter?	no
807.122	0.2	807122	207	final_expected	91	43	1	delong	expected	a	an	stamp	envelope	86	2	4.67	3.74	Jeffrey mailed the letter without	so the post office would never deliver it.	True	Did Hannah mail the letter?	no
813.312	0.2	813312	255	filler_word	91	43	1	delong	expected	a	an	stamp	envelope	86	2	4.67	3.74	Jeffrey mailed the letter without	so the post office would never deliver it.	True	Did Hannah mail the letter?	no
813.797	0.2	813797	255	filler_word	91	43	1	delong	expected	a	an	stamp	envelope	86	2	4.67	3.74	Jeffrey mailed the letter without	so the post office would never deliver it.	True	Did Hannah mail the letter?	no
814.282	0.2	814282	255	filler_word	91	43	1	delong	expected	a	an	stamp	envelope	86	2	4.67	3.74	Jeffrey mailed the letter without	so the post office would never deliver it.	True	Did Hannah mail the letter?	no
814.768	0.2	814768	255	filler_word	91	43	1	delong	expected	a	an	stamp	envelope	86	2	4.67	3.74	Jeffrey mailed the letter without	so the post office would never deliver it.	True	Did Hannah mail the letter?	no
815.253	0.2	815253	255	filler_word	91	43	1	delong	expected	a	an	stamp	envelope	86	2	4.67	3.74	Jeffrey mailed the letter without	so the post office would never deliver it.	True	Did Hannah mail the letter?	no
815.738	0.2	815738	255	filler_word	91	43	1	delong	expected	a	an	stamp	envelope	86	2	4.67	3.74	Jeffrey mailed the letter without	so the post office would never deliver it.	True	Did Hannah mail the letter?	no
816.223	0.2	816223	255	filler_word	91	43	1	delong	expected	a	an	stamp	envelope	86	2	4.67	3.74	Jeffrey mailed the letter without	so the post office would never deliver it.	True	Did Hannah mail the letter?	no
816.708	0.2	816708	255	filler_word	91	43	1	delong	expected	a	an	stamp	envelope	86	2	4.67	3.74	Jeffrey mailed the letter without	so the post office would never deliver it.	True	Did Hannah mail the letter?	no
817.193	0.2	817193	255	filler_word	91	43	1	delong	expected	a	an	stamp	envelope	86	2	4.67	3.74	Jeffrey mailed the letter without	so the post office would never deliver it.	True	Did Hannah mail the letter?	no
817.679	0.2	817679	255	filler_word	91	43	1	delong	expected	a	an	stamp	envelope	86	2	4.67	3.74	Jeffrey mailed the letter without	so the post office would never deliver it.	True	Did Hannah mail the letter?	no
818.164	0.2	818164	255	filler_word	91	43	1	delong	expected	a	an	stamp	envelope	86	2	4.67	3.74	Jeffrey mailed the letter without	so the post office would never deliver it.	True	Did Hannah mail the letter?	no
818.649	0.2	818649	255	filler_word	91	43	1	delong	expected	a	an	stamp	envelope	86	2	4.67	3.74	Jeffrey mailed the letter without	so the post office would never deliver it.	True	Did Hannah mail the letter?	no
819.134	0.2	819134	255	filler_word	91	43	1	delong	expected	a	an	stamp	envelope	86	2	4.67	3.74	Jeffrey mailed the letter without	so the post office would never deliver it.	True	Did Hannah mail the letter?	no
819.619	0.2	819619	202	an_expected	91	43	1	delong	expected	a	an	stamp	envelope	86	2	4.67	3.74	Jeffrey mailed the letter without	so the post office would never deliver it.	True	Did Hannah mail the letter?	no
819.669	0.0	819669	75	cloze_marker	91	43	1	delong	expected	a	an	stamp	envelope	86	2	4.67	3.74	Jeffrey mailed the letter without	so the post office would never deliver it.	True	Did Hannah mail the letter?	no
819.904	0.0	819904	151	item_marker	92	51	1	delong	expected	an	a	author	success	75	25	6.03	6.19	After Joanne's first book was published she finally felt she could call herself	in front of her peers.	True	Was this Joanne's first book?	yes
820.105	0.2	820105	205	noun_expected	92	51	1	delong	expected	an	a	author	success	75	25	6.03	6.19	After Joanne's first book was published she finally felt she could call herself	in front of her peers.	True	Was this Joanne's first book?	yes
820.154	0.0	820154	90	cloze_marker	92	51	1	delong	expected	an	a	author	success	75	25	6.03	6.19	After Joanne's first book was published she finally felt she could call herself	in front of her peers.	True	Was this Joanne's first book?	yes
820.389	0.0	820389	151	item_marker	93	51	1	delong	expected	an	a	author	success	75	25	6.03	6.19	After Joanne's first book was published she finally felt she could call herself	in front of her peers.	True	Was this Joanne's first book?	yes
820.59	0.2	820590	255	filler_word	93	51	1	delong	expected	an	a	author	success	75	25	6.03	6.19	After Joanne's first book was published she finally felt she could call herself	in front of her peers.	True	Was this Joanne's first book?	yes
821.075	0.2	821075	255	filler_word	93	51	1	delong	expected	an	a	author	success	75	25	6.03	6.19	After Joanne's first book was published she finally felt she could call herself	in front of her peers.	True	Was this Joanne's first book?	yes
821.56	0.2	821560	255	filler_word	93	51	1	delong	expected	an	a	author	success	75	25	6.03	6.19	After Joanne's first book was published she finally felt she could call herself	in front of her peers.	True	Was this Joanne's first book?	yes
822.045	0.2	822045	255	filler_word	93	51	1	delong	expected	an	a	author	success	75	25	6.03	6.19	After Joanne's first book was published she finally felt she could call herself	in front of her peers.	True	Was this Joanne's first book?	yes
822.53	0.2	822530	207	final_expected	93	51	1	delong	expected	an	a	author	success	75	25	6.03	6.19	After Joanne's first book was published she finally felt she could call herself	in front of her peers.	True	Was this Joanne's first book?	yes
828.52	0.2	828520	255	filler_word	93	51	1	delong	expected	an	a	author	success	75	25	6.03	6.19	After Joanne's first book was published she finally felt she could call herself	in front of her peers.	True	Was this Joanne's first book?	yes
829.005	0.2	829005	255	filler_word	93	51	1	delong	expected	an	a	author	success	75	25	6.03	6.19	After Joanne's first book was published she finally felt she could call herself	in front of her peers.	True	Was this Joanne's first book?	yes
829.49	0.2	829490	255	filler_word	93	51	1	delong	expected	an	a	author	success	75	25	6.03	6.19	After Joanne's first book was published she finally felt she could call herself	in front of her peers.	True	Was this Joanne's first book?	yes
829.975	0.2	829975	255	filler_word	93	51	1	delong	expected	an	a	author	success	75	25	6.03	6.19	After Joanne's first book was published she finally felt she could call herself	in front of her peers.	True	Was this Joanne's first book?	yes
830.461	0.2	830461	255	filler_word	93	51	1	delong	expected	an	a	author	success	75	25	6.03	6.19	After Joanne's first book was published she finally felt she could call herself	in front of her peers.	True	Was this Joanne's first book?	yes
830.946	0.2	830946	255	filler_word	93	51	1	delong	expected	an	a	author	success	75	25	6.03	6.19	After Joanne's first book was published she finally felt she could call herself	in front of her peers.	True	Was this Joanne's first book?	yes
831.431	0.2	831431	255	filler_word	93	51	1	delong	expected	an	a	author	success	75	25	6.03	6.19	After Joanne's first book was published she finally felt she could call herself	in front of her peers.	True	Was this Joanne's first book?	yes
831.916	0.2	831916	255	filler_word	93	51	1	delong	expected	an	a	author	success	75	25	6.03	6.19	After Joanne's first book was published she finally felt she could call herself	in front of her peers.	True	Was this Joanne's first book?	yes
832.401	0.2	832401	255	filler_word	93	51	1	delong	expected	an	a	author	success	75	25	6.03	6.19	After Joanne's first book was published she finally felt she could call herself	in front of her peers.	True	Was this Joanne's first book?	yes
832.887	0.2	832887	255	filler_word	93	51	1	delong	expected	an	a	author	success	75	25	6.03	6.19	After Joanne's first book was published she finally felt she could call herself	in front of her peers.	True	Was this Joanne's first book?	yes
833.372	0.2	833372	255	filler_word	93	51	1	delong	expected	an	a	author	success	75	25	6.03	6.19	After Joanne's first book was published she finally felt she could call herself	in front of her peers.	True	Was this Joanne's first book?	yes
833.857	0.2	833857	255	filler_word	93	51	1	delong	expected	an	a	author	success	75	25	6.03	6.19	After Joanne's first book was published she finally felt she could call herself	in front of her peers.	True	Was this Joanne's first book?	yes
834.342	0.2	834342	255	filler_word	93	51	1	delong	expected	an	a	author	success	75	25	6.03	6.19	After Joanne's first book was published she finally felt she could call herself	in front of her peers.	True	Was this Joanne's first book?	yes
834.827	0.2	834827	255	filler_word	93	51	1	delong	expected	an	a	author	success	75	25	6.03	6.19	After Joanne's first book was published she finally felt she could call herself	in front of her peers.	True	Was this Joanne's first book?	yes
835.312	0.2	835312	255	filler_word	93	51	1	delong	expected	an	a	author	success	75	25	6.03	6.19	After Joanne's first book was published she finally felt she could call herself	in front of her peers.	True	Was this Joanne's first book?	yes
835.798	0.2	835798	255	filler_word	93	51	1	delong	expected	an	a	author	success	75	25	6.03	6.19	After Joanne's first book was published she finally felt she could call herself	in front of her peers.	True	Was this Joanne's first book?	yes
836.283	0.2	836283	255	filler_word	93	51	1	delong	expected	an	a	author	success	75	25	6.03	6.19	After Joanne's first book was published she finally felt she could call herself	in front of her peers.	True	Was this Joanne's first book?	yes
836.768	0.2	836768	255	filler_word	93	51	1	delong	expected	an	a	author	success	75	25	6.03	6.19	After Joanne's first book was published she finally felt she could call herself	in front of her peers.	True	Was this Joanne's first book?	yes
837.253	0.2	837253	255	filler_word	93	51	1	delong	expected	an	a	author	success	75	25	6.03	6.19	After Joanne's first book was published she finally felt she could call herself	in front of her peers.	True	Was this Joanne's first book?	yes
837.738	0.2	837738	255	filler_word	93	51	1	delong	expected	an	a	author	success	75	25	6.03	6.19	After Joanne's first book was published she finally felt she could call herself	in front of her peers.	True	Was this Joanne's first book?	yes
838.224	0.2	838224	202	an_expected	93	51	1	delong	expected	an	a	author	success	75	25	6.03	6.19	After Joanne's first book was published she finally felt she could call herself	in front of her peers.	True	Was this Joanne's first book?	yes
838.274	0.0	838274	77	cloze_marker	93	51	1	delong	expected	an	a	author	success	75	25	6.03	6.19	After Joanne's first book was published she finally felt she could call herself	in front of her peers.	True	Was this Joanne's first book?	yes
838.508	0.0	838508	144	item_marker	94	44	1	delong	expected	an	a	envelope	stamp	77	0	5.87	5.06	When Wendy went to pay for the birthday card the clerk pointed out that she had forgotten to pick up	along with it.	False	n/a	n/a
838.709	0.2	838709	205	noun_expected	94	44	1	delong	expected	an	a	envelope	stamp	77	0	5.87	5.06	When Wendy went to pay for the birthday card the clerk pointed out that she had forgotten to pick up	along with it.	False	n/a	n/a
838.759	0.0	838759	90	cloze_marker	94	44	1	delong	expected	an	a	envelope	stamp	77	0	5.87	5.06	When Wendy went to pay for the birthday card the clerk pointed out that she had forgotten to pick up	along with it.	False	n/a	n/a
838.993	0.0	838993	144	item_marker	95	44	1	delong	expected	an	a	envelope	stamp	77	0	5.87	5.06	When Wendy went to pay for the birthday card the clerk pointed out that she had forgotten to pick up	along with it.	False	n/a	n/a
839.194	0.2	839194	255	filler_word	95	44	1	delong	expected	an	a	envelope	stamp	77	0	5.87	5.06	When Wendy went to pay for the birthday card the clerk pointed out that she had forgotten to pick up	along with it.	False	n/a	n/a
839.679	0.2	839679	255	filler_word	95	44	1	delong	expected	an	a	envelope	stamp	77	0	5.87	5.06	When Wendy went to pay for the birthday card the clerk pointed out that she had forgotten to pick up	along with it.	False	n/a	n/a
840.164	0.2	840164	207	final_expected	95	44	1	delong	expected	an	a	envelope	stamp	77	0	5.87	5.06	When Wendy went to pay for the birthday card the clerk pointed out that she had forgotten to pick up	along with it.	False	n/a	n/a
842.406	0.2	842406	255	filler_word	95	44	1	delong	expected	an	a	envelope	stamp	77	0	5.87	5.06	When Wendy went to pay for the birthday card the clerk pointed out that she had forgotten to pick up	along with it.	False	n/a	n/a
842.891	0.2	842891	255	filler_word	95	44	1	delong	expected	an	a	envelope	stamp	77	0	5.87	5.06	When Wendy went to pay for the birthday card the clerk pointed out that she had forgotten to pick up	along with it.	False	n/a	n/a
843.377	0.2	843377	255	filler_word	95	44	1	delong	expected	an	a	envelope	stamp	77	0	5.87	5.06	When Wendy went to pay for the birthday card the clerk pointed out that she had forgotten to pick up	along with it.	False	n/a	n/a
843.862	0.2	843862	255	filler_word	95	44	1	delong	expected	an	a	envelope	stamp	77	0	5.87	5.06	When Wendy went to pay for the birthday card the clerk pointed out that she had forgotten to pick up	along with it.	False	n/a	n/a
844.347	0.2	844347	255	filler_word	95	44	1	delong	expected	an	a	envelope	stamp	77	0	5.87	5.06	When Wendy went to pay for the birthday card the clerk pointed out that she had forgotten to pick up	along with it.	False	n/a	n/a
844.832	0.2	844832	255	filler_word	95	44	1	delong	expected	an	a	envelope	stamp	77	0	5.87	5.06	When Wendy went to pay for the birthday card the clerk pointed out that she had forgotten to pick up	along with it.	False	n/a	n/a
845.317	0.2	845317	255	filler_word	95	44	1	delong	expected	an	a	envelope	stamp	77	0	5.87	5.06	When Wendy went to pay for the birthday card the clerk pointed out that she had forgotten to pick up	along with it.	False	n/a	n/a
845.802	0.2	845802	255	filler_word	95	44	1	delong	expected	an	a	envelope	stamp	77	0	5.87	5.06	When Wendy went to pay for the birthday card the clerk pointed out that she had forgotten to pick up	along with it.	False	n/a	n/a
846.288	0.2	846288	255	filler_word	95	44	1	delong	expected	an	a	envelope	stamp	77	0	5.87	5.06	When Wendy went to pay for the birthday card the clerk pointed out that she had forgotten to pick up	along with it.	False	n/a	n/a
846.773	0.2	846773	255	filler_word	95	44	1	delong	expected	an	a	envelope	stamp	77	0	5.87	5.06	When Wendy went to pay for the birthday card the clerk pointed out that she had forgotten to pick up	along with it.	False	n/a	n/a
847.258	0.2	847258	255	filler_word	95	44	1	delong	expected	an	a	envelope	stamp	77	0	5.87	5.06	When Wendy went to pay for the birthday card the clerk pointed out that she had forgotten to pick up	along with it.	False	n/a	n/a
847.743	0.2	847743	255	filler_word	95	44	1	delong	expected	an	a	envelope	stamp	77	0	5.87	5.06	When Wendy went to pay for the birthday card the clerk pointed out that she had forgotten to pick up	along with it.	False	n/a	n/a
848.228	0.2	848228	255	filler_word	95	44	1	delong	expected	an	a	envelope	stamp	77	0	5.87	5.06	When Wendy went to pay for the birthday card the clerk pointed out that she had forgotten to pick up	along with it.	False	n/a	n/a
848.714	0.2	848714	255	filler_word	95	44	1	delong	expected	an	a	envelope	stamp	77	0	5.87	5.06	When Wendy went to pay for the birthday card the clerk pointed out that she had forgotten to pick up	along with it.	False	n/a	n/a
849.199	0.2	849199	255	filler_word	95	44	1	delong	expected	an	a	envelope	stamp	77	0	5.87	5.06	When Wendy went to pay for the birthday card the clerk pointed out that she had forgotten to pick up	along with it.	False	n/a	n/a
849.684	0.2	849684	255	filler_word	95	44	1	delong	expected	an	a	envelope	stamp	77	0	5.87	5.06	When Wendy went to pay for the birthday card the clerk pointed out that she had forgotten to pick up	along with it.	False	n/a	n/a
850.169	0.2	850169	204	an_unexpected	95	44	1	delong	expected	an	a	envelope	stamp	77	0	5.87	5.06	When Wendy went to pay for the birthday card the clerk pointed out that she had forgotten to pick up	along with it.	False	n/a	n/a
850.219	0.0	850219	5	cloze_marker	95	44	1	delong	expected	an	a	envelope	stamp	77	0	5.87	5.06	When Wendy went to pay for the birthday card the clerk pointed out that she had forgotten to pick up	along with it.	False	n/a	n/a
850.453	0.0	850453	154	item_marker	96	54	1	delong	unexpected	a	an	director	actor	93	5	6.17	5.55	From a young age Steven had an interest in filmmaking and had always dreamed of being	when he grew up.	True	Was Steven interested in art?	no
850.654	0.2	850654	206	noun_unexpected	96	54	1	delong	unexpected	a	an	director	actor	93	5	6.17	5.55	From a young age Steven had an interest in filmmaking and had always dreamed of being	when he grew up.	True	Was Steven interested in art?	no
850.704	0.0	850704	30	cloze_marker	96	54	1	delong	unexpected	a	an	director	actor	93	5	6.17	5.55	From a young age Steven had an interest in filmmaking and had always dreamed of being	when he grew up.	True	Was Steven interested in art?	no
850.939	0.0	850939	154	item_marker	97	54	1	delong	unexpected	a	an	director	actor	93	5	6.17	5.55	From a young age Steven had an interest in filmmaking and had always dreamed of being	when he grew up.	True	Was Steven interested in art?	no
851.139	0.2	851139	255	filler_word	97	54	1	delong	unexpected	a	an	director	actor	93	5	6.17	5.55	From a young age Steven had an interest in filmmaking and had always dreamed of being	when he grew up.	True	Was Steven interested in art?	no
851.625	0.2	851625	255	filler_word	97	54	1	delong	unexpected	a	an	director	actor	93	5	6.17	5.55	From a young age Steven had an interest in filmmaking and had always dreamed of being	when he grew up.	True	Was Steven interested in art?	no
852.11	0.2	852110	255	filler_word	97	54	1	delong	unexpected	a	an	director	actor	93	5	6.17	5.55	From a young age Steven had an interest in filmmaking and had always dreamed of being	when he grew up.	True	Was Steven interested in art?	no
852.595	0.2	852595	208	final_unexpected	97	54	1	delong	unexpected	a	an	director	actor	93	5	6.17	5.55	From a young age Steven had an interest in filmmaking and had always dreamed of being	when he grew up.	True	Was Steven interested in art?	no
863.47	0.2	863470	255	filler_word	97	54	1	delong	unexpected	a	an	director	actor	93	5	6.17	5.55	From a young age Steven had an interest in filmmaking and had always dreamed of being	when he grew up.	True	Was Steven interested in art?	no
863.955	0.2	863955	255	filler_word	97	54	1	delong	unexpected	a	an	director	actor	93	5	6.17	5.55	From a young age Steven had an interest in filmmaking and had always dreamed of being	when he grew up.	True	Was Steven interested in art?	no
864.44	0.2	864440	255	filler_word	97	54	1	delong	unexpected	a	an	director	actor	93	5	6.17	5.55	From a young age Steven had an interest in filmmaking and had always dreamed of being	when he grew up.	True	Was Steven interested in art?	no
864.925	0.2	864925	255	filler_word	97	54	1	delong	unexpected	a	an	director	actor	93	5	6.17	5.55	From a young age Steven had an interest in filmmaking and had always dreamed of being	when he grew up.	True	Was Steven interested in art?	no
865.41	0.2	865410	255	filler_word	97	54	1	delong	unexpected	a	an	director	actor	93	5	6.17	5.55	From a young age Steven had an interest in filmmaking and had always dreamed of being	when he grew up.	True	Was Steven interested in art?	no
865.896	0.2	865896	255	filler_word	97	54	1	delong	unexpected	a	an	director	actor	93	5	6.17	5.55	From a young age Steven had an interest in filmmaking and had always dreamed of being	when he grew up.	True	Was Steven interested in art?	no
866.381	0.2	866381	255	filler_word	97	54	1	delong	unexpected	a	an	director	actor	93	5	6.17	5.55	From a young age Steven had an interest in filmmaking and had always dreamed of being	when he grew up.	True	Was Steven interested in art?	no
866.866	0.2	866866	255	filler_word	97	54	1	delong	unexpected	a	an	director	actor	93	5	6.17	5.55	From a young age Steven had an interest in filmmaking and had always dreamed of being	when he grew up.	True	Was Steven interested in art?	no
867.351	0.2	867351	255	filler_word	97	54	1	delong	unexpected	a	an	director	actor	93	5	6.17	5.55	From a young age Steven had an interest in filmmaking and had always dreamed of being	when he grew up.	True	Was Steven interested in art?	no
867.836	0.2	867836	255	filler_word	97	54	1	delong	unexpected	a	an	director	actor	93	5	6.17	5.55	From a young age Steven had an interest in filmmaking and had always dreamed of being	when he grew up.	True	Was Steven interested in art?	no
868.322	0.2	868322	255	filler_word	97	54	1	delong	unexpected	a	an	director	actor	93	5	6.17	5.55	From a young age Steven had an interest in filmmaking and had always dreamed of being	when he grew up.	True	Was Steven interested in art?	no
868.807	0.2	868807	255	filler_word	97	54	1	delong	unexpected	a	an	director	actor	93	5	6.17	5.55	From a young age Steven had an interest in filmmaking and had always dreamed of being	when he grew up.	True	Was Steven interested in art?	no
869.292	0.2	869292	255	filler_word	97	54	1	delong	unexpected	a	an	director	actor	93	5	6.17	5.55	From a young age Steven had an interest in filmmaking and had always dreamed of being	when he grew up.	True	Was Steven interested in art?	no
869.777	0.2	869777	255	filler_word	97	54	1	delong	unexpected	a	an	director	actor	93	5	6.17	5.55	From a young age Steven had an interest in filmmaking and had always dreamed of being	when he grew up.	True	Was Steven interested in art?	no
870.262	0.2	870262	255	filler_word	97	54	1	delong	unexpected	a	an	director	actor	93	5	6.17	5.55	From a young age Steven had an interest in filmmaking and had always dreamed of being	when he grew up.	True	Was Steven interested in art?	no
870.747	0.2	870747	255	filler_word	97	54	1	delong	unexpected	a	an	director	actor	93	5	6.17	5.55	From a young age Steven had an interest in filmmaking and had always dreamed of being	when he grew up.	True	Was Steven interested in art?	no
871.233	0.2	871233	255	filler_word	97	54	1	delong	unexpected	a	an	director	actor	93	5	6.17	5.55	From a young age Steven had an interest in filmmaking and had always dreamed of being	when he grew up.	True	Was Steven interested in art?	no
871.718	0.2	871718	255	filler_word	97	54	1	delong	unexpected	a	an	director	actor	93	5	6.17	5.55	From a young age Steven had an interest in filmmaking and had always dreamed of being	when he grew up.	True	Was Steven interested in art?	no
872.203	0.2	872203	255	filler_word	97	54	1	delong	unexpected	a	an	director	actor	93	5	6.17	5.55	From a young age Steven had an interest in filmmaking and had always dreamed of being	when he grew up.	True	Was Steven interested in art?	no
872.688	0.2	872688	202	an_expected	97	54	1	delong	unexpected	a	an	director	actor	93	5	6.17	5.55	From a young age Steven had an interest in filmmaking and had always dreamed of being	when he grew up.	True	Was Steven interested in art?	no
872.738	0.0	872738	52	cloze_marker	97	54	1	delong	unexpected	a	an	director	actor	93	5	6.17	5.55	From a young age Steven had an interest in filmmaking and had always dreamed of being	when he grew up.	True	Was Steven interested in art?	no
872.973	0.0	872973	159	item_marker	98	59	1	delong	expected	an	a	airport	city	52	16	6.03	4.9	The pilot had to make an emergency landing in the middle of the desert because he was nowhere near	or a safe place to land.	False	n/a	n/a
873.173	0.2	873173	205	noun_expected	98	59	1	delong	expected	an	a	airport	city	52	16	6.03	4.9	The pilot had to make an emergency landing in the middle of the desert because he was nowhere near	or a safe place to land.	False	n/a	n/a
873.223	0.0	873223	73	cloze_marker	98	59	1	delong	expected	an	a	airport	city	52	16	6.03	4.9	The pilot had to make an emergency landing in the middle of the desert because he was nowhere near	or a safe place to land.	False	n/a	n/a
873.458	0.0	873458	159	item_marker	99	59	1	delong	expected	an	a	airport	city	52	16	6.03	4.9	The pilot had to make an emergency landing in the middle of the desert because he was nowhere near	or a safe place to land.	False	n/a	n/a
873.659	0.2	873659	255	filler_word	99	59	1	delong	expected	an	a	airport	city	52	16	6.03	4.9	The pilot had to make an emergency landing in the middle of the desert because he was nowhere near	or a safe place to land.	False	n/a	n/a
874.144	0.2	874144	255	filler_word	99	59	1	delong	expected	an	a	airport	city	52	16	6.03	4.9	The pilot had to make an emergency landing in the middle of the desert because he was nowhere near	or a safe place to land.	False	n/a	n/a
874.629	0.2	874629	255	filler_word	99	59	1	delong	expected	an	a	airport	city	52	16	6.03	4.9	The pilot had to make an emergency landing in the middle of the desert because he was nowhere near	or a safe place to land.	False	n/a	n/a
875.114	0.2	875114	255	filler_word	99	59	1	delong	expected	an	a	airport	city	52	16	6.03	4.9	The pilot had to make an emergency landing in the middle of the desert because he was nowhere near	or a safe place to land.	False	n/a	n/a
875.599	0.2	875599	255	filler_word	99	59	1	delong	expected	an	a	airport	city	52	16	6.03	4.9	The pilot had to make an emergency landing in the middle of the desert because he was nowhere near	or a safe place to land.	False	n/a	n/a
876.084	0.2	876084	207	final_expected	99	59	1	delong	expected	an	a	airport	city	52	16	6.03	4.9	The pilot had to make an emergency landing in the middle of the desert because he was nowhere near	or a safe place to land.	False	n/a	n/a
878.109	0.2	878109	255	filler_word	99	59	1	delong	expected	an	a	airport	city	52	16	6.03	4.9	The pilot had to make an emergency landing in the middle of the desert because he was nowhere near	or a safe place to land.	False	n/a	n/a
878.594	0.2	878594	255	filler_word	99	59	1	delong	expected	an	a	airport	city	52	16	6.03	4.9	The pilot had to make an emergency landing in the middle of the desert because he was nowhere near	or a safe place to land.	False	n/a	n/a
879.079	0.2	879079	255	filler_word	99	59	1	delong	expected	an	a	airport	city	52	16	6.03	4.9	The pilot had to make an emergency landing in the middle of the desert because he was nowhere near	or a safe place to land.	False	n/a	n/a
879.564	0.2	879564	255	filler_word	99	59	1	delong	expected	an	a	airport	city	52	16	6.03	4.9	The pilot had to make an emergency landing in the middle of the desert because he was nowhere near	or a safe place to land.	False	n/a	n/a
880.05	0.2	880050	255	filler_word	99	59	1	delong	expected	an	a	airport	city	52	16	6.03	4.9	The pilot had to make an emergency landing in the middle of the desert because he was nowhere near	or a safe place to land.	False	n/a	n/a
880.535	0.2	880535	255	filler_word	99	59	1	delong	expected	an	a	airport	city	52	16	6.03	4.9	The pilot had to make an emergency landing in the middle of the desert because he was nowhere near	or a safe place to land.	False	n/a	n/a
881.02	0.2	881020	255	filler_word	99	59	1	delong	expected	an	a	airport	city	52	16	6.03	4.9	The pilot had to make an emergency landing in the middle of the desert because he was nowhere near	or a safe place to land.	False	n/a	n/a
881.505	0.2	881505	255	filler_word	99	59	1	delong	expected	an	a	airport	city	52	16	6.03	4.9	The pilot had to make an emergency landing in the middle of the desert because he was nowhere near	or a safe place to land.	False	n/a	n/a
881.99	0.2	881990	255	filler_word	99	59	1	delong	expected	an	a	airport	city	52	16	6.03	4.9	The pilot had to make an emergency landing in the middle of the desert because he was nowhere near	or a safe place to land.	False	n/a	n/a
882.475	0.2	882475	203	a_unexpected	99	59	1	delong	expected	an	a	airport	city	52	16	6.03	4.9	The pilot had to make an emergency landing in the middle of the desert because he was nowhere near	or a safe place to land.	False	n/a	n/a
882.525	0.0	882525	25	cloze_marker	99	59	1	delong	expected	an	a	airport	city	52	16	6.03	4.9	The pilot had to make an emergency landing in the middle of the desert because he was nowhere near	or a safe place to land.	False	n/a	n/a
882.76	0.0	882760	153	item_marker	100	53	1	delong	unexpected	an	a	actor	director	70	25	6.33	5.68	Lance had moved to Hollywood in hopes of becoming	but so far he had only done a few commercials.	False	n/a	n/a
882.961	0.2	882961	206	noun_unexpected	100	53	1	delong	unexpected	an	a	actor	director	70	25	6.33	5.68	Lance had moved to Hollywood in hopes of becoming	but so far he had only done a few commercials.	False	n/a	n/a
883.011	0.0	883011	7	cloze_marker	100	53	1	delong	unexpected	an	a	actor	director	70	25	6.33	5.68	Lance had moved to Hollywood in hopes of becoming	but so far he had only done a few commercials.	False	n/a	n/a
883.245	0.0	883245	153	item_marker	101	53	1	delong	unexpected	an	a	actor	director	70	25	6.33	5.68	Lance had moved to Hollywood in hopes of becoming	but so far he had only done a few commercials.	False	n/a	n/a
883.446	0.2	883446	255	filler_word	101	53	1	delong	unexpected	an	a	actor	director	70	25	6.33	5.68	Lance had moved to Hollywood in hopes of becoming	but so far he had only done a few commercials.	False	n/a	n/a
883.931	0.2	883931	255	filler_word	101	53	1	delong	unexpected	an	a	actor	director	70	25	6.33	5.68	Lance had moved to Hollywood in hopes of becoming	but so far he had only done a few commercials.	False	n/a	n/a
884.416	0.2	884416	255	filler_word	101	53	1	delong	unexpected	an	a	actor	director	70	25	6.33	5.68	Lance had moved to Hollywood in hopes of becoming	but so far he had only done a few commercials.	False	n/a	n/a
884.901	0.2	884901	255	filler_word	101	53	1	delong	unexpected	an	a	actor	director	70	25	6.33	5.68	Lance had moved to Hollywood in hopes of becoming	but so far he had only done a few commercials.	False	n/a	n/a
885.387	0.2	885387	255	filler_word	101	53	1	delong	unexpected	an	a	actor	director	70	25	6.33	5.68	Lance had moved to Hollywood in hopes of becoming	but so far he had only done a few commercials.	False	n/a	n/a
885.872	0.2	885872	255	filler_word	101	53	1	delong	unexpected	an	a	actor	director	70	25	6.33	5.68	Lance had moved to Hollywood in hopes of becoming	but so far he had only done a few commercials.	False	n/a	n/a
886.357	0.2	886357	255	filler_word	101	53	1	delong	unexpected	an	a	actor	director	70	25	6.33	5.68	Lance had moved to Hollywood in hopes of becoming	but so far he had only done a few commercials.	False	n/a	n/a
886.842	0.2	886842	255	filler_word	101	53	1	delong	unexpected	an	a	actor	director	70	25	6.33	5.68	Lance had moved to Hollywood in hopes of becoming	but so far he had only done a few commercials.	False	n/a	n/a
887.327	0.2	887327	255	filler_word	101	53	1	delong	unexpected	an	a	actor	director	70	25	6.33	5.68	Lance had moved to Hollywood in hopes of becoming	but so far he had only done a few commercials.	False	n/a	n/a
887.813	0.2	887813	208	final_unexpected	101	53	1	delong	unexpected	an	a	actor	director	70	25	6.33	5.68	Lance had moved to Hollywood in hopes of becoming	but so far he had only done a few commercials.	False	n/a	n/a
889.904	0.2	889904	255	filler_word	101	53	1	delong	unexpected	an	a	actor	director	70	25	6.33	5.68	Lance had moved to Hollywood in hopes of becoming	but so far he had only done a few commercials.	False	n/a	n/a
890.389	0.2	890389	255	filler_word	101	53	1	delong	unexpected	an	a	actor	director	70	25	6.33	5.68	Lance had moved to Hollywood in hopes of becoming	but so far he had only done a few commercials.	False	n/a	n/a
890.874	0.2	890874	255	filler_word	101	53	1	delong	unexpected	an	a	actor	director	70	25	6.33	5.68	Lance had moved to Hollywood in hopes of becoming	but so far he had only done a few commercials.	False	n/a	n/a
891.359	0.2	891359	255	filler_word	101	53	1	delong	unexpected	an	a	actor	director	70	25	6.33	5.68	Lance had moved to Hollywood in hopes of becoming	but so far he had only done a few commercials.	False	n/a	n/a
891.845	0.2	891845	255	filler_word	101	53	1	delong	unexpected	an	a	actor	director	70	25	6.33	5.68	Lance had moved to Hollywood in hopes of becoming	but so far he had only done a few commercials.	False	n/a	n/a
892.33	0.2	892330	255	filler_word	101	53	1	delong	unexpected	an	a	actor	director	70	25	6.33	5.68	Lance had moved to Hollywood in hopes of becoming	but so far he had only done a few commercials.	False	n/a	n/a
892.815	0.2	892815	255	filler_word	101	53	1	delong	unexpected	an	a	actor	director	70	25	6.33	5.68	Lance had moved to Hollywood in hopes of becoming	but so far he had only done a few commercials.	False	n/a	n/a
893.3	0.2	893300	255	filler_word	101	53	1	delong	unexpected	an	a	actor	director	70	25	6.33	5.68	Lance had moved to Hollywood in hopes of becoming	but so far he had only done a few commercials.	False	n/a	n/a
893.785	0.2	893785	255	filler_word	101	53	1	delong	unexpected	an	a	actor	director	70	25	6.33	5.68	Lance had moved to Hollywood in hopes of becoming	but so far he had only done a few commercials.	False	n/a	n/a
894.27	0.2	894270	255	filler_word	101	53	1	delong	unexpected	an	a	actor	director	70	25	6.33	5.68	Lance had moved to Hollywood in hopes of becoming	but so far he had only done a few commercials.	False	n/a	n/a
894.756	0.2	894756	255	filler_word	101	53	1	delong	unexpected	an	a	actor	director	70	25	6.33	5.68	Lance had moved to Hollywood in hopes of becoming	but so far he had only done a few commercials.	False	n/a	n/a
895.241	0.2	895241	255	filler_word	101	53	1	delong	unexpected	an	a	actor	director	70	25	6.33	5.68	Lance had moved to Hollywood in hopes of becoming	but so far he had only done a few commercials.	False	n/a	n/a
895.726	0.2	895726	255	filler_word	101	53	1	delong	unexpected	an	a	actor	director	70	25	6.33	5.68	Lance had moved to Hollywood in hopes of becoming	but so far he had only done a few commercials.	False	n/a	n/a
896.211	0.2	896211	255	filler_word	101	53	1	delong	unexpected	an	a	actor	director	70	25	6.33	5.68	Lance had moved to Hollywood in hopes of becoming	but so far he had only done a few commercials.	False	n/a	n/a
896.696	0.2	896696	204	an_unexpected	101	53	1	delong	unexpected	an	a	actor	director	70	25	6.33	5.68	Lance had moved to Hollywood in hopes of becoming	but so far he had only done a few commercials.	False	n/a	n/a
896.746	0.0	896746	200	cloze_marker	101	53	1	delong	unexpected	an	a	actor	director	70	25	6.33	5.68	Lance had moved to Hollywood in hopes of becoming	but so far he had only done a few commercials.	False	n/a	n/a
896.981	0.0	896981	150	item_marker	102	50	1	delong	unexpected	a	an	finger	onion	27	0	5.35	3.13	Marie wanted to sample a tiny bit of the sauce so she daintily dipped	into the pot.	False	n/a	n/a
897.182	0.2	897182	206	noun_unexpected	102	50	1	delong	unexpected	a	an	finger	onion	27	0	5.35	3.13	Marie wanted to sample a tiny bit of the sauce so she daintily dipped	into the pot.	False	n/a	n/a
897.231	0.0	897231	3	cloze_marker	102	50	1	delong	unexpected	a	an	finger	onion	27	0	5.35	3.13	Marie wanted to sample a tiny bit of the sauce so she daintily dipped	into the pot.	False	n/a	n/a
897.466	0.0	897466	150	item_marker	103	50	1	delong	unexpected	a	an	finger	onion	27	0	5.35	3.13	Marie wanted to sample a tiny bit of the sauce so she daintily dipped	into the pot.	False	n/a	n/a
897.667	0.2	897667	255	filler_word	103	50	1	delong	unexpected	a	an	finger	onion	27	0	5.35	3.13	Marie wanted to sample a tiny bit of the sauce so she daintily dipped	into the pot.	False	n/a	n/a
898.152	0.2	898152	255	filler_word	103	50	1	delong	unexpected	a	an	finger	onion	27	0	5.35	3.13	Marie wanted to sample a tiny bit of the sauce so she daintily dipped	into the pot.	False	n/a	n/a
898.637	0.2	898637	208	final_unexpected	103	50	1	delong	unexpected	a	an	finger	onion	27	0	5.35	3.13	Marie wanted to sample a tiny bit of the sauce so she daintily dipped	into the pot.	False	n/a	n/a
901.147	0.2	901147	255	filler_word	103	50	1	delong	unexpected	a	an	finger	onion	27	0	5.35	3.13	Marie wanted to sample a tiny bit of the sauce so she daintily dipped	into the pot.	False	n/a	n/a
901.632	0.2	901632	255	filler_word	103	50	1	delong	unexpected	a	an	finger	onion	27	0	5.35	3.13	Marie wanted to sample a tiny bit of the sauce so she daintily dipped	into the pot.	False	n/a	n/a
902.117	0.2	902117	255	filler_word	103	50	1	delong	unexpected	a	an	finger	onion	27	0	5.35	3.13	Marie wanted to sample a tiny bit of the sauce so she daintily dipped	into the pot.	False	n/a	n/a
902.602	0.2	902602	255	filler_word	103	50	1	delong	unexpected	a	an	finger	onion	27	0	5.35	3.13	Marie wanted to sample a tiny bit of the sauce so she daintily dipped	into the pot.	False	n/a	n/a
903.087	0.2	903087	255	filler_word	103	50	1	delong	unexpected	a	an	finger	onion	27	0	5.35	3.13	Marie wanted to sample a tiny bit of the sauce so she daintily dipped	into the pot.	False	n/a	n/a
903.573	0.2	903573	255	filler_word	103	50	1	delong	unexpected	a	an	finger	onion	27	0	5.35	3.13	Marie wanted to sample a tiny bit of the sauce so she daintily dipped	into the pot.	False	n/a	n/a
904.058	0.2	904058	255	filler_word	103	50	1	delong	unexpected	a	an	finger	onion	27	0	5.35	3.13	Marie wanted to sample a tiny bit of the sauce so she daintily dipped	into the pot.	False	n/a	n/a
904.543	0.2	904543	255	filler_word	103	50	1	delong	unexpected	a	an	finger	onion	27	0	5.35	3.13	Marie wanted to sample a tiny bit of the sauce so she daintily dipped	into the pot.	False	n/a	n/a
905.028	0.2	905028	255	filler_word	103	50	1	delong	unexpected	a	an	finger	onion	27	0	5.35	3.13	Marie wanted to sample a tiny bit of the sauce so she daintily dipped	into the pot.	False	n/a	n/a
905.513	0.2	905513	255	filler_word	103	50	1	delong	unexpected	a	an	finger	onion	27	0	5.35	3.13	Marie wanted to sample a tiny bit of the sauce so she daintily dipped	into the pot.	False	n/a	n/a
905.998	0.2	905998	255	filler_word	103	50	1	delong	unexpected	a	an	finger	onion	27	0	5.35	3.13	Marie wanted to sample a tiny bit of the sauce so she daintily dipped	into the pot.	False	n/a	n/a
906.484	0.2	906484	255	filler_word	103	50	1	delong	unexpected	a	an	finger	onion	27	0	5.35	3.13	Marie wanted to sample a tiny bit of the sauce so she daintily dipped	into the pot.	False	n/a	n/a
906.969	0.2	906969	201	a_expected	103	50	1	delong	unexpected	a	an	finger	onion	27	0	5.35	3.13	Marie wanted to sample a tiny bit of the sauce so she daintily dipped	into the pot.	False	n/a	n/a
907.019	0.0	907019	100	cloze_marker	103	50	1	delong	unexpected	a	an	finger	onion	27	0	5.35	3.13	Marie wanted to sample a tiny bit of the sauce so she daintily dipped	into the pot.	False	n/a	n/a
907.253	0.0	907253	156	item_marker	104	56	1	delong	expected	a	an	crowd	audience	100	0	6.06	2.9	Carrie's father had always joked that two is company but three is	for him.	False	n/a	n/a
907.454	0.2	907454	205	noun_expected	104	56	1	delong	expected	a	an	crowd	audience	100	0	6.06	2.9	Carrie's father had always joked that two is company but three is	for him.	False	n/a	n/a
907.504	0.0	907504	93	cloze_marker	104	56	1	delong	expected	a	an	crowd	audience	100	0	6.06	2.9	Carrie's father had always joked that two is company but three is	for him.	False	n/a	n/a
907.738	0.0	907738	156	item_marker	105	56	1	delong	expected	a	an	crowd	audience	100	0	6.06	2.9	Carrie's father had always joked that two is company but three is	for him.	False	n/a	n/a
907.939	0.2	907939	255	filler_word	105	56	1	delong	expected	a	an	crowd	audience	100	0	6.06	2.9	Carrie's father had always joked that two is company but three is	for him.	False	n/a	n/a
908.424	0.2	908424	207	final_expected	105	56	1	delong	expected	a	an	crowd	audience	100	0	6.06	2.9	Carrie's father had always joked that two is company but three is	for him.	False	n/a	n/a
910.382	0.2	910382	255	filler_word	105	56	1	delong	expected	a	an	crowd	audience	100	0	6.06	2.9	Carrie's father had always joked that two is company but three is	for him.	False	n/a	n/a
910.867	0.2	910867	255	filler_word	105	56	1	delong	expected	a	an	crowd	audience	100	0	6.06	2.9	Carrie's father had always joked that two is company but three is	for him.	False	n/a	n/a
911.352	0.2	911352	255	filler_word	105	56	1	delong	expected	a	an	crowd	audience	100	0	6.06	2.9	Carrie's father had always joked that two is company but three is	for him.	False	n/a	n/a
911.837	0.2	911837	255	filler_word	105	56	1	delong	expected	a	an	crowd	audience	100	0	6.06	2.9	Carrie's father had always joked that two is company but three is	for him.	False	n/a	n/a
912.323	0.2	912323	255	filler_word	105	56	1	delong	expected	a	an	crowd	audience	100	0	6.06	2.9	Carrie's father had always joked that two is company but three is	for him.	False	n/a	n/a
912.808	0.2	912808	255	filler_word	105	56	1	delong	expected	a	an	crowd	audience	100	0	6.06	2.9	Carrie's father had always joked that two is company but three is	for him.	False	n/a	n/a
913.293	0.2	913293	255	filler_word	105	56	1	delong	expected	a	an	crowd	audience	100	0	6.06	2.9	Carrie's father had always joked that two is company but three is	for him.	False	n/a	n/a
913.778	0.2	913778	255	filler_word	105	56	1	delong	expected	a	an	crowd	audience	100	0	6.06	2.9	Carrie's father had always joked that two is company but three is	for him.	False	n/a	n/a
914.263	0.2	914263	255	filler_word	105	56	1	delong	expected	a	an	crowd	audience	100	0	6.06	2.9	Carrie's father had always joked that two is company but three is	for him.	False	n/a	n/a
914.748	0.2	914748	255	filler_word	105	56	1	delong	expected	a	an	crowd	audience	100	0	6.06	2.9	Carrie's father had always joked that two is company but three is	for him.	False	n/a	n/a
915.234	0.2	915234	255	filler_word	105	56	1	delong	expected	a	an	crowd	audience	100	0	6.06	2.9	Carrie's father had always joked that two is company but three is	for him.	False	n/a	n/a
915.719	0.2	915719	255	filler_word	105	56	1	delong	expected	a	an	crowd	audience	100	0	6.06	2.9	Carrie's father had always joked that two is company but three is	for him.	False	n/a	n/a
916.204	0.2	916204	255	filler_word	105	56	1	delong	expected	a	an	crowd	audience	100	0	6.06	2.9	Carrie's father had always joked that two is company but three is	for him.	False	n/a	n/a
916.689	0.2	916689	255	filler_word	105	56	1	delong	expected	a	an	crowd	audience	100	0	6.06	2.9	Carrie's father had always joked that two is company but three is	for him.	False	n/a	n/a
917.174	0.2	917174	255	filler_word	105	56	1	delong	expected	a	an	crowd	audience	100	0	6.06	2.9	Carrie's father had always joked that two is company but three is	for him.	False	n/a	n/a
917.66	0.2	917660	255	filler_word	105	56	1	delong	expected	a	an	crowd	audience	100	0	6.06	2.9	Carrie's father had always joked that two is company but three is	for him.	False	n/a	n/a
918.145	0.2	918145	255	filler_word	105	56	1	delong	expected	a	an	crowd	audience	100	0	6.06	2.9	Carrie's father had always joked that two is company but three is	for him.	False	n/a	n/a
918.63	0.2	918630	255	filler_word	105	56	1	delong	expected	a	an	crowd	audience	100	0	6.06	2.9	Carrie's father had always joked that two is company but three is	for him.	False	n/a	n/a
919.115	0.2	919115	203	a_unexpected	105	56	1	delong	expected	a	an	crowd	audience	100	0	6.06	2.9	Carrie's father had always joked that two is company but three is	for him.	False	n/a	n/a
919.165	0.0	919165	5	cloze_marker	105	56	1	delong	expected	a	an	crowd	audience	100	0	6.06	2.9	Carrie's father had always joked that two is company but three is	for him.	False	n/a	n/a
919.4	0.0	919400	145	item_marker	106	45	1	delong	unexpected	an	a	amateur	beginner	73	5	6.0	6.45	The professional photographer was disqualified from the photo contest because the rules explicitly state that you must be	in order to compete.	False	n/a	n/a
919.6	0.2	919600	206	noun_unexpected	106	45	1	delong	unexpected	an	a	amateur	beginner	73	5	6.0	6.45	The professional photographer was disqualified from the photo contest because the rules explicitly state that you must be	in order to compete.	False	n/a	n/a
919.65	0.0	919650	17	cloze_marker	106	45	1	delong	unexpected	an	a	amateur	beginner	73	5	6.0	6.45	The professional photographer was disqualified from the photo contest because the rules explicitly state that you must be	in order to compete.	False	n/a	n/a
919.885	0.0	919885	145	item_marker	107	45	1	delong	unexpected	an	a	amateur	beginner	73	5	6.0	6.45	The professional photographer was disqualified from the photo contest because the rules explicitly state that you must be	in order to compete.	False	n/a	n/a
920.085	0.2	920085	255	filler_word	107	45	1	delong	unexpected	an	a	amateur	beginner	73	5	6.0	6.45	The professional photographer was disqualified from the photo contest because the rules explicitly state that you must be	in order to compete.	False	n/a	n/a
920.571	0.2	920571	255	filler_word	107	45	1	delong	unexpected	an	a	amateur	beginner	73	5	6.0	6.45	The professional photographer was disqualified from the photo contest because the rules explicitly state that you must be	in order to compete.	False	n/a	n/a
921.056	0.2	921056	255	filler_word	107	45	1	delong	unexpected	an	a	amateur	beginner	73	5	6.0	6.45	The professional photographer was disqualified from the photo contest because the rules explicitly state that you must be	in order to compete.	False	n/a	n/a
921.541	0.2	921541	208	final_unexpected	107	45	1	delong	unexpected	an	a	amateur	beginner	73	5	6.0	6.45	The professional photographer was disqualified from the photo contest because the rules explicitly state that you must be	in order to compete.	False	n/a	n/a
923.816	0.2	923816	255	filler_word	107	45	1	delong	unexpected	an	a	amateur	beginner	73	5	6.0	6.45	The professional photographer was disqualified from the photo contest because the rules explicitly state that you must be	in order to compete.	False	n/a	n/a
924.302	0.2	924302	255	filler_word	107	45	1	delong	unexpected	an	a	amateur	beginner	73	5	6.0	6.45	The professional photographer was disqualified from the photo contest because the rules explicitly state that you must be	in order to compete.	False	n/a	n/a
924.787	0.2	924787	255	filler_word	107	45	1	delong	unexpected	an	a	amateur	beginner	73	5	6.0	6.45	The professional photographer was disqualified from the photo contest because the rules explicitly state that you must be	in order to compete.	False	n/a	n/a
925.272	0.2	925272	255	filler_word	107	45	1	delong	unexpected	an	a	amateur	beginner	73	5	6.0	6.45	The professional photographer was disqualified from the photo contest because the rules explicitly state that you must be	in order to compete.	False	n/a	n/a
925.757	0.2	925757	255	filler_word	107	45	1	delong	unexpected	an	a	amateur	beginner	73	5	6.0	6.45	The professional photographer was disqualified from the photo contest because the rules explicitly state that you must be	in order to compete.	False	n/a	n/a
926.242	0.2	926242	255	filler_word	107	45	1	delong	unexpected	an	a	amateur	beginner	73	5	6.0	6.45	The professional photographer was disqualified from the photo contest because the rules explicitly state that you must be	in order to compete.	False	n/a	n/a
926.727	0.2	926727	255	filler_word	107	45	1	delong	unexpected	an	a	amateur	beginner	73	5	6.0	6.45	The professional photographer was disqualified from the photo contest because the rules explicitly state that you must be	in order to compete.	False	n/a	n/a
927.213	0.2	927213	255	filler_word	107	45	1	delong	unexpected	an	a	amateur	beginner	73	5	6.0	6.45	The professional photographer was disqualified from the photo contest because the rules explicitly state that you must be	in order to compete.	False	n/a	n/a
927.698	0.2	927698	255	filler_word	107	45	1	delong	unexpected	an	a	amateur	beginner	73	5	6.0	6.45	The professional photographer was disqualified from the photo contest because the rules explicitly state that you must be	in order to compete.	False	n/a	n/a
928.183	0.2	928183	255	filler_word	107	45	1	delong	unexpected	an	a	amateur	beginner	73	5	6.0	6.45	The professional photographer was disqualified from the photo contest because the rules explicitly state that you must be	in order to compete.	False	n/a	n/a
928.668	0.2	928668	255	filler_word	107	45	1	delong	unexpected	an	a	amateur	beginner	73	5	6.0	6.45	The professional photographer was disqualified from the photo contest because the rules explicitly state that you must be	in order to compete.	False	n/a	n/a
929.153	0.2	929153	255	filler_word	107	45	1	delong	unexpected	an	a	amateur	beginner	73	5	6.0	6.45	The professional photographer was disqualified from the photo contest because the rules explicitly state that you must be	in order to compete.	False	n/a	n/a
929.639	0.2	929639	255	filler_word	107	45	1	delong	unexpected	an	a	amateur	beginner	73	5	6.0	6.45	The professional photographer was disqualified from the photo contest because the rules explicitly state that you must be	in order to compete.	False	n/a	n/a
930.124	0.2	930124	255	filler_word	107	45	1	delong	unexpected	an	a	amateur	beginner	73	5	6.0	6.45	The professional photographer was disqualified from the photo contest because the rules explicitly state that you must be	in order to compete.	False	n/a	n/a
930.609	0.2	930609	255	filler_word	107	45	1	delong	unexpected	an	a	amateur	beginner	73	5	6.0	6.45	The professional photographer was disqualified from the photo contest because the rules explicitly state that you must be	in order to compete.	False	n/a	n/a
931.094	0.2	931094	255	filler_word	107	45	1	delong	unexpected	an	a	amateur	beginner	73	5	6.0	6.45	The professional photographer was disqualified from the photo contest because the rules explicitly state that you must be	in order to compete.	False	n/a	n/a
931.579	0.2	931579	255	filler_word	107	45	1	delong	unexpected	an	a	amateur	beginner	73	5	6.0	6.45	The professional photographer was disqualified from the photo contest because the rules explicitly state that you must be	in order to compete.	False	n/a	n/a
932.064	0.2	932064	255	filler_word	107	45	1	delong	unexpected	an	a	amateur	beginner	73	5	6.0	6.45	The professional photographer was disqualified from the photo contest because the rules explicitly state that you must be	in order to compete.	False	n/a	n/a
932.55	0.2	932550	255	filler_word	107	45	1	delong	unexpected	an	a	amateur	beginner	73	5	6.0	6.45	The professional photographer was disqualified from the photo contest because the rules explicitly state that you must be	in order to compete.	False	n/a	n/a
933.035	0.2	933035	255	filler_word	107	45	1	delong	unexpected	an	a	amateur	beginner	73	5	6.0	6.45	The professional photographer was disqualified from the photo contest because the rules explicitly state that you must be	in order to compete.	False	n/a	n/a
933.52	0.2	933520	204	an_unexpected	107	45	1	delong	unexpected	an	a	amateur	beginner	73	5	6.0	6.45	The professional photographer was disqualified from the photo contest because the rules explicitly state that you must be	in order to compete.	False	n/a	n/a
933.57	0.0	933570	200	cloze_marker	107	45	1	delong	unexpected	an	a	amateur	beginner	73	5	6.0	6.45	The professional photographer was disqualified from the photo contest because the rules explicitly state that you must be	in order to compete.	False	n/a	n/a
933.804	0.0	933804	158	item_marker	108	58	1	delong	unexpected	a	an	wheelchair	escalator	66	0	5.83	5.03	The doctors told Monica not to use her legs too much so soon after her surgery so she often used	when moving around to rest her legs.	True	Could Monica use stairs very often?	no
934.005	0.2	934005	206	noun_unexpected	108	58	1	delong	unexpected	a	an	wheelchair	escalator	66	0	5.83	5.03	The doctors told Monica not to use her legs too much so soon after her surgery so she often used	when moving around to rest her legs.	True	Could Monica use stairs very often?	no
934.055	0.0	934055	200	cloze_marker	108	58	1	delong	unexpected	a	an	wheelchair	escalator	66	0	5.83	5.03	The doctors told Monica not to use her legs too much so soon after her surgery so she often used	when moving around to rest her legs.	True	Could Monica use stairs very often?	no
934.29	0.0	934290	158	item_marker	109	58	1	delong	unexpected	a	an	wheelchair	escalator	66	0	5.83	5.03	The doctors told Monica not to use her legs too much so soon after her surgery so she often used	when moving around to rest her legs.	True	Could Monica use stairs very often?	no
934.49	0.2	934490	255	filler_word	109	58	1	delong	unexpected	a	an	wheelchair	escalator	66	0	5.83	5.03	The doctors told Monica not to use her legs too much so soon after her surgery so she often used	when moving around to rest her legs.	True	Could Monica use stairs very often?	no
934.976	0.2	934976	255	filler_word	109	58	1	delong	unexpected	a	an	wheelchair	escalator	66	0	5.83	5.03	The doctors told Monica not to use her legs too much so soon after her surgery so she often used	when moving around to rest her legs.	True	Could Monica use stairs very often?	no
935.461	0.2	935461	255	filler_word	109	58	1	delong	unexpected	a	an	wheelchair	escalator	66	0	5.83	5.03	The doctors told Monica not to use her legs too much so soon after her surgery so she often used	when moving around to rest her legs.	True	Could Monica use stairs very often?	no
935.946	0.2	935946	255	filler_word	109	58	1	delong	unexpected	a	an	wheelchair	escalator	66	0	5.83	5.03	The doctors told Monica not to use her legs too much so soon after her surgery so she often used	when moving around to rest her legs.	True	Could Monica use stairs very often?	no
936.431	0.2	936431	255	filler_word	109	58	1	delong	unexpected	a	an	wheelchair	escalator	66	0	5.83	5.03	The doctors told Monica not to use her legs too much so soon after her surgery so she often used	when moving around to rest her legs.	True	Could Monica use stairs very often?	no
936.916	0.2	936916	255	filler_word	109	58	1	delong	unexpected	a	an	wheelchair	escalator	66	0	5.83	5.03	The doctors told Monica not to use her legs too much so soon after her surgery so she often used	when moving around to rest her legs.	True	Could Monica use stairs very often?	no
937.401	0.2	937401	208	final_unexpected	109	58	1	delong	unexpected	a	an	wheelchair	escalator	66	0	5.83	5.03	The doctors told Monica not to use her legs too much so soon after her surgery so she often used	when moving around to rest her legs.	True	Could Monica use stairs very often?	no
944.596	0.2	944596	255	filler_word	109	58	1	delong	unexpected	a	an	wheelchair	escalator	66	0	5.83	5.03	The doctors told Monica not to use her legs too much so soon after her surgery so she often used	when moving around to rest her legs.	True	Could Monica use stairs very often?	no
945.081	0.2	945081	255	filler_word	109	58	1	delong	unexpected	a	an	wheelchair	escalator	66	0	5.83	5.03	The doctors told Monica not to use her legs too much so soon after her surgery so she often used	when moving around to rest her legs.	True	Could Monica use stairs very often?	no
945.566	0.2	945566	255	filler_word	109	58	1	delong	unexpected	a	an	wheelchair	escalator	66	0	5.83	5.03	The doctors told Monica not to use her legs too much so soon after her surgery so she often used	when moving around to rest her legs.	True	Could Monica use stairs very often?	no
946.051	0.2	946051	255	filler_word	109	58	1	delong	unexpected	a	an	wheelchair	escalator	66	0	5.83	5.03	The doctors told Monica not to use her legs too much so soon after her surgery so she often used	when moving around to rest her legs.	True	Could Monica use stairs very often?	no
946.536	0.2	946536	255	filler_word	109	58	1	delong	unexpected	a	an	wheelchair	escalator	66	0	5.83	5.03	The doctors told Monica not to use her legs too much so soon after her surgery so she often used	when moving around to rest her legs.	True	Could Monica use stairs very often?	no
947.021	0.2	947021	255	filler_word	109	58	1	delong	unexpected	a	an	wheelchair	escalator	66	0	5.83	5.03	The doctors told Monica not to use her legs too much so soon after her surgery so she often used	when moving around to rest her legs.	True	Could Monica use stairs very often?	no
947.507	0.2	947507	255	filler_word	109	58	1	delong	unexpected	a	an	wheelchair	escalator	66	0	5.83	5.03	The doctors told Monica not to use her legs too much so soon after her surgery so she often used	when moving around to rest her legs.	True	Could Monica use stairs very often?	no
947.992	0.2	947992	255	filler_word	109	58	1	delong	unexpected	a	an	wheelchair	escalator	66	0	5.83	5.03	The doctors told Monica not to use her legs too much so soon after her surgery so she often used	when moving around to rest her legs.	True	Could Monica use stairs very often?	no
948.477	0.2	948477	255	filler_word	109	58	1	delong	unexpected	a	an	wheelchair	escalator	66	0	5.83	5.03	The doctors told Monica not to use her legs too much so soon after her surgery so she often used	when moving around to rest her legs.	True	Could Monica use stairs very often?	no
948.962	0.2	948962	255	filler_word	109	58	1	delong	unexpected	a	an	wheelchair	escalator	66	0	5.83	5.03	The doctors told Monica not to use her legs too much so soon after her surgery so she often used	when moving around to rest her legs.	True	Could Monica use stairs very often?	no
949.447	0.2	949447	255	filler_word	109	58	1	delong	unexpected	a	an	wheelchair	escalator	66	0	5.83	5.03	The doctors told Monica not to use her legs too much so soon after her surgery so she often used	when moving around to rest her legs.	True	Could Monica use stairs very often?	no
949.933	0.2	949933	255	filler_word	109	58	1	delong	unexpected	a	an	wheelchair	escalator	66	0	5.83	5.03	The doctors told Monica not to use her legs too much so soon after her surgery so she often used	when moving around to rest her legs.	True	Could Monica use stairs very often?	no
950.418	0.2	950418	255	filler_word	109	58	1	delong	unexpected	a	an	wheelchair	escalator	66	0	5.83	5.03	The doctors told Monica not to use her legs too much so soon after her surgery so she often used	when moving around to rest her legs.	True	Could Monica use stairs very often?	no
950.903	0.2	950903	255	filler_word	109	58	1	delong	unexpected	a	an	wheelchair	escalator	66	0	5.83	5.03	The doctors told Monica not to use her legs too much so soon after her surgery so she often used	when moving around to rest her legs.	True	Could Monica use stairs very often?	no
951.388	0.2	951388	255	filler_word	109	58	1	delong	unexpected	a	an	wheelchair	escalator	66	0	5.83	5.03	The doctors told Monica not to use her legs too much so soon after her surgery so she often used	when moving around to rest her legs.	True	Could Monica use stairs very often?	no
951.873	0.2	951873	255	filler_word	109	58	1	delong	unexpected	a	an	wheelchair	escalator	66	0	5.83	5.03	The doctors told Monica not to use her legs too much so soon after her surgery so she often used	when moving around to rest her legs.	True	Could Monica use stairs very often?	no
952.358	0.2	952358	255	filler_word	109	58	1	delong	unexpected	a	an	wheelchair	escalator	66	0	5.83	5.03	The doctors told Monica not to use her legs too much so soon after her surgery so she often used	when moving around to rest her legs.	True	Could Monica use stairs very often?	no
952.844	0.2	952844	255	filler_word	109	58	1	delong	unexpected	a	an	wheelchair	escalator	66	0	5.83	5.03	The doctors told Monica not to use her legs too much so soon after her surgery so she often used	when moving around to rest her legs.	True	Could Monica use stairs very often?	no
953.329	0.2	953329	255	filler_word	109	58	1	delong	unexpected	a	an	wheelchair	escalator	66	0	5.83	5.03	The doctors told Monica not to use her legs too much so soon after her surgery so she often used	when moving around to rest her legs.	True	Could Monica use stairs very often?	no
953.814	0.2	953814	255	filler_word	109	58	1	delong	unexpected	a	an	wheelchair	escalator	66	0	5.83	5.03	The doctors told Monica not to use her legs too much so soon after her surgery so she often used	when moving around to rest her legs.	True	Could Monica use stairs very often?	no
954.299	0.2	954299	202	an_expected	109	58	1	delong	unexpected	a	an	wheelchair	escalator	66	0	5.83	5.03	The doctors told Monica not to use her legs too much so soon after her surgery so she often used	when moving around to rest her legs.	True	Could Monica use stairs very often?	no
954.349	0.0	954349	91	cloze_marker	109	58	1	delong	unexpected	a	an	wheelchair	escalator	66	0	5.83	5.03	The doctors told Monica not to use her legs too much so soon after her surgery so she often used	when moving around to rest her legs.	True	Could Monica use stairs very often?	no
954.584	0.0	954584	147	item_marker	110	47	1	delong	expected	an	a	excuse	story	91	7	6.26	4.93	Amelia did not want to go to the bar with her friends after seeing the movie so she made up	for why she needed to go home early.	True	Did Amelia go home late?	no
954.784	0.2	954784	205	noun_expected	110	47	1	delong	expected	an	a	excuse	story	91	7	6.26	4.93	Amelia did not want to go to the bar with her friends after seeing the movie so she made up	for why she needed to go home early.	True	Did Amelia go home late?	no
954.834	0.0	954834	100	cloze_marker	110	47	1	delong	expected	an	a	excuse	story	91	7	6.26	4.93	Amelia did not want to go to the bar with her friends after seeing the movie so she made up	for why she needed to go home early.	True	Did Amelia go home late?	no
955.069	0.0	955069	147	item_marker	111	47	1	delong	expected	an	a	excuse	story	91	7	6.26	4.93	Amelia did not want to go to the bar with her friends after seeing the movie so she made up	for why she needed to go home early.	True	Did Amelia go home late?	no
955.27	0.2	955270	255	filler_word	111	47	1	delong	expected	an	a	excuse	story	91	7	6.26	4.93	Amelia did not want to go to the bar with her friends after seeing the movie so she made up	for why she needed to go home early.	True	Did Amelia go home late?	no
955.755	0.2	955755	255	filler_word	111	47	1	delong	expected	an	a	excuse	story	91	7	6.26	4.93	Amelia did not want to go to the bar with her friends after seeing the movie so she made up	for why she needed to go home early.	True	Did Amelia go home late?	no
956.24	0.2	956240	255	filler_word	111	47	1	delong	expected	an	a	excuse	story	91	7	6.26	4.93	Amelia did not want to go to the bar with her friends after seeing the movie so she made up	for why she needed to go home early.	True	Did Amelia go home late?	no
956.725	0.2	956725	255	filler_word	111	47	1	delong	expected	an	a	excuse	story	91	7	6.26	4.93	Amelia did not want to go to the bar with her friends after seeing the movie so she made up	for why she needed to go home early.	True	Did Amelia go home late?	no
957.21	0.2	957210	255	filler_word	111	47	1	delong	expected	an	a	excuse	story	91	7	6.26	4.93	Amelia did not want to go to the bar with her friends after seeing the movie so she made up	for why she needed to go home early.	True	Did Amelia go home late?	no
957.695	0.2	957695	255	filler_word	111	47	1	delong	expected	an	a	excuse	story	91	7	6.26	4.93	Amelia did not want to go to the bar with her friends after seeing the movie so she made up	for why she needed to go home early.	True	Did Amelia go home late?	no
958.181	0.2	958181	255	filler_word	111	47	1	delong	expected	an	a	excuse	story	91	7	6.26	4.93	Amelia did not want to go to the bar with her friends after seeing the movie so she made up	for why she needed to go home early.	True	Did Amelia go home late?	no
958.666	0.2	958666	207	final_expected	111	47	1	delong	expected	an	a	excuse	story	91	7	6.26	4.93	Amelia did not want to go to the bar with her friends after seeing the movie so she made up	for why she needed to go home early.	True	Did Amelia go home late?	no
965.408	0.2	965408	255	filler_word	111	47	1	delong	expected	an	a	excuse	story	91	7	6.26	4.93	Amelia did not want to go to the bar with her friends after seeing the movie so she made up	for why she needed to go home early.	True	Did Amelia go home late?	no
965.893	0.2	965893	255	filler_word	111	47	1	delong	expected	an	a	excuse	story	91	7	6.26	4.93	Amelia did not want to go to the bar with her friends after seeing the movie so she made up	for why she needed to go home early.	True	Did Amelia go home late?	no
966.378	0.2	966378	255	filler_word	111	47	1	delong	expected	an	a	excuse	story	91	7	6.26	4.93	Amelia did not want to go to the bar with her friends after seeing the movie so she made up	for why she needed to go home early.	True	Did Amelia go home late?	no
966.864	0.2	966864	255	filler_word	111	47	1	delong	expected	an	a	excuse	story	91	7	6.26	4.93	Amelia did not want to go to the bar with her friends after seeing the movie so she made up	for why she needed to go home early.	True	Did Amelia go home late?	no
967.349	0.2	967349	255	filler_word	111	47	1	delong	expected	an	a	excuse	story	91	7	6.26	4.93	Amelia did not want to go to the bar with her friends after seeing the movie so she made up	for why she needed to go home early.	True	Did Amelia go home late?	no
967.834	0.2	967834	255	filler_word	111	47	1	delong	expected	an	a	excuse	story	91	7	6.26	4.93	Amelia did not want to go to the bar with her friends after seeing the movie so she made up	for why she needed to go home early.	True	Did Amelia go home late?	no
968.319	0.2	968319	255	filler_word	111	47	1	delong	expected	an	a	excuse	story	91	7	6.26	4.93	Amelia did not want to go to the bar with her friends after seeing the movie so she made up	for why she needed to go home early.	True	Did Amelia go home late?	no
968.804	0.2	968804	255	filler_word	111	47	1	delong	expected	an	a	excuse	story	91	7	6.26	4.93	Amelia did not want to go to the bar with her friends after seeing the movie so she made up	for why she needed to go home early.	True	Did Amelia go home late?	no
969.29	0.2	969290	255	filler_word	111	47	1	delong	expected	an	a	excuse	story	91	7	6.26	4.93	Amelia did not want to go to the bar with her friends after seeing the movie so she made up	for why she needed to go home early.	True	Did Amelia go home late?	no
969.775	0.2	969775	255	filler_word	111	47	1	delong	expected	an	a	excuse	story	91	7	6.26	4.93	Amelia did not want to go to the bar with her friends after seeing the movie so she made up	for why she needed to go home early.	True	Did Amelia go home late?	no
970.26	0.2	970260	255	filler_word	111	47	1	delong	expected	an	a	excuse	story	91	7	6.26	4.93	Amelia did not want to go to the bar with her friends after seeing the movie so she made up	for why she needed to go home early.	True	Did Amelia go home late?	no
970.745	0.2	970745	255	filler_word	111	47	1	delong	expected	an	a	excuse	story	91	7	6.26	4.93	Amelia did not want to go to the bar with her friends after seeing the movie so she made up	for why she needed to go home early.	True	Did Amelia go home late?	no
971.23	0.2	971230	255	filler_word	111	47	1	delong	expected	an	a	excuse	story	91	7	6.26	4.93	Amelia did not want to go to the bar with her friends after seeing the movie so she made up	for why she needed to go home early.	True	Did Amelia go home late?	no
971.715	0.2	971715	255	filler_word	111	47	1	delong	expected	an	a	excuse	story	91	7	6.26	4.93	Amelia did not want to go to the bar with her friends after seeing the movie so she made up	for why she needed to go home early.	True	Did Amelia go home late?	no
972.201	0.2	972201	255	filler_word	111	47	1	delong	expected	an	a	excuse	story	91	7	6.26	4.93	Amelia did not want to go to the bar with her friends after seeing the movie so she made up	for why she needed to go home early.	True	Did Amelia go home late?	no
972.686	0.2	972686	255	filler_word	111	47	1	delong	expected	an	a	excuse	story	91	7	6.26	4.93	Amelia did not want to go to the bar with her friends after seeing the movie so she made up	for why she needed to go home early.	True	Did Amelia go home late?	no
973.171	0.2	973171	255	filler_word	111	47	1	delong	expected	an	a	excuse	story	91	7	6.26	4.93	Amelia did not want to go to the bar with her friends after seeing the movie so she made up	for why she needed to go home early.	True	Did Amelia go home late?	no
973.656	0.2	973656	255	filler_word	111	47	1	delong	expected	an	a	excuse	story	91	7	6.26	4.93	Amelia did not want to go to the bar with her friends after seeing the movie so she made up	for why she needed to go home early.	True	Did Amelia go home late?	no
974.141	0.2	974141	255	filler_word	111	47	1	delong	expected	an	a	excuse	story	91	7	6.26	4.93	Amelia did not want to go to the bar with her friends after seeing the movie so she made up	for why she needed to go home early.	True	Did Amelia go home late?	no
974.627	0.2	974627	255	filler_word	111	47	1	delong	expected	an	a	excuse	story	91	7	6.26	4.93	Amelia did not want to go to the bar with her friends after seeing the movie so she made up	for why she needed to go home early.	True	Did Amelia go home late?	no
975.112	0.2	975112	255	filler_word	111	47	1	delong	expected	an	a	excuse	story	91	7	6.26	4.93	Amelia did not want to go to the bar with her friends after seeing the movie so she made up	for why she needed to go home early.	True	Did Amelia go home late?	no
975.597	0.2	975597	255	filler_word	111	47	1	delong	expected	an	a	excuse	story	91	7	6.26	4.93	Amelia did not want to go to the bar with her friends after seeing the movie so she made up	for why she needed to go home early.	True	Did Amelia go home late?	no
976.082	0.2	976082	255	filler_word	111	47	1	delong	expected	an	a	excuse	story	91	7	6.26	4.93	Amelia did not want to go to the bar with her friends after seeing the movie so she made up	for why she needed to go home early.	True	Did Amelia go home late?	no
976.567	0.2	976567	203	a_unexpected	111	47	1	delong	expected	an	a	excuse	story	91	7	6.26	4.93	Amelia did not want to go to the bar with her friends after seeing the movie so she made up	for why she needed to go home early.	True	Did Amelia go home late?	no
976.617	0.0	976617	2	cloze_marker	111	47	1	delong	expected	an	a	excuse	story	91	7	6.26	4.93	Amelia did not want to go to the bar with her friends after seeing the movie so she made up	for why she needed to go home early.	True	Did Amelia go home late?	no
976.852	0.0	976852	149	item_marker	112	49	1	delong	unexpected	an	a	onion	finger	20	2	5.94	5.87	At first Victoria did not know why her brother was crying over the sink but then she noticed that he had just sliced	with his knife.	False	n/a	n/a
977.052	0.2	977052	206	noun_unexpected	112	49	1	delong	unexpected	an	a	onion	finger	20	2	5.94	5.87	At first Victoria did not know why her brother was crying over the sink but then she noticed that he had just sliced	with his knife.	False	n/a	n/a
977.102	0.0	977102	50	cloze_marker	112	49	1	delong	unexpected	an	a	onion	finger	20	2	5.94	5.87	At first Victoria did not know why her brother was crying over the sink but then she noticed that he had just sliced	with his knife.	False	n/a	n/a
977.337	0.0	977337	149	item_marker	113	49	1	delong	unexpected	an	a	onion	finger	20	2	5.94	5.87	At first Victoria did not know why her brother was crying over the sink but then she noticed that he had just sliced	with his knife.	False	n/a	n/a
977.538	0.2	977538	255	filler_word	113	49	1	delong	unexpected	an	a	onion	finger	20	2	5.94	5.87	At first Victoria did not know why her brother was crying over the sink but then she noticed that he had just sliced	with his knife.	False	n/a	n/a
978.023	0.2	978023	255	filler_word	113	49	1	delong	unexpected	an	a	onion	finger	20	2	5.94	5.87	At first Victoria did not know why her brother was crying over the sink but then she noticed that he had just sliced	with his knife.	False	n/a	n/a
978.508	0.2	978508	208	final_unexpected	113	49	1	delong	unexpected	an	a	onion	finger	20	2	5.94	5.87	At first Victoria did not know why her brother was crying over the sink but then she noticed that he had just sliced	with his knife.	False	n/a	n/a
981.068	0.2	981068	255	filler_word	113	49	1	delong	unexpected	an	a	onion	finger	20	2	5.94	5.87	At first Victoria did not know why her brother was crying over the sink but then she noticed that he had just sliced	with his knife.	False	n/a	n/a
981.553	0.2	981553	255	filler_word	113	49	1	delong	unexpected	an	a	onion	finger	20	2	5.94	5.87	At first Victoria did not know why her brother was crying over the sink but then she noticed that he had just sliced	with his knife.	False	n/a	n/a
982.038	0.2	982038	255	filler_word	113	49	1	delong	unexpected	an	a	onion	finger	20	2	5.94	5.87	At first Victoria did not know why her brother was crying over the sink but then she noticed that he had just sliced	with his knife.	False	n/a	n/a
982.523	0.2	982523	255	filler_word	113	49	1	delong	unexpected	an	a	onion	finger	20	2	5.94	5.87	At first Victoria did not know why her brother was crying over the sink but then she noticed that he had just sliced	with his knife.	False	n/a	n/a
983.009	0.2	983009	255	filler_word	113	49	1	delong	unexpected	an	a	onion	finger	20	2	5.94	5.87	At first Victoria did not know why her brother was crying over the sink but then she noticed that he had just sliced	with his knife.	False	n/a	n/a
983.494	0.2	983494	255	filler_word	113	49	1	delong	unexpected	an	a	onion	finger	20	2	5.94	5.87	At first Victoria did not know why her brother was crying over the sink but then she noticed that he had just sliced	with his knife.	False	n/a	n/a
983.979	0.2	983979	255	filler_word	113	49	1	delong	unexpected	an	a	onion	finger	20	2	5.94	5.87	At first Victoria did not know why her brother was crying over the sink but then she noticed that he had just sliced	with his knife.	False	n/a	n/a
984.464	0.2	984464	255	filler_word	113	49	1	delong	unexpected	an	a	onion	finger	20	2	5.94	5.87	At first Victoria did not know why her brother was crying over the sink but then she noticed that he had just sliced	with his knife.	False	n/a	n/a
984.949	0.2	984949	255	filler_word	113	49	1	delong	unexpected	an	a	onion	finger	20	2	5.94	5.87	At first Victoria did not know why her brother was crying over the sink but then she noticed that he had just sliced	with his knife.	False	n/a	n/a
985.434	0.2	985434	255	filler_word	113	49	1	delong	unexpected	an	a	onion	finger	20	2	5.94	5.87	At first Victoria did not know why her brother was crying over the sink but then she noticed that he had just sliced	with his knife.	False	n/a	n/a
985.92	0.2	985920	201	a_expected	113	49	1	delong	unexpected	an	a	onion	finger	20	2	5.94	5.87	At first Victoria did not know why her brother was crying over the sink but then she noticed that he had just sliced	with his knife.	False	n/a	n/a
985.97	0.0	985970	86	cloze_marker	113	49	1	delong	unexpected	an	a	onion	finger	20	2	5.94	5.87	At first Victoria did not know why her brother was crying over the sink but then she noticed that he had just sliced	with his knife.	False	n/a	n/a
986.204	0.0	986204	152	item_marker	114	52	1	delong	expected	a	an	success	author	86	5	5.8	2.87	Alicia's first client was a failure but her second was	and made her a lot of money.	False	n/a	n/a
986.405	0.2	986405	205	noun_expected	114	52	1	delong	expected	a	an	success	author	86	5	5.8	2.87	Alicia's first client was a failure but her second was	and made her a lot of money.	False	n/a	n/a
986.455	0.0	986455	87	cloze_marker	114	52	1	delong	expected	a	an	success	author	86	5	5.8	2.87	Alicia's first client was a failure but her second was	and made her a lot of money.	False	n/a	n/a
986.689	0.0	986689	152	item_marker	115	52	1	delong	expected	a	an	success	author	86	5	5.8	2.87	Alicia's first client was a failure but her second was	and made her a lot of money.	False	n/a	n/a
986.89	0.2	986890	255	filler_word	115	52	1	delong	expected	a	an	success	author	86	5	5.8	2.87	Alicia's first client was a failure but her second was	and made her a lot of money.	False	n/a	n/a
987.375	0.2	987375	255	filler_word	115	52	1	delong	expected	a	an	success	author	86	5	5.8	2.87	Alicia's first client was a failure but her second was	and made her a lot of money.	False	n/a	n/a
987.86	0.2	987860	255	filler_word	115	52	1	delong	expected	a	an	success	author	86	5	5.8	2.87	Alicia's first client was a failure but her second was	and made her a lot of money.	False	n/a	n/a
988.346	0.2	988346	255	filler_word	115	52	1	delong	expected	a	an	success	author	86	5	5.8	2.87	Alicia's first client was a failure but her second was	and made her a lot of money.	False	n/a	n/a
988.831	0.2	988831	255	filler_word	115	52	1	delong	expected	a	an	success	author	86	5	5.8	2.87	Alicia's first client was a failure but her second was	and made her a lot of money.	False	n/a	n/a
989.316	0.2	989316	255	filler_word	115	52	1	delong	expected	a	an	success	author	86	5	5.8	2.87	Alicia's first client was a failure but her second was	and made her a lot of money.	False	n/a	n/a
989.801	0.2	989801	207	final_expected	115	52	1	delong	expected	a	an	success	author	86	5	5.8	2.87	Alicia's first client was a failure but her second was	and made her a lot of money.	False	n/a	n/a
992.662	0.2	992662	255	filler_word	115	52	1	delong	expected	a	an	success	author	86	5	5.8	2.87	Alicia's first client was a failure but her second was	and made her a lot of money.	False	n/a	n/a
993.147	0.2	993147	255	filler_word	115	52	1	delong	expected	a	an	success	author	86	5	5.8	2.87	Alicia's first client was a failure but her second was	and made her a lot of money.	False	n/a	n/a
993.632	0.2	993632	255	filler_word	115	52	1	delong	expected	a	an	success	author	86	5	5.8	2.87	Alicia's first client was a failure but her second was	and made her a lot of money.	False	n/a	n/a
994.118	0.2	994118	255	filler_word	115	52	1	delong	expected	a	an	success	author	86	5	5.8	2.87	Alicia's first client was a failure but her second was	and made her a lot of money.	False	n/a	n/a
994.603	0.2	994603	255	filler_word	115	52	1	delong	expected	a	an	success	author	86	5	5.8	2.87	Alicia's first client was a failure but her second was	and made her a lot of money.	False	n/a	n/a
995.088	0.2	995088	255	filler_word	115	52	1	delong	expected	a	an	success	author	86	5	5.8	2.87	Alicia's first client was a failure but her second was	and made her a lot of money.	False	n/a	n/a
995.573	0.2	995573	255	filler_word	115	52	1	delong	expected	a	an	success	author	86	5	5.8	2.87	Alicia's first client was a failure but her second was	and made her a lot of money.	False	n/a	n/a
996.058	0.2	996058	255	filler_word	115	52	1	delong	expected	a	an	success	author	86	5	5.8	2.87	Alicia's first client was a failure but her second was	and made her a lot of money.	False	n/a	n/a
996.543	0.2	996543	255	filler_word	115	52	1	delong	expected	a	an	success	author	86	5	5.8	2.87	Alicia's first client was a failure but her second was	and made her a lot of money.	False	n/a	n/a
997.029	0.2	997029	255	filler_word	115	52	1	delong	expected	a	an	success	author	86	5	5.8	2.87	Alicia's first client was a failure but her second was	and made her a lot of money.	False	n/a	n/a
997.514	0.2	997514	255	filler_word	115	52	1	delong	expected	a	an	success	author	86	5	5.8	2.87	Alicia's first client was a failure but her second was	and made her a lot of money.	False	n/a	n/a
997.999	0.2	997999	255	filler_word	115	52	1	delong	expected	a	an	success	author	86	5	5.8	2.87	Alicia's first client was a failure but her second was	and made her a lot of money.	False	n/a	n/a
998.484	0.2	998484	255	filler_word	115	52	1	delong	expected	a	an	success	author	86	5	5.8	2.87	Alicia's first client was a failure but her second was	and made her a lot of money.	False	n/a	n/a
998.969	0.2	998969	255	filler_word	115	52	1	delong	expected	a	an	success	author	86	5	5.8	2.87	Alicia's first client was a failure but her second was	and made her a lot of money.	False	n/a	n/a
999.455	0.2	999455	255	filler_word	115	52	1	delong	expected	a	an	success	author	86	5	5.8	2.87	Alicia's first client was a failure but her second was	and made her a lot of money.	False	n/a	n/a
999.94	0.2	999940	204	an_unexpected	115	52	1	delong	expected	a	an	success	author	86	5	5.8	2.87	Alicia's first client was a failure but her second was	and made her a lot of money.	False	n/a	n/a
999.99	0.0	999990	200	cloze_marker	115	52	1	delong	expected	a	an	success	author	86	5	5.8	2.87	Alicia's first client was a failure but her second was	and made her a lot of money.	False	n/a	n/a
1000.224	0.0	1000224	142	item_marker	116	42	1	delong	unexpected	a	an	parent	adult	91	0	5.74	4.2	Older children often have a harder time than younger children dealing with the loss of	who has cared for them.	False	n/a	n/a
1000.425	0.2	1000425	206	noun_unexpected	116	42	1	delong	unexpected	a	an	parent	adult	91	0	5.74	4.2	Older children often have a harder time than younger children dealing with the loss of	who has cared for them.	False	n/a	n/a
1000.475	0.0	1000475	13	cloze_marker	116	42	1	delong	unexpected	a	an	parent	adult	91	0	5.74	4.2	Older children often have a harder time than younger children dealing with the loss of	who has cared for them.	False	n/a	n/a
1000.709	0.0	1000709	142	item_marker	117	42	1	delong	unexpected	a	an	parent	adult	91	0	5.74	4.2	Older children often have a harder time than younger children dealing with the loss of	who has cared for them.	False	n/a	n/a
1000.91	0.2	1000910	255	filler_word	117	42	1	delong	unexpected	a	an	parent	adult	91	0	5.74	4.2	Older children often have a harder time than younger children dealing with the loss of	who has cared for them.	False	n/a	n/a
1001.395	0.2	1001395	255	filler_word	117	42	1	delong	unexpected	a	an	parent	adult	91	0	5.74	4.2	Older children often have a harder time than younger children dealing with the loss of	who has cared for them.	False	n/a	n/a
1001.88	0.2	1001880	255	filler_word	117	42	1	delong	unexpected	a	an	parent	adult	91	0	5.74	4.2	Older children often have a harder time than younger children dealing with the loss of	who has cared for them.	False	n/a	n/a
1002.366	0.2	1002366	255	filler_word	117	42	1	delong	unexpected	a	an	parent	adult	91	0	5.74	4.2	Older children often have a harder time than younger children dealing with the loss of	who has cared for them.	False	n/a	n/a
1002.851	0.2	1002851	208	final_unexpected	117	42	1	delong	unexpected	a	an	parent	adult	91	0	5.74	4.2	Older children often have a harder time than younger children dealing with the loss of	who has cared for them.	False	n/a	n/a
1004.808	0.2	1004808	255	filler_word	117	42	1	delong	unexpected	a	an	parent	adult	91	0	5.74	4.2	Older children often have a harder time than younger children dealing with the loss of	who has cared for them.	False	n/a	n/a
1005.293	0.2	1005293	255	filler_word	117	42	1	delong	unexpected	a	an	parent	adult	91	0	5.74	4.2	Older children often have a harder time than younger children dealing with the loss of	who has cared for them.	False	n/a	n/a
1005.779	0.2	1005779	255	filler_word	117	42	1	delong	unexpected	a	an	parent	adult	91	0	5.74	4.2	Older children often have a harder time than younger children dealing with the loss of	who has cared for them.	False	n/a	n/a
1006.264	0.2	1006264	255	filler_word	117	42	1	delong	unexpected	a	an	parent	adult	91	0	5.74	4.2	Older children often have a harder time than younger children dealing with the loss of	who has cared for them.	False	n/a	n/a
1006.749	0.2	1006749	255	filler_word	117	42	1	delong	unexpected	a	an	parent	adult	91	0	5.74	4.2	Older children often have a harder time than younger children dealing with the loss of	who has cared for them.	False	n/a	n/a
1007.234	0.2	1007234	255	filler_word	117	42	1	delong	unexpected	a	an	parent	adult	91	0	5.74	4.2	Older children often have a harder time than younger children dealing with the loss of	who has cared for them.	False	n/a	n/a
1007.719	0.2	1007719	255	filler_word	117	42	1	delong	unexpected	a	an	parent	adult	91	0	5.74	4.2	Older children often have a harder time than younger children dealing with the loss of	who has cared for them.	False	n/a	n/a
1008.205	0.2	1008205	255	filler_word	117	42	1	delong	unexpected	a	an	parent	adult	91	0	5.74	4.2	Older children often have a harder time than younger children dealing with the loss of	who has cared for them.	False	n/a	n/a
1008.69	0.2	1008690	255	filler_word	117	42	1	delong	unexpected	a	an	parent	adult	91	0	5.74	4.2	Older children often have a harder time than younger children dealing with the loss of	who has cared for them.	False	n/a	n/a
1009.175	0.2	1009175	255	filler_word	117	42	1	delong	unexpected	a	an	parent	adult	91	0	5.74	4.2	Older children often have a harder time than younger children dealing with the loss of	who has cared for them.	False	n/a	n/a
1009.66	0.2	1009660	255	filler_word	117	42	1	delong	unexpected	a	an	parent	adult	91	0	5.74	4.2	Older children often have a harder time than younger children dealing with the loss of	who has cared for them.	False	n/a	n/a
1010.145	0.2	1010145	255	filler_word	117	42	1	delong	unexpected	a	an	parent	adult	91	0	5.74	4.2	Older children often have a harder time than younger children dealing with the loss of	who has cared for them.	False	n/a	n/a
1010.63	0.2	1010630	255	filler_word	117	42	1	delong	unexpected	a	an	parent	adult	91	0	5.74	4.2	Older children often have a harder time than younger children dealing with the loss of	who has cared for them.	False	n/a	n/a
1011.116	0.2	1011116	255	filler_word	117	42	1	delong	unexpected	a	an	parent	adult	91	0	5.74	4.2	Older children often have a harder time than younger children dealing with the loss of	who has cared for them.	False	n/a	n/a
1011.601	0.2	1011601	255	filler_word	117	42	1	delong	unexpected	a	an	parent	adult	91	0	5.74	4.2	Older children often have a harder time than younger children dealing with the loss of	who has cared for them.	False	n/a	n/a
1012.086	0.2	1012086	255	filler_word	117	42	1	delong	unexpected	a	an	parent	adult	91	0	5.74	4.2	Older children often have a harder time than younger children dealing with the loss of	who has cared for them.	False	n/a	n/a
1012.571	0.2	1012571	201	a_expected	117	42	1	delong	unexpected	a	an	parent	adult	91	0	5.74	4.2	Older children often have a harder time than younger children dealing with the loss of	who has cared for them.	False	n/a	n/a
1012.621	0.0	1012621	16	cloze_marker	117	42	1	delong	unexpected	a	an	parent	adult	91	0	5.74	4.2	Older children often have a harder time than younger children dealing with the loss of	who has cared for them.	False	n/a	n/a
1012.856	0.0	1012856	160	item_marker	118	60	1	delong	expected	a	an	city	airport	16	0	6.45	4.77	Hannah wanted to live in a small town but her husband preferred to live closer to	because of his job.	False	n/a	n/a
1013.056	0.2	1013056	205	noun_expected	118	60	1	delong	expected	a	an	city	airport	16	0	6.45	4.77	Hannah wanted to live in a small town but her husband preferred to live closer to	because of his job.	False	n/a	n/a
1013.106	0.0	1013106	90	cloze_marker	118	60	1	delong	expected	a	an	city	airport	16	0	6.45	4.77	Hannah wanted to live in a small town but her husband preferred to live closer to	because of his job.	False	n/a	n/a
1013.341	0.0	1013341	160	item_marker	119	60	1	delong	expected	a	an	city	airport	16	0	6.45	4.77	Hannah wanted to live in a small town but her husband preferred to live closer to	because of his job.	False	n/a	n/a
1013.542	0.2	1013542	255	filler_word	119	60	1	delong	expected	a	an	city	airport	16	0	6.45	4.77	Hannah wanted to live in a small town but her husband preferred to live closer to	because of his job.	False	n/a	n/a
1014.027	0.2	1014027	255	filler_word	119	60	1	delong	expected	a	an	city	airport	16	0	6.45	4.77	Hannah wanted to live in a small town but her husband preferred to live closer to	because of his job.	False	n/a	n/a
1014.512	0.2	1014512	255	filler_word	119	60	1	delong	expected	a	an	city	airport	16	0	6.45	4.77	Hannah wanted to live in a small town but her husband preferred to live closer to	because of his job.	False	n/a	n/a
1014.997	0.2	1014997	207	final_expected	119	60	1	delong	expected	a	an	city	airport	16	0	6.45	4.77	Hannah wanted to live in a small town but her husband preferred to live closer to	because of his job.	False	n/a	n/a
1034.906	0.2	1034906	255	filler_word	119	60	1	delong	expected	a	an	city	airport	16	0	6.45	4.77	Hannah wanted to live in a small town but her husband preferred to live closer to	because of his job.	False	n/a	n/a
1035.391	0.2	1035391	255	filler_word	119	60	1	delong	expected	a	an	city	airport	16	0	6.45	4.77	Hannah wanted to live in a small town but her husband preferred to live closer to	because of his job.	False	n/a	n/a
1035.877	0.2	1035877	255	filler_word	119	60	1	delong	expected	a	an	city	airport	16	0	6.45	4.77	Hannah wanted to live in a small town but her husband preferred to live closer to	because of his job.	False	n/a	n/a
1036.362	0.2	1036362	255	filler_word	119	60	1	delong	expected	a	an	city	airport	16	0	6.45	4.77	Hannah wanted to live in a small town but her husband preferred to live closer to	because of his job.	False	n/a	n/a
1036.847	0.2	1036847	255	filler_word	119	60	1	delong	expected	a	an	city	airport	16	0	6.45	4.77	Hannah wanted to live in a small town but her husband preferred to live closer to	because of his job.	False	n/a	n/a
1037.332	0.2	1037332	255	filler_word	119	60	1	delong	expected	a	an	city	airport	16	0	6.45	4.77	Hannah wanted to live in a small town but her husband preferred to live closer to	because of his job.	False	n/a	n/a
1037.817	0.2	1037817	255	filler_word	119	60	1	delong	expected	a	an	city	airport	16	0	6.45	4.77	Hannah wanted to live in a small town but her husband preferred to live closer to	because of his job.	False	n/a	n/a
1038.303	0.2	1038303	255	filler_word	119	60	1	delong	expected	a	an	city	airport	16	0	6.45	4.77	Hannah wanted to live in a small town but her husband preferred to live closer to	because of his job.	False	n/a	n/a
1038.788	0.2	1038788	255	filler_word	119	60	1	delong	expected	a	an	city	airport	16	0	6.45	4.77	Hannah wanted to live in a small town but her husband preferred to live closer to	because of his job.	False	n/a	n/a
1039.273	0.2	1039273	255	filler_word	119	60	1	delong	expected	a	an	city	airport	16	0	6.45	4.77	Hannah wanted to live in a small town but her husband preferred to live closer to	because of his job.	False	n/a	n/a
1039.758	0.2	1039758	255	filler_word	119	60	1	delong	expected	a	an	city	airport	16	0	6.45	4.77	Hannah wanted to live in a small town but her husband preferred to live closer to	because of his job.	False	n/a	n/a
1040.243	0.2	1040243	255	filler_word	119	60	1	delong	expected	a	an	city	airport	16	0	6.45	4.77	Hannah wanted to live in a small town but her husband preferred to live closer to	because of his job.	False	n/a	n/a
1040.728	0.2	1040728	255	filler_word	119	60	1	delong	expected	a	an	city	airport	16	0	6.45	4.77	Hannah wanted to live in a small town but her husband preferred to live closer to	because of his job.	False	n/a	n/a
1041.214	0.2	1041214	255	filler_word	119	60	1	delong	expected	a	an	city	airport	16	0	6.45	4.77	Hannah wanted to live in a small town but her husband preferred to live closer to	because of his job.	False	n/a	n/a
1041.699	0.2	1041699	255	filler_word	119	60	1	delong	expected	a	an	city	airport	16	0	6.45	4.77	Hannah wanted to live in a small town but her husband preferred to live closer to	because of his job.	False	n/a	n/a
1042.184	0.2	1042184	255	filler_word	119	60	1	delong	expected	a	an	city	airport	16	0	6.45	4.77	Hannah wanted to live in a small town but her husband preferred to live closer to	because of his job.	False	n/a	n/a
1042.669	0.2	1042669	255	filler_word	119	60	1	delong	expected	a	an	city	airport	16	0	6.45	4.77	Hannah wanted to live in a small town but her husband preferred to live closer to	because of his job.	False	n/a	n/a
1043.154	0.2	1043154	201	a_expected	119	60	1	delong	expected	a	an	city	airport	16	0	6.45	4.77	Hannah wanted to live in a small town but her husband preferred to live closer to	because of his job.	False	n/a	n/a
1043.204	0.0	1043204	68	cloze_marker	119	60	1	delong	expected	a	an	city	airport	16	0	6.45	4.77	Hannah wanted to live in a small town but her husband preferred to live closer to	because of his job.	False	n/a	n/a
1043.439	0.0	1043439	164	item_marker	120	64	1	delong	expected	a	an	name	idea	68	11	5.67	5.77	The guys didn't know what to call their band so Trent told everyone to come up with	and they would vote.	True	Did Trent suggest to vote?	yes
1043.64	0.2	1043640	205	noun_expected	120	64	1	delong	expected	a	an	name	idea	68	11	5.67	5.77	The guys didn't know what to call their band so Trent told everyone to come up with	and they would vote.	True	Did Trent suggest to vote?	yes
1043.689	0.0	1043689	50	cloze_marker	120	64	1	delong	expected	a	an	name	idea	68	11	5.67	5.77	The guys didn't know what to call their band so Trent told everyone to come up with	and they would vote.	True	Did Trent suggest to vote?	yes
1043.924	0.0	1043924	164	item_marker	121	64	1	delong	expected	a	an	name	idea	68	11	5.67	5.77	The guys didn't know what to call their band so Trent told everyone to come up with	and they would vote.	True	Did Trent suggest to vote?	yes
1044.125	0.2	1044125	255	filler_word	121	64	1	delong	expected	a	an	name	idea	68	11	5.67	5.77	The guys didn't know what to call their band so Trent told everyone to come up with	and they would vote.	True	Did Trent suggest to vote?	yes
1044.61	0.2	1044610	255	filler_word	121	64	1	delong	expected	a	an	name	idea	68	11	5.67	5.77	The guys didn't know what to call their band so Trent told everyone to come up with	and they would vote.	True	Did Trent suggest to vote?	yes
1045.095	0.2	1045095	255	filler_word	121	64	1	delong	expected	a	an	name	idea	68	11	5.67	5.77	The guys didn't know what to call their band so Trent told everyone to come up with	and they would vote.	True	Did Trent suggest to vote?	yes
1045.58	0.2	1045580	207	final_expected	121	64	1	delong	expected	a	an	name	idea	68	11	5.67	5.77	The guys didn't know what to call their band so Trent told everyone to come up with	and they would vote.	True	Did Trent suggest to vote?	yes
1052.323	0.2	1052323	255	filler_word	121	64	1	delong	expected	a	an	name	idea	68	11	5.67	5.77	The guys didn't know what to call their band so Trent told everyone to come up with	and they would vote.	True	Did Trent suggest to vote?	yes
1052.808	0.2	1052808	255	filler_word	121	64	1	delong	expected	a	an	name	idea	68	11	5.67	5.77	The guys didn't know what to call their band so Trent told everyone to come up with	and they would vote.	True	Did Trent suggest to vote?	yes
1053.293	0.2	1053293	255	filler_word	121	64	1	delong	expected	a	an	name	idea	68	11	5.67	5.77	The guys didn't know what to call their band so Trent told everyone to come up with	and they would vote.	True	Did Trent suggest to vote?	yes
1053.778	0.2	1053778	255	filler_word	121	64	1	delong	expected	a	an	name	idea	68	11	5.67	5.77	The guys didn't know what to call their band so Trent told everyone to come up with	and they would vote.	True	Did Trent suggest to vote?	yes
1054.263	0.2	1054263	255	filler_word	121	64	1	delong	expected	a	an	name	idea	68	11	5.67	5.77	The guys didn't know what to call their band so Trent told everyone to come up with	and they would vote.	True	Did Trent suggest to vote?	yes
1054.748	0.2	1054748	255	filler_word	121	64	1	delong	expected	a	an	name	idea	68	11	5.67	5.77	The guys didn't know what to call their band so Trent told everyone to come up with	and they would vote.	True	Did Trent suggest to vote?	yes
1055.234	0.2	1055234	255	filler_word	121	64	1	delong	expected	a	an	name	idea	68	11	5.67	5.77	The guys didn't know what to call their band so Trent told everyone to come up with	and they would vote.	True	Did Trent suggest to vote?	yes
1055.719	0.2	1055719	255	filler_word	121	64	1	delong	expected	a	an	name	idea	68	11	5.67	5.77	The guys didn't know what to call their band so Trent told everyone to come up with	and they would vote.	True	Did Trent suggest to vote?	yes
1056.204	0.2	1056204	255	filler_word	121	64	1	delong	expected	a	an	name	idea	68	11	5.67	5.77	The guys didn't know what to call their band so Trent told everyone to come up with	and they would vote.	True	Did Trent suggest to vote?	yes
1056.689	0.2	1056689	255	filler_word	121	64	1	delong	expected	a	an	name	idea	68	11	5.67	5.77	The guys didn't know what to call their band so Trent told everyone to come up with	and they would vote.	True	Did Trent suggest to vote?	yes
1057.174	0.2	1057174	255	filler_word	121	64	1	delong	expected	a	an	name	idea	68	11	5.67	5.77	The guys didn't know what to call their band so Trent told everyone to come up with	and they would vote.	True	Did Trent suggest to vote?	yes
1057.66	0.2	1057660	255	filler_word	121	64	1	delong	expected	a	an	name	idea	68	11	5.67	5.77	The guys didn't know what to call their band so Trent told everyone to come up with	and they would vote.	True	Did Trent suggest to vote?	yes
1058.145	0.2	1058145	255	filler_word	121	64	1	delong	expected	a	an	name	idea	68	11	5.67	5.77	The guys didn't know what to call their band so Trent told everyone to come up with	and they would vote.	True	Did Trent suggest to vote?	yes
1058.63	0.2	1058630	255	filler_word	121	64	1	delong	expected	a	an	name	idea	68	11	5.67	5.77	The guys didn't know what to call their band so Trent told everyone to come up with	and they would vote.	True	Did Trent suggest to vote?	yes
1059.115	0.2	1059115	203	a_unexpected	121	64	1	delong	expected	a	an	name	idea	68	11	5.67	5.77	The guys didn't know what to call their band so Trent told everyone to come up with	and they would vote.	True	Did Trent suggest to vote?	yes
1059.165	0.0	1059165	14	cloze_marker	121	64	1	delong	expected	a	an	name	idea	68	11	5.67	5.77	The guys didn't know what to call their band so Trent told everyone to come up with	and they would vote.	True	Did Trent suggest to vote?	yes
1059.4	0.0	1059400	165	item_marker	122	65	1	delong	unexpected	an	a	island	ship	73	14	5.53	5.26	Being from the mainland Karen never got used to the feeling of living on	and being so removed from everything.	True	Was Karen from the mainland?	yes
1059.6	0.2	1059600	206	noun_unexpected	122	65	1	delong	unexpected	an	a	island	ship	73	14	5.53	5.26	Being from the mainland Karen never got used to the feeling of living on	and being so removed from everything.	True	Was Karen from the mainland?	yes
1059.65	0.0	1059650	7	cloze_marker	122	65	1	delong	unexpected	an	a	island	ship	73	14	5.53	5.26	Being from the mainland Karen never got used to the feeling of living on	and being so removed from everything.	True	Was Karen from the mainland?	yes
1059.885	0.0	1059885	165	item_marker	123	65	1	delong	unexpected	an	a	island	ship	73	14	5.53	5.26	Being from the mainland Karen never got used to the feeling of living on	and being so removed from everything.	True	Was Karen from the mainland?	yes
1060.085	0.2	1060085	255	filler_word	123	65	1	delong	unexpected	an	a	island	ship	73	14	5.53	5.26	Being from the mainland Karen never got used to the feeling of living on	and being so removed from everything.	True	Was Karen from the mainland?	yes
1060.571	0.2	1060571	255	filler_word	123	65	1	delong	unexpected	an	a	island	ship	73	14	5.53	5.26	Being from the mainland Karen never got used to the feeling of living on	and being so removed from everything.	True	Was Karen from the mainland?	yes
1061.056	0.2	1061056	255	filler_word	123	65	1	delong	unexpected	an	a	island	ship	73	14	5.53	5.26	Being from the mainland Karen never got used to the feeling of living on	and being so removed from everything.	True	Was Karen from the mainland?	yes
1061.541	0.2	1061541	255	filler_word	123	65	1	delong	unexpected	an	a	island	ship	73	14	5.53	5.26	Being from the mainland Karen never got used to the feeling of living on	and being so removed from everything.	True	Was Karen from the mainland?	yes
1062.026	0.2	1062026	255	filler_word	123	65	1	delong	unexpected	an	a	island	ship	73	14	5.53	5.26	Being from the mainland Karen never got used to the feeling of living on	and being so removed from everything.	True	Was Karen from the mainland?	yes
1062.511	0.2	1062511	208	final_unexpected	123	65	1	delong	unexpected	an	a	island	ship	73	14	5.53	5.26	Being from the mainland Karen never got used to the feeling of living on	and being so removed from everything.	True	Was Karen from the mainland?	yes
1069.12	0.2	1069120	255	filler_word	123	65	1	delong	unexpected	an	a	island	ship	73	14	5.53	5.26	Being from the mainland Karen never got used to the feeling of living on	and being so removed from everything.	True	Was Karen from the mainland?	yes
1069.605	0.2	1069605	255	filler_word	123	65	1	delong	unexpected	an	a	island	ship	73	14	5.53	5.26	Being from the mainland Karen never got used to the feeling of living on	and being so removed from everything.	True	Was Karen from the mainland?	yes
1070.09	0.2	1070090	255	filler_word	123	65	1	delong	unexpected	an	a	island	ship	73	14	5.53	5.26	Being from the mainland Karen never got used to the feeling of living on	and being so removed from everything.	True	Was Karen from the mainland?	yes
1070.575	0.2	1070575	255	filler_word	123	65	1	delong	unexpected	an	a	island	ship	73	14	5.53	5.26	Being from the mainland Karen never got used to the feeling of living on	and being so removed from everything.	True	Was Karen from the mainland?	yes
1071.061	0.2	1071061	255	filler_word	123	65	1	delong	unexpected	an	a	island	ship	73	14	5.53	5.26	Being from the mainland Karen never got used to the feeling of living on	and being so removed from everything.	True	Was Karen from the mainland?	yes
1071.546	0.2	1071546	255	filler_word	123	65	1	delong	unexpected	an	a	island	ship	73	14	5.53	5.26	Being from the mainland Karen never got used to the feeling of living on	and being so removed from everything.	True	Was Karen from the mainland?	yes
1072.031	0.2	1072031	255	filler_word	123	65	1	delong	unexpected	an	a	island	ship	73	14	5.53	5.26	Being from the mainland Karen never got used to the feeling of living on	and being so removed from everything.	True	Was Karen from the mainland?	yes
1072.516	0.2	1072516	255	filler_word	123	65	1	delong	unexpected	an	a	island	ship	73	14	5.53	5.26	Being from the mainland Karen never got used to the feeling of living on	and being so removed from everything.	True	Was Karen from the mainland?	yes
1073.001	0.2	1073001	255	filler_word	123	65	1	delong	unexpected	an	a	island	ship	73	14	5.53	5.26	Being from the mainland Karen never got used to the feeling of living on	and being so removed from everything.	True	Was Karen from the mainland?	yes
1073.487	0.2	1073487	255	filler_word	123	65	1	delong	unexpected	an	a	island	ship	73	14	5.53	5.26	Being from the mainland Karen never got used to the feeling of living on	and being so removed from everything.	True	Was Karen from the mainland?	yes
1073.972	0.2	1073972	255	filler_word	123	65	1	delong	unexpected	an	a	island	ship	73	14	5.53	5.26	Being from the mainland Karen never got used to the feeling of living on	and being so removed from everything.	True	Was Karen from the mainland?	yes
1074.457	0.2	1074457	255	filler_word	123	65	1	delong	unexpected	an	a	island	ship	73	14	5.53	5.26	Being from the mainland Karen never got used to the feeling of living on	and being so removed from everything.	True	Was Karen from the mainland?	yes
1074.942	0.2	1074942	255	filler_word	123	65	1	delong	unexpected	an	a	island	ship	73	14	5.53	5.26	Being from the mainland Karen never got used to the feeling of living on	and being so removed from everything.	True	Was Karen from the mainland?	yes
1075.427	0.2	1075427	255	filler_word	123	65	1	delong	unexpected	an	a	island	ship	73	14	5.53	5.26	Being from the mainland Karen never got used to the feeling of living on	and being so removed from everything.	True	Was Karen from the mainland?	yes
1075.912	0.2	1075912	255	filler_word	123	65	1	delong	unexpected	an	a	island	ship	73	14	5.53	5.26	Being from the mainland Karen never got used to the feeling of living on	and being so removed from everything.	True	Was Karen from the mainland?	yes
1076.398	0.2	1076398	255	filler_word	123	65	1	delong	unexpected	an	a	island	ship	73	14	5.53	5.26	Being from the mainland Karen never got used to the feeling of living on	and being so removed from everything.	True	Was Karen from the mainland?	yes
1076.883	0.2	1076883	255	filler_word	123	65	1	delong	unexpected	an	a	island	ship	73	14	5.53	5.26	Being from the mainland Karen never got used to the feeling of living on	and being so removed from everything.	True	Was Karen from the mainland?	yes
1077.368	0.2	1077368	255	filler_word	123	65	1	delong	unexpected	an	a	island	ship	73	14	5.53	5.26	Being from the mainland Karen never got used to the feeling of living on	and being so removed from everything.	True	Was Karen from the mainland?	yes
1077.853	0.2	1077853	255	filler_word	123	65	1	delong	unexpected	an	a	island	ship	73	14	5.53	5.26	Being from the mainland Karen never got used to the feeling of living on	and being so removed from everything.	True	Was Karen from the mainland?	yes
1078.338	0.2	1078338	255	filler_word	123	65	1	delong	unexpected	an	a	island	ship	73	14	5.53	5.26	Being from the mainland Karen never got used to the feeling of living on	and being so removed from everything.	True	Was Karen from the mainland?	yes
1078.824	0.2	1078824	255	filler_word	123	65	1	delong	unexpected	an	a	island	ship	73	14	5.53	5.26	Being from the mainland Karen never got used to the feeling of living on	and being so removed from everything.	True	Was Karen from the mainland?	yes
1079.309	0.2	1079309	255	filler_word	123	65	1	delong	unexpected	an	a	island	ship	73	14	5.53	5.26	Being from the mainland Karen never got used to the feeling of living on	and being so removed from everything.	True	Was Karen from the mainland?	yes
1079.794	0.2	1079794	202	an_expected	123	65	1	delong	unexpected	an	a	island	ship	73	14	5.53	5.26	Being from the mainland Karen never got used to the feeling of living on	and being so removed from everything.	True	Was Karen from the mainland?	yes
1079.844	0.0	1079844	86	cloze_marker	123	65	1	delong	unexpected	an	a	island	ship	73	14	5.53	5.26	Being from the mainland Karen never got used to the feeling of living on	and being so removed from everything.	True	Was Karen from the mainland?	yes
1080.078	0.0	1080078	167	item_marker	124	67	1	delong	expected	an	a	owl	cat	86	14	6.13	2.47	As Elizabeth climbed the ladder in the barn she heard a hooting sound coming from the rafters and looked up to see	staring down at her.	False	n/a	n/a
1080.279	0.2	1080279	205	noun_expected	124	67	1	delong	expected	an	a	owl	cat	86	14	6.13	2.47	As Elizabeth climbed the ladder in the barn she heard a hooting sound coming from the rafters and looked up to see	staring down at her.	False	n/a	n/a
1080.329	0.0	1080329	87	cloze_marker	124	67	1	delong	expected	an	a	owl	cat	86	14	6.13	2.47	As Elizabeth climbed the ladder in the barn she heard a hooting sound coming from the rafters and looked up to see	staring down at her.	False	n/a	n/a
1080.564	0.0	1080564	167	item_marker	125	67	1	delong	expected	an	a	owl	cat	86	14	6.13	2.47	As Elizabeth climbed the ladder in the barn she heard a hooting sound coming from the rafters and looked up to see	staring down at her.	False	n/a	n/a
1080.764	0.2	1080764	255	filler_word	125	67	1	delong	expected	an	a	owl	cat	86	14	6.13	2.47	As Elizabeth climbed the ladder in the barn she heard a hooting sound coming from the rafters and looked up to see	staring down at her.	False	n/a	n/a
1081.249	0.2	1081249	255	filler_word	125	67	1	delong	expected	an	a	owl	cat	86	14	6.13	2.47	As Elizabeth climbed the ladder in the barn she heard a hooting sound coming from the rafters and looked up to see	staring down at her.	False	n/a	n/a
1081.735	0.2	1081735	255	filler_word	125	67	1	delong	expected	an	a	owl	cat	86	14	6.13	2.47	As Elizabeth climbed the ladder in the barn she heard a hooting sound coming from the rafters and looked up to see	staring down at her.	False	n/a	n/a
1082.22	0.2	1082220	207	final_expected	125	67	1	delong	expected	an	a	owl	cat	86	14	6.13	2.47	As Elizabeth climbed the ladder in the barn she heard a hooting sound coming from the rafters and looked up to see	staring down at her.	False	n/a	n/a
1084.562	0.2	1084562	255	filler_word	125	67	1	delong	expected	an	a	owl	cat	86	14	6.13	2.47	As Elizabeth climbed the ladder in the barn she heard a hooting sound coming from the rafters and looked up to see	staring down at her.	False	n/a	n/a
1085.047	0.2	1085047	255	filler_word	125	67	1	delong	expected	an	a	owl	cat	86	14	6.13	2.47	As Elizabeth climbed the ladder in the barn she heard a hooting sound coming from the rafters and looked up to see	staring down at her.	False	n/a	n/a
1085.532	0.2	1085532	255	filler_word	125	67	1	delong	expected	an	a	owl	cat	86	14	6.13	2.47	As Elizabeth climbed the ladder in the barn she heard a hooting sound coming from the rafters and looked up to see	staring down at her.	False	n/a	n/a
1086.018	0.2	1086018	255	filler_word	125	67	1	delong	expected	an	a	owl	cat	86	14	6.13	2.47	As Elizabeth climbed the ladder in the barn she heard a hooting sound coming from the rafters and looked up to see	staring down at her.	False	n/a	n/a
1086.503	0.2	1086503	255	filler_word	125	67	1	delong	expected	an	a	owl	cat	86	14	6.13	2.47	As Elizabeth climbed the ladder in the barn she heard a hooting sound coming from the rafters and looked up to see	staring down at her.	False	n/a	n/a
1086.988	0.2	1086988	255	filler_word	125	67	1	delong	expected	an	a	owl	cat	86	14	6.13	2.47	As Elizabeth climbed the ladder in the barn she heard a hooting sound coming from the rafters and looked up to see	staring down at her.	False	n/a	n/a
1087.473	0.2	1087473	255	filler_word	125	67	1	delong	expected	an	a	owl	cat	86	14	6.13	2.47	As Elizabeth climbed the ladder in the barn she heard a hooting sound coming from the rafters and looked up to see	staring down at her.	False	n/a	n/a
1087.958	0.2	1087958	255	filler_word	125	67	1	delong	expected	an	a	owl	cat	86	14	6.13	2.47	As Elizabeth climbed the ladder in the barn she heard a hooting sound coming from the rafters and looked up to see	staring down at her.	False	n/a	n/a
1088.444	0.2	1088444	255	filler_word	125	67	1	delong	expected	an	a	owl	cat	86	14	6.13	2.47	As Elizabeth climbed the ladder in the barn she heard a hooting sound coming from the rafters and looked up to see	staring down at her.	False	n/a	n/a
1088.929	0.2	1088929	255	filler_word	125	67	1	delong	expected	an	a	owl	cat	86	14	6.13	2.47	As Elizabeth climbed the ladder in the barn she heard a hooting sound coming from the rafters and looked up to see	staring down at her.	False	n/a	n/a
1089.414	0.2	1089414	255	filler_word	125	67	1	delong	expected	an	a	owl	cat	86	14	6.13	2.47	As Elizabeth climbed the ladder in the barn she heard a hooting sound coming from the rafters and looked up to see	staring down at her.	False	n/a	n/a
1089.899	0.2	1089899	255	filler_word	125	67	1	delong	expected	an	a	owl	cat	86	14	6.13	2.47	As Elizabeth climbed the ladder in the barn she heard a hooting sound coming from the rafters and looked up to see	staring down at her.	False	n/a	n/a
1090.384	0.2	1090384	255	filler_word	125	67	1	delong	expected	an	a	owl	cat	86	14	6.13	2.47	As Elizabeth climbed the ladder in the barn she heard a hooting sound coming from the rafters and looked up to see	staring down at her.	False	n/a	n/a
1090.869	0.2	1090869	255	filler_word	125	67	1	delong	expected	an	a	owl	cat	86	14	6.13	2.47	As Elizabeth climbed the ladder in the barn she heard a hooting sound coming from the rafters and looked up to see	staring down at her.	False	n/a	n/a
1091.355	0.2	1091355	202	an_expected	125	67	1	delong	expected	an	a	owl	cat	86	14	6.13	2.47	As Elizabeth climbed the ladder in the barn she heard a hooting sound coming from the rafters and looked up to see	staring down at her.	False	n/a	n/a
1091.405	0.0	1091405	95	cloze_marker	125	67	1	delong	expected	an	a	owl	cat	86	14	6.13	2.47	As Elizabeth climbed the ladder in the barn she heard a hooting sound coming from the rafters and looked up to see	staring down at her.	False	n/a	n/a
1091.639	0.0	1091639	179	item_marker	126	79	1	delong	expected	an	a	alien	tourist	95	0	4.97	2.03	Bob claims to be from outer space but nobody believes that he is actually	from another planet.	True	Does Bob claim to be from Canada?	no
1091.84	0.2	1091840	205	noun_expected	126	79	1	delong	expected	an	a	alien	tourist	95	0	4.97	2.03	Bob claims to be from outer space but nobody believes that he is actually	from another planet.	True	Does Bob claim to be from Canada?	no
1091.89	0.0	1091890	97	cloze_marker	126	79	1	delong	expected	an	a	alien	tourist	95	0	4.97	2.03	Bob claims to be from outer space but nobody believes that he is actually	from another planet.	True	Does Bob claim to be from Canada?	no
1092.124	0.0	1092124	179	item_marker	127	79	1	delong	expected	an	a	alien	tourist	95	0	4.97	2.03	Bob claims to be from outer space but nobody believes that he is actually	from another planet.	True	Does Bob claim to be from Canada?	no
1092.325	0.2	1092325	255	filler_word	127	79	1	delong	expected	an	a	alien	tourist	95	0	4.97	2.03	Bob claims to be from outer space but nobody believes that he is actually	from another planet.	True	Does Bob claim to be from Canada?	no
1092.81	0.2	1092810	255	filler_word	127	79	1	delong	expected	an	a	alien	tourist	95	0	4.97	2.03	Bob claims to be from outer space but nobody believes that he is actually	from another planet.	True	Does Bob claim to be from Canada?	no
1093.295	0.2	1093295	207	final_expected	127	79	1	delong	expected	an	a	alien	tourist	95	0	4.97	2.03	Bob claims to be from outer space but nobody believes that he is actually	from another planet.	True	Does Bob claim to be from Canada?	no
1098.95	0.2	1098950	255	filler_word	127	79	1	delong	expected	an	a	alien	tourist	95	0	4.97	2.03	Bob claims to be from outer space but nobody believes that he is actually	from another planet.	True	Does Bob claim to be from Canada?	no
1099.435	0.2	1099435	255	filler_word	127	79	1	delong	expected	an	a	alien	tourist	95	0	4.97	2.03	Bob claims to be from outer space but nobody believes that he is actually	from another planet.	True	Does Bob claim to be from Canada?	no
1099.921	0.2	1099921	255	filler_word	127	79	1	delong	expected	an	a	alien	tourist	95	0	4.97	2.03	Bob claims to be from outer space but nobody believes that he is actually	from another planet.	True	Does Bob claim to be from Canada?	no
1100.406	0.2	1100406	255	filler_word	127	79	1	delong	expected	an	a	alien	tourist	95	0	4.97	2.03	Bob claims to be from outer space but nobody believes that he is actually	from another planet.	True	Does Bob claim to be from Canada?	no
1100.891	0.2	1100891	255	filler_word	127	79	1	delong	expected	an	a	alien	tourist	95	0	4.97	2.03	Bob claims to be from outer space but nobody believes that he is actually	from another planet.	True	Does Bob claim to be from Canada?	no
1101.376	0.2	1101376	255	filler_word	127	79	1	delong	expected	an	a	alien	tourist	95	0	4.97	2.03	Bob claims to be from outer space but nobody believes that he is actually	from another planet.	True	Does Bob claim to be from Canada?	no
1101.861	0.2	1101861	255	filler_word	127	79	1	delong	expected	an	a	alien	tourist	95	0	4.97	2.03	Bob claims to be from outer space but nobody believes that he is actually	from another planet.	True	Does Bob claim to be from Canada?	no
1102.346	0.2	1102346	255	filler_word	127	79	1	delong	expected	an	a	alien	tourist	95	0	4.97	2.03	Bob claims to be from outer space but nobody believes that he is actually	from another planet.	True	Does Bob claim to be from Canada?	no
1102.832	0.2	1102832	255	filler_word	127	79	1	delong	expected	an	a	alien	tourist	95	0	4.97	2.03	Bob claims to be from outer space but nobody believes that he is actually	from another planet.	True	Does Bob claim to be from Canada?	no
1103.317	0.2	1103317	255	filler_word	127	79	1	delong	expected	an	a	alien	tourist	95	0	4.97	2.03	Bob claims to be from outer space but nobody believes that he is actually	from another planet.	True	Does Bob claim to be from Canada?	no
1103.802	0.2	1103802	255	filler_word	127	79	1	delong	expected	an	a	alien	tourist	95	0	4.97	2.03	Bob claims to be from outer space but nobody believes that he is actually	from another planet.	True	Does Bob claim to be from Canada?	no
1104.287	0.2	1104287	255	filler_word	127	79	1	delong	expected	an	a	alien	tourist	95	0	4.97	2.03	Bob claims to be from outer space but nobody believes that he is actually	from another planet.	True	Does Bob claim to be from Canada?	no
1104.772	0.2	1104772	255	filler_word	127	79	1	delong	expected	an	a	alien	tourist	95	0	4.97	2.03	Bob claims to be from outer space but nobody believes that he is actually	from another planet.	True	Does Bob claim to be from Canada?	no
1105.258	0.2	1105258	204	an_unexpected	127	79	1	delong	expected	an	a	alien	tourist	95	0	4.97	2.03	Bob claims to be from outer space but nobody believes that he is actually	from another planet.	True	Does Bob claim to be from Canada?	no
1105.307	0.0	1105307	200	cloze_marker	127	79	1	delong	expected	an	a	alien	tourist	95	0	4.97	2.03	Bob claims to be from outer space but nobody believes that he is actually	from another planet.	True	Does Bob claim to be from Canada?	no
1105.542	0.0	1105542	174	item_marker	128	74	1	delong	unexpected	a	an	flower	animal	80	0	6.27	2.58	While Natasha was strolling through the colourful gardens she reached down and picked	up off the ground.	True	Was Natasha in the gardens? 	yes
1105.743	0.2	1105743	206	noun_unexpected	128	74	1	delong	unexpected	a	an	flower	animal	80	0	6.27	2.58	While Natasha was strolling through the colourful gardens she reached down and picked	up off the ground.	True	Was Natasha in the gardens? 	yes
1105.793	0.0	1105793	200	cloze_marker	128	74	1	delong	unexpected	a	an	flower	animal	80	0	6.27	2.58	While Natasha was strolling through the colourful gardens she reached down and picked	up off the ground.	True	Was Natasha in the gardens? 	yes
1106.027	0.0	1106027	174	item_marker	129	74	1	delong	unexpected	a	an	flower	animal	80	0	6.27	2.58	While Natasha was strolling through the colourful gardens she reached down and picked	up off the ground.	True	Was Natasha in the gardens? 	yes
1106.228	0.2	1106228	255	filler_word	129	74	1	delong	unexpected	a	an	flower	animal	80	0	6.27	2.58	While Natasha was strolling through the colourful gardens she reached down and picked	up off the ground.	True	Was Natasha in the gardens? 	yes
1106.713	0.2	1106713	255	filler_word	129	74	1	delong	unexpected	a	an	flower	animal	80	0	6.27	2.58	While Natasha was strolling through the colourful gardens she reached down and picked	up off the ground.	True	Was Natasha in the gardens? 	yes
1107.198	0.2	1107198	255	filler_word	129	74	1	delong	unexpected	a	an	flower	animal	80	0	6.27	2.58	While Natasha was strolling through the colourful gardens she reached down and picked	up off the ground.	True	Was Natasha in the gardens? 	yes
1107.683	0.2	1107683	208	final_unexpected	129	74	1	delong	unexpected	a	an	flower	animal	80	0	6.27	2.58	While Natasha was strolling through the colourful gardens she reached down and picked	up off the ground.	True	Was Natasha in the gardens? 	yes
1114.978	0.2	1114978	255	filler_word	129	74	1	delong	unexpected	a	an	flower	animal	80	0	6.27	2.58	While Natasha was strolling through the colourful gardens she reached down and picked	up off the ground.	True	Was Natasha in the gardens? 	yes
1115.463	0.2	1115463	255	filler_word	129	74	1	delong	unexpected	a	an	flower	animal	80	0	6.27	2.58	While Natasha was strolling through the colourful gardens she reached down and picked	up off the ground.	True	Was Natasha in the gardens? 	yes
1115.948	0.2	1115948	255	filler_word	129	74	1	delong	unexpected	a	an	flower	animal	80	0	6.27	2.58	While Natasha was strolling through the colourful gardens she reached down and picked	up off the ground.	True	Was Natasha in the gardens? 	yes
1116.433	0.2	1116433	255	filler_word	129	74	1	delong	unexpected	a	an	flower	animal	80	0	6.27	2.58	While Natasha was strolling through the colourful gardens she reached down and picked	up off the ground.	True	Was Natasha in the gardens? 	yes
1116.919	0.2	1116919	255	filler_word	129	74	1	delong	unexpected	a	an	flower	animal	80	0	6.27	2.58	While Natasha was strolling through the colourful gardens she reached down and picked	up off the ground.	True	Was Natasha in the gardens? 	yes
1117.404	0.2	1117404	255	filler_word	129	74	1	delong	unexpected	a	an	flower	animal	80	0	6.27	2.58	While Natasha was strolling through the colourful gardens she reached down and picked	up off the ground.	True	Was Natasha in the gardens? 	yes
1117.889	0.2	1117889	255	filler_word	129	74	1	delong	unexpected	a	an	flower	animal	80	0	6.27	2.58	While Natasha was strolling through the colourful gardens she reached down and picked	up off the ground.	True	Was Natasha in the gardens? 	yes
1118.374	0.2	1118374	255	filler_word	129	74	1	delong	unexpected	a	an	flower	animal	80	0	6.27	2.58	While Natasha was strolling through the colourful gardens she reached down and picked	up off the ground.	True	Was Natasha in the gardens? 	yes
1118.859	0.2	1118859	255	filler_word	129	74	1	delong	unexpected	a	an	flower	animal	80	0	6.27	2.58	While Natasha was strolling through the colourful gardens she reached down and picked	up off the ground.	True	Was Natasha in the gardens? 	yes
1119.345	0.2	1119345	255	filler_word	129	74	1	delong	unexpected	a	an	flower	animal	80	0	6.27	2.58	While Natasha was strolling through the colourful gardens she reached down and picked	up off the ground.	True	Was Natasha in the gardens? 	yes
1119.83	0.2	1119830	255	filler_word	129	74	1	delong	unexpected	a	an	flower	animal	80	0	6.27	2.58	While Natasha was strolling through the colourful gardens she reached down and picked	up off the ground.	True	Was Natasha in the gardens? 	yes
1120.315	0.2	1120315	255	filler_word	129	74	1	delong	unexpected	a	an	flower	animal	80	0	6.27	2.58	While Natasha was strolling through the colourful gardens she reached down and picked	up off the ground.	True	Was Natasha in the gardens? 	yes
1120.8	0.2	1120800	255	filler_word	129	74	1	delong	unexpected	a	an	flower	animal	80	0	6.27	2.58	While Natasha was strolling through the colourful gardens she reached down and picked	up off the ground.	True	Was Natasha in the gardens? 	yes
1121.285	0.2	1121285	255	filler_word	129	74	1	delong	unexpected	a	an	flower	animal	80	0	6.27	2.58	While Natasha was strolling through the colourful gardens she reached down and picked	up off the ground.	True	Was Natasha in the gardens? 	yes
1121.77	0.2	1121770	255	filler_word	129	74	1	delong	unexpected	a	an	flower	animal	80	0	6.27	2.58	While Natasha was strolling through the colourful gardens she reached down and picked	up off the ground.	True	Was Natasha in the gardens? 	yes
1122.256	0.2	1122256	255	filler_word	129	74	1	delong	unexpected	a	an	flower	animal	80	0	6.27	2.58	While Natasha was strolling through the colourful gardens she reached down and picked	up off the ground.	True	Was Natasha in the gardens? 	yes
1122.741	0.2	1122741	255	filler_word	129	74	1	delong	unexpected	a	an	flower	animal	80	0	6.27	2.58	While Natasha was strolling through the colourful gardens she reached down and picked	up off the ground.	True	Was Natasha in the gardens? 	yes
1123.226	0.2	1123226	255	filler_word	129	74	1	delong	unexpected	a	an	flower	animal	80	0	6.27	2.58	While Natasha was strolling through the colourful gardens she reached down and picked	up off the ground.	True	Was Natasha in the gardens? 	yes
1123.711	0.2	1123711	255	filler_word	129	74	1	delong	unexpected	a	an	flower	animal	80	0	6.27	2.58	While Natasha was strolling through the colourful gardens she reached down and picked	up off the ground.	True	Was Natasha in the gardens? 	yes
1124.196	0.2	1124196	255	filler_word	129	74	1	delong	unexpected	a	an	flower	animal	80	0	6.27	2.58	While Natasha was strolling through the colourful gardens she reached down and picked	up off the ground.	True	Was Natasha in the gardens? 	yes
1124.682	0.2	1124682	255	filler_word	129	74	1	delong	unexpected	a	an	flower	animal	80	0	6.27	2.58	While Natasha was strolling through the colourful gardens she reached down and picked	up off the ground.	True	Was Natasha in the gardens? 	yes
1125.167	0.2	1125167	255	filler_word	129	74	1	delong	unexpected	a	an	flower	animal	80	0	6.27	2.58	While Natasha was strolling through the colourful gardens she reached down and picked	up off the ground.	True	Was Natasha in the gardens? 	yes
1125.652	0.2	1125652	255	filler_word	129	74	1	delong	unexpected	a	an	flower	animal	80	0	6.27	2.58	While Natasha was strolling through the colourful gardens she reached down and picked	up off the ground.	True	Was Natasha in the gardens? 	yes
1126.137	0.2	1126137	201	a_expected	129	74	1	delong	unexpected	a	an	flower	animal	80	0	6.27	2.58	While Natasha was strolling through the colourful gardens she reached down and picked	up off the ground.	True	Was Natasha in the gardens? 	yes
1126.187	0.0	1126187	95	cloze_marker	129	74	1	delong	unexpected	a	an	flower	animal	80	0	6.27	2.58	While Natasha was strolling through the colourful gardens she reached down and picked	up off the ground.	True	Was Natasha in the gardens? 	yes
1126.422	0.0	1126422	180	item_marker	130	80	1	delong	expected	a	an	tourist	alien	95	5	5.9	2.07	With his khaki shorts and his loud Hawaiian shirt and the camera around his neck you could definitely tell that the man was	in the country.	False	n/a	n/a
1126.622	0.2	1126622	205	noun_expected	130	80	1	delong	expected	a	an	tourist	alien	95	5	5.9	2.07	With his khaki shorts and his loud Hawaiian shirt and the camera around his neck you could definitely tell that the man was	in the country.	False	n/a	n/a
1126.672	0.0	1126672	97	cloze_marker	130	80	1	delong	expected	a	an	tourist	alien	95	5	5.9	2.07	With his khaki shorts and his loud Hawaiian shirt and the camera around his neck you could definitely tell that the man was	in the country.	False	n/a	n/a
1126.907	0.0	1126907	180	item_marker	131	80	1	delong	expected	a	an	tourist	alien	95	5	5.9	2.07	With his khaki shorts and his loud Hawaiian shirt and the camera around his neck you could definitely tell that the man was	in the country.	False	n/a	n/a
1127.107	0.2	1127107	255	filler_word	131	80	1	delong	expected	a	an	tourist	alien	95	5	5.9	2.07	With his khaki shorts and his loud Hawaiian shirt and the camera around his neck you could definitely tell that the man was	in the country.	False	n/a	n/a
1127.593	0.2	1127593	255	filler_word	131	80	1	delong	expected	a	an	tourist	alien	95	5	5.9	2.07	With his khaki shorts and his loud Hawaiian shirt and the camera around his neck you could definitely tell that the man was	in the country.	False	n/a	n/a
1128.078	0.2	1128078	207	final_expected	131	80	1	delong	expected	a	an	tourist	alien	95	5	5.9	2.07	With his khaki shorts and his loud Hawaiian shirt and the camera around his neck you could definitely tell that the man was	in the country.	False	n/a	n/a
1130.437	0.2	1130437	255	filler_word	131	80	1	delong	expected	a	an	tourist	alien	95	5	5.9	2.07	With his khaki shorts and his loud Hawaiian shirt and the camera around his neck you could definitely tell that the man was	in the country.	False	n/a	n/a
1130.922	0.2	1130922	255	filler_word	131	80	1	delong	expected	a	an	tourist	alien	95	5	5.9	2.07	With his khaki shorts and his loud Hawaiian shirt and the camera around his neck you could definitely tell that the man was	in the country.	False	n/a	n/a
1131.407	0.2	1131407	255	filler_word	131	80	1	delong	expected	a	an	tourist	alien	95	5	5.9	2.07	With his khaki shorts and his loud Hawaiian shirt and the camera around his neck you could definitely tell that the man was	in the country.	False	n/a	n/a
1131.892	0.2	1131892	255	filler_word	131	80	1	delong	expected	a	an	tourist	alien	95	5	5.9	2.07	With his khaki shorts and his loud Hawaiian shirt and the camera around his neck you could definitely tell that the man was	in the country.	False	n/a	n/a
1132.378	0.2	1132378	255	filler_word	131	80	1	delong	expected	a	an	tourist	alien	95	5	5.9	2.07	With his khaki shorts and his loud Hawaiian shirt and the camera around his neck you could definitely tell that the man was	in the country.	False	n/a	n/a
1132.863	0.2	1132863	255	filler_word	131	80	1	delong	expected	a	an	tourist	alien	95	5	5.9	2.07	With his khaki shorts and his loud Hawaiian shirt and the camera around his neck you could definitely tell that the man was	in the country.	False	n/a	n/a
1133.348	0.2	1133348	255	filler_word	131	80	1	delong	expected	a	an	tourist	alien	95	5	5.9	2.07	With his khaki shorts and his loud Hawaiian shirt and the camera around his neck you could definitely tell that the man was	in the country.	False	n/a	n/a
1133.833	0.2	1133833	255	filler_word	131	80	1	delong	expected	a	an	tourist	alien	95	5	5.9	2.07	With his khaki shorts and his loud Hawaiian shirt and the camera around his neck you could definitely tell that the man was	in the country.	False	n/a	n/a
1134.318	0.2	1134318	255	filler_word	131	80	1	delong	expected	a	an	tourist	alien	95	5	5.9	2.07	With his khaki shorts and his loud Hawaiian shirt and the camera around his neck you could definitely tell that the man was	in the country.	False	n/a	n/a
1134.803	0.2	1134803	255	filler_word	131	80	1	delong	expected	a	an	tourist	alien	95	5	5.9	2.07	With his khaki shorts and his loud Hawaiian shirt and the camera around his neck you could definitely tell that the man was	in the country.	False	n/a	n/a
1135.289	0.2	1135289	255	filler_word	131	80	1	delong	expected	a	an	tourist	alien	95	5	5.9	2.07	With his khaki shorts and his loud Hawaiian shirt and the camera around his neck you could definitely tell that the man was	in the country.	False	n/a	n/a
1135.774	0.2	1135774	255	filler_word	131	80	1	delong	expected	a	an	tourist	alien	95	5	5.9	2.07	With his khaki shorts and his loud Hawaiian shirt and the camera around his neck you could definitely tell that the man was	in the country.	False	n/a	n/a
1136.259	0.2	1136259	255	filler_word	131	80	1	delong	expected	a	an	tourist	alien	95	5	5.9	2.07	With his khaki shorts and his loud Hawaiian shirt and the camera around his neck you could definitely tell that the man was	in the country.	False	n/a	n/a
1136.744	0.2	1136744	255	filler_word	131	80	1	delong	expected	a	an	tourist	alien	95	5	5.9	2.07	With his khaki shorts and his loud Hawaiian shirt and the camera around his neck you could definitely tell that the man was	in the country.	False	n/a	n/a
1137.229	0.2	1137229	255	filler_word	131	80	1	delong	expected	a	an	tourist	alien	95	5	5.9	2.07	With his khaki shorts and his loud Hawaiian shirt and the camera around his neck you could definitely tell that the man was	in the country.	False	n/a	n/a
1137.715	0.2	1137715	201	a_expected	131	80	1	delong	expected	a	an	tourist	alien	95	5	5.9	2.07	With his khaki shorts and his loud Hawaiian shirt and the camera around his neck you could definitely tell that the man was	in the country.	False	n/a	n/a
1137.764	0.0	1137764	73	cloze_marker	131	80	1	delong	expected	a	an	tourist	alien	95	5	5.9	2.07	With his khaki shorts and his loud Hawaiian shirt and the camera around his neck you could definitely tell that the man was	in the country.	False	n/a	n/a
1137.999	0.0	1137999	172	item_marker	132	72	1	delong	expected	a	an	compliment	order	73	0	5.97	3.68	Marcy did not deal well with praise and had never really learned how to take	even from her friends.	False	n/a	n/a
1138.2	0.2	1138200	205	noun_expected	132	72	1	delong	expected	a	an	compliment	order	73	0	5.97	3.68	Marcy did not deal well with praise and had never really learned how to take	even from her friends.	False	n/a	n/a
1138.25	0.0	1138250	90	cloze_marker	132	72	1	delong	expected	a	an	compliment	order	73	0	5.97	3.68	Marcy did not deal well with praise and had never really learned how to take	even from her friends.	False	n/a	n/a
1138.484	0.0	1138484	172	item_marker	133	72	1	delong	expected	a	an	compliment	order	73	0	5.97	3.68	Marcy did not deal well with praise and had never really learned how to take	even from her friends.	False	n/a	n/a
1138.685	0.2	1138685	255	filler_word	133	72	1	delong	expected	a	an	compliment	order	73	0	5.97	3.68	Marcy did not deal well with praise and had never really learned how to take	even from her friends.	False	n/a	n/a
1139.17	0.2	1139170	255	filler_word	133	72	1	delong	expected	a	an	compliment	order	73	0	5.97	3.68	Marcy did not deal well with praise and had never really learned how to take	even from her friends.	False	n/a	n/a
1139.655	0.2	1139655	255	filler_word	133	72	1	delong	expected	a	an	compliment	order	73	0	5.97	3.68	Marcy did not deal well with praise and had never really learned how to take	even from her friends.	False	n/a	n/a
1140.14	0.2	1140140	207	final_expected	133	72	1	delong	expected	a	an	compliment	order	73	0	5.97	3.68	Marcy did not deal well with praise and had never really learned how to take	even from her friends.	False	n/a	n/a
1142.55	0.2	1142550	255	filler_word	133	72	1	delong	expected	a	an	compliment	order	73	0	5.97	3.68	Marcy did not deal well with praise and had never really learned how to take	even from her friends.	False	n/a	n/a
1143.035	0.2	1143035	255	filler_word	133	72	1	delong	expected	a	an	compliment	order	73	0	5.97	3.68	Marcy did not deal well with praise and had never really learned how to take	even from her friends.	False	n/a	n/a
1143.52	0.2	1143520	255	filler_word	133	72	1	delong	expected	a	an	compliment	order	73	0	5.97	3.68	Marcy did not deal well with praise and had never really learned how to take	even from her friends.	False	n/a	n/a
1144.005	0.2	1144005	255	filler_word	133	72	1	delong	expected	a	an	compliment	order	73	0	5.97	3.68	Marcy did not deal well with praise and had never really learned how to take	even from her friends.	False	n/a	n/a
1144.49	0.2	1144490	255	filler_word	133	72	1	delong	expected	a	an	compliment	order	73	0	5.97	3.68	Marcy did not deal well with praise and had never really learned how to take	even from her friends.	False	n/a	n/a
1144.976	0.2	1144976	255	filler_word	133	72	1	delong	expected	a	an	compliment	order	73	0	5.97	3.68	Marcy did not deal well with praise and had never really learned how to take	even from her friends.	False	n/a	n/a
1145.461	0.2	1145461	255	filler_word	133	72	1	delong	expected	a	an	compliment	order	73	0	5.97	3.68	Marcy did not deal well with praise and had never really learned how to take	even from her friends.	False	n/a	n/a
1145.946	0.2	1145946	255	filler_word	133	72	1	delong	expected	a	an	compliment	order	73	0	5.97	3.68	Marcy did not deal well with praise and had never really learned how to take	even from her friends.	False	n/a	n/a
1146.431	0.2	1146431	255	filler_word	133	72	1	delong	expected	a	an	compliment	order	73	0	5.97	3.68	Marcy did not deal well with praise and had never really learned how to take	even from her friends.	False	n/a	n/a
1146.916	0.2	1146916	255	filler_word	133	72	1	delong	expected	a	an	compliment	order	73	0	5.97	3.68	Marcy did not deal well with praise and had never really learned how to take	even from her friends.	False	n/a	n/a
1147.401	0.2	1147401	255	filler_word	133	72	1	delong	expected	a	an	compliment	order	73	0	5.97	3.68	Marcy did not deal well with praise and had never really learned how to take	even from her friends.	False	n/a	n/a
1147.887	0.2	1147887	255	filler_word	133	72	1	delong	expected	a	an	compliment	order	73	0	5.97	3.68	Marcy did not deal well with praise and had never really learned how to take	even from her friends.	False	n/a	n/a
1148.372	0.2	1148372	255	filler_word	133	72	1	delong	expected	a	an	compliment	order	73	0	5.97	3.68	Marcy did not deal well with praise and had never really learned how to take	even from her friends.	False	n/a	n/a
1148.857	0.2	1148857	255	filler_word	133	72	1	delong	expected	a	an	compliment	order	73	0	5.97	3.68	Marcy did not deal well with praise and had never really learned how to take	even from her friends.	False	n/a	n/a
1149.342	0.2	1149342	255	filler_word	133	72	1	delong	expected	a	an	compliment	order	73	0	5.97	3.68	Marcy did not deal well with praise and had never really learned how to take	even from her friends.	False	n/a	n/a
1149.827	0.2	1149827	255	filler_word	133	72	1	delong	expected	a	an	compliment	order	73	0	5.97	3.68	Marcy did not deal well with praise and had never really learned how to take	even from her friends.	False	n/a	n/a
1150.313	0.2	1150313	255	filler_word	133	72	1	delong	expected	a	an	compliment	order	73	0	5.97	3.68	Marcy did not deal well with praise and had never really learned how to take	even from her friends.	False	n/a	n/a
1150.798	0.2	1150798	255	filler_word	133	72	1	delong	expected	a	an	compliment	order	73	0	5.97	3.68	Marcy did not deal well with praise and had never really learned how to take	even from her friends.	False	n/a	n/a
1151.283	0.2	1151283	255	filler_word	133	72	1	delong	expected	a	an	compliment	order	73	0	5.97	3.68	Marcy did not deal well with praise and had never really learned how to take	even from her friends.	False	n/a	n/a
1151.768	0.2	1151768	255	filler_word	133	72	1	delong	expected	a	an	compliment	order	73	0	5.97	3.68	Marcy did not deal well with praise and had never really learned how to take	even from her friends.	False	n/a	n/a
1152.253	0.2	1152253	255	filler_word	133	72	1	delong	expected	a	an	compliment	order	73	0	5.97	3.68	Marcy did not deal well with praise and had never really learned how to take	even from her friends.	False	n/a	n/a
1152.738	0.2	1152738	255	filler_word	133	72	1	delong	expected	a	an	compliment	order	73	0	5.97	3.68	Marcy did not deal well with praise and had never really learned how to take	even from her friends.	False	n/a	n/a
1153.224	0.2	1153224	204	an_unexpected	133	72	1	delong	expected	a	an	compliment	order	73	0	5.97	3.68	Marcy did not deal well with praise and had never really learned how to take	even from her friends.	False	n/a	n/a
1153.274	0.0	1153274	200	cloze_marker	133	72	1	delong	expected	a	an	compliment	order	73	0	5.97	3.68	Marcy did not deal well with praise and had never really learned how to take	even from her friends.	False	n/a	n/a
1153.508	0.0	1153508	166	item_marker	134	66	1	delong	unexpected	a	an	ship	island	100	0	4.7	3.61	Sandra decided that she would work for a cruise line for a year before starting university although she had never been on	and did not know how to swim.	False	n/a	n/a
1153.709	0.2	1153709	206	noun_unexpected	134	66	1	delong	unexpected	a	an	ship	island	100	0	4.7	3.61	Sandra decided that she would work for a cruise line for a year before starting university although she had never been on	and did not know how to swim.	False	n/a	n/a
1153.759	0.0	1153759	7	cloze_marker	134	66	1	delong	unexpected	a	an	ship	island	100	0	4.7	3.61	Sandra decided that she would work for a cruise line for a year before starting university although she had never been on	and did not know how to swim.	False	n/a	n/a
1153.993	0.0	1153993	166	item_marker	135	66	1	delong	unexpected	a	an	ship	island	100	0	4.7	3.61	Sandra decided that she would work for a cruise line for a year before starting university although she had never been on	and did not know how to swim.	False	n/a	n/a
1154.194	0.2	1154194	255	filler_word	135	66	1	delong	unexpected	a	an	ship	island	100	0	4.7	3.61	Sandra decided that she would work for a cruise line for a year before starting university although she had never been on	and did not know how to swim.	False	n/a	n/a
1154.679	0.2	1154679	255	filler_word	135	66	1	delong	unexpected	a	an	ship	island	100	0	4.7	3.61	Sandra decided that she would work for a cruise line for a year before starting university although she had never been on	and did not know how to swim.	False	n/a	n/a
1155.164	0.2	1155164	255	filler_word	135	66	1	delong	unexpected	a	an	ship	island	100	0	4.7	3.61	Sandra decided that she would work for a cruise line for a year before starting university although she had never been on	and did not know how to swim.	False	n/a	n/a
1155.65	0.2	1155650	255	filler_word	135	66	1	delong	unexpected	a	an	ship	island	100	0	4.7	3.61	Sandra decided that she would work for a cruise line for a year before starting university although she had never been on	and did not know how to swim.	False	n/a	n/a
1156.135	0.2	1156135	255	filler_word	135	66	1	delong	unexpected	a	an	ship	island	100	0	4.7	3.61	Sandra decided that she would work for a cruise line for a year before starting university although she had never been on	and did not know how to swim.	False	n/a	n/a
1156.62	0.2	1156620	255	filler_word	135	66	1	delong	unexpected	a	an	ship	island	100	0	4.7	3.61	Sandra decided that she would work for a cruise line for a year before starting university although she had never been on	and did not know how to swim.	False	n/a	n/a
1157.105	0.2	1157105	208	final_unexpected	135	66	1	delong	unexpected	a	an	ship	island	100	0	4.7	3.61	Sandra decided that she would work for a cruise line for a year before starting university although she had never been on	and did not know how to swim.	False	n/a	n/a
1159.548	0.2	1159548	255	filler_word	135	66	1	delong	unexpected	a	an	ship	island	100	0	4.7	3.61	Sandra decided that she would work for a cruise line for a year before starting university although she had never been on	and did not know how to swim.	False	n/a	n/a
1160.033	0.2	1160033	255	filler_word	135	66	1	delong	unexpected	a	an	ship	island	100	0	4.7	3.61	Sandra decided that she would work for a cruise line for a year before starting university although she had never been on	and did not know how to swim.	False	n/a	n/a
1160.518	0.2	1160518	255	filler_word	135	66	1	delong	unexpected	a	an	ship	island	100	0	4.7	3.61	Sandra decided that she would work for a cruise line for a year before starting university although she had never been on	and did not know how to swim.	False	n/a	n/a
1161.003	0.2	1161003	255	filler_word	135	66	1	delong	unexpected	a	an	ship	island	100	0	4.7	3.61	Sandra decided that she would work for a cruise line for a year before starting university although she had never been on	and did not know how to swim.	False	n/a	n/a
1161.488	0.2	1161488	255	filler_word	135	66	1	delong	unexpected	a	an	ship	island	100	0	4.7	3.61	Sandra decided that she would work for a cruise line for a year before starting university although she had never been on	and did not know how to swim.	False	n/a	n/a
1161.974	0.2	1161974	255	filler_word	135	66	1	delong	unexpected	a	an	ship	island	100	0	4.7	3.61	Sandra decided that she would work for a cruise line for a year before starting university although she had never been on	and did not know how to swim.	False	n/a	n/a
1162.459	0.2	1162459	255	filler_word	135	66	1	delong	unexpected	a	an	ship	island	100	0	4.7	3.61	Sandra decided that she would work for a cruise line for a year before starting university although she had never been on	and did not know how to swim.	False	n/a	n/a
1162.944	0.2	1162944	255	filler_word	135	66	1	delong	unexpected	a	an	ship	island	100	0	4.7	3.61	Sandra decided that she would work for a cruise line for a year before starting university although she had never been on	and did not know how to swim.	False	n/a	n/a
1163.429	0.2	1163429	255	filler_word	135	66	1	delong	unexpected	a	an	ship	island	100	0	4.7	3.61	Sandra decided that she would work for a cruise line for a year before starting university although she had never been on	and did not know how to swim.	False	n/a	n/a
1163.914	0.2	1163914	255	filler_word	135	66	1	delong	unexpected	a	an	ship	island	100	0	4.7	3.61	Sandra decided that she would work for a cruise line for a year before starting university although she had never been on	and did not know how to swim.	False	n/a	n/a
1164.4	0.2	1164400	255	filler_word	135	66	1	delong	unexpected	a	an	ship	island	100	0	4.7	3.61	Sandra decided that she would work for a cruise line for a year before starting university although she had never been on	and did not know how to swim.	False	n/a	n/a
1164.885	0.2	1164885	255	filler_word	135	66	1	delong	unexpected	a	an	ship	island	100	0	4.7	3.61	Sandra decided that she would work for a cruise line for a year before starting university although she had never been on	and did not know how to swim.	False	n/a	n/a
1165.37	0.2	1165370	255	filler_word	135	66	1	delong	unexpected	a	an	ship	island	100	0	4.7	3.61	Sandra decided that she would work for a cruise line for a year before starting university although she had never been on	and did not know how to swim.	False	n/a	n/a
1165.855	0.2	1165855	255	filler_word	135	66	1	delong	unexpected	a	an	ship	island	100	0	4.7	3.61	Sandra decided that she would work for a cruise line for a year before starting university although she had never been on	and did not know how to swim.	False	n/a	n/a
1166.34	0.2	1166340	255	filler_word	135	66	1	delong	unexpected	a	an	ship	island	100	0	4.7	3.61	Sandra decided that she would work for a cruise line for a year before starting university although she had never been on	and did not know how to swim.	False	n/a	n/a
1166.825	0.2	1166825	255	filler_word	135	66	1	delong	unexpected	a	an	ship	island	100	0	4.7	3.61	Sandra decided that she would work for a cruise line for a year before starting university although she had never been on	and did not know how to swim.	False	n/a	n/a
1167.311	0.2	1167311	255	filler_word	135	66	1	delong	unexpected	a	an	ship	island	100	0	4.7	3.61	Sandra decided that she would work for a cruise line for a year before starting university although she had never been on	and did not know how to swim.	False	n/a	n/a
1167.796	0.2	1167796	255	filler_word	135	66	1	delong	unexpected	a	an	ship	island	100	0	4.7	3.61	Sandra decided that she would work for a cruise line for a year before starting university although she had never been on	and did not know how to swim.	False	n/a	n/a
1168.281	0.2	1168281	255	filler_word	135	66	1	delong	unexpected	a	an	ship	island	100	0	4.7	3.61	Sandra decided that she would work for a cruise line for a year before starting university although she had never been on	and did not know how to swim.	False	n/a	n/a
1168.766	0.2	1168766	255	filler_word	135	66	1	delong	unexpected	a	an	ship	island	100	0	4.7	3.61	Sandra decided that she would work for a cruise line for a year before starting university although she had never been on	and did not know how to swim.	False	n/a	n/a
1169.251	0.2	1169251	255	filler_word	135	66	1	delong	unexpected	a	an	ship	island	100	0	4.7	3.61	Sandra decided that she would work for a cruise line for a year before starting university although she had never been on	and did not know how to swim.	False	n/a	n/a
1169.737	0.2	1169737	255	filler_word	135	66	1	delong	unexpected	a	an	ship	island	100	0	4.7	3.61	Sandra decided that she would work for a cruise line for a year before starting university although she had never been on	and did not know how to swim.	False	n/a	n/a
1170.222	0.2	1170222	204	an_unexpected	135	66	1	delong	unexpected	a	an	ship	island	100	0	4.7	3.61	Sandra decided that she would work for a cruise line for a year before starting university although she had never been on	and did not know how to swim.	False	n/a	n/a
1170.272	0.0	1170272	16	cloze_marker	135	66	1	delong	unexpected	a	an	ship	island	100	0	4.7	3.61	Sandra decided that she would work for a cruise line for a year before starting university although she had never been on	and did not know how to swim.	False	n/a	n/a
1170.506	0.0	1170506	170	item_marker	136	70	1	delong	unexpected	a	an	mirage	ocean	68	16	6.1	3.97	As the men stumbled across the desert they thought they saw an oasis on the horizon but it turned out to be	so they continued walking.	True	Was there an oasis on the horizon?	no
1170.707	0.2	1170707	206	noun_unexpected	136	70	1	delong	unexpected	a	an	mirage	ocean	68	16	6.1	3.97	As the men stumbled across the desert they thought they saw an oasis on the horizon but it turned out to be	so they continued walking.	True	Was there an oasis on the horizon?	no
1170.757	0.0	1170757	3	cloze_marker	136	70	1	delong	unexpected	a	an	mirage	ocean	68	16	6.1	3.97	As the men stumbled across the desert they thought they saw an oasis on the horizon but it turned out to be	so they continued walking.	True	Was there an oasis on the horizon?	no
1170.991	0.0	1170991	170	item_marker	137	70	1	delong	unexpected	a	an	mirage	ocean	68	16	6.1	3.97	As the men stumbled across the desert they thought they saw an oasis on the horizon but it turned out to be	so they continued walking.	True	Was there an oasis on the horizon?	no
1171.192	0.2	1171192	255	filler_word	137	70	1	delong	unexpected	a	an	mirage	ocean	68	16	6.1	3.97	As the men stumbled across the desert they thought they saw an oasis on the horizon but it turned out to be	so they continued walking.	True	Was there an oasis on the horizon?	no
1171.677	0.2	1171677	255	filler_word	137	70	1	delong	unexpected	a	an	mirage	ocean	68	16	6.1	3.97	As the men stumbled across the desert they thought they saw an oasis on the horizon but it turned out to be	so they continued walking.	True	Was there an oasis on the horizon?	no
1172.162	0.2	1172162	255	filler_word	137	70	1	delong	unexpected	a	an	mirage	ocean	68	16	6.1	3.97	As the men stumbled across the desert they thought they saw an oasis on the horizon but it turned out to be	so they continued walking.	True	Was there an oasis on the horizon?	no
1172.648	0.2	1172648	208	final_unexpected	137	70	1	delong	unexpected	a	an	mirage	ocean	68	16	6.1	3.97	As the men stumbled across the desert they thought they saw an oasis on the horizon but it turned out to be	so they continued walking.	True	Was there an oasis on the horizon?	no
1181.331	0.2	1181331	255	filler_word	137	70	1	delong	unexpected	a	an	mirage	ocean	68	16	6.1	3.97	As the men stumbled across the desert they thought they saw an oasis on the horizon but it turned out to be	so they continued walking.	True	Was there an oasis on the horizon?	no
1181.816	0.2	1181816	255	filler_word	137	70	1	delong	unexpected	a	an	mirage	ocean	68	16	6.1	3.97	As the men stumbled across the desert they thought they saw an oasis on the horizon but it turned out to be	so they continued walking.	True	Was there an oasis on the horizon?	no
1182.301	0.2	1182301	255	filler_word	137	70	1	delong	unexpected	a	an	mirage	ocean	68	16	6.1	3.97	As the men stumbled across the desert they thought they saw an oasis on the horizon but it turned out to be	so they continued walking.	True	Was there an oasis on the horizon?	no
1182.786	0.2	1182786	255	filler_word	137	70	1	delong	unexpected	a	an	mirage	ocean	68	16	6.1	3.97	As the men stumbled across the desert they thought they saw an oasis on the horizon but it turned out to be	so they continued walking.	True	Was there an oasis on the horizon?	no
1183.271	0.2	1183271	255	filler_word	137	70	1	delong	unexpected	a	an	mirage	ocean	68	16	6.1	3.97	As the men stumbled across the desert they thought they saw an oasis on the horizon but it turned out to be	so they continued walking.	True	Was there an oasis on the horizon?	no
1183.757	0.2	1183757	255	filler_word	137	70	1	delong	unexpected	a	an	mirage	ocean	68	16	6.1	3.97	As the men stumbled across the desert they thought they saw an oasis on the horizon but it turned out to be	so they continued walking.	True	Was there an oasis on the horizon?	no
1184.242	0.2	1184242	255	filler_word	137	70	1	delong	unexpected	a	an	mirage	ocean	68	16	6.1	3.97	As the men stumbled across the desert they thought they saw an oasis on the horizon but it turned out to be	so they continued walking.	True	Was there an oasis on the horizon?	no
1184.727	0.2	1184727	255	filler_word	137	70	1	delong	unexpected	a	an	mirage	ocean	68	16	6.1	3.97	As the men stumbled across the desert they thought they saw an oasis on the horizon but it turned out to be	so they continued walking.	True	Was there an oasis on the horizon?	no
1185.212	0.2	1185212	255	filler_word	137	70	1	delong	unexpected	a	an	mirage	ocean	68	16	6.1	3.97	As the men stumbled across the desert they thought they saw an oasis on the horizon but it turned out to be	so they continued walking.	True	Was there an oasis on the horizon?	no
1185.697	0.2	1185697	255	filler_word	137	70	1	delong	unexpected	a	an	mirage	ocean	68	16	6.1	3.97	As the men stumbled across the desert they thought they saw an oasis on the horizon but it turned out to be	so they continued walking.	True	Was there an oasis on the horizon?	no
1186.183	0.2	1186183	255	filler_word	137	70	1	delong	unexpected	a	an	mirage	ocean	68	16	6.1	3.97	As the men stumbled across the desert they thought they saw an oasis on the horizon but it turned out to be	so they continued walking.	True	Was there an oasis on the horizon?	no
1186.668	0.2	1186668	255	filler_word	137	70	1	delong	unexpected	a	an	mirage	ocean	68	16	6.1	3.97	As the men stumbled across the desert they thought they saw an oasis on the horizon but it turned out to be	so they continued walking.	True	Was there an oasis on the horizon?	no
1187.153	0.2	1187153	255	filler_word	137	70	1	delong	unexpected	a	an	mirage	ocean	68	16	6.1	3.97	As the men stumbled across the desert they thought they saw an oasis on the horizon but it turned out to be	so they continued walking.	True	Was there an oasis on the horizon?	no
1187.638	0.2	1187638	255	filler_word	137	70	1	delong	unexpected	a	an	mirage	ocean	68	16	6.1	3.97	As the men stumbled across the desert they thought they saw an oasis on the horizon but it turned out to be	so they continued walking.	True	Was there an oasis on the horizon?	no
1188.123	0.2	1188123	255	filler_word	137	70	1	delong	unexpected	a	an	mirage	ocean	68	16	6.1	3.97	As the men stumbled across the desert they thought they saw an oasis on the horizon but it turned out to be	so they continued walking.	True	Was there an oasis on the horizon?	no
1188.608	0.2	1188608	255	filler_word	137	70	1	delong	unexpected	a	an	mirage	ocean	68	16	6.1	3.97	As the men stumbled across the desert they thought they saw an oasis on the horizon but it turned out to be	so they continued walking.	True	Was there an oasis on the horizon?	no
1189.094	0.2	1189094	255	filler_word	137	70	1	delong	unexpected	a	an	mirage	ocean	68	16	6.1	3.97	As the men stumbled across the desert they thought they saw an oasis on the horizon but it turned out to be	so they continued walking.	True	Was there an oasis on the horizon?	no
1189.579	0.2	1189579	255	filler_word	137	70	1	delong	unexpected	a	an	mirage	ocean	68	16	6.1	3.97	As the men stumbled across the desert they thought they saw an oasis on the horizon but it turned out to be	so they continued walking.	True	Was there an oasis on the horizon?	no
1190.064	0.2	1190064	255	filler_word	137	70	1	delong	unexpected	a	an	mirage	ocean	68	16	6.1	3.97	As the men stumbled across the desert they thought they saw an oasis on the horizon but it turned out to be	so they continued walking.	True	Was there an oasis on the horizon?	no
1190.549	0.2	1190549	255	filler_word	137	70	1	delong	unexpected	a	an	mirage	ocean	68	16	6.1	3.97	As the men stumbled across the desert they thought they saw an oasis on the horizon but it turned out to be	so they continued walking.	True	Was there an oasis on the horizon?	no
1191.034	0.2	1191034	255	filler_word	137	70	1	delong	unexpected	a	an	mirage	ocean	68	16	6.1	3.97	As the men stumbled across the desert they thought they saw an oasis on the horizon but it turned out to be	so they continued walking.	True	Was there an oasis on the horizon?	no
1191.52	0.2	1191520	255	filler_word	137	70	1	delong	unexpected	a	an	mirage	ocean	68	16	6.1	3.97	As the men stumbled across the desert they thought they saw an oasis on the horizon but it turned out to be	so they continued walking.	True	Was there an oasis on the horizon?	no
1192.005	0.2	1192005	255	filler_word	137	70	1	delong	unexpected	a	an	mirage	ocean	68	16	6.1	3.97	As the men stumbled across the desert they thought they saw an oasis on the horizon but it turned out to be	so they continued walking.	True	Was there an oasis on the horizon?	no
1192.49	0.2	1192490	255	filler_word	137	70	1	delong	unexpected	a	an	mirage	ocean	68	16	6.1	3.97	As the men stumbled across the desert they thought they saw an oasis on the horizon but it turned out to be	so they continued walking.	True	Was there an oasis on the horizon?	no
1192.975	0.2	1192975	203	a_unexpected	137	70	1	delong	unexpected	a	an	mirage	ocean	68	16	6.1	3.97	As the men stumbled across the desert they thought they saw an oasis on the horizon but it turned out to be	so they continued walking.	True	Was there an oasis on the horizon?	no
1193.025	0.0	1193025	5	cloze_marker	137	70	1	delong	unexpected	a	an	mirage	ocean	68	16	6.1	3.97	As the men stumbled across the desert they thought they saw an oasis on the horizon but it turned out to be	so they continued walking.	True	Was there an oasis on the horizon?	no
1193.259	0.0	1193259	169	item_marker	138	69	1	delong	unexpected	an	a	ocean	mirage	73	5	5.77	2.7	The first time Timmy saw the Pacific he thought it was a lake but his brother laughed and explained to him that it was	and he should be careful of the waves.	False	n/a	n/a
1193.46	0.2	1193460	206	noun_unexpected	138	69	1	delong	unexpected	an	a	ocean	mirage	73	5	5.77	2.7	The first time Timmy saw the Pacific he thought it was a lake but his brother laughed and explained to him that it was	and he should be careful of the waves.	False	n/a	n/a
1193.51	0.0	1193510	200	cloze_marker	138	69	1	delong	unexpected	an	a	ocean	mirage	73	5	5.77	2.7	The first time Timmy saw the Pacific he thought it was a lake but his brother laughed and explained to him that it was	and he should be careful of the waves.	False	n/a	n/a
1193.745	0.0	1193745	169	item_marker	139	69	1	delong	unexpected	an	a	ocean	mirage	73	5	5.77	2.7	The first time Timmy saw the Pacific he thought it was a lake but his brother laughed and explained to him that it was	and he should be careful of the waves.	False	n/a	n/a
1193.945	0.2	1193945	255	filler_word	139	69	1	delong	unexpected	an	a	ocean	mirage	73	5	5.77	2.7	The first time Timmy saw the Pacific he thought it was a lake but his brother laughed and explained to him that it was	and he should be careful of the waves.	False	n/a	n/a
1194.431	0.2	1194431	255	filler_word	139	69	1	delong	unexpected	an	a	ocean	mirage	73	5	5.77	2.7	The first time Timmy saw the Pacific he thought it was a lake but his brother laughed and explained to him that it was	and he should be careful of the waves.	False	n/a	n/a
1194.916	0.2	1194916	255	filler_word	139	69	1	delong	unexpected	an	a	ocean	mirage	73	5	5.77	2.7	The first time Timmy saw the Pacific he thought it was a lake but his brother laughed and explained to him that it was	and he should be careful of the waves.	False	n/a	n/a
1195.401	0.2	1195401	255	filler_word	139	69	1	delong	unexpected	an	a	ocean	mirage	73	5	5.77	2.7	The first time Timmy saw the Pacific he thought it was a lake but his brother laughed and explained to him that it was	and he should be careful of the waves.	False	n/a	n/a
1195.886	0.2	1195886	255	filler_word	139	69	1	delong	unexpected	an	a	ocean	mirage	73	5	5.77	2.7	The first time Timmy saw the Pacific he thought it was a lake but his brother laughed and explained to him that it was	and he should be careful of the waves.	False	n/a	n/a
1196.371	0.2	1196371	255	filler_word	139	69	1	delong	unexpected	an	a	ocean	mirage	73	5	5.77	2.7	The first time Timmy saw the Pacific he thought it was a lake but his brother laughed and explained to him that it was	and he should be careful of the waves.	False	n/a	n/a
1196.857	0.2	1196857	255	filler_word	139	69	1	delong	unexpected	an	a	ocean	mirage	73	5	5.77	2.7	The first time Timmy saw the Pacific he thought it was a lake but his brother laughed and explained to him that it was	and he should be careful of the waves.	False	n/a	n/a
1197.342	0.2	1197342	208	final_unexpected	139	69	1	delong	unexpected	an	a	ocean	mirage	73	5	5.77	2.7	The first time Timmy saw the Pacific he thought it was a lake but his brother laughed and explained to him that it was	and he should be careful of the waves.	False	n/a	n/a
1199.634	0.2	1199634	255	filler_word	139	69	1	delong	unexpected	an	a	ocean	mirage	73	5	5.77	2.7	The first time Timmy saw the Pacific he thought it was a lake but his brother laughed and explained to him that it was	and he should be careful of the waves.	False	n/a	n/a
1200.119	0.2	1200119	255	filler_word	139	69	1	delong	unexpected	an	a	ocean	mirage	73	5	5.77	2.7	The first time Timmy saw the Pacific he thought it was a lake but his brother laughed and explained to him that it was	and he should be careful of the waves.	False	n/a	n/a
1200.604	0.2	1200604	255	filler_word	139	69	1	delong	unexpected	an	a	ocean	mirage	73	5	5.77	2.7	The first time Timmy saw the Pacific he thought it was a lake but his brother laughed and explained to him that it was	and he should be careful of the waves.	False	n/a	n/a
1201.089	0.2	1201089	255	filler_word	139	69	1	delong	unexpected	an	a	ocean	mirage	73	5	5.77	2.7	The first time Timmy saw the Pacific he thought it was a lake but his brother laughed and explained to him that it was	and he should be careful of the waves.	False	n/a	n/a
1201.575	0.2	1201575	255	filler_word	139	69	1	delong	unexpected	an	a	ocean	mirage	73	5	5.77	2.7	The first time Timmy saw the Pacific he thought it was a lake but his brother laughed and explained to him that it was	and he should be careful of the waves.	False	n/a	n/a
1202.06	0.2	1202060	255	filler_word	139	69	1	delong	unexpected	an	a	ocean	mirage	73	5	5.77	2.7	The first time Timmy saw the Pacific he thought it was a lake but his brother laughed and explained to him that it was	and he should be careful of the waves.	False	n/a	n/a
1202.545	0.2	1202545	255	filler_word	139	69	1	delong	unexpected	an	a	ocean	mirage	73	5	5.77	2.7	The first time Timmy saw the Pacific he thought it was a lake but his brother laughed and explained to him that it was	and he should be careful of the waves.	False	n/a	n/a
1203.03	0.2	1203030	255	filler_word	139	69	1	delong	unexpected	an	a	ocean	mirage	73	5	5.77	2.7	The first time Timmy saw the Pacific he thought it was a lake but his brother laughed and explained to him that it was	and he should be careful of the waves.	False	n/a	n/a
1203.515	0.2	1203515	255	filler_word	139	69	1	delong	unexpected	an	a	ocean	mirage	73	5	5.77	2.7	The first time Timmy saw the Pacific he thought it was a lake but his brother laughed and explained to him that it was	and he should be careful of the waves.	False	n/a	n/a
1204.0	0.2	1204000	255	filler_word	139	69	1	delong	unexpected	an	a	ocean	mirage	73	5	5.77	2.7	The first time Timmy saw the Pacific he thought it was a lake but his brother laughed and explained to him that it was	and he should be careful of the waves.	False	n/a	n/a
1204.486	0.2	1204486	255	filler_word	139	69	1	delong	unexpected	an	a	ocean	mirage	73	5	5.77	2.7	The first time Timmy saw the Pacific he thought it was a lake but his brother laughed and explained to him that it was	and he should be careful of the waves.	False	n/a	n/a
1204.971	0.2	1204971	255	filler_word	139	69	1	delong	unexpected	an	a	ocean	mirage	73	5	5.77	2.7	The first time Timmy saw the Pacific he thought it was a lake but his brother laughed and explained to him that it was	and he should be careful of the waves.	False	n/a	n/a
1205.456	0.2	1205456	255	filler_word	139	69	1	delong	unexpected	an	a	ocean	mirage	73	5	5.77	2.7	The first time Timmy saw the Pacific he thought it was a lake but his brother laughed and explained to him that it was	and he should be careful of the waves.	False	n/a	n/a
1205.941	0.2	1205941	255	filler_word	139	69	1	delong	unexpected	an	a	ocean	mirage	73	5	5.77	2.7	The first time Timmy saw the Pacific he thought it was a lake but his brother laughed and explained to him that it was	and he should be careful of the waves.	False	n/a	n/a
1206.426	0.2	1206426	203	a_unexpected	139	69	1	delong	unexpected	an	a	ocean	mirage	73	5	5.77	2.7	The first time Timmy saw the Pacific he thought it was a lake but his brother laughed and explained to him that it was	and he should be careful of the waves.	False	n/a	n/a
1206.476	0.0	1206476	18	cloze_marker	139	69	1	delong	unexpected	an	a	ocean	mirage	73	5	5.77	2.7	The first time Timmy saw the Pacific he thought it was a lake but his brother laughed and explained to him that it was	and he should be careful of the waves.	False	n/a	n/a
1206.711	0.0	1206711	173	item_marker	140	73	1	delong	unexpected	an	a	animal	flower	77	18	4.67	5.84	Carly wasn't sure if the Venus flytrap was classified as a plant or as	but it seemed to have characteristics of both.	False	n/a	n/a
1206.912	0.2	1206912	206	noun_unexpected	140	73	1	delong	unexpected	an	a	animal	flower	77	18	4.67	5.84	Carly wasn't sure if the Venus flytrap was classified as a plant or as	but it seemed to have characteristics of both.	False	n/a	n/a
1206.961	0.0	1206961	7	cloze_marker	140	73	1	delong	unexpected	an	a	animal	flower	77	18	4.67	5.84	Carly wasn't sure if the Venus flytrap was classified as a plant or as	but it seemed to have characteristics of both.	False	n/a	n/a
1207.196	0.0	1207196	173	item_marker	141	73	1	delong	unexpected	an	a	animal	flower	77	18	4.67	5.84	Carly wasn't sure if the Venus flytrap was classified as a plant or as	but it seemed to have characteristics of both.	False	n/a	n/a
1207.397	0.2	1207397	255	filler_word	141	73	1	delong	unexpected	an	a	animal	flower	77	18	4.67	5.84	Carly wasn't sure if the Venus flytrap was classified as a plant or as	but it seemed to have characteristics of both.	False	n/a	n/a
1207.882	0.2	1207882	255	filler_word	141	73	1	delong	unexpected	an	a	animal	flower	77	18	4.67	5.84	Carly wasn't sure if the Venus flytrap was classified as a plant or as	but it seemed to have characteristics of both.	False	n/a	n/a
1208.367	0.2	1208367	255	filler_word	141	73	1	delong	unexpected	an	a	animal	flower	77	18	4.67	5.84	Carly wasn't sure if the Venus flytrap was classified as a plant or as	but it seemed to have characteristics of both.	False	n/a	n/a
1208.852	0.2	1208852	255	filler_word	141	73	1	delong	unexpected	an	a	animal	flower	77	18	4.67	5.84	Carly wasn't sure if the Venus flytrap was classified as a plant or as	but it seemed to have characteristics of both.	False	n/a	n/a
1209.337	0.2	1209337	255	filler_word	141	73	1	delong	unexpected	an	a	animal	flower	77	18	4.67	5.84	Carly wasn't sure if the Venus flytrap was classified as a plant or as	but it seemed to have characteristics of both.	False	n/a	n/a
1209.823	0.2	1209823	255	filler_word	141	73	1	delong	unexpected	an	a	animal	flower	77	18	4.67	5.84	Carly wasn't sure if the Venus flytrap was classified as a plant or as	but it seemed to have characteristics of both.	False	n/a	n/a
1210.308	0.2	1210308	255	filler_word	141	73	1	delong	unexpected	an	a	animal	flower	77	18	4.67	5.84	Carly wasn't sure if the Venus flytrap was classified as a plant or as	but it seemed to have characteristics of both.	False	n/a	n/a
1210.793	0.2	1210793	208	final_unexpected	141	73	1	delong	unexpected	an	a	animal	flower	77	18	4.67	5.84	Carly wasn't sure if the Venus flytrap was classified as a plant or as	but it seemed to have characteristics of both.	False	n/a	n/a
1212.784	0.2	1212784	255	filler_word	141	73	1	delong	unexpected	an	a	animal	flower	77	18	4.67	5.84	Carly wasn't sure if the Venus flytrap was classified as a plant or as	but it seemed to have characteristics of both.	False	n/a	n/a
1213.269	0.2	1213269	255	filler_word	141	73	1	delong	unexpected	an	a	animal	flower	77	18	4.67	5.84	Carly wasn't sure if the Venus flytrap was classified as a plant or as	but it seemed to have characteristics of both.	False	n/a	n/a
1213.754	0.2	1213754	255	filler_word	141	73	1	delong	unexpected	an	a	animal	flower	77	18	4.67	5.84	Carly wasn't sure if the Venus flytrap was classified as a plant or as	but it seemed to have characteristics of both.	False	n/a	n/a
1214.239	0.2	1214239	255	filler_word	141	73	1	delong	unexpected	an	a	animal	flower	77	18	4.67	5.84	Carly wasn't sure if the Venus flytrap was classified as a plant or as	but it seemed to have characteristics of both.	False	n/a	n/a
1214.725	0.2	1214725	255	filler_word	141	73	1	delong	unexpected	an	a	animal	flower	77	18	4.67	5.84	Carly wasn't sure if the Venus flytrap was classified as a plant or as	but it seemed to have characteristics of both.	False	n/a	n/a
1215.21	0.2	1215210	255	filler_word	141	73	1	delong	unexpected	an	a	animal	flower	77	18	4.67	5.84	Carly wasn't sure if the Venus flytrap was classified as a plant or as	but it seemed to have characteristics of both.	False	n/a	n/a
1215.695	0.2	1215695	255	filler_word	141	73	1	delong	unexpected	an	a	animal	flower	77	18	4.67	5.84	Carly wasn't sure if the Venus flytrap was classified as a plant or as	but it seemed to have characteristics of both.	False	n/a	n/a
1216.18	0.2	1216180	255	filler_word	141	73	1	delong	unexpected	an	a	animal	flower	77	18	4.67	5.84	Carly wasn't sure if the Venus flytrap was classified as a plant or as	but it seemed to have characteristics of both.	False	n/a	n/a
1216.665	0.2	1216665	255	filler_word	141	73	1	delong	unexpected	an	a	animal	flower	77	18	4.67	5.84	Carly wasn't sure if the Venus flytrap was classified as a plant or as	but it seemed to have characteristics of both.	False	n/a	n/a
1217.151	0.2	1217151	255	filler_word	141	73	1	delong	unexpected	an	a	animal	flower	77	18	4.67	5.84	Carly wasn't sure if the Venus flytrap was classified as a plant or as	but it seemed to have characteristics of both.	False	n/a	n/a
1217.636	0.2	1217636	255	filler_word	141	73	1	delong	unexpected	an	a	animal	flower	77	18	4.67	5.84	Carly wasn't sure if the Venus flytrap was classified as a plant or as	but it seemed to have characteristics of both.	False	n/a	n/a
1218.121	0.2	1218121	255	filler_word	141	73	1	delong	unexpected	an	a	animal	flower	77	18	4.67	5.84	Carly wasn't sure if the Venus flytrap was classified as a plant or as	but it seemed to have characteristics of both.	False	n/a	n/a
1218.606	0.2	1218606	255	filler_word	141	73	1	delong	unexpected	an	a	animal	flower	77	18	4.67	5.84	Carly wasn't sure if the Venus flytrap was classified as a plant or as	but it seemed to have characteristics of both.	False	n/a	n/a
1219.091	0.2	1219091	255	filler_word	141	73	1	delong	unexpected	an	a	animal	flower	77	18	4.67	5.84	Carly wasn't sure if the Venus flytrap was classified as a plant or as	but it seemed to have characteristics of both.	False	n/a	n/a
1219.576	0.2	1219576	255	filler_word	141	73	1	delong	unexpected	an	a	animal	flower	77	18	4.67	5.84	Carly wasn't sure if the Venus flytrap was classified as a plant or as	but it seemed to have characteristics of both.	False	n/a	n/a
1220.062	0.2	1220062	204	an_unexpected	141	73	1	delong	unexpected	an	a	animal	flower	77	18	4.67	5.84	Carly wasn't sure if the Venus flytrap was classified as a plant or as	but it seemed to have characteristics of both.	False	n/a	n/a
1220.112	0.0	1220112	200	cloze_marker	141	73	1	delong	unexpected	an	a	animal	flower	77	18	4.67	5.84	Carly wasn't sure if the Venus flytrap was classified as a plant or as	but it seemed to have characteristics of both.	False	n/a	n/a
1220.346	0.0	1220346	178	item_marker	142	78	1	delong	unexpected	a	an	window	egg	75	0	6.13	2.52	Because they were playing baseball so close to the house the children ended up shattering	and destroying a nest that some birds had built on the sill.	False	n/a	n/a
1220.547	0.2	1220547	206	noun_unexpected	142	78	1	delong	unexpected	a	an	window	egg	75	0	6.13	2.52	Because they were playing baseball so close to the house the children ended up shattering	and destroying a nest that some birds had built on the sill.	False	n/a	n/a
1220.597	0.0	1220597	83	cloze_marker	142	78	1	delong	unexpected	a	an	window	egg	75	0	6.13	2.52	Because they were playing baseball so close to the house the children ended up shattering	and destroying a nest that some birds had built on the sill.	False	n/a	n/a
1220.831	0.0	1220831	178	item_marker	143	78	1	delong	unexpected	a	an	window	egg	75	0	6.13	2.52	Because they were playing baseball so close to the house the children ended up shattering	and destroying a nest that some birds had built on the sill.	False	n/a	n/a
1221.032	0.2	1221032	255	filler_word	143	78	1	delong	unexpected	a	an	window	egg	75	0	6.13	2.52	Because they were playing baseball so close to the house the children ended up shattering	and destroying a nest that some birds had built on the sill.	False	n/a	n/a
1221.517	0.2	1221517	255	filler_word	143	78	1	delong	unexpected	a	an	window	egg	75	0	6.13	2.52	Because they were playing baseball so close to the house the children ended up shattering	and destroying a nest that some birds had built on the sill.	False	n/a	n/a
1222.002	0.2	1222002	255	filler_word	143	78	1	delong	unexpected	a	an	window	egg	75	0	6.13	2.52	Because they were playing baseball so close to the house the children ended up shattering	and destroying a nest that some birds had built on the sill.	False	n/a	n/a
1222.488	0.2	1222488	255	filler_word	143	78	1	delong	unexpected	a	an	window	egg	75	0	6.13	2.52	Because they were playing baseball so close to the house the children ended up shattering	and destroying a nest that some birds had built on the sill.	False	n/a	n/a
1222.973	0.2	1222973	255	filler_word	143	78	1	delong	unexpected	a	an	window	egg	75	0	6.13	2.52	Because they were playing baseball so close to the house the children ended up shattering	and destroying a nest that some birds had built on the sill.	False	n/a	n/a
1223.458	0.2	1223458	255	filler_word	143	78	1	delong	unexpected	a	an	window	egg	75	0	6.13	2.52	Because they were playing baseball so close to the house the children ended up shattering	and destroying a nest that some birds had built on the sill.	False	n/a	n/a
1223.943	0.2	1223943	255	filler_word	143	78	1	delong	unexpected	a	an	window	egg	75	0	6.13	2.52	Because they were playing baseball so close to the house the children ended up shattering	and destroying a nest that some birds had built on the sill.	False	n/a	n/a
1224.428	0.2	1224428	255	filler_word	143	78	1	delong	unexpected	a	an	window	egg	75	0	6.13	2.52	Because they were playing baseball so close to the house the children ended up shattering	and destroying a nest that some birds had built on the sill.	False	n/a	n/a
1224.913	0.2	1224913	255	filler_word	143	78	1	delong	unexpected	a	an	window	egg	75	0	6.13	2.52	Because they were playing baseball so close to the house the children ended up shattering	and destroying a nest that some birds had built on the sill.	False	n/a	n/a
1225.399	0.2	1225399	255	filler_word	143	78	1	delong	unexpected	a	an	window	egg	75	0	6.13	2.52	Because they were playing baseball so close to the house the children ended up shattering	and destroying a nest that some birds had built on the sill.	False	n/a	n/a
1225.884	0.2	1225884	255	filler_word	143	78	1	delong	unexpected	a	an	window	egg	75	0	6.13	2.52	Because they were playing baseball so close to the house the children ended up shattering	and destroying a nest that some birds had built on the sill.	False	n/a	n/a
1226.369	0.2	1226369	208	final_unexpected	143	78	1	delong	unexpected	a	an	window	egg	75	0	6.13	2.52	Because they were playing baseball so close to the house the children ended up shattering	and destroying a nest that some birds had built on the sill.	False	n/a	n/a
1228.929	0.2	1228929	255	filler_word	143	78	1	delong	unexpected	a	an	window	egg	75	0	6.13	2.52	Because they were playing baseball so close to the house the children ended up shattering	and destroying a nest that some birds had built on the sill.	False	n/a	n/a
1229.414	0.2	1229414	255	filler_word	143	78	1	delong	unexpected	a	an	window	egg	75	0	6.13	2.52	Because they were playing baseball so close to the house the children ended up shattering	and destroying a nest that some birds had built on the sill.	False	n/a	n/a
1229.899	0.2	1229899	255	filler_word	143	78	1	delong	unexpected	a	an	window	egg	75	0	6.13	2.52	Because they were playing baseball so close to the house the children ended up shattering	and destroying a nest that some birds had built on the sill.	False	n/a	n/a
1230.384	0.2	1230384	255	filler_word	143	78	1	delong	unexpected	a	an	window	egg	75	0	6.13	2.52	Because they were playing baseball so close to the house the children ended up shattering	and destroying a nest that some birds had built on the sill.	False	n/a	n/a
1230.869	0.2	1230869	255	filler_word	143	78	1	delong	unexpected	a	an	window	egg	75	0	6.13	2.52	Because they were playing baseball so close to the house the children ended up shattering	and destroying a nest that some birds had built on the sill.	False	n/a	n/a
1231.355	0.2	1231355	255	filler_word	143	78	1	delong	unexpected	a	an	window	egg	75	0	6.13	2.52	Because they were playing baseball so close to the house the children ended up shattering	and destroying a nest that some birds had built on the sill.	False	n/a	n/a
1231.84	0.2	1231840	255	filler_word	143	78	1	delong	unexpected	a	an	window	egg	75	0	6.13	2.52	Because they were playing baseball so close to the house the children ended up shattering	and destroying a nest that some birds had built on the sill.	False	n/a	n/a
1232.325	0.2	1232325	255	filler_word	143	78	1	delong	unexpected	a	an	window	egg	75	0	6.13	2.52	Because they were playing baseball so close to the house the children ended up shattering	and destroying a nest that some birds had built on the sill.	False	n/a	n/a
1232.81	0.2	1232810	255	filler_word	143	78	1	delong	unexpected	a	an	window	egg	75	0	6.13	2.52	Because they were playing baseball so close to the house the children ended up shattering	and destroying a nest that some birds had built on the sill.	False	n/a	n/a
1233.295	0.2	1233295	255	filler_word	143	78	1	delong	unexpected	a	an	window	egg	75	0	6.13	2.52	Because they were playing baseball so close to the house the children ended up shattering	and destroying a nest that some birds had built on the sill.	False	n/a	n/a
1233.781	0.2	1233781	255	filler_word	143	78	1	delong	unexpected	a	an	window	egg	75	0	6.13	2.52	Because they were playing baseball so close to the house the children ended up shattering	and destroying a nest that some birds had built on the sill.	False	n/a	n/a
1234.266	0.2	1234266	255	filler_word	143	78	1	delong	unexpected	a	an	window	egg	75	0	6.13	2.52	Because they were playing baseball so close to the house the children ended up shattering	and destroying a nest that some birds had built on the sill.	False	n/a	n/a
1234.751	0.2	1234751	255	filler_word	143	78	1	delong	unexpected	a	an	window	egg	75	0	6.13	2.52	Because they were playing baseball so close to the house the children ended up shattering	and destroying a nest that some birds had built on the sill.	False	n/a	n/a
1235.236	0.2	1235236	255	filler_word	143	78	1	delong	unexpected	a	an	window	egg	75	0	6.13	2.52	Because they were playing baseball so close to the house the children ended up shattering	and destroying a nest that some birds had built on the sill.	False	n/a	n/a
1235.721	0.2	1235721	255	filler_word	143	78	1	delong	unexpected	a	an	window	egg	75	0	6.13	2.52	Because they were playing baseball so close to the house the children ended up shattering	and destroying a nest that some birds had built on the sill.	False	n/a	n/a
1236.206	0.2	1236206	203	a_unexpected	143	78	1	delong	unexpected	a	an	window	egg	75	0	6.13	2.52	Because they were playing baseball so close to the house the children ended up shattering	and destroying a nest that some birds had built on the sill.	False	n/a	n/a
1236.256	0.0	1236256	18	cloze_marker	143	78	1	delong	unexpected	a	an	window	egg	75	0	6.13	2.52	Because they were playing baseball so close to the house the children ended up shattering	and destroying a nest that some birds had built on the sill.	False	n/a	n/a
1236.491	0.0	1236491	161	item_marker	144	61	1	delong	unexpected	an	a	offense	coach	70	18	5.32	3.33	Although the basketball team's defence was very strong they did not have so much of	since the middle of the season.	False	n/a	n/a
1236.692	0.2	1236692	206	noun_unexpected	144	61	1	delong	unexpected	an	a	offense	coach	70	18	5.32	3.33	Although the basketball team's defence was very strong they did not have so much of	since the middle of the season.	False	n/a	n/a
1236.742	0.0	1236742	200	cloze_marker	144	61	1	delong	unexpected	an	a	offense	coach	70	18	5.32	3.33	Although the basketball team's defence was very strong they did not have so much of	since the middle of the season.	False	n/a	n/a
1236.976	0.0	1236976	161	item_marker	145	61	1	delong	unexpected	an	a	offense	coach	70	18	5.32	3.33	Although the basketball team's defence was very strong they did not have so much of	since the middle of the season.	False	n/a	n/a
1237.177	0.2	1237177	255	filler_word	145	61	1	delong	unexpected	an	a	offense	coach	70	18	5.32	3.33	Although the basketball team's defence was very strong they did not have so much of	since the middle of the season.	False	n/a	n/a
1237.662	0.2	1237662	255	filler_word	145	61	1	delong	unexpected	an	a	offense	coach	70	18	5.32	3.33	Although the basketball team's defence was very strong they did not have so much of	since the middle of the season.	False	n/a	n/a
1238.147	0.2	1238147	255	filler_word	145	61	1	delong	unexpected	an	a	offense	coach	70	18	5.32	3.33	Although the basketball team's defence was very strong they did not have so much of	since the middle of the season.	False	n/a	n/a
1238.632	0.2	1238632	255	filler_word	145	61	1	delong	unexpected	an	a	offense	coach	70	18	5.32	3.33	Although the basketball team's defence was very strong they did not have so much of	since the middle of the season.	False	n/a	n/a
1239.118	0.2	1239118	255	filler_word	145	61	1	delong	unexpected	an	a	offense	coach	70	18	5.32	3.33	Although the basketball team's defence was very strong they did not have so much of	since the middle of the season.	False	n/a	n/a
1239.603	0.2	1239603	208	final_unexpected	145	61	1	delong	unexpected	an	a	offense	coach	70	18	5.32	3.33	Although the basketball team's defence was very strong they did not have so much of	since the middle of the season.	False	n/a	n/a
1241.694	0.2	1241694	255	filler_word	145	61	1	delong	unexpected	an	a	offense	coach	70	18	5.32	3.33	Although the basketball team's defence was very strong they did not have so much of	since the middle of the season.	False	n/a	n/a
1242.179	0.2	1242179	255	filler_word	145	61	1	delong	unexpected	an	a	offense	coach	70	18	5.32	3.33	Although the basketball team's defence was very strong they did not have so much of	since the middle of the season.	False	n/a	n/a
1242.664	0.2	1242664	255	filler_word	145	61	1	delong	unexpected	an	a	offense	coach	70	18	5.32	3.33	Although the basketball team's defence was very strong they did not have so much of	since the middle of the season.	False	n/a	n/a
1243.15	0.2	1243150	255	filler_word	145	61	1	delong	unexpected	an	a	offense	coach	70	18	5.32	3.33	Although the basketball team's defence was very strong they did not have so much of	since the middle of the season.	False	n/a	n/a
1243.635	0.2	1243635	255	filler_word	145	61	1	delong	unexpected	an	a	offense	coach	70	18	5.32	3.33	Although the basketball team's defence was very strong they did not have so much of	since the middle of the season.	False	n/a	n/a
1244.12	0.2	1244120	255	filler_word	145	61	1	delong	unexpected	an	a	offense	coach	70	18	5.32	3.33	Although the basketball team's defence was very strong they did not have so much of	since the middle of the season.	False	n/a	n/a
1244.605	0.2	1244605	255	filler_word	145	61	1	delong	unexpected	an	a	offense	coach	70	18	5.32	3.33	Although the basketball team's defence was very strong they did not have so much of	since the middle of the season.	False	n/a	n/a
1245.09	0.2	1245090	255	filler_word	145	61	1	delong	unexpected	an	a	offense	coach	70	18	5.32	3.33	Although the basketball team's defence was very strong they did not have so much of	since the middle of the season.	False	n/a	n/a
1245.575	0.2	1245575	255	filler_word	145	61	1	delong	unexpected	an	a	offense	coach	70	18	5.32	3.33	Although the basketball team's defence was very strong they did not have so much of	since the middle of the season.	False	n/a	n/a
1246.061	0.2	1246061	255	filler_word	145	61	1	delong	unexpected	an	a	offense	coach	70	18	5.32	3.33	Although the basketball team's defence was very strong they did not have so much of	since the middle of the season.	False	n/a	n/a
1246.546	0.2	1246546	255	filler_word	145	61	1	delong	unexpected	an	a	offense	coach	70	18	5.32	3.33	Although the basketball team's defence was very strong they did not have so much of	since the middle of the season.	False	n/a	n/a
1247.031	0.2	1247031	255	filler_word	145	61	1	delong	unexpected	an	a	offense	coach	70	18	5.32	3.33	Although the basketball team's defence was very strong they did not have so much of	since the middle of the season.	False	n/a	n/a
1247.516	0.2	1247516	255	filler_word	145	61	1	delong	unexpected	an	a	offense	coach	70	18	5.32	3.33	Although the basketball team's defence was very strong they did not have so much of	since the middle of the season.	False	n/a	n/a
1248.001	0.2	1248001	204	an_unexpected	145	61	1	delong	unexpected	an	a	offense	coach	70	18	5.32	3.33	Although the basketball team's defence was very strong they did not have so much of	since the middle of the season.	False	n/a	n/a
1248.051	0.0	1248051	200	cloze_marker	145	61	1	delong	unexpected	an	a	offense	coach	70	18	5.32	3.33	Although the basketball team's defence was very strong they did not have so much of	since the middle of the season.	False	n/a	n/a
1248.286	0.0	1248286	162	item_marker	146	62	1	delong	unexpected	a	an	coach	offense	98	0	6.0	3.3	Ever since Mr.Barnes had moved away Bobby's football team had been left without	and thus lost all their games.	False	n/a	n/a
1248.487	0.2	1248487	206	noun_unexpected	146	62	1	delong	unexpected	a	an	coach	offense	98	0	6.0	3.3	Ever since Mr.Barnes had moved away Bobby's football team had been left without	and thus lost all their games.	False	n/a	n/a
1248.537	0.0	1248537	200	cloze_marker	146	62	1	delong	unexpected	a	an	coach	offense	98	0	6.0	3.3	Ever since Mr.Barnes had moved away Bobby's football team had been left without	and thus lost all their games.	False	n/a	n/a
1248.771	0.0	1248771	162	item_marker	147	62	1	delong	unexpected	a	an	coach	offense	98	0	6.0	3.3	Ever since Mr.Barnes had moved away Bobby's football team had been left without	and thus lost all their games.	False	n/a	n/a
1248.972	0.2	1248972	255	filler_word	147	62	1	delong	unexpected	a	an	coach	offense	98	0	6.0	3.3	Ever since Mr.Barnes had moved away Bobby's football team had been left without	and thus lost all their games.	False	n/a	n/a
1249.457	0.2	1249457	255	filler_word	147	62	1	delong	unexpected	a	an	coach	offense	98	0	6.0	3.3	Ever since Mr.Barnes had moved away Bobby's football team had been left without	and thus lost all their games.	False	n/a	n/a
1249.942	0.2	1249942	255	filler_word	147	62	1	delong	unexpected	a	an	coach	offense	98	0	6.0	3.3	Ever since Mr.Barnes had moved away Bobby's football team had been left without	and thus lost all their games.	False	n/a	n/a
1250.427	0.2	1250427	255	filler_word	147	62	1	delong	unexpected	a	an	coach	offense	98	0	6.0	3.3	Ever since Mr.Barnes had moved away Bobby's football team had been left without	and thus lost all their games.	False	n/a	n/a
1250.912	0.2	1250912	255	filler_word	147	62	1	delong	unexpected	a	an	coach	offense	98	0	6.0	3.3	Ever since Mr.Barnes had moved away Bobby's football team had been left without	and thus lost all their games.	False	n/a	n/a
1251.398	0.2	1251398	208	final_unexpected	147	62	1	delong	unexpected	a	an	coach	offense	98	0	6.0	3.3	Ever since Mr.Barnes had moved away Bobby's football team had been left without	and thus lost all their games.	False	n/a	n/a
1253.656	0.2	1253656	255	filler_word	147	62	1	delong	unexpected	a	an	coach	offense	98	0	6.0	3.3	Ever since Mr.Barnes had moved away Bobby's football team had been left without	and thus lost all their games.	False	n/a	n/a
1254.141	0.2	1254141	255	filler_word	147	62	1	delong	unexpected	a	an	coach	offense	98	0	6.0	3.3	Ever since Mr.Barnes had moved away Bobby's football team had been left without	and thus lost all their games.	False	n/a	n/a
1254.627	0.2	1254627	255	filler_word	147	62	1	delong	unexpected	a	an	coach	offense	98	0	6.0	3.3	Ever since Mr.Barnes had moved away Bobby's football team had been left without	and thus lost all their games.	False	n/a	n/a
1255.112	0.2	1255112	255	filler_word	147	62	1	delong	unexpected	a	an	coach	offense	98	0	6.0	3.3	Ever since Mr.Barnes had moved away Bobby's football team had been left without	and thus lost all their games.	False	n/a	n/a
1255.597	0.2	1255597	255	filler_word	147	62	1	delong	unexpected	a	an	coach	offense	98	0	6.0	3.3	Ever since Mr.Barnes had moved away Bobby's football team had been left without	and thus lost all their games.	False	n/a	n/a
1256.082	0.2	1256082	255	filler_word	147	62	1	delong	unexpected	a	an	coach	offense	98	0	6.0	3.3	Ever since Mr.Barnes had moved away Bobby's football team had been left without	and thus lost all their games.	False	n/a	n/a
1256.567	0.2	1256567	255	filler_word	147	62	1	delong	unexpected	a	an	coach	offense	98	0	6.0	3.3	Ever since Mr.Barnes had moved away Bobby's football team had been left without	and thus lost all their games.	False	n/a	n/a
1257.053	0.2	1257053	255	filler_word	147	62	1	delong	unexpected	a	an	coach	offense	98	0	6.0	3.3	Ever since Mr.Barnes had moved away Bobby's football team had been left without	and thus lost all their games.	False	n/a	n/a
1257.538	0.2	1257538	255	filler_word	147	62	1	delong	unexpected	a	an	coach	offense	98	0	6.0	3.3	Ever since Mr.Barnes had moved away Bobby's football team had been left without	and thus lost all their games.	False	n/a	n/a
1258.023	0.2	1258023	255	filler_word	147	62	1	delong	unexpected	a	an	coach	offense	98	0	6.0	3.3	Ever since Mr.Barnes had moved away Bobby's football team had been left without	and thus lost all their games.	False	n/a	n/a
1258.508	0.2	1258508	255	filler_word	147	62	1	delong	unexpected	a	an	coach	offense	98	0	6.0	3.3	Ever since Mr.Barnes had moved away Bobby's football team had been left without	and thus lost all their games.	False	n/a	n/a
1258.993	0.2	1258993	255	filler_word	147	62	1	delong	unexpected	a	an	coach	offense	98	0	6.0	3.3	Ever since Mr.Barnes had moved away Bobby's football team had been left without	and thus lost all their games.	False	n/a	n/a
1259.478	0.2	1259478	255	filler_word	147	62	1	delong	unexpected	a	an	coach	offense	98	0	6.0	3.3	Ever since Mr.Barnes had moved away Bobby's football team had been left without	and thus lost all their games.	False	n/a	n/a
1259.964	0.2	1259964	255	filler_word	147	62	1	delong	unexpected	a	an	coach	offense	98	0	6.0	3.3	Ever since Mr.Barnes had moved away Bobby's football team had been left without	and thus lost all their games.	False	n/a	n/a
1260.449	0.2	1260449	255	filler_word	147	62	1	delong	unexpected	a	an	coach	offense	98	0	6.0	3.3	Ever since Mr.Barnes had moved away Bobby's football team had been left without	and thus lost all their games.	False	n/a	n/a
1260.934	0.2	1260934	255	filler_word	147	62	1	delong	unexpected	a	an	coach	offense	98	0	6.0	3.3	Ever since Mr.Barnes had moved away Bobby's football team had been left without	and thus lost all their games.	False	n/a	n/a
1261.419	0.2	1261419	255	filler_word	147	62	1	delong	unexpected	a	an	coach	offense	98	0	6.0	3.3	Ever since Mr.Barnes had moved away Bobby's football team had been left without	and thus lost all their games.	False	n/a	n/a
1261.904	0.2	1261904	255	filler_word	147	62	1	delong	unexpected	a	an	coach	offense	98	0	6.0	3.3	Ever since Mr.Barnes had moved away Bobby's football team had been left without	and thus lost all their games.	False	n/a	n/a
1262.39	0.2	1262390	255	filler_word	147	62	1	delong	unexpected	a	an	coach	offense	98	0	6.0	3.3	Ever since Mr.Barnes had moved away Bobby's football team had been left without	and thus lost all their games.	False	n/a	n/a
1262.875	0.2	1262875	255	filler_word	147	62	1	delong	unexpected	a	an	coach	offense	98	0	6.0	3.3	Ever since Mr.Barnes had moved away Bobby's football team had been left without	and thus lost all their games.	False	n/a	n/a
1263.36	0.2	1263360	255	filler_word	147	62	1	delong	unexpected	a	an	coach	offense	98	0	6.0	3.3	Ever since Mr.Barnes had moved away Bobby's football team had been left without	and thus lost all their games.	False	n/a	n/a
1263.845	0.2	1263845	255	filler_word	147	62	1	delong	unexpected	a	an	coach	offense	98	0	6.0	3.3	Ever since Mr.Barnes had moved away Bobby's football team had been left without	and thus lost all their games.	False	n/a	n/a
1264.33	0.2	1264330	255	filler_word	147	62	1	delong	unexpected	a	an	coach	offense	98	0	6.0	3.3	Ever since Mr.Barnes had moved away Bobby's football team had been left without	and thus lost all their games.	False	n/a	n/a
1264.815	0.2	1264815	255	filler_word	147	62	1	delong	unexpected	a	an	coach	offense	98	0	6.0	3.3	Ever since Mr.Barnes had moved away Bobby's football team had been left without	and thus lost all their games.	False	n/a	n/a
1265.301	0.2	1265301	202	an_expected	147	62	1	delong	unexpected	a	an	coach	offense	98	0	6.0	3.3	Ever since Mr.Barnes had moved away Bobby's football team had been left without	and thus lost all their games.	False	n/a	n/a
1265.351	0.0	1265351	57	cloze_marker	147	62	1	delong	unexpected	a	an	coach	offense	98	0	6.0	3.3	Ever since Mr.Barnes had moved away Bobby's football team had been left without	and thus lost all their games.	False	n/a	n/a
1265.585	0.0	1265585	171	item_marker	148	71	1	delong	expected	an	a	order	compliment	57	0	5.8	3.16	The waitress at the next table was trying to scribble everything down but it was obvious that she did not know how to take	from her customers.	False	n/a	n/a
1265.786	0.2	1265786	205	noun_expected	148	71	1	delong	expected	an	a	order	compliment	57	0	5.8	3.16	The waitress at the next table was trying to scribble everything down but it was obvious that she did not know how to take	from her customers.	False	n/a	n/a
1265.836	0.0	1265836	90	cloze_marker	148	71	1	delong	expected	an	a	order	compliment	57	0	5.8	3.16	The waitress at the next table was trying to scribble everything down but it was obvious that she did not know how to take	from her customers.	False	n/a	n/a
1266.07	0.0	1266070	171	item_marker	149	71	1	delong	expected	an	a	order	compliment	57	0	5.8	3.16	The waitress at the next table was trying to scribble everything down but it was obvious that she did not know how to take	from her customers.	False	n/a	n/a
1266.271	0.2	1266271	255	filler_word	149	71	1	delong	expected	an	a	order	compliment	57	0	5.8	3.16	The waitress at the next table was trying to scribble everything down but it was obvious that she did not know how to take	from her customers.	False	n/a	n/a
1266.756	0.2	1266756	255	filler_word	149	71	1	delong	expected	an	a	order	compliment	57	0	5.8	3.16	The waitress at the next table was trying to scribble everything down but it was obvious that she did not know how to take	from her customers.	False	n/a	n/a
1267.241	0.2	1267241	207	final_expected	149	71	1	delong	expected	an	a	order	compliment	57	0	5.8	3.16	The waitress at the next table was trying to scribble everything down but it was obvious that she did not know how to take	from her customers.	False	n/a	n/a
1269.316	0.2	1269316	255	filler_word	149	71	1	delong	expected	an	a	order	compliment	57	0	5.8	3.16	The waitress at the next table was trying to scribble everything down but it was obvious that she did not know how to take	from her customers.	False	n/a	n/a
1269.801	0.2	1269801	255	filler_word	149	71	1	delong	expected	an	a	order	compliment	57	0	5.8	3.16	The waitress at the next table was trying to scribble everything down but it was obvious that she did not know how to take	from her customers.	False	n/a	n/a
1270.286	0.2	1270286	255	filler_word	149	71	1	delong	expected	an	a	order	compliment	57	0	5.8	3.16	The waitress at the next table was trying to scribble everything down but it was obvious that she did not know how to take	from her customers.	False	n/a	n/a
1270.771	0.2	1270771	255	filler_word	149	71	1	delong	expected	an	a	order	compliment	57	0	5.8	3.16	The waitress at the next table was trying to scribble everything down but it was obvious that she did not know how to take	from her customers.	False	n/a	n/a
1271.257	0.2	1271257	255	filler_word	149	71	1	delong	expected	an	a	order	compliment	57	0	5.8	3.16	The waitress at the next table was trying to scribble everything down but it was obvious that she did not know how to take	from her customers.	False	n/a	n/a
1271.742	0.2	1271742	255	filler_word	149	71	1	delong	expected	an	a	order	compliment	57	0	5.8	3.16	The waitress at the next table was trying to scribble everything down but it was obvious that she did not know how to take	from her customers.	False	n/a	n/a
1272.227	0.2	1272227	255	filler_word	149	71	1	delong	expected	an	a	order	compliment	57	0	5.8	3.16	The waitress at the next table was trying to scribble everything down but it was obvious that she did not know how to take	from her customers.	False	n/a	n/a
1272.712	0.2	1272712	255	filler_word	149	71	1	delong	expected	an	a	order	compliment	57	0	5.8	3.16	The waitress at the next table was trying to scribble everything down but it was obvious that she did not know how to take	from her customers.	False	n/a	n/a
1273.197	0.2	1273197	255	filler_word	149	71	1	delong	expected	an	a	order	compliment	57	0	5.8	3.16	The waitress at the next table was trying to scribble everything down but it was obvious that she did not know how to take	from her customers.	False	n/a	n/a
1273.683	0.2	1273683	255	filler_word	149	71	1	delong	expected	an	a	order	compliment	57	0	5.8	3.16	The waitress at the next table was trying to scribble everything down but it was obvious that she did not know how to take	from her customers.	False	n/a	n/a
1274.168	0.2	1274168	255	filler_word	149	71	1	delong	expected	an	a	order	compliment	57	0	5.8	3.16	The waitress at the next table was trying to scribble everything down but it was obvious that she did not know how to take	from her customers.	False	n/a	n/a
1274.653	0.2	1274653	255	filler_word	149	71	1	delong	expected	an	a	order	compliment	57	0	5.8	3.16	The waitress at the next table was trying to scribble everything down but it was obvious that she did not know how to take	from her customers.	False	n/a	n/a
1275.138	0.2	1275138	255	filler_word	149	71	1	delong	expected	an	a	order	compliment	57	0	5.8	3.16	The waitress at the next table was trying to scribble everything down but it was obvious that she did not know how to take	from her customers.	False	n/a	n/a
1275.623	0.2	1275623	255	filler_word	149	71	1	delong	expected	an	a	order	compliment	57	0	5.8	3.16	The waitress at the next table was trying to scribble everything down but it was obvious that she did not know how to take	from her customers.	False	n/a	n/a
1276.108	0.2	1276108	255	filler_word	149	71	1	delong	expected	an	a	order	compliment	57	0	5.8	3.16	The waitress at the next table was trying to scribble everything down but it was obvious that she did not know how to take	from her customers.	False	n/a	n/a
1276.594	0.2	1276594	255	filler_word	149	71	1	delong	expected	an	a	order	compliment	57	0	5.8	3.16	The waitress at the next table was trying to scribble everything down but it was obvious that she did not know how to take	from her customers.	False	n/a	n/a
1277.079	0.2	1277079	255	filler_word	149	71	1	delong	expected	an	a	order	compliment	57	0	5.8	3.16	The waitress at the next table was trying to scribble everything down but it was obvious that she did not know how to take	from her customers.	False	n/a	n/a
1277.564	0.2	1277564	255	filler_word	149	71	1	delong	expected	an	a	order	compliment	57	0	5.8	3.16	The waitress at the next table was trying to scribble everything down but it was obvious that she did not know how to take	from her customers.	False	n/a	n/a
1278.049	0.2	1278049	255	filler_word	149	71	1	delong	expected	an	a	order	compliment	57	0	5.8	3.16	The waitress at the next table was trying to scribble everything down but it was obvious that she did not know how to take	from her customers.	False	n/a	n/a
1278.534	0.2	1278534	202	an_expected	149	71	1	delong	expected	an	a	order	compliment	57	0	5.8	3.16	The waitress at the next table was trying to scribble everything down but it was obvious that she did not know how to take	from her customers.	False	n/a	n/a
1278.584	0.0	1278584	68	cloze_marker	149	71	1	delong	expected	an	a	order	compliment	57	0	5.8	3.16	The waitress at the next table was trying to scribble everything down but it was obvious that she did not know how to take	from her customers.	False	n/a	n/a
1278.819	0.0	1278819	175	item_marker	150	75	1	delong	expected	an	a	element	liquid	68	30	6.26	2.8	The chemistry teacher explained to the class that water and salt were both compounds but that nitrogen was just	that hadn't been combined.	False	n/a	n/a
1279.02	0.2	1279020	205	noun_expected	150	75	1	delong	expected	an	a	element	liquid	68	30	6.26	2.8	The chemistry teacher explained to the class that water and salt were both compounds but that nitrogen was just	that hadn't been combined.	False	n/a	n/a
1279.069	0.0	1279069	60	cloze_marker	150	75	1	delong	expected	an	a	element	liquid	68	30	6.26	2.8	The chemistry teacher explained to the class that water and salt were both compounds but that nitrogen was just	that hadn't been combined.	False	n/a	n/a
1279.304	0.0	1279304	175	item_marker	151	75	1	delong	expected	an	a	element	liquid	68	30	6.26	2.8	The chemistry teacher explained to the class that water and salt were both compounds but that nitrogen was just	that hadn't been combined.	False	n/a	n/a
1279.505	0.2	1279505	255	filler_word	151	75	1	delong	expected	an	a	element	liquid	68	30	6.26	2.8	The chemistry teacher explained to the class that water and salt were both compounds but that nitrogen was just	that hadn't been combined.	False	n/a	n/a
1279.99	0.2	1279990	255	filler_word	151	75	1	delong	expected	an	a	element	liquid	68	30	6.26	2.8	The chemistry teacher explained to the class that water and salt were both compounds but that nitrogen was just	that hadn't been combined.	False	n/a	n/a
1280.475	0.2	1280475	255	filler_word	151	75	1	delong	expected	an	a	element	liquid	68	30	6.26	2.8	The chemistry teacher explained to the class that water and salt were both compounds but that nitrogen was just	that hadn't been combined.	False	n/a	n/a
1280.96	0.2	1280960	207	final_expected	151	75	1	delong	expected	an	a	element	liquid	68	30	6.26	2.8	The chemistry teacher explained to the class that water and salt were both compounds but that nitrogen was just	that hadn't been combined.	False	n/a	n/a
1283.085	0.2	1283085	255	filler_word	151	75	1	delong	expected	an	a	element	liquid	68	30	6.26	2.8	The chemistry teacher explained to the class that water and salt were both compounds but that nitrogen was just	that hadn't been combined.	False	n/a	n/a
1283.57	0.2	1283570	255	filler_word	151	75	1	delong	expected	an	a	element	liquid	68	30	6.26	2.8	The chemistry teacher explained to the class that water and salt were both compounds but that nitrogen was just	that hadn't been combined.	False	n/a	n/a
1284.055	0.2	1284055	255	filler_word	151	75	1	delong	expected	an	a	element	liquid	68	30	6.26	2.8	The chemistry teacher explained to the class that water and salt were both compounds but that nitrogen was just	that hadn't been combined.	False	n/a	n/a
1284.541	0.2	1284541	255	filler_word	151	75	1	delong	expected	an	a	element	liquid	68	30	6.26	2.8	The chemistry teacher explained to the class that water and salt were both compounds but that nitrogen was just	that hadn't been combined.	False	n/a	n/a
1285.026	0.2	1285026	255	filler_word	151	75	1	delong	expected	an	a	element	liquid	68	30	6.26	2.8	The chemistry teacher explained to the class that water and salt were both compounds but that nitrogen was just	that hadn't been combined.	False	n/a	n/a
1285.511	0.2	1285511	255	filler_word	151	75	1	delong	expected	an	a	element	liquid	68	30	6.26	2.8	The chemistry teacher explained to the class that water and salt were both compounds but that nitrogen was just	that hadn't been combined.	False	n/a	n/a
1285.996	0.2	1285996	255	filler_word	151	75	1	delong	expected	an	a	element	liquid	68	30	6.26	2.8	The chemistry teacher explained to the class that water and salt were both compounds but that nitrogen was just	that hadn't been combined.	False	n/a	n/a
1286.481	0.2	1286481	255	filler_word	151	75	1	delong	expected	an	a	element	liquid	68	30	6.26	2.8	The chemistry teacher explained to the class that water and salt were both compounds but that nitrogen was just	that hadn't been combined.	False	n/a	n/a
1286.966	0.2	1286966	255	filler_word	151	75	1	delong	expected	an	a	element	liquid	68	30	6.26	2.8	The chemistry teacher explained to the class that water and salt were both compounds but that nitrogen was just	that hadn't been combined.	False	n/a	n/a
1287.452	0.2	1287452	255	filler_word	151	75	1	delong	expected	an	a	element	liquid	68	30	6.26	2.8	The chemistry teacher explained to the class that water and salt were both compounds but that nitrogen was just	that hadn't been combined.	False	n/a	n/a
1287.937	0.2	1287937	255	filler_word	151	75	1	delong	expected	an	a	element	liquid	68	30	6.26	2.8	The chemistry teacher explained to the class that water and salt were both compounds but that nitrogen was just	that hadn't been combined.	False	n/a	n/a
1288.422	0.2	1288422	255	filler_word	151	75	1	delong	expected	an	a	element	liquid	68	30	6.26	2.8	The chemistry teacher explained to the class that water and salt were both compounds but that nitrogen was just	that hadn't been combined.	False	n/a	n/a
1288.907	0.2	1288907	255	filler_word	151	75	1	delong	expected	an	a	element	liquid	68	30	6.26	2.8	The chemistry teacher explained to the class that water and salt were both compounds but that nitrogen was just	that hadn't been combined.	False	n/a	n/a
1289.392	0.2	1289392	255	filler_word	151	75	1	delong	expected	an	a	element	liquid	68	30	6.26	2.8	The chemistry teacher explained to the class that water and salt were both compounds but that nitrogen was just	that hadn't been combined.	False	n/a	n/a
1289.878	0.2	1289878	255	filler_word	151	75	1	delong	expected	an	a	element	liquid	68	30	6.26	2.8	The chemistry teacher explained to the class that water and salt were both compounds but that nitrogen was just	that hadn't been combined.	False	n/a	n/a
1290.363	0.2	1290363	255	filler_word	151	75	1	delong	expected	an	a	element	liquid	68	30	6.26	2.8	The chemistry teacher explained to the class that water and salt were both compounds but that nitrogen was just	that hadn't been combined.	False	n/a	n/a
1290.848	0.2	1290848	255	filler_word	151	75	1	delong	expected	an	a	element	liquid	68	30	6.26	2.8	The chemistry teacher explained to the class that water and salt were both compounds but that nitrogen was just	that hadn't been combined.	False	n/a	n/a
1291.333	0.2	1291333	255	filler_word	151	75	1	delong	expected	an	a	element	liquid	68	30	6.26	2.8	The chemistry teacher explained to the class that water and salt were both compounds but that nitrogen was just	that hadn't been combined.	False	n/a	n/a
1291.818	0.2	1291818	255	filler_word	151	75	1	delong	expected	an	a	element	liquid	68	30	6.26	2.8	The chemistry teacher explained to the class that water and salt were both compounds but that nitrogen was just	that hadn't been combined.	False	n/a	n/a
1292.303	0.2	1292303	201	a_expected	151	75	1	delong	expected	an	a	element	liquid	68	30	6.26	2.8	The chemistry teacher explained to the class that water and salt were both compounds but that nitrogen was just	that hadn't been combined.	False	n/a	n/a
1292.353	0.0	1292353	82	cloze_marker	151	75	1	delong	expected	an	a	element	liquid	68	30	6.26	2.8	The chemistry teacher explained to the class that water and salt were both compounds but that nitrogen was just	that hadn't been combined.	False	n/a	n/a
1292.588	0.0	1292588	168	item_marker	152	68	1	delong	expected	a	an	cat	owl	82	18	6.1	4.3	Every time they went for walks Sylvia's dog Rex would break into a run as soon as he spotted	but luckily Rex couldn't climb trees.	False	n/a	n/a
1292.789	0.2	1292789	205	noun_expected	152	68	1	delong	expected	a	an	cat	owl	82	18	6.1	4.3	Every time they went for walks Sylvia's dog Rex would break into a run as soon as he spotted	but luckily Rex couldn't climb trees.	False	n/a	n/a
1292.839	0.0	1292839	27	cloze_marker	152	68	1	delong	expected	a	an	cat	owl	82	18	6.1	4.3	Every time they went for walks Sylvia's dog Rex would break into a run as soon as he spotted	but luckily Rex couldn't climb trees.	False	n/a	n/a
1293.073	0.0	1293073	168	item_marker	153	68	1	delong	expected	a	an	cat	owl	82	18	6.1	4.3	Every time they went for walks Sylvia's dog Rex would break into a run as soon as he spotted	but luckily Rex couldn't climb trees.	False	n/a	n/a
1293.274	0.2	1293274	255	filler_word	153	68	1	delong	expected	a	an	cat	owl	82	18	6.1	4.3	Every time they went for walks Sylvia's dog Rex would break into a run as soon as he spotted	but luckily Rex couldn't climb trees.	False	n/a	n/a
1293.759	0.2	1293759	255	filler_word	153	68	1	delong	expected	a	an	cat	owl	82	18	6.1	4.3	Every time they went for walks Sylvia's dog Rex would break into a run as soon as he spotted	but luckily Rex couldn't climb trees.	False	n/a	n/a
1294.244	0.2	1294244	255	filler_word	153	68	1	delong	expected	a	an	cat	owl	82	18	6.1	4.3	Every time they went for walks Sylvia's dog Rex would break into a run as soon as he spotted	but luckily Rex couldn't climb trees.	False	n/a	n/a
1294.729	0.2	1294729	255	filler_word	153	68	1	delong	expected	a	an	cat	owl	82	18	6.1	4.3	Every time they went for walks Sylvia's dog Rex would break into a run as soon as he spotted	but luckily Rex couldn't climb trees.	False	n/a	n/a
1295.215	0.2	1295215	255	filler_word	153	68	1	delong	expected	a	an	cat	owl	82	18	6.1	4.3	Every time they went for walks Sylvia's dog Rex would break into a run as soon as he spotted	but luckily Rex couldn't climb trees.	False	n/a	n/a
1295.7	0.2	1295700	207	final_expected	153	68	1	delong	expected	a	an	cat	owl	82	18	6.1	4.3	Every time they went for walks Sylvia's dog Rex would break into a run as soon as he spotted	but luckily Rex couldn't climb trees.	False	n/a	n/a
1297.607	0.2	1297607	255	filler_word	153	68	1	delong	expected	a	an	cat	owl	82	18	6.1	4.3	Every time they went for walks Sylvia's dog Rex would break into a run as soon as he spotted	but luckily Rex couldn't climb trees.	False	n/a	n/a
1298.092	0.2	1298092	255	filler_word	153	68	1	delong	expected	a	an	cat	owl	82	18	6.1	4.3	Every time they went for walks Sylvia's dog Rex would break into a run as soon as he spotted	but luckily Rex couldn't climb trees.	False	n/a	n/a
1298.577	0.2	1298577	255	filler_word	153	68	1	delong	expected	a	an	cat	owl	82	18	6.1	4.3	Every time they went for walks Sylvia's dog Rex would break into a run as soon as he spotted	but luckily Rex couldn't climb trees.	False	n/a	n/a
1299.063	0.2	1299063	255	filler_word	153	68	1	delong	expected	a	an	cat	owl	82	18	6.1	4.3	Every time they went for walks Sylvia's dog Rex would break into a run as soon as he spotted	but luckily Rex couldn't climb trees.	False	n/a	n/a
1299.548	0.2	1299548	255	filler_word	153	68	1	delong	expected	a	an	cat	owl	82	18	6.1	4.3	Every time they went for walks Sylvia's dog Rex would break into a run as soon as he spotted	but luckily Rex couldn't climb trees.	False	n/a	n/a
1300.033	0.2	1300033	255	filler_word	153	68	1	delong	expected	a	an	cat	owl	82	18	6.1	4.3	Every time they went for walks Sylvia's dog Rex would break into a run as soon as he spotted	but luckily Rex couldn't climb trees.	False	n/a	n/a
1300.518	0.2	1300518	255	filler_word	153	68	1	delong	expected	a	an	cat	owl	82	18	6.1	4.3	Every time they went for walks Sylvia's dog Rex would break into a run as soon as he spotted	but luckily Rex couldn't climb trees.	False	n/a	n/a
1301.003	0.2	1301003	255	filler_word	153	68	1	delong	expected	a	an	cat	owl	82	18	6.1	4.3	Every time they went for walks Sylvia's dog Rex would break into a run as soon as he spotted	but luckily Rex couldn't climb trees.	False	n/a	n/a
1301.488	0.2	1301488	255	filler_word	153	68	1	delong	expected	a	an	cat	owl	82	18	6.1	4.3	Every time they went for walks Sylvia's dog Rex would break into a run as soon as he spotted	but luckily Rex couldn't climb trees.	False	n/a	n/a
1301.974	0.2	1301974	255	filler_word	153	68	1	delong	expected	a	an	cat	owl	82	18	6.1	4.3	Every time they went for walks Sylvia's dog Rex would break into a run as soon as he spotted	but luckily Rex couldn't climb trees.	False	n/a	n/a
1302.459	0.2	1302459	255	filler_word	153	68	1	delong	expected	a	an	cat	owl	82	18	6.1	4.3	Every time they went for walks Sylvia's dog Rex would break into a run as soon as he spotted	but luckily Rex couldn't climb trees.	False	n/a	n/a
1302.944	0.2	1302944	255	filler_word	153	68	1	delong	expected	a	an	cat	owl	82	18	6.1	4.3	Every time they went for walks Sylvia's dog Rex would break into a run as soon as he spotted	but luckily Rex couldn't climb trees.	False	n/a	n/a
1303.429	0.2	1303429	255	filler_word	153	68	1	delong	expected	a	an	cat	owl	82	18	6.1	4.3	Every time they went for walks Sylvia's dog Rex would break into a run as soon as he spotted	but luckily Rex couldn't climb trees.	False	n/a	n/a
1303.914	0.2	1303914	255	filler_word	153	68	1	delong	expected	a	an	cat	owl	82	18	6.1	4.3	Every time they went for walks Sylvia's dog Rex would break into a run as soon as he spotted	but luckily Rex couldn't climb trees.	False	n/a	n/a
1304.4	0.2	1304400	255	filler_word	153	68	1	delong	expected	a	an	cat	owl	82	18	6.1	4.3	Every time they went for walks Sylvia's dog Rex would break into a run as soon as he spotted	but luckily Rex couldn't climb trees.	False	n/a	n/a
1304.885	0.2	1304885	255	filler_word	153	68	1	delong	expected	a	an	cat	owl	82	18	6.1	4.3	Every time they went for walks Sylvia's dog Rex would break into a run as soon as he spotted	but luckily Rex couldn't climb trees.	False	n/a	n/a
1305.37	0.2	1305370	255	filler_word	153	68	1	delong	expected	a	an	cat	owl	82	18	6.1	4.3	Every time they went for walks Sylvia's dog Rex would break into a run as soon as he spotted	but luckily Rex couldn't climb trees.	False	n/a	n/a
1305.855	0.2	1305855	255	filler_word	153	68	1	delong	expected	a	an	cat	owl	82	18	6.1	4.3	Every time they went for walks Sylvia's dog Rex would break into a run as soon as he spotted	but luckily Rex couldn't climb trees.	False	n/a	n/a
1306.34	0.2	1306340	255	filler_word	153	68	1	delong	expected	a	an	cat	owl	82	18	6.1	4.3	Every time they went for walks Sylvia's dog Rex would break into a run as soon as he spotted	but luckily Rex couldn't climb trees.	False	n/a	n/a
1306.825	0.2	1306825	203	a_unexpected	153	68	1	delong	expected	a	an	cat	owl	82	18	6.1	4.3	Every time they went for walks Sylvia's dog Rex would break into a run as soon as he spotted	but luckily Rex couldn't climb trees.	False	n/a	n/a
1306.875	0.0	1306875	200	cloze_marker	153	68	1	delong	expected	a	an	cat	owl	82	18	6.1	4.3	Every time they went for walks Sylvia's dog Rex would break into a run as soon as he spotted	but luckily Rex couldn't climb trees.	False	n/a	n/a
1307.11	0.0	1307110	177	item_marker	154	77	1	delong	unexpected	an	a	egg	window	70	0	6.07	1.84	Violet was just learning how to make an omelette so her father began by showing her how to crack	in the kitchen.	False	n/a	n/a
1307.311	0.2	1307311	206	noun_unexpected	154	77	1	delong	unexpected	an	a	egg	window	70	0	6.07	1.84	Violet was just learning how to make an omelette so her father began by showing her how to crack	in the kitchen.	False	n/a	n/a
1307.361	0.0	1307361	93	cloze_marker	154	77	1	delong	unexpected	an	a	egg	window	70	0	6.07	1.84	Violet was just learning how to make an omelette so her father began by showing her how to crack	in the kitchen.	False	n/a	n/a
1307.595	0.0	1307595	177	item_marker	155	77	1	delong	unexpected	an	a	egg	window	70	0	6.07	1.84	Violet was just learning how to make an omelette so her father began by showing her how to crack	in the kitchen.	False	n/a	n/a
1307.796	0.2	1307796	255	filler_word	155	77	1	delong	unexpected	an	a	egg	window	70	0	6.07	1.84	Violet was just learning how to make an omelette so her father began by showing her how to crack	in the kitchen.	False	n/a	n/a
1308.281	0.2	1308281	255	filler_word	155	77	1	delong	unexpected	an	a	egg	window	70	0	6.07	1.84	Violet was just learning how to make an omelette so her father began by showing her how to crack	in the kitchen.	False	n/a	n/a
1308.766	0.2	1308766	208	final_unexpected	155	77	1	delong	unexpected	an	a	egg	window	70	0	6.07	1.84	Violet was just learning how to make an omelette so her father began by showing her how to crack	in the kitchen.	False	n/a	n/a
1310.774	0.2	1310774	255	filler_word	155	77	1	delong	unexpected	an	a	egg	window	70	0	6.07	1.84	Violet was just learning how to make an omelette so her father began by showing her how to crack	in the kitchen.	False	n/a	n/a
1311.259	0.2	1311259	255	filler_word	155	77	1	delong	unexpected	an	a	egg	window	70	0	6.07	1.84	Violet was just learning how to make an omelette so her father began by showing her how to crack	in the kitchen.	False	n/a	n/a
1311.744	0.2	1311744	255	filler_word	155	77	1	delong	unexpected	an	a	egg	window	70	0	6.07	1.84	Violet was just learning how to make an omelette so her father began by showing her how to crack	in the kitchen.	False	n/a	n/a
1312.229	0.2	1312229	255	filler_word	155	77	1	delong	unexpected	an	a	egg	window	70	0	6.07	1.84	Violet was just learning how to make an omelette so her father began by showing her how to crack	in the kitchen.	False	n/a	n/a
1312.715	0.2	1312715	255	filler_word	155	77	1	delong	unexpected	an	a	egg	window	70	0	6.07	1.84	Violet was just learning how to make an omelette so her father began by showing her how to crack	in the kitchen.	False	n/a	n/a
1313.2	0.2	1313200	255	filler_word	155	77	1	delong	unexpected	an	a	egg	window	70	0	6.07	1.84	Violet was just learning how to make an omelette so her father began by showing her how to crack	in the kitchen.	False	n/a	n/a
1313.685	0.2	1313685	255	filler_word	155	77	1	delong	unexpected	an	a	egg	window	70	0	6.07	1.84	Violet was just learning how to make an omelette so her father began by showing her how to crack	in the kitchen.	False	n/a	n/a
1314.17	0.2	1314170	255	filler_word	155	77	1	delong	unexpected	an	a	egg	window	70	0	6.07	1.84	Violet was just learning how to make an omelette so her father began by showing her how to crack	in the kitchen.	False	n/a	n/a
1314.655	0.2	1314655	255	filler_word	155	77	1	delong	unexpected	an	a	egg	window	70	0	6.07	1.84	Violet was just learning how to make an omelette so her father began by showing her how to crack	in the kitchen.	False	n/a	n/a
1315.14	0.2	1315140	255	filler_word	155	77	1	delong	unexpected	an	a	egg	window	70	0	6.07	1.84	Violet was just learning how to make an omelette so her father began by showing her how to crack	in the kitchen.	False	n/a	n/a
1315.626	0.2	1315626	255	filler_word	155	77	1	delong	unexpected	an	a	egg	window	70	0	6.07	1.84	Violet was just learning how to make an omelette so her father began by showing her how to crack	in the kitchen.	False	n/a	n/a
1316.111	0.2	1316111	255	filler_word	155	77	1	delong	unexpected	an	a	egg	window	70	0	6.07	1.84	Violet was just learning how to make an omelette so her father began by showing her how to crack	in the kitchen.	False	n/a	n/a
1316.596	0.2	1316596	255	filler_word	155	77	1	delong	unexpected	an	a	egg	window	70	0	6.07	1.84	Violet was just learning how to make an omelette so her father began by showing her how to crack	in the kitchen.	False	n/a	n/a
1317.081	0.2	1317081	255	filler_word	155	77	1	delong	unexpected	an	a	egg	window	70	0	6.07	1.84	Violet was just learning how to make an omelette so her father began by showing her how to crack	in the kitchen.	False	n/a	n/a
1317.566	0.2	1317566	255	filler_word	155	77	1	delong	unexpected	an	a	egg	window	70	0	6.07	1.84	Violet was just learning how to make an omelette so her father began by showing her how to crack	in the kitchen.	False	n/a	n/a
1318.052	0.2	1318052	255	filler_word	155	77	1	delong	unexpected	an	a	egg	window	70	0	6.07	1.84	Violet was just learning how to make an omelette so her father began by showing her how to crack	in the kitchen.	False	n/a	n/a
1318.537	0.2	1318537	255	filler_word	155	77	1	delong	unexpected	an	a	egg	window	70	0	6.07	1.84	Violet was just learning how to make an omelette so her father began by showing her how to crack	in the kitchen.	False	n/a	n/a
1319.022	0.2	1319022	255	filler_word	155	77	1	delong	unexpected	an	a	egg	window	70	0	6.07	1.84	Violet was just learning how to make an omelette so her father began by showing her how to crack	in the kitchen.	False	n/a	n/a
1319.507	0.2	1319507	255	filler_word	155	77	1	delong	unexpected	an	a	egg	window	70	0	6.07	1.84	Violet was just learning how to make an omelette so her father began by showing her how to crack	in the kitchen.	False	n/a	n/a
1319.992	0.2	1319992	255	filler_word	155	77	1	delong	unexpected	an	a	egg	window	70	0	6.07	1.84	Violet was just learning how to make an omelette so her father began by showing her how to crack	in the kitchen.	False	n/a	n/a
1320.477	0.2	1320477	255	filler_word	155	77	1	delong	unexpected	an	a	egg	window	70	0	6.07	1.84	Violet was just learning how to make an omelette so her father began by showing her how to crack	in the kitchen.	False	n/a	n/a
1320.963	0.2	1320963	201	a_expected	155	77	1	delong	unexpected	an	a	egg	window	70	0	6.07	1.84	Violet was just learning how to make an omelette so her father began by showing her how to crack	in the kitchen.	False	n/a	n/a
1321.013	0.0	1321013	73	cloze_marker	155	77	1	delong	unexpected	an	a	egg	window	70	0	6.07	1.84	Violet was just learning how to make an omelette so her father began by showing her how to crack	in the kitchen.	False	n/a	n/a
1321.247	0.0	1321247	176	item_marker	156	76	1	delong	expected	a	an	liquid	element	73	0	4.65	2.23	Orlando thought that glass was a solid but when he held it under the Bunsen burner it melted and turned into	that could be sculpted.	False	n/a	n/a
1321.448	0.2	1321448	205	noun_expected	156	76	1	delong	expected	a	an	liquid	element	73	0	4.65	2.23	Orlando thought that glass was a solid but when he held it under the Bunsen burner it melted and turned into	that could be sculpted.	False	n/a	n/a
1321.498	0.0	1321498	90	cloze_marker	156	76	1	delong	expected	a	an	liquid	element	73	0	4.65	2.23	Orlando thought that glass was a solid but when he held it under the Bunsen burner it melted and turned into	that could be sculpted.	False	n/a	n/a
1321.732	0.0	1321732	176	item_marker	157	76	1	delong	expected	a	an	liquid	element	73	0	4.65	2.23	Orlando thought that glass was a solid but when he held it under the Bunsen burner it melted and turned into	that could be sculpted.	False	n/a	n/a
1321.933	0.2	1321933	255	filler_word	157	76	1	delong	expected	a	an	liquid	element	73	0	4.65	2.23	Orlando thought that glass was a solid but when he held it under the Bunsen burner it melted and turned into	that could be sculpted.	False	n/a	n/a
1322.418	0.2	1322418	255	filler_word	157	76	1	delong	expected	a	an	liquid	element	73	0	4.65	2.23	Orlando thought that glass was a solid but when he held it under the Bunsen burner it melted and turned into	that could be sculpted.	False	n/a	n/a
1322.903	0.2	1322903	255	filler_word	157	76	1	delong	expected	a	an	liquid	element	73	0	4.65	2.23	Orlando thought that glass was a solid but when he held it under the Bunsen burner it melted and turned into	that could be sculpted.	False	n/a	n/a
1323.389	0.2	1323389	207	final_expected	157	76	1	delong	expected	a	an	liquid	element	73	0	4.65	2.23	Orlando thought that glass was a solid but when he held it under the Bunsen burner it melted and turned into	that could be sculpted.	False	n/a	n/a
1325.798	0.2	1325798	255	filler_word	157	76	1	delong	expected	a	an	liquid	element	73	0	4.65	2.23	Orlando thought that glass was a solid but when he held it under the Bunsen burner it melted and turned into	that could be sculpted.	False	n/a	n/a
1326.283	0.2	1326283	255	filler_word	157	76	1	delong	expected	a	an	liquid	element	73	0	4.65	2.23	Orlando thought that glass was a solid but when he held it under the Bunsen burner it melted and turned into	that could be sculpted.	False	n/a	n/a
1326.768	0.2	1326768	255	filler_word	157	76	1	delong	expected	a	an	liquid	element	73	0	4.65	2.23	Orlando thought that glass was a solid but when he held it under the Bunsen burner it melted and turned into	that could be sculpted.	False	n/a	n/a
1327.253	0.2	1327253	255	filler_word	157	76	1	delong	expected	a	an	liquid	element	73	0	4.65	2.23	Orlando thought that glass was a solid but when he held it under the Bunsen burner it melted and turned into	that could be sculpted.	False	n/a	n/a
1327.738	0.2	1327738	255	filler_word	157	76	1	delong	expected	a	an	liquid	element	73	0	4.65	2.23	Orlando thought that glass was a solid but when he held it under the Bunsen burner it melted and turned into	that could be sculpted.	False	n/a	n/a
1328.224	0.2	1328224	255	filler_word	157	76	1	delong	expected	a	an	liquid	element	73	0	4.65	2.23	Orlando thought that glass was a solid but when he held it under the Bunsen burner it melted and turned into	that could be sculpted.	False	n/a	n/a
1328.709	0.2	1328709	255	filler_word	157	76	1	delong	expected	a	an	liquid	element	73	0	4.65	2.23	Orlando thought that glass was a solid but when he held it under the Bunsen burner it melted and turned into	that could be sculpted.	False	n/a	n/a
1329.194	0.2	1329194	255	filler_word	157	76	1	delong	expected	a	an	liquid	element	73	0	4.65	2.23	Orlando thought that glass was a solid but when he held it under the Bunsen burner it melted and turned into	that could be sculpted.	False	n/a	n/a
1329.679	0.2	1329679	255	filler_word	157	76	1	delong	expected	a	an	liquid	element	73	0	4.65	2.23	Orlando thought that glass was a solid but when he held it under the Bunsen burner it melted and turned into	that could be sculpted.	False	n/a	n/a
1330.164	0.2	1330164	255	filler_word	157	76	1	delong	expected	a	an	liquid	element	73	0	4.65	2.23	Orlando thought that glass was a solid but when he held it under the Bunsen burner it melted and turned into	that could be sculpted.	False	n/a	n/a
1330.65	0.2	1330650	255	filler_word	157	76	1	delong	expected	a	an	liquid	element	73	0	4.65	2.23	Orlando thought that glass was a solid but when he held it under the Bunsen burner it melted and turned into	that could be sculpted.	False	n/a	n/a
1331.135	0.2	1331135	255	filler_word	157	76	1	delong	expected	a	an	liquid	element	73	0	4.65	2.23	Orlando thought that glass was a solid but when he held it under the Bunsen burner it melted and turned into	that could be sculpted.	False	n/a	n/a
1331.62	0.2	1331620	202	an_expected	157	76	1	delong	expected	a	an	liquid	element	73	0	4.65	2.23	Orlando thought that glass was a solid but when he held it under the Bunsen burner it melted and turned into	that could be sculpted.	False	n/a	n/a
1331.67	0.0	1331670	75	cloze_marker	157	76	1	delong	expected	a	an	liquid	element	73	0	4.65	2.23	Orlando thought that glass was a solid but when he held it under the Bunsen burner it melted and turned into	that could be sculpted.	False	n/a	n/a
1331.904	0.0	1331904	163	item_marker	158	63	1	delong	expected	an	a	idea	name	75	25	5.37	6.03	The group had been brainstorming all day but they still didn't have	for their project.	True	Did the group reach a conclusion?	no
1332.105	0.2	1332105	205	noun_expected	158	63	1	delong	expected	an	a	idea	name	75	25	5.37	6.03	The group had been brainstorming all day but they still didn't have	for their project.	True	Did the group reach a conclusion?	no
1332.155	0.0	1332155	83	cloze_marker	158	63	1	delong	expected	an	a	idea	name	75	25	5.37	6.03	The group had been brainstorming all day but they still didn't have	for their project.	True	Did the group reach a conclusion?	no
1332.389	0.0	1332389	163	item_marker	159	63	1	delong	expected	an	a	idea	name	75	25	5.37	6.03	The group had been brainstorming all day but they still didn't have	for their project.	True	Did the group reach a conclusion?	no
1332.59	0.2	1332590	255	filler_word	159	63	1	delong	expected	an	a	idea	name	75	25	5.37	6.03	The group had been brainstorming all day but they still didn't have	for their project.	True	Did the group reach a conclusion?	no
1333.075	0.2	1333075	255	filler_word	159	63	1	delong	expected	an	a	idea	name	75	25	5.37	6.03	The group had been brainstorming all day but they still didn't have	for their project.	True	Did the group reach a conclusion?	no
1333.561	0.2	1333561	207	final_expected	159	63	1	delong	expected	an	a	idea	name	75	25	5.37	6.03	The group had been brainstorming all day but they still didn't have	for their project.	True	Did the group reach a conclusion?	no
