onset	duration	sample	value	trial_type	sequence_id	item_number	list	task_type	condition	expected_article	unexpected_article	expected_noun	unexpected_noun	expected_cloze	unexpected_cloze	plausibility_expected	plausibility_unexpected	sentence_context	sentence_ending	has_question	question_text	question_answer
146.745	0.2	146745	255	filler_word	n/a	n/a	n/a	delong	n/a	n/a	n/a	n/a	n/a	n/a	n/a	n/a	n/a	n/a	n/a	n/a	n/a	n/a
147.23	0.2	147230	255	filler_word	n/a	n/a	n/a	delong	n/a	n/a	n/a	n/a	n/a	n/a	n/a	n/a	n/a	n/a	n/a	n/a	n/a	n/a
147.715	0.2	147715	255	filler_word	n/a	n/a	n/a	delong	n/a	n/a	n/a	n/a	n/a	n/a	n/a	n/a	n/a	n/a	n/a	n/a	n/a	n/a
148.201	0.2	148201	255	filler_word	n/a	n/a	n/a	delong	n/a	n/a	n/a	n/a	n/a	n/a	n/a	n/a	n/a	n/a	n/a	n/a	n/a	n/a
148.686	0.2	148686	255	filler_word	n/a	n/a	n/a	delong	n/a	n/a	n/a	n/a	n/a	n/a	n/a	n/a	n/a	n/a	n/a	n/a	n/a	n/a
149.171	0.2	149171	255	filler_word	n/a	n/a	n/a	delong	n/a	n/a	n/a	n/a	n/a	n/a	n/a	n/a	n/a	n/a	n/a	n/a	n/a	n/a
149.656	0.2	149656	255	filler_word	n/a	n/a	n/a	delong	n/a	n/a	n/a	n/a	n/a	n/a	n/a	n/a	n/a	n/a	n/a	n/a	n/a	n/a
150.141	0.2	150141	255	filler_word	n/a	n/a	n/a	delong	n/a	n/a	n/a	n/a	n/a	n/a	n/a	n/a	n/a	n/a	n/a	n/a	n/a	n/a
150.627	0.2	150627	255	filler_word	n/a	n/a	n/a	delong	n/a	n/a	n/a	n/a	n/a	n/a	n/a	n/a	n/a	n/a	n/a	n/a	n/a	n/a
151.112	0.2	151112	255	filler_word	n/a	n/a	n/a	delong	n/a	n/a	n/a	n/a	n/a	n/a	n/a	n/a	n/a	n/a	n/a	n/a	n/a	n/a
151.597	0.2	151597	255	filler_word	n/a	n/a	n/a	delong	n/a	n/a	n/a	n/a	n/a	n/a	n/a	n/a	n/a	n/a	n/a	n/a	n/a	n/a
152.082	0.2	152082	255	filler_word	n/a	n/a	n/a	delong	n/a	n/a	n/a	n/a	n/a	n/a	n/a	n/a	n/a	n/a	n/a	n/a	n/a	n/a
152.567	0.2	152567	255	filler_word	n/a	n/a	n/a	delong	n/a	n/a	n/a	n/a	n/a	n/a	n/a	n/a	n/a	n/a	n/a	n/a	n/a	n/a
153.052	0.2	153052	255	filler_word	n/a	n/a	n/a	delong	n/a	n/a	n/a	n/a	n/a	n/a	n/a	n/a	n/a	n/a	n/a	n/a	n/a	n/a
153.538	0.2	153538	255	filler_word	n/a	n/a	n/a	delong	n/a	n/a	n/a	n/a	n/a	n/a	n/a	n/a	n/a	n/a	n/a	n/a	n/a	n/a
154.023	0.2	154023	204	an_unexpected	n/a	n/a	n/a	delong	n/a	n/a	n/a	n/a	n/a	n/a	n/a	n/a	n/a	n/a	n/a	n/a	n/a	n/a
154.073	0.0	154073	2	cloze_marker	n/a	n/a	n/a	delong	n/a	n/a	n/a	n/a	n/a	n/a	n/a	n/a	n/a	n/a	n/a	n/a	n/a	n/a
154.307	0.0	154307	116	item_marker	0	16	2	delong	unexpected	a	an	book	education	75	2	6.48	2.27	James is an avid reader, so for his birthday his sister decided to give him	about Africa.	False	n/a	n/a
154.508	0.2	154508	206	noun_unexpected	0	16	2	delong	unexpected	a	an	book	education	75	2	6.48	2.27	James is an avid reader, so for his birthday his sister decided to give him	about Africa.	False	n/a	n/a
154.558	0.0	154558	200	cloze_marker	0	16	2	delong	unexpected	a	an	book	education	75	2	6.48	2.27	James is an avid reader, so for his birthday his sister decided to give him	about Africa.	False	n/a	n/a
154.792	0.0	154792	116	item_marker	1	16	2	delong	unexpected	a	an	book	education	75	2	6.48	2.27	James is an avid reader, so for his birthday his sister decided to give him	about Africa.	False	n/a	n/a
154.993	0.2	154993	255	filler_word	1	16	2	delong	unexpected	a	an	book	education	75	2	6.48	2.27	James is an avid reader, so for his birthday his sister decided to give him	about Africa.	False	n/a	n/a
155.478	0.2	155478	208	final_unexpected	1	16	2	delong	unexpected	a	an	book	education	75	2	6.48	2.27	James is an avid reader, so for his birthday his sister decided to give him	about Africa.	False	n/a	n/a
158.657	0.2	158657	255	filler_word	1	16	2	delong	unexpected	a	an	book	education	75	2	6.48	2.27	James is an avid reader, so for his birthday his sister decided to give him	about Africa.	False	n/a	n/a
159.142	0.2	159142	255	filler_word	1	16	2	delong	unexpected	a	an	book	education	75	2	6.48	2.27	James is an avid reader, so for his birthday his sister decided to give him	about Africa.	False	n/a	n/a
159.628	0.2	159628	255	filler_word	1	16	2	delong	unexpected	a	an	book	education	75	2	6.48	2.27	James is an avid reader, so for his birthday his sister decided to give him	about Africa.	False	n/a	n/a
160.113	0.2	160113	255	filler_word	1	16	2	delong	unexpected	a	an	book	education	75	2	6.48	2.27	James is an avid reader, so for his birthday his sister decided to give him	about Africa.	False	n/a	n/a
160.598	0.2	160598	255	filler_word	1	16	2	delong	unexpected	a	an	book	education	75	2	6.48	2.27	James is an avid reader, so for his birthday his sister decided to give him	about Africa.	False	n/a	n/a
161.083	0.2	161083	255	filler_word	1	16	2	delong	unexpected	a	an	book	education	75	2	6.48	2.27	James is an avid reader, so for his birthday his sister decided to give him	about Africa.	False	n/a	n/a
161.568	0.2	161568	255	filler_word	1	16	2	delong	unexpected	a	an	book	education	75	2	6.48	2.27	James is an avid reader, so for his birthday his sister decided to give him	about Africa.	False	n/a	n/a
162.053	0.2	162053	255	filler_word	1	16	2	delong	unexpected	a	an	book	education	75	2	6.48	2.27	James is an avid reader, so for his birthday his sister decided to give him	about Africa.	False	n/a	n/a
162.539	0.2	162539	255	filler_word	1	16	2	delong	unexpected	a	an	book	education	75	2	6.48	2.27	James is an avid reader, so for his birthday his sister decided to give him	about Africa.	False	n/a	n/a
163.024	0.2	163024	255	filler_word	1	16	2	delong	unexpected	a	an	book	education	75	2	6.48	2.27	James is an avid reader, so for his birthday his sister decided to give him	about Africa.	False	n/a	n/a
163.509	0.2	163509	255	filler_word	1	16	2	delong	unexpected	a	an	book	education	75	2	6.48	2.27	James is an avid reader, so for his birthday his sister decided to give him	about Africa.	False	n/a	n/a
163.994	0.2	163994	255	filler_word	1	16	2	delong	unexpected	a	an	book	education	75	2	6.48	2.27	James is an avid reader, so for his birthday his sister decided to give him	about Africa.	False	n/a	n/a
164.479	0.2	164479	255	filler_word	1	16	2	delong	unexpected	a	an	book	education	75	2	6.48	2.27	James is an avid reader, so for his birthday his sister decided to give him	about Africa.	False	n/a	n/a
164.965	0.2	164965	255	filler_word	1	16	2	delong	unexpected	a	an	book	education	75	2	6.48	2.27	James is an avid reader, so for his birthday his sister decided to give him	about Africa.	False	n/a	n/a
165.45	0.2	165450	255	filler_word	1	16	2	delong	unexpected	a	an	book	education	75	2	6.48	2.27	James is an avid reader, so for his birthday his sister decided to give him	about Africa.	False	n/a	n/a
165.935	0.2	165935	255	filler_word	1	16	2	delong	unexpected	a	an	book	education	75	2	6.48	2.27	James is an avid reader, so for his birthday his sister decided to give him	about Africa.	False	n/a	n/a
166.42	0.2	166420	255	filler_word	1	16	2	delong	unexpected	a	an	book	education	75	2	6.48	2.27	James is an avid reader, so for his birthday his sister decided to give him	about Africa.	False	n/a	n/a
166.905	0.2	166905	255	filler_word	1	16	2	delong	unexpected	a	an	book	education	75	2	6.48	2.27	James is an avid reader, so for his birthday his sister decided to give him	about Africa.	False	n/a	n/a
167.39	0.2	167390	202	an_expected	1	16	2	delong	unexpected	a	an	book	education	75	2	6.48	2.27	James is an avid reader, so for his birthday his sister decided to give him	about Africa.	False	n/a	n/a
167.44	0.0	167440	89	cloze_marker	1	16	2	delong	unexpected	a	an	book	education	75	2	6.48	2.27	James is an avid reader, so for his birthday his sister decided to give him	about Africa.	False	n/a	n/a
167.675	0.0	167675	105	item_marker	2	5	2	delong	expected	an	a	apology	cheque	89	0	6.23	3.77	Dale was very sorry for what he had said to Bernadette and he knew that he owed her	because she was still upset.	True	Was Dale sorry?	yes
167.876	0.2	167876	205	noun_expected	2	5	2	delong	expected	an	a	apology	cheque	89	0	6.23	3.77	Dale was very sorry for what he had said to Bernadette and he knew that he owed her	because she was still upset.	True	Was Dale sorry?	yes
167.926	0.0	167926	93	cloze_marker	2	5	2	delong	expected	an	a	apology	cheque	89	0	6.23	3.77	Dale was very sorry for what he had said to Bernadette and he knew that he owed her	because she was still upset.	True	Was Dale sorry?	yes
168.16	0.0	168160	105	item_marker	3	5	2	delong	expected	an	a	apology	cheque	89	0	6.23	3.77	Dale was very sorry for what he had said to Bernadette and he knew that he owed her	because she was still upset.	True	Was Dale sorry?	yes
168.361	0.2	168361	255	filler_word	3	5	2	delong	expected	an	a	apology	cheque	89	0	6.23	3.77	Dale was very sorry for what he had said to Bernadette and he knew that he owed her	because she was still upset.	True	Was Dale sorry?	yes
168.846	0.2	168846	255	filler_word	3	5	2	delong	expected	an	a	apology	cheque	89	0	6.23	3.77	Dale was very sorry for what he had said to Bernadette and he knew that he owed her	because she was still upset.	True	Was Dale sorry?	yes
169.331	0.2	169331	255	filler_word	3	5	2	delong	expected	an	a	apology	cheque	89	0	6.23	3.77	Dale was very sorry for what he had said to Bernadette and he knew that he owed her	because she was still upset.	True	Was Dale sorry?	yes
169.816	0.2	169816	255	filler_word	3	5	2	delong	expected	an	a	apology	cheque	89	0	6.23	3.77	Dale was very sorry for what he had said to Bernadette and he knew that he owed her	because she was still upset.	True	Was Dale sorry?	yes
170.302	0.2	170302	207	final_expected	3	5	2	delong	expected	an	a	apology	cheque	89	0	6.23	3.77	Dale was very sorry for what he had said to Bernadette and he knew that he owed her	because she was still upset.	True	Was Dale sorry?	yes
177.295	0.2	177295	255	filler_word	3	5	2	delong	expected	an	a	apology	cheque	89	0	6.23	3.77	Dale was very sorry for what he had said to Bernadette and he knew that he owed her	because she was still upset.	True	Was Dale sorry?	yes
177.78	0.2	177780	255	filler_word	3	5	2	delong	expected	an	a	apology	cheque	89	0	6.23	3.77	Dale was very sorry for what he had said to Bernadette and he knew that he owed her	because she was still upset.	True	Was Dale sorry?	yes
178.265	0.2	178265	255	filler_word	3	5	2	delong	expected	an	a	apology	cheque	89	0	6.23	3.77	Dale was very sorry for what he had said to Bernadette and he knew that he owed her	because she was still upset.	True	Was Dale sorry?	yes
178.75	0.2	178750	255	filler_word	3	5	2	delong	expected	an	a	apology	cheque	89	0	6.23	3.77	Dale was very sorry for what he had said to Bernadette and he knew that he owed her	because she was still upset.	True	Was Dale sorry?	yes
179.236	0.2	179236	255	filler_word	3	5	2	delong	expected	an	a	apology	cheque	89	0	6.23	3.77	Dale was very sorry for what he had said to Bernadette and he knew that he owed her	because she was still upset.	True	Was Dale sorry?	yes
179.721	0.2	179721	255	filler_word	3	5	2	delong	expected	an	a	apology	cheque	89	0	6.23	3.77	Dale was very sorry for what he had said to Bernadette and he knew that he owed her	because she was still upset.	True	Was Dale sorry?	yes
180.206	0.2	180206	255	filler_word	3	5	2	delong	expected	an	a	apology	cheque	89	0	6.23	3.77	Dale was very sorry for what he had said to Bernadette and he knew that he owed her	because she was still upset.	True	Was Dale sorry?	yes
180.691	0.2	180691	255	filler_word	3	5	2	delong	expected	an	a	apology	cheque	89	0	6.23	3.77	Dale was very sorry for what he had said to Bernadette and he knew that he owed her	because she was still upset.	True	Was Dale sorry?	yes
181.176	0.2	181176	255	filler_word	3	5	2	delong	expected	an	a	apology	cheque	89	0	6.23	3.77	Dale was very sorry for what he had said to Bernadette and he knew that he owed her	because she was still upset.	True	Was Dale sorry?	yes
181.662	0.2	181662	255	filler_word	3	5	2	delong	expected	an	a	apology	cheque	89	0	6.23	3.77	Dale was very sorry for what he had said to Bernadette and he knew that he owed her	because she was still upset.	True	Was Dale sorry?	yes
182.147	0.2	182147	255	filler_word	3	5	2	delong	expected	an	a	apology	cheque	89	0	6.23	3.77	Dale was very sorry for what he had said to Bernadette and he knew that he owed her	because she was still upset.	True	Was Dale sorry?	yes
182.632	0.2	182632	255	filler_word	3	5	2	delong	expected	an	a	apology	cheque	89	0	6.23	3.77	Dale was very sorry for what he had said to Bernadette and he knew that he owed her	because she was still upset.	True	Was Dale sorry?	yes
183.117	0.2	183117	255	filler_word	3	5	2	delong	expected	an	a	apology	cheque	89	0	6.23	3.77	Dale was very sorry for what he had said to Bernadette and he knew that he owed her	because she was still upset.	True	Was Dale sorry?	yes
183.602	0.2	183602	255	filler_word	3	5	2	delong	expected	an	a	apology	cheque	89	0	6.23	3.77	Dale was very sorry for what he had said to Bernadette and he knew that he owed her	because she was still upset.	True	Was Dale sorry?	yes
184.087	0.2	184087	255	filler_word	3	5	2	delong	expected	an	a	apology	cheque	89	0	6.23	3.77	Dale was very sorry for what he had said to Bernadette and he knew that he owed her	because she was still upset.	True	Was Dale sorry?	yes
184.573	0.2	184573	255	filler_word	3	5	2	delong	expected	an	a	apology	cheque	89	0	6.23	3.77	Dale was very sorry for what he had said to Bernadette and he knew that he owed her	because she was still upset.	True	Was Dale sorry?	yes
185.058	0.2	185058	255	filler_word	3	5	2	delong	expected	an	a	apology	cheque	89	0	6.23	3.77	Dale was very sorry for what he had said to Bernadette and he knew that he owed her	because she was still upset.	True	Was Dale sorry?	yes
185.543	0.2	185543	255	filler_word	3	5	2	delong	expected	an	a	apology	cheque	89	0	6.23	3.77	Dale was very sorry for what he had said to Bernadette and he knew that he owed her	because she was still upset.	True	Was Dale sorry?	yes
186.028	0.2	186028	255	filler_word	3	5	2	delong	expected	an	a	apology	cheque	89	0	6.23	3.77	Dale was very sorry for what he had said to Bernadette and he knew that he owed her	because she was still upset.	True	Was Dale sorry?	yes
186.513	0.2	186513	255	filler_word	3	5	2	delong	expected	an	a	apology	cheque	89	0	6.23	3.77	Dale was very sorry for what he had said to Bernadette and he knew that he owed her	because she was still upset.	True	Was Dale sorry?	yes
186.999	0.2	186999	255	filler_word	3	5	2	delong	expected	an	a	apology	cheque	89	0	6.23	3.77	Dale was very sorry for what he had said to Bernadette and he knew that he owed her	because she was still upset.	True	Was Dale sorry?	yes
187.484	0.2	187484	255	filler_word	3	5	2	delong	expected	an	a	apology	cheque	89	0	6.23	3.77	Dale was very sorry for what he had said to Bernadette and he knew that he owed her	because she was still upset.	True	Was Dale sorry?	yes
187.969	0.2	187969	255	filler_word	3	5	2	delong	expected	an	a	apology	cheque	89	0	6.23	3.77	Dale was very sorry for what he had said to Bernadette and he knew that he owed her	because she was still upset.	True	Was Dale sorry?	yes
188.454	0.2	188454	203	a_unexpected	3	5	2	delong	expected	an	a	apology	cheque	89	0	6.23	3.77	Dale was very sorry for what he had said to Bernadette and he knew that he owed her	because she was still upset.	True	Was Dale sorry?	yes
188.504	0.0	188504	27	cloze_marker	3	5	2	delong	expected	an	a	apology	cheque	89	0	6.23	3.77	Dale was very sorry for what he had said to Bernadette and he knew that he owed her	because she was still upset.	True	Was Dale sorry?	yes
188.738	0.0	188738	115	item_marker	4	15	2	delong	unexpected	an	a	education	book	59	27	6.23	3.17	Her grandfather always stressed how important it was for Sophia to go to school, because he had never had the opportunity to receive	while growing up.	False	n/a	n/a
188.939	0.2	188939	206	noun_unexpected	4	15	2	delong	unexpected	an	a	education	book	59	27	6.23	3.17	Her grandfather always stressed how important it was for Sophia to go to school, because he had never had the opportunity to receive	while growing up.	False	n/a	n/a
188.989	0.0	188989	200	cloze_marker	4	15	2	delong	unexpected	an	a	education	book	59	27	6.23	3.17	Her grandfather always stressed how important it was for Sophia to go to school, because he had never had the opportunity to receive	while growing up.	False	n/a	n/a
189.224	0.0	189224	115	item_marker	5	15	2	delong	unexpected	an	a	education	book	59	27	6.23	3.17	Her grandfather always stressed how important it was for Sophia to go to school, because he had never had the opportunity to receive	while growing up.	False	n/a	n/a
189.424	0.2	189424	255	filler_word	5	15	2	delong	unexpected	an	a	education	book	59	27	6.23	3.17	Her grandfather always stressed how important it was for Sophia to go to school, because he had never had the opportunity to receive	while growing up.	False	n/a	n/a
189.91	0.2	189910	255	filler_word	5	15	2	delong	unexpected	an	a	education	book	59	27	6.23	3.17	Her grandfather always stressed how important it was for Sophia to go to school, because he had never had the opportunity to receive	while growing up.	False	n/a	n/a
190.395	0.2	190395	208	final_unexpected	5	15	2	delong	unexpected	an	a	education	book	59	27	6.23	3.17	Her grandfather always stressed how important it was for Sophia to go to school, because he had never had the opportunity to receive	while growing up.	False	n/a	n/a
193.406	0.2	193406	255	filler_word	5	15	2	delong	unexpected	an	a	education	book	59	27	6.23	3.17	Her grandfather always stressed how important it was for Sophia to go to school, because he had never had the opportunity to receive	while growing up.	False	n/a	n/a
193.891	0.2	193891	255	filler_word	5	15	2	delong	unexpected	an	a	education	book	59	27	6.23	3.17	Her grandfather always stressed how important it was for Sophia to go to school, because he had never had the opportunity to receive	while growing up.	False	n/a	n/a
194.377	0.2	194377	255	filler_word	5	15	2	delong	unexpected	an	a	education	book	59	27	6.23	3.17	Her grandfather always stressed how important it was for Sophia to go to school, because he had never had the opportunity to receive	while growing up.	False	n/a	n/a
194.862	0.2	194862	255	filler_word	5	15	2	delong	unexpected	an	a	education	book	59	27	6.23	3.17	Her grandfather always stressed how important it was for Sophia to go to school, because he had never had the opportunity to receive	while growing up.	False	n/a	n/a
195.347	0.2	195347	255	filler_word	5	15	2	delong	unexpected	an	a	education	book	59	27	6.23	3.17	Her grandfather always stressed how important it was for Sophia to go to school, because he had never had the opportunity to receive	while growing up.	False	n/a	n/a
195.832	0.2	195832	255	filler_word	5	15	2	delong	unexpected	an	a	education	book	59	27	6.23	3.17	Her grandfather always stressed how important it was for Sophia to go to school, because he had never had the opportunity to receive	while growing up.	False	n/a	n/a
196.317	0.2	196317	255	filler_word	5	15	2	delong	unexpected	an	a	education	book	59	27	6.23	3.17	Her grandfather always stressed how important it was for Sophia to go to school, because he had never had the opportunity to receive	while growing up.	False	n/a	n/a
196.803	0.2	196803	255	filler_word	5	15	2	delong	unexpected	an	a	education	book	59	27	6.23	3.17	Her grandfather always stressed how important it was for Sophia to go to school, because he had never had the opportunity to receive	while growing up.	False	n/a	n/a
197.288	0.2	197288	255	filler_word	5	15	2	delong	unexpected	an	a	education	book	59	27	6.23	3.17	Her grandfather always stressed how important it was for Sophia to go to school, because he had never had the opportunity to receive	while growing up.	False	n/a	n/a
197.773	0.2	197773	255	filler_word	5	15	2	delong	unexpected	an	a	education	book	59	27	6.23	3.17	Her grandfather always stressed how important it was for Sophia to go to school, because he had never had the opportunity to receive	while growing up.	False	n/a	n/a
198.258	0.2	198258	255	filler_word	5	15	2	delong	unexpected	an	a	education	book	59	27	6.23	3.17	Her grandfather always stressed how important it was for Sophia to go to school, because he had never had the opportunity to receive	while growing up.	False	n/a	n/a
198.743	0.2	198743	255	filler_word	5	15	2	delong	unexpected	an	a	education	book	59	27	6.23	3.17	Her grandfather always stressed how important it was for Sophia to go to school, because he had never had the opportunity to receive	while growing up.	False	n/a	n/a
199.228	0.2	199228	255	filler_word	5	15	2	delong	unexpected	an	a	education	book	59	27	6.23	3.17	Her grandfather always stressed how important it was for Sophia to go to school, because he had never had the opportunity to receive	while growing up.	False	n/a	n/a
199.714	0.2	199714	255	filler_word	5	15	2	delong	unexpected	an	a	education	book	59	27	6.23	3.17	Her grandfather always stressed how important it was for Sophia to go to school, because he had never had the opportunity to receive	while growing up.	False	n/a	n/a
200.199	0.2	200199	255	filler_word	5	15	2	delong	unexpected	an	a	education	book	59	27	6.23	3.17	Her grandfather always stressed how important it was for Sophia to go to school, because he had never had the opportunity to receive	while growing up.	False	n/a	n/a
200.684	0.2	200684	255	filler_word	5	15	2	delong	unexpected	an	a	education	book	59	27	6.23	3.17	Her grandfather always stressed how important it was for Sophia to go to school, because he had never had the opportunity to receive	while growing up.	False	n/a	n/a
201.169	0.2	201169	255	filler_word	5	15	2	delong	unexpected	an	a	education	book	59	27	6.23	3.17	Her grandfather always stressed how important it was for Sophia to go to school, because he had never had the opportunity to receive	while growing up.	False	n/a	n/a
201.654	0.2	201654	201	a_expected	5	15	2	delong	unexpected	an	a	education	book	59	27	6.23	3.17	Her grandfather always stressed how important it was for Sophia to go to school, because he had never had the opportunity to receive	while growing up.	False	n/a	n/a
201.704	0.0	201704	98	cloze_marker	5	15	2	delong	unexpected	an	a	education	book	59	27	6.23	3.17	Her grandfather always stressed how important it was for Sophia to go to school, because he had never had the opportunity to receive	while growing up.	False	n/a	n/a
201.939	0.0	201939	102	item_marker	6	2	2	delong	expected	a	an	carrot	apple	98	0	6.35	2.83	For the snowman's eyes the children used two pieces of coal, and for its nose they used	from the fridge.	True	Did they build a snowman?	yes
202.14	0.2	202140	205	noun_expected	6	2	2	delong	expected	a	an	carrot	apple	98	0	6.35	2.83	For the snowman's eyes the children used two pieces of coal, and for its nose they used	from the fridge.	True	Did they build a snowman?	yes
202.19	0.0	202190	100	cloze_marker	6	2	2	delong	expected	a	an	carrot	apple	98	0	6.35	2.83	For the snowman's eyes the children used two pieces of coal, and for its nose they used	from the fridge.	True	Did they build a snowman?	yes
202.424	0.0	202424	102	item_marker	7	2	2	delong	expected	a	an	carrot	apple	98	0	6.35	2.83	For the snowman's eyes the children used two pieces of coal, and for its nose they used	from the fridge.	True	Did they build a snowman?	yes
202.625	0.2	202625	255	filler_word	7	2	2	delong	expected	a	an	carrot	apple	98	0	6.35	2.83	For the snowman's eyes the children used two pieces of coal, and for its nose they used	from the fridge.	True	Did they build a snowman?	yes
203.11	0.2	203110	255	filler_word	7	2	2	delong	expected	a	an	carrot	apple	98	0	6.35	2.83	For the snowman's eyes the children used two pieces of coal, and for its nose they used	from the fridge.	True	Did they build a snowman?	yes
203.595	0.2	203595	207	final_expected	7	2	2	delong	expected	a	an	carrot	apple	98	0	6.35	2.83	For the snowman's eyes the children used two pieces of coal, and for its nose they used	from the fridge.	True	Did they build a snowman?	yes
212.947	0.2	212947	255	filler_word	7	2	2	delong	expected	a	an	carrot	apple	98	0	6.35	2.83	For the snowman's eyes the children used two pieces of coal, and for its nose they used	from the fridge.	True	Did they build a snowman?	yes
213.433	0.2	213433	255	filler_word	7	2	2	delong	expected	a	an	carrot	apple	98	0	6.35	2.83	For the snowman's eyes the children used two pieces of coal, and for its nose they used	from the fridge.	True	Did they build a snowman?	yes
213.918	0.2	213918	255	filler_word	7	2	2	delong	expected	a	an	carrot	apple	98	0	6.35	2.83	For the snowman's eyes the children used two pieces of coal, and for its nose they used	from the fridge.	True	Did they build a snowman?	yes
214.403	0.2	214403	255	filler_word	7	2	2	delong	expected	a	an	carrot	apple	98	0	6.35	2.83	For the snowman's eyes the children used two pieces of coal, and for its nose they used	from the fridge.	True	Did they build a snowman?	yes
214.888	0.2	214888	255	filler_word	7	2	2	delong	expected	a	an	carrot	apple	98	0	6.35	2.83	For the snowman's eyes the children used two pieces of coal, and for its nose they used	from the fridge.	True	Did they build a snowman?	yes
215.373	0.2	215373	255	filler_word	7	2	2	delong	expected	a	an	carrot	apple	98	0	6.35	2.83	For the snowman's eyes the children used two pieces of coal, and for its nose they used	from the fridge.	True	Did they build a snowman?	yes
215.859	0.2	215859	255	filler_word	7	2	2	delong	expected	a	an	carrot	apple	98	0	6.35	2.83	For the snowman's eyes the children used two pieces of coal, and for its nose they used	from the fridge.	True	Did they build a snowman?	yes
216.344	0.2	216344	255	filler_word	7	2	2	delong	expected	a	an	carrot	apple	98	0	6.35	2.83	For the snowman's eyes the children used two pieces of coal, and for its nose they used	from the fridge.	True	Did they build a snowman?	yes
216.829	0.2	216829	255	filler_word	7	2	2	delong	expected	a	an	carrot	apple	98	0	6.35	2.83	For the snowman's eyes the children used two pieces of coal, and for its nose they used	from the fridge.	True	Did they build a snowman?	yes
217.314	0.2	217314	255	filler_word	7	2	2	delong	expected	a	an	carrot	apple	98	0	6.35	2.83	For the snowman's eyes the children used two pieces of coal, and for its nose they used	from the fridge.	True	Did they build a snowman?	yes
217.799	0.2	217799	255	filler_word	7	2	2	delong	expected	a	an	carrot	apple	98	0	6.35	2.83	For the snowman's eyes the children used two pieces of coal, and for its nose they used	from the fridge.	True	Did they build a snowman?	yes
218.284	0.2	218284	255	filler_word	7	2	2	delong	expected	a	an	carrot	apple	98	0	6.35	2.83	For the snowman's eyes the children used two pieces of coal, and for its nose they used	from the fridge.	True	Did they build a snowman?	yes
218.77	0.2	218770	255	filler_word	7	2	2	delong	expected	a	an	carrot	apple	98	0	6.35	2.83	For the snowman's eyes the children used two pieces of coal, and for its nose they used	from the fridge.	True	Did they build a snowman?	yes
219.255	0.2	219255	255	filler_word	7	2	2	delong	expected	a	an	carrot	apple	98	0	6.35	2.83	For the snowman's eyes the children used two pieces of coal, and for its nose they used	from the fridge.	True	Did they build a snowman?	yes
219.74	0.2	219740	255	filler_word	7	2	2	delong	expected	a	an	carrot	apple	98	0	6.35	2.83	For the snowman's eyes the children used two pieces of coal, and for its nose they used	from the fridge.	True	Did they build a snowman?	yes
220.225	0.2	220225	255	filler_word	7	2	2	delong	expected	a	an	carrot	apple	98	0	6.35	2.83	For the snowman's eyes the children used two pieces of coal, and for its nose they used	from the fridge.	True	Did they build a snowman?	yes
220.71	0.2	220710	202	an_expected	7	2	2	delong	expected	a	an	carrot	apple	98	0	6.35	2.83	For the snowman's eyes the children used two pieces of coal, and for its nose they used	from the fridge.	True	Did they build a snowman?	yes
220.76	0.0	220760	70	cloze_marker	7	2	2	delong	expected	a	an	carrot	apple	98	0	6.35	2.83	For the snowman's eyes the children used two pieces of coal, and for its nose they used	from the fridge.	True	Did they build a snowman?	yes
220.995	0.0	220995	117	item_marker	8	17	2	delong	expected	an	a	election	parade	70	20	5.63	4.58	When the representative retired in the middle of his term, the state was forced to hold	in his district.	False	n/a	n/a
221.196	0.2	221196	205	noun_expected	8	17	2	delong	expected	an	a	election	parade	70	20	5.63	4.58	When the representative retired in the middle of his term, the state was forced to hold	in his district.	False	n/a	n/a
221.245	0.0	221245	62	cloze_marker	8	17	2	delong	expected	an	a	election	parade	70	20	5.63	4.58	When the representative retired in the middle of his term, the state was forced to hold	in his district.	False	n/a	n/a
221.48	0.0	221480	117	item_marker	9	17	2	delong	expected	an	a	election	parade	70	20	5.63	4.58	When the representative retired in the middle of his term, the state was forced to hold	in his district.	False	n/a	n/a
221.681	0.2	221681	255	filler_word	9	17	2	delong	expected	an	a	election	parade	70	20	5.63	4.58	When the representative retired in the middle of his term, the state was forced to hold	in his district.	False	n/a	n/a
222.166	0.2	222166	255	filler_word	9	17	2	delong	expected	an	a	election	parade	70	20	5.63	4.58	When the representative retired in the middle of his term, the state was forced to hold	in his district.	False	n/a	n/a
222.651	0.2	222651	207	final_expected	9	17	2	delong	expected	an	a	election	parade	70	20	5.63	4.58	When the representative retired in the middle of his term, the state was forced to hold	in his district.	False	n/a	n/a
225.863	0.2	225863	255	filler_word	9	17	2	delong	expected	an	a	election	parade	70	20	5.63	4.58	When the representative retired in the middle of his term, the state was forced to hold	in his district.	False	n/a	n/a
226.348	0.2	226348	255	filler_word	9	17	2	delong	expected	an	a	election	parade	70	20	5.63	4.58	When the representative retired in the middle of his term, the state was forced to hold	in his district.	False	n/a	n/a
226.834	0.2	226834	255	filler_word	9	17	2	delong	expected	an	a	election	parade	70	20	5.63	4.58	When the representative retired in the middle of his term, the state was forced to hold	in his district.	False	n/a	n/a
227.319	0.2	227319	255	filler_word	9	17	2	delong	expected	an	a	election	parade	70	20	5.63	4.58	When the representative retired in the middle of his term, the state was forced to hold	in his district.	False	n/a	n/a
227.804	0.2	227804	255	filler_word	9	17	2	delong	expected	an	a	election	parade	70	20	5.63	4.58	When the representative retired in the middle of his term, the state was forced to hold	in his district.	False	n/a	n/a
228.289	0.2	228289	255	filler_word	9	17	2	delong	expected	an	a	election	parade	70	20	5.63	4.58	When the representative retired in the middle of his term, the state was forced to hold	in his district.	False	n/a	n/a
228.774	0.2	228774	255	filler_word	9	17	2	delong	expected	an	a	election	parade	70	20	5.63	4.58	When the representative retired in the middle of his term, the state was forced to hold	in his district.	False	n/a	n/a
229.26	0.2	229260	255	filler_word	9	17	2	delong	expected	an	a	election	parade	70	20	5.63	4.58	When the representative retired in the middle of his term, the state was forced to hold	in his district.	False	n/a	n/a
229.745	0.2	229745	255	filler_word	9	17	2	delong	expected	an	a	election	parade	70	20	5.63	4.58	When the representative retired in the middle of his term, the state was forced to hold	in his district.	False	n/a	n/a
230.23	0.2	230230	255	filler_word	9	17	2	delong	expected	an	a	election	parade	70	20	5.63	4.58	When the representative retired in the middle of his term, the state was forced to hold	in his district.	False	n/a	n/a
230.715	0.2	230715	255	filler_word	9	17	2	delong	expected	an	a	election	parade	70	20	5.63	4.58	When the representative retired in the middle of his term, the state was forced to hold	in his district.	False	n/a	n/a
231.2	0.2	231200	204	an_unexpected	9	17	2	delong	expected	an	a	election	parade	70	20	5.63	4.58	When the representative retired in the middle of his term, the state was forced to hold	in his district.	False	n/a	n/a
231.25	0.0	231250	200	cloze_marker	9	17	2	delong	expected	an	a	election	parade	70	20	5.63	4.58	When the representative retired in the middle of his term, the state was forced to hold	in his district.	False	n/a	n/a
231.485	0.0	231485	108	item_marker	10	8	2	delong	unexpected	a	an	kite	aeroplane	61	0	6.06	2.93	The day was breezy so the boy went outside to fly	in the park.	True	Was the day breezy?	yes
231.685	0.2	231685	206	noun_unexpected	10	8	2	delong	unexpected	a	an	kite	aeroplane	61	0	6.06	2.93	The day was breezy so the boy went outside to fly	in the park.	True	Was the day breezy?	yes
231.735	0.0	231735	34	cloze_marker	10	8	2	delong	unexpected	a	an	kite	aeroplane	61	0	6.06	2.93	The day was breezy so the boy went outside to fly	in the park.	True	Was the day breezy?	yes
231.97	0.0	231970	108	item_marker	11	8	2	delong	unexpected	a	an	kite	aeroplane	61	0	6.06	2.93	The day was breezy so the boy went outside to fly	in the park.	True	Was the day breezy?	yes
232.171	0.2	232171	255	filler_word	11	8	2	delong	unexpected	a	an	kite	aeroplane	61	0	6.06	2.93	The day was breezy so the boy went outside to fly	in the park.	True	Was the day breezy?	yes
232.656	0.2	232656	255	filler_word	11	8	2	delong	unexpected	a	an	kite	aeroplane	61	0	6.06	2.93	The day was breezy so the boy went outside to fly	in the park.	True	Was the day breezy?	yes
233.141	0.2	233141	208	final_unexpected	11	8	2	delong	unexpected	a	an	kite	aeroplane	61	0	6.06	2.93	The day was breezy so the boy went outside to fly	in the park.	True	Was the day breezy?	yes
237.474	0.2	237474	255	filler_word	11	8	2	delong	unexpected	a	an	kite	aeroplane	61	0	6.06	2.93	The day was breezy so the boy went outside to fly	in the park.	True	Was the day breezy?	yes
237.959	0.2	237959	255	filler_word	11	8	2	delong	unexpected	a	an	kite	aeroplane	61	0	6.06	2.93	The day was breezy so the boy went outside to fly	in the park.	True	Was the day breezy?	yes
238.445	0.2	238445	255	filler_word	11	8	2	delong	unexpected	a	an	kite	aeroplane	61	0	6.06	2.93	The day was breezy so the boy went outside to fly	in the park.	True	Was the day breezy?	yes
238.93	0.2	238930	255	filler_word	11	8	2	delong	unexpected	a	an	kite	aeroplane	61	0	6.06	2.93	The day was breezy so the boy went outside to fly	in the park.	True	Was the day breezy?	yes
239.415	0.2	239415	255	filler_word	11	8	2	delong	unexpected	a	an	kite	aeroplane	61	0	6.06	2.93	The day was breezy so the boy went outside to fly	in the park.	True	Was the day breezy?	yes
239.9	0.2	239900	255	filler_word	11	8	2	delong	unexpected	a	an	kite	aeroplane	61	0	6.06	2.93	The day was breezy so the boy went outside to fly	in the park.	True	Was the day breezy?	yes
240.385	0.2	240385	255	filler_word	11	8	2	delong	unexpected	a	an	kite	aeroplane	61	0	6.06	2.93	The day was breezy so the boy went outside to fly	in the park.	True	Was the day breezy?	yes
240.87	0.2	240870	255	filler_word	11	8	2	delong	unexpected	a	an	kite	aeroplane	61	0	6.06	2.93	The day was breezy so the boy went outside to fly	in the park.	True	Was the day breezy?	yes
241.356	0.2	241356	255	filler_word	11	8	2	delong	unexpected	a	an	kite	aeroplane	61	0	6.06	2.93	The day was breezy so the boy went outside to fly	in the park.	True	Was the day breezy?	yes
241.841	0.2	241841	255	filler_word	11	8	2	delong	unexpected	a	an	kite	aeroplane	61	0	6.06	2.93	The day was breezy so the boy went outside to fly	in the park.	True	Was the day breezy?	yes
242.326	0.2	242326	255	filler_word	11	8	2	delong	unexpected	a	an	kite	aeroplane	61	0	6.06	2.93	The day was breezy so the boy went outside to fly	in the park.	True	Was the day breezy?	yes
242.811	0.2	242811	255	filler_word	11	8	2	delong	unexpected	a	an	kite	aeroplane	61	0	6.06	2.93	The day was breezy so the boy went outside to fly	in the park.	True	Was the day breezy?	yes
243.296	0.2	243296	255	filler_word	11	8	2	delong	unexpected	a	an	kite	aeroplane	61	0	6.06	2.93	The day was breezy so the boy went outside to fly	in the park.	True	Was the day breezy?	yes
243.782	0.2	243782	201	a_expected	11	8	2	delong	unexpected	a	an	kite	aeroplane	61	0	6.06	2.93	The day was breezy so the boy went outside to fly	in the park.	True	Was the day breezy?	yes
243.831	0.0	243831	93	cloze_marker	11	8	2	delong	unexpected	a	an	kite	aeroplane	61	0	6.06	2.93	The day was breezy so the boy went outside to fly	in the park.	True	Was the day breezy?	yes
244.066	0.0	244066	106	item_marker	12	6	2	delong	expected	a	an	cheque	apology	93	0	4.53	2.32	The bakery did not accept credit cards so Peter would have to write	to the owner.	False	n/a	n/a
244.267	0.2	244267	205	noun_expected	12	6	2	delong	expected	a	an	cheque	apology	93	0	4.53	2.32	The bakery did not accept credit cards so Peter would have to write	to the owner.	False	n/a	n/a
244.317	0.0	244317	100	cloze_marker	12	6	2	delong	expected	a	an	cheque	apology	93	0	4.53	2.32	The bakery did not accept credit cards so Peter would have to write	to the owner.	False	n/a	n/a
244.551	0.0	244551	106	item_marker	13	6	2	delong	expected	a	an	cheque	apology	93	0	4.53	2.32	The bakery did not accept credit cards so Peter would have to write	to the owner.	False	n/a	n/a
244.752	0.2	244752	255	filler_word	13	6	2	delong	expected	a	an	cheque	apology	93	0	4.53	2.32	The bakery did not accept credit cards so Peter would have to write	to the owner.	False	n/a	n/a
245.237	0.2	245237	255	filler_word	13	6	2	delong	expected	a	an	cheque	apology	93	0	4.53	2.32	The bakery did not accept credit cards so Peter would have to write	to the owner.	False	n/a	n/a
245.722	0.2	245722	207	final_expected	13	6	2	delong	expected	a	an	cheque	apology	93	0	4.53	2.32	The bakery did not accept credit cards so Peter would have to write	to the owner.	False	n/a	n/a
248.349	0.2	248349	255	filler_word	13	6	2	delong	expected	a	an	cheque	apology	93	0	4.53	2.32	The bakery did not accept credit cards so Peter would have to write	to the owner.	False	n/a	n/a
248.834	0.2	248834	255	filler_word	13	6	2	delong	expected	a	an	cheque	apology	93	0	4.53	2.32	The bakery did not accept credit cards so Peter would have to write	to the owner.	False	n/a	n/a
249.319	0.2	249319	255	filler_word	13	6	2	delong	expected	a	an	cheque	apology	93	0	4.53	2.32	The bakery did not accept credit cards so Peter would have to write	to the owner.	False	n/a	n/a
249.805	0.2	249805	255	filler_word	13	6	2	delong	expected	a	an	cheque	apology	93	0	4.53	2.32	The bakery did not accept credit cards so Peter would have to write	to the owner.	False	n/a	n/a
250.29	0.2	250290	255	filler_word	13	6	2	delong	expected	a	an	cheque	apology	93	0	4.53	2.32	The bakery did not accept credit cards so Peter would have to write	to the owner.	False	n/a	n/a
250.775	0.2	250775	255	filler_word	13	6	2	delong	expected	a	an	cheque	apology	93	0	4.53	2.32	The bakery did not accept credit cards so Peter would have to write	to the owner.	False	n/a	n/a
251.26	0.2	251260	255	filler_word	13	6	2	delong	expected	a	an	cheque	apology	93	0	4.53	2.32	The bakery did not accept credit cards so Peter would have to write	to the owner.	False	n/a	n/a
251.745	0.2	251745	255	filler_word	13	6	2	delong	expected	a	an	cheque	apology	93	0	4.53	2.32	The bakery did not accept credit cards so Peter would have to write	to the owner.	False	n/a	n/a
252.23	0.2	252230	255	filler_word	13	6	2	delong	expected	a	an	cheque	apology	93	0	4.53	2.32	The bakery did not accept credit cards so Peter would have to write	to the owner.	False	n/a	n/a
252.716	0.2	252716	255	filler_word	13	6	2	delong	expected	a	an	cheque	apology	93	0	4.53	2.32	The bakery did not accept credit cards so Peter would have to write	to the owner.	False	n/a	n/a
253.201	0.2	253201	255	filler_word	13	6	2	delong	expected	a	an	cheque	apology	93	0	4.53	2.32	The bakery did not accept credit cards so Peter would have to write	to the owner.	False	n/a	n/a
253.686	0.2	253686	255	filler_word	13	6	2	delong	expected	a	an	cheque	apology	93	0	4.53	2.32	The bakery did not accept credit cards so Peter would have to write	to the owner.	False	n/a	n/a
254.171	0.2	254171	202	an_expected	13	6	2	delong	expected	a	an	cheque	apology	93	0	4.53	2.32	The bakery did not accept credit cards so Peter would have to write	to the owner.	False	n/a	n/a
254.221	0.0	254221	61	cloze_marker	13	6	2	delong	expected	a	an	cheque	apology	93	0	4.53	2.32	The bakery did not accept credit cards so Peter would have to write	to the owner.	False	n/a	n/a
254.456	0.0	254456	113	item_marker	14	13	2	delong	expected	an	a	artist	student	61	36	5.73	5.23	On a street corner in Paris Kim had her portrait painted by	for three euros.	False	n/a	n/a
254.656	0.2	254656	205	noun_expected	14	13	2	delong	expected	an	a	artist	student	61	36	5.73	5.23	On a street corner in Paris Kim had her portrait painted by	for three euros.	False	n/a	n/a
254.706	0.0	254706	97	cloze_marker	14	13	2	delong	expected	an	a	artist	student	61	36	5.73	5.23	On a street corner in Paris Kim had her portrait painted by	for three euros.	False	n/a	n/a
254.941	0.0	254941	113	item_marker	15	13	2	delong	expected	an	a	artist	student	61	36	5.73	5.23	On a street corner in Paris Kim had her portrait painted by	for three euros.	False	n/a	n/a
255.142	0.2	255142	255	filler_word	15	13	2	delong	expected	an	a	artist	student	61	36	5.73	5.23	On a street corner in Paris Kim had her portrait painted by	for three euros.	False	n/a	n/a
255.627	0.2	255627	255	filler_word	15	13	2	delong	expected	an	a	artist	student	61	36	5.73	5.23	On a street corner in Paris Kim had her portrait painted by	for three euros.	False	n/a	n/a
256.112	0.2	256112	207	final_expected	15	13	2	delong	expected	an	a	artist	student	61	36	5.73	5.23	On a street corner in Paris Kim had her portrait painted by	for three euros.	False	n/a	n/a
258.722	0.2	258722	255	filler_word	15	13	2	delong	expected	an	a	artist	student	61	36	5.73	5.23	On a street corner in Paris Kim had her portrait painted by	for three euros.	False	n/a	n/a
259.207	0.2	259207	255	filler_word	15	13	2	delong	expected	an	a	artist	student	61	36	5.73	5.23	On a street corner in Paris Kim had her portrait painted by	for three euros.	False	n/a	n/a
259.692	0.2	259692	255	filler_word	15	13	2	delong	expected	an	a	artist	student	61	36	5.73	5.23	On a street corner in Paris Kim had her portrait painted by	for three euros.	False	n/a	n/a
260.177	0.2	260177	255	filler_word	15	13	2	delong	expected	an	a	artist	student	61	36	5.73	5.23	On a street corner in Paris Kim had her portrait painted by	for three euros.	False	n/a	n/a
260.663	0.2	260663	255	filler_word	15	13	2	delong	expected	an	a	artist	student	61	36	5.73	5.23	On a street corner in Paris Kim had her portrait painted by	for three euros.	False	n/a	n/a
261.148	0.2	261148	255	filler_word	15	13	2	delong	expected	an	a	artist	student	61	36	5.73	5.23	On a street corner in Paris Kim had her portrait painted by	for three euros.	False	n/a	n/a
261.633	0.2	261633	255	filler_word	15	13	2	delong	expected	an	a	artist	student	61	36	5.73	5.23	On a street corner in Paris Kim had her portrait painted by	for three euros.	False	n/a	n/a
262.118	0.2	262118	255	filler_word	15	13	2	delong	expected	an	a	artist	student	61	36	5.73	5.23	On a street corner in Paris Kim had her portrait painted by	for three euros.	False	n/a	n/a
262.603	0.2	262603	255	filler_word	15	13	2	delong	expected	an	a	artist	student	61	36	5.73	5.23	On a street corner in Paris Kim had her portrait painted by	for three euros.	False	n/a	n/a
263.088	0.2	263088	255	filler_word	15	13	2	delong	expected	an	a	artist	student	61	36	5.73	5.23	On a street corner in Paris Kim had her portrait painted by	for three euros.	False	n/a	n/a
263.574	0.2	263574	255	filler_word	15	13	2	delong	expected	an	a	artist	student	61	36	5.73	5.23	On a street corner in Paris Kim had her portrait painted by	for three euros.	False	n/a	n/a
264.059	0.2	264059	203	a_unexpected	15	13	2	delong	expected	an	a	artist	student	61	36	5.73	5.23	On a street corner in Paris Kim had her portrait painted by	for three euros.	False	n/a	n/a
264.109	0.0	264109	39	cloze_marker	15	13	2	delong	expected	an	a	artist	student	61	36	5.73	5.23	On a street corner in Paris Kim had her portrait painted by	for three euros.	False	n/a	n/a
264.343	0.0	264343	103	item_marker	16	3	2	delong	unexpected	an	a	accent	lisp	55	39	6.13	6.0	It was difficult to understand the foreign professor because he had	when he spoke.	False	n/a	n/a
264.544	0.2	264544	206	noun_unexpected	16	3	2	delong	unexpected	an	a	accent	lisp	55	39	6.13	6.0	It was difficult to understand the foreign professor because he had	when he spoke.	False	n/a	n/a
264.594	0.0	264594	7	cloze_marker	16	3	2	delong	unexpected	an	a	accent	lisp	55	39	6.13	6.0	It was difficult to understand the foreign professor because he had	when he spoke.	False	n/a	n/a
264.828	0.0	264828	103	item_marker	17	3	2	delong	unexpected	an	a	accent	lisp	55	39	6.13	6.0	It was difficult to understand the foreign professor because he had	when he spoke.	False	n/a	n/a
265.029	0.2	265029	255	filler_word	17	3	2	delong	unexpected	an	a	accent	lisp	55	39	6.13	6.0	It was difficult to understand the foreign professor because he had	when he spoke.	False	n/a	n/a
265.514	0.2	265514	255	filler_word	17	3	2	delong	unexpected	an	a	accent	lisp	55	39	6.13	6.0	It was difficult to understand the foreign professor because he had	when he spoke.	False	n/a	n/a
266.0	0.2	266000	208	final_unexpected	17	3	2	delong	unexpected	an	a	accent	lisp	55	39	6.13	6.0	It was difficult to understand the foreign professor because he had	when he spoke.	False	n/a	n/a
268.643	0.2	268643	255	filler_word	17	3	2	delong	unexpected	an	a	accent	lisp	55	39	6.13	6.0	It was difficult to understand the foreign professor because he had	when he spoke.	False	n/a	n/a
269.128	0.2	269128	255	filler_word	17	3	2	delong	unexpected	an	a	accent	lisp	55	39	6.13	6.0	It was difficult to understand the foreign professor because he had	when he spoke.	False	n/a	n/a
269.613	0.2	269613	255	filler_word	17	3	2	delong	unexpected	an	a	accent	lisp	55	39	6.13	6.0	It was difficult to understand the foreign professor because he had	when he spoke.	False	n/a	n/a
270.099	0.2	270099	255	filler_word	17	3	2	delong	unexpected	an	a	accent	lisp	55	39	6.13	6.0	It was difficult to understand the foreign professor because he had	when he spoke.	False	n/a	n/a
270.584	0.2	270584	255	filler_word	17	3	2	delong	unexpected	an	a	accent	lisp	55	39	6.13	6.0	It was difficult to understand the foreign professor because he had	when he spoke.	False	n/a	n/a
271.069	0.2	271069	255	filler_word	17	3	2	delong	unexpected	an	a	accent	lisp	55	39	6.13	6.0	It was difficult to understand the foreign professor because he had	when he spoke.	False	n/a	n/a
271.554	0.2	271554	255	filler_word	17	3	2	delong	unexpected	an	a	accent	lisp	55	39	6.13	6.0	It was difficult to understand the foreign professor because he had	when he spoke.	False	n/a	n/a
272.039	0.2	272039	255	filler_word	17	3	2	delong	unexpected	an	a	accent	lisp	55	39	6.13	6.0	It was difficult to understand the foreign professor because he had	when he spoke.	False	n/a	n/a
272.524	0.2	272524	255	filler_word	17	3	2	delong	unexpected	an	a	accent	lisp	55	39	6.13	6.0	It was difficult to understand the foreign professor because he had	when he spoke.	False	n/a	n/a
273.01	0.2	273010	255	filler_word	17	3	2	delong	unexpected	an	a	accent	lisp	55	39	6.13	6.0	It was difficult to understand the foreign professor because he had	when he spoke.	False	n/a	n/a
273.495	0.2	273495	255	filler_word	17	3	2	delong	unexpected	an	a	accent	lisp	55	39	6.13	6.0	It was difficult to understand the foreign professor because he had	when he spoke.	False	n/a	n/a
273.98	0.2	273980	201	a_expected	17	3	2	delong	unexpected	an	a	accent	lisp	55	39	6.13	6.0	It was difficult to understand the foreign professor because he had	when he spoke.	False	n/a	n/a
274.03	0.0	274030	95	cloze_marker	17	3	2	delong	unexpected	an	a	accent	lisp	55	39	6.13	6.0	It was difficult to understand the foreign professor because he had	when he spoke.	False	n/a	n/a
274.264	0.0	274264	118	item_marker	18	18	2	delong	expected	a	an	parade	election	95	0	5.77	3.52	Without the floats and the marching bands it wasn't much of	this year.	False	n/a	n/a
274.465	0.2	274465	205	noun_expected	18	18	2	delong	expected	a	an	parade	election	95	0	5.77	3.52	Without the floats and the marching bands it wasn't much of	this year.	False	n/a	n/a
274.515	0.0	274515	87	cloze_marker	18	18	2	delong	expected	a	an	parade	election	95	0	5.77	3.52	Without the floats and the marching bands it wasn't much of	this year.	False	n/a	n/a
274.75	0.0	274750	118	item_marker	19	18	2	delong	expected	a	an	parade	election	95	0	5.77	3.52	Without the floats and the marching bands it wasn't much of	this year.	False	n/a	n/a
274.95	0.2	274950	255	filler_word	19	18	2	delong	expected	a	an	parade	election	95	0	5.77	3.52	Without the floats and the marching bands it wasn't much of	this year.	False	n/a	n/a
275.436	0.2	275436	207	final_expected	19	18	2	delong	expected	a	an	parade	election	95	0	5.77	3.52	Without the floats and the marching bands it wasn't much of	this year.	False	n/a	n/a
278.045	0.2	278045	255	filler_word	19	18	2	delong	expected	a	an	parade	election	95	0	5.77	3.52	Without the floats and the marching bands it wasn't much of	this year.	False	n/a	n/a
278.531	0.2	278531	255	filler_word	19	18	2	delong	expected	a	an	parade	election	95	0	5.77	3.52	Without the floats and the marching bands it wasn't much of	this year.	False	n/a	n/a
279.016	0.2	279016	255	filler_word	19	18	2	delong	expected	a	an	parade	election	95	0	5.77	3.52	Without the floats and the marching bands it wasn't much of	this year.	False	n/a	n/a
279.501	0.2	279501	255	filler_word	19	18	2	delong	expected	a	an	parade	election	95	0	5.77	3.52	Without the floats and the marching bands it wasn't much of	this year.	False	n/a	n/a
279.986	0.2	279986	255	filler_word	19	18	2	delong	expected	a	an	parade	election	95	0	5.77	3.52	Without the floats and the marching bands it wasn't much of	this year.	False	n/a	n/a
280.471	0.2	280471	255	filler_word	19	18	2	delong	expected	a	an	parade	election	95	0	5.77	3.52	Without the floats and the marching bands it wasn't much of	this year.	False	n/a	n/a
280.957	0.2	280957	255	filler_word	19	18	2	delong	expected	a	an	parade	election	95	0	5.77	3.52	Without the floats and the marching bands it wasn't much of	this year.	False	n/a	n/a
281.442	0.2	281442	201	a_expected	19	18	2	delong	expected	a	an	parade	election	95	0	5.77	3.52	Without the floats and the marching bands it wasn't much of	this year.	False	n/a	n/a
281.492	0.0	281492	25	cloze_marker	19	18	2	delong	expected	a	an	parade	election	95	0	5.77	3.52	Without the floats and the marching bands it wasn't much of	this year.	False	n/a	n/a
281.726	0.0	281726	110	item_marker	20	10	2	delong	expected	a	an	bird	echo	25	0	6.39	3.87	The tweeting in the treetops sounded like	to Melissa.	False	n/a	n/a
281.927	0.2	281927	205	noun_expected	20	10	2	delong	expected	a	an	bird	echo	25	0	6.39	3.87	The tweeting in the treetops sounded like	to Melissa.	False	n/a	n/a
281.977	0.0	281977	80	cloze_marker	20	10	2	delong	expected	a	an	bird	echo	25	0	6.39	3.87	The tweeting in the treetops sounded like	to Melissa.	False	n/a	n/a
282.211	0.0	282211	110	item_marker	21	10	2	delong	expected	a	an	bird	echo	25	0	6.39	3.87	The tweeting in the treetops sounded like	to Melissa.	False	n/a	n/a
282.412	0.2	282412	255	filler_word	21	10	2	delong	expected	a	an	bird	echo	25	0	6.39	3.87	The tweeting in the treetops sounded like	to Melissa.	False	n/a	n/a
282.897	0.2	282897	207	final_expected	21	10	2	delong	expected	a	an	bird	echo	25	0	6.39	3.87	The tweeting in the treetops sounded like	to Melissa.	False	n/a	n/a
285.173	0.2	285173	255	filler_word	21	10	2	delong	expected	a	an	bird	echo	25	0	6.39	3.87	The tweeting in the treetops sounded like	to Melissa.	False	n/a	n/a
285.658	0.2	285658	255	filler_word	21	10	2	delong	expected	a	an	bird	echo	25	0	6.39	3.87	The tweeting in the treetops sounded like	to Melissa.	False	n/a	n/a
286.143	0.2	286143	255	filler_word	21	10	2	delong	expected	a	an	bird	echo	25	0	6.39	3.87	The tweeting in the treetops sounded like	to Melissa.	False	n/a	n/a
286.628	0.2	286628	255	filler_word	21	10	2	delong	expected	a	an	bird	echo	25	0	6.39	3.87	The tweeting in the treetops sounded like	to Melissa.	False	n/a	n/a
287.113	0.2	287113	255	filler_word	21	10	2	delong	expected	a	an	bird	echo	25	0	6.39	3.87	The tweeting in the treetops sounded like	to Melissa.	False	n/a	n/a
287.599	0.2	287599	255	filler_word	21	10	2	delong	expected	a	an	bird	echo	25	0	6.39	3.87	The tweeting in the treetops sounded like	to Melissa.	False	n/a	n/a
288.084	0.2	288084	255	filler_word	21	10	2	delong	expected	a	an	bird	echo	25	0	6.39	3.87	The tweeting in the treetops sounded like	to Melissa.	False	n/a	n/a
288.569	0.2	288569	255	filler_word	21	10	2	delong	expected	a	an	bird	echo	25	0	6.39	3.87	The tweeting in the treetops sounded like	to Melissa.	False	n/a	n/a
289.054	0.2	289054	255	filler_word	21	10	2	delong	expected	a	an	bird	echo	25	0	6.39	3.87	The tweeting in the treetops sounded like	to Melissa.	False	n/a	n/a
289.539	0.2	289539	255	filler_word	21	10	2	delong	expected	a	an	bird	echo	25	0	6.39	3.87	The tweeting in the treetops sounded like	to Melissa.	False	n/a	n/a
290.024	0.2	290024	255	filler_word	21	10	2	delong	expected	a	an	bird	echo	25	0	6.39	3.87	The tweeting in the treetops sounded like	to Melissa.	False	n/a	n/a
290.51	0.2	290510	255	filler_word	21	10	2	delong	expected	a	an	bird	echo	25	0	6.39	3.87	The tweeting in the treetops sounded like	to Melissa.	False	n/a	n/a
290.995	0.2	290995	255	filler_word	21	10	2	delong	expected	a	an	bird	echo	25	0	6.39	3.87	The tweeting in the treetops sounded like	to Melissa.	False	n/a	n/a
291.48	0.2	291480	255	filler_word	21	10	2	delong	expected	a	an	bird	echo	25	0	6.39	3.87	The tweeting in the treetops sounded like	to Melissa.	False	n/a	n/a
291.965	0.2	291965	255	filler_word	21	10	2	delong	expected	a	an	bird	echo	25	0	6.39	3.87	The tweeting in the treetops sounded like	to Melissa.	False	n/a	n/a
292.45	0.2	292450	204	an_unexpected	21	10	2	delong	expected	a	an	bird	echo	25	0	6.39	3.87	The tweeting in the treetops sounded like	to Melissa.	False	n/a	n/a
292.5	0.0	292500	200	cloze_marker	21	10	2	delong	expected	a	an	bird	echo	25	0	6.39	3.87	The tweeting in the treetops sounded like	to Melissa.	False	n/a	n/a
292.735	0.0	292735	104	item_marker	22	4	2	delong	unexpected	a	an	lisp	accent	86	0	5.97	4.16	Katie did not like to say words with the letter s because she spoke with	and was embarrassed.	False	n/a	n/a
292.936	0.2	292936	206	noun_unexpected	22	4	2	delong	unexpected	a	an	lisp	accent	86	0	5.97	4.16	Katie did not like to say words with the letter s because she spoke with	and was embarrassed.	False	n/a	n/a
292.986	0.0	292986	20	cloze_marker	22	4	2	delong	unexpected	a	an	lisp	accent	86	0	5.97	4.16	Katie did not like to say words with the letter s because she spoke with	and was embarrassed.	False	n/a	n/a
293.22	0.0	293220	104	item_marker	23	4	2	delong	unexpected	a	an	lisp	accent	86	0	5.97	4.16	Katie did not like to say words with the letter s because she spoke with	and was embarrassed.	False	n/a	n/a
293.421	0.2	293421	255	filler_word	23	4	2	delong	unexpected	a	an	lisp	accent	86	0	5.97	4.16	Katie did not like to say words with the letter s because she spoke with	and was embarrassed.	False	n/a	n/a
293.906	0.2	293906	255	filler_word	23	4	2	delong	unexpected	a	an	lisp	accent	86	0	5.97	4.16	Katie did not like to say words with the letter s because she spoke with	and was embarrassed.	False	n/a	n/a
294.391	0.2	294391	208	final_unexpected	23	4	2	delong	unexpected	a	an	lisp	accent	86	0	5.97	4.16	Katie did not like to say words with the letter s because she spoke with	and was embarrassed.	False	n/a	n/a
297.152	0.2	297152	255	filler_word	23	4	2	delong	unexpected	a	an	lisp	accent	86	0	5.97	4.16	Katie did not like to say words with the letter s because she spoke with	and was embarrassed.	False	n/a	n/a
297.637	0.2	297637	255	filler_word	23	4	2	delong	unexpected	a	an	lisp	accent	86	0	5.97	4.16	Katie did not like to say words with the letter s because she spoke with	and was embarrassed.	False	n/a	n/a
298.122	0.2	298122	255	filler_word	23	4	2	delong	unexpected	a	an	lisp	accent	86	0	5.97	4.16	Katie did not like to say words with the letter s because she spoke with	and was embarrassed.	False	n/a	n/a
298.607	0.2	298607	255	filler_word	23	4	2	delong	unexpected	a	an	lisp	accent	86	0	5.97	4.16	Katie did not like to say words with the letter s because she spoke with	and was embarrassed.	False	n/a	n/a
299.092	0.2	299092	255	filler_word	23	4	2	delong	unexpected	a	an	lisp	accent	86	0	5.97	4.16	Katie did not like to say words with the letter s because she spoke with	and was embarrassed.	False	n/a	n/a
299.578	0.2	299578	255	filler_word	23	4	2	delong	unexpected	a	an	lisp	accent	86	0	5.97	4.16	Katie did not like to say words with the letter s because she spoke with	and was embarrassed.	False	n/a	n/a
300.063	0.2	300063	255	filler_word	23	4	2	delong	unexpected	a	an	lisp	accent	86	0	5.97	4.16	Katie did not like to say words with the letter s because she spoke with	and was embarrassed.	False	n/a	n/a
300.548	0.2	300548	255	filler_word	23	4	2	delong	unexpected	a	an	lisp	accent	86	0	5.97	4.16	Katie did not like to say words with the letter s because she spoke with	and was embarrassed.	False	n/a	n/a
301.033	0.2	301033	255	filler_word	23	4	2	delong	unexpected	a	an	lisp	accent	86	0	5.97	4.16	Katie did not like to say words with the letter s because she spoke with	and was embarrassed.	False	n/a	n/a
301.518	0.2	301518	255	filler_word	23	4	2	delong	unexpected	a	an	lisp	accent	86	0	5.97	4.16	Katie did not like to say words with the letter s because she spoke with	and was embarrassed.	False	n/a	n/a
302.003	0.2	302003	255	filler_word	23	4	2	delong	unexpected	a	an	lisp	accent	86	0	5.97	4.16	Katie did not like to say words with the letter s because she spoke with	and was embarrassed.	False	n/a	n/a
302.489	0.2	302489	255	filler_word	23	4	2	delong	unexpected	a	an	lisp	accent	86	0	5.97	4.16	Katie did not like to say words with the letter s because she spoke with	and was embarrassed.	False	n/a	n/a
302.974	0.2	302974	255	filler_word	23	4	2	delong	unexpected	a	an	lisp	accent	86	0	5.97	4.16	Katie did not like to say words with the letter s because she spoke with	and was embarrassed.	False	n/a	n/a
303.459	0.2	303459	255	filler_word	23	4	2	delong	unexpected	a	an	lisp	accent	86	0	5.97	4.16	Katie did not like to say words with the letter s because she spoke with	and was embarrassed.	False	n/a	n/a
303.944	0.2	303944	255	filler_word	23	4	2	delong	unexpected	a	an	lisp	accent	86	0	5.97	4.16	Katie did not like to say words with the letter s because she spoke with	and was embarrassed.	False	n/a	n/a
304.429	0.2	304429	255	filler_word	23	4	2	delong	unexpected	a	an	lisp	accent	86	0	5.97	4.16	Katie did not like to say words with the letter s because she spoke with	and was embarrassed.	False	n/a	n/a
304.915	0.2	304915	255	filler_word	23	4	2	delong	unexpected	a	an	lisp	accent	86	0	5.97	4.16	Katie did not like to say words with the letter s because she spoke with	and was embarrassed.	False	n/a	n/a
305.4	0.2	305400	255	filler_word	23	4	2	delong	unexpected	a	an	lisp	accent	86	0	5.97	4.16	Katie did not like to say words with the letter s because she spoke with	and was embarrassed.	False	n/a	n/a
305.885	0.2	305885	202	an_expected	23	4	2	delong	unexpected	a	an	lisp	accent	86	0	5.97	4.16	Katie did not like to say words with the letter s because she spoke with	and was embarrassed.	False	n/a	n/a
305.935	0.0	305935	82	cloze_marker	23	4	2	delong	unexpected	a	an	lisp	accent	86	0	5.97	4.16	Katie did not like to say words with the letter s because she spoke with	and was embarrassed.	False	n/a	n/a
306.169	0.0	306169	101	item_marker	24	1	2	delong	expected	an	a	apple	carrot	82	0	4.87	2.23	The old wives' tale says that if you want to keep the doctor away then you should eat	a day.	False	n/a	n/a
306.37	0.2	306370	205	noun_expected	24	1	2	delong	expected	an	a	apple	carrot	82	0	4.87	2.23	The old wives' tale says that if you want to keep the doctor away then you should eat	a day.	False	n/a	n/a
306.42	0.0	306420	97	cloze_marker	24	1	2	delong	expected	an	a	apple	carrot	82	0	4.87	2.23	The old wives' tale says that if you want to keep the doctor away then you should eat	a day.	False	n/a	n/a
306.655	0.0	306655	101	item_marker	25	1	2	delong	expected	an	a	apple	carrot	82	0	4.87	2.23	The old wives' tale says that if you want to keep the doctor away then you should eat	a day.	False	n/a	n/a
306.855	0.2	306855	255	filler_word	25	1	2	delong	expected	an	a	apple	carrot	82	0	4.87	2.23	The old wives' tale says that if you want to keep the doctor away then you should eat	a day.	False	n/a	n/a
307.34	0.2	307340	207	final_expected	25	1	2	delong	expected	an	a	apple	carrot	82	0	4.87	2.23	The old wives' tale says that if you want to keep the doctor away then you should eat	a day.	False	n/a	n/a
310.001	0.2	310001	255	filler_word	25	1	2	delong	expected	an	a	apple	carrot	82	0	4.87	2.23	The old wives' tale says that if you want to keep the doctor away then you should eat	a day.	False	n/a	n/a
310.486	0.2	310486	255	filler_word	25	1	2	delong	expected	an	a	apple	carrot	82	0	4.87	2.23	The old wives' tale says that if you want to keep the doctor away then you should eat	a day.	False	n/a	n/a
310.971	0.2	310971	255	filler_word	25	1	2	delong	expected	an	a	apple	carrot	82	0	4.87	2.23	The old wives' tale says that if you want to keep the doctor away then you should eat	a day.	False	n/a	n/a
311.456	0.2	311456	255	filler_word	25	1	2	delong	expected	an	a	apple	carrot	82	0	4.87	2.23	The old wives' tale says that if you want to keep the doctor away then you should eat	a day.	False	n/a	n/a
311.941	0.2	311941	255	filler_word	25	1	2	delong	expected	an	a	apple	carrot	82	0	4.87	2.23	The old wives' tale says that if you want to keep the doctor away then you should eat	a day.	False	n/a	n/a
312.427	0.2	312427	255	filler_word	25	1	2	delong	expected	an	a	apple	carrot	82	0	4.87	2.23	The old wives' tale says that if you want to keep the doctor away then you should eat	a day.	False	n/a	n/a
312.912	0.2	312912	255	filler_word	25	1	2	delong	expected	an	a	apple	carrot	82	0	4.87	2.23	The old wives' tale says that if you want to keep the doctor away then you should eat	a day.	False	n/a	n/a
313.397	0.2	313397	255	filler_word	25	1	2	delong	expected	an	a	apple	carrot	82	0	4.87	2.23	The old wives' tale says that if you want to keep the doctor away then you should eat	a day.	False	n/a	n/a
313.882	0.2	313882	255	filler_word	25	1	2	delong	expected	an	a	apple	carrot	82	0	4.87	2.23	The old wives' tale says that if you want to keep the doctor away then you should eat	a day.	False	n/a	n/a
314.367	0.2	314367	255	filler_word	25	1	2	delong	expected	an	a	apple	carrot	82	0	4.87	2.23	The old wives' tale says that if you want to keep the doctor away then you should eat	a day.	False	n/a	n/a
314.852	0.2	314852	255	filler_word	25	1	2	delong	expected	an	a	apple	carrot	82	0	4.87	2.23	The old wives' tale says that if you want to keep the doctor away then you should eat	a day.	False	n/a	n/a
315.338	0.2	315338	255	filler_word	25	1	2	delong	expected	an	a	apple	carrot	82	0	4.87	2.23	The old wives' tale says that if you want to keep the doctor away then you should eat	a day.	False	n/a	n/a
315.823	0.2	315823	255	filler_word	25	1	2	delong	expected	an	a	apple	carrot	82	0	4.87	2.23	The old wives' tale says that if you want to keep the doctor away then you should eat	a day.	False	n/a	n/a
316.308	0.2	316308	255	filler_word	25	1	2	delong	expected	an	a	apple	carrot	82	0	4.87	2.23	The old wives' tale says that if you want to keep the doctor away then you should eat	a day.	False	n/a	n/a
316.793	0.2	316793	255	filler_word	25	1	2	delong	expected	an	a	apple	carrot	82	0	4.87	2.23	The old wives' tale says that if you want to keep the doctor away then you should eat	a day.	False	n/a	n/a
317.278	0.2	317278	255	filler_word	25	1	2	delong	expected	an	a	apple	carrot	82	0	4.87	2.23	The old wives' tale says that if you want to keep the doctor away then you should eat	a day.	False	n/a	n/a
317.764	0.2	317764	255	filler_word	25	1	2	delong	expected	an	a	apple	carrot	82	0	4.87	2.23	The old wives' tale says that if you want to keep the doctor away then you should eat	a day.	False	n/a	n/a
318.249	0.2	318249	255	filler_word	25	1	2	delong	expected	an	a	apple	carrot	82	0	4.87	2.23	The old wives' tale says that if you want to keep the doctor away then you should eat	a day.	False	n/a	n/a
318.734	0.2	318734	255	filler_word	25	1	2	delong	expected	an	a	apple	carrot	82	0	4.87	2.23	The old wives' tale says that if you want to keep the doctor away then you should eat	a day.	False	n/a	n/a
319.219	0.2	319219	203	a_unexpected	25	1	2	delong	expected	an	a	apple	carrot	82	0	4.87	2.23	The old wives' tale says that if you want to keep the doctor away then you should eat	a day.	False	n/a	n/a
319.269	0.0	319269	2	cloze_marker	25	1	2	delong	expected	an	a	apple	carrot	82	0	4.87	2.23	The old wives' tale says that if you want to keep the doctor away then you should eat	a day.	False	n/a	n/a
319.503	0.0	319503	119	item_marker	26	19	2	delong	unexpected	an	a	affair	fight	98	2	6.52	2.07	When her husband started staying late at the office every night, Joanne began to suspect that he was having	with someone at work.	False	n/a	n/a
319.704	0.2	319704	206	noun_unexpected	26	19	2	delong	unexpected	an	a	affair	fight	98	2	6.52	2.07	When her husband started staying late at the office every night, Joanne began to suspect that he was having	with someone at work.	False	n/a	n/a
319.754	0.0	319754	200	cloze_marker	26	19	2	delong	unexpected	an	a	affair	fight	98	2	6.52	2.07	When her husband started staying late at the office every night, Joanne began to suspect that he was having	with someone at work.	False	n/a	n/a
319.989	0.0	319989	119	item_marker	27	19	2	delong	unexpected	an	a	affair	fight	98	2	6.52	2.07	When her husband started staying late at the office every night, Joanne began to suspect that he was having	with someone at work.	False	n/a	n/a
320.189	0.2	320189	255	filler_word	27	19	2	delong	unexpected	an	a	affair	fight	98	2	6.52	2.07	When her husband started staying late at the office every night, Joanne began to suspect that he was having	with someone at work.	False	n/a	n/a
320.675	0.2	320675	255	filler_word	27	19	2	delong	unexpected	an	a	affair	fight	98	2	6.52	2.07	When her husband started staying late at the office every night, Joanne began to suspect that he was having	with someone at work.	False	n/a	n/a
321.16	0.2	321160	255	filler_word	27	19	2	delong	unexpected	an	a	affair	fight	98	2	6.52	2.07	When her husband started staying late at the office every night, Joanne began to suspect that he was having	with someone at work.	False	n/a	n/a
321.645	0.2	321645	208	final_unexpected	27	19	2	delong	unexpected	an	a	affair	fight	98	2	6.52	2.07	When her husband started staying late at the office every night, Joanne began to suspect that he was having	with someone at work.	False	n/a	n/a
324.339	0.2	324339	255	filler_word	27	19	2	delong	unexpected	an	a	affair	fight	98	2	6.52	2.07	When her husband started staying late at the office every night, Joanne began to suspect that he was having	with someone at work.	False	n/a	n/a
324.824	0.2	324824	255	filler_word	27	19	2	delong	unexpected	an	a	affair	fight	98	2	6.52	2.07	When her husband started staying late at the office every night, Joanne began to suspect that he was having	with someone at work.	False	n/a	n/a
325.309	0.2	325309	255	filler_word	27	19	2	delong	unexpected	an	a	affair	fight	98	2	6.52	2.07	When her husband started staying late at the office every night, Joanne began to suspect that he was having	with someone at work.	False	n/a	n/a
325.794	0.2	325794	255	filler_word	27	19	2	delong	unexpected	an	a	affair	fight	98	2	6.52	2.07	When her husband started staying late at the office every night, Joanne began to suspect that he was having	with someone at work.	False	n/a	n/a
326.279	0.2	326279	255	filler_word	27	19	2	delong	unexpected	an	a	affair	fight	98	2	6.52	2.07	When her husband started staying late at the office every night, Joanne began to suspect that he was having	with someone at work.	False	n/a	n/a
326.764	0.2	326764	255	filler_word	27	19	2	delong	unexpected	an	a	affair	fight	98	2	6.52	2.07	When her husband started staying late at the office every night, Joanne began to suspect that he was having	with someone at work.	False	n/a	n/a
327.25	0.2	327250	255	filler_word	27	19	2	delong	unexpected	an	a	affair	fight	98	2	6.52	2.07	When her husband started staying late at the office every night, Joanne began to suspect that he was having	with someone at work.	False	n/a	n/a
327.735	0.2	327735	255	filler_word	27	19	2	delong	unexpected	an	a	affair	fight	98	2	6.52	2.07	When her husband started staying late at the office every night, Joanne began to suspect that he was having	with someone at work.	False	n/a	n/a
328.22	0.2	328220	255	filler_word	27	19	2	delong	unexpected	an	a	affair	fight	98	2	6.52	2.07	When her husband started staying late at the office every night, Joanne began to suspect that he was having	with someone at work.	False	n/a	n/a
328.705	0.2	328705	255	filler_word	27	19	2	delong	unexpected	an	a	affair	fight	98	2	6.52	2.07	When her husband started staying late at the office every night, Joanne began to suspect that he was having	with someone at work.	False	n/a	n/a
329.19	0.2	329190	255	filler_word	27	19	2	delong	unexpected	an	a	affair	fight	98	2	6.52	2.07	When her husband started staying late at the office every night, Joanne began to suspect that he was having	with someone at work.	False	n/a	n/a
329.676	0.2	329676	255	filler_word	27	19	2	delong	unexpected	an	a	affair	fight	98	2	6.52	2.07	When her husband started staying late at the office every night, Joanne began to suspect that he was having	with someone at work.	False	n/a	n/a
330.161	0.2	330161	255	filler_word	27	19	2	delong	unexpected	an	a	affair	fight	98	2	6.52	2.07	When her husband started staying late at the office every night, Joanne began to suspect that he was having	with someone at work.	False	n/a	n/a
330.646	0.2	330646	255	filler_word	27	19	2	delong	unexpected	an	a	affair	fight	98	2	6.52	2.07	When her husband started staying late at the office every night, Joanne began to suspect that he was having	with someone at work.	False	n/a	n/a
331.131	0.2	331131	255	filler_word	27	19	2	delong	unexpected	an	a	affair	fight	98	2	6.52	2.07	When her husband started staying late at the office every night, Joanne began to suspect that he was having	with someone at work.	False	n/a	n/a
331.616	0.2	331616	204	an_unexpected	27	19	2	delong	unexpected	an	a	affair	fight	98	2	6.52	2.07	When her husband started staying late at the office every night, Joanne began to suspect that he was having	with someone at work.	False	n/a	n/a
331.666	0.0	331666	9	cloze_marker	27	19	2	delong	unexpected	an	a	affair	fight	98	2	6.52	2.07	When her husband started staying late at the office every night, Joanne began to suspect that he was having	with someone at work.	False	n/a	n/a
331.901	0.0	331901	120	item_marker	28	20	2	delong	unexpected	a	an	fight	affair	75	9	6.19	3.2	Whenever Josh had too much to drink, he became belligerent and would try to start	with someone in the bar.	True	Would Josh sing if drunk?	no
332.101	0.2	332101	206	noun_unexpected	28	20	2	delong	unexpected	a	an	fight	affair	75	9	6.19	3.2	Whenever Josh had too much to drink, he became belligerent and would try to start	with someone in the bar.	True	Would Josh sing if drunk?	no
332.151	0.0	332151	200	cloze_marker	28	20	2	delong	unexpected	a	an	fight	affair	75	9	6.19	3.2	Whenever Josh had too much to drink, he became belligerent and would try to start	with someone in the bar.	True	Would Josh sing if drunk?	no
332.386	0.0	332386	120	item_marker	29	20	2	delong	unexpected	a	an	fight	affair	75	9	6.19	3.2	Whenever Josh had too much to drink, he became belligerent and would try to start	with someone in the bar.	True	Would Josh sing if drunk?	no
332.587	0.2	332587	255	filler_word	29	20	2	delong	unexpected	a	an	fight	affair	75	9	6.19	3.2	Whenever Josh had too much to drink, he became belligerent and would try to start	with someone in the bar.	True	Would Josh sing if drunk?	no
333.072	0.2	333072	255	filler_word	29	20	2	delong	unexpected	a	an	fight	affair	75	9	6.19	3.2	Whenever Josh had too much to drink, he became belligerent and would try to start	with someone in the bar.	True	Would Josh sing if drunk?	no
333.557	0.2	333557	255	filler_word	29	20	2	delong	unexpected	a	an	fight	affair	75	9	6.19	3.2	Whenever Josh had too much to drink, he became belligerent and would try to start	with someone in the bar.	True	Would Josh sing if drunk?	no
334.042	0.2	334042	255	filler_word	29	20	2	delong	unexpected	a	an	fight	affair	75	9	6.19	3.2	Whenever Josh had too much to drink, he became belligerent and would try to start	with someone in the bar.	True	Would Josh sing if drunk?	no
334.527	0.2	334527	208	final_unexpected	29	20	2	delong	unexpected	a	an	fight	affair	75	9	6.19	3.2	Whenever Josh had too much to drink, he became belligerent and would try to start	with someone in the bar.	True	Would Josh sing if drunk?	no
339.781	0.2	339781	255	filler_word	29	20	2	delong	unexpected	a	an	fight	affair	75	9	6.19	3.2	Whenever Josh had too much to drink, he became belligerent and would try to start	with someone in the bar.	True	Would Josh sing if drunk?	no
340.266	0.2	340266	255	filler_word	29	20	2	delong	unexpected	a	an	fight	affair	75	9	6.19	3.2	Whenever Josh had too much to drink, he became belligerent and would try to start	with someone in the bar.	True	Would Josh sing if drunk?	no
340.751	0.2	340751	255	filler_word	29	20	2	delong	unexpected	a	an	fight	affair	75	9	6.19	3.2	Whenever Josh had too much to drink, he became belligerent and would try to start	with someone in the bar.	True	Would Josh sing if drunk?	no
341.236	0.2	341236	255	filler_word	29	20	2	delong	unexpected	a	an	fight	affair	75	9	6.19	3.2	Whenever Josh had too much to drink, he became belligerent and would try to start	with someone in the bar.	True	Would Josh sing if drunk?	no
341.721	0.2	341721	255	filler_word	29	20	2	delong	unexpected	a	an	fight	affair	75	9	6.19	3.2	Whenever Josh had too much to drink, he became belligerent and would try to start	with someone in the bar.	True	Would Josh sing if drunk?	no
342.207	0.2	342207	255	filler_word	29	20	2	delong	unexpected	a	an	fight	affair	75	9	6.19	3.2	Whenever Josh had too much to drink, he became belligerent and would try to start	with someone in the bar.	True	Would Josh sing if drunk?	no
342.692	0.2	342692	255	filler_word	29	20	2	delong	unexpected	a	an	fight	affair	75	9	6.19	3.2	Whenever Josh had too much to drink, he became belligerent and would try to start	with someone in the bar.	True	Would Josh sing if drunk?	no
343.177	0.2	343177	255	filler_word	29	20	2	delong	unexpected	a	an	fight	affair	75	9	6.19	3.2	Whenever Josh had too much to drink, he became belligerent and would try to start	with someone in the bar.	True	Would Josh sing if drunk?	no
343.662	0.2	343662	255	filler_word	29	20	2	delong	unexpected	a	an	fight	affair	75	9	6.19	3.2	Whenever Josh had too much to drink, he became belligerent and would try to start	with someone in the bar.	True	Would Josh sing if drunk?	no
344.147	0.2	344147	255	filler_word	29	20	2	delong	unexpected	a	an	fight	affair	75	9	6.19	3.2	Whenever Josh had too much to drink, he became belligerent and would try to start	with someone in the bar.	True	Would Josh sing if drunk?	no
344.633	0.2	344633	255	filler_word	29	20	2	delong	unexpected	a	an	fight	affair	75	9	6.19	3.2	Whenever Josh had too much to drink, he became belligerent and would try to start	with someone in the bar.	True	Would Josh sing if drunk?	no
345.118	0.2	345118	255	filler_word	29	20	2	delong	unexpected	a	an	fight	affair	75	9	6.19	3.2	Whenever Josh had too much to drink, he became belligerent and would try to start	with someone in the bar.	True	Would Josh sing if drunk?	no
345.603	0.2	345603	255	filler_word	29	20	2	delong	unexpected	a	an	fight	affair	75	9	6.19	3.2	Whenever Josh had too much to drink, he became belligerent and would try to start	with someone in the bar.	True	Would Josh sing if drunk?	no
346.088	0.2	346088	255	filler_word	29	20	2	delong	unexpected	a	an	fight	affair	75	9	6.19	3.2	Whenever Josh had too much to drink, he became belligerent and would try to start	with someone in the bar.	True	Would Josh sing if drunk?	no
346.573	0.2	346573	255	filler_word	29	20	2	delong	unexpected	a	an	fight	affair	75	9	6.19	3.2	Whenever Josh had too much to drink, he became belligerent and would try to start	with someone in the bar.	True	Would Josh sing if drunk?	no
347.058	0.2	347058	255	filler_word	29	20	2	delong	unexpected	a	an	fight	affair	75	9	6.19	3.2	Whenever Josh had too much to drink, he became belligerent and would try to start	with someone in the bar.	True	Would Josh sing if drunk?	no
347.544	0.2	347544	255	filler_word	29	20	2	delong	unexpected	a	an	fight	affair	75	9	6.19	3.2	Whenever Josh had too much to drink, he became belligerent and would try to start	with someone in the bar.	True	Would Josh sing if drunk?	no
348.029	0.2	348029	255	filler_word	29	20	2	delong	unexpected	a	an	fight	affair	75	9	6.19	3.2	Whenever Josh had too much to drink, he became belligerent and would try to start	with someone in the bar.	True	Would Josh sing if drunk?	no
348.514	0.2	348514	255	filler_word	29	20	2	delong	unexpected	a	an	fight	affair	75	9	6.19	3.2	Whenever Josh had too much to drink, he became belligerent and would try to start	with someone in the bar.	True	Would Josh sing if drunk?	no
348.999	0.2	348999	255	filler_word	29	20	2	delong	unexpected	a	an	fight	affair	75	9	6.19	3.2	Whenever Josh had too much to drink, he became belligerent and would try to start	with someone in the bar.	True	Would Josh sing if drunk?	no
349.484	0.2	349484	203	a_unexpected	29	20	2	delong	unexpected	a	an	fight	affair	75	9	6.19	3.2	Whenever Josh had too much to drink, he became belligerent and would try to start	with someone in the bar.	True	Would Josh sing if drunk?	no
349.534	0.0	349534	18	cloze_marker	29	20	2	delong	unexpected	a	an	fight	affair	75	9	6.19	3.2	Whenever Josh had too much to drink, he became belligerent and would try to start	with someone in the bar.	True	Would Josh sing if drunk?	no
349.769	0.0	349769	107	item_marker	30	7	2	delong	unexpected	an	a	aeroplane	kite	77	18	5.74	2.87	Although the idea of flight was as old as the hills, the Wright Brothers were the first people to build	that actually flew.	False	n/a	n/a
349.97	0.2	349970	206	noun_unexpected	30	7	2	delong	unexpected	an	a	aeroplane	kite	77	18	5.74	2.87	Although the idea of flight was as old as the hills, the Wright Brothers were the first people to build	that actually flew.	False	n/a	n/a
350.019	0.0	350019	200	cloze_marker	30	7	2	delong	unexpected	an	a	aeroplane	kite	77	18	5.74	2.87	Although the idea of flight was as old as the hills, the Wright Brothers were the first people to build	that actually flew.	False	n/a	n/a
350.254	0.0	350254	107	item_marker	31	7	2	delong	unexpected	an	a	aeroplane	kite	77	18	5.74	2.87	Although the idea of flight was as old as the hills, the Wright Brothers were the first people to build	that actually flew.	False	n/a	n/a
350.455	0.2	350455	255	filler_word	31	7	2	delong	unexpected	an	a	aeroplane	kite	77	18	5.74	2.87	Although the idea of flight was as old as the hills, the Wright Brothers were the first people to build	that actually flew.	False	n/a	n/a
350.94	0.2	350940	255	filler_word	31	7	2	delong	unexpected	an	a	aeroplane	kite	77	18	5.74	2.87	Although the idea of flight was as old as the hills, the Wright Brothers were the first people to build	that actually flew.	False	n/a	n/a
351.425	0.2	351425	208	final_unexpected	31	7	2	delong	unexpected	an	a	aeroplane	kite	77	18	5.74	2.87	Although the idea of flight was as old as the hills, the Wright Brothers were the first people to build	that actually flew.	False	n/a	n/a
353.918	0.2	353918	255	filler_word	31	7	2	delong	unexpected	an	a	aeroplane	kite	77	18	5.74	2.87	Although the idea of flight was as old as the hills, the Wright Brothers were the first people to build	that actually flew.	False	n/a	n/a
354.403	0.2	354403	255	filler_word	31	7	2	delong	unexpected	an	a	aeroplane	kite	77	18	5.74	2.87	Although the idea of flight was as old as the hills, the Wright Brothers were the first people to build	that actually flew.	False	n/a	n/a
354.888	0.2	354888	255	filler_word	31	7	2	delong	unexpected	an	a	aeroplane	kite	77	18	5.74	2.87	Although the idea of flight was as old as the hills, the Wright Brothers were the first people to build	that actually flew.	False	n/a	n/a
355.373	0.2	355373	255	filler_word	31	7	2	delong	unexpected	an	a	aeroplane	kite	77	18	5.74	2.87	Although the idea of flight was as old as the hills, the Wright Brothers were the first people to build	that actually flew.	False	n/a	n/a
355.859	0.2	355859	255	filler_word	31	7	2	delong	unexpected	an	a	aeroplane	kite	77	18	5.74	2.87	Although the idea of flight was as old as the hills, the Wright Brothers were the first people to build	that actually flew.	False	n/a	n/a
356.344	0.2	356344	255	filler_word	31	7	2	delong	unexpected	an	a	aeroplane	kite	77	18	5.74	2.87	Although the idea of flight was as old as the hills, the Wright Brothers were the first people to build	that actually flew.	False	n/a	n/a
356.829	0.2	356829	255	filler_word	31	7	2	delong	unexpected	an	a	aeroplane	kite	77	18	5.74	2.87	Although the idea of flight was as old as the hills, the Wright Brothers were the first people to build	that actually flew.	False	n/a	n/a
357.314	0.2	357314	255	filler_word	31	7	2	delong	unexpected	an	a	aeroplane	kite	77	18	5.74	2.87	Although the idea of flight was as old as the hills, the Wright Brothers were the first people to build	that actually flew.	False	n/a	n/a
357.799	0.2	357799	255	filler_word	31	7	2	delong	unexpected	an	a	aeroplane	kite	77	18	5.74	2.87	Although the idea of flight was as old as the hills, the Wright Brothers were the first people to build	that actually flew.	False	n/a	n/a
358.285	0.2	358285	255	filler_word	31	7	2	delong	unexpected	an	a	aeroplane	kite	77	18	5.74	2.87	Although the idea of flight was as old as the hills, the Wright Brothers were the first people to build	that actually flew.	False	n/a	n/a
358.77	0.2	358770	255	filler_word	31	7	2	delong	unexpected	an	a	aeroplane	kite	77	18	5.74	2.87	Although the idea of flight was as old as the hills, the Wright Brothers were the first people to build	that actually flew.	False	n/a	n/a
359.255	0.2	359255	255	filler_word	31	7	2	delong	unexpected	an	a	aeroplane	kite	77	18	5.74	2.87	Although the idea of flight was as old as the hills, the Wright Brothers were the first people to build	that actually flew.	False	n/a	n/a
359.74	0.2	359740	255	filler_word	31	7	2	delong	unexpected	an	a	aeroplane	kite	77	18	5.74	2.87	Although the idea of flight was as old as the hills, the Wright Brothers were the first people to build	that actually flew.	False	n/a	n/a
360.225	0.2	360225	255	filler_word	31	7	2	delong	unexpected	an	a	aeroplane	kite	77	18	5.74	2.87	Although the idea of flight was as old as the hills, the Wright Brothers were the first people to build	that actually flew.	False	n/a	n/a
360.71	0.2	360710	255	filler_word	31	7	2	delong	unexpected	an	a	aeroplane	kite	77	18	5.74	2.87	Although the idea of flight was as old as the hills, the Wright Brothers were the first people to build	that actually flew.	False	n/a	n/a
361.196	0.2	361196	255	filler_word	31	7	2	delong	unexpected	an	a	aeroplane	kite	77	18	5.74	2.87	Although the idea of flight was as old as the hills, the Wright Brothers were the first people to build	that actually flew.	False	n/a	n/a
361.681	0.2	361681	204	an_unexpected	31	7	2	delong	unexpected	an	a	aeroplane	kite	77	18	5.74	2.87	Although the idea of flight was as old as the hills, the Wright Brothers were the first people to build	that actually flew.	False	n/a	n/a
361.731	0.0	361731	2	cloze_marker	31	7	2	delong	unexpected	an	a	aeroplane	kite	77	18	5.74	2.87	Although the idea of flight was as old as the hills, the Wright Brothers were the first people to build	that actually flew.	False	n/a	n/a
361.965	0.0	361965	112	item_marker	32	12	2	delong	unexpected	a	an	fish	octopus	66	2	5.8	4.0	Marge hated baiting the hook, but she knew that it was the only way to catch	without using a lure.	False	n/a	n/a
362.166	0.2	362166	206	noun_unexpected	32	12	2	delong	unexpected	a	an	fish	octopus	66	2	5.8	4.0	Marge hated baiting the hook, but she knew that it was the only way to catch	without using a lure.	False	n/a	n/a
362.216	0.0	362216	13	cloze_marker	32	12	2	delong	unexpected	a	an	fish	octopus	66	2	5.8	4.0	Marge hated baiting the hook, but she knew that it was the only way to catch	without using a lure.	False	n/a	n/a
362.45	0.0	362450	112	item_marker	33	12	2	delong	unexpected	a	an	fish	octopus	66	2	5.8	4.0	Marge hated baiting the hook, but she knew that it was the only way to catch	without using a lure.	False	n/a	n/a
362.651	0.2	362651	255	filler_word	33	12	2	delong	unexpected	a	an	fish	octopus	66	2	5.8	4.0	Marge hated baiting the hook, but she knew that it was the only way to catch	without using a lure.	False	n/a	n/a
363.136	0.2	363136	255	filler_word	33	12	2	delong	unexpected	a	an	fish	octopus	66	2	5.8	4.0	Marge hated baiting the hook, but she knew that it was the only way to catch	without using a lure.	False	n/a	n/a
363.622	0.2	363622	255	filler_word	33	12	2	delong	unexpected	a	an	fish	octopus	66	2	5.8	4.0	Marge hated baiting the hook, but she knew that it was the only way to catch	without using a lure.	False	n/a	n/a
364.107	0.2	364107	208	final_unexpected	33	12	2	delong	unexpected	a	an	fish	octopus	66	2	5.8	4.0	Marge hated baiting the hook, but she knew that it was the only way to catch	without using a lure.	False	n/a	n/a
366.432	0.2	366432	255	filler_word	33	12	2	delong	unexpected	a	an	fish	octopus	66	2	5.8	4.0	Marge hated baiting the hook, but she knew that it was the only way to catch	without using a lure.	False	n/a	n/a
366.917	0.2	366917	255	filler_word	33	12	2	delong	unexpected	a	an	fish	octopus	66	2	5.8	4.0	Marge hated baiting the hook, but she knew that it was the only way to catch	without using a lure.	False	n/a	n/a
367.403	0.2	367403	255	filler_word	33	12	2	delong	unexpected	a	an	fish	octopus	66	2	5.8	4.0	Marge hated baiting the hook, but she knew that it was the only way to catch	without using a lure.	False	n/a	n/a
367.888	0.2	367888	255	filler_word	33	12	2	delong	unexpected	a	an	fish	octopus	66	2	5.8	4.0	Marge hated baiting the hook, but she knew that it was the only way to catch	without using a lure.	False	n/a	n/a
368.373	0.2	368373	255	filler_word	33	12	2	delong	unexpected	a	an	fish	octopus	66	2	5.8	4.0	Marge hated baiting the hook, but she knew that it was the only way to catch	without using a lure.	False	n/a	n/a
368.858	0.2	368858	255	filler_word	33	12	2	delong	unexpected	a	an	fish	octopus	66	2	5.8	4.0	Marge hated baiting the hook, but she knew that it was the only way to catch	without using a lure.	False	n/a	n/a
369.343	0.2	369343	255	filler_word	33	12	2	delong	unexpected	a	an	fish	octopus	66	2	5.8	4.0	Marge hated baiting the hook, but she knew that it was the only way to catch	without using a lure.	False	n/a	n/a
369.829	0.2	369829	255	filler_word	33	12	2	delong	unexpected	a	an	fish	octopus	66	2	5.8	4.0	Marge hated baiting the hook, but she knew that it was the only way to catch	without using a lure.	False	n/a	n/a
370.314	0.2	370314	255	filler_word	33	12	2	delong	unexpected	a	an	fish	octopus	66	2	5.8	4.0	Marge hated baiting the hook, but she knew that it was the only way to catch	without using a lure.	False	n/a	n/a
370.799	0.2	370799	255	filler_word	33	12	2	delong	unexpected	a	an	fish	octopus	66	2	5.8	4.0	Marge hated baiting the hook, but she knew that it was the only way to catch	without using a lure.	False	n/a	n/a
371.284	0.2	371284	255	filler_word	33	12	2	delong	unexpected	a	an	fish	octopus	66	2	5.8	4.0	Marge hated baiting the hook, but she knew that it was the only way to catch	without using a lure.	False	n/a	n/a
371.769	0.2	371769	255	filler_word	33	12	2	delong	unexpected	a	an	fish	octopus	66	2	5.8	4.0	Marge hated baiting the hook, but she knew that it was the only way to catch	without using a lure.	False	n/a	n/a
372.254	0.2	372254	255	filler_word	33	12	2	delong	unexpected	a	an	fish	octopus	66	2	5.8	4.0	Marge hated baiting the hook, but she knew that it was the only way to catch	without using a lure.	False	n/a	n/a
372.74	0.2	372740	255	filler_word	33	12	2	delong	unexpected	a	an	fish	octopus	66	2	5.8	4.0	Marge hated baiting the hook, but she knew that it was the only way to catch	without using a lure.	False	n/a	n/a
373.225	0.2	373225	255	filler_word	33	12	2	delong	unexpected	a	an	fish	octopus	66	2	5.8	4.0	Marge hated baiting the hook, but she knew that it was the only way to catch	without using a lure.	False	n/a	n/a
373.71	0.2	373710	255	filler_word	33	12	2	delong	unexpected	a	an	fish	octopus	66	2	5.8	4.0	Marge hated baiting the hook, but she knew that it was the only way to catch	without using a lure.	False	n/a	n/a
374.195	0.2	374195	255	filler_word	33	12	2	delong	unexpected	a	an	fish	octopus	66	2	5.8	4.0	Marge hated baiting the hook, but she knew that it was the only way to catch	without using a lure.	False	n/a	n/a
374.68	0.2	374680	203	a_unexpected	33	12	2	delong	unexpected	a	an	fish	octopus	66	2	5.8	4.0	Marge hated baiting the hook, but she knew that it was the only way to catch	without using a lure.	False	n/a	n/a
374.73	0.0	374730	9	cloze_marker	33	12	2	delong	unexpected	a	an	fish	octopus	66	2	5.8	4.0	Marge hated baiting the hook, but she knew that it was the only way to catch	without using a lure.	False	n/a	n/a
374.965	0.0	374965	111	item_marker	34	11	2	delong	unexpected	an	a	octopus	fish	84	9	5.73	3.0	When the scuba diver saw the tentacle, he quickly realized that the creature under the rock was	in hiding.	True	Did the diver see a treasure?	no
375.166	0.2	375166	206	noun_unexpected	34	11	2	delong	unexpected	an	a	octopus	fish	84	9	5.73	3.0	When the scuba diver saw the tentacle, he quickly realized that the creature under the rock was	in hiding.	True	Did the diver see a treasure?	no
375.215	0.0	375215	7	cloze_marker	34	11	2	delong	unexpected	an	a	octopus	fish	84	9	5.73	3.0	When the scuba diver saw the tentacle, he quickly realized that the creature under the rock was	in hiding.	True	Did the diver see a treasure?	no
375.45	0.0	375450	111	item_marker	35	11	2	delong	unexpected	an	a	octopus	fish	84	9	5.73	3.0	When the scuba diver saw the tentacle, he quickly realized that the creature under the rock was	in hiding.	True	Did the diver see a treasure?	no
375.651	0.2	375651	255	filler_word	35	11	2	delong	unexpected	an	a	octopus	fish	84	9	5.73	3.0	When the scuba diver saw the tentacle, he quickly realized that the creature under the rock was	in hiding.	True	Did the diver see a treasure?	no
376.136	0.2	376136	208	final_unexpected	35	11	2	delong	unexpected	an	a	octopus	fish	84	9	5.73	3.0	When the scuba diver saw the tentacle, he quickly realized that the creature under the rock was	in hiding.	True	Did the diver see a treasure?	no
383.481	0.2	383481	255	filler_word	35	11	2	delong	unexpected	an	a	octopus	fish	84	9	5.73	3.0	When the scuba diver saw the tentacle, he quickly realized that the creature under the rock was	in hiding.	True	Did the diver see a treasure?	no
383.966	0.2	383966	255	filler_word	35	11	2	delong	unexpected	an	a	octopus	fish	84	9	5.73	3.0	When the scuba diver saw the tentacle, he quickly realized that the creature under the rock was	in hiding.	True	Did the diver see a treasure?	no
384.451	0.2	384451	255	filler_word	35	11	2	delong	unexpected	an	a	octopus	fish	84	9	5.73	3.0	When the scuba diver saw the tentacle, he quickly realized that the creature under the rock was	in hiding.	True	Did the diver see a treasure?	no
384.936	0.2	384936	255	filler_word	35	11	2	delong	unexpected	an	a	octopus	fish	84	9	5.73	3.0	When the scuba diver saw the tentacle, he quickly realized that the creature under the rock was	in hiding.	True	Did the diver see a treasure?	no
385.421	0.2	385421	255	filler_word	35	11	2	delong	unexpected	an	a	octopus	fish	84	9	5.73	3.0	When the scuba diver saw the tentacle, he quickly realized that the creature under the rock was	in hiding.	True	Did the diver see a treasure?	no
385.907	0.2	385907	255	filler_word	35	11	2	delong	unexpected	an	a	octopus	fish	84	9	5.73	3.0	When the scuba diver saw the tentacle, he quickly realized that the creature under the rock was	in hiding.	True	Did the diver see a treasure?	no
386.392	0.2	386392	255	filler_word	35	11	2	delong	unexpected	an	a	octopus	fish	84	9	5.73	3.0	When the scuba diver saw the tentacle, he quickly realized that the creature under the rock was	in hiding.	True	Did the diver see a treasure?	no
386.877	0.2	386877	255	filler_word	35	11	2	delong	unexpected	an	a	octopus	fish	84	9	5.73	3.0	When the scuba diver saw the tentacle, he quickly realized that the creature under the rock was	in hiding.	True	Did the diver see a treasure?	no
387.362	0.2	387362	255	filler_word	35	11	2	delong	unexpected	an	a	octopus	fish	84	9	5.73	3.0	When the scuba diver saw the tentacle, he quickly realized that the creature under the rock was	in hiding.	True	Did the diver see a treasure?	no
387.847	0.2	387847	255	filler_word	35	11	2	delong	unexpected	an	a	octopus	fish	84	9	5.73	3.0	When the scuba diver saw the tentacle, he quickly realized that the creature under the rock was	in hiding.	True	Did the diver see a treasure?	no
388.332	0.2	388332	202	an_expected	35	11	2	delong	unexpected	an	a	octopus	fish	84	9	5.73	3.0	When the scuba diver saw the tentacle, he quickly realized that the creature under the rock was	in hiding.	True	Did the diver see a treasure?	no
388.382	0.0	388382	75	cloze_marker	35	11	2	delong	unexpected	an	a	octopus	fish	84	9	5.73	3.0	When the scuba diver saw the tentacle, he quickly realized that the creature under the rock was	in hiding.	True	Did the diver see a treasure?	no
388.617	0.0	388617	109	item_marker	36	9	2	delong	expected	an	a	echo	bird	75	2	5.9	3.83	Surrounded by mountains, Lola shouted across the valley and heard	in the distance.	False	n/a	n/a
388.818	0.2	388818	205	noun_expected	36	9	2	delong	expected	an	a	echo	bird	75	2	5.9	3.83	Surrounded by mountains, Lola shouted across the valley and heard	in the distance.	False	n/a	n/a
388.868	0.0	388868	93	cloze_marker	36	9	2	delong	expected	an	a	echo	bird	75	2	5.9	3.83	Surrounded by mountains, Lola shouted across the valley and heard	in the distance.	False	n/a	n/a
389.102	0.0	389102	109	item_marker	37	9	2	delong	expected	an	a	echo	bird	75	2	5.9	3.83	Surrounded by mountains, Lola shouted across the valley and heard	in the distance.	False	n/a	n/a
389.303	0.2	389303	255	filler_word	37	9	2	delong	expected	an	a	echo	bird	75	2	5.9	3.83	Surrounded by mountains, Lola shouted across the valley and heard	in the distance.	False	n/a	n/a
389.788	0.2	389788	255	filler_word	37	9	2	delong	expected	an	a	echo	bird	75	2	5.9	3.83	Surrounded by mountains, Lola shouted across the valley and heard	in the distance.	False	n/a	n/a
390.273	0.2	390273	207	final_expected	37	9	2	delong	expected	an	a	echo	bird	75	2	5.9	3.83	Surrounded by mountains, Lola shouted across the valley and heard	in the distance.	False	n/a	n/a
392.298	0.2	392298	255	filler_word	37	9	2	delong	expected	an	a	echo	bird	75	2	5.9	3.83	Surrounded by mountains, Lola shouted across the valley and heard	in the distance.	False	n/a	n/a
392.783	0.2	392783	255	filler_word	37	9	2	delong	expected	an	a	echo	bird	75	2	5.9	3.83	Surrounded by mountains, Lola shouted across the valley and heard	in the distance.	False	n/a	n/a
393.268	0.2	393268	255	filler_word	37	9	2	delong	expected	an	a	echo	bird	75	2	5.9	3.83	Surrounded by mountains, Lola shouted across the valley and heard	in the distance.	False	n/a	n/a
393.753	0.2	393753	255	filler_word	37	9	2	delong	expected	an	a	echo	bird	75	2	5.9	3.83	Surrounded by mountains, Lola shouted across the valley and heard	in the distance.	False	n/a	n/a
394.238	0.2	394238	255	filler_word	37	9	2	delong	expected	an	a	echo	bird	75	2	5.9	3.83	Surrounded by mountains, Lola shouted across the valley and heard	in the distance.	False	n/a	n/a
394.723	0.2	394723	255	filler_word	37	9	2	delong	expected	an	a	echo	bird	75	2	5.9	3.83	Surrounded by mountains, Lola shouted across the valley and heard	in the distance.	False	n/a	n/a
395.209	0.2	395209	255	filler_word	37	9	2	delong	expected	an	a	echo	bird	75	2	5.9	3.83	Surrounded by mountains, Lola shouted across the valley and heard	in the distance.	False	n/a	n/a
395.694	0.2	395694	255	filler_word	37	9	2	delong	expected	an	a	echo	bird	75	2	5.9	3.83	Surrounded by mountains, Lola shouted across the valley and heard	in the distance.	False	n/a	n/a
396.179	0.2	396179	255	filler_word	37	9	2	delong	expected	an	a	echo	bird	75	2	5.9	3.83	Surrounded by mountains, Lola shouted across the valley and heard	in the distance.	False	n/a	n/a
396.664	0.2	396664	255	filler_word	37	9	2	delong	expected	an	a	echo	bird	75	2	5.9	3.83	Surrounded by mountains, Lola shouted across the valley and heard	in the distance.	False	n/a	n/a
397.149	0.2	397149	255	filler_word	37	9	2	delong	expected	an	a	echo	bird	75	2	5.9	3.83	Surrounded by mountains, Lola shouted across the valley and heard	in the distance.	False	n/a	n/a
397.635	0.2	397635	255	filler_word	37	9	2	delong	expected	an	a	echo	bird	75	2	5.9	3.83	Surrounded by mountains, Lola shouted across the valley and heard	in the distance.	False	n/a	n/a
398.12	0.2	398120	255	filler_word	37	9	2	delong	expected	an	a	echo	bird	75	2	5.9	3.83	Surrounded by mountains, Lola shouted across the valley and heard	in the distance.	False	n/a	n/a
398.605	0.2	398605	255	filler_word	37	9	2	delong	expected	an	a	echo	bird	75	2	5.9	3.83	Surrounded by mountains, Lola shouted across the valley and heard	in the distance.	False	n/a	n/a
399.09	0.2	399090	255	filler_word	37	9	2	delong	expected	an	a	echo	bird	75	2	5.9	3.83	Surrounded by mountains, Lola shouted across the valley and heard	in the distance.	False	n/a	n/a
399.575	0.2	399575	255	filler_word	37	9	2	delong	expected	an	a	echo	bird	75	2	5.9	3.83	Surrounded by mountains, Lola shouted across the valley and heard	in the distance.	False	n/a	n/a
400.06	0.2	400060	255	filler_word	37	9	2	delong	expected	an	a	echo	bird	75	2	5.9	3.83	Surrounded by mountains, Lola shouted across the valley and heard	in the distance.	False	n/a	n/a
400.546	0.2	400546	255	filler_word	37	9	2	delong	expected	an	a	echo	bird	75	2	5.9	3.83	Surrounded by mountains, Lola shouted across the valley and heard	in the distance.	False	n/a	n/a
401.031	0.2	401031	201	a_expected	37	9	2	delong	expected	an	a	echo	bird	75	2	5.9	3.83	Surrounded by mountains, Lola shouted across the valley and heard	in the distance.	False	n/a	n/a
401.081	0.0	401081	73	cloze_marker	37	9	2	delong	expected	an	a	echo	bird	75	2	5.9	3.83	Surrounded by mountains, Lola shouted across the valley and heard	in the distance.	False	n/a	n/a
401.315	0.0	401315	114	item_marker	38	14	2	delong	expected	a	an	student	artist	73	5	5.67	3.81	Betsy had no desire to enter the working world, so decided to stay at the university and remain	for a few more semesters.	True	Did Betsy find a job?	no
401.516	0.2	401516	205	noun_expected	38	14	2	delong	expected	a	an	student	artist	73	5	5.67	3.81	Betsy had no desire to enter the working world, so decided to stay at the university and remain	for a few more semesters.	True	Did Betsy find a job?	no
401.566	0.0	401566	90	cloze_marker	38	14	2	delong	expected	a	an	student	artist	73	5	5.67	3.81	Betsy had no desire to enter the working world, so decided to stay at the university and remain	for a few more semesters.	True	Did Betsy find a job?	no
401.8	0.0	401800	114	item_marker	39	14	2	delong	expected	a	an	student	artist	73	5	5.67	3.81	Betsy had no desire to enter the working world, so decided to stay at the university and remain	for a few more semesters.	True	Did Betsy find a job?	no
402.001	0.2	402001	255	filler_word	39	14	2	delong	expected	a	an	student	artist	73	5	5.67	3.81	Betsy had no desire to enter the working world, so decided to stay at the university and remain	for a few more semesters.	True	Did Betsy find a job?	no
402.486	0.2	402486	255	filler_word	39	14	2	delong	expected	a	an	student	artist	73	5	5.67	3.81	Betsy had no desire to enter the working world, so decided to stay at the university and remain	for a few more semesters.	True	Did Betsy find a job?	no
402.972	0.2	402972	255	filler_word	39	14	2	delong	expected	a	an	student	artist	73	5	5.67	3.81	Betsy had no desire to enter the working world, so decided to stay at the university and remain	for a few more semesters.	True	Did Betsy find a job?	no
403.457	0.2	403457	255	filler_word	39	14	2	delong	expected	a	an	student	artist	73	5	5.67	3.81	Betsy had no desire to enter the working world, so decided to stay at the university and remain	for a few more semesters.	True	Did Betsy find a job?	no
403.942	0.2	403942	207	final_expected	39	14	2	delong	expected	a	an	student	artist	73	5	5.67	3.81	Betsy had no desire to enter the working world, so decided to stay at the university and remain	for a few more semesters.	True	Did Betsy find a job?	no
413.395	0.2	413395	255	filler_word	39	14	2	delong	expected	a	an	student	artist	73	5	5.67	3.81	Betsy had no desire to enter the working world, so decided to stay at the university and remain	for a few more semesters.	True	Did Betsy find a job?	no
413.88	0.2	413880	255	filler_word	39	14	2	delong	expected	a	an	student	artist	73	5	5.67	3.81	Betsy had no desire to enter the working world, so decided to stay at the university and remain	for a few more semesters.	True	Did Betsy find a job?	no
414.365	0.2	414365	255	filler_word	39	14	2	delong	expected	a	an	student	artist	73	5	5.67	3.81	Betsy had no desire to enter the working world, so decided to stay at the university and remain	for a few more semesters.	True	Did Betsy find a job?	no
414.85	0.2	414850	255	filler_word	39	14	2	delong	expected	a	an	student	artist	73	5	5.67	3.81	Betsy had no desire to enter the working world, so decided to stay at the university and remain	for a few more semesters.	True	Did Betsy find a job?	no
415.335	0.2	415335	255	filler_word	39	14	2	delong	expected	a	an	student	artist	73	5	5.67	3.81	Betsy had no desire to enter the working world, so decided to stay at the university and remain	for a few more semesters.	True	Did Betsy find a job?	no
415.82	0.2	415820	255	filler_word	39	14	2	delong	expected	a	an	student	artist	73	5	5.67	3.81	Betsy had no desire to enter the working world, so decided to stay at the university and remain	for a few more semesters.	True	Did Betsy find a job?	no
416.306	0.2	416306	255	filler_word	39	14	2	delong	expected	a	an	student	artist	73	5	5.67	3.81	Betsy had no desire to enter the working world, so decided to stay at the university and remain	for a few more semesters.	True	Did Betsy find a job?	no
416.791	0.2	416791	255	filler_word	39	14	2	delong	expected	a	an	student	artist	73	5	5.67	3.81	Betsy had no desire to enter the working world, so decided to stay at the university and remain	for a few more semesters.	True	Did Betsy find a job?	no
417.276	0.2	417276	255	filler_word	39	14	2	delong	expected	a	an	student	artist	73	5	5.67	3.81	Betsy had no desire to enter the working world, so decided to stay at the university and remain	for a few more semesters.	True	Did Betsy find a job?	no
417.761	0.2	417761	255	filler_word	39	14	2	delong	expected	a	an	student	artist	73	5	5.67	3.81	Betsy had no desire to enter the working world, so decided to stay at the university and remain	for a few more semesters.	True	Did Betsy find a job?	no
418.246	0.2	418246	255	filler_word	39	14	2	delong	expected	a	an	student	artist	73	5	5.67	3.81	Betsy had no desire to enter the working world, so decided to stay at the university and remain	for a few more semesters.	True	Did Betsy find a job?	no
418.732	0.2	418732	255	filler_word	39	14	2	delong	expected	a	an	student	artist	73	5	5.67	3.81	Betsy had no desire to enter the working world, so decided to stay at the university and remain	for a few more semesters.	True	Did Betsy find a job?	no
419.217	0.2	419217	203	a_unexpected	39	14	2	delong	expected	a	an	student	artist	73	5	5.67	3.81	Betsy had no desire to enter the working world, so decided to stay at the university and remain	for a few more semesters.	True	Did Betsy find a job?	no
419.267	0.0	419267	2	cloze_marker	39	14	2	delong	expected	a	an	student	artist	73	5	5.67	3.81	Betsy had no desire to enter the working world, so decided to stay at the university and remain	for a few more semesters.	True	Did Betsy find a job?	no
419.501	0.0	419501	139	item_marker	40	39	2	delong	unexpected	an	a	infection	tattoo	93	2	6.52	1.8	Because Bart did not clean his wound properly he ended up getting	on his leg.	False	n/a	n/a
419.702	0.2	419702	206	noun_unexpected	40	39	2	delong	unexpected	an	a	infection	tattoo	93	2	6.52	1.8	Because Bart did not clean his wound properly he ended up getting	on his leg.	False	n/a	n/a
419.752	0.0	419752	200	cloze_marker	40	39	2	delong	unexpected	an	a	infection	tattoo	93	2	6.52	1.8	Because Bart did not clean his wound properly he ended up getting	on his leg.	False	n/a	n/a
419.986	0.0	419986	139	item_marker	41	39	2	delong	unexpected	an	a	infection	tattoo	93	2	6.52	1.8	Because Bart did not clean his wound properly he ended up getting	on his leg.	False	n/a	n/a
420.187	0.2	420187	255	filler_word	41	39	2	delong	unexpected	an	a	infection	tattoo	93	2	6.52	1.8	Because Bart did not clean his wound properly he ended up getting	on his leg.	False	n/a	n/a
420.672	0.2	420672	255	filler_word	41	39	2	delong	unexpected	an	a	infection	tattoo	93	2	6.52	1.8	Because Bart did not clean his wound properly he ended up getting	on his leg.	False	n/a	n/a
421.157	0.2	421157	208	final_unexpected	41	39	2	delong	unexpected	an	a	infection	tattoo	93	2	6.52	1.8	Because Bart did not clean his wound properly he ended up getting	on his leg.	False	n/a	n/a
423.383	0.2	423383	255	filler_word	41	39	2	delong	unexpected	an	a	infection	tattoo	93	2	6.52	1.8	Because Bart did not clean his wound properly he ended up getting	on his leg.	False	n/a	n/a
423.868	0.2	423868	255	filler_word	41	39	2	delong	unexpected	an	a	infection	tattoo	93	2	6.52	1.8	Because Bart did not clean his wound properly he ended up getting	on his leg.	False	n/a	n/a
424.353	0.2	424353	255	filler_word	41	39	2	delong	unexpected	an	a	infection	tattoo	93	2	6.52	1.8	Because Bart did not clean his wound properly he ended up getting	on his leg.	False	n/a	n/a
424.838	0.2	424838	255	filler_word	41	39	2	delong	unexpected	an	a	infection	tattoo	93	2	6.52	1.8	Because Bart did not clean his wound properly he ended up getting	on his leg.	False	n/a	n/a
425.323	0.2	425323	255	filler_word	41	39	2	delong	unexpected	an	a	infection	tattoo	93	2	6.52	1.8	Because Bart did not clean his wound properly he ended up getting	on his leg.	False	n/a	n/a
425.809	0.2	425809	255	filler_word	41	39	2	delong	unexpected	an	a	infection	tattoo	93	2	6.52	1.8	Because Bart did not clean his wound properly he ended up getting	on his leg.	False	n/a	n/a
426.294	0.2	426294	255	filler_word	41	39	2	delong	unexpected	an	a	infection	tattoo	93	2	6.52	1.8	Because Bart did not clean his wound properly he ended up getting	on his leg.	False	n/a	n/a
426.779	0.2	426779	255	filler_word	41	39	2	delong	unexpected	an	a	infection	tattoo	93	2	6.52	1.8	Because Bart did not clean his wound properly he ended up getting	on his leg.	False	n/a	n/a
427.264	0.2	427264	255	filler_word	41	39	2	delong	unexpected	an	a	infection	tattoo	93	2	6.52	1.8	Because Bart did not clean his wound properly he ended up getting	on his leg.	False	n/a	n/a
427.749	0.2	427749	255	filler_word	41	39	2	delong	unexpected	an	a	infection	tattoo	93	2	6.52	1.8	Because Bart did not clean his wound properly he ended up getting	on his leg.	False	n/a	n/a
428.234	0.2	428234	255	filler_word	41	39	2	delong	unexpected	an	a	infection	tattoo	93	2	6.52	1.8	Because Bart did not clean his wound properly he ended up getting	on his leg.	False	n/a	n/a
428.72	0.2	428720	255	filler_word	41	39	2	delong	unexpected	an	a	infection	tattoo	93	2	6.52	1.8	Because Bart did not clean his wound properly he ended up getting	on his leg.	False	n/a	n/a
429.205	0.2	429205	255	filler_word	41	39	2	delong	unexpected	an	a	infection	tattoo	93	2	6.52	1.8	Because Bart did not clean his wound properly he ended up getting	on his leg.	False	n/a	n/a
429.69	0.2	429690	255	filler_word	41	39	2	delong	unexpected	an	a	infection	tattoo	93	2	6.52	1.8	Because Bart did not clean his wound properly he ended up getting	on his leg.	False	n/a	n/a
430.175	0.2	430175	255	filler_word	41	39	2	delong	unexpected	an	a	infection	tattoo	93	2	6.52	1.8	Because Bart did not clean his wound properly he ended up getting	on his leg.	False	n/a	n/a
430.66	0.2	430660	255	filler_word	41	39	2	delong	unexpected	an	a	infection	tattoo	93	2	6.52	1.8	Because Bart did not clean his wound properly he ended up getting	on his leg.	False	n/a	n/a
431.146	0.2	431146	255	filler_word	41	39	2	delong	unexpected	an	a	infection	tattoo	93	2	6.52	1.8	Because Bart did not clean his wound properly he ended up getting	on his leg.	False	n/a	n/a
431.631	0.2	431631	204	an_unexpected	41	39	2	delong	unexpected	an	a	infection	tattoo	93	2	6.52	1.8	Because Bart did not clean his wound properly he ended up getting	on his leg.	False	n/a	n/a
431.681	0.0	431681	200	cloze_marker	41	39	2	delong	unexpected	an	a	infection	tattoo	93	2	6.52	1.8	Because Bart did not clean his wound properly he ended up getting	on his leg.	False	n/a	n/a
431.915	0.0	431915	124	item_marker	42	24	2	delong	unexpected	a	an	fire	emergency	75	0	5.6	6.06	Harris saw smoke billowing out of his neighbours' home and immediately got on the phone to report	at their address.	True	Did Harris see smoke?	yes
432.116	0.2	432116	206	noun_unexpected	42	24	2	delong	unexpected	a	an	fire	emergency	75	0	5.6	6.06	Harris saw smoke billowing out of his neighbours' home and immediately got on the phone to report	at their address.	True	Did Harris see smoke?	yes
432.166	0.0	432166	40	cloze_marker	42	24	2	delong	unexpected	a	an	fire	emergency	75	0	5.6	6.06	Harris saw smoke billowing out of his neighbours' home and immediately got on the phone to report	at their address.	True	Did Harris see smoke?	yes
432.4	0.0	432400	124	item_marker	43	24	2	delong	unexpected	a	an	fire	emergency	75	0	5.6	6.06	Harris saw smoke billowing out of his neighbours' home and immediately got on the phone to report	at their address.	True	Did Harris see smoke?	yes
432.601	0.2	432601	255	filler_word	43	24	2	delong	unexpected	a	an	fire	emergency	75	0	5.6	6.06	Harris saw smoke billowing out of his neighbours' home and immediately got on the phone to report	at their address.	True	Did Harris see smoke?	yes
433.086	0.2	433086	255	filler_word	43	24	2	delong	unexpected	a	an	fire	emergency	75	0	5.6	6.06	Harris saw smoke billowing out of his neighbours' home and immediately got on the phone to report	at their address.	True	Did Harris see smoke?	yes
433.571	0.2	433571	208	final_unexpected	43	24	2	delong	unexpected	a	an	fire	emergency	75	0	5.6	6.06	Harris saw smoke billowing out of his neighbours' home and immediately got on the phone to report	at their address.	True	Did Harris see smoke?	yes
438.105	0.2	438105	255	filler_word	43	24	2	delong	unexpected	a	an	fire	emergency	75	0	5.6	6.06	Harris saw smoke billowing out of his neighbours' home and immediately got on the phone to report	at their address.	True	Did Harris see smoke?	yes
438.591	0.2	438591	255	filler_word	43	24	2	delong	unexpected	a	an	fire	emergency	75	0	5.6	6.06	Harris saw smoke billowing out of his neighbours' home and immediately got on the phone to report	at their address.	True	Did Harris see smoke?	yes
439.076	0.2	439076	255	filler_word	43	24	2	delong	unexpected	a	an	fire	emergency	75	0	5.6	6.06	Harris saw smoke billowing out of his neighbours' home and immediately got on the phone to report	at their address.	True	Did Harris see smoke?	yes
439.561	0.2	439561	255	filler_word	43	24	2	delong	unexpected	a	an	fire	emergency	75	0	5.6	6.06	Harris saw smoke billowing out of his neighbours' home and immediately got on the phone to report	at their address.	True	Did Harris see smoke?	yes
440.046	0.2	440046	255	filler_word	43	24	2	delong	unexpected	a	an	fire	emergency	75	0	5.6	6.06	Harris saw smoke billowing out of his neighbours' home and immediately got on the phone to report	at their address.	True	Did Harris see smoke?	yes
440.531	0.2	440531	255	filler_word	43	24	2	delong	unexpected	a	an	fire	emergency	75	0	5.6	6.06	Harris saw smoke billowing out of his neighbours' home and immediately got on the phone to report	at their address.	True	Did Harris see smoke?	yes
441.016	0.2	441016	255	filler_word	43	24	2	delong	unexpected	a	an	fire	emergency	75	0	5.6	6.06	Harris saw smoke billowing out of his neighbours' home and immediately got on the phone to report	at their address.	True	Did Harris see smoke?	yes
441.502	0.2	441502	255	filler_word	43	24	2	delong	unexpected	a	an	fire	emergency	75	0	5.6	6.06	Harris saw smoke billowing out of his neighbours' home and immediately got on the phone to report	at their address.	True	Did Harris see smoke?	yes
441.987	0.2	441987	255	filler_word	43	24	2	delong	unexpected	a	an	fire	emergency	75	0	5.6	6.06	Harris saw smoke billowing out of his neighbours' home and immediately got on the phone to report	at their address.	True	Did Harris see smoke?	yes
442.472	0.2	442472	255	filler_word	43	24	2	delong	unexpected	a	an	fire	emergency	75	0	5.6	6.06	Harris saw smoke billowing out of his neighbours' home and immediately got on the phone to report	at their address.	True	Did Harris see smoke?	yes
442.957	0.2	442957	255	filler_word	43	24	2	delong	unexpected	a	an	fire	emergency	75	0	5.6	6.06	Harris saw smoke billowing out of his neighbours' home and immediately got on the phone to report	at their address.	True	Did Harris see smoke?	yes
443.442	0.2	443442	255	filler_word	43	24	2	delong	unexpected	a	an	fire	emergency	75	0	5.6	6.06	Harris saw smoke billowing out of his neighbours' home and immediately got on the phone to report	at their address.	True	Did Harris see smoke?	yes
443.928	0.2	443928	255	filler_word	43	24	2	delong	unexpected	a	an	fire	emergency	75	0	5.6	6.06	Harris saw smoke billowing out of his neighbours' home and immediately got on the phone to report	at their address.	True	Did Harris see smoke?	yes
444.413	0.2	444413	255	filler_word	43	24	2	delong	unexpected	a	an	fire	emergency	75	0	5.6	6.06	Harris saw smoke billowing out of his neighbours' home and immediately got on the phone to report	at their address.	True	Did Harris see smoke?	yes
444.898	0.2	444898	255	filler_word	43	24	2	delong	unexpected	a	an	fire	emergency	75	0	5.6	6.06	Harris saw smoke billowing out of his neighbours' home and immediately got on the phone to report	at their address.	True	Did Harris see smoke?	yes
445.383	0.2	445383	255	filler_word	43	24	2	delong	unexpected	a	an	fire	emergency	75	0	5.6	6.06	Harris saw smoke billowing out of his neighbours' home and immediately got on the phone to report	at their address.	True	Did Harris see smoke?	yes
445.868	0.2	445868	201	a_expected	43	24	2	delong	unexpected	a	an	fire	emergency	75	0	5.6	6.06	Harris saw smoke billowing out of his neighbours' home and immediately got on the phone to report	at their address.	True	Did Harris see smoke?	yes
445.918	0.0	445918	52	cloze_marker	43	24	2	delong	unexpected	a	an	fire	emergency	75	0	5.6	6.06	Harris saw smoke billowing out of his neighbours' home and immediately got on the phone to report	at their address.	True	Did Harris see smoke?	yes
446.153	0.0	446153	122	item_marker	44	22	2	delong	expected	a	an	pound	allowance	52	2	5.19	3.9	Andrew complained that the only place he could afford was Poundland, after his grandmother gave him	for helping her.	False	n/a	n/a
446.353	0.2	446353	205	noun_expected	44	22	2	delong	expected	a	an	pound	allowance	52	2	5.19	3.9	Andrew complained that the only place he could afford was Poundland, after his grandmother gave him	for helping her.	False	n/a	n/a
446.403	0.0	446403	53	cloze_marker	44	22	2	delong	expected	a	an	pound	allowance	52	2	5.19	3.9	Andrew complained that the only place he could afford was Poundland, after his grandmother gave him	for helping her.	False	n/a	n/a
446.638	0.0	446638	122	item_marker	45	22	2	delong	expected	a	an	pound	allowance	52	2	5.19	3.9	Andrew complained that the only place he could afford was Poundland, after his grandmother gave him	for helping her.	False	n/a	n/a
446.839	0.2	446839	255	filler_word	45	22	2	delong	expected	a	an	pound	allowance	52	2	5.19	3.9	Andrew complained that the only place he could afford was Poundland, after his grandmother gave him	for helping her.	False	n/a	n/a
447.324	0.2	447324	255	filler_word	45	22	2	delong	expected	a	an	pound	allowance	52	2	5.19	3.9	Andrew complained that the only place he could afford was Poundland, after his grandmother gave him	for helping her.	False	n/a	n/a
447.809	0.2	447809	207	final_expected	45	22	2	delong	expected	a	an	pound	allowance	52	2	5.19	3.9	Andrew complained that the only place he could afford was Poundland, after his grandmother gave him	for helping her.	False	n/a	n/a
450.386	0.2	450386	255	filler_word	45	22	2	delong	expected	a	an	pound	allowance	52	2	5.19	3.9	Andrew complained that the only place he could afford was Poundland, after his grandmother gave him	for helping her.	False	n/a	n/a
450.871	0.2	450871	255	filler_word	45	22	2	delong	expected	a	an	pound	allowance	52	2	5.19	3.9	Andrew complained that the only place he could afford was Poundland, after his grandmother gave him	for helping her.	False	n/a	n/a
451.356	0.2	451356	255	filler_word	45	22	2	delong	expected	a	an	pound	allowance	52	2	5.19	3.9	Andrew complained that the only place he could afford was Poundland, after his grandmother gave him	for helping her.	False	n/a	n/a
451.841	0.2	451841	255	filler_word	45	22	2	delong	expected	a	an	pound	allowance	52	2	5.19	3.9	Andrew complained that the only place he could afford was Poundland, after his grandmother gave him	for helping her.	False	n/a	n/a
452.326	0.2	452326	255	filler_word	45	22	2	delong	expected	a	an	pound	allowance	52	2	5.19	3.9	Andrew complained that the only place he could afford was Poundland, after his grandmother gave him	for helping her.	False	n/a	n/a
452.811	0.2	452811	255	filler_word	45	22	2	delong	expected	a	an	pound	allowance	52	2	5.19	3.9	Andrew complained that the only place he could afford was Poundland, after his grandmother gave him	for helping her.	False	n/a	n/a
453.297	0.2	453297	255	filler_word	45	22	2	delong	expected	a	an	pound	allowance	52	2	5.19	3.9	Andrew complained that the only place he could afford was Poundland, after his grandmother gave him	for helping her.	False	n/a	n/a
453.782	0.2	453782	255	filler_word	45	22	2	delong	expected	a	an	pound	allowance	52	2	5.19	3.9	Andrew complained that the only place he could afford was Poundland, after his grandmother gave him	for helping her.	False	n/a	n/a
454.267	0.2	454267	255	filler_word	45	22	2	delong	expected	a	an	pound	allowance	52	2	5.19	3.9	Andrew complained that the only place he could afford was Poundland, after his grandmother gave him	for helping her.	False	n/a	n/a
454.752	0.2	454752	255	filler_word	45	22	2	delong	expected	a	an	pound	allowance	52	2	5.19	3.9	Andrew complained that the only place he could afford was Poundland, after his grandmother gave him	for helping her.	False	n/a	n/a
455.237	0.2	455237	255	filler_word	45	22	2	delong	expected	a	an	pound	allowance	52	2	5.19	3.9	Andrew complained that the only place he could afford was Poundland, after his grandmother gave him	for helping her.	False	n/a	n/a
455.723	0.2	455723	255	filler_word	45	22	2	delong	expected	a	an	pound	allowance	52	2	5.19	3.9	Andrew complained that the only place he could afford was Poundland, after his grandmother gave him	for helping her.	False	n/a	n/a
456.208	0.2	456208	255	filler_word	45	22	2	delong	expected	a	an	pound	allowance	52	2	5.19	3.9	Andrew complained that the only place he could afford was Poundland, after his grandmother gave him	for helping her.	False	n/a	n/a
456.693	0.2	456693	255	filler_word	45	22	2	delong	expected	a	an	pound	allowance	52	2	5.19	3.9	Andrew complained that the only place he could afford was Poundland, after his grandmother gave him	for helping her.	False	n/a	n/a
457.178	0.2	457178	255	filler_word	45	22	2	delong	expected	a	an	pound	allowance	52	2	5.19	3.9	Andrew complained that the only place he could afford was Poundland, after his grandmother gave him	for helping her.	False	n/a	n/a
457.663	0.2	457663	255	filler_word	45	22	2	delong	expected	a	an	pound	allowance	52	2	5.19	3.9	Andrew complained that the only place he could afford was Poundland, after his grandmother gave him	for helping her.	False	n/a	n/a
458.148	0.2	458148	255	filler_word	45	22	2	delong	expected	a	an	pound	allowance	52	2	5.19	3.9	Andrew complained that the only place he could afford was Poundland, after his grandmother gave him	for helping her.	False	n/a	n/a
458.634	0.2	458634	255	filler_word	45	22	2	delong	expected	a	an	pound	allowance	52	2	5.19	3.9	Andrew complained that the only place he could afford was Poundland, after his grandmother gave him	for helping her.	False	n/a	n/a
459.119	0.2	459119	255	filler_word	45	22	2	delong	expected	a	an	pound	allowance	52	2	5.19	3.9	Andrew complained that the only place he could afford was Poundland, after his grandmother gave him	for helping her.	False	n/a	n/a
459.604	0.2	459604	255	filler_word	45	22	2	delong	expected	a	an	pound	allowance	52	2	5.19	3.9	Andrew complained that the only place he could afford was Poundland, after his grandmother gave him	for helping her.	False	n/a	n/a
460.089	0.2	460089	255	filler_word	45	22	2	delong	expected	a	an	pound	allowance	52	2	5.19	3.9	Andrew complained that the only place he could afford was Poundland, after his grandmother gave him	for helping her.	False	n/a	n/a
460.574	0.2	460574	255	filler_word	45	22	2	delong	expected	a	an	pound	allowance	52	2	5.19	3.9	Andrew complained that the only place he could afford was Poundland, after his grandmother gave him	for helping her.	False	n/a	n/a
461.06	0.2	461060	255	filler_word	45	22	2	delong	expected	a	an	pound	allowance	52	2	5.19	3.9	Andrew complained that the only place he could afford was Poundland, after his grandmother gave him	for helping her.	False	n/a	n/a
461.545	0.2	461545	203	a_unexpected	45	22	2	delong	expected	a	an	pound	allowance	52	2	5.19	3.9	Andrew complained that the only place he could afford was Poundland, after his grandmother gave him	for helping her.	False	n/a	n/a
461.595	0.0	461595	200	cloze_marker	45	22	2	delong	expected	a	an	pound	allowance	52	2	5.19	3.9	Andrew complained that the only place he could afford was Poundland, after his grandmother gave him	for helping her.	False	n/a	n/a
461.829	0.0	461829	123	item_marker	46	23	2	delong	unexpected	an	a	emergency	fire	70	0	6.17	5.32	When she was filling out the paperwork, Merrill had to write down the name of someone who could be contacted in case of	while she was at work.	False	n/a	n/a
462.03	0.2	462030	206	noun_unexpected	46	23	2	delong	unexpected	an	a	emergency	fire	70	0	6.17	5.32	When she was filling out the paperwork, Merrill had to write down the name of someone who could be contacted in case of	while she was at work.	False	n/a	n/a
462.08	0.0	462080	3	cloze_marker	46	23	2	delong	unexpected	an	a	emergency	fire	70	0	6.17	5.32	When she was filling out the paperwork, Merrill had to write down the name of someone who could be contacted in case of	while she was at work.	False	n/a	n/a
462.314	0.0	462314	123	item_marker	47	23	2	delong	unexpected	an	a	emergency	fire	70	0	6.17	5.32	When she was filling out the paperwork, Merrill had to write down the name of someone who could be contacted in case of	while she was at work.	False	n/a	n/a
462.515	0.2	462515	255	filler_word	47	23	2	delong	unexpected	an	a	emergency	fire	70	0	6.17	5.32	When she was filling out the paperwork, Merrill had to write down the name of someone who could be contacted in case of	while she was at work.	False	n/a	n/a
463.0	0.2	463000	255	filler_word	47	23	2	delong	unexpected	an	a	emergency	fire	70	0	6.17	5.32	When she was filling out the paperwork, Merrill had to write down the name of someone who could be contacted in case of	while she was at work.	False	n/a	n/a
463.485	0.2	463485	255	filler_word	47	23	2	delong	unexpected	an	a	emergency	fire	70	0	6.17	5.32	When she was filling out the paperwork, Merrill had to write down the name of someone who could be contacted in case of	while she was at work.	False	n/a	n/a
463.971	0.2	463971	255	filler_word	47	23	2	delong	unexpected	an	a	emergency	fire	70	0	6.17	5.32	When she was filling out the paperwork, Merrill had to write down the name of someone who could be contacted in case of	while she was at work.	False	n/a	n/a
464.456	0.2	464456	208	final_unexpected	47	23	2	delong	unexpected	an	a	emergency	fire	70	0	6.17	5.32	When she was filling out the paperwork, Merrill had to write down the name of someone who could be contacted in case of	while she was at work.	False	n/a	n/a
470.178	0.2	470178	255	filler_word	47	23	2	delong	unexpected	an	a	emergency	fire	70	0	6.17	5.32	When she was filling out the paperwork, Merrill had to write down the name of someone who could be contacted in case of	while she was at work.	False	n/a	n/a
470.663	0.2	470663	255	filler_word	47	23	2	delong	unexpected	an	a	emergency	fire	70	0	6.17	5.32	When she was filling out the paperwork, Merrill had to write down the name of someone who could be contacted in case of	while she was at work.	False	n/a	n/a
471.148	0.2	471148	255	filler_word	47	23	2	delong	unexpected	an	a	emergency	fire	70	0	6.17	5.32	When she was filling out the paperwork, Merrill had to write down the name of someone who could be contacted in case of	while she was at work.	False	n/a	n/a
471.633	0.2	471633	255	filler_word	47	23	2	delong	unexpected	an	a	emergency	fire	70	0	6.17	5.32	When she was filling out the paperwork, Merrill had to write down the name of someone who could be contacted in case of	while she was at work.	False	n/a	n/a
472.118	0.2	472118	255	filler_word	47	23	2	delong	unexpected	an	a	emergency	fire	70	0	6.17	5.32	When she was filling out the paperwork, Merrill had to write down the name of someone who could be contacted in case of	while she was at work.	False	n/a	n/a
472.604	0.2	472604	255	filler_word	47	23	2	delong	unexpected	an	a	emergency	fire	70	0	6.17	5.32	When she was filling out the paperwork, Merrill had to write down the name of someone who could be contacted in case of	while she was at work.	False	n/a	n/a
473.089	0.2	473089	255	filler_word	47	23	2	delong	unexpected	an	a	emergency	fire	70	0	6.17	5.32	When she was filling out the paperwork, Merrill had to write down the name of someone who could be contacted in case of	while she was at work.	False	n/a	n/a
473.574	0.2	473574	255	filler_word	47	23	2	delong	unexpected	an	a	emergency	fire	70	0	6.17	5.32	When she was filling out the paperwork, Merrill had to write down the name of someone who could be contacted in case of	while she was at work.	False	n/a	n/a
474.059	0.2	474059	255	filler_word	47	23	2	delong	unexpected	an	a	emergency	fire	70	0	6.17	5.32	When she was filling out the paperwork, Merrill had to write down the name of someone who could be contacted in case of	while she was at work.	False	n/a	n/a
474.544	0.2	474544	255	filler_word	47	23	2	delong	unexpected	an	a	emergency	fire	70	0	6.17	5.32	When she was filling out the paperwork, Merrill had to write down the name of someone who could be contacted in case of	while she was at work.	False	n/a	n/a
475.029	0.2	475029	255	filler_word	47	23	2	delong	unexpected	an	a	emergency	fire	70	0	6.17	5.32	When she was filling out the paperwork, Merrill had to write down the name of someone who could be contacted in case of	while she was at work.	False	n/a	n/a
475.515	0.2	475515	255	filler_word	47	23	2	delong	unexpected	an	a	emergency	fire	70	0	6.17	5.32	When she was filling out the paperwork, Merrill had to write down the name of someone who could be contacted in case of	while she was at work.	False	n/a	n/a
476.0	0.2	476000	255	filler_word	47	23	2	delong	unexpected	an	a	emergency	fire	70	0	6.17	5.32	When she was filling out the paperwork, Merrill had to write down the name of someone who could be contacted in case of	while she was at work.	False	n/a	n/a
476.485	0.2	476485	255	filler_word	47	23	2	delong	unexpected	an	a	emergency	fire	70	0	6.17	5.32	When she was filling out the paperwork, Merrill had to write down the name of someone who could be contacted in case of	while she was at work.	False	n/a	n/a
476.97	0.2	476970	255	filler_word	47	23	2	delong	unexpected	an	a	emergency	fire	70	0	6.17	5.32	When she was filling out the paperwork, Merrill had to write down the name of someone who could be contacted in case of	while she was at work.	False	n/a	n/a
477.455	0.2	477455	203	a_unexpected	47	23	2	delong	unexpected	an	a	emergency	fire	70	0	6.17	5.32	When she was filling out the paperwork, Merrill had to write down the name of someone who could be contacted in case of	while she was at work.	False	n/a	n/a
477.505	0.0	477505	27	cloze_marker	47	23	2	delong	unexpected	an	a	emergency	fire	70	0	6.17	5.32	When she was filling out the paperwork, Merrill had to write down the name of someone who could be contacted in case of	while she was at work.	False	n/a	n/a
477.74	0.0	477740	127	item_marker	48	27	2	delong	unexpected	an	a	accident	race	70	27	5.45	2.3	No matter how safely you drive your car chances are someday you'll be involved in	with another vehicle.	False	n/a	n/a
477.941	0.2	477941	206	noun_unexpected	48	27	2	delong	unexpected	an	a	accident	race	70	27	5.45	2.3	No matter how safely you drive your car chances are someday you'll be involved in	with another vehicle.	False	n/a	n/a
477.99	0.0	477990	200	cloze_marker	48	27	2	delong	unexpected	an	a	accident	race	70	27	5.45	2.3	No matter how safely you drive your car chances are someday you'll be involved in	with another vehicle.	False	n/a	n/a
478.225	0.0	478225	127	item_marker	49	27	2	delong	unexpected	an	a	accident	race	70	27	5.45	2.3	No matter how safely you drive your car chances are someday you'll be involved in	with another vehicle.	False	n/a	n/a
478.426	0.2	478426	255	filler_word	49	27	2	delong	unexpected	an	a	accident	race	70	27	5.45	2.3	No matter how safely you drive your car chances are someday you'll be involved in	with another vehicle.	False	n/a	n/a
478.911	0.2	478911	255	filler_word	49	27	2	delong	unexpected	an	a	accident	race	70	27	5.45	2.3	No matter how safely you drive your car chances are someday you'll be involved in	with another vehicle.	False	n/a	n/a
479.396	0.2	479396	208	final_unexpected	49	27	2	delong	unexpected	an	a	accident	race	70	27	5.45	2.3	No matter how safely you drive your car chances are someday you'll be involved in	with another vehicle.	False	n/a	n/a
481.354	0.2	481354	255	filler_word	49	27	2	delong	unexpected	an	a	accident	race	70	27	5.45	2.3	No matter how safely you drive your car chances are someday you'll be involved in	with another vehicle.	False	n/a	n/a
481.839	0.2	481839	255	filler_word	49	27	2	delong	unexpected	an	a	accident	race	70	27	5.45	2.3	No matter how safely you drive your car chances are someday you'll be involved in	with another vehicle.	False	n/a	n/a
482.324	0.2	482324	255	filler_word	49	27	2	delong	unexpected	an	a	accident	race	70	27	5.45	2.3	No matter how safely you drive your car chances are someday you'll be involved in	with another vehicle.	False	n/a	n/a
482.809	0.2	482809	255	filler_word	49	27	2	delong	unexpected	an	a	accident	race	70	27	5.45	2.3	No matter how safely you drive your car chances are someday you'll be involved in	with another vehicle.	False	n/a	n/a
483.294	0.2	483294	255	filler_word	49	27	2	delong	unexpected	an	a	accident	race	70	27	5.45	2.3	No matter how safely you drive your car chances are someday you'll be involved in	with another vehicle.	False	n/a	n/a
483.779	0.2	483779	255	filler_word	49	27	2	delong	unexpected	an	a	accident	race	70	27	5.45	2.3	No matter how safely you drive your car chances are someday you'll be involved in	with another vehicle.	False	n/a	n/a
484.265	0.2	484265	255	filler_word	49	27	2	delong	unexpected	an	a	accident	race	70	27	5.45	2.3	No matter how safely you drive your car chances are someday you'll be involved in	with another vehicle.	False	n/a	n/a
484.75	0.2	484750	255	filler_word	49	27	2	delong	unexpected	an	a	accident	race	70	27	5.45	2.3	No matter how safely you drive your car chances are someday you'll be involved in	with another vehicle.	False	n/a	n/a
485.235	0.2	485235	255	filler_word	49	27	2	delong	unexpected	an	a	accident	race	70	27	5.45	2.3	No matter how safely you drive your car chances are someday you'll be involved in	with another vehicle.	False	n/a	n/a
485.72	0.2	485720	255	filler_word	49	27	2	delong	unexpected	an	a	accident	race	70	27	5.45	2.3	No matter how safely you drive your car chances are someday you'll be involved in	with another vehicle.	False	n/a	n/a
486.205	0.2	486205	255	filler_word	49	27	2	delong	unexpected	an	a	accident	race	70	27	5.45	2.3	No matter how safely you drive your car chances are someday you'll be involved in	with another vehicle.	False	n/a	n/a
486.691	0.2	486691	255	filler_word	49	27	2	delong	unexpected	an	a	accident	race	70	27	5.45	2.3	No matter how safely you drive your car chances are someday you'll be involved in	with another vehicle.	False	n/a	n/a
487.176	0.2	487176	255	filler_word	49	27	2	delong	unexpected	an	a	accident	race	70	27	5.45	2.3	No matter how safely you drive your car chances are someday you'll be involved in	with another vehicle.	False	n/a	n/a
487.661	0.2	487661	255	filler_word	49	27	2	delong	unexpected	an	a	accident	race	70	27	5.45	2.3	No matter how safely you drive your car chances are someday you'll be involved in	with another vehicle.	False	n/a	n/a
488.146	0.2	488146	255	filler_word	49	27	2	delong	unexpected	an	a	accident	race	70	27	5.45	2.3	No matter how safely you drive your car chances are someday you'll be involved in	with another vehicle.	False	n/a	n/a
488.631	0.2	488631	255	filler_word	49	27	2	delong	unexpected	an	a	accident	race	70	27	5.45	2.3	No matter how safely you drive your car chances are someday you'll be involved in	with another vehicle.	False	n/a	n/a
489.116	0.2	489116	255	filler_word	49	27	2	delong	unexpected	an	a	accident	race	70	27	5.45	2.3	No matter how safely you drive your car chances are someday you'll be involved in	with another vehicle.	False	n/a	n/a
489.602	0.2	489602	255	filler_word	49	27	2	delong	unexpected	an	a	accident	race	70	27	5.45	2.3	No matter how safely you drive your car chances are someday you'll be involved in	with another vehicle.	False	n/a	n/a
490.087	0.2	490087	201	a_expected	49	27	2	delong	unexpected	an	a	accident	race	70	27	5.45	2.3	No matter how safely you drive your car chances are someday you'll be involved in	with another vehicle.	False	n/a	n/a
490.137	0.0	490137	77	cloze_marker	49	27	2	delong	unexpected	an	a	accident	race	70	27	5.45	2.3	No matter how safely you drive your car chances are someday you'll be involved in	with another vehicle.	False	n/a	n/a
490.371	0.0	490371	130	item_marker	50	30	2	delong	expected	a	an	studio	apartment	77	0	5.9	3.37	Instead of recording a live album the band decided they would have more control if they recorded in	without a lot of background noise.	False	n/a	n/a
490.572	0.2	490572	205	noun_expected	50	30	2	delong	expected	a	an	studio	apartment	77	0	5.9	3.37	Instead of recording a live album the band decided they would have more control if they recorded in	without a lot of background noise.	False	n/a	n/a
490.622	0.0	490622	90	cloze_marker	50	30	2	delong	expected	a	an	studio	apartment	77	0	5.9	3.37	Instead of recording a live album the band decided they would have more control if they recorded in	without a lot of background noise.	False	n/a	n/a
490.856	0.0	490856	130	item_marker	51	30	2	delong	expected	a	an	studio	apartment	77	0	5.9	3.37	Instead of recording a live album the band decided they would have more control if they recorded in	without a lot of background noise.	False	n/a	n/a
491.057	0.2	491057	255	filler_word	51	30	2	delong	expected	a	an	studio	apartment	77	0	5.9	3.37	Instead of recording a live album the band decided they would have more control if they recorded in	without a lot of background noise.	False	n/a	n/a
491.542	0.2	491542	255	filler_word	51	30	2	delong	expected	a	an	studio	apartment	77	0	5.9	3.37	Instead of recording a live album the band decided they would have more control if they recorded in	without a lot of background noise.	False	n/a	n/a
492.028	0.2	492028	255	filler_word	51	30	2	delong	expected	a	an	studio	apartment	77	0	5.9	3.37	Instead of recording a live album the band decided they would have more control if they recorded in	without a lot of background noise.	False	n/a	n/a
492.513	0.2	492513	255	filler_word	51	30	2	delong	expected	a	an	studio	apartment	77	0	5.9	3.37	Instead of recording a live album the band decided they would have more control if they recorded in	without a lot of background noise.	False	n/a	n/a
492.998	0.2	492998	255	filler_word	51	30	2	delong	expected	a	an	studio	apartment	77	0	5.9	3.37	Instead of recording a live album the band decided they would have more control if they recorded in	without a lot of background noise.	False	n/a	n/a
493.483	0.2	493483	207	final_expected	51	30	2	delong	expected	a	an	studio	apartment	77	0	5.9	3.37	Instead of recording a live album the band decided they would have more control if they recorded in	without a lot of background noise.	False	n/a	n/a
495.725	0.2	495725	255	filler_word	51	30	2	delong	expected	a	an	studio	apartment	77	0	5.9	3.37	Instead of recording a live album the band decided they would have more control if they recorded in	without a lot of background noise.	False	n/a	n/a
496.21	0.2	496210	255	filler_word	51	30	2	delong	expected	a	an	studio	apartment	77	0	5.9	3.37	Instead of recording a live album the band decided they would have more control if they recorded in	without a lot of background noise.	False	n/a	n/a
496.695	0.2	496695	255	filler_word	51	30	2	delong	expected	a	an	studio	apartment	77	0	5.9	3.37	Instead of recording a live album the band decided they would have more control if they recorded in	without a lot of background noise.	False	n/a	n/a
497.18	0.2	497180	255	filler_word	51	30	2	delong	expected	a	an	studio	apartment	77	0	5.9	3.37	Instead of recording a live album the band decided they would have more control if they recorded in	without a lot of background noise.	False	n/a	n/a
497.666	0.2	497666	255	filler_word	51	30	2	delong	expected	a	an	studio	apartment	77	0	5.9	3.37	Instead of recording a live album the band decided they would have more control if they recorded in	without a lot of background noise.	False	n/a	n/a
498.151	0.2	498151	255	filler_word	51	30	2	delong	expected	a	an	studio	apartment	77	0	5.9	3.37	Instead of recording a live album the band decided they would have more control if they recorded in	without a lot of background noise.	False	n/a	n/a
498.636	0.2	498636	255	filler_word	51	30	2	delong	expected	a	an	studio	apartment	77	0	5.9	3.37	Instead of recording a live album the band decided they would have more control if they recorded in	without a lot of background noise.	False	n/a	n/a
499.121	0.2	499121	255	filler_word	51	30	2	delong	expected	a	an	studio	apartment	77	0	5.9	3.37	Instead of recording a live album the band decided they would have more control if they recorded in	without a lot of background noise.	False	n/a	n/a
499.606	0.2	499606	255	filler_word	51	30	2	delong	expected	a	an	studio	apartment	77	0	5.9	3.37	Instead of recording a live album the band decided they would have more control if they recorded in	without a lot of background noise.	False	n/a	n/a
500.092	0.2	500092	255	filler_word	51	30	2	delong	expected	a	an	studio	apartment	77	0	5.9	3.37	Instead of recording a live album the band decided they would have more control if they recorded in	without a lot of background noise.	False	n/a	n/a
500.577	0.2	500577	255	filler_word	51	30	2	delong	expected	a	an	studio	apartment	77	0	5.9	3.37	Instead of recording a live album the band decided they would have more control if they recorded in	without a lot of background noise.	False	n/a	n/a
501.062	0.2	501062	255	filler_word	51	30	2	delong	expected	a	an	studio	apartment	77	0	5.9	3.37	Instead of recording a live album the band decided they would have more control if they recorded in	without a lot of background noise.	False	n/a	n/a
501.547	0.2	501547	255	filler_word	51	30	2	delong	expected	a	an	studio	apartment	77	0	5.9	3.37	Instead of recording a live album the band decided they would have more control if they recorded in	without a lot of background noise.	False	n/a	n/a
502.032	0.2	502032	255	filler_word	51	30	2	delong	expected	a	an	studio	apartment	77	0	5.9	3.37	Instead of recording a live album the band decided they would have more control if they recorded in	without a lot of background noise.	False	n/a	n/a
502.517	0.2	502517	201	a_expected	51	30	2	delong	expected	a	an	studio	apartment	77	0	5.9	3.37	Instead of recording a live album the band decided they would have more control if they recorded in	without a lot of background noise.	False	n/a	n/a
502.567	0.0	502567	93	cloze_marker	51	30	2	delong	expected	a	an	studio	apartment	77	0	5.9	3.37	Instead of recording a live album the band decided they would have more control if they recorded in	without a lot of background noise.	False	n/a	n/a
502.802	0.0	502802	138	item_marker	52	38	2	delong	expected	a	an	plumber	architect	93	0	6.1	2.1	When the pipe broke in the bathroom Felicia looked through the phonebook to find	who could come and take a look at the job.	False	n/a	n/a
503.003	0.2	503003	205	noun_expected	52	38	2	delong	expected	a	an	plumber	architect	93	0	6.1	2.1	When the pipe broke in the bathroom Felicia looked through the phonebook to find	who could come and take a look at the job.	False	n/a	n/a
503.053	0.0	503053	93	cloze_marker	52	38	2	delong	expected	a	an	plumber	architect	93	0	6.1	2.1	When the pipe broke in the bathroom Felicia looked through the phonebook to find	who could come and take a look at the job.	False	n/a	n/a
503.287	0.0	503287	138	item_marker	53	38	2	delong	expected	a	an	plumber	architect	93	0	6.1	2.1	When the pipe broke in the bathroom Felicia looked through the phonebook to find	who could come and take a look at the job.	False	n/a	n/a
503.488	0.2	503488	255	filler_word	53	38	2	delong	expected	a	an	plumber	architect	93	0	6.1	2.1	When the pipe broke in the bathroom Felicia looked through the phonebook to find	who could come and take a look at the job.	False	n/a	n/a
503.973	0.2	503973	255	filler_word	53	38	2	delong	expected	a	an	plumber	architect	93	0	6.1	2.1	When the pipe broke in the bathroom Felicia looked through the phonebook to find	who could come and take a look at the job.	False	n/a	n/a
504.458	0.2	504458	255	filler_word	53	38	2	delong	expected	a	an	plumber	architect	93	0	6.1	2.1	When the pipe broke in the bathroom Felicia looked through the phonebook to find	who could come and take a look at the job.	False	n/a	n/a
504.943	0.2	504943	255	filler_word	53	38	2	delong	expected	a	an	plumber	architect	93	0	6.1	2.1	When the pipe broke in the bathroom Felicia looked through the phonebook to find	who could come and take a look at the job.	False	n/a	n/a
505.429	0.2	505429	255	filler_word	53	38	2	delong	expected	a	an	plumber	architect	93	0	6.1	2.1	When the pipe broke in the bathroom Felicia looked through the phonebook to find	who could come and take a look at the job.	False	n/a	n/a
505.914	0.2	505914	255	filler_word	53	38	2	delong	expected	a	an	plumber	architect	93	0	6.1	2.1	When the pipe broke in the bathroom Felicia looked through the phonebook to find	who could come and take a look at the job.	False	n/a	n/a
506.399	0.2	506399	255	filler_word	53	38	2	delong	expected	a	an	plumber	architect	93	0	6.1	2.1	When the pipe broke in the bathroom Felicia looked through the phonebook to find	who could come and take a look at the job.	False	n/a	n/a
506.884	0.2	506884	255	filler_word	53	38	2	delong	expected	a	an	plumber	architect	93	0	6.1	2.1	When the pipe broke in the bathroom Felicia looked through the phonebook to find	who could come and take a look at the job.	False	n/a	n/a
507.369	0.2	507369	255	filler_word	53	38	2	delong	expected	a	an	plumber	architect	93	0	6.1	2.1	When the pipe broke in the bathroom Felicia looked through the phonebook to find	who could come and take a look at the job.	False	n/a	n/a
507.854	0.2	507854	207	final_expected	53	38	2	delong	expected	a	an	plumber	architect	93	0	6.1	2.1	When the pipe broke in the bathroom Felicia looked through the phonebook to find	who could come and take a look at the job.	False	n/a	n/a
510.213	0.2	510213	255	filler_word	53	38	2	delong	expected	a	an	plumber	architect	93	0	6.1	2.1	When the pipe broke in the bathroom Felicia looked through the phonebook to find	who could come and take a look at the job.	False	n/a	n/a
510.699	0.2	510699	255	filler_word	53	38	2	delong	expected	a	an	plumber	architect	93	0	6.1	2.1	When the pipe broke in the bathroom Felicia looked through the phonebook to find	who could come and take a look at the job.	False	n/a	n/a
511.184	0.2	511184	255	filler_word	53	38	2	delong	expected	a	an	plumber	architect	93	0	6.1	2.1	When the pipe broke in the bathroom Felicia looked through the phonebook to find	who could come and take a look at the job.	False	n/a	n/a
511.669	0.2	511669	255	filler_word	53	38	2	delong	expected	a	an	plumber	architect	93	0	6.1	2.1	When the pipe broke in the bathroom Felicia looked through the phonebook to find	who could come and take a look at the job.	False	n/a	n/a
512.154	0.2	512154	255	filler_word	53	38	2	delong	expected	a	an	plumber	architect	93	0	6.1	2.1	When the pipe broke in the bathroom Felicia looked through the phonebook to find	who could come and take a look at the job.	False	n/a	n/a
512.639	0.2	512639	255	filler_word	53	38	2	delong	expected	a	an	plumber	architect	93	0	6.1	2.1	When the pipe broke in the bathroom Felicia looked through the phonebook to find	who could come and take a look at the job.	False	n/a	n/a
513.125	0.2	513125	255	filler_word	53	38	2	delong	expected	a	an	plumber	architect	93	0	6.1	2.1	When the pipe broke in the bathroom Felicia looked through the phonebook to find	who could come and take a look at the job.	False	n/a	n/a
513.61	0.2	513610	255	filler_word	53	38	2	delong	expected	a	an	plumber	architect	93	0	6.1	2.1	When the pipe broke in the bathroom Felicia looked through the phonebook to find	who could come and take a look at the job.	False	n/a	n/a
514.095	0.2	514095	255	filler_word	53	38	2	delong	expected	a	an	plumber	architect	93	0	6.1	2.1	When the pipe broke in the bathroom Felicia looked through the phonebook to find	who could come and take a look at the job.	False	n/a	n/a
514.58	0.2	514580	255	filler_word	53	38	2	delong	expected	a	an	plumber	architect	93	0	6.1	2.1	When the pipe broke in the bathroom Felicia looked through the phonebook to find	who could come and take a look at the job.	False	n/a	n/a
515.065	0.2	515065	255	filler_word	53	38	2	delong	expected	a	an	plumber	architect	93	0	6.1	2.1	When the pipe broke in the bathroom Felicia looked through the phonebook to find	who could come and take a look at the job.	False	n/a	n/a
515.55	0.2	515550	255	filler_word	53	38	2	delong	expected	a	an	plumber	architect	93	0	6.1	2.1	When the pipe broke in the bathroom Felicia looked through the phonebook to find	who could come and take a look at the job.	False	n/a	n/a
516.036	0.2	516036	255	filler_word	53	38	2	delong	expected	a	an	plumber	architect	93	0	6.1	2.1	When the pipe broke in the bathroom Felicia looked through the phonebook to find	who could come and take a look at the job.	False	n/a	n/a
516.521	0.2	516521	255	filler_word	53	38	2	delong	expected	a	an	plumber	architect	93	0	6.1	2.1	When the pipe broke in the bathroom Felicia looked through the phonebook to find	who could come and take a look at the job.	False	n/a	n/a
517.006	0.2	517006	255	filler_word	53	38	2	delong	expected	a	an	plumber	architect	93	0	6.1	2.1	When the pipe broke in the bathroom Felicia looked through the phonebook to find	who could come and take a look at the job.	False	n/a	n/a
517.491	0.2	517491	203	a_unexpected	53	38	2	delong	expected	a	an	plumber	architect	93	0	6.1	2.1	When the pipe broke in the bathroom Felicia looked through the phonebook to find	who could come and take a look at the job.	False	n/a	n/a
517.541	0.0	517541	11	cloze_marker	53	38	2	delong	expected	a	an	plumber	architect	93	0	6.1	2.1	When the pipe broke in the bathroom Felicia looked through the phonebook to find	who could come and take a look at the job.	False	n/a	n/a
517.776	0.0	517776	131	item_marker	54	31	2	delong	unexpected	an	a	invitation	message	73	11	5.5	4.74	Sue had wanted to go to Tim's birthday party but she was still waiting for	from him.	False	n/a	n/a
517.976	0.2	517976	206	noun_unexpected	54	31	2	delong	unexpected	an	a	invitation	message	73	11	5.5	4.74	Sue had wanted to go to Tim's birthday party but she was still waiting for	from him.	False	n/a	n/a
518.026	0.0	518026	200	cloze_marker	54	31	2	delong	unexpected	an	a	invitation	message	73	11	5.5	4.74	Sue had wanted to go to Tim's birthday party but she was still waiting for	from him.	False	n/a	n/a
518.261	0.0	518261	131	item_marker	55	31	2	delong	unexpected	an	a	invitation	message	73	11	5.5	4.74	Sue had wanted to go to Tim's birthday party but she was still waiting for	from him.	False	n/a	n/a
518.462	0.2	518462	255	filler_word	55	31	2	delong	unexpected	an	a	invitation	message	73	11	5.5	4.74	Sue had wanted to go to Tim's birthday party but she was still waiting for	from him.	False	n/a	n/a
518.947	0.2	518947	208	final_unexpected	55	31	2	delong	unexpected	an	a	invitation	message	73	11	5.5	4.74	Sue had wanted to go to Tim's birthday party but she was still waiting for	from him.	False	n/a	n/a
521.44	0.2	521440	255	filler_word	55	31	2	delong	unexpected	an	a	invitation	message	73	11	5.5	4.74	Sue had wanted to go to Tim's birthday party but she was still waiting for	from him.	False	n/a	n/a
521.925	0.2	521925	255	filler_word	55	31	2	delong	unexpected	an	a	invitation	message	73	11	5.5	4.74	Sue had wanted to go to Tim's birthday party but she was still waiting for	from him.	False	n/a	n/a
522.41	0.2	522410	255	filler_word	55	31	2	delong	unexpected	an	a	invitation	message	73	11	5.5	4.74	Sue had wanted to go to Tim's birthday party but she was still waiting for	from him.	False	n/a	n/a
522.895	0.2	522895	255	filler_word	55	31	2	delong	unexpected	an	a	invitation	message	73	11	5.5	4.74	Sue had wanted to go to Tim's birthday party but she was still waiting for	from him.	False	n/a	n/a
523.38	0.2	523380	255	filler_word	55	31	2	delong	unexpected	an	a	invitation	message	73	11	5.5	4.74	Sue had wanted to go to Tim's birthday party but she was still waiting for	from him.	False	n/a	n/a
523.866	0.2	523866	255	filler_word	55	31	2	delong	unexpected	an	a	invitation	message	73	11	5.5	4.74	Sue had wanted to go to Tim's birthday party but she was still waiting for	from him.	False	n/a	n/a
524.351	0.2	524351	255	filler_word	55	31	2	delong	unexpected	an	a	invitation	message	73	11	5.5	4.74	Sue had wanted to go to Tim's birthday party but she was still waiting for	from him.	False	n/a	n/a
524.836	0.2	524836	255	filler_word	55	31	2	delong	unexpected	an	a	invitation	message	73	11	5.5	4.74	Sue had wanted to go to Tim's birthday party but she was still waiting for	from him.	False	n/a	n/a
525.321	0.2	525321	255	filler_word	55	31	2	delong	unexpected	an	a	invitation	message	73	11	5.5	4.74	Sue had wanted to go to Tim's birthday party but she was still waiting for	from him.	False	n/a	n/a
525.806	0.2	525806	255	filler_word	55	31	2	delong	unexpected	an	a	invitation	message	73	11	5.5	4.74	Sue had wanted to go to Tim's birthday party but she was still waiting for	from him.	False	n/a	n/a
526.291	0.2	526291	255	filler_word	55	31	2	delong	unexpected	an	a	invitation	message	73	11	5.5	4.74	Sue had wanted to go to Tim's birthday party but she was still waiting for	from him.	False	n/a	n/a
526.777	0.2	526777	255	filler_word	55	31	2	delong	unexpected	an	a	invitation	message	73	11	5.5	4.74	Sue had wanted to go to Tim's birthday party but she was still waiting for	from him.	False	n/a	n/a
527.262	0.2	527262	255	filler_word	55	31	2	delong	unexpected	an	a	invitation	message	73	11	5.5	4.74	Sue had wanted to go to Tim's birthday party but she was still waiting for	from him.	False	n/a	n/a
527.747	0.2	527747	255	filler_word	55	31	2	delong	unexpected	an	a	invitation	message	73	11	5.5	4.74	Sue had wanted to go to Tim's birthday party but she was still waiting for	from him.	False	n/a	n/a
528.232	0.2	528232	255	filler_word	55	31	2	delong	unexpected	an	a	invitation	message	73	11	5.5	4.74	Sue had wanted to go to Tim's birthday party but she was still waiting for	from him.	False	n/a	n/a
528.717	0.2	528717	255	filler_word	55	31	2	delong	unexpected	an	a	invitation	message	73	11	5.5	4.74	Sue had wanted to go to Tim's birthday party but she was still waiting for	from him.	False	n/a	n/a
529.202	0.2	529202	255	filler_word	55	31	2	delong	unexpected	an	a	invitation	message	73	11	5.5	4.74	Sue had wanted to go to Tim's birthday party but she was still waiting for	from him.	False	n/a	n/a
529.688	0.2	529688	255	filler_word	55	31	2	delong	unexpected	an	a	invitation	message	73	11	5.5	4.74	Sue had wanted to go to Tim's birthday party but she was still waiting for	from him.	False	n/a	n/a
530.173	0.2	530173	255	filler_word	55	31	2	delong	unexpected	an	a	invitation	message	73	11	5.5	4.74	Sue had wanted to go to Tim's birthday party but she was still waiting for	from him.	False	n/a	n/a
530.658	0.2	530658	204	an_unexpected	55	31	2	delong	unexpected	an	a	invitation	message	73	11	5.5	4.74	Sue had wanted to go to Tim's birthday party but she was still waiting for	from him.	False	n/a	n/a
530.708	0.0	530708	200	cloze_marker	55	31	2	delong	unexpected	an	a	invitation	message	73	11	5.5	4.74	Sue had wanted to go to Tim's birthday party but she was still waiting for	from him.	False	n/a	n/a
530.942	0.0	530942	140	item_marker	56	40	2	delong	unexpected	a	an	tattoo	infection	55	0	6.0	3.73	The Hell's Angel rolled up the sleeve of his leather jacket to show the girls where he had gotten	the previous night.	False	n/a	n/a
531.143	0.2	531143	206	noun_unexpected	56	40	2	delong	unexpected	a	an	tattoo	infection	55	0	6.0	3.73	The Hell's Angel rolled up the sleeve of his leather jacket to show the girls where he had gotten	the previous night.	False	n/a	n/a
531.193	0.0	531193	200	cloze_marker	56	40	2	delong	unexpected	a	an	tattoo	infection	55	0	6.0	3.73	The Hell's Angel rolled up the sleeve of his leather jacket to show the girls where he had gotten	the previous night.	False	n/a	n/a
531.428	0.0	531428	140	item_marker	57	40	2	delong	unexpected	a	an	tattoo	infection	55	0	6.0	3.73	The Hell's Angel rolled up the sleeve of his leather jacket to show the girls where he had gotten	the previous night.	False	n/a	n/a
531.628	0.2	531628	255	filler_word	57	40	2	delong	unexpected	a	an	tattoo	infection	55	0	6.0	3.73	The Hell's Angel rolled up the sleeve of his leather jacket to show the girls where he had gotten	the previous night.	False	n/a	n/a
532.114	0.2	532114	255	filler_word	57	40	2	delong	unexpected	a	an	tattoo	infection	55	0	6.0	3.73	The Hell's Angel rolled up the sleeve of his leather jacket to show the girls where he had gotten	the previous night.	False	n/a	n/a
532.599	0.2	532599	208	final_unexpected	57	40	2	delong	unexpected	a	an	tattoo	infection	55	0	6.0	3.73	The Hell's Angel rolled up the sleeve of his leather jacket to show the girls where he had gotten	the previous night.	False	n/a	n/a
534.974	0.2	534974	255	filler_word	57	40	2	delong	unexpected	a	an	tattoo	infection	55	0	6.0	3.73	The Hell's Angel rolled up the sleeve of his leather jacket to show the girls where he had gotten	the previous night.	False	n/a	n/a
535.46	0.2	535460	255	filler_word	57	40	2	delong	unexpected	a	an	tattoo	infection	55	0	6.0	3.73	The Hell's Angel rolled up the sleeve of his leather jacket to show the girls where he had gotten	the previous night.	False	n/a	n/a
535.945	0.2	535945	255	filler_word	57	40	2	delong	unexpected	a	an	tattoo	infection	55	0	6.0	3.73	The Hell's Angel rolled up the sleeve of his leather jacket to show the girls where he had gotten	the previous night.	False	n/a	n/a
536.43	0.2	536430	255	filler_word	57	40	2	delong	unexpected	a	an	tattoo	infection	55	0	6.0	3.73	The Hell's Angel rolled up the sleeve of his leather jacket to show the girls where he had gotten	the previous night.	False	n/a	n/a
536.915	0.2	536915	255	filler_word	57	40	2	delong	unexpected	a	an	tattoo	infection	55	0	6.0	3.73	The Hell's Angel rolled up the sleeve of his leather jacket to show the girls where he had gotten	the previous night.	False	n/a	n/a
537.4	0.2	537400	255	filler_word	57	40	2	delong	unexpected	a	an	tattoo	infection	55	0	6.0	3.73	The Hell's Angel rolled up the sleeve of his leather jacket to show the girls where he had gotten	the previous night.	False	n/a	n/a
537.886	0.2	537886	255	filler_word	57	40	2	delong	unexpected	a	an	tattoo	infection	55	0	6.0	3.73	The Hell's Angel rolled up the sleeve of his leather jacket to show the girls where he had gotten	the previous night.	False	n/a	n/a
538.371	0.2	538371	255	filler_word	57	40	2	delong	unexpected	a	an	tattoo	infection	55	0	6.0	3.73	The Hell's Angel rolled up the sleeve of his leather jacket to show the girls where he had gotten	the previous night.	False	n/a	n/a
538.856	0.2	538856	255	filler_word	57	40	2	delong	unexpected	a	an	tattoo	infection	55	0	6.0	3.73	The Hell's Angel rolled up the sleeve of his leather jacket to show the girls where he had gotten	the previous night.	False	n/a	n/a
539.341	0.2	539341	255	filler_word	57	40	2	delong	unexpected	a	an	tattoo	infection	55	0	6.0	3.73	The Hell's Angel rolled up the sleeve of his leather jacket to show the girls where he had gotten	the previous night.	False	n/a	n/a
539.826	0.2	539826	255	filler_word	57	40	2	delong	unexpected	a	an	tattoo	infection	55	0	6.0	3.73	The Hell's Angel rolled up the sleeve of his leather jacket to show the girls where he had gotten	the previous night.	False	n/a	n/a
540.311	0.2	540311	255	filler_word	57	40	2	delong	unexpected	a	an	tattoo	infection	55	0	6.0	3.73	The Hell's Angel rolled up the sleeve of his leather jacket to show the girls where he had gotten	the previous night.	False	n/a	n/a
540.797	0.2	540797	255	filler_word	57	40	2	delong	unexpected	a	an	tattoo	infection	55	0	6.0	3.73	The Hell's Angel rolled up the sleeve of his leather jacket to show the girls where he had gotten	the previous night.	False	n/a	n/a
541.282	0.2	541282	203	a_unexpected	57	40	2	delong	unexpected	a	an	tattoo	infection	55	0	6.0	3.73	The Hell's Angel rolled up the sleeve of his leather jacket to show the girls where he had gotten	the previous night.	False	n/a	n/a
541.332	0.0	541332	5	cloze_marker	57	40	2	delong	unexpected	a	an	tattoo	infection	55	0	6.0	3.73	The Hell's Angel rolled up the sleeve of his leather jacket to show the girls where he had gotten	the previous night.	False	n/a	n/a
541.566	0.0	541566	135	item_marker	58	35	2	delong	unexpected	an	a	umbrella	newspaper	93	5	6.29	2.3	Because it frequently rains in London it's a good idea to always carry	with you.	False	n/a	n/a
541.767	0.2	541767	206	noun_unexpected	58	35	2	delong	unexpected	an	a	umbrella	newspaper	93	5	6.29	2.3	Because it frequently rains in London it's a good idea to always carry	with you.	False	n/a	n/a
541.817	0.0	541817	200	cloze_marker	58	35	2	delong	unexpected	an	a	umbrella	newspaper	93	5	6.29	2.3	Because it frequently rains in London it's a good idea to always carry	with you.	False	n/a	n/a
542.051	0.0	542051	135	item_marker	59	35	2	delong	unexpected	an	a	umbrella	newspaper	93	5	6.29	2.3	Because it frequently rains in London it's a good idea to always carry	with you.	False	n/a	n/a
542.252	0.2	542252	255	filler_word	59	35	2	delong	unexpected	an	a	umbrella	newspaper	93	5	6.29	2.3	Because it frequently rains in London it's a good idea to always carry	with you.	False	n/a	n/a
542.737	0.2	542737	208	final_unexpected	59	35	2	delong	unexpected	an	a	umbrella	newspaper	93	5	6.29	2.3	Because it frequently rains in London it's a good idea to always carry	with you.	False	n/a	n/a
545.364	0.2	545364	255	filler_word	59	35	2	delong	unexpected	an	a	umbrella	newspaper	93	5	6.29	2.3	Because it frequently rains in London it's a good idea to always carry	with you.	False	n/a	n/a
545.849	0.2	545849	255	filler_word	59	35	2	delong	unexpected	an	a	umbrella	newspaper	93	5	6.29	2.3	Because it frequently rains in London it's a good idea to always carry	with you.	False	n/a	n/a
546.334	0.2	546334	255	filler_word	59	35	2	delong	unexpected	an	a	umbrella	newspaper	93	5	6.29	2.3	Because it frequently rains in London it's a good idea to always carry	with you.	False	n/a	n/a
546.82	0.2	546820	255	filler_word	59	35	2	delong	unexpected	an	a	umbrella	newspaper	93	5	6.29	2.3	Because it frequently rains in London it's a good idea to always carry	with you.	False	n/a	n/a
547.305	0.2	547305	255	filler_word	59	35	2	delong	unexpected	an	a	umbrella	newspaper	93	5	6.29	2.3	Because it frequently rains in London it's a good idea to always carry	with you.	False	n/a	n/a
547.79	0.2	547790	255	filler_word	59	35	2	delong	unexpected	an	a	umbrella	newspaper	93	5	6.29	2.3	Because it frequently rains in London it's a good idea to always carry	with you.	False	n/a	n/a
548.275	0.2	548275	255	filler_word	59	35	2	delong	unexpected	an	a	umbrella	newspaper	93	5	6.29	2.3	Because it frequently rains in London it's a good idea to always carry	with you.	False	n/a	n/a
548.76	0.2	548760	255	filler_word	59	35	2	delong	unexpected	an	a	umbrella	newspaper	93	5	6.29	2.3	Because it frequently rains in London it's a good idea to always carry	with you.	False	n/a	n/a
549.246	0.2	549246	255	filler_word	59	35	2	delong	unexpected	an	a	umbrella	newspaper	93	5	6.29	2.3	Because it frequently rains in London it's a good idea to always carry	with you.	False	n/a	n/a
549.731	0.2	549731	255	filler_word	59	35	2	delong	unexpected	an	a	umbrella	newspaper	93	5	6.29	2.3	Because it frequently rains in London it's a good idea to always carry	with you.	False	n/a	n/a
550.216	0.2	550216	255	filler_word	59	35	2	delong	unexpected	an	a	umbrella	newspaper	93	5	6.29	2.3	Because it frequently rains in London it's a good idea to always carry	with you.	False	n/a	n/a
550.701	0.2	550701	255	filler_word	59	35	2	delong	unexpected	an	a	umbrella	newspaper	93	5	6.29	2.3	Because it frequently rains in London it's a good idea to always carry	with you.	False	n/a	n/a
551.186	0.2	551186	255	filler_word	59	35	2	delong	unexpected	an	a	umbrella	newspaper	93	5	6.29	2.3	Because it frequently rains in London it's a good idea to always carry	with you.	False	n/a	n/a
551.671	0.2	551671	202	an_expected	59	35	2	delong	unexpected	an	a	umbrella	newspaper	93	5	6.29	2.3	Because it frequently rains in London it's a good idea to always carry	with you.	False	n/a	n/a
551.73	0.0	551730	73	cloze_marker	59	35	2	delong	unexpected	an	a	umbrella	newspaper	93	5	6.29	2.3	Because it frequently rains in London it's a good idea to always carry	with you.	False	n/a	n/a
551.956	0.0	551956	133	item_marker	60	33	2	delong	expected	an	a	elephant	bicycle	73	11	6.43	4.48	The highlight of Jack's trip to India was when he got to ride	in the parade.	False	n/a	n/a
552.157	0.2	552157	205	noun_expected	60	33	2	delong	expected	an	a	elephant	bicycle	73	11	6.43	4.48	The highlight of Jack's trip to India was when he got to ride	in the parade.	False	n/a	n/a
552.207	0.0	552207	53	cloze_marker	60	33	2	delong	expected	an	a	elephant	bicycle	73	11	6.43	4.48	The highlight of Jack's trip to India was when he got to ride	in the parade.	False	n/a	n/a
552.441	0.0	552441	133	item_marker	61	33	2	delong	expected	an	a	elephant	bicycle	73	11	6.43	4.48	The highlight of Jack's trip to India was when he got to ride	in the parade.	False	n/a	n/a
552.642	0.2	552642	255	filler_word	61	33	2	delong	expected	an	a	elephant	bicycle	73	11	6.43	4.48	The highlight of Jack's trip to India was when he got to ride	in the parade.	False	n/a	n/a
553.127	0.2	553127	255	filler_word	61	33	2	delong	expected	an	a	elephant	bicycle	73	11	6.43	4.48	The highlight of Jack's trip to India was when he got to ride	in the parade.	False	n/a	n/a
553.612	0.2	553612	207	final_expected	61	33	2	delong	expected	an	a	elephant	bicycle	73	11	6.43	4.48	The highlight of Jack's trip to India was when he got to ride	in the parade.	False	n/a	n/a
555.921	0.2	555921	255	filler_word	61	33	2	delong	expected	an	a	elephant	bicycle	73	11	6.43	4.48	The highlight of Jack's trip to India was when he got to ride	in the parade.	False	n/a	n/a
556.406	0.2	556406	255	filler_word	61	33	2	delong	expected	an	a	elephant	bicycle	73	11	6.43	4.48	The highlight of Jack's trip to India was when he got to ride	in the parade.	False	n/a	n/a
556.891	0.2	556891	255	filler_word	61	33	2	delong	expected	an	a	elephant	bicycle	73	11	6.43	4.48	The highlight of Jack's trip to India was when he got to ride	in the parade.	False	n/a	n/a
557.377	0.2	557377	255	filler_word	61	33	2	delong	expected	an	a	elephant	bicycle	73	11	6.43	4.48	The highlight of Jack's trip to India was when he got to ride	in the parade.	False	n/a	n/a
557.862	0.2	557862	255	filler_word	61	33	2	delong	expected	an	a	elephant	bicycle	73	11	6.43	4.48	The highlight of Jack's trip to India was when he got to ride	in the parade.	False	n/a	n/a
558.347	0.2	558347	255	filler_word	61	33	2	delong	expected	an	a	elephant	bicycle	73	11	6.43	4.48	The highlight of Jack's trip to India was when he got to ride	in the parade.	False	n/a	n/a
558.832	0.2	558832	255	filler_word	61	33	2	delong	expected	an	a	elephant	bicycle	73	11	6.43	4.48	The highlight of Jack's trip to India was when he got to ride	in the parade.	False	n/a	n/a
559.317	0.2	559317	255	filler_word	61	33	2	delong	expected	an	a	elephant	bicycle	73	11	6.43	4.48	The highlight of Jack's trip to India was when he got to ride	in the parade.	False	n/a	n/a
559.802	0.2	559802	255	filler_word	61	33	2	delong	expected	an	a	elephant	bicycle	73	11	6.43	4.48	The highlight of Jack's trip to India was when he got to ride	in the parade.	False	n/a	n/a
560.288	0.2	560288	255	filler_word	61	33	2	delong	expected	an	a	elephant	bicycle	73	11	6.43	4.48	The highlight of Jack's trip to India was when he got to ride	in the parade.	False	n/a	n/a
560.773	0.2	560773	255	filler_word	61	33	2	delong	expected	an	a	elephant	bicycle	73	11	6.43	4.48	The highlight of Jack's trip to India was when he got to ride	in the parade.	False	n/a	n/a
561.258	0.2	561258	255	filler_word	61	33	2	delong	expected	an	a	elephant	bicycle	73	11	6.43	4.48	The highlight of Jack's trip to India was when he got to ride	in the parade.	False	n/a	n/a
561.743	0.2	561743	255	filler_word	61	33	2	delong	expected	an	a	elephant	bicycle	73	11	6.43	4.48	The highlight of Jack's trip to India was when he got to ride	in the parade.	False	n/a	n/a
562.228	0.2	562228	255	filler_word	61	33	2	delong	expected	an	a	elephant	bicycle	73	11	6.43	4.48	The highlight of Jack's trip to India was when he got to ride	in the parade.	False	n/a	n/a
562.714	0.2	562714	201	a_expected	61	33	2	delong	expected	an	a	elephant	bicycle	73	11	6.43	4.48	The highlight of Jack's trip to India was when he got to ride	in the parade.	False	n/a	n/a
562.763	0.0	562763	84	cloze_marker	61	33	2	delong	expected	an	a	elephant	bicycle	73	11	6.43	4.48	The highlight of Jack's trip to India was when he got to ride	in the parade.	False	n/a	n/a
562.998	0.0	562998	126	item_marker	62	26	2	delong	expected	a	an	hanger	iron	84	0	5.73	2.1	I wanted to put my coat in the closet but I could not find	anywhere.	False	n/a	n/a
563.199	0.2	563199	205	noun_expected	62	26	2	delong	expected	a	an	hanger	iron	84	0	5.73	2.1	I wanted to put my coat in the closet but I could not find	anywhere.	False	n/a	n/a
563.249	0.0	563249	87	cloze_marker	62	26	2	delong	expected	a	an	hanger	iron	84	0	5.73	2.1	I wanted to put my coat in the closet but I could not find	anywhere.	False	n/a	n/a
563.483	0.0	563483	126	item_marker	63	26	2	delong	expected	a	an	hanger	iron	84	0	5.73	2.1	I wanted to put my coat in the closet but I could not find	anywhere.	False	n/a	n/a
563.684	0.2	563684	207	final_expected	63	26	2	delong	expected	a	an	hanger	iron	84	0	5.73	2.1	I wanted to put my coat in the closet but I could not find	anywhere.	False	n/a	n/a
565.658	0.2	565658	255	filler_word	63	26	2	delong	expected	a	an	hanger	iron	84	0	5.73	2.1	I wanted to put my coat in the closet but I could not find	anywhere.	False	n/a	n/a
566.143	0.2	566143	255	filler_word	63	26	2	delong	expected	a	an	hanger	iron	84	0	5.73	2.1	I wanted to put my coat in the closet but I could not find	anywhere.	False	n/a	n/a
566.628	0.2	566628	255	filler_word	63	26	2	delong	expected	a	an	hanger	iron	84	0	5.73	2.1	I wanted to put my coat in the closet but I could not find	anywhere.	False	n/a	n/a
567.114	0.2	567114	255	filler_word	63	26	2	delong	expected	a	an	hanger	iron	84	0	5.73	2.1	I wanted to put my coat in the closet but I could not find	anywhere.	False	n/a	n/a
567.599	0.2	567599	255	filler_word	63	26	2	delong	expected	a	an	hanger	iron	84	0	5.73	2.1	I wanted to put my coat in the closet but I could not find	anywhere.	False	n/a	n/a
568.084	0.2	568084	255	filler_word	63	26	2	delong	expected	a	an	hanger	iron	84	0	5.73	2.1	I wanted to put my coat in the closet but I could not find	anywhere.	False	n/a	n/a
568.569	0.2	568569	255	filler_word	63	26	2	delong	expected	a	an	hanger	iron	84	0	5.73	2.1	I wanted to put my coat in the closet but I could not find	anywhere.	False	n/a	n/a
569.054	0.2	569054	255	filler_word	63	26	2	delong	expected	a	an	hanger	iron	84	0	5.73	2.1	I wanted to put my coat in the closet but I could not find	anywhere.	False	n/a	n/a
569.54	0.2	569540	255	filler_word	63	26	2	delong	expected	a	an	hanger	iron	84	0	5.73	2.1	I wanted to put my coat in the closet but I could not find	anywhere.	False	n/a	n/a
570.025	0.2	570025	255	filler_word	63	26	2	delong	expected	a	an	hanger	iron	84	0	5.73	2.1	I wanted to put my coat in the closet but I could not find	anywhere.	False	n/a	n/a
570.51	0.2	570510	255	filler_word	63	26	2	delong	expected	a	an	hanger	iron	84	0	5.73	2.1	I wanted to put my coat in the closet but I could not find	anywhere.	False	n/a	n/a
570.995	0.2	570995	255	filler_word	63	26	2	delong	expected	a	an	hanger	iron	84	0	5.73	2.1	I wanted to put my coat in the closet but I could not find	anywhere.	False	n/a	n/a
571.48	0.2	571480	255	filler_word	63	26	2	delong	expected	a	an	hanger	iron	84	0	5.73	2.1	I wanted to put my coat in the closet but I could not find	anywhere.	False	n/a	n/a
571.965	0.2	571965	255	filler_word	63	26	2	delong	expected	a	an	hanger	iron	84	0	5.73	2.1	I wanted to put my coat in the closet but I could not find	anywhere.	False	n/a	n/a
572.451	0.2	572451	255	filler_word	63	26	2	delong	expected	a	an	hanger	iron	84	0	5.73	2.1	I wanted to put my coat in the closet but I could not find	anywhere.	False	n/a	n/a
572.936	0.2	572936	255	filler_word	63	26	2	delong	expected	a	an	hanger	iron	84	0	5.73	2.1	I wanted to put my coat in the closet but I could not find	anywhere.	False	n/a	n/a
573.421	0.2	573421	204	an_unexpected	63	26	2	delong	expected	a	an	hanger	iron	84	0	5.73	2.1	I wanted to put my coat in the closet but I could not find	anywhere.	False	n/a	n/a
573.471	0.0	573471	200	cloze_marker	63	26	2	delong	expected	a	an	hanger	iron	84	0	5.73	2.1	I wanted to put my coat in the closet but I could not find	anywhere.	False	n/a	n/a
573.705	0.0	573705	132	item_marker	64	32	2	delong	unexpected	a	an	message	invitation	64	0	5.7	4.1	When I called his house Nolan was not home but his mother said she could relay	to him.	False	n/a	n/a
573.906	0.2	573906	206	noun_unexpected	64	32	2	delong	unexpected	a	an	message	invitation	64	0	5.7	4.1	When I called his house Nolan was not home but his mother said she could relay	to him.	False	n/a	n/a
573.956	0.0	573956	3	cloze_marker	64	32	2	delong	unexpected	a	an	message	invitation	64	0	5.7	4.1	When I called his house Nolan was not home but his mother said she could relay	to him.	False	n/a	n/a
574.191	0.0	574191	132	item_marker	65	32	2	delong	unexpected	a	an	message	invitation	64	0	5.7	4.1	When I called his house Nolan was not home but his mother said she could relay	to him.	False	n/a	n/a
574.391	0.2	574391	255	filler_word	65	32	2	delong	unexpected	a	an	message	invitation	64	0	5.7	4.1	When I called his house Nolan was not home but his mother said she could relay	to him.	False	n/a	n/a
574.877	0.2	574877	208	final_unexpected	65	32	2	delong	unexpected	a	an	message	invitation	64	0	5.7	4.1	When I called his house Nolan was not home but his mother said she could relay	to him.	False	n/a	n/a
577.336	0.2	577336	255	filler_word	65	32	2	delong	unexpected	a	an	message	invitation	64	0	5.7	4.1	When I called his house Nolan was not home but his mother said she could relay	to him.	False	n/a	n/a
577.821	0.2	577821	255	filler_word	65	32	2	delong	unexpected	a	an	message	invitation	64	0	5.7	4.1	When I called his house Nolan was not home but his mother said she could relay	to him.	False	n/a	n/a
578.306	0.2	578306	255	filler_word	65	32	2	delong	unexpected	a	an	message	invitation	64	0	5.7	4.1	When I called his house Nolan was not home but his mother said she could relay	to him.	False	n/a	n/a
578.791	0.2	578791	255	filler_word	65	32	2	delong	unexpected	a	an	message	invitation	64	0	5.7	4.1	When I called his house Nolan was not home but his mother said she could relay	to him.	False	n/a	n/a
579.277	0.2	579277	255	filler_word	65	32	2	delong	unexpected	a	an	message	invitation	64	0	5.7	4.1	When I called his house Nolan was not home but his mother said she could relay	to him.	False	n/a	n/a
579.762	0.2	579762	255	filler_word	65	32	2	delong	unexpected	a	an	message	invitation	64	0	5.7	4.1	When I called his house Nolan was not home but his mother said she could relay	to him.	False	n/a	n/a
580.247	0.2	580247	255	filler_word	65	32	2	delong	unexpected	a	an	message	invitation	64	0	5.7	4.1	When I called his house Nolan was not home but his mother said she could relay	to him.	False	n/a	n/a
580.732	0.2	580732	255	filler_word	65	32	2	delong	unexpected	a	an	message	invitation	64	0	5.7	4.1	When I called his house Nolan was not home but his mother said she could relay	to him.	False	n/a	n/a
581.217	0.2	581217	255	filler_word	65	32	2	delong	unexpected	a	an	message	invitation	64	0	5.7	4.1	When I called his house Nolan was not home but his mother said she could relay	to him.	False	n/a	n/a
581.703	0.2	581703	255	filler_word	65	32	2	delong	unexpected	a	an	message	invitation	64	0	5.7	4.1	When I called his house Nolan was not home but his mother said she could relay	to him.	False	n/a	n/a
582.188	0.2	582188	255	filler_word	65	32	2	delong	unexpected	a	an	message	invitation	64	0	5.7	4.1	When I called his house Nolan was not home but his mother said she could relay	to him.	False	n/a	n/a
582.673	0.2	582673	255	filler_word	65	32	2	delong	unexpected	a	an	message	invitation	64	0	5.7	4.1	When I called his house Nolan was not home but his mother said she could relay	to him.	False	n/a	n/a
583.158	0.2	583158	255	filler_word	65	32	2	delong	unexpected	a	an	message	invitation	64	0	5.7	4.1	When I called his house Nolan was not home but his mother said she could relay	to him.	False	n/a	n/a
583.643	0.2	583643	255	filler_word	65	32	2	delong	unexpected	a	an	message	invitation	64	0	5.7	4.1	When I called his house Nolan was not home but his mother said she could relay	to him.	False	n/a	n/a
584.128	0.2	584128	255	filler_word	65	32	2	delong	unexpected	a	an	message	invitation	64	0	5.7	4.1	When I called his house Nolan was not home but his mother said she could relay	to him.	False	n/a	n/a
584.614	0.2	584614	255	filler_word	65	32	2	delong	unexpected	a	an	message	invitation	64	0	5.7	4.1	When I called his house Nolan was not home but his mother said she could relay	to him.	False	n/a	n/a
585.099	0.2	585099	255	filler_word	65	32	2	delong	unexpected	a	an	message	invitation	64	0	5.7	4.1	When I called his house Nolan was not home but his mother said she could relay	to him.	False	n/a	n/a
585.584	0.2	585584	255	filler_word	65	32	2	delong	unexpected	a	an	message	invitation	64	0	5.7	4.1	When I called his house Nolan was not home but his mother said she could relay	to him.	False	n/a	n/a
586.069	0.2	586069	255	filler_word	65	32	2	delong	unexpected	a	an	message	invitation	64	0	5.7	4.1	When I called his house Nolan was not home but his mother said she could relay	to him.	False	n/a	n/a
586.554	0.2	586554	255	filler_word	65	32	2	delong	unexpected	a	an	message	invitation	64	0	5.7	4.1	When I called his house Nolan was not home but his mother said she could relay	to him.	False	n/a	n/a
587.04	0.2	587040	255	filler_word	65	32	2	delong	unexpected	a	an	message	invitation	64	0	5.7	4.1	When I called his house Nolan was not home but his mother said she could relay	to him.	False	n/a	n/a
587.525	0.2	587525	255	filler_word	65	32	2	delong	unexpected	a	an	message	invitation	64	0	5.7	4.1	When I called his house Nolan was not home but his mother said she could relay	to him.	False	n/a	n/a
588.01	0.2	588010	202	an_expected	65	32	2	delong	unexpected	a	an	message	invitation	64	0	5.7	4.1	When I called his house Nolan was not home but his mother said she could relay	to him.	False	n/a	n/a
588.06	0.0	588060	59	cloze_marker	65	32	2	delong	unexpected	a	an	message	invitation	64	0	5.7	4.1	When I called his house Nolan was not home but his mother said she could relay	to him.	False	n/a	n/a
588.294	0.0	588294	125	item_marker	66	25	2	delong	expected	an	a	iron	hanger	59	2	6.27	4.48	Charlie's wife told him that she was tired of pressing his shirts and that he would have to learn how to use	one of these days.	False	n/a	n/a
588.495	0.2	588495	205	noun_expected	66	25	2	delong	expected	an	a	iron	hanger	59	2	6.27	4.48	Charlie's wife told him that she was tired of pressing his shirts and that he would have to learn how to use	one of these days.	False	n/a	n/a
588.545	0.0	588545	97	cloze_marker	66	25	2	delong	expected	an	a	iron	hanger	59	2	6.27	4.48	Charlie's wife told him that she was tired of pressing his shirts and that he would have to learn how to use	one of these days.	False	n/a	n/a
588.779	0.0	588779	125	item_marker	67	25	2	delong	expected	an	a	iron	hanger	59	2	6.27	4.48	Charlie's wife told him that she was tired of pressing his shirts and that he would have to learn how to use	one of these days.	False	n/a	n/a
588.98	0.2	588980	255	filler_word	67	25	2	delong	expected	an	a	iron	hanger	59	2	6.27	4.48	Charlie's wife told him that she was tired of pressing his shirts and that he would have to learn how to use	one of these days.	False	n/a	n/a
589.465	0.2	589465	255	filler_word	67	25	2	delong	expected	an	a	iron	hanger	59	2	6.27	4.48	Charlie's wife told him that she was tired of pressing his shirts and that he would have to learn how to use	one of these days.	False	n/a	n/a
589.951	0.2	589951	255	filler_word	67	25	2	delong	expected	an	a	iron	hanger	59	2	6.27	4.48	Charlie's wife told him that she was tired of pressing his shirts and that he would have to learn how to use	one of these days.	False	n/a	n/a
590.436	0.2	590436	207	final_expected	67	25	2	delong	expected	an	a	iron	hanger	59	2	6.27	4.48	Charlie's wife told him that she was tired of pressing his shirts and that he would have to learn how to use	one of these days.	False	n/a	n/a
592.527	0.2	592527	255	filler_word	67	25	2	delong	expected	an	a	iron	hanger	59	2	6.27	4.48	Charlie's wife told him that she was tired of pressing his shirts and that he would have to learn how to use	one of these days.	False	n/a	n/a
593.012	0.2	593012	255	filler_word	67	25	2	delong	expected	an	a	iron	hanger	59	2	6.27	4.48	Charlie's wife told him that she was tired of pressing his shirts and that he would have to learn how to use	one of these days.	False	n/a	n/a
593.497	0.2	593497	255	filler_word	67	25	2	delong	expected	an	a	iron	hanger	59	2	6.27	4.48	Charlie's wife told him that she was tired of pressing his shirts and that he would have to learn how to use	one of these days.	False	n/a	n/a
593.983	0.2	593983	255	filler_word	67	25	2	delong	expected	an	a	iron	hanger	59	2	6.27	4.48	Charlie's wife told him that she was tired of pressing his shirts and that he would have to learn how to use	one of these days.	False	n/a	n/a
594.468	0.2	594468	255	filler_word	67	25	2	delong	expected	an	a	iron	hanger	59	2	6.27	4.48	Charlie's wife told him that she was tired of pressing his shirts and that he would have to learn how to use	one of these days.	False	n/a	n/a
594.953	0.2	594953	255	filler_word	67	25	2	delong	expected	an	a	iron	hanger	59	2	6.27	4.48	Charlie's wife told him that she was tired of pressing his shirts and that he would have to learn how to use	one of these days.	False	n/a	n/a
595.438	0.2	595438	255	filler_word	67	25	2	delong	expected	an	a	iron	hanger	59	2	6.27	4.48	Charlie's wife told him that she was tired of pressing his shirts and that he would have to learn how to use	one of these days.	False	n/a	n/a
595.923	0.2	595923	255	filler_word	67	25	2	delong	expected	an	a	iron	hanger	59	2	6.27	4.48	Charlie's wife told him that she was tired of pressing his shirts and that he would have to learn how to use	one of these days.	False	n/a	n/a
596.409	0.2	596409	255	filler_word	67	25	2	delong	expected	an	a	iron	hanger	59	2	6.27	4.48	Charlie's wife told him that she was tired of pressing his shirts and that he would have to learn how to use	one of these days.	False	n/a	n/a
596.894	0.2	596894	255	filler_word	67	25	2	delong	expected	an	a	iron	hanger	59	2	6.27	4.48	Charlie's wife told him that she was tired of pressing his shirts and that he would have to learn how to use	one of these days.	False	n/a	n/a
597.379	0.2	597379	255	filler_word	67	25	2	delong	expected	an	a	iron	hanger	59	2	6.27	4.48	Charlie's wife told him that she was tired of pressing his shirts and that he would have to learn how to use	one of these days.	False	n/a	n/a
597.864	0.2	597864	255	filler_word	67	25	2	delong	expected	an	a	iron	hanger	59	2	6.27	4.48	Charlie's wife told him that she was tired of pressing his shirts and that he would have to learn how to use	one of these days.	False	n/a	n/a
598.349	0.2	598349	255	filler_word	67	25	2	delong	expected	an	a	iron	hanger	59	2	6.27	4.48	Charlie's wife told him that she was tired of pressing his shirts and that he would have to learn how to use	one of these days.	False	n/a	n/a
598.834	0.2	598834	255	filler_word	67	25	2	delong	expected	an	a	iron	hanger	59	2	6.27	4.48	Charlie's wife told him that she was tired of pressing his shirts and that he would have to learn how to use	one of these days.	False	n/a	n/a
599.32	0.2	599320	255	filler_word	67	25	2	delong	expected	an	a	iron	hanger	59	2	6.27	4.48	Charlie's wife told him that she was tired of pressing his shirts and that he would have to learn how to use	one of these days.	False	n/a	n/a
599.805	0.2	599805	255	filler_word	67	25	2	delong	expected	an	a	iron	hanger	59	2	6.27	4.48	Charlie's wife told him that she was tired of pressing his shirts and that he would have to learn how to use	one of these days.	False	n/a	n/a
600.29	0.2	600290	201	a_expected	67	25	2	delong	expected	an	a	iron	hanger	59	2	6.27	4.48	Charlie's wife told him that she was tired of pressing his shirts and that he would have to learn how to use	one of these days.	False	n/a	n/a
600.34	0.0	600340	66	cloze_marker	67	25	2	delong	expected	an	a	iron	hanger	59	2	6.27	4.48	Charlie's wife told him that she was tired of pressing his shirts and that he would have to learn how to use	one of these days.	False	n/a	n/a
600.574	0.0	600574	129	item_marker	68	29	2	delong	expected	a	an	flat	apartment	66	11	6.26	6.03	Margot had finally decided to buy a house in the suburbs after a year of renting	in the city.	True	Did Margot want to buy a car?	no
600.775	0.2	600775	205	noun_expected	68	29	2	delong	expected	a	an	flat	apartment	66	11	6.26	6.03	Margot had finally decided to buy a house in the suburbs after a year of renting	in the city.	True	Did Margot want to buy a car?	no
600.825	0.0	600825	90	cloze_marker	68	29	2	delong	expected	a	an	flat	apartment	66	11	6.26	6.03	Margot had finally decided to buy a house in the suburbs after a year of renting	in the city.	True	Did Margot want to buy a car?	no
601.06	0.0	601060	129	item_marker	69	29	2	delong	expected	a	an	flat	apartment	66	11	6.26	6.03	Margot had finally decided to buy a house in the suburbs after a year of renting	in the city.	True	Did Margot want to buy a car?	no
601.26	0.2	601260	255	filler_word	69	29	2	delong	expected	a	an	flat	apartment	66	11	6.26	6.03	Margot had finally decided to buy a house in the suburbs after a year of renting	in the city.	True	Did Margot want to buy a car?	no
601.746	0.2	601746	255	filler_word	69	29	2	delong	expected	a	an	flat	apartment	66	11	6.26	6.03	Margot had finally decided to buy a house in the suburbs after a year of renting	in the city.	True	Did Margot want to buy a car?	no
602.231	0.2	602231	207	final_expected	69	29	2	delong	expected	a	an	flat	apartment	66	11	6.26	6.03	Margot had finally decided to buy a house in the suburbs after a year of renting	in the city.	True	Did Margot want to buy a car?	no
609.341	0.2	609341	255	filler_word	69	29	2	delong	expected	a	an	flat	apartment	66	11	6.26	6.03	Margot had finally decided to buy a house in the suburbs after a year of renting	in the city.	True	Did Margot want to buy a car?	no
609.826	0.2	609826	255	filler_word	69	29	2	delong	expected	a	an	flat	apartment	66	11	6.26	6.03	Margot had finally decided to buy a house in the suburbs after a year of renting	in the city.	True	Did Margot want to buy a car?	no
610.312	0.2	610312	255	filler_word	69	29	2	delong	expected	a	an	flat	apartment	66	11	6.26	6.03	Margot had finally decided to buy a house in the suburbs after a year of renting	in the city.	True	Did Margot want to buy a car?	no
610.797	0.2	610797	255	filler_word	69	29	2	delong	expected	a	an	flat	apartment	66	11	6.26	6.03	Margot had finally decided to buy a house in the suburbs after a year of renting	in the city.	True	Did Margot want to buy a car?	no
611.282	0.2	611282	255	filler_word	69	29	2	delong	expected	a	an	flat	apartment	66	11	6.26	6.03	Margot had finally decided to buy a house in the suburbs after a year of renting	in the city.	True	Did Margot want to buy a car?	no
611.767	0.2	611767	255	filler_word	69	29	2	delong	expected	a	an	flat	apartment	66	11	6.26	6.03	Margot had finally decided to buy a house in the suburbs after a year of renting	in the city.	True	Did Margot want to buy a car?	no
612.252	0.2	612252	201	a_expected	69	29	2	delong	expected	a	an	flat	apartment	66	11	6.26	6.03	Margot had finally decided to buy a house in the suburbs after a year of renting	in the city.	True	Did Margot want to buy a car?	no
612.302	0.0	612302	95	cloze_marker	69	29	2	delong	expected	a	an	flat	apartment	66	11	6.26	6.03	Margot had finally decided to buy a house in the suburbs after a year of renting	in the city.	True	Did Margot want to buy a car?	no
612.537	0.0	612537	134	item_marker	70	34	2	delong	expected	a	an	bicycle	elephant	95	0	6.07	3.48	You never forget how to ride	once you've learned.	False	n/a	n/a
612.737	0.2	612737	205	noun_expected	70	34	2	delong	expected	a	an	bicycle	elephant	95	0	6.07	3.48	You never forget how to ride	once you've learned.	False	n/a	n/a
612.787	0.0	612787	97	cloze_marker	70	34	2	delong	expected	a	an	bicycle	elephant	95	0	6.07	3.48	You never forget how to ride	once you've learned.	False	n/a	n/a
613.022	0.0	613022	134	item_marker	71	34	2	delong	expected	a	an	bicycle	elephant	95	0	6.07	3.48	You never forget how to ride	once you've learned.	False	n/a	n/a
613.223	0.2	613223	255	filler_word	71	34	2	delong	expected	a	an	bicycle	elephant	95	0	6.07	3.48	You never forget how to ride	once you've learned.	False	n/a	n/a
613.708	0.2	613708	255	filler_word	71	34	2	delong	expected	a	an	bicycle	elephant	95	0	6.07	3.48	You never forget how to ride	once you've learned.	False	n/a	n/a
614.193	0.2	614193	207	final_expected	71	34	2	delong	expected	a	an	bicycle	elephant	95	0	6.07	3.48	You never forget how to ride	once you've learned.	False	n/a	n/a
616.201	0.2	616201	255	filler_word	71	34	2	delong	expected	a	an	bicycle	elephant	95	0	6.07	3.48	You never forget how to ride	once you've learned.	False	n/a	n/a
616.686	0.2	616686	255	filler_word	71	34	2	delong	expected	a	an	bicycle	elephant	95	0	6.07	3.48	You never forget how to ride	once you've learned.	False	n/a	n/a
617.171	0.2	617171	255	filler_word	71	34	2	delong	expected	a	an	bicycle	elephant	95	0	6.07	3.48	You never forget how to ride	once you've learned.	False	n/a	n/a
617.656	0.2	617656	255	filler_word	71	34	2	delong	expected	a	an	bicycle	elephant	95	0	6.07	3.48	You never forget how to ride	once you've learned.	False	n/a	n/a
618.141	0.2	618141	255	filler_word	71	34	2	delong	expected	a	an	bicycle	elephant	95	0	6.07	3.48	You never forget how to ride	once you've learned.	False	n/a	n/a
618.627	0.2	618627	255	filler_word	71	34	2	delong	expected	a	an	bicycle	elephant	95	0	6.07	3.48	You never forget how to ride	once you've learned.	False	n/a	n/a
619.112	0.2	619112	255	filler_word	71	34	2	delong	expected	a	an	bicycle	elephant	95	0	6.07	3.48	You never forget how to ride	once you've learned.	False	n/a	n/a
619.597	0.2	619597	255	filler_word	71	34	2	delong	expected	a	an	bicycle	elephant	95	0	6.07	3.48	You never forget how to ride	once you've learned.	False	n/a	n/a
620.082	0.2	620082	255	filler_word	71	34	2	delong	expected	a	an	bicycle	elephant	95	0	6.07	3.48	You never forget how to ride	once you've learned.	False	n/a	n/a
620.567	0.2	620567	255	filler_word	71	34	2	delong	expected	a	an	bicycle	elephant	95	0	6.07	3.48	You never forget how to ride	once you've learned.	False	n/a	n/a
621.052	0.2	621052	255	filler_word	71	34	2	delong	expected	a	an	bicycle	elephant	95	0	6.07	3.48	You never forget how to ride	once you've learned.	False	n/a	n/a
621.538	0.2	621538	255	filler_word	71	34	2	delong	expected	a	an	bicycle	elephant	95	0	6.07	3.48	You never forget how to ride	once you've learned.	False	n/a	n/a
622.023	0.2	622023	255	filler_word	71	34	2	delong	expected	a	an	bicycle	elephant	95	0	6.07	3.48	You never forget how to ride	once you've learned.	False	n/a	n/a
622.508	0.2	622508	255	filler_word	71	34	2	delong	expected	a	an	bicycle	elephant	95	0	6.07	3.48	You never forget how to ride	once you've learned.	False	n/a	n/a
622.993	0.2	622993	255	filler_word	71	34	2	delong	expected	a	an	bicycle	elephant	95	0	6.07	3.48	You never forget how to ride	once you've learned.	False	n/a	n/a
623.478	0.2	623478	255	filler_word	71	34	2	delong	expected	a	an	bicycle	elephant	95	0	6.07	3.48	You never forget how to ride	once you've learned.	False	n/a	n/a
623.964	0.2	623964	255	filler_word	71	34	2	delong	expected	a	an	bicycle	elephant	95	0	6.07	3.48	You never forget how to ride	once you've learned.	False	n/a	n/a
624.449	0.2	624449	255	filler_word	71	34	2	delong	expected	a	an	bicycle	elephant	95	0	6.07	3.48	You never forget how to ride	once you've learned.	False	n/a	n/a
624.934	0.2	624934	255	filler_word	71	34	2	delong	expected	a	an	bicycle	elephant	95	0	6.07	3.48	You never forget how to ride	once you've learned.	False	n/a	n/a
625.419	0.2	625419	255	filler_word	71	34	2	delong	expected	a	an	bicycle	elephant	95	0	6.07	3.48	You never forget how to ride	once you've learned.	False	n/a	n/a
625.904	0.2	625904	255	filler_word	71	34	2	delong	expected	a	an	bicycle	elephant	95	0	6.07	3.48	You never forget how to ride	once you've learned.	False	n/a	n/a
626.389	0.2	626389	255	filler_word	71	34	2	delong	expected	a	an	bicycle	elephant	95	0	6.07	3.48	You never forget how to ride	once you've learned.	False	n/a	n/a
626.875	0.2	626875	204	an_unexpected	71	34	2	delong	expected	a	an	bicycle	elephant	95	0	6.07	3.48	You never forget how to ride	once you've learned.	False	n/a	n/a
626.925	0.0	626925	36	cloze_marker	71	34	2	delong	expected	a	an	bicycle	elephant	95	0	6.07	3.48	You never forget how to ride	once you've learned.	False	n/a	n/a
627.159	0.0	627159	128	item_marker	72	28	2	delong	unexpected	a	an	race	accident	61	36	5.42	3.2	When we saw the finish line and the pylons sectioning off part of the road we knew that there must have been	earlier that day.	False	n/a	n/a
627.36	0.2	627360	206	noun_unexpected	72	28	2	delong	unexpected	a	an	race	accident	61	36	5.42	3.2	When we saw the finish line and the pylons sectioning off part of the road we knew that there must have been	earlier that day.	False	n/a	n/a
627.41	0.0	627410	67	cloze_marker	72	28	2	delong	unexpected	a	an	race	accident	61	36	5.42	3.2	When we saw the finish line and the pylons sectioning off part of the road we knew that there must have been	earlier that day.	False	n/a	n/a
627.644	0.0	627644	128	item_marker	73	28	2	delong	unexpected	a	an	race	accident	61	36	5.42	3.2	When we saw the finish line and the pylons sectioning off part of the road we knew that there must have been	earlier that day.	False	n/a	n/a
627.845	0.2	627845	255	filler_word	73	28	2	delong	unexpected	a	an	race	accident	61	36	5.42	3.2	When we saw the finish line and the pylons sectioning off part of the road we knew that there must have been	earlier that day.	False	n/a	n/a
628.33	0.2	628330	255	filler_word	73	28	2	delong	unexpected	a	an	race	accident	61	36	5.42	3.2	When we saw the finish line and the pylons sectioning off part of the road we knew that there must have been	earlier that day.	False	n/a	n/a
628.815	0.2	628815	208	final_unexpected	73	28	2	delong	unexpected	a	an	race	accident	61	36	5.42	3.2	When we saw the finish line and the pylons sectioning off part of the road we knew that there must have been	earlier that day.	False	n/a	n/a
631.057	0.2	631057	255	filler_word	73	28	2	delong	unexpected	a	an	race	accident	61	36	5.42	3.2	When we saw the finish line and the pylons sectioning off part of the road we knew that there must have been	earlier that day.	False	n/a	n/a
631.542	0.2	631542	255	filler_word	73	28	2	delong	unexpected	a	an	race	accident	61	36	5.42	3.2	When we saw the finish line and the pylons sectioning off part of the road we knew that there must have been	earlier that day.	False	n/a	n/a
632.028	0.2	632028	255	filler_word	73	28	2	delong	unexpected	a	an	race	accident	61	36	5.42	3.2	When we saw the finish line and the pylons sectioning off part of the road we knew that there must have been	earlier that day.	False	n/a	n/a
632.513	0.2	632513	255	filler_word	73	28	2	delong	unexpected	a	an	race	accident	61	36	5.42	3.2	When we saw the finish line and the pylons sectioning off part of the road we knew that there must have been	earlier that day.	False	n/a	n/a
632.998	0.2	632998	255	filler_word	73	28	2	delong	unexpected	a	an	race	accident	61	36	5.42	3.2	When we saw the finish line and the pylons sectioning off part of the road we knew that there must have been	earlier that day.	False	n/a	n/a
633.483	0.2	633483	255	filler_word	73	28	2	delong	unexpected	a	an	race	accident	61	36	5.42	3.2	When we saw the finish line and the pylons sectioning off part of the road we knew that there must have been	earlier that day.	False	n/a	n/a
633.968	0.2	633968	255	filler_word	73	28	2	delong	unexpected	a	an	race	accident	61	36	5.42	3.2	When we saw the finish line and the pylons sectioning off part of the road we knew that there must have been	earlier that day.	False	n/a	n/a
634.454	0.2	634454	255	filler_word	73	28	2	delong	unexpected	a	an	race	accident	61	36	5.42	3.2	When we saw the finish line and the pylons sectioning off part of the road we knew that there must have been	earlier that day.	False	n/a	n/a
634.939	0.2	634939	255	filler_word	73	28	2	delong	unexpected	a	an	race	accident	61	36	5.42	3.2	When we saw the finish line and the pylons sectioning off part of the road we knew that there must have been	earlier that day.	False	n/a	n/a
635.424	0.2	635424	255	filler_word	73	28	2	delong	unexpected	a	an	race	accident	61	36	5.42	3.2	When we saw the finish line and the pylons sectioning off part of the road we knew that there must have been	earlier that day.	False	n/a	n/a
635.909	0.2	635909	255	filler_word	73	28	2	delong	unexpected	a	an	race	accident	61	36	5.42	3.2	When we saw the finish line and the pylons sectioning off part of the road we knew that there must have been	earlier that day.	False	n/a	n/a
636.394	0.2	636394	255	filler_word	73	28	2	delong	unexpected	a	an	race	accident	61	36	5.42	3.2	When we saw the finish line and the pylons sectioning off part of the road we knew that there must have been	earlier that day.	False	n/a	n/a
636.879	0.2	636879	255	filler_word	73	28	2	delong	unexpected	a	an	race	accident	61	36	5.42	3.2	When we saw the finish line and the pylons sectioning off part of the road we knew that there must have been	earlier that day.	False	n/a	n/a
637.365	0.2	637365	255	filler_word	73	28	2	delong	unexpected	a	an	race	accident	61	36	5.42	3.2	When we saw the finish line and the pylons sectioning off part of the road we knew that there must have been	earlier that day.	False	n/a	n/a
637.85	0.2	637850	255	filler_word	73	28	2	delong	unexpected	a	an	race	accident	61	36	5.42	3.2	When we saw the finish line and the pylons sectioning off part of the road we knew that there must have been	earlier that day.	False	n/a	n/a
638.335	0.2	638335	255	filler_word	73	28	2	delong	unexpected	a	an	race	accident	61	36	5.42	3.2	When we saw the finish line and the pylons sectioning off part of the road we knew that there must have been	earlier that day.	False	n/a	n/a
638.82	0.2	638820	255	filler_word	73	28	2	delong	unexpected	a	an	race	accident	61	36	5.42	3.2	When we saw the finish line and the pylons sectioning off part of the road we knew that there must have been	earlier that day.	False	n/a	n/a
639.305	0.2	639305	255	filler_word	73	28	2	delong	unexpected	a	an	race	accident	61	36	5.42	3.2	When we saw the finish line and the pylons sectioning off part of the road we knew that there must have been	earlier that day.	False	n/a	n/a
639.791	0.2	639791	255	filler_word	73	28	2	delong	unexpected	a	an	race	accident	61	36	5.42	3.2	When we saw the finish line and the pylons sectioning off part of the road we knew that there must have been	earlier that day.	False	n/a	n/a
640.276	0.2	640276	255	filler_word	73	28	2	delong	unexpected	a	an	race	accident	61	36	5.42	3.2	When we saw the finish line and the pylons sectioning off part of the road we knew that there must have been	earlier that day.	False	n/a	n/a
640.761	0.2	640761	255	filler_word	73	28	2	delong	unexpected	a	an	race	accident	61	36	5.42	3.2	When we saw the finish line and the pylons sectioning off part of the road we knew that there must have been	earlier that day.	False	n/a	n/a
641.246	0.2	641246	255	filler_word	73	28	2	delong	unexpected	a	an	race	accident	61	36	5.42	3.2	When we saw the finish line and the pylons sectioning off part of the road we knew that there must have been	earlier that day.	False	n/a	n/a
641.731	0.2	641731	255	filler_word	73	28	2	delong	unexpected	a	an	race	accident	61	36	5.42	3.2	When we saw the finish line and the pylons sectioning off part of the road we knew that there must have been	earlier that day.	False	n/a	n/a
642.216	0.2	642216	204	an_unexpected	73	28	2	delong	unexpected	a	an	race	accident	61	36	5.42	3.2	When we saw the finish line and the pylons sectioning off part of the road we knew that there must have been	earlier that day.	False	n/a	n/a
642.266	0.0	642266	2	cloze_marker	73	28	2	delong	unexpected	a	an	race	accident	61	36	5.42	3.2	When we saw the finish line and the pylons sectioning off part of the road we knew that there must have been	earlier that day.	False	n/a	n/a
642.501	0.0	642501	136	item_marker	74	36	2	delong	unexpected	a	an	newspaper	umbrella	75	2	5.19	3.13	As he walked past the corner drugstore on his way to work Carl skimmed the headlines and decided to go ahead and buy	when he saw what the forecast was.	True	Was Carl going to work?	yes
642.702	0.2	642702	206	noun_unexpected	74	36	2	delong	unexpected	a	an	newspaper	umbrella	75	2	5.19	3.13	As he walked past the corner drugstore on his way to work Carl skimmed the headlines and decided to go ahead and buy	when he saw what the forecast was.	True	Was Carl going to work?	yes
642.752	0.0	642752	7	cloze_marker	74	36	2	delong	unexpected	a	an	newspaper	umbrella	75	2	5.19	3.13	As he walked past the corner drugstore on his way to work Carl skimmed the headlines and decided to go ahead and buy	when he saw what the forecast was.	True	Was Carl going to work?	yes
642.986	0.0	642986	136	item_marker	75	36	2	delong	unexpected	a	an	newspaper	umbrella	75	2	5.19	3.13	As he walked past the corner drugstore on his way to work Carl skimmed the headlines and decided to go ahead and buy	when he saw what the forecast was.	True	Was Carl going to work?	yes
643.187	0.2	643187	255	filler_word	75	36	2	delong	unexpected	a	an	newspaper	umbrella	75	2	5.19	3.13	As he walked past the corner drugstore on his way to work Carl skimmed the headlines and decided to go ahead and buy	when he saw what the forecast was.	True	Was Carl going to work?	yes
643.672	0.2	643672	255	filler_word	75	36	2	delong	unexpected	a	an	newspaper	umbrella	75	2	5.19	3.13	As he walked past the corner drugstore on his way to work Carl skimmed the headlines and decided to go ahead and buy	when he saw what the forecast was.	True	Was Carl going to work?	yes
644.157	0.2	644157	255	filler_word	75	36	2	delong	unexpected	a	an	newspaper	umbrella	75	2	5.19	3.13	As he walked past the corner drugstore on his way to work Carl skimmed the headlines and decided to go ahead and buy	when he saw what the forecast was.	True	Was Carl going to work?	yes
644.642	0.2	644642	255	filler_word	75	36	2	delong	unexpected	a	an	newspaper	umbrella	75	2	5.19	3.13	As he walked past the corner drugstore on his way to work Carl skimmed the headlines and decided to go ahead and buy	when he saw what the forecast was.	True	Was Carl going to work?	yes
645.128	0.2	645128	255	filler_word	75	36	2	delong	unexpected	a	an	newspaper	umbrella	75	2	5.19	3.13	As he walked past the corner drugstore on his way to work Carl skimmed the headlines and decided to go ahead and buy	when he saw what the forecast was.	True	Was Carl going to work?	yes
645.613	0.2	645613	255	filler_word	75	36	2	delong	unexpected	a	an	newspaper	umbrella	75	2	5.19	3.13	As he walked past the corner drugstore on his way to work Carl skimmed the headlines and decided to go ahead and buy	when he saw what the forecast was.	True	Was Carl going to work?	yes
646.098	0.2	646098	208	final_unexpected	75	36	2	delong	unexpected	a	an	newspaper	umbrella	75	2	5.19	3.13	As he walked past the corner drugstore on his way to work Carl skimmed the headlines and decided to go ahead and buy	when he saw what the forecast was.	True	Was Carl going to work?	yes
661.189	0.2	661189	255	filler_word	75	36	2	delong	unexpected	a	an	newspaper	umbrella	75	2	5.19	3.13	As he walked past the corner drugstore on his way to work Carl skimmed the headlines and decided to go ahead and buy	when he saw what the forecast was.	True	Was Carl going to work?	yes
661.674	0.2	661674	255	filler_word	75	36	2	delong	unexpected	a	an	newspaper	umbrella	75	2	5.19	3.13	As he walked past the corner drugstore on his way to work Carl skimmed the headlines and decided to go ahead and buy	when he saw what the forecast was.	True	Was Carl going to work?	yes
662.159	0.2	662159	255	filler_word	75	36	2	delong	unexpected	a	an	newspaper	umbrella	75	2	5.19	3.13	As he walked past the corner drugstore on his way to work Carl skimmed the headlines and decided to go ahead and buy	when he saw what the forecast was.	True	Was Carl going to work?	yes
662.644	0.2	662644	255	filler_word	75	36	2	delong	unexpected	a	an	newspaper	umbrella	75	2	5.19	3.13	As he walked past the corner drugstore on his way to work Carl skimmed the headlines and decided to go ahead and buy	when he saw what the forecast was.	True	Was Carl going to work?	yes
663.129	0.2	663129	255	filler_word	75	36	2	delong	unexpected	a	an	newspaper	umbrella	75	2	5.19	3.13	As he walked past the corner drugstore on his way to work Carl skimmed the headlines and decided to go ahead and buy	when he saw what the forecast was.	True	Was Carl going to work?	yes
663.615	0.2	663615	255	filler_word	75	36	2	delong	unexpected	a	an	newspaper	umbrella	75	2	5.19	3.13	As he walked past the corner drugstore on his way to work Carl skimmed the headlines and decided to go ahead and buy	when he saw what the forecast was.	True	Was Carl going to work?	yes
664.1	0.2	664100	255	filler_word	75	36	2	delong	unexpected	a	an	newspaper	umbrella	75	2	5.19	3.13	As he walked past the corner drugstore on his way to work Carl skimmed the headlines and decided to go ahead and buy	when he saw what the forecast was.	True	Was Carl going to work?	yes
664.585	0.2	664585	255	filler_word	75	36	2	delong	unexpected	a	an	newspaper	umbrella	75	2	5.19	3.13	As he walked past the corner drugstore on his way to work Carl skimmed the headlines and decided to go ahead and buy	when he saw what the forecast was.	True	Was Carl going to work?	yes
665.07	0.2	665070	255	filler_word	75	36	2	delong	unexpected	a	an	newspaper	umbrella	75	2	5.19	3.13	As he walked past the corner drugstore on his way to work Carl skimmed the headlines and decided to go ahead and buy	when he saw what the forecast was.	True	Was Carl going to work?	yes
665.555	0.2	665555	255	filler_word	75	36	2	delong	unexpected	a	an	newspaper	umbrella	75	2	5.19	3.13	As he walked past the corner drugstore on his way to work Carl skimmed the headlines and decided to go ahead and buy	when he saw what the forecast was.	True	Was Carl going to work?	yes
666.041	0.2	666041	255	filler_word	75	36	2	delong	unexpected	a	an	newspaper	umbrella	75	2	5.19	3.13	As he walked past the corner drugstore on his way to work Carl skimmed the headlines and decided to go ahead and buy	when he saw what the forecast was.	True	Was Carl going to work?	yes
666.526	0.2	666526	255	filler_word	75	36	2	delong	unexpected	a	an	newspaper	umbrella	75	2	5.19	3.13	As he walked past the corner drugstore on his way to work Carl skimmed the headlines and decided to go ahead and buy	when he saw what the forecast was.	True	Was Carl going to work?	yes
667.011	0.2	667011	255	filler_word	75	36	2	delong	unexpected	a	an	newspaper	umbrella	75	2	5.19	3.13	As he walked past the corner drugstore on his way to work Carl skimmed the headlines and decided to go ahead and buy	when he saw what the forecast was.	True	Was Carl going to work?	yes
667.496	0.2	667496	255	filler_word	75	36	2	delong	unexpected	a	an	newspaper	umbrella	75	2	5.19	3.13	As he walked past the corner drugstore on his way to work Carl skimmed the headlines and decided to go ahead and buy	when he saw what the forecast was.	True	Was Carl going to work?	yes
667.981	0.2	667981	255	filler_word	75	36	2	delong	unexpected	a	an	newspaper	umbrella	75	2	5.19	3.13	As he walked past the corner drugstore on his way to work Carl skimmed the headlines and decided to go ahead and buy	when he saw what the forecast was.	True	Was Carl going to work?	yes
668.466	0.2	668466	255	filler_word	75	36	2	delong	unexpected	a	an	newspaper	umbrella	75	2	5.19	3.13	As he walked past the corner drugstore on his way to work Carl skimmed the headlines and decided to go ahead and buy	when he saw what the forecast was.	True	Was Carl going to work?	yes
668.952	0.2	668952	255	filler_word	75	36	2	delong	unexpected	a	an	newspaper	umbrella	75	2	5.19	3.13	As he walked past the corner drugstore on his way to work Carl skimmed the headlines and decided to go ahead and buy	when he saw what the forecast was.	True	Was Carl going to work?	yes
669.437	0.2	669437	255	filler_word	75	36	2	delong	unexpected	a	an	newspaper	umbrella	75	2	5.19	3.13	As he walked past the corner drugstore on his way to work Carl skimmed the headlines and decided to go ahead and buy	when he saw what the forecast was.	True	Was Carl going to work?	yes
669.922	0.2	669922	255	filler_word	75	36	2	delong	unexpected	a	an	newspaper	umbrella	75	2	5.19	3.13	As he walked past the corner drugstore on his way to work Carl skimmed the headlines and decided to go ahead and buy	when he saw what the forecast was.	True	Was Carl going to work?	yes
670.407	0.2	670407	255	filler_word	75	36	2	delong	unexpected	a	an	newspaper	umbrella	75	2	5.19	3.13	As he walked past the corner drugstore on his way to work Carl skimmed the headlines and decided to go ahead and buy	when he saw what the forecast was.	True	Was Carl going to work?	yes
670.892	0.2	670892	255	filler_word	75	36	2	delong	unexpected	a	an	newspaper	umbrella	75	2	5.19	3.13	As he walked past the corner drugstore on his way to work Carl skimmed the headlines and decided to go ahead and buy	when he saw what the forecast was.	True	Was Carl going to work?	yes
671.378	0.2	671378	255	filler_word	75	36	2	delong	unexpected	a	an	newspaper	umbrella	75	2	5.19	3.13	As he walked past the corner drugstore on his way to work Carl skimmed the headlines and decided to go ahead and buy	when he saw what the forecast was.	True	Was Carl going to work?	yes
671.863	0.2	671863	255	filler_word	75	36	2	delong	unexpected	a	an	newspaper	umbrella	75	2	5.19	3.13	As he walked past the corner drugstore on his way to work Carl skimmed the headlines and decided to go ahead and buy	when he saw what the forecast was.	True	Was Carl going to work?	yes
672.348	0.2	672348	255	filler_word	75	36	2	delong	unexpected	a	an	newspaper	umbrella	75	2	5.19	3.13	As he walked past the corner drugstore on his way to work Carl skimmed the headlines and decided to go ahead and buy	when he saw what the forecast was.	True	Was Carl going to work?	yes
672.833	0.2	672833	255	filler_word	75	36	2	delong	unexpected	a	an	newspaper	umbrella	75	2	5.19	3.13	As he walked past the corner drugstore on his way to work Carl skimmed the headlines and decided to go ahead and buy	when he saw what the forecast was.	True	Was Carl going to work?	yes
673.318	0.2	673318	255	filler_word	75	36	2	delong	unexpected	a	an	newspaper	umbrella	75	2	5.19	3.13	As he walked past the corner drugstore on his way to work Carl skimmed the headlines and decided to go ahead and buy	when he saw what the forecast was.	True	Was Carl going to work?	yes
673.803	0.2	673803	255	filler_word	75	36	2	delong	unexpected	a	an	newspaper	umbrella	75	2	5.19	3.13	As he walked past the corner drugstore on his way to work Carl skimmed the headlines and decided to go ahead and buy	when he saw what the forecast was.	True	Was Carl going to work?	yes
674.289	0.2	674289	255	filler_word	75	36	2	delong	unexpected	a	an	newspaper	umbrella	75	2	5.19	3.13	As he walked past the corner drugstore on his way to work Carl skimmed the headlines and decided to go ahead and buy	when he saw what the forecast was.	True	Was Carl going to work?	yes
674.774	0.2	674774	255	filler_word	75	36	2	delong	unexpected	a	an	newspaper	umbrella	75	2	5.19	3.13	As he walked past the corner drugstore on his way to work Carl skimmed the headlines and decided to go ahead and buy	when he saw what the forecast was.	True	Was Carl going to work?	yes
675.259	0.2	675259	202	an_expected	75	36	2	delong	unexpected	a	an	newspaper	umbrella	75	2	5.19	3.13	As he walked past the corner drugstore on his way to work Carl skimmed the headlines and decided to go ahead and buy	when he saw what the forecast was.	True	Was Carl going to work?	yes
675.309	0.0	675309	60	cloze_marker	75	36	2	delong	unexpected	a	an	newspaper	umbrella	75	2	5.19	3.13	As he walked past the corner drugstore on his way to work Carl skimmed the headlines and decided to go ahead and buy	when he saw what the forecast was.	True	Was Carl going to work?	yes
675.543	0.0	675543	121	item_marker	76	21	2	delong	expected	an	a	allowance	pound	60	9	6.29	4.3	Instead of giving her money whenever she asked for it, Rachel's father thought that it would be a real lesson in economics for her if every week she received	to spend as she wished.	False	n/a	n/a
675.744	0.2	675744	205	noun_expected	76	21	2	delong	expected	an	a	allowance	pound	60	9	6.29	4.3	Instead of giving her money whenever she asked for it, Rachel's father thought that it would be a real lesson in economics for her if every week she received	to spend as she wished.	False	n/a	n/a
675.794	0.0	675794	77	cloze_marker	76	21	2	delong	expected	an	a	allowance	pound	60	9	6.29	4.3	Instead of giving her money whenever she asked for it, Rachel's father thought that it would be a real lesson in economics for her if every week she received	to spend as she wished.	False	n/a	n/a
676.029	0.0	676029	121	item_marker	77	21	2	delong	expected	an	a	allowance	pound	60	9	6.29	4.3	Instead of giving her money whenever she asked for it, Rachel's father thought that it would be a real lesson in economics for her if every week she received	to spend as she wished.	False	n/a	n/a
676.229	0.2	676229	255	filler_word	77	21	2	delong	expected	an	a	allowance	pound	60	9	6.29	4.3	Instead of giving her money whenever she asked for it, Rachel's father thought that it would be a real lesson in economics for her if every week she received	to spend as she wished.	False	n/a	n/a
676.715	0.2	676715	255	filler_word	77	21	2	delong	expected	an	a	allowance	pound	60	9	6.29	4.3	Instead of giving her money whenever she asked for it, Rachel's father thought that it would be a real lesson in economics for her if every week she received	to spend as she wished.	False	n/a	n/a
677.2	0.2	677200	255	filler_word	77	21	2	delong	expected	an	a	allowance	pound	60	9	6.29	4.3	Instead of giving her money whenever she asked for it, Rachel's father thought that it would be a real lesson in economics for her if every week she received	to spend as she wished.	False	n/a	n/a
677.685	0.2	677685	255	filler_word	77	21	2	delong	expected	an	a	allowance	pound	60	9	6.29	4.3	Instead of giving her money whenever she asked for it, Rachel's father thought that it would be a real lesson in economics for her if every week she received	to spend as she wished.	False	n/a	n/a
678.17	0.2	678170	207	final_expected	77	21	2	delong	expected	an	a	allowance	pound	60	9	6.29	4.3	Instead of giving her money whenever she asked for it, Rachel's father thought that it would be a real lesson in economics for her if every week she received	to spend as she wished.	False	n/a	n/a
680.211	0.2	680211	255	filler_word	77	21	2	delong	expected	an	a	allowance	pound	60	9	6.29	4.3	Instead of giving her money whenever she asked for it, Rachel's father thought that it would be a real lesson in economics for her if every week she received	to spend as she wished.	False	n/a	n/a
680.696	0.2	680696	255	filler_word	77	21	2	delong	expected	an	a	allowance	pound	60	9	6.29	4.3	Instead of giving her money whenever she asked for it, Rachel's father thought that it would be a real lesson in economics for her if every week she received	to spend as she wished.	False	n/a	n/a
681.182	0.2	681182	255	filler_word	77	21	2	delong	expected	an	a	allowance	pound	60	9	6.29	4.3	Instead of giving her money whenever she asked for it, Rachel's father thought that it would be a real lesson in economics for her if every week she received	to spend as she wished.	False	n/a	n/a
681.667	0.2	681667	255	filler_word	77	21	2	delong	expected	an	a	allowance	pound	60	9	6.29	4.3	Instead of giving her money whenever she asked for it, Rachel's father thought that it would be a real lesson in economics for her if every week she received	to spend as she wished.	False	n/a	n/a
682.152	0.2	682152	255	filler_word	77	21	2	delong	expected	an	a	allowance	pound	60	9	6.29	4.3	Instead of giving her money whenever she asked for it, Rachel's father thought that it would be a real lesson in economics for her if every week she received	to spend as she wished.	False	n/a	n/a
682.637	0.2	682637	255	filler_word	77	21	2	delong	expected	an	a	allowance	pound	60	9	6.29	4.3	Instead of giving her money whenever she asked for it, Rachel's father thought that it would be a real lesson in economics for her if every week she received	to spend as she wished.	False	n/a	n/a
683.122	0.2	683122	255	filler_word	77	21	2	delong	expected	an	a	allowance	pound	60	9	6.29	4.3	Instead of giving her money whenever she asked for it, Rachel's father thought that it would be a real lesson in economics for her if every week she received	to spend as she wished.	False	n/a	n/a
683.607	0.2	683607	255	filler_word	77	21	2	delong	expected	an	a	allowance	pound	60	9	6.29	4.3	Instead of giving her money whenever she asked for it, Rachel's father thought that it would be a real lesson in economics for her if every week she received	to spend as she wished.	False	n/a	n/a
684.093	0.2	684093	255	filler_word	77	21	2	delong	expected	an	a	allowance	pound	60	9	6.29	4.3	Instead of giving her money whenever she asked for it, Rachel's father thought that it would be a real lesson in economics for her if every week she received	to spend as she wished.	False	n/a	n/a
684.578	0.2	684578	255	filler_word	77	21	2	delong	expected	an	a	allowance	pound	60	9	6.29	4.3	Instead of giving her money whenever she asked for it, Rachel's father thought that it would be a real lesson in economics for her if every week she received	to spend as she wished.	False	n/a	n/a
685.063	0.2	685063	255	filler_word	77	21	2	delong	expected	an	a	allowance	pound	60	9	6.29	4.3	Instead of giving her money whenever she asked for it, Rachel's father thought that it would be a real lesson in economics for her if every week she received	to spend as she wished.	False	n/a	n/a
685.548	0.2	685548	255	filler_word	77	21	2	delong	expected	an	a	allowance	pound	60	9	6.29	4.3	Instead of giving her money whenever she asked for it, Rachel's father thought that it would be a real lesson in economics for her if every week she received	to spend as she wished.	False	n/a	n/a
686.033	0.2	686033	255	filler_word	77	21	2	delong	expected	an	a	allowance	pound	60	9	6.29	4.3	Instead of giving her money whenever she asked for it, Rachel's father thought that it would be a real lesson in economics for her if every week she received	to spend as she wished.	False	n/a	n/a
686.519	0.2	686519	202	an_expected	77	21	2	delong	expected	an	a	allowance	pound	60	9	6.29	4.3	Instead of giving her money whenever she asked for it, Rachel's father thought that it would be a real lesson in economics for her if every week she received	to spend as she wished.	False	n/a	n/a
686.568	0.0	686568	82	cloze_marker	77	21	2	delong	expected	an	a	allowance	pound	60	9	6.29	4.3	Instead of giving her money whenever she asked for it, Rachel's father thought that it would be a real lesson in economics for her if every week she received	to spend as she wished.	False	n/a	n/a
686.803	0.0	686803	137	item_marker	78	37	2	delong	expected	an	a	architect	plumber	82	11	5.87	3.39	Frank wanted to design a very modern house so he sought advice from	to select the fixtures.	False	n/a	n/a
687.004	0.2	687004	205	noun_expected	78	37	2	delong	expected	an	a	architect	plumber	82	11	5.87	3.39	Frank wanted to design a very modern house so he sought advice from	to select the fixtures.	False	n/a	n/a
687.054	0.0	687054	80	cloze_marker	78	37	2	delong	expected	an	a	architect	plumber	82	11	5.87	3.39	Frank wanted to design a very modern house so he sought advice from	to select the fixtures.	False	n/a	n/a
687.288	0.0	687288	137	item_marker	79	37	2	delong	expected	an	a	architect	plumber	82	11	5.87	3.39	Frank wanted to design a very modern house so he sought advice from	to select the fixtures.	False	n/a	n/a
687.489	0.2	687489	255	filler_word	79	37	2	delong	expected	an	a	architect	plumber	82	11	5.87	3.39	Frank wanted to design a very modern house so he sought advice from	to select the fixtures.	False	n/a	n/a
687.974	0.2	687974	255	filler_word	79	37	2	delong	expected	an	a	architect	plumber	82	11	5.87	3.39	Frank wanted to design a very modern house so he sought advice from	to select the fixtures.	False	n/a	n/a
688.459	0.2	688459	255	filler_word	79	37	2	delong	expected	an	a	architect	plumber	82	11	5.87	3.39	Frank wanted to design a very modern house so he sought advice from	to select the fixtures.	False	n/a	n/a
688.944	0.2	688944	207	final_expected	79	37	2	delong	expected	an	a	architect	plumber	82	11	5.87	3.39	Frank wanted to design a very modern house so he sought advice from	to select the fixtures.	False	n/a	n/a
738.4	0.2	738400	255	filler_word	79	37	2	delong	expected	an	a	architect	plumber	82	11	5.87	3.39	Frank wanted to design a very modern house so he sought advice from	to select the fixtures.	False	n/a	n/a
738.885	0.2	738885	255	filler_word	79	37	2	delong	expected	an	a	architect	plumber	82	11	5.87	3.39	Frank wanted to design a very modern house so he sought advice from	to select the fixtures.	False	n/a	n/a
739.37	0.2	739370	255	filler_word	79	37	2	delong	expected	an	a	architect	plumber	82	11	5.87	3.39	Frank wanted to design a very modern house so he sought advice from	to select the fixtures.	False	n/a	n/a
739.855	0.2	739855	255	filler_word	79	37	2	delong	expected	an	a	architect	plumber	82	11	5.87	3.39	Frank wanted to design a very modern house so he sought advice from	to select the fixtures.	False	n/a	n/a
740.34	0.2	740340	255	filler_word	79	37	2	delong	expected	an	a	architect	plumber	82	11	5.87	3.39	Frank wanted to design a very modern house so he sought advice from	to select the fixtures.	False	n/a	n/a
740.825	0.2	740825	255	filler_word	79	37	2	delong	expected	an	a	architect	plumber	82	11	5.87	3.39	Frank wanted to design a very modern house so he sought advice from	to select the fixtures.	False	n/a	n/a
741.311	0.2	741311	255	filler_word	79	37	2	delong	expected	an	a	architect	plumber	82	11	5.87	3.39	Frank wanted to design a very modern house so he sought advice from	to select the fixtures.	False	n/a	n/a
741.796	0.2	741796	255	filler_word	79	37	2	delong	expected	an	a	architect	plumber	82	11	5.87	3.39	Frank wanted to design a very modern house so he sought advice from	to select the fixtures.	False	n/a	n/a
742.281	0.2	742281	255	filler_word	79	37	2	delong	expected	an	a	architect	plumber	82	11	5.87	3.39	Frank wanted to design a very modern house so he sought advice from	to select the fixtures.	False	n/a	n/a
742.766	0.2	742766	255	filler_word	79	37	2	delong	expected	an	a	architect	plumber	82	11	5.87	3.39	Frank wanted to design a very modern house so he sought advice from	to select the fixtures.	False	n/a	n/a
743.251	0.2	743251	255	filler_word	79	37	2	delong	expected	an	a	architect	plumber	82	11	5.87	3.39	Frank wanted to design a very modern house so he sought advice from	to select the fixtures.	False	n/a	n/a
743.737	0.2	743737	255	filler_word	79	37	2	delong	expected	an	a	architect	plumber	82	11	5.87	3.39	Frank wanted to design a very modern house so he sought advice from	to select the fixtures.	False	n/a	n/a
744.222	0.2	744222	255	filler_word	79	37	2	delong	expected	an	a	architect	plumber	82	11	5.87	3.39	Frank wanted to design a very modern house so he sought advice from	to select the fixtures.	False	n/a	n/a
744.707	0.2	744707	255	filler_word	79	37	2	delong	expected	an	a	architect	plumber	82	11	5.87	3.39	Frank wanted to design a very modern house so he sought advice from	to select the fixtures.	False	n/a	n/a
745.192	0.2	745192	201	a_expected	79	37	2	delong	expected	an	a	architect	plumber	82	11	5.87	3.39	Frank wanted to design a very modern house so he sought advice from	to select the fixtures.	False	n/a	n/a
745.242	0.0	745242	27	cloze_marker	79	37	2	delong	expected	an	a	architect	plumber	82	11	5.87	3.39	Frank wanted to design a very modern house so he sought advice from	to select the fixtures.	False	n/a	n/a
745.476	0.0	745476	150	item_marker	80	50	2	delong	expected	a	an	finger	onion	27	0	5.35	3.13	Marie wanted to sample a tiny bit of the sauce so she daintily dipped	into the pot.	False	n/a	n/a
745.677	0.2	745677	205	noun_expected	80	50	2	delong	expected	a	an	finger	onion	27	0	5.35	3.13	Marie wanted to sample a tiny bit of the sauce so she daintily dipped	into the pot.	False	n/a	n/a
745.727	0.0	745727	37	cloze_marker	80	50	2	delong	expected	a	an	finger	onion	27	0	5.35	3.13	Marie wanted to sample a tiny bit of the sauce so she daintily dipped	into the pot.	False	n/a	n/a
745.962	0.0	745962	150	item_marker	81	50	2	delong	expected	a	an	finger	onion	27	0	5.35	3.13	Marie wanted to sample a tiny bit of the sauce so she daintily dipped	into the pot.	False	n/a	n/a
746.162	0.2	746162	255	filler_word	81	50	2	delong	expected	a	an	finger	onion	27	0	5.35	3.13	Marie wanted to sample a tiny bit of the sauce so she daintily dipped	into the pot.	False	n/a	n/a
746.648	0.2	746648	255	filler_word	81	50	2	delong	expected	a	an	finger	onion	27	0	5.35	3.13	Marie wanted to sample a tiny bit of the sauce so she daintily dipped	into the pot.	False	n/a	n/a
747.133	0.2	747133	207	final_expected	81	50	2	delong	expected	a	an	finger	onion	27	0	5.35	3.13	Marie wanted to sample a tiny bit of the sauce so she daintily dipped	into the pot.	False	n/a	n/a
749.341	0.2	749341	255	filler_word	81	50	2	delong	expected	a	an	finger	onion	27	0	5.35	3.13	Marie wanted to sample a tiny bit of the sauce so she daintily dipped	into the pot.	False	n/a	n/a
749.826	0.2	749826	255	filler_word	81	50	2	delong	expected	a	an	finger	onion	27	0	5.35	3.13	Marie wanted to sample a tiny bit of the sauce so she daintily dipped	into the pot.	False	n/a	n/a
750.312	0.2	750312	255	filler_word	81	50	2	delong	expected	a	an	finger	onion	27	0	5.35	3.13	Marie wanted to sample a tiny bit of the sauce so she daintily dipped	into the pot.	False	n/a	n/a
750.797	0.2	750797	255	filler_word	81	50	2	delong	expected	a	an	finger	onion	27	0	5.35	3.13	Marie wanted to sample a tiny bit of the sauce so she daintily dipped	into the pot.	False	n/a	n/a
751.282	0.2	751282	255	filler_word	81	50	2	delong	expected	a	an	finger	onion	27	0	5.35	3.13	Marie wanted to sample a tiny bit of the sauce so she daintily dipped	into the pot.	False	n/a	n/a
751.767	0.2	751767	204	an_unexpected	81	50	2	delong	expected	a	an	finger	onion	27	0	5.35	3.13	Marie wanted to sample a tiny bit of the sauce so she daintily dipped	into the pot.	False	n/a	n/a
751.817	0.0	751817	2	cloze_marker	81	50	2	delong	expected	a	an	finger	onion	27	0	5.35	3.13	Marie wanted to sample a tiny bit of the sauce so she daintily dipped	into the pot.	False	n/a	n/a
752.052	0.0	752052	143	item_marker	82	43	2	delong	unexpected	a	an	stamp	envelope	86	2	4.67	3.74	Jeffrey mailed the letter without	so the post office would never deliver it.	True	Did Hannah mail the letter?	no
752.252	0.2	752252	206	noun_unexpected	82	43	2	delong	unexpected	a	an	stamp	envelope	86	2	4.67	3.74	Jeffrey mailed the letter without	so the post office would never deliver it.	True	Did Hannah mail the letter?	no
752.302	0.0	752302	40	cloze_marker	82	43	2	delong	unexpected	a	an	stamp	envelope	86	2	4.67	3.74	Jeffrey mailed the letter without	so the post office would never deliver it.	True	Did Hannah mail the letter?	no
752.537	0.0	752537	143	item_marker	83	43	2	delong	unexpected	a	an	stamp	envelope	86	2	4.67	3.74	Jeffrey mailed the letter without	so the post office would never deliver it.	True	Did Hannah mail the letter?	no
752.737	0.2	752737	255	filler_word	83	43	2	delong	unexpected	a	an	stamp	envelope	86	2	4.67	3.74	Jeffrey mailed the letter without	so the post office would never deliver it.	True	Did Hannah mail the letter?	no
753.223	0.2	753223	255	filler_word	83	43	2	delong	unexpected	a	an	stamp	envelope	86	2	4.67	3.74	Jeffrey mailed the letter without	so the post office would never deliver it.	True	Did Hannah mail the letter?	no
753.708	0.2	753708	255	filler_word	83	43	2	delong	unexpected	a	an	stamp	envelope	86	2	4.67	3.74	Jeffrey mailed the letter without	so the post office would never deliver it.	True	Did Hannah mail the letter?	no
754.193	0.2	754193	255	filler_word	83	43	2	delong	unexpected	a	an	stamp	envelope	86	2	4.67	3.74	Jeffrey mailed the letter without	so the post office would never deliver it.	True	Did Hannah mail the letter?	no
754.678	0.2	754678	255	filler_word	83	43	2	delong	unexpected	a	an	stamp	envelope	86	2	4.67	3.74	Jeffrey mailed the letter without	so the post office would never deliver it.	True	Did Hannah mail the letter?	no
755.163	0.2	755163	255	filler_word	83	43	2	delong	unexpected	a	an	stamp	envelope	86	2	4.67	3.74	Jeffrey mailed the letter without	so the post office would never deliver it.	True	Did Hannah mail the letter?	no
755.649	0.2	755649	255	filler_word	83	43	2	delong	unexpected	a	an	stamp	envelope	86	2	4.67	3.74	Jeffrey mailed the letter without	so the post office would never deliver it.	True	Did Hannah mail the letter?	no
756.134	0.2	756134	208	final_unexpected	83	43	2	delong	unexpected	a	an	stamp	envelope	86	2	4.67	3.74	Jeffrey mailed the letter without	so the post office would never deliver it.	True	Did Hannah mail the letter?	no
762.04	0.2	762040	255	filler_word	83	43	2	delong	unexpected	a	an	stamp	envelope	86	2	4.67	3.74	Jeffrey mailed the letter without	so the post office would never deliver it.	True	Did Hannah mail the letter?	no
762.525	0.2	762525	255	filler_word	83	43	2	delong	unexpected	a	an	stamp	envelope	86	2	4.67	3.74	Jeffrey mailed the letter without	so the post office would never deliver it.	True	Did Hannah mail the letter?	no
763.01	0.2	763010	255	filler_word	83	43	2	delong	unexpected	a	an	stamp	envelope	86	2	4.67	3.74	Jeffrey mailed the letter without	so the post office would never deliver it.	True	Did Hannah mail the letter?	no
763.495	0.2	763495	255	filler_word	83	43	2	delong	unexpected	a	an	stamp	envelope	86	2	4.67	3.74	Jeffrey mailed the letter without	so the post office would never deliver it.	True	Did Hannah mail the letter?	no
763.98	0.2	763980	255	filler_word	83	43	2	delong	unexpected	a	an	stamp	envelope	86	2	4.67	3.74	Jeffrey mailed the letter without	so the post office would never deliver it.	True	Did Hannah mail the letter?	no
764.465	0.2	764465	255	filler_word	83	43	2	delong	unexpected	a	an	stamp	envelope	86	2	4.67	3.74	Jeffrey mailed the letter without	so the post office would never deliver it.	True	Did Hannah mail the letter?	no
764.951	0.2	764951	255	filler_word	83	43	2	delong	unexpected	a	an	stamp	envelope	86	2	4.67	3.74	Jeffrey mailed the letter without	so the post office would never deliver it.	True	Did Hannah mail the letter?	no
765.436	0.2	765436	255	filler_word	83	43	2	delong	unexpected	a	an	stamp	envelope	86	2	4.67	3.74	Jeffrey mailed the letter without	so the post office would never deliver it.	True	Did Hannah mail the letter?	no
765.921	0.2	765921	255	filler_word	83	43	2	delong	unexpected	a	an	stamp	envelope	86	2	4.67	3.74	Jeffrey mailed the letter without	so the post office would never deliver it.	True	Did Hannah mail the letter?	no
766.406	0.2	766406	202	an_expected	83	43	2	delong	unexpected	a	an	stamp	envelope	86	2	4.67	3.74	Jeffrey mailed the letter without	so the post office would never deliver it.	True	Did Hannah mail the letter?	no
766.456	0.0	766456	70	cloze_marker	83	43	2	delong	unexpected	a	an	stamp	envelope	86	2	4.67	3.74	Jeffrey mailed the letter without	so the post office would never deliver it.	True	Did Hannah mail the letter?	no
766.691	0.0	766691	153	item_marker	84	53	2	delong	expected	an	a	actor	director	70	25	6.33	5.68	Lance had moved to Hollywood in hopes of becoming	but so far he had only done a few commercials.	False	n/a	n/a
766.891	0.2	766891	205	noun_expected	84	53	2	delong	expected	an	a	actor	director	70	25	6.33	5.68	Lance had moved to Hollywood in hopes of becoming	but so far he had only done a few commercials.	False	n/a	n/a
766.941	0.0	766941	93	cloze_marker	84	53	2	delong	expected	an	a	actor	director	70	25	6.33	5.68	Lance had moved to Hollywood in hopes of becoming	but so far he had only done a few commercials.	False	n/a	n/a
767.176	0.0	767176	153	item_marker	85	53	2	delong	expected	an	a	actor	director	70	25	6.33	5.68	Lance had moved to Hollywood in hopes of becoming	but so far he had only done a few commercials.	False	n/a	n/a
767.377	0.2	767377	255	filler_word	85	53	2	delong	expected	an	a	actor	director	70	25	6.33	5.68	Lance had moved to Hollywood in hopes of becoming	but so far he had only done a few commercials.	False	n/a	n/a
767.862	0.2	767862	255	filler_word	85	53	2	delong	expected	an	a	actor	director	70	25	6.33	5.68	Lance had moved to Hollywood in hopes of becoming	but so far he had only done a few commercials.	False	n/a	n/a
768.347	0.2	768347	255	filler_word	85	53	2	delong	expected	an	a	actor	director	70	25	6.33	5.68	Lance had moved to Hollywood in hopes of becoming	but so far he had only done a few commercials.	False	n/a	n/a
768.832	0.2	768832	255	filler_word	85	53	2	delong	expected	an	a	actor	director	70	25	6.33	5.68	Lance had moved to Hollywood in hopes of becoming	but so far he had only done a few commercials.	False	n/a	n/a
769.317	0.2	769317	255	filler_word	85	53	2	delong	expected	an	a	actor	director	70	25	6.33	5.68	Lance had moved to Hollywood in hopes of becoming	but so far he had only done a few commercials.	False	n/a	n/a
769.802	0.2	769802	255	filler_word	85	53	2	delong	expected	an	a	actor	director	70	25	6.33	5.68	Lance had moved to Hollywood in hopes of becoming	but so far he had only done a few commercials.	False	n/a	n/a
770.288	0.2	770288	255	filler_word	85	53	2	delong	expected	an	a	actor	director	70	25	6.33	5.68	Lance had moved to Hollywood in hopes of becoming	but so far he had only done a few commercials.	False	n/a	n/a
770.773	0.2	770773	255	filler_word	85	53	2	delong	expected	an	a	actor	director	70	25	6.33	5.68	Lance had moved to Hollywood in hopes of becoming	but so far he had only done a few commercials.	False	n/a	n/a
771.258	0.2	771258	255	filler_word	85	53	2	delong	expected	an	a	actor	director	70	25	6.33	5.68	Lance had moved to Hollywood in hopes of becoming	but so far he had only done a few commercials.	False	n/a	n/a
771.743	0.2	771743	207	final_expected	85	53	2	delong	expected	an	a	actor	director	70	25	6.33	5.68	Lance had moved to Hollywood in hopes of becoming	but so far he had only done a few commercials.	False	n/a	n/a
774.085	0.2	774085	255	filler_word	85	53	2	delong	expected	an	a	actor	director	70	25	6.33	5.68	Lance had moved to Hollywood in hopes of becoming	but so far he had only done a few commercials.	False	n/a	n/a
774.571	0.2	774571	255	filler_word	85	53	2	delong	expected	an	a	actor	director	70	25	6.33	5.68	Lance had moved to Hollywood in hopes of becoming	but so far he had only done a few commercials.	False	n/a	n/a
775.056	0.2	775056	255	filler_word	85	53	2	delong	expected	an	a	actor	director	70	25	6.33	5.68	Lance had moved to Hollywood in hopes of becoming	but so far he had only done a few commercials.	False	n/a	n/a
775.541	0.2	775541	255	filler_word	85	53	2	delong	expected	an	a	actor	director	70	25	6.33	5.68	Lance had moved to Hollywood in hopes of becoming	but so far he had only done a few commercials.	False	n/a	n/a
776.026	0.2	776026	255	filler_word	85	53	2	delong	expected	an	a	actor	director	70	25	6.33	5.68	Lance had moved to Hollywood in hopes of becoming	but so far he had only done a few commercials.	False	n/a	n/a
776.511	0.2	776511	255	filler_word	85	53	2	delong	expected	an	a	actor	director	70	25	6.33	5.68	Lance had moved to Hollywood in hopes of becoming	but so far he had only done a few commercials.	False	n/a	n/a
776.997	0.2	776997	255	filler_word	85	53	2	delong	expected	an	a	actor	director	70	25	6.33	5.68	Lance had moved to Hollywood in hopes of becoming	but so far he had only done a few commercials.	False	n/a	n/a
777.482	0.2	777482	255	filler_word	85	53	2	delong	expected	an	a	actor	director	70	25	6.33	5.68	Lance had moved to Hollywood in hopes of becoming	but so far he had only done a few commercials.	False	n/a	n/a
777.967	0.2	777967	255	filler_word	85	53	2	delong	expected	an	a	actor	director	70	25	6.33	5.68	Lance had moved to Hollywood in hopes of becoming	but so far he had only done a few commercials.	False	n/a	n/a
778.452	0.2	778452	255	filler_word	85	53	2	delong	expected	an	a	actor	director	70	25	6.33	5.68	Lance had moved to Hollywood in hopes of becoming	but so far he had only done a few commercials.	False	n/a	n/a
778.937	0.2	778937	255	filler_word	85	53	2	delong	expected	an	a	actor	director	70	25	6.33	5.68	Lance had moved to Hollywood in hopes of becoming	but so far he had only done a few commercials.	False	n/a	n/a
779.422	0.2	779422	255	filler_word	85	53	2	delong	expected	an	a	actor	director	70	25	6.33	5.68	Lance had moved to Hollywood in hopes of becoming	but so far he had only done a few commercials.	False	n/a	n/a
779.908	0.2	779908	255	filler_word	85	53	2	delong	expected	an	a	actor	director	70	25	6.33	5.68	Lance had moved to Hollywood in hopes of becoming	but so far he had only done a few commercials.	False	n/a	n/a
780.393	0.2	780393	255	filler_word	85	53	2	delong	expected	an	a	actor	director	70	25	6.33	5.68	Lance had moved to Hollywood in hopes of becoming	but so far he had only done a few commercials.	False	n/a	n/a
780.878	0.2	780878	255	filler_word	85	53	2	delong	expected	an	a	actor	director	70	25	6.33	5.68	Lance had moved to Hollywood in hopes of becoming	but so far he had only done a few commercials.	False	n/a	n/a
781.363	0.2	781363	255	filler_word	85	53	2	delong	expected	an	a	actor	director	70	25	6.33	5.68	Lance had moved to Hollywood in hopes of becoming	but so far he had only done a few commercials.	False	n/a	n/a
781.848	0.2	781848	201	a_expected	85	53	2	delong	expected	an	a	actor	director	70	25	6.33	5.68	Lance had moved to Hollywood in hopes of becoming	but so far he had only done a few commercials.	False	n/a	n/a
781.898	0.0	781898	82	cloze_marker	85	53	2	delong	expected	an	a	actor	director	70	25	6.33	5.68	Lance had moved to Hollywood in hopes of becoming	but so far he had only done a few commercials.	False	n/a	n/a
782.133	0.0	782133	146	item_marker	86	46	2	delong	expected	a	an	beginner	amateur	82	16	6.17	6.16	There are always ways to improve your game whether you're an advanced tennis player or merely	you just need to practice a lot.	False	n/a	n/a
782.334	0.2	782334	205	noun_expected	86	46	2	delong	expected	a	an	beginner	amateur	82	16	6.17	6.16	There are always ways to improve your game whether you're an advanced tennis player or merely	you just need to practice a lot.	False	n/a	n/a
782.383	0.0	782383	63	cloze_marker	86	46	2	delong	expected	a	an	beginner	amateur	82	16	6.17	6.16	There are always ways to improve your game whether you're an advanced tennis player or merely	you just need to practice a lot.	False	n/a	n/a
782.618	0.0	782618	146	item_marker	87	46	2	delong	expected	a	an	beginner	amateur	82	16	6.17	6.16	There are always ways to improve your game whether you're an advanced tennis player or merely	you just need to practice a lot.	False	n/a	n/a
782.819	0.2	782819	255	filler_word	87	46	2	delong	expected	a	an	beginner	amateur	82	16	6.17	6.16	There are always ways to improve your game whether you're an advanced tennis player or merely	you just need to practice a lot.	False	n/a	n/a
783.304	0.2	783304	255	filler_word	87	46	2	delong	expected	a	an	beginner	amateur	82	16	6.17	6.16	There are always ways to improve your game whether you're an advanced tennis player or merely	you just need to practice a lot.	False	n/a	n/a
783.789	0.2	783789	255	filler_word	87	46	2	delong	expected	a	an	beginner	amateur	82	16	6.17	6.16	There are always ways to improve your game whether you're an advanced tennis player or merely	you just need to practice a lot.	False	n/a	n/a
784.274	0.2	784274	255	filler_word	87	46	2	delong	expected	a	an	beginner	amateur	82	16	6.17	6.16	There are always ways to improve your game whether you're an advanced tennis player or merely	you just need to practice a lot.	False	n/a	n/a
784.759	0.2	784759	255	filler_word	87	46	2	delong	expected	a	an	beginner	amateur	82	16	6.17	6.16	There are always ways to improve your game whether you're an advanced tennis player or merely	you just need to practice a lot.	False	n/a	n/a
785.245	0.2	785245	255	filler_word	87	46	2	delong	expected	a	an	beginner	amateur	82	16	6.17	6.16	There are always ways to improve your game whether you're an advanced tennis player or merely	you just need to practice a lot.	False	n/a	n/a
785.73	0.2	785730	207	final_expected	87	46	2	delong	expected	a	an	beginner	amateur	82	16	6.17	6.16	There are always ways to improve your game whether you're an advanced tennis player or merely	you just need to practice a lot.	False	n/a	n/a
789.143	0.2	789143	255	filler_word	87	46	2	delong	expected	a	an	beginner	amateur	82	16	6.17	6.16	There are always ways to improve your game whether you're an advanced tennis player or merely	you just need to practice a lot.	False	n/a	n/a
789.628	0.2	789628	255	filler_word	87	46	2	delong	expected	a	an	beginner	amateur	82	16	6.17	6.16	There are always ways to improve your game whether you're an advanced tennis player or merely	you just need to practice a lot.	False	n/a	n/a
790.113	0.2	790113	255	filler_word	87	46	2	delong	expected	a	an	beginner	amateur	82	16	6.17	6.16	There are always ways to improve your game whether you're an advanced tennis player or merely	you just need to practice a lot.	False	n/a	n/a
790.598	0.2	790598	255	filler_word	87	46	2	delong	expected	a	an	beginner	amateur	82	16	6.17	6.16	There are always ways to improve your game whether you're an advanced tennis player or merely	you just need to practice a lot.	False	n/a	n/a
791.084	0.2	791084	255	filler_word	87	46	2	delong	expected	a	an	beginner	amateur	82	16	6.17	6.16	There are always ways to improve your game whether you're an advanced tennis player or merely	you just need to practice a lot.	False	n/a	n/a
791.569	0.2	791569	255	filler_word	87	46	2	delong	expected	a	an	beginner	amateur	82	16	6.17	6.16	There are always ways to improve your game whether you're an advanced tennis player or merely	you just need to practice a lot.	False	n/a	n/a
792.054	0.2	792054	255	filler_word	87	46	2	delong	expected	a	an	beginner	amateur	82	16	6.17	6.16	There are always ways to improve your game whether you're an advanced tennis player or merely	you just need to practice a lot.	False	n/a	n/a
792.539	0.2	792539	255	filler_word	87	46	2	delong	expected	a	an	beginner	amateur	82	16	6.17	6.16	There are always ways to improve your game whether you're an advanced tennis player or merely	you just need to practice a lot.	False	n/a	n/a
793.024	0.2	793024	255	filler_word	87	46	2	delong	expected	a	an	beginner	amateur	82	16	6.17	6.16	There are always ways to improve your game whether you're an advanced tennis player or merely	you just need to practice a lot.	False	n/a	n/a
793.509	0.2	793509	255	filler_word	87	46	2	delong	expected	a	an	beginner	amateur	82	16	6.17	6.16	There are always ways to improve your game whether you're an advanced tennis player or merely	you just need to practice a lot.	False	n/a	n/a
793.995	0.2	793995	255	filler_word	87	46	2	delong	expected	a	an	beginner	amateur	82	16	6.17	6.16	There are always ways to improve your game whether you're an advanced tennis player or merely	you just need to practice a lot.	False	n/a	n/a
794.48	0.2	794480	255	filler_word	87	46	2	delong	expected	a	an	beginner	amateur	82	16	6.17	6.16	There are always ways to improve your game whether you're an advanced tennis player or merely	you just need to practice a lot.	False	n/a	n/a
794.965	0.2	794965	255	filler_word	87	46	2	delong	expected	a	an	beginner	amateur	82	16	6.17	6.16	There are always ways to improve your game whether you're an advanced tennis player or merely	you just need to practice a lot.	False	n/a	n/a
795.45	0.2	795450	255	filler_word	87	46	2	delong	expected	a	an	beginner	amateur	82	16	6.17	6.16	There are always ways to improve your game whether you're an advanced tennis player or merely	you just need to practice a lot.	False	n/a	n/a
795.935	0.2	795935	255	filler_word	87	46	2	delong	expected	a	an	beginner	amateur	82	16	6.17	6.16	There are always ways to improve your game whether you're an advanced tennis player or merely	you just need to practice a lot.	False	n/a	n/a
796.421	0.2	796421	255	filler_word	87	46	2	delong	expected	a	an	beginner	amateur	82	16	6.17	6.16	There are always ways to improve your game whether you're an advanced tennis player or merely	you just need to practice a lot.	False	n/a	n/a
796.906	0.2	796906	255	filler_word	87	46	2	delong	expected	a	an	beginner	amateur	82	16	6.17	6.16	There are always ways to improve your game whether you're an advanced tennis player or merely	you just need to practice a lot.	False	n/a	n/a
797.391	0.2	797391	255	filler_word	87	46	2	delong	expected	a	an	beginner	amateur	82	16	6.17	6.16	There are always ways to improve your game whether you're an advanced tennis player or merely	you just need to practice a lot.	False	n/a	n/a
797.876	0.2	797876	255	filler_word	87	46	2	delong	expected	a	an	beginner	amateur	82	16	6.17	6.16	There are always ways to improve your game whether you're an advanced tennis player or merely	you just need to practice a lot.	False	n/a	n/a
798.361	0.2	798361	203	a_unexpected	87	46	2	delong	expected	a	an	beginner	amateur	82	16	6.17	6.16	There are always ways to improve your game whether you're an advanced tennis player or merely	you just need to practice a lot.	False	n/a	n/a
798.411	0.0	798411	16	cloze_marker	87	46	2	delong	expected	a	an	beginner	amateur	82	16	6.17	6.16	There are always ways to improve your game whether you're an advanced tennis player or merely	you just need to practice a lot.	False	n/a	n/a
798.646	0.0	798646	159	item_marker	88	59	2	delong	unexpected	an	a	airport	city	52	16	6.03	4.9	The pilot had to make an emergency landing in the middle of the desert because he was nowhere near	or a safe place to land.	False	n/a	n/a
798.846	0.2	798846	206	noun_unexpected	88	59	2	delong	unexpected	an	a	airport	city	52	16	6.03	4.9	The pilot had to make an emergency landing in the middle of the desert because he was nowhere near	or a safe place to land.	False	n/a	n/a
798.896	0.0	798896	7	cloze_marker	88	59	2	delong	unexpected	an	a	airport	city	52	16	6.03	4.9	The pilot had to make an emergency landing in the middle of the desert because he was nowhere near	or a safe place to land.	False	n/a	n/a
799.131	0.0	799131	159	item_marker	89	59	2	delong	unexpected	an	a	airport	city	52	16	6.03	4.9	The pilot had to make an emergency landing in the middle of the desert because he was nowhere near	or a safe place to land.	False	n/a	n/a
799.332	0.2	799332	255	filler_word	89	59	2	delong	unexpected	an	a	airport	city	52	16	6.03	4.9	The pilot had to make an emergency landing in the middle of the desert because he was nowhere near	or a safe place to land.	False	n/a	n/a
799.817	0.2	799817	255	filler_word	89	59	2	delong	unexpected	an	a	airport	city	52	16	6.03	4.9	The pilot had to make an emergency landing in the middle of the desert because he was nowhere near	or a safe place to land.	False	n/a	n/a
800.302	0.2	800302	255	filler_word	89	59	2	delong	unexpected	an	a	airport	city	52	16	6.03	4.9	The pilot had to make an emergency landing in the middle of the desert because he was nowhere near	or a safe place to land.	False	n/a	n/a
800.787	0.2	800787	255	filler_word	89	59	2	delong	unexpected	an	a	airport	city	52	16	6.03	4.9	The pilot had to make an emergency landing in the middle of the desert because he was nowhere near	or a safe place to land.	False	n/a	n/a
801.272	0.2	801272	255	filler_word	89	59	2	delong	unexpected	an	a	airport	city	52	16	6.03	4.9	The pilot had to make an emergency landing in the middle of the desert because he was nowhere near	or a safe place to land.	False	n/a	n/a
801.758	0.2	801758	208	final_unexpected	89	59	2	delong	unexpected	an	a	airport	city	52	16	6.03	4.9	The pilot had to make an emergency landing in the middle of the desert because he was nowhere near	or a safe place to land.	False	n/a	n/a
804.066	0.2	804066	255	filler_word	89	59	2	delong	unexpected	an	a	airport	city	52	16	6.03	4.9	The pilot had to make an emergency landing in the middle of the desert because he was nowhere near	or a safe place to land.	False	n/a	n/a
804.552	0.2	804552	255	filler_word	89	59	2	delong	unexpected	an	a	airport	city	52	16	6.03	4.9	The pilot had to make an emergency landing in the middle of the desert because he was nowhere near	or a safe place to land.	False	n/a	n/a
805.037	0.2	805037	255	filler_word	89	59	2	delong	unexpected	an	a	airport	city	52	16	6.03	4.9	The pilot had to make an emergency landing in the middle of the desert because he was nowhere near	or a safe place to land.	False	n/a	n/a
805.522	0.2	805522	255	filler_word	89	59	2	delong	unexpected	an	a	airport	city	52	16	6.03	4.9	The pilot had to make an emergency landing in the middle of the desert because he was nowhere near	or a safe place to land.	False	n/a	n/a
806.007	0.2	806007	255	filler_word	89	59	2	delong	unexpected	an	a	airport	city	52	16	6.03	4.9	The pilot had to make an emergency landing in the middle of the desert because he was nowhere near	or a safe place to land.	False	n/a	n/a
806.492	0.2	806492	255	filler_word	89	59	2	delong	unexpected	an	a	airport	city	52	16	6.03	4.9	The pilot had to make an emergency landing in the middle of the desert because he was nowhere near	or a safe place to land.	False	n/a	n/a
806.977	0.2	806977	255	filler_word	89	59	2	delong	unexpected	an	a	airport	city	52	16	6.03	4.9	The pilot had to make an emergency landing in the middle of the desert because he was nowhere near	or a safe place to land.	False	n/a	n/a
807.463	0.2	807463	255	filler_word	89	59	2	delong	unexpected	an	a	airport	city	52	16	6.03	4.9	The pilot had to make an emergency landing in the middle of the desert because he was nowhere near	or a safe place to land.	False	n/a	n/a
807.948	0.2	807948	255	filler_word	89	59	2	delong	unexpected	an	a	airport	city	52	16	6.03	4.9	The pilot had to make an emergency landing in the middle of the desert because he was nowhere near	or a safe place to land.	False	n/a	n/a
808.433	0.2	808433	255	filler_word	89	59	2	delong	unexpected	an	a	airport	city	52	16	6.03	4.9	The pilot had to make an emergency landing in the middle of the desert because he was nowhere near	or a safe place to land.	False	n/a	n/a
808.918	0.2	808918	255	filler_word	89	59	2	delong	unexpected	an	a	airport	city	52	16	6.03	4.9	The pilot had to make an emergency landing in the middle of the desert because he was nowhere near	or a safe place to land.	False	n/a	n/a
809.403	0.2	809403	255	filler_word	89	59	2	delong	unexpected	an	a	airport	city	52	16	6.03	4.9	The pilot had to make an emergency landing in the middle of the desert because he was nowhere near	or a safe place to land.	False	n/a	n/a
809.889	0.2	809889	255	filler_word	89	59	2	delong	unexpected	an	a	airport	city	52	16	6.03	4.9	The pilot had to make an emergency landing in the middle of the desert because he was nowhere near	or a safe place to land.	False	n/a	n/a
810.374	0.2	810374	255	filler_word	89	59	2	delong	unexpected	an	a	airport	city	52	16	6.03	4.9	The pilot had to make an emergency landing in the middle of the desert because he was nowhere near	or a safe place to land.	False	n/a	n/a
810.859	0.2	810859	255	filler_word	89	59	2	delong	unexpected	an	a	airport	city	52	16	6.03	4.9	The pilot had to make an emergency landing in the middle of the desert because he was nowhere near	or a safe place to land.	False	n/a	n/a
811.344	0.2	811344	255	filler_word	89	59	2	delong	unexpected	an	a	airport	city	52	16	6.03	4.9	The pilot had to make an emergency landing in the middle of the desert because he was nowhere near	or a safe place to land.	False	n/a	n/a
811.829	0.2	811829	255	filler_word	89	59	2	delong	unexpected	an	a	airport	city	52	16	6.03	4.9	The pilot had to make an emergency landing in the middle of the desert because he was nowhere near	or a safe place to land.	False	n/a	n/a
812.314	0.2	812314	255	filler_word	89	59	2	delong	unexpected	an	a	airport	city	52	16	6.03	4.9	The pilot had to make an emergency landing in the middle of the desert because he was nowhere near	or a safe place to land.	False	n/a	n/a
812.8	0.2	812800	203	a_unexpected	89	59	2	delong	unexpected	an	a	airport	city	52	16	6.03	4.9	The pilot had to make an emergency landing in the middle of the desert because he was nowhere near	or a safe place to land.	False	n/a	n/a
812.85	0.0	812850	25	cloze_marker	89	59	2	delong	unexpected	an	a	airport	city	52	16	6.03	4.9	The pilot had to make an emergency landing in the middle of the desert because he was nowhere near	or a safe place to land.	False	n/a	n/a
813.084	0.0	813084	155	item_marker	90	55	2	delong	unexpected	an	a	audience	crowd	68	25	6.61	6.07	Dana enjoyed singing in private but was scared to death at the thought of performing in front of	at the concert.	False	n/a	n/a
813.285	0.2	813285	206	noun_unexpected	90	55	2	delong	unexpected	an	a	audience	crowd	68	25	6.61	6.07	Dana enjoyed singing in private but was scared to death at the thought of performing in front of	at the concert.	False	n/a	n/a
813.335	0.0	813335	60	cloze_marker	90	55	2	delong	unexpected	an	a	audience	crowd	68	25	6.61	6.07	Dana enjoyed singing in private but was scared to death at the thought of performing in front of	at the concert.	False	n/a	n/a
813.569	0.0	813569	155	item_marker	91	55	2	delong	unexpected	an	a	audience	crowd	68	25	6.61	6.07	Dana enjoyed singing in private but was scared to death at the thought of performing in front of	at the concert.	False	n/a	n/a
813.77	0.2	813770	255	filler_word	91	55	2	delong	unexpected	an	a	audience	crowd	68	25	6.61	6.07	Dana enjoyed singing in private but was scared to death at the thought of performing in front of	at the concert.	False	n/a	n/a
814.255	0.2	814255	255	filler_word	91	55	2	delong	unexpected	an	a	audience	crowd	68	25	6.61	6.07	Dana enjoyed singing in private but was scared to death at the thought of performing in front of	at the concert.	False	n/a	n/a
814.74	0.2	814740	208	final_unexpected	91	55	2	delong	unexpected	an	a	audience	crowd	68	25	6.61	6.07	Dana enjoyed singing in private but was scared to death at the thought of performing in front of	at the concert.	False	n/a	n/a
817.032	0.2	817032	255	filler_word	91	55	2	delong	unexpected	an	a	audience	crowd	68	25	6.61	6.07	Dana enjoyed singing in private but was scared to death at the thought of performing in front of	at the concert.	False	n/a	n/a
817.518	0.2	817518	255	filler_word	91	55	2	delong	unexpected	an	a	audience	crowd	68	25	6.61	6.07	Dana enjoyed singing in private but was scared to death at the thought of performing in front of	at the concert.	False	n/a	n/a
818.003	0.2	818003	255	filler_word	91	55	2	delong	unexpected	an	a	audience	crowd	68	25	6.61	6.07	Dana enjoyed singing in private but was scared to death at the thought of performing in front of	at the concert.	False	n/a	n/a
818.488	0.2	818488	255	filler_word	91	55	2	delong	unexpected	an	a	audience	crowd	68	25	6.61	6.07	Dana enjoyed singing in private but was scared to death at the thought of performing in front of	at the concert.	False	n/a	n/a
818.973	0.2	818973	255	filler_word	91	55	2	delong	unexpected	an	a	audience	crowd	68	25	6.61	6.07	Dana enjoyed singing in private but was scared to death at the thought of performing in front of	at the concert.	False	n/a	n/a
819.458	0.2	819458	255	filler_word	91	55	2	delong	unexpected	an	a	audience	crowd	68	25	6.61	6.07	Dana enjoyed singing in private but was scared to death at the thought of performing in front of	at the concert.	False	n/a	n/a
819.944	0.2	819944	255	filler_word	91	55	2	delong	unexpected	an	a	audience	crowd	68	25	6.61	6.07	Dana enjoyed singing in private but was scared to death at the thought of performing in front of	at the concert.	False	n/a	n/a
820.429	0.2	820429	255	filler_word	91	55	2	delong	unexpected	an	a	audience	crowd	68	25	6.61	6.07	Dana enjoyed singing in private but was scared to death at the thought of performing in front of	at the concert.	False	n/a	n/a
820.914	0.2	820914	255	filler_word	91	55	2	delong	unexpected	an	a	audience	crowd	68	25	6.61	6.07	Dana enjoyed singing in private but was scared to death at the thought of performing in front of	at the concert.	False	n/a	n/a
821.399	0.2	821399	255	filler_word	91	55	2	delong	unexpected	an	a	audience	crowd	68	25	6.61	6.07	Dana enjoyed singing in private but was scared to death at the thought of performing in front of	at the concert.	False	n/a	n/a
821.884	0.2	821884	255	filler_word	91	55	2	delong	unexpected	an	a	audience	crowd	68	25	6.61	6.07	Dana enjoyed singing in private but was scared to death at the thought of performing in front of	at the concert.	False	n/a	n/a
822.369	0.2	822369	255	filler_word	91	55	2	delong	unexpected	an	a	audience	crowd	68	25	6.61	6.07	Dana enjoyed singing in private but was scared to death at the thought of performing in front of	at the concert.	False	n/a	n/a
822.855	0.2	822855	255	filler_word	91	55	2	delong	unexpected	an	a	audience	crowd	68	25	6.61	6.07	Dana enjoyed singing in private but was scared to death at the thought of performing in front of	at the concert.	False	n/a	n/a
823.34	0.2	823340	255	filler_word	91	55	2	delong	unexpected	an	a	audience	crowd	68	25	6.61	6.07	Dana enjoyed singing in private but was scared to death at the thought of performing in front of	at the concert.	False	n/a	n/a
823.825	0.2	823825	255	filler_word	91	55	2	delong	unexpected	an	a	audience	crowd	68	25	6.61	6.07	Dana enjoyed singing in private but was scared to death at the thought of performing in front of	at the concert.	False	n/a	n/a
824.31	0.2	824310	255	filler_word	91	55	2	delong	unexpected	an	a	audience	crowd	68	25	6.61	6.07	Dana enjoyed singing in private but was scared to death at the thought of performing in front of	at the concert.	False	n/a	n/a
824.795	0.2	824795	255	filler_word	91	55	2	delong	unexpected	an	a	audience	crowd	68	25	6.61	6.07	Dana enjoyed singing in private but was scared to death at the thought of performing in front of	at the concert.	False	n/a	n/a
825.281	0.2	825281	255	filler_word	91	55	2	delong	unexpected	an	a	audience	crowd	68	25	6.61	6.07	Dana enjoyed singing in private but was scared to death at the thought of performing in front of	at the concert.	False	n/a	n/a
825.766	0.2	825766	255	filler_word	91	55	2	delong	unexpected	an	a	audience	crowd	68	25	6.61	6.07	Dana enjoyed singing in private but was scared to death at the thought of performing in front of	at the concert.	False	n/a	n/a
826.251	0.2	826251	255	filler_word	91	55	2	delong	unexpected	an	a	audience	crowd	68	25	6.61	6.07	Dana enjoyed singing in private but was scared to death at the thought of performing in front of	at the concert.	False	n/a	n/a
826.736	0.2	826736	203	a_unexpected	91	55	2	delong	unexpected	an	a	audience	crowd	68	25	6.61	6.07	Dana enjoyed singing in private but was scared to death at the thought of performing in front of	at the concert.	False	n/a	n/a
826.786	0.0	826786	7	cloze_marker	91	55	2	delong	unexpected	an	a	audience	crowd	68	25	6.61	6.07	Dana enjoyed singing in private but was scared to death at the thought of performing in front of	at the concert.	False	n/a	n/a
827.02	0.0	827020	147	item_marker	92	47	2	delong	unexpected	an	a	excuse	story	91	7	6.26	4.93	Amelia did not want to go to the bar with her friends after seeing the movie so she made up	for why she needed to go home early.	True	Did Amelia go home late?	no
827.221	0.2	827221	206	noun_unexpected	92	47	2	delong	unexpected	an	a	excuse	story	91	7	6.26	4.93	Amelia did not want to go to the bar with her friends after seeing the movie so she made up	for why she needed to go home early.	True	Did Amelia go home late?	no
827.271	0.0	827271	13	cloze_marker	92	47	2	delong	unexpected	an	a	excuse	story	91	7	6.26	4.93	Amelia did not want to go to the bar with her friends after seeing the movie so she made up	for why she needed to go home early.	True	Did Amelia go home late?	no
827.506	0.0	827506	147	item_marker	93	47	2	delong	unexpected	an	a	excuse	story	91	7	6.26	4.93	Amelia did not want to go to the bar with her friends after seeing the movie so she made up	for why she needed to go home early.	True	Did Amelia go home late?	no
827.706	0.2	827706	255	filler_word	93	47	2	delong	unexpected	an	a	excuse	story	91	7	6.26	4.93	Amelia did not want to go to the bar with her friends after seeing the movie so she made up	for why she needed to go home early.	True	Did Amelia go home late?	no
828.192	0.2	828192	255	filler_word	93	47	2	delong	unexpected	an	a	excuse	story	91	7	6.26	4.93	Amelia did not want to go to the bar with her friends after seeing the movie so she made up	for why she needed to go home early.	True	Did Amelia go home late?	no
828.677	0.2	828677	255	filler_word	93	47	2	delong	unexpected	an	a	excuse	story	91	7	6.26	4.93	Amelia did not want to go to the bar with her friends after seeing the movie so she made up	for why she needed to go home early.	True	Did Amelia go home late?	no
829.162	0.2	829162	255	filler_word	93	47	2	delong	unexpected	an	a	excuse	story	91	7	6.26	4.93	Amelia did not want to go to the bar with her friends after seeing the movie so she made up	for why she needed to go home early.	True	Did Amelia go home late?	no
829.647	0.2	829647	255	filler_word	93	47	2	delong	unexpected	an	a	excuse	story	91	7	6.26	4.93	Amelia did not want to go to the bar with her friends after seeing the movie so she made up	for why she needed to go home early.	True	Did Amelia go home late?	no
830.132	0.2	830132	255	filler_word	93	47	2	delong	unexpected	an	a	excuse	story	91	7	6.26	4.93	Amelia did not want to go to the bar with her friends after seeing the movie so she made up	for why she needed to go home early.	True	Did Amelia go home late?	no
830.617	0.2	830617	255	filler_word	93	47	2	delong	unexpected	an	a	excuse	story	91	7	6.26	4.93	Amelia did not want to go to the bar with her friends after seeing the movie so she made up	for why she needed to go home early.	True	Did Amelia go home late?	no
831.103	0.2	831103	208	final_unexpected	93	47	2	delong	unexpected	an	a	excuse	story	91	7	6.26	4.93	Amelia did not want to go to the bar with her friends after seeing the movie so she made up	for why she needed to go home early.	True	Did Amelia go home late?	no
836.858	0.2	836858	255	filler_word	93	47	2	delong	unexpected	an	a	excuse	story	91	7	6.26	4.93	Amelia did not want to go to the bar with her friends after seeing the movie so she made up	for why she needed to go home early.	True	Did Amelia go home late?	no
837.343	0.2	837343	255	filler_word	93	47	2	delong	unexpected	an	a	excuse	story	91	7	6.26	4.93	Amelia did not want to go to the bar with her friends after seeing the movie so she made up	for why she needed to go home early.	True	Did Amelia go home late?	no
837.828	0.2	837828	255	filler_word	93	47	2	delong	unexpected	an	a	excuse	story	91	7	6.26	4.93	Amelia did not want to go to the bar with her friends after seeing the movie so she made up	for why she needed to go home early.	True	Did Amelia go home late?	no
838.313	0.2	838313	255	filler_word	93	47	2	delong	unexpected	an	a	excuse	story	91	7	6.26	4.93	Amelia did not want to go to the bar with her friends after seeing the movie so she made up	for why she needed to go home early.	True	Did Amelia go home late?	no
838.799	0.2	838799	255	filler_word	93	47	2	delong	unexpected	an	a	excuse	story	91	7	6.26	4.93	Amelia did not want to go to the bar with her friends after seeing the movie so she made up	for why she needed to go home early.	True	Did Amelia go home late?	no
839.284	0.2	839284	255	filler_word	93	47	2	delong	unexpected	an	a	excuse	story	91	7	6.26	4.93	Amelia did not want to go to the bar with her friends after seeing the movie so she made up	for why she needed to go home early.	True	Did Amelia go home late?	no
839.769	0.2	839769	255	filler_word	93	47	2	delong	unexpected	an	a	excuse	story	91	7	6.26	4.93	Amelia did not want to go to the bar with her friends after seeing the movie so she made up	for why she needed to go home early.	True	Did Amelia go home late?	no
840.254	0.2	840254	255	filler_word	93	47	2	delong	unexpected	an	a	excuse	story	91	7	6.26	4.93	Amelia did not want to go to the bar with her friends after seeing the movie so she made up	for why she needed to go home early.	True	Did Amelia go home late?	no
840.739	0.2	840739	255	filler_word	93	47	2	delong	unexpected	an	a	excuse	story	91	7	6.26	4.93	Amelia did not want to go to the bar with her friends after seeing the movie so she made up	for why she needed to go home early.	True	Did Amelia go home late?	no
841.225	0.2	841225	255	filler_word	93	47	2	delong	unexpected	an	a	excuse	story	91	7	6.26	4.93	Amelia did not want to go to the bar with her friends after seeing the movie so she made up	for why she needed to go home early.	True	Did Amelia go home late?	no
841.71	0.2	841710	255	filler_word	93	47	2	delong	unexpected	an	a	excuse	story	91	7	6.26	4.93	Amelia did not want to go to the bar with her friends after seeing the movie so she made up	for why she needed to go home early.	True	Did Amelia go home late?	no
842.195	0.2	842195	255	filler_word	93	47	2	delong	unexpected	an	a	excuse	story	91	7	6.26	4.93	Amelia did not want to go to the bar with her friends after seeing the movie so she made up	for why she needed to go home early.	True	Did Amelia go home late?	no
842.68	0.2	842680	255	filler_word	93	47	2	delong	unexpected	an	a	excuse	story	91	7	6.26	4.93	Amelia did not want to go to the bar with her friends after seeing the movie so she made up	for why she needed to go home early.	True	Did Amelia go home late?	no
843.165	0.2	843165	255	filler_word	93	47	2	delong	unexpected	an	a	excuse	story	91	7	6.26	4.93	Amelia did not want to go to the bar with her friends after seeing the movie so she made up	for why she needed to go home early.	True	Did Amelia go home late?	no
843.65	0.2	843650	255	filler_word	93	47	2	delong	unexpected	an	a	excuse	story	91	7	6.26	4.93	Amelia did not want to go to the bar with her friends after seeing the movie so she made up	for why she needed to go home early.	True	Did Amelia go home late?	no
844.136	0.2	844136	255	filler_word	93	47	2	delong	unexpected	an	a	excuse	story	91	7	6.26	4.93	Amelia did not want to go to the bar with her friends after seeing the movie so she made up	for why she needed to go home early.	True	Did Amelia go home late?	no
844.621	0.2	844621	255	filler_word	93	47	2	delong	unexpected	an	a	excuse	story	91	7	6.26	4.93	Amelia did not want to go to the bar with her friends after seeing the movie so she made up	for why she needed to go home early.	True	Did Amelia go home late?	no
845.106	0.2	845106	255	filler_word	93	47	2	delong	unexpected	an	a	excuse	story	91	7	6.26	4.93	Amelia did not want to go to the bar with her friends after seeing the movie so she made up	for why she needed to go home early.	True	Did Amelia go home late?	no
845.591	0.2	845591	202	an_expected	93	47	2	delong	unexpected	an	a	excuse	story	91	7	6.26	4.93	Amelia did not want to go to the bar with her friends after seeing the movie so she made up	for why she needed to go home early.	True	Did Amelia go home late?	no
845.641	0.0	845641	73	cloze_marker	93	47	2	delong	unexpected	an	a	excuse	story	91	7	6.26	4.93	Amelia did not want to go to the bar with her friends after seeing the movie so she made up	for why she needed to go home early.	True	Did Amelia go home late?	no
845.876	0.0	845876	145	item_marker	94	45	2	delong	expected	an	a	amateur	beginner	73	5	6.0	6.45	The professional photographer was disqualified from the photo contest because the rules explicitly state that you must be	in order to compete.	False	n/a	n/a
846.076	0.2	846076	205	noun_expected	94	45	2	delong	expected	an	a	amateur	beginner	73	5	6.0	6.45	The professional photographer was disqualified from the photo contest because the rules explicitly state that you must be	in order to compete.	False	n/a	n/a
846.126	0.0	846126	67	cloze_marker	94	45	2	delong	expected	an	a	amateur	beginner	73	5	6.0	6.45	The professional photographer was disqualified from the photo contest because the rules explicitly state that you must be	in order to compete.	False	n/a	n/a
846.361	0.0	846361	145	item_marker	95	45	2	delong	expected	an	a	amateur	beginner	73	5	6.0	6.45	The professional photographer was disqualified from the photo contest because the rules explicitly state that you must be	in order to compete.	False	n/a	n/a
846.562	0.2	846562	255	filler_word	95	45	2	delong	expected	an	a	amateur	beginner	73	5	6.0	6.45	The professional photographer was disqualified from the photo contest because the rules explicitly state that you must be	in order to compete.	False	n/a	n/a
847.047	0.2	847047	255	filler_word	95	45	2	delong	expected	an	a	amateur	beginner	73	5	6.0	6.45	The professional photographer was disqualified from the photo contest because the rules explicitly state that you must be	in order to compete.	False	n/a	n/a
847.532	0.2	847532	255	filler_word	95	45	2	delong	expected	an	a	amateur	beginner	73	5	6.0	6.45	The professional photographer was disqualified from the photo contest because the rules explicitly state that you must be	in order to compete.	False	n/a	n/a
848.017	0.2	848017	207	final_expected	95	45	2	delong	expected	an	a	amateur	beginner	73	5	6.0	6.45	The professional photographer was disqualified from the photo contest because the rules explicitly state that you must be	in order to compete.	False	n/a	n/a
849.991	0.2	849991	255	filler_word	95	45	2	delong	expected	an	a	amateur	beginner	73	5	6.0	6.45	The professional photographer was disqualified from the photo contest because the rules explicitly state that you must be	in order to compete.	False	n/a	n/a
850.476	0.2	850476	255	filler_word	95	45	2	delong	expected	an	a	amateur	beginner	73	5	6.0	6.45	The professional photographer was disqualified from the photo contest because the rules explicitly state that you must be	in order to compete.	False	n/a	n/a
850.962	0.2	850962	255	filler_word	95	45	2	delong	expected	an	a	amateur	beginner	73	5	6.0	6.45	The professional photographer was disqualified from the photo contest because the rules explicitly state that you must be	in order to compete.	False	n/a	n/a
851.447	0.2	851447	255	filler_word	95	45	2	delong	expected	an	a	amateur	beginner	73	5	6.0	6.45	The professional photographer was disqualified from the photo contest because the rules explicitly state that you must be	in order to compete.	False	n/a	n/a
851.932	0.2	851932	255	filler_word	95	45	2	delong	expected	an	a	amateur	beginner	73	5	6.0	6.45	The professional photographer was disqualified from the photo contest because the rules explicitly state that you must be	in order to compete.	False	n/a	n/a
852.417	0.2	852417	255	filler_word	95	45	2	delong	expected	an	a	amateur	beginner	73	5	6.0	6.45	The professional photographer was disqualified from the photo contest because the rules explicitly state that you must be	in order to compete.	False	n/a	n/a
852.902	0.2	852902	255	filler_word	95	45	2	delong	expected	an	a	amateur	beginner	73	5	6.0	6.45	The professional photographer was disqualified from the photo contest because the rules explicitly state that you must be	in order to compete.	False	n/a	n/a
853.388	0.2	853388	255	filler_word	95	45	2	delong	expected	an	a	amateur	beginner	73	5	6.0	6.45	The professional photographer was disqualified from the photo contest because the rules explicitly state that you must be	in order to compete.	False	n/a	n/a
853.873	0.2	853873	255	filler_word	95	45	2	delong	expected	an	a	amateur	beginner	73	5	6.0	6.45	The professional photographer was disqualified from the photo contest because the rules explicitly state that you must be	in order to compete.	False	n/a	n/a
854.358	0.2	854358	255	filler_word	95	45	2	delong	expected	an	a	amateur	beginner	73	5	6.0	6.45	The professional photographer was disqualified from the photo contest because the rules explicitly state that you must be	in order to compete.	False	n/a	n/a
854.843	0.2	854843	255	filler_word	95	45	2	delong	expected	an	a	amateur	beginner	73	5	6.0	6.45	The professional photographer was disqualified from the photo contest because the rules explicitly state that you must be	in order to compete.	False	n/a	n/a
855.328	0.2	855328	255	filler_word	95	45	2	delong	expected	an	a	amateur	beginner	73	5	6.0	6.45	The professional photographer was disqualified from the photo contest because the rules explicitly state that you must be	in order to compete.	False	n/a	n/a
855.813	0.2	855813	255	filler_word	95	45	2	delong	expected	an	a	amateur	beginner	73	5	6.0	6.45	The professional photographer was disqualified from the photo contest because the rules explicitly state that you must be	in order to compete.	False	n/a	n/a
856.299	0.2	856299	203	a_unexpected	95	45	2	delong	expected	an	a	amateur	beginner	73	5	6.0	6.45	The professional photographer was disqualified from the photo contest because the rules explicitly state that you must be	in order to compete.	False	n/a	n/a
856.349	0.0	856349	25	cloze_marker	95	45	2	delong	expected	an	a	amateur	beginner	73	5	6.0	6.45	The professional photographer was disqualified from the photo contest because the rules explicitly state that you must be	in order to compete.	False	n/a	n/a
856.583	0.0	856583	151	item_marker	96	51	2	delong	unexpected	an	a	author	success	75	25	6.03	6.19	After Joanne's first book was published she finally felt she could call herself	in front of her peers.	True	Was this Joanne's first book?	yes
856.784	0.2	856784	206	noun_unexpected	96	51	2	delong	unexpected	an	a	author	success	75	25	6.03	6.19	After Joanne's first book was published she finally felt she could call herself	in front of her peers.	True	Was this Joanne's first book?	yes
856.834	0.0	856834	3	cloze_marker	96	51	2	delong	unexpected	an	a	author	success	75	25	6.03	6.19	After Joanne's first book was published she finally felt she could call herself	in front of her peers.	True	Was this Joanne's first book?	yes
857.068	0.0	857068	151	item_marker	97	51	2	delong	unexpected	an	a	author	success	75	25	6.03	6.19	After Joanne's first book was published she finally felt she could call herself	in front of her peers.	True	Was this Joanne's first book?	yes
857.269	0.2	857269	255	filler_word	97	51	2	delong	unexpected	an	a	author	success	75	25	6.03	6.19	After Joanne's first book was published she finally felt she could call herself	in front of her peers.	True	Was this Joanne's first book?	yes
857.754	0.2	857754	255	filler_word	97	51	2	delong	unexpected	an	a	author	success	75	25	6.03	6.19	After Joanne's first book was published she finally felt she could call herself	in front of her peers.	True	Was this Joanne's first book?	yes
858.239	0.2	858239	255	filler_word	97	51	2	delong	unexpected	an	a	author	success	75	25	6.03	6.19	After Joanne's first book was published she finally felt she could call herself	in front of her peers.	True	Was this Joanne's first book?	yes
858.725	0.2	858725	255	filler_word	97	51	2	delong	unexpected	an	a	author	success	75	25	6.03	6.19	After Joanne's first book was published she finally felt she could call herself	in front of her peers.	True	Was this Joanne's first book?	yes
859.21	0.2	859210	208	final_unexpected	97	51	2	delong	unexpected	an	a	author	success	75	25	6.03	6.19	After Joanne's first book was published she finally felt she could call herself	in front of her peers.	True	Was this Joanne's first book?	yes
864.497	0.2	864497	255	filler_word	97	51	2	delong	unexpected	an	a	author	success	75	25	6.03	6.19	After Joanne's first book was published she finally felt she could call herself	in front of her peers.	True	Was this Joanne's first book?	yes
864.982	0.2	864982	255	filler_word	97	51	2	delong	unexpected	an	a	author	success	75	25	6.03	6.19	After Joanne's first book was published she finally felt she could call herself	in front of her peers.	True	Was this Joanne's first book?	yes
865.467	0.2	865467	255	filler_word	97	51	2	delong	unexpected	an	a	author	success	75	25	6.03	6.19	After Joanne's first book was published she finally felt she could call herself	in front of her peers.	True	Was this Joanne's first book?	yes
865.952	0.2	865952	255	filler_word	97	51	2	delong	unexpected	an	a	author	success	75	25	6.03	6.19	After Joanne's first book was published she finally felt she could call herself	in front of her peers.	True	Was this Joanne's first book?	yes
866.437	0.2	866437	255	filler_word	97	51	2	delong	unexpected	an	a	author	success	75	25	6.03	6.19	After Joanne's first book was published she finally felt she could call herself	in front of her peers.	True	Was this Joanne's first book?	yes
866.922	0.2	866922	255	filler_word	97	51	2	delong	unexpected	an	a	author	success	75	25	6.03	6.19	After Joanne's first book was published she finally felt she could call herself	in front of her peers.	True	Was this Joanne's first book?	yes
867.408	0.2	867408	255	filler_word	97	51	2	delong	unexpected	an	a	author	success	75	25	6.03	6.19	After Joanne's first book was published she finally felt she could call herself	in front of her peers.	True	Was this Joanne's first book?	yes
867.893	0.2	867893	255	filler_word	97	51	2	delong	unexpected	an	a	author	success	75	25	6.03	6.19	After Joanne's first book was published she finally felt she could call herself	in front of her peers.	True	Was this Joanne's first book?	yes
868.378	0.2	868378	255	filler_word	97	51	2	delong	unexpected	an	a	author	success	75	25	6.03	6.19	After Joanne's first book was published she finally felt she could call herself	in front of her peers.	True	Was this Joanne's first book?	yes
868.863	0.2	868863	255	filler_word	97	51	2	delong	unexpected	an	a	author	success	75	25	6.03	6.19	After Joanne's first book was published she finally felt she could call herself	in front of her peers.	True	Was this Joanne's first book?	yes
869.348	0.2	869348	255	filler_word	97	51	2	delong	unexpected	an	a	author	success	75	25	6.03	6.19	After Joanne's first book was published she finally felt she could call herself	in front of her peers.	True	Was this Joanne's first book?	yes
869.834	0.2	869834	255	filler_word	97	51	2	delong	unexpected	an	a	author	success	75	25	6.03	6.19	After Joanne's first book was published she finally felt she could call herself	in front of her peers.	True	Was this Joanne's first book?	yes
870.319	0.2	870319	255	filler_word	97	51	2	delong	unexpected	an	a	author	success	75	25	6.03	6.19	After Joanne's first book was published she finally felt she could call herself	in front of her peers.	True	Was this Joanne's first book?	yes
870.804	0.2	870804	255	filler_word	97	51	2	delong	unexpected	an	a	author	success	75	25	6.03	6.19	After Joanne's first book was published she finally felt she could call herself	in front of her peers.	True	Was this Joanne's first book?	yes
871.289	0.2	871289	255	filler_word	97	51	2	delong	unexpected	an	a	author	success	75	25	6.03	6.19	After Joanne's first book was published she finally felt she could call herself	in front of her peers.	True	Was this Joanne's first book?	yes
871.774	0.2	871774	202	an_expected	97	51	2	delong	unexpected	an	a	author	success	75	25	6.03	6.19	After Joanne's first book was published she finally felt she could call herself	in front of her peers.	True	Was this Joanne's first book?	yes
871.824	0.0	871824	91	cloze_marker	97	51	2	delong	unexpected	an	a	author	success	75	25	6.03	6.19	After Joanne's first book was published she finally felt she could call herself	in front of her peers.	True	Was this Joanne's first book?	yes
872.059	0.0	872059	141	item_marker	98	41	2	delong	expected	an	a	adult	parent	91	9	5.58	4.7	In order to get into an R-rated movie children under 17 must be accompanied by	or legal guardian.	False	n/a	n/a
872.259	0.2	872259	205	noun_expected	98	41	2	delong	expected	an	a	adult	parent	91	9	5.58	4.7	In order to get into an R-rated movie children under 17 must be accompanied by	or legal guardian.	False	n/a	n/a
872.309	0.0	872309	100	cloze_marker	98	41	2	delong	expected	an	a	adult	parent	91	9	5.58	4.7	In order to get into an R-rated movie children under 17 must be accompanied by	or legal guardian.	False	n/a	n/a
872.544	0.0	872544	141	item_marker	99	41	2	delong	expected	an	a	adult	parent	91	9	5.58	4.7	In order to get into an R-rated movie children under 17 must be accompanied by	or legal guardian.	False	n/a	n/a
872.745	0.2	872745	255	filler_word	99	41	2	delong	expected	an	a	adult	parent	91	9	5.58	4.7	In order to get into an R-rated movie children under 17 must be accompanied by	or legal guardian.	False	n/a	n/a
873.23	0.2	873230	255	filler_word	99	41	2	delong	expected	an	a	adult	parent	91	9	5.58	4.7	In order to get into an R-rated movie children under 17 must be accompanied by	or legal guardian.	False	n/a	n/a
873.715	0.2	873715	207	final_expected	99	41	2	delong	expected	an	a	adult	parent	91	9	5.58	4.7	In order to get into an R-rated movie children under 17 must be accompanied by	or legal guardian.	False	n/a	n/a
875.672	0.2	875672	255	filler_word	99	41	2	delong	expected	an	a	adult	parent	91	9	5.58	4.7	In order to get into an R-rated movie children under 17 must be accompanied by	or legal guardian.	False	n/a	n/a
876.158	0.2	876158	255	filler_word	99	41	2	delong	expected	an	a	adult	parent	91	9	5.58	4.7	In order to get into an R-rated movie children under 17 must be accompanied by	or legal guardian.	False	n/a	n/a
876.643	0.2	876643	255	filler_word	99	41	2	delong	expected	an	a	adult	parent	91	9	5.58	4.7	In order to get into an R-rated movie children under 17 must be accompanied by	or legal guardian.	False	n/a	n/a
877.128	0.2	877128	255	filler_word	99	41	2	delong	expected	an	a	adult	parent	91	9	5.58	4.7	In order to get into an R-rated movie children under 17 must be accompanied by	or legal guardian.	False	n/a	n/a
877.613	0.2	877613	255	filler_word	99	41	2	delong	expected	an	a	adult	parent	91	9	5.58	4.7	In order to get into an R-rated movie children under 17 must be accompanied by	or legal guardian.	False	n/a	n/a
878.098	0.2	878098	255	filler_word	99	41	2	delong	expected	an	a	adult	parent	91	9	5.58	4.7	In order to get into an R-rated movie children under 17 must be accompanied by	or legal guardian.	False	n/a	n/a
878.584	0.2	878584	255	filler_word	99	41	2	delong	expected	an	a	adult	parent	91	9	5.58	4.7	In order to get into an R-rated movie children under 17 must be accompanied by	or legal guardian.	False	n/a	n/a
879.069	0.2	879069	255	filler_word	99	41	2	delong	expected	an	a	adult	parent	91	9	5.58	4.7	In order to get into an R-rated movie children under 17 must be accompanied by	or legal guardian.	False	n/a	n/a
879.554	0.2	879554	255	filler_word	99	41	2	delong	expected	an	a	adult	parent	91	9	5.58	4.7	In order to get into an R-rated movie children under 17 must be accompanied by	or legal guardian.	False	n/a	n/a
880.039	0.2	880039	255	filler_word	99	41	2	delong	expected	an	a	adult	parent	91	9	5.58	4.7	In order to get into an R-rated movie children under 17 must be accompanied by	or legal guardian.	False	n/a	n/a
880.524	0.2	880524	204	an_unexpected	99	41	2	delong	expected	an	a	adult	parent	91	9	5.58	4.7	In order to get into an R-rated movie children under 17 must be accompanied by	or legal guardian.	False	n/a	n/a
880.574	0.0	880574	200	cloze_marker	99	41	2	delong	expected	an	a	adult	parent	91	9	5.58	4.7	In order to get into an R-rated movie children under 17 must be accompanied by	or legal guardian.	False	n/a	n/a
880.809	0.0	880809	148	item_marker	100	48	2	delong	unexpected	a	an	story	excuse	89	0	6.55	2.4	Before little Gloria went to sleep she wanted to hear	from her mother.	False	n/a	n/a
881.009	0.2	881009	206	noun_unexpected	100	48	2	delong	unexpected	a	an	story	excuse	89	0	6.55	2.4	Before little Gloria went to sleep she wanted to hear	from her mother.	False	n/a	n/a
881.059	0.0	881059	200	cloze_marker	100	48	2	delong	unexpected	a	an	story	excuse	89	0	6.55	2.4	Before little Gloria went to sleep she wanted to hear	from her mother.	False	n/a	n/a
881.294	0.0	881294	148	item_marker	101	48	2	delong	unexpected	a	an	story	excuse	89	0	6.55	2.4	Before little Gloria went to sleep she wanted to hear	from her mother.	False	n/a	n/a
881.495	0.2	881495	255	filler_word	101	48	2	delong	unexpected	a	an	story	excuse	89	0	6.55	2.4	Before little Gloria went to sleep she wanted to hear	from her mother.	False	n/a	n/a
881.98	0.2	881980	255	filler_word	101	48	2	delong	unexpected	a	an	story	excuse	89	0	6.55	2.4	Before little Gloria went to sleep she wanted to hear	from her mother.	False	n/a	n/a
882.465	0.2	882465	208	final_unexpected	101	48	2	delong	unexpected	a	an	story	excuse	89	0	6.55	2.4	Before little Gloria went to sleep she wanted to hear	from her mother.	False	n/a	n/a
884.623	0.2	884623	255	filler_word	101	48	2	delong	unexpected	a	an	story	excuse	89	0	6.55	2.4	Before little Gloria went to sleep she wanted to hear	from her mother.	False	n/a	n/a
885.108	0.2	885108	255	filler_word	101	48	2	delong	unexpected	a	an	story	excuse	89	0	6.55	2.4	Before little Gloria went to sleep she wanted to hear	from her mother.	False	n/a	n/a
885.594	0.2	885594	255	filler_word	101	48	2	delong	unexpected	a	an	story	excuse	89	0	6.55	2.4	Before little Gloria went to sleep she wanted to hear	from her mother.	False	n/a	n/a
886.079	0.2	886079	255	filler_word	101	48	2	delong	unexpected	a	an	story	excuse	89	0	6.55	2.4	Before little Gloria went to sleep she wanted to hear	from her mother.	False	n/a	n/a
886.564	0.2	886564	255	filler_word	101	48	2	delong	unexpected	a	an	story	excuse	89	0	6.55	2.4	Before little Gloria went to sleep she wanted to hear	from her mother.	False	n/a	n/a
887.049	0.2	887049	255	filler_word	101	48	2	delong	unexpected	a	an	story	excuse	89	0	6.55	2.4	Before little Gloria went to sleep she wanted to hear	from her mother.	False	n/a	n/a
887.534	0.2	887534	255	filler_word	101	48	2	delong	unexpected	a	an	story	excuse	89	0	6.55	2.4	Before little Gloria went to sleep she wanted to hear	from her mother.	False	n/a	n/a
888.02	0.2	888020	255	filler_word	101	48	2	delong	unexpected	a	an	story	excuse	89	0	6.55	2.4	Before little Gloria went to sleep she wanted to hear	from her mother.	False	n/a	n/a
888.505	0.2	888505	255	filler_word	101	48	2	delong	unexpected	a	an	story	excuse	89	0	6.55	2.4	Before little Gloria went to sleep she wanted to hear	from her mother.	False	n/a	n/a
888.99	0.2	888990	255	filler_word	101	48	2	delong	unexpected	a	an	story	excuse	89	0	6.55	2.4	Before little Gloria went to sleep she wanted to hear	from her mother.	False	n/a	n/a
889.475	0.2	889475	204	an_unexpected	101	48	2	delong	unexpected	a	an	story	excuse	89	0	6.55	2.4	Before little Gloria went to sleep she wanted to hear	from her mother.	False	n/a	n/a
889.525	0.0	889525	5	cloze_marker	101	48	2	delong	unexpected	a	an	story	excuse	89	0	6.55	2.4	Before little Gloria went to sleep she wanted to hear	from her mother.	False	n/a	n/a
889.759	0.0	889759	152	item_marker	102	52	2	delong	unexpected	a	an	success	author	86	5	5.8	2.87	Alicia's first client was a failure but her second was	and made her a lot of money.	False	n/a	n/a
889.96	0.2	889960	206	noun_unexpected	102	52	2	delong	unexpected	a	an	success	author	86	5	5.8	2.87	Alicia's first client was a failure but her second was	and made her a lot of money.	False	n/a	n/a
890.01	0.0	890010	200	cloze_marker	102	52	2	delong	unexpected	a	an	success	author	86	5	5.8	2.87	Alicia's first client was a failure but her second was	and made her a lot of money.	False	n/a	n/a
890.245	0.0	890245	152	item_marker	103	52	2	delong	unexpected	a	an	success	author	86	5	5.8	2.87	Alicia's first client was a failure but her second was	and made her a lot of money.	False	n/a	n/a
890.445	0.2	890445	255	filler_word	103	52	2	delong	unexpected	a	an	success	author	86	5	5.8	2.87	Alicia's first client was a failure but her second was	and made her a lot of money.	False	n/a	n/a
890.931	0.2	890931	255	filler_word	103	52	2	delong	unexpected	a	an	success	author	86	5	5.8	2.87	Alicia's first client was a failure but her second was	and made her a lot of money.	False	n/a	n/a
891.416	0.2	891416	255	filler_word	103	52	2	delong	unexpected	a	an	success	author	86	5	5.8	2.87	Alicia's first client was a failure but her second was	and made her a lot of money.	False	n/a	n/a
891.901	0.2	891901	255	filler_word	103	52	2	delong	unexpected	a	an	success	author	86	5	5.8	2.87	Alicia's first client was a failure but her second was	and made her a lot of money.	False	n/a	n/a
892.386	0.2	892386	255	filler_word	103	52	2	delong	unexpected	a	an	success	author	86	5	5.8	2.87	Alicia's first client was a failure but her second was	and made her a lot of money.	False	n/a	n/a
892.871	0.2	892871	255	filler_word	103	52	2	delong	unexpected	a	an	success	author	86	5	5.8	2.87	Alicia's first client was a failure but her second was	and made her a lot of money.	False	n/a	n/a
893.357	0.2	893357	208	final_unexpected	103	52	2	delong	unexpected	a	an	success	author	86	5	5.8	2.87	Alicia's first client was a failure but her second was	and made her a lot of money.	False	n/a	n/a
895.95	0.2	895950	255	filler_word	103	52	2	delong	unexpected	a	an	success	author	86	5	5.8	2.87	Alicia's first client was a failure but her second was	and made her a lot of money.	False	n/a	n/a
896.435	0.2	896435	255	filler_word	103	52	2	delong	unexpected	a	an	success	author	86	5	5.8	2.87	Alicia's first client was a failure but her second was	and made her a lot of money.	False	n/a	n/a
896.92	0.2	896920	255	filler_word	103	52	2	delong	unexpected	a	an	success	author	86	5	5.8	2.87	Alicia's first client was a failure but her second was	and made her a lot of money.	False	n/a	n/a
897.405	0.2	897405	255	filler_word	103	52	2	delong	unexpected	a	an	success	author	86	5	5.8	2.87	Alicia's first client was a failure but her second was	and made her a lot of money.	False	n/a	n/a
897.89	0.2	897890	255	filler_word	103	52	2	delong	unexpected	a	an	success	author	86	5	5.8	2.87	Alicia's first client was a failure but her second was	and made her a lot of money.	False	n/a	n/a
898.376	0.2	898376	255	filler_word	103	52	2	delong	unexpected	a	an	success	author	86	5	5.8	2.87	Alicia's first client was a failure but her second was	and made her a lot of money.	False	n/a	n/a
898.861	0.2	898861	255	filler_word	103	52	2	delong	unexpected	a	an	success	author	86	5	5.8	2.87	Alicia's first client was a failure but her second was	and made her a lot of money.	False	n/a	n/a
899.346	0.2	899346	255	filler_word	103	52	2	delong	unexpected	a	an	success	author	86	5	5.8	2.87	Alicia's first client was a failure but her second was	and made her a lot of money.	False	n/a	n/a
899.831	0.2	899831	255	filler_word	103	52	2	delong	unexpected	a	an	success	author	86	5	5.8	2.87	Alicia's first client was a failure but her second was	and made her a lot of money.	False	n/a	n/a
900.316	0.2	900316	255	filler_word	103	52	2	delong	unexpected	a	an	success	author	86	5	5.8	2.87	Alicia's first client was a failure but her second was	and made her a lot of money.	False	n/a	n/a
900.802	0.2	900802	255	filler_word	103	52	2	delong	unexpected	a	an	success	author	86	5	5.8	2.87	Alicia's first client was a failure but her second was	and made her a lot of money.	False	n/a	n/a
901.287	0.2	901287	255	filler_word	103	52	2	delong	unexpected	a	an	success	author	86	5	5.8	2.87	Alicia's first client was a failure but her second was	and made her a lot of money.	False	n/a	n/a
901.772	0.2	901772	255	filler_word	103	52	2	delong	unexpected	a	an	success	author	86	5	5.8	2.87	Alicia's first client was a failure but her second was	and made her a lot of money.	False	n/a	n/a
902.257	0.2	902257	255	filler_word	103	52	2	delong	unexpected	a	an	success	author	86	5	5.8	2.87	Alicia's first client was a failure but her second was	and made her a lot of money.	False	n/a	n/a
902.742	0.2	902742	255	filler_word	103	52	2	delong	unexpected	a	an	success	author	86	5	5.8	2.87	Alicia's first client was a failure but her second was	and made her a lot of money.	False	n/a	n/a
903.227	0.2	903227	255	filler_word	103	52	2	delong	unexpected	a	an	success	author	86	5	5.8	2.87	Alicia's first client was a failure but her second was	and made her a lot of money.	False	n/a	n/a
903.713	0.2	903713	255	filler_word	103	52	2	delong	unexpected	a	an	success	author	86	5	5.8	2.87	Alicia's first client was a failure but her second was	and made her a lot of money.	False	n/a	n/a
904.198	0.2	904198	255	filler_word	103	52	2	delong	unexpected	a	an	success	author	86	5	5.8	2.87	Alicia's first client was a failure but her second was	and made her a lot of money.	False	n/a	n/a
904.683	0.2	904683	255	filler_word	103	52	2	delong	unexpected	a	an	success	author	86	5	5.8	2.87	Alicia's first client was a failure but her second was	and made her a lot of money.	False	n/a	n/a
905.168	0.2	905168	255	filler_word	103	52	2	delong	unexpected	a	an	success	author	86	5	5.8	2.87	Alicia's first client was a failure but her second was	and made her a lot of money.	False	n/a	n/a
905.653	0.2	905653	201	a_expected	103	52	2	delong	unexpected	a	an	success	author	86	5	5.8	2.87	Alicia's first client was a failure but her second was	and made her a lot of money.	False	n/a	n/a
905.703	0.0	905703	66	cloze_marker	103	52	2	delong	unexpected	a	an	success	author	86	5	5.8	2.87	Alicia's first client was a failure but her second was	and made her a lot of money.	False	n/a	n/a
905.938	0.0	905938	158	item_marker	104	58	2	delong	expected	a	an	wheelchair	escalator	66	0	5.83	5.03	The doctors told Monica not to use her legs too much so soon after her surgery so she often used	when moving around to rest her legs.	True	Could Monica use stairs very often?	no
906.139	0.2	906139	205	noun_expected	104	58	2	delong	expected	a	an	wheelchair	escalator	66	0	5.83	5.03	The doctors told Monica not to use her legs too much so soon after her surgery so she often used	when moving around to rest her legs.	True	Could Monica use stairs very often?	no
906.188	0.0	906188	73	cloze_marker	104	58	2	delong	expected	a	an	wheelchair	escalator	66	0	5.83	5.03	The doctors told Monica not to use her legs too much so soon after her surgery so she often used	when moving around to rest her legs.	True	Could Monica use stairs very often?	no
906.423	0.0	906423	158	item_marker	105	58	2	delong	expected	a	an	wheelchair	escalator	66	0	5.83	5.03	The doctors told Monica not to use her legs too much so soon after her surgery so she often used	when moving around to rest her legs.	True	Could Monica use stairs very often?	no
906.624	0.2	906624	255	filler_word	105	58	2	delong	expected	a	an	wheelchair	escalator	66	0	5.83	5.03	The doctors told Monica not to use her legs too much so soon after her surgery so she often used	when moving around to rest her legs.	True	Could Monica use stairs very often?	no
907.109	0.2	907109	255	filler_word	105	58	2	delong	expected	a	an	wheelchair	escalator	66	0	5.83	5.03	The doctors told Monica not to use her legs too much so soon after her surgery so she often used	when moving around to rest her legs.	True	Could Monica use stairs very often?	no
907.594	0.2	907594	255	filler_word	105	58	2	delong	expected	a	an	wheelchair	escalator	66	0	5.83	5.03	The doctors told Monica not to use her legs too much so soon after her surgery so she often used	when moving around to rest her legs.	True	Could Monica use stairs very often?	no
908.079	0.2	908079	255	filler_word	105	58	2	delong	expected	a	an	wheelchair	escalator	66	0	5.83	5.03	The doctors told Monica not to use her legs too much so soon after her surgery so she often used	when moving around to rest her legs.	True	Could Monica use stairs very often?	no
908.564	0.2	908564	255	filler_word	105	58	2	delong	expected	a	an	wheelchair	escalator	66	0	5.83	5.03	The doctors told Monica not to use her legs too much so soon after her surgery so she often used	when moving around to rest her legs.	True	Could Monica use stairs very often?	no
909.05	0.2	909050	255	filler_word	105	58	2	delong	expected	a	an	wheelchair	escalator	66	0	5.83	5.03	The doctors told Monica not to use her legs too much so soon after her surgery so she often used	when moving around to rest her legs.	True	Could Monica use stairs very often?	no
909.535	0.2	909535	207	final_expected	105	58	2	delong	expected	a	an	wheelchair	escalator	66	0	5.83	5.03	The doctors told Monica not to use her legs too much so soon after her surgery so she often used	when moving around to rest her legs.	True	Could Monica use stairs very often?	no
914.537	0.2	914537	255	filler_word	105	58	2	delong	expected	a	an	wheelchair	escalator	66	0	5.83	5.03	The doctors told Monica not to use her legs too much so soon after her surgery so she often used	when moving around to rest her legs.	True	Could Monica use stairs very often?	no
915.022	0.2	915022	255	filler_word	105	58	2	delong	expected	a	an	wheelchair	escalator	66	0	5.83	5.03	The doctors told Monica not to use her legs too much so soon after her surgery so she often used	when moving around to rest her legs.	True	Could Monica use stairs very often?	no
915.508	0.2	915508	255	filler_word	105	58	2	delong	expected	a	an	wheelchair	escalator	66	0	5.83	5.03	The doctors told Monica not to use her legs too much so soon after her surgery so she often used	when moving around to rest her legs.	True	Could Monica use stairs very often?	no
915.993	0.2	915993	255	filler_word	105	58	2	delong	expected	a	an	wheelchair	escalator	66	0	5.83	5.03	The doctors told Monica not to use her legs too much so soon after her surgery so she often used	when moving around to rest her legs.	True	Could Monica use stairs very often?	no
916.478	0.2	916478	255	filler_word	105	58	2	delong	expected	a	an	wheelchair	escalator	66	0	5.83	5.03	The doctors told Monica not to use her legs too much so soon after her surgery so she often used	when moving around to rest her legs.	True	Could Monica use stairs very often?	no
916.963	0.2	916963	255	filler_word	105	58	2	delong	expected	a	an	wheelchair	escalator	66	0	5.83	5.03	The doctors told Monica not to use her legs too much so soon after her surgery so she often used	when moving around to rest her legs.	True	Could Monica use stairs very often?	no
917.448	0.2	917448	255	filler_word	105	58	2	delong	expected	a	an	wheelchair	escalator	66	0	5.83	5.03	The doctors told Monica not to use her legs too much so soon after her surgery so she often used	when moving around to rest her legs.	True	Could Monica use stairs very often?	no
917.933	0.2	917933	255	filler_word	105	58	2	delong	expected	a	an	wheelchair	escalator	66	0	5.83	5.03	The doctors told Monica not to use her legs too much so soon after her surgery so she often used	when moving around to rest her legs.	True	Could Monica use stairs very often?	no
918.419	0.2	918419	255	filler_word	105	58	2	delong	expected	a	an	wheelchair	escalator	66	0	5.83	5.03	The doctors told Monica not to use her legs too much so soon after her surgery so she often used	when moving around to rest her legs.	True	Could Monica use stairs very often?	no
918.904	0.2	918904	255	filler_word	105	58	2	delong	expected	a	an	wheelchair	escalator	66	0	5.83	5.03	The doctors told Monica not to use her legs too much so soon after her surgery so she often used	when moving around to rest her legs.	True	Could Monica use stairs very often?	no
919.389	0.2	919389	255	filler_word	105	58	2	delong	expected	a	an	wheelchair	escalator	66	0	5.83	5.03	The doctors told Monica not to use her legs too much so soon after her surgery so she often used	when moving around to rest her legs.	True	Could Monica use stairs very often?	no
919.874	0.2	919874	255	filler_word	105	58	2	delong	expected	a	an	wheelchair	escalator	66	0	5.83	5.03	The doctors told Monica not to use her legs too much so soon after her surgery so she often used	when moving around to rest her legs.	True	Could Monica use stairs very often?	no
920.359	0.2	920359	255	filler_word	105	58	2	delong	expected	a	an	wheelchair	escalator	66	0	5.83	5.03	The doctors told Monica not to use her legs too much so soon after her surgery so she often used	when moving around to rest her legs.	True	Could Monica use stairs very often?	no
920.845	0.2	920845	255	filler_word	105	58	2	delong	expected	a	an	wheelchair	escalator	66	0	5.83	5.03	The doctors told Monica not to use her legs too much so soon after her surgery so she often used	when moving around to rest her legs.	True	Could Monica use stairs very often?	no
921.33	0.2	921330	255	filler_word	105	58	2	delong	expected	a	an	wheelchair	escalator	66	0	5.83	5.03	The doctors told Monica not to use her legs too much so soon after her surgery so she often used	when moving around to rest her legs.	True	Could Monica use stairs very often?	no
921.815	0.2	921815	255	filler_word	105	58	2	delong	expected	a	an	wheelchair	escalator	66	0	5.83	5.03	The doctors told Monica not to use her legs too much so soon after her surgery so she often used	when moving around to rest her legs.	True	Could Monica use stairs very often?	no
922.3	0.2	922300	201	a_expected	105	58	2	delong	expected	a	an	wheelchair	escalator	66	0	5.83	5.03	The doctors told Monica not to use her legs too much so soon after her surgery so she often used	when moving around to rest her legs.	True	Could Monica use stairs very often?	no
922.35	0.0	922350	93	cloze_marker	105	58	2	delong	expected	a	an	wheelchair	escalator	66	0	5.83	5.03	The doctors told Monica not to use her legs too much so soon after her surgery so she often used	when moving around to rest her legs.	True	Could Monica use stairs very often?	no
922.585	0.0	922585	154	item_marker	106	54	2	delong	expected	a	an	director	actor	93	5	6.17	5.55	From a young age Steven had an interest in filmmaking and had always dreamed of being	when he grew up.	True	Was Steven interested in art?	no
922.785	0.2	922785	205	noun_expected	106	54	2	delong	expected	a	an	director	actor	93	5	6.17	5.55	From a young age Steven had an interest in filmmaking and had always dreamed of being	when he grew up.	True	Was Steven interested in art?	no
922.835	0.0	922835	77	cloze_marker	106	54	2	delong	expected	a	an	director	actor	93	5	6.17	5.55	From a young age Steven had an interest in filmmaking and had always dreamed of being	when he grew up.	True	Was Steven interested in art?	no
923.07	0.0	923070	154	item_marker	107	54	2	delong	expected	a	an	director	actor	93	5	6.17	5.55	From a young age Steven had an interest in filmmaking and had always dreamed of being	when he grew up.	True	Was Steven interested in art?	no
923.27	0.2	923270	255	filler_word	107	54	2	delong	expected	a	an	director	actor	93	5	6.17	5.55	From a young age Steven had an interest in filmmaking and had always dreamed of being	when he grew up.	True	Was Steven interested in art?	no
923.756	0.2	923756	255	filler_word	107	54	2	delong	expected	a	an	director	actor	93	5	6.17	5.55	From a young age Steven had an interest in filmmaking and had always dreamed of being	when he grew up.	True	Was Steven interested in art?	no
924.241	0.2	924241	255	filler_word	107	54	2	delong	expected	a	an	director	actor	93	5	6.17	5.55	From a young age Steven had an interest in filmmaking and had always dreamed of being	when he grew up.	True	Was Steven interested in art?	no
924.726	0.2	924726	207	final_expected	107	54	2	delong	expected	a	an	director	actor	93	5	6.17	5.55	From a young age Steven had an interest in filmmaking and had always dreamed of being	when he grew up.	True	Was Steven interested in art?	no
929.728	0.2	929728	255	filler_word	107	54	2	delong	expected	a	an	director	actor	93	5	6.17	5.55	From a young age Steven had an interest in filmmaking and had always dreamed of being	when he grew up.	True	Was Steven interested in art?	no
930.214	0.2	930214	255	filler_word	107	54	2	delong	expected	a	an	director	actor	93	5	6.17	5.55	From a young age Steven had an interest in filmmaking and had always dreamed of being	when he grew up.	True	Was Steven interested in art?	no
930.699	0.2	930699	255	filler_word	107	54	2	delong	expected	a	an	director	actor	93	5	6.17	5.55	From a young age Steven had an interest in filmmaking and had always dreamed of being	when he grew up.	True	Was Steven interested in art?	no
931.184	0.2	931184	255	filler_word	107	54	2	delong	expected	a	an	director	actor	93	5	6.17	5.55	From a young age Steven had an interest in filmmaking and had always dreamed of being	when he grew up.	True	Was Steven interested in art?	no
931.669	0.2	931669	255	filler_word	107	54	2	delong	expected	a	an	director	actor	93	5	6.17	5.55	From a young age Steven had an interest in filmmaking and had always dreamed of being	when he grew up.	True	Was Steven interested in art?	no
932.154	0.2	932154	255	filler_word	107	54	2	delong	expected	a	an	director	actor	93	5	6.17	5.55	From a young age Steven had an interest in filmmaking and had always dreamed of being	when he grew up.	True	Was Steven interested in art?	no
932.639	0.2	932639	255	filler_word	107	54	2	delong	expected	a	an	director	actor	93	5	6.17	5.55	From a young age Steven had an interest in filmmaking and had always dreamed of being	when he grew up.	True	Was Steven interested in art?	no
933.125	0.2	933125	255	filler_word	107	54	2	delong	expected	a	an	director	actor	93	5	6.17	5.55	From a young age Steven had an interest in filmmaking and had always dreamed of being	when he grew up.	True	Was Steven interested in art?	no
933.61	0.2	933610	255	filler_word	107	54	2	delong	expected	a	an	director	actor	93	5	6.17	5.55	From a young age Steven had an interest in filmmaking and had always dreamed of being	when he grew up.	True	Was Steven interested in art?	no
934.095	0.2	934095	255	filler_word	107	54	2	delong	expected	a	an	director	actor	93	5	6.17	5.55	From a young age Steven had an interest in filmmaking and had always dreamed of being	when he grew up.	True	Was Steven interested in art?	no
934.58	0.2	934580	255	filler_word	107	54	2	delong	expected	a	an	director	actor	93	5	6.17	5.55	From a young age Steven had an interest in filmmaking and had always dreamed of being	when he grew up.	True	Was Steven interested in art?	no
935.065	0.2	935065	255	filler_word	107	54	2	delong	expected	a	an	director	actor	93	5	6.17	5.55	From a young age Steven had an interest in filmmaking and had always dreamed of being	when he grew up.	True	Was Steven interested in art?	no
935.551	0.2	935551	255	filler_word	107	54	2	delong	expected	a	an	director	actor	93	5	6.17	5.55	From a young age Steven had an interest in filmmaking and had always dreamed of being	when he grew up.	True	Was Steven interested in art?	no
936.036	0.2	936036	255	filler_word	107	54	2	delong	expected	a	an	director	actor	93	5	6.17	5.55	From a young age Steven had an interest in filmmaking and had always dreamed of being	when he grew up.	True	Was Steven interested in art?	no
936.521	0.2	936521	255	filler_word	107	54	2	delong	expected	a	an	director	actor	93	5	6.17	5.55	From a young age Steven had an interest in filmmaking and had always dreamed of being	when he grew up.	True	Was Steven interested in art?	no
937.006	0.2	937006	255	filler_word	107	54	2	delong	expected	a	an	director	actor	93	5	6.17	5.55	From a young age Steven had an interest in filmmaking and had always dreamed of being	when he grew up.	True	Was Steven interested in art?	no
937.491	0.2	937491	204	an_unexpected	107	54	2	delong	expected	a	an	director	actor	93	5	6.17	5.55	From a young age Steven had an interest in filmmaking and had always dreamed of being	when he grew up.	True	Was Steven interested in art?	no
937.541	0.0	937541	200	cloze_marker	107	54	2	delong	expected	a	an	director	actor	93	5	6.17	5.55	From a young age Steven had an interest in filmmaking and had always dreamed of being	when he grew up.	True	Was Steven interested in art?	no
937.776	0.0	937776	160	item_marker	108	60	2	delong	unexpected	a	an	city	airport	16	0	6.45	4.77	Hannah wanted to live in a small town but her husband preferred to live closer to	because of his job.	False	n/a	n/a
937.976	0.2	937976	206	noun_unexpected	108	60	2	delong	unexpected	a	an	city	airport	16	0	6.45	4.77	Hannah wanted to live in a small town but her husband preferred to live closer to	because of his job.	False	n/a	n/a
938.026	0.0	938026	27	cloze_marker	108	60	2	delong	unexpected	a	an	city	airport	16	0	6.45	4.77	Hannah wanted to live in a small town but her husband preferred to live closer to	because of his job.	False	n/a	n/a
938.261	0.0	938261	160	item_marker	109	60	2	delong	unexpected	a	an	city	airport	16	0	6.45	4.77	Hannah wanted to live in a small town but her husband preferred to live closer to	because of his job.	False	n/a	n/a
938.462	0.2	938462	255	filler_word	109	60	2	delong	unexpected	a	an	city	airport	16	0	6.45	4.77	Hannah wanted to live in a small town but her husband preferred to live closer to	because of his job.	False	n/a	n/a
938.947	0.2	938947	255	filler_word	109	60	2	delong	unexpected	a	an	city	airport	16	0	6.45	4.77	Hannah wanted to live in a small town but her husband preferred to live closer to	because of his job.	False	n/a	n/a
939.432	0.2	939432	255	filler_word	109	60	2	delong	unexpected	a	an	city	airport	16	0	6.45	4.77	Hannah wanted to live in a small town but her husband preferred to live closer to	because of his job.	False	n/a	n/a
939.917	0.2	939917	208	final_unexpected	109	60	2	delong	unexpected	a	an	city	airport	16	0	6.45	4.77	Hannah wanted to live in a small town but her husband preferred to live closer to	because of his job.	False	n/a	n/a
941.992	0.2	941992	255	filler_word	109	60	2	delong	unexpected	a	an	city	airport	16	0	6.45	4.77	Hannah wanted to live in a small town but her husband preferred to live closer to	because of his job.	False	n/a	n/a
942.477	0.2	942477	255	filler_word	109	60	2	delong	unexpected	a	an	city	airport	16	0	6.45	4.77	Hannah wanted to live in a small town but her husband preferred to live closer to	because of his job.	False	n/a	n/a
942.962	0.2	942962	255	filler_word	109	60	2	delong	unexpected	a	an	city	airport	16	0	6.45	4.77	Hannah wanted to live in a small town but her husband preferred to live closer to	because of his job.	False	n/a	n/a
943.447	0.2	943447	255	filler_word	109	60	2	delong	unexpected	a	an	city	airport	16	0	6.45	4.77	Hannah wanted to live in a small town but her husband preferred to live closer to	because of his job.	False	n/a	n/a
943.932	0.2	943932	255	filler_word	109	60	2	delong	unexpected	a	an	city	airport	16	0	6.45	4.77	Hannah wanted to live in a small town but her husband preferred to live closer to	because of his job.	False	n/a	n/a
944.418	0.2	944418	255	filler_word	109	60	2	delong	unexpected	a	an	city	airport	16	0	6.45	4.77	Hannah wanted to live in a small town but her husband preferred to live closer to	because of his job.	False	n/a	n/a
944.903	0.2	944903	255	filler_word	109	60	2	delong	unexpected	a	an	city	airport	16	0	6.45	4.77	Hannah wanted to live in a small town but her husband preferred to live closer to	because of his job.	False	n/a	n/a
945.388	0.2	945388	202	an_expected	109	60	2	delong	unexpected	a	an	city	airport	16	0	6.45	4.77	Hannah wanted to live in a small town but her husband preferred to live closer to	because of his job.	False	n/a	n/a
945.438	0.0	945438	34	cloze_marker	109	60	2	delong	unexpected	a	an	city	airport	16	0	6.45	4.77	Hannah wanted to live in a small town but her husband preferred to live closer to	because of his job.	False	n/a	n/a
945.672	0.0	945672	157	item_marker	110	57	2	delong	expected	an	a	escalator	wheelchair	34	11	5.87	1.94	Damon preferred climbing stairs over going up	because it had given him the chance to get a little exercise.	True	Did Damon prefer stairs over lifts?	yes
945.873	0.2	945873	205	noun_expected	110	57	2	delong	expected	an	a	escalator	wheelchair	34	11	5.87	1.94	Damon preferred climbing stairs over going up	because it had given him the chance to get a little exercise.	True	Did Damon prefer stairs over lifts?	yes
945.923	0.0	945923	69	cloze_marker	110	57	2	delong	expected	an	a	escalator	wheelchair	34	11	5.87	1.94	Damon preferred climbing stairs over going up	because it had given him the chance to get a little exercise.	True	Did Damon prefer stairs over lifts?	yes
946.158	0.0	946158	157	item_marker	111	57	2	delong	expected	an	a	escalator	wheelchair	34	11	5.87	1.94	Damon preferred climbing stairs over going up	because it had given him the chance to get a little exercise.	True	Did Damon prefer stairs over lifts?	yes
946.358	0.2	946358	255	filler_word	111	57	2	delong	expected	an	a	escalator	wheelchair	34	11	5.87	1.94	Damon preferred climbing stairs over going up	because it had given him the chance to get a little exercise.	True	Did Damon prefer stairs over lifts?	yes
946.844	0.2	946844	255	filler_word	111	57	2	delong	expected	an	a	escalator	wheelchair	34	11	5.87	1.94	Damon preferred climbing stairs over going up	because it had given him the chance to get a little exercise.	True	Did Damon prefer stairs over lifts?	yes
947.329	0.2	947329	255	filler_word	111	57	2	delong	expected	an	a	escalator	wheelchair	34	11	5.87	1.94	Damon preferred climbing stairs over going up	because it had given him the chance to get a little exercise.	True	Did Damon prefer stairs over lifts?	yes
947.814	0.2	947814	255	filler_word	111	57	2	delong	expected	an	a	escalator	wheelchair	34	11	5.87	1.94	Damon preferred climbing stairs over going up	because it had given him the chance to get a little exercise.	True	Did Damon prefer stairs over lifts?	yes
948.299	0.2	948299	255	filler_word	111	57	2	delong	expected	an	a	escalator	wheelchair	34	11	5.87	1.94	Damon preferred climbing stairs over going up	because it had given him the chance to get a little exercise.	True	Did Damon prefer stairs over lifts?	yes
948.784	0.2	948784	255	filler_word	111	57	2	delong	expected	an	a	escalator	wheelchair	34	11	5.87	1.94	Damon preferred climbing stairs over going up	because it had given him the chance to get a little exercise.	True	Did Damon prefer stairs over lifts?	yes
949.269	0.2	949269	255	filler_word	111	57	2	delong	expected	an	a	escalator	wheelchair	34	11	5.87	1.94	Damon preferred climbing stairs over going up	because it had given him the chance to get a little exercise.	True	Did Damon prefer stairs over lifts?	yes
949.755	0.2	949755	255	filler_word	111	57	2	delong	expected	an	a	escalator	wheelchair	34	11	5.87	1.94	Damon preferred climbing stairs over going up	because it had given him the chance to get a little exercise.	True	Did Damon prefer stairs over lifts?	yes
950.24	0.2	950240	255	filler_word	111	57	2	delong	expected	an	a	escalator	wheelchair	34	11	5.87	1.94	Damon preferred climbing stairs over going up	because it had given him the chance to get a little exercise.	True	Did Damon prefer stairs over lifts?	yes
950.725	0.2	950725	255	filler_word	111	57	2	delong	expected	an	a	escalator	wheelchair	34	11	5.87	1.94	Damon preferred climbing stairs over going up	because it had given him the chance to get a little exercise.	True	Did Damon prefer stairs over lifts?	yes
951.21	0.2	951210	255	filler_word	111	57	2	delong	expected	an	a	escalator	wheelchair	34	11	5.87	1.94	Damon preferred climbing stairs over going up	because it had given him the chance to get a little exercise.	True	Did Damon prefer stairs over lifts?	yes
951.695	0.2	951695	207	final_expected	111	57	2	delong	expected	an	a	escalator	wheelchair	34	11	5.87	1.94	Damon preferred climbing stairs over going up	because it had given him the chance to get a little exercise.	True	Did Damon prefer stairs over lifts?	yes
987.967	0.2	987967	255	filler_word	111	57	2	delong	expected	an	a	escalator	wheelchair	34	11	5.87	1.94	Damon preferred climbing stairs over going up	because it had given him the chance to get a little exercise.	True	Did Damon prefer stairs over lifts?	yes
988.452	0.2	988452	255	filler_word	111	57	2	delong	expected	an	a	escalator	wheelchair	34	11	5.87	1.94	Damon preferred climbing stairs over going up	because it had given him the chance to get a little exercise.	True	Did Damon prefer stairs over lifts?	yes
988.937	0.2	988937	255	filler_word	111	57	2	delong	expected	an	a	escalator	wheelchair	34	11	5.87	1.94	Damon preferred climbing stairs over going up	because it had given him the chance to get a little exercise.	True	Did Damon prefer stairs over lifts?	yes
989.422	0.2	989422	255	filler_word	111	57	2	delong	expected	an	a	escalator	wheelchair	34	11	5.87	1.94	Damon preferred climbing stairs over going up	because it had given him the chance to get a little exercise.	True	Did Damon prefer stairs over lifts?	yes
989.908	0.2	989908	255	filler_word	111	57	2	delong	expected	an	a	escalator	wheelchair	34	11	5.87	1.94	Damon preferred climbing stairs over going up	because it had given him the chance to get a little exercise.	True	Did Damon prefer stairs over lifts?	yes
990.393	0.2	990393	255	filler_word	111	57	2	delong	expected	an	a	escalator	wheelchair	34	11	5.87	1.94	Damon preferred climbing stairs over going up	because it had given him the chance to get a little exercise.	True	Did Damon prefer stairs over lifts?	yes
990.878	0.2	990878	255	filler_word	111	57	2	delong	expected	an	a	escalator	wheelchair	34	11	5.87	1.94	Damon preferred climbing stairs over going up	because it had given him the chance to get a little exercise.	True	Did Damon prefer stairs over lifts?	yes
991.363	0.2	991363	255	filler_word	111	57	2	delong	expected	an	a	escalator	wheelchair	34	11	5.87	1.94	Damon preferred climbing stairs over going up	because it had given him the chance to get a little exercise.	True	Did Damon prefer stairs over lifts?	yes
991.848	0.2	991848	255	filler_word	111	57	2	delong	expected	an	a	escalator	wheelchair	34	11	5.87	1.94	Damon preferred climbing stairs over going up	because it had given him the chance to get a little exercise.	True	Did Damon prefer stairs over lifts?	yes
992.334	0.2	992334	255	filler_word	111	57	2	delong	expected	an	a	escalator	wheelchair	34	11	5.87	1.94	Damon preferred climbing stairs over going up	because it had given him the chance to get a little exercise.	True	Did Damon prefer stairs over lifts?	yes
992.819	0.2	992819	255	filler_word	111	57	2	delong	expected	an	a	escalator	wheelchair	34	11	5.87	1.94	Damon preferred climbing stairs over going up	because it had given him the chance to get a little exercise.	True	Did Damon prefer stairs over lifts?	yes
993.304	0.2	993304	255	filler_word	111	57	2	delong	expected	an	a	escalator	wheelchair	34	11	5.87	1.94	Damon preferred climbing stairs over going up	because it had given him the chance to get a little exercise.	True	Did Damon prefer stairs over lifts?	yes
993.789	0.2	993789	255	filler_word	111	57	2	delong	expected	an	a	escalator	wheelchair	34	11	5.87	1.94	Damon preferred climbing stairs over going up	because it had given him the chance to get a little exercise.	True	Did Damon prefer stairs over lifts?	yes
994.274	0.2	994274	255	filler_word	111	57	2	delong	expected	an	a	escalator	wheelchair	34	11	5.87	1.94	Damon preferred climbing stairs over going up	because it had given him the chance to get a little exercise.	True	Did Damon prefer stairs over lifts?	yes
994.759	0.2	994759	255	filler_word	111	57	2	delong	expected	an	a	escalator	wheelchair	34	11	5.87	1.94	Damon preferred climbing stairs over going up	because it had given him the chance to get a little exercise.	True	Did Damon prefer stairs over lifts?	yes
995.245	0.2	995245	255	filler_word	111	57	2	delong	expected	an	a	escalator	wheelchair	34	11	5.87	1.94	Damon preferred climbing stairs over going up	because it had given him the chance to get a little exercise.	True	Did Damon prefer stairs over lifts?	yes
995.73	0.2	995730	255	filler_word	111	57	2	delong	expected	an	a	escalator	wheelchair	34	11	5.87	1.94	Damon preferred climbing stairs over going up	because it had given him the chance to get a little exercise.	True	Did Damon prefer stairs over lifts?	yes
996.215	0.2	996215	255	filler_word	111	57	2	delong	expected	an	a	escalator	wheelchair	34	11	5.87	1.94	Damon preferred climbing stairs over going up	because it had given him the chance to get a little exercise.	True	Did Damon prefer stairs over lifts?	yes
996.7	0.2	996700	255	filler_word	111	57	2	delong	expected	an	a	escalator	wheelchair	34	11	5.87	1.94	Damon preferred climbing stairs over going up	because it had given him the chance to get a little exercise.	True	Did Damon prefer stairs over lifts?	yes
997.185	0.2	997185	255	filler_word	111	57	2	delong	expected	an	a	escalator	wheelchair	34	11	5.87	1.94	Damon preferred climbing stairs over going up	because it had given him the chance to get a little exercise.	True	Did Damon prefer stairs over lifts?	yes
997.671	0.2	997671	255	filler_word	111	57	2	delong	expected	an	a	escalator	wheelchair	34	11	5.87	1.94	Damon preferred climbing stairs over going up	because it had given him the chance to get a little exercise.	True	Did Damon prefer stairs over lifts?	yes
998.156	0.2	998156	255	filler_word	111	57	2	delong	expected	an	a	escalator	wheelchair	34	11	5.87	1.94	Damon preferred climbing stairs over going up	because it had given him the chance to get a little exercise.	True	Did Damon prefer stairs over lifts?	yes
998.641	0.2	998641	255	filler_word	111	57	2	delong	expected	an	a	escalator	wheelchair	34	11	5.87	1.94	Damon preferred climbing stairs over going up	because it had given him the chance to get a little exercise.	True	Did Damon prefer stairs over lifts?	yes
999.126	0.2	999126	202	an_expected	111	57	2	delong	expected	an	a	escalator	wheelchair	34	11	5.87	1.94	Damon preferred climbing stairs over going up	because it had given him the chance to get a little exercise.	True	Did Damon prefer stairs over lifts?	yes
999.176	0.0	999176	20	cloze_marker	111	57	2	delong	expected	an	a	escalator	wheelchair	34	11	5.87	1.94	Damon preferred climbing stairs over going up	because it had given him the chance to get a little exercise.	True	Did Damon prefer stairs over lifts?	yes
999.41	0.0	999410	149	item_marker	112	49	2	delong	expected	an	a	onion	finger	20	2	5.94	5.87	At first Victoria did not know why her brother was crying over the sink but then she noticed that he had just sliced	with his knife.	False	n/a	n/a
999.611	0.2	999611	205	noun_expected	112	49	2	delong	expected	an	a	onion	finger	20	2	5.94	5.87	At first Victoria did not know why her brother was crying over the sink but then she noticed that he had just sliced	with his knife.	False	n/a	n/a
999.661	0.0	999661	40	cloze_marker	112	49	2	delong	expected	an	a	onion	finger	20	2	5.94	5.87	At first Victoria did not know why her brother was crying over the sink but then she noticed that he had just sliced	with his knife.	False	n/a	n/a
999.896	0.0	999896	149	item_marker	113	49	2	delong	expected	an	a	onion	finger	20	2	5.94	5.87	At first Victoria did not know why her brother was crying over the sink but then she noticed that he had just sliced	with his knife.	False	n/a	n/a
1000.096	0.2	1000096	255	filler_word	113	49	2	delong	expected	an	a	onion	finger	20	2	5.94	5.87	At first Victoria did not know why her brother was crying over the sink but then she noticed that he had just sliced	with his knife.	False	n/a	n/a
1000.582	0.2	1000582	255	filler_word	113	49	2	delong	expected	an	a	onion	finger	20	2	5.94	5.87	At first Victoria did not know why her brother was crying over the sink but then she noticed that he had just sliced	with his knife.	False	n/a	n/a
1001.067	0.2	1001067	207	final_expected	113	49	2	delong	expected	an	a	onion	finger	20	2	5.94	5.87	At first Victoria did not know why her brother was crying over the sink but then she noticed that he had just sliced	with his knife.	False	n/a	n/a
1003.125	0.2	1003125	255	filler_word	113	49	2	delong	expected	an	a	onion	finger	20	2	5.94	5.87	At first Victoria did not know why her brother was crying over the sink but then she noticed that he had just sliced	with his knife.	False	n/a	n/a
1003.61	0.2	1003610	255	filler_word	113	49	2	delong	expected	an	a	onion	finger	20	2	5.94	5.87	At first Victoria did not know why her brother was crying over the sink but then she noticed that he had just sliced	with his knife.	False	n/a	n/a
1004.095	0.2	1004095	255	filler_word	113	49	2	delong	expected	an	a	onion	finger	20	2	5.94	5.87	At first Victoria did not know why her brother was crying over the sink but then she noticed that he had just sliced	with his knife.	False	n/a	n/a
1004.58	0.2	1004580	255	filler_word	113	49	2	delong	expected	an	a	onion	finger	20	2	5.94	5.87	At first Victoria did not know why her brother was crying over the sink but then she noticed that he had just sliced	with his knife.	False	n/a	n/a
1005.065	0.2	1005065	255	filler_word	113	49	2	delong	expected	an	a	onion	finger	20	2	5.94	5.87	At first Victoria did not know why her brother was crying over the sink but then she noticed that he had just sliced	with his knife.	False	n/a	n/a
1005.551	0.2	1005551	255	filler_word	113	49	2	delong	expected	an	a	onion	finger	20	2	5.94	5.87	At first Victoria did not know why her brother was crying over the sink but then she noticed that he had just sliced	with his knife.	False	n/a	n/a
1006.036	0.2	1006036	255	filler_word	113	49	2	delong	expected	an	a	onion	finger	20	2	5.94	5.87	At first Victoria did not know why her brother was crying over the sink but then she noticed that he had just sliced	with his knife.	False	n/a	n/a
1006.521	0.2	1006521	255	filler_word	113	49	2	delong	expected	an	a	onion	finger	20	2	5.94	5.87	At first Victoria did not know why her brother was crying over the sink but then she noticed that he had just sliced	with his knife.	False	n/a	n/a
1007.006	0.2	1007006	255	filler_word	113	49	2	delong	expected	an	a	onion	finger	20	2	5.94	5.87	At first Victoria did not know why her brother was crying over the sink but then she noticed that he had just sliced	with his knife.	False	n/a	n/a
1007.491	0.2	1007491	255	filler_word	113	49	2	delong	expected	an	a	onion	finger	20	2	5.94	5.87	At first Victoria did not know why her brother was crying over the sink but then she noticed that he had just sliced	with his knife.	False	n/a	n/a
1007.976	0.2	1007976	255	filler_word	113	49	2	delong	expected	an	a	onion	finger	20	2	5.94	5.87	At first Victoria did not know why her brother was crying over the sink but then she noticed that he had just sliced	with his knife.	False	n/a	n/a
1008.462	0.2	1008462	255	filler_word	113	49	2	delong	expected	an	a	onion	finger	20	2	5.94	5.87	At first Victoria did not know why her brother was crying over the sink but then she noticed that he had just sliced	with his knife.	False	n/a	n/a
1008.947	0.2	1008947	255	filler_word	113	49	2	delong	expected	an	a	onion	finger	20	2	5.94	5.87	At first Victoria did not know why her brother was crying over the sink but then she noticed that he had just sliced	with his knife.	False	n/a	n/a
1009.432	0.2	1009432	255	filler_word	113	49	2	delong	expected	an	a	onion	finger	20	2	5.94	5.87	At first Victoria did not know why her brother was crying over the sink but then she noticed that he had just sliced	with his knife.	False	n/a	n/a
1009.917	0.2	1009917	255	filler_word	113	49	2	delong	expected	an	a	onion	finger	20	2	5.94	5.87	At first Victoria did not know why her brother was crying over the sink but then she noticed that he had just sliced	with his knife.	False	n/a	n/a
1010.402	0.2	1010402	201	a_expected	113	49	2	delong	expected	an	a	onion	finger	20	2	5.94	5.87	At first Victoria did not know why her brother was crying over the sink but then she noticed that he had just sliced	with his knife.	False	n/a	n/a
1010.452	0.0	1010452	91	cloze_marker	113	49	2	delong	expected	an	a	onion	finger	20	2	5.94	5.87	At first Victoria did not know why her brother was crying over the sink but then she noticed that he had just sliced	with his knife.	False	n/a	n/a
1010.687	0.0	1010687	142	item_marker	114	42	2	delong	expected	a	an	parent	adult	91	0	5.74	4.2	Older children often have a harder time than younger children dealing with the loss of	who has cared for them.	False	n/a	n/a
1010.888	0.2	1010888	205	noun_expected	114	42	2	delong	expected	a	an	parent	adult	91	0	5.74	4.2	Older children often have a harder time than younger children dealing with the loss of	who has cared for them.	False	n/a	n/a
1010.937	0.0	1010937	37	cloze_marker	114	42	2	delong	expected	a	an	parent	adult	91	0	5.74	4.2	Older children often have a harder time than younger children dealing with the loss of	who has cared for them.	False	n/a	n/a
1011.172	0.0	1011172	142	item_marker	115	42	2	delong	expected	a	an	parent	adult	91	0	5.74	4.2	Older children often have a harder time than younger children dealing with the loss of	who has cared for them.	False	n/a	n/a
1011.373	0.2	1011373	255	filler_word	115	42	2	delong	expected	a	an	parent	adult	91	0	5.74	4.2	Older children often have a harder time than younger children dealing with the loss of	who has cared for them.	False	n/a	n/a
1011.858	0.2	1011858	255	filler_word	115	42	2	delong	expected	a	an	parent	adult	91	0	5.74	4.2	Older children often have a harder time than younger children dealing with the loss of	who has cared for them.	False	n/a	n/a
1012.343	0.2	1012343	255	filler_word	115	42	2	delong	expected	a	an	parent	adult	91	0	5.74	4.2	Older children often have a harder time than younger children dealing with the loss of	who has cared for them.	False	n/a	n/a
1012.828	0.2	1012828	255	filler_word	115	42	2	delong	expected	a	an	parent	adult	91	0	5.74	4.2	Older children often have a harder time than younger children dealing with the loss of	who has cared for them.	False	n/a	n/a
1013.313	0.2	1013313	207	final_expected	115	42	2	delong	expected	a	an	parent	adult	91	0	5.74	4.2	Older children often have a harder time than younger children dealing with the loss of	who has cared for them.	False	n/a	n/a
1015.421	0.2	1015421	255	filler_word	115	42	2	delong	expected	a	an	parent	adult	91	0	5.74	4.2	Older children often have a harder time than younger children dealing with the loss of	who has cared for them.	False	n/a	n/a
1015.907	0.2	1015907	255	filler_word	115	42	2	delong	expected	a	an	parent	adult	91	0	5.74	4.2	Older children often have a harder time than younger children dealing with the loss of	who has cared for them.	False	n/a	n/a
1016.392	0.2	1016392	255	filler_word	115	42	2	delong	expected	a	an	parent	adult	91	0	5.74	4.2	Older children often have a harder time than younger children dealing with the loss of	who has cared for them.	False	n/a	n/a
1016.877	0.2	1016877	255	filler_word	115	42	2	delong	expected	a	an	parent	adult	91	0	5.74	4.2	Older children often have a harder time than younger children dealing with the loss of	who has cared for them.	False	n/a	n/a
1017.362	0.2	1017362	255	filler_word	115	42	2	delong	expected	a	an	parent	adult	91	0	5.74	4.2	Older children often have a harder time than younger children dealing with the loss of	who has cared for them.	False	n/a	n/a
1017.847	0.2	1017847	255	filler_word	115	42	2	delong	expected	a	an	parent	adult	91	0	5.74	4.2	Older children often have a harder time than younger children dealing with the loss of	who has cared for them.	False	n/a	n/a
1018.333	0.2	1018333	255	filler_word	115	42	2	delong	expected	a	an	parent	adult	91	0	5.74	4.2	Older children often have a harder time than younger children dealing with the loss of	who has cared for them.	False	n/a	n/a
1018.818	0.2	1018818	255	filler_word	115	42	2	delong	expected	a	an	parent	adult	91	0	5.74	4.2	Older children often have a harder time than younger children dealing with the loss of	who has cared for them.	False	n/a	n/a
1019.303	0.2	1019303	255	filler_word	115	42	2	delong	expected	a	an	parent	adult	91	0	5.74	4.2	Older children often have a harder time than younger children dealing with the loss of	who has cared for them.	False	n/a	n/a
1019.788	0.2	1019788	255	filler_word	115	42	2	delong	expected	a	an	parent	adult	91	0	5.74	4.2	Older children often have a harder time than younger children dealing with the loss of	who has cared for them.	False	n/a	n/a
1020.273	0.2	1020273	255	filler_word	115	42	2	delong	expected	a	an	parent	adult	91	0	5.74	4.2	Older children often have a harder time than younger children dealing with the loss of	who has cared for them.	False	n/a	n/a
1020.758	0.2	1020758	255	filler_word	115	42	2	delong	expected	a	an	parent	adult	91	0	5.74	4.2	Older children often have a harder time than younger children dealing with the loss of	who has cared for them.	False	n/a	n/a
1021.244	0.2	1021244	255	filler_word	115	42	2	delong	expected	a	an	parent	adult	91	0	5.74	4.2	Older children often have a harder time than younger children dealing with the loss of	who has cared for them.	False	n/a	n/a
1021.729	0.2	1021729	255	filler_word	115	42	2	delong	expected	a	an	parent	adult	91	0	5.74	4.2	Older children often have a harder time than younger children dealing with the loss of	who has cared for them.	False	n/a	n/a
1022.214	0.2	1022214	255	filler_word	115	42	2	delong	expected	a	an	parent	adult	91	0	5.74	4.2	Older children often have a harder time than younger children dealing with the loss of	who has cared for them.	False	n/a	n/a
1022.699	0.2	1022699	255	filler_word	115	42	2	delong	expected	a	an	parent	adult	91	0	5.74	4.2	Older children often have a harder time than younger children dealing with the loss of	who has cared for them.	False	n/a	n/a
1023.184	0.2	1023184	255	filler_word	115	42	2	delong	expected	a	an	parent	adult	91	0	5.74	4.2	Older children often have a harder time than younger children dealing with the loss of	who has cared for them.	False	n/a	n/a
1023.67	0.2	1023670	255	filler_word	115	42	2	delong	expected	a	an	parent	adult	91	0	5.74	4.2	Older children often have a harder time than younger children dealing with the loss of	who has cared for them.	False	n/a	n/a
1024.155	0.2	1024155	255	filler_word	115	42	2	delong	expected	a	an	parent	adult	91	0	5.74	4.2	Older children often have a harder time than younger children dealing with the loss of	who has cared for them.	False	n/a	n/a
1024.64	0.2	1024640	255	filler_word	115	42	2	delong	expected	a	an	parent	adult	91	0	5.74	4.2	Older children often have a harder time than younger children dealing with the loss of	who has cared for them.	False	n/a	n/a
1025.125	0.2	1025125	203	a_unexpected	115	42	2	delong	expected	a	an	parent	adult	91	0	5.74	4.2	Older children often have a harder time than younger children dealing with the loss of	who has cared for them.	False	n/a	n/a
1025.175	0.0	1025175	200	cloze_marker	115	42	2	delong	expected	a	an	parent	adult	91	0	5.74	4.2	Older children often have a harder time than younger children dealing with the loss of	who has cared for them.	False	n/a	n/a
1025.41	0.0	1025410	144	item_marker	116	44	2	delong	unexpected	an	a	envelope	stamp	77	0	5.87	5.06	When Wendy went to pay for the birthday card the clerk pointed out that she had forgotten to pick up	along with it.	False	n/a	n/a
1025.61	0.2	1025610	206	noun_unexpected	116	44	2	delong	unexpected	an	a	envelope	stamp	77	0	5.87	5.06	When Wendy went to pay for the birthday card the clerk pointed out that she had forgotten to pick up	along with it.	False	n/a	n/a
1025.66	0.0	1025660	47	cloze_marker	116	44	2	delong	unexpected	an	a	envelope	stamp	77	0	5.87	5.06	When Wendy went to pay for the birthday card the clerk pointed out that she had forgotten to pick up	along with it.	False	n/a	n/a
1025.895	0.0	1025895	144	item_marker	117	44	2	delong	unexpected	an	a	envelope	stamp	77	0	5.87	5.06	When Wendy went to pay for the birthday card the clerk pointed out that she had forgotten to pick up	along with it.	False	n/a	n/a
1026.095	0.2	1026095	255	filler_word	117	44	2	delong	unexpected	an	a	envelope	stamp	77	0	5.87	5.06	When Wendy went to pay for the birthday card the clerk pointed out that she had forgotten to pick up	along with it.	False	n/a	n/a
1026.581	0.2	1026581	255	filler_word	117	44	2	delong	unexpected	an	a	envelope	stamp	77	0	5.87	5.06	When Wendy went to pay for the birthday card the clerk pointed out that she had forgotten to pick up	along with it.	False	n/a	n/a
1027.066	0.2	1027066	208	final_unexpected	117	44	2	delong	unexpected	an	a	envelope	stamp	77	0	5.87	5.06	When Wendy went to pay for the birthday card the clerk pointed out that she had forgotten to pick up	along with it.	False	n/a	n/a
1029.291	0.2	1029291	255	filler_word	117	44	2	delong	unexpected	an	a	envelope	stamp	77	0	5.87	5.06	When Wendy went to pay for the birthday card the clerk pointed out that she had forgotten to pick up	along with it.	False	n/a	n/a
1029.776	0.2	1029776	255	filler_word	117	44	2	delong	unexpected	an	a	envelope	stamp	77	0	5.87	5.06	When Wendy went to pay for the birthday card the clerk pointed out that she had forgotten to pick up	along with it.	False	n/a	n/a
1030.261	0.2	1030261	255	filler_word	117	44	2	delong	unexpected	an	a	envelope	stamp	77	0	5.87	5.06	When Wendy went to pay for the birthday card the clerk pointed out that she had forgotten to pick up	along with it.	False	n/a	n/a
1030.747	0.2	1030747	255	filler_word	117	44	2	delong	unexpected	an	a	envelope	stamp	77	0	5.87	5.06	When Wendy went to pay for the birthday card the clerk pointed out that she had forgotten to pick up	along with it.	False	n/a	n/a
1031.232	0.2	1031232	255	filler_word	117	44	2	delong	unexpected	an	a	envelope	stamp	77	0	5.87	5.06	When Wendy went to pay for the birthday card the clerk pointed out that she had forgotten to pick up	along with it.	False	n/a	n/a
1031.717	0.2	1031717	255	filler_word	117	44	2	delong	unexpected	an	a	envelope	stamp	77	0	5.87	5.06	When Wendy went to pay for the birthday card the clerk pointed out that she had forgotten to pick up	along with it.	False	n/a	n/a
1032.202	0.2	1032202	255	filler_word	117	44	2	delong	unexpected	an	a	envelope	stamp	77	0	5.87	5.06	When Wendy went to pay for the birthday card the clerk pointed out that she had forgotten to pick up	along with it.	False	n/a	n/a
1032.687	0.2	1032687	255	filler_word	117	44	2	delong	unexpected	an	a	envelope	stamp	77	0	5.87	5.06	When Wendy went to pay for the birthday card the clerk pointed out that she had forgotten to pick up	along with it.	False	n/a	n/a
1033.172	0.2	1033172	255	filler_word	117	44	2	delong	unexpected	an	a	envelope	stamp	77	0	5.87	5.06	When Wendy went to pay for the birthday card the clerk pointed out that she had forgotten to pick up	along with it.	False	n/a	n/a
1033.658	0.2	1033658	255	filler_word	117	44	2	delong	unexpected	an	a	envelope	stamp	77	0	5.87	5.06	When Wendy went to pay for the birthday card the clerk pointed out that she had forgotten to pick up	along with it.	False	n/a	n/a
1034.143	0.2	1034143	255	filler_word	117	44	2	delong	unexpected	an	a	envelope	stamp	77	0	5.87	5.06	When Wendy went to pay for the birthday card the clerk pointed out that she had forgotten to pick up	along with it.	False	n/a	n/a
1034.628	0.2	1034628	255	filler_word	117	44	2	delong	unexpected	an	a	envelope	stamp	77	0	5.87	5.06	When Wendy went to pay for the birthday card the clerk pointed out that she had forgotten to pick up	along with it.	False	n/a	n/a
1035.113	0.2	1035113	204	an_unexpected	117	44	2	delong	unexpected	an	a	envelope	stamp	77	0	5.87	5.06	When Wendy went to pay for the birthday card the clerk pointed out that she had forgotten to pick up	along with it.	False	n/a	n/a
1035.163	0.0	1035163	200	cloze_marker	117	44	2	delong	unexpected	an	a	envelope	stamp	77	0	5.87	5.06	When Wendy went to pay for the birthday card the clerk pointed out that she had forgotten to pick up	along with it.	False	n/a	n/a
1035.398	0.0	1035398	156	item_marker	118	56	2	delong	unexpected	a	an	crowd	audience	100	0	6.06	2.9	Carrie's father had always joked that two is company but three is	for him.	False	n/a	n/a
1035.598	0.2	1035598	206	noun_unexpected	118	56	2	delong	unexpected	a	an	crowd	audience	100	0	6.06	2.9	Carrie's father had always joked that two is company but three is	for him.	False	n/a	n/a
1035.648	0.0	1035648	200	cloze_marker	118	56	2	delong	unexpected	a	an	crowd	audience	100	0	6.06	2.9	Carrie's father had always joked that two is company but three is	for him.	False	n/a	n/a
1035.883	0.0	1035883	156	item_marker	119	56	2	delong	unexpected	a	an	crowd	audience	100	0	6.06	2.9	Carrie's father had always joked that two is company but three is	for him.	False	n/a	n/a
1036.084	0.2	1036084	255	filler_word	119	56	2	delong	unexpected	a	an	crowd	audience	100	0	6.06	2.9	Carrie's father had always joked that two is company but three is	for him.	False	n/a	n/a
1036.569	0.2	1036569	208	final_unexpected	119	56	2	delong	unexpected	a	an	crowd	audience	100	0	6.06	2.9	Carrie's father had always joked that two is company but three is	for him.	False	n/a	n/a
1116.055	0.2	1116055	255	filler_word	119	56	2	delong	unexpected	a	an	crowd	audience	100	0	6.06	2.9	Carrie's father had always joked that two is company but three is	for him.	False	n/a	n/a
1116.54	0.2	1116540	255	filler_word	119	56	2	delong	unexpected	a	an	crowd	audience	100	0	6.06	2.9	Carrie's father had always joked that two is company but three is	for him.	False	n/a	n/a
1117.025	0.2	1117025	255	filler_word	119	56	2	delong	unexpected	a	an	crowd	audience	100	0	6.06	2.9	Carrie's father had always joked that two is company but three is	for him.	False	n/a	n/a
1117.51	0.2	1117510	255	filler_word	119	56	2	delong	unexpected	a	an	crowd	audience	100	0	6.06	2.9	Carrie's father had always joked that two is company but three is	for him.	False	n/a	n/a
1117.996	0.2	1117996	255	filler_word	119	56	2	delong	unexpected	a	an	crowd	audience	100	0	6.06	2.9	Carrie's father had always joked that two is company but three is	for him.	False	n/a	n/a
1118.481	0.2	1118481	255	filler_word	119	56	2	delong	unexpected	a	an	crowd	audience	100	0	6.06	2.9	Carrie's father had always joked that two is company but three is	for him.	False	n/a	n/a
1118.966	0.2	1118966	255	filler_word	119	56	2	delong	unexpected	a	an	crowd	audience	100	0	6.06	2.9	Carrie's father had always joked that two is company but three is	for him.	False	n/a	n/a
1119.451	0.2	1119451	255	filler_word	119	56	2	delong	unexpected	a	an	crowd	audience	100	0	6.06	2.9	Carrie's father had always joked that two is company but three is	for him.	False	n/a	n/a
1119.936	0.2	1119936	255	filler_word	119	56	2	delong	unexpected	a	an	crowd	audience	100	0	6.06	2.9	Carrie's father had always joked that two is company but three is	for him.	False	n/a	n/a
1120.421	0.2	1120421	255	filler_word	119	56	2	delong	unexpected	a	an	crowd	audience	100	0	6.06	2.9	Carrie's father had always joked that two is company but three is	for him.	False	n/a	n/a
1120.907	0.2	1120907	255	filler_word	119	56	2	delong	unexpected	a	an	crowd	audience	100	0	6.06	2.9	Carrie's father had always joked that two is company but three is	for him.	False	n/a	n/a
1121.392	0.2	1121392	255	filler_word	119	56	2	delong	unexpected	a	an	crowd	audience	100	0	6.06	2.9	Carrie's father had always joked that two is company but three is	for him.	False	n/a	n/a
1121.877	0.2	1121877	255	filler_word	119	56	2	delong	unexpected	a	an	crowd	audience	100	0	6.06	2.9	Carrie's father had always joked that two is company but three is	for him.	False	n/a	n/a
1122.362	0.2	1122362	255	filler_word	119	56	2	delong	unexpected	a	an	crowd	audience	100	0	6.06	2.9	Carrie's father had always joked that two is company but three is	for him.	False	n/a	n/a
1122.847	0.2	1122847	255	filler_word	119	56	2	delong	unexpected	a	an	crowd	audience	100	0	6.06	2.9	Carrie's father had always joked that two is company but three is	for him.	False	n/a	n/a
1123.333	0.2	1123333	201	a_expected	119	56	2	delong	unexpected	a	an	crowd	audience	100	0	6.06	2.9	Carrie's father had always joked that two is company but three is	for him.	False	n/a	n/a
1123.382	0.0	1123382	75	cloze_marker	119	56	2	delong	unexpected	a	an	crowd	audience	100	0	6.06	2.9	Carrie's father had always joked that two is company but three is	for him.	False	n/a	n/a
1123.617	0.0	1123617	178	item_marker	120	78	2	delong	expected	a	an	window	egg	75	0	6.13	2.52	Because they were playing baseball so close to the house the children ended up shattering	and destroying a nest that some birds had built on the sill.	False	n/a	n/a
1123.818	0.2	1123818	205	noun_expected	120	78	2	delong	expected	a	an	window	egg	75	0	6.13	2.52	Because they were playing baseball so close to the house the children ended up shattering	and destroying a nest that some birds had built on the sill.	False	n/a	n/a
1123.868	0.0	1123868	97	cloze_marker	120	78	2	delong	expected	a	an	window	egg	75	0	6.13	2.52	Because they were playing baseball so close to the house the children ended up shattering	and destroying a nest that some birds had built on the sill.	False	n/a	n/a
1124.102	0.0	1124102	178	item_marker	121	78	2	delong	expected	a	an	window	egg	75	0	6.13	2.52	Because they were playing baseball so close to the house the children ended up shattering	and destroying a nest that some birds had built on the sill.	False	n/a	n/a
1124.303	0.2	1124303	255	filler_word	121	78	2	delong	expected	a	an	window	egg	75	0	6.13	2.52	Because they were playing baseball so close to the house the children ended up shattering	and destroying a nest that some birds had built on the sill.	False	n/a	n/a
1124.788	0.2	1124788	255	filler_word	121	78	2	delong	expected	a	an	window	egg	75	0	6.13	2.52	Because they were playing baseball so close to the house the children ended up shattering	and destroying a nest that some birds had built on the sill.	False	n/a	n/a
1125.273	0.2	1125273	255	filler_word	121	78	2	delong	expected	a	an	window	egg	75	0	6.13	2.52	Because they were playing baseball so close to the house the children ended up shattering	and destroying a nest that some birds had built on the sill.	False	n/a	n/a
1125.758	0.2	1125758	255	filler_word	121	78	2	delong	expected	a	an	window	egg	75	0	6.13	2.52	Because they were playing baseball so close to the house the children ended up shattering	and destroying a nest that some birds had built on the sill.	False	n/a	n/a
1126.244	0.2	1126244	255	filler_word	121	78	2	delong	expected	a	an	window	egg	75	0	6.13	2.52	Because they were playing baseball so close to the house the children ended up shattering	and destroying a nest that some birds had built on the sill.	False	n/a	n/a
1126.729	0.2	1126729	255	filler_word	121	78	2	delong	expected	a	an	window	egg	75	0	6.13	2.52	Because they were playing baseball so close to the house the children ended up shattering	and destroying a nest that some birds had built on the sill.	False	n/a	n/a
1127.214	0.2	1127214	255	filler_word	121	78	2	delong	expected	a	an	window	egg	75	0	6.13	2.52	Because they were playing baseball so close to the house the children ended up shattering	and destroying a nest that some birds had built on the sill.	False	n/a	n/a
1127.699	0.2	1127699	255	filler_word	121	78	2	delong	expected	a	an	window	egg	75	0	6.13	2.52	Because they were playing baseball so close to the house the children ended up shattering	and destroying a nest that some birds had built on the sill.	False	n/a	n/a
1128.184	0.2	1128184	255	filler_word	121	78	2	delong	expected	a	an	window	egg	75	0	6.13	2.52	Because they were playing baseball so close to the house the children ended up shattering	and destroying a nest that some birds had built on the sill.	False	n/a	n/a
1128.67	0.2	1128670	255	filler_word	121	78	2	delong	expected	a	an	window	egg	75	0	6.13	2.52	Because they were playing baseball so close to the house the children ended up shattering	and destroying a nest that some birds had built on the sill.	False	n/a	n/a
1129.155	0.2	1129155	255	filler_word	121	78	2	delong	expected	a	an	window	egg	75	0	6.13	2.52	Because they were playing baseball so close to the house the children ended up shattering	and destroying a nest that some birds had built on the sill.	False	n/a	n/a
1129.64	0.2	1129640	207	final_expected	121	78	2	delong	expected	a	an	window	egg	75	0	6.13	2.52	Because they were playing baseball so close to the house the children ended up shattering	and destroying a nest that some birds had built on the sill.	False	n/a	n/a
1135.161	0.2	1135161	255	filler_word	121	78	2	delong	expected	a	an	window	egg	75	0	6.13	2.52	Because they were playing baseball so close to the house the children ended up shattering	and destroying a nest that some birds had built on the sill.	False	n/a	n/a
1135.646	0.2	1135646	255	filler_word	121	78	2	delong	expected	a	an	window	egg	75	0	6.13	2.52	Because they were playing baseball so close to the house the children ended up shattering	and destroying a nest that some birds had built on the sill.	False	n/a	n/a
1136.131	0.2	1136131	255	filler_word	121	78	2	delong	expected	a	an	window	egg	75	0	6.13	2.52	Because they were playing baseball so close to the house the children ended up shattering	and destroying a nest that some birds had built on the sill.	False	n/a	n/a
1136.616	0.2	1136616	255	filler_word	121	78	2	delong	expected	a	an	window	egg	75	0	6.13	2.52	Because they were playing baseball so close to the house the children ended up shattering	and destroying a nest that some birds had built on the sill.	False	n/a	n/a
1137.102	0.2	1137102	255	filler_word	121	78	2	delong	expected	a	an	window	egg	75	0	6.13	2.52	Because they were playing baseball so close to the house the children ended up shattering	and destroying a nest that some birds had built on the sill.	False	n/a	n/a
1137.587	0.2	1137587	255	filler_word	121	78	2	delong	expected	a	an	window	egg	75	0	6.13	2.52	Because they were playing baseball so close to the house the children ended up shattering	and destroying a nest that some birds had built on the sill.	False	n/a	n/a
1138.072	0.2	1138072	255	filler_word	121	78	2	delong	expected	a	an	window	egg	75	0	6.13	2.52	Because they were playing baseball so close to the house the children ended up shattering	and destroying a nest that some birds had built on the sill.	False	n/a	n/a
1138.557	0.2	1138557	255	filler_word	121	78	2	delong	expected	a	an	window	egg	75	0	6.13	2.52	Because they were playing baseball so close to the house the children ended up shattering	and destroying a nest that some birds had built on the sill.	False	n/a	n/a
1139.042	0.2	1139042	255	filler_word	121	78	2	delong	expected	a	an	window	egg	75	0	6.13	2.52	Because they were playing baseball so close to the house the children ended up shattering	and destroying a nest that some birds had built on the sill.	False	n/a	n/a
1139.528	0.2	1139528	255	filler_word	121	78	2	delong	expected	a	an	window	egg	75	0	6.13	2.52	Because they were playing baseball so close to the house the children ended up shattering	and destroying a nest that some birds had built on the sill.	False	n/a	n/a
1140.013	0.2	1140013	255	filler_word	121	78	2	delong	expected	a	an	window	egg	75	0	6.13	2.52	Because they were playing baseball so close to the house the children ended up shattering	and destroying a nest that some birds had built on the sill.	False	n/a	n/a
1140.498	0.2	1140498	255	filler_word	121	78	2	delong	expected	a	an	window	egg	75	0	6.13	2.52	Because they were playing baseball so close to the house the children ended up shattering	and destroying a nest that some birds had built on the sill.	False	n/a	n/a
1140.983	0.2	1140983	255	filler_word	121	78	2	delong	expected	a	an	window	egg	75	0	6.13	2.52	Because they were playing baseball so close to the house the children ended up shattering	and destroying a nest that some birds had built on the sill.	False	n/a	n/a
1141.468	0.2	1141468	255	filler_word	121	78	2	delong	expected	a	an	window	egg	75	0	6.13	2.52	Because they were playing baseball so close to the house the children ended up shattering	and destroying a nest that some birds had built on the sill.	False	n/a	n/a
1141.953	0.2	1141953	255	filler_word	121	78	2	delong	expected	a	an	window	egg	75	0	6.13	2.52	Because they were playing baseball so close to the house the children ended up shattering	and destroying a nest that some birds had built on the sill.	False	n/a	n/a
1142.439	0.2	1142439	255	filler_word	121	78	2	delong	expected	a	an	window	egg	75	0	6.13	2.52	Because they were playing baseball so close to the house the children ended up shattering	and destroying a nest that some birds had built on the sill.	False	n/a	n/a
1142.924	0.2	1142924	255	filler_word	121	78	2	delong	expected	a	an	window	egg	75	0	6.13	2.52	Because they were playing baseball so close to the house the children ended up shattering	and destroying a nest that some birds had built on the sill.	False	n/a	n/a
1143.409	0.2	1143409	255	filler_word	121	78	2	delong	expected	a	an	window	egg	75	0	6.13	2.52	Because they were playing baseball so close to the house the children ended up shattering	and destroying a nest that some birds had built on the sill.	False	n/a	n/a
1143.894	0.2	1143894	255	filler_word	121	78	2	delong	expected	a	an	window	egg	75	0	6.13	2.52	Because they were playing baseball so close to the house the children ended up shattering	and destroying a nest that some birds had built on the sill.	False	n/a	n/a
1144.379	0.2	1144379	204	an_unexpected	121	78	2	delong	expected	a	an	window	egg	75	0	6.13	2.52	Because they were playing baseball so close to the house the children ended up shattering	and destroying a nest that some birds had built on the sill.	False	n/a	n/a
1144.429	0.0	1144429	18	cloze_marker	121	78	2	delong	expected	a	an	window	egg	75	0	6.13	2.52	Because they were playing baseball so close to the house the children ended up shattering	and destroying a nest that some birds had built on the sill.	False	n/a	n/a
1144.664	0.0	1144664	168	item_marker	122	68	2	delong	unexpected	a	an	cat	owl	82	18	6.1	4.3	Every time they went for walks Sylvia's dog Rex would break into a run as soon as he spotted	but luckily Rex couldn't climb trees.	False	n/a	n/a
1144.865	0.2	1144865	206	noun_unexpected	122	68	2	delong	unexpected	a	an	cat	owl	82	18	6.1	4.3	Every time they went for walks Sylvia's dog Rex would break into a run as soon as he spotted	but luckily Rex couldn't climb trees.	False	n/a	n/a
1144.914	0.0	1144914	10	cloze_marker	122	68	2	delong	unexpected	a	an	cat	owl	82	18	6.1	4.3	Every time they went for walks Sylvia's dog Rex would break into a run as soon as he spotted	but luckily Rex couldn't climb trees.	False	n/a	n/a
1145.149	0.0	1145149	168	item_marker	123	68	2	delong	unexpected	a	an	cat	owl	82	18	6.1	4.3	Every time they went for walks Sylvia's dog Rex would break into a run as soon as he spotted	but luckily Rex couldn't climb trees.	False	n/a	n/a
1145.35	0.2	1145350	255	filler_word	123	68	2	delong	unexpected	a	an	cat	owl	82	18	6.1	4.3	Every time they went for walks Sylvia's dog Rex would break into a run as soon as he spotted	but luckily Rex couldn't climb trees.	False	n/a	n/a
1145.835	0.2	1145835	255	filler_word	123	68	2	delong	unexpected	a	an	cat	owl	82	18	6.1	4.3	Every time they went for walks Sylvia's dog Rex would break into a run as soon as he spotted	but luckily Rex couldn't climb trees.	False	n/a	n/a
1146.32	0.2	1146320	255	filler_word	123	68	2	delong	unexpected	a	an	cat	owl	82	18	6.1	4.3	Every time they went for walks Sylvia's dog Rex would break into a run as soon as he spotted	but luckily Rex couldn't climb trees.	False	n/a	n/a
1146.805	0.2	1146805	255	filler_word	123	68	2	delong	unexpected	a	an	cat	owl	82	18	6.1	4.3	Every time they went for walks Sylvia's dog Rex would break into a run as soon as he spotted	but luckily Rex couldn't climb trees.	False	n/a	n/a
1147.29	0.2	1147290	255	filler_word	123	68	2	delong	unexpected	a	an	cat	owl	82	18	6.1	4.3	Every time they went for walks Sylvia's dog Rex would break into a run as soon as he spotted	but luckily Rex couldn't climb trees.	False	n/a	n/a
1147.776	0.2	1147776	208	final_unexpected	123	68	2	delong	unexpected	a	an	cat	owl	82	18	6.1	4.3	Every time they went for walks Sylvia's dog Rex would break into a run as soon as he spotted	but luckily Rex couldn't climb trees.	False	n/a	n/a
1149.716	0.2	1149716	255	filler_word	123	68	2	delong	unexpected	a	an	cat	owl	82	18	6.1	4.3	Every time they went for walks Sylvia's dog Rex would break into a run as soon as he spotted	but luckily Rex couldn't climb trees.	False	n/a	n/a
1150.202	0.2	1150202	255	filler_word	123	68	2	delong	unexpected	a	an	cat	owl	82	18	6.1	4.3	Every time they went for walks Sylvia's dog Rex would break into a run as soon as he spotted	but luckily Rex couldn't climb trees.	False	n/a	n/a
1150.687	0.2	1150687	255	filler_word	123	68	2	delong	unexpected	a	an	cat	owl	82	18	6.1	4.3	Every time they went for walks Sylvia's dog Rex would break into a run as soon as he spotted	but luckily Rex couldn't climb trees.	False	n/a	n/a
1151.172	0.2	1151172	255	filler_word	123	68	2	delong	unexpected	a	an	cat	owl	82	18	6.1	4.3	Every time they went for walks Sylvia's dog Rex would break into a run as soon as he spotted	but luckily Rex couldn't climb trees.	False	n/a	n/a
1151.657	0.2	1151657	255	filler_word	123	68	2	delong	unexpected	a	an	cat	owl	82	18	6.1	4.3	Every time they went for walks Sylvia's dog Rex would break into a run as soon as he spotted	but luckily Rex couldn't climb trees.	False	n/a	n/a
1152.142	0.2	1152142	255	filler_word	123	68	2	delong	unexpected	a	an	cat	owl	82	18	6.1	4.3	Every time they went for walks Sylvia's dog Rex would break into a run as soon as he spotted	but luckily Rex couldn't climb trees.	False	n/a	n/a
1152.627	0.2	1152627	255	filler_word	123	68	2	delong	unexpected	a	an	cat	owl	82	18	6.1	4.3	Every time they went for walks Sylvia's dog Rex would break into a run as soon as he spotted	but luckily Rex couldn't climb trees.	False	n/a	n/a
1153.113	0.2	1153113	255	filler_word	123	68	2	delong	unexpected	a	an	cat	owl	82	18	6.1	4.3	Every time they went for walks Sylvia's dog Rex would break into a run as soon as he spotted	but luckily Rex couldn't climb trees.	False	n/a	n/a
1153.598	0.2	1153598	255	filler_word	123	68	2	delong	unexpected	a	an	cat	owl	82	18	6.1	4.3	Every time they went for walks Sylvia's dog Rex would break into a run as soon as he spotted	but luckily Rex couldn't climb trees.	False	n/a	n/a
1154.083	0.2	1154083	255	filler_word	123	68	2	delong	unexpected	a	an	cat	owl	82	18	6.1	4.3	Every time they went for walks Sylvia's dog Rex would break into a run as soon as he spotted	but luckily Rex couldn't climb trees.	False	n/a	n/a
1154.568	0.2	1154568	255	filler_word	123	68	2	delong	unexpected	a	an	cat	owl	82	18	6.1	4.3	Every time they went for walks Sylvia's dog Rex would break into a run as soon as he spotted	but luckily Rex couldn't climb trees.	False	n/a	n/a
1155.053	0.2	1155053	255	filler_word	123	68	2	delong	unexpected	a	an	cat	owl	82	18	6.1	4.3	Every time they went for walks Sylvia's dog Rex would break into a run as soon as he spotted	but luckily Rex couldn't climb trees.	False	n/a	n/a
1155.539	0.2	1155539	255	filler_word	123	68	2	delong	unexpected	a	an	cat	owl	82	18	6.1	4.3	Every time they went for walks Sylvia's dog Rex would break into a run as soon as he spotted	but luckily Rex couldn't climb trees.	False	n/a	n/a
1156.024	0.2	1156024	255	filler_word	123	68	2	delong	unexpected	a	an	cat	owl	82	18	6.1	4.3	Every time they went for walks Sylvia's dog Rex would break into a run as soon as he spotted	but luckily Rex couldn't climb trees.	False	n/a	n/a
1156.509	0.2	1156509	255	filler_word	123	68	2	delong	unexpected	a	an	cat	owl	82	18	6.1	4.3	Every time they went for walks Sylvia's dog Rex would break into a run as soon as he spotted	but luckily Rex couldn't climb trees.	False	n/a	n/a
1156.994	0.2	1156994	255	filler_word	123	68	2	delong	unexpected	a	an	cat	owl	82	18	6.1	4.3	Every time they went for walks Sylvia's dog Rex would break into a run as soon as he spotted	but luckily Rex couldn't climb trees.	False	n/a	n/a
1157.479	0.2	1157479	255	filler_word	123	68	2	delong	unexpected	a	an	cat	owl	82	18	6.1	4.3	Every time they went for walks Sylvia's dog Rex would break into a run as soon as he spotted	but luckily Rex couldn't climb trees.	False	n/a	n/a
1157.964	0.2	1157964	255	filler_word	123	68	2	delong	unexpected	a	an	cat	owl	82	18	6.1	4.3	Every time they went for walks Sylvia's dog Rex would break into a run as soon as he spotted	but luckily Rex couldn't climb trees.	False	n/a	n/a
1158.45	0.2	1158450	255	filler_word	123	68	2	delong	unexpected	a	an	cat	owl	82	18	6.1	4.3	Every time they went for walks Sylvia's dog Rex would break into a run as soon as he spotted	but luckily Rex couldn't climb trees.	False	n/a	n/a
1158.935	0.2	1158935	255	filler_word	123	68	2	delong	unexpected	a	an	cat	owl	82	18	6.1	4.3	Every time they went for walks Sylvia's dog Rex would break into a run as soon as he spotted	but luckily Rex couldn't climb trees.	False	n/a	n/a
1159.42	0.2	1159420	255	filler_word	123	68	2	delong	unexpected	a	an	cat	owl	82	18	6.1	4.3	Every time they went for walks Sylvia's dog Rex would break into a run as soon as he spotted	but luckily Rex couldn't climb trees.	False	n/a	n/a
1159.905	0.2	1159905	255	filler_word	123	68	2	delong	unexpected	a	an	cat	owl	82	18	6.1	4.3	Every time they went for walks Sylvia's dog Rex would break into a run as soon as he spotted	but luckily Rex couldn't climb trees.	False	n/a	n/a
1160.39	0.2	1160390	201	a_expected	123	68	2	delong	unexpected	a	an	cat	owl	82	18	6.1	4.3	Every time they went for walks Sylvia's dog Rex would break into a run as soon as he spotted	but luckily Rex couldn't climb trees.	False	n/a	n/a
1160.44	0.0	1160440	68	cloze_marker	123	68	2	delong	unexpected	a	an	cat	owl	82	18	6.1	4.3	Every time they went for walks Sylvia's dog Rex would break into a run as soon as he spotted	but luckily Rex couldn't climb trees.	False	n/a	n/a
1160.675	0.0	1160675	170	item_marker	124	70	2	delong	expected	a	an	mirage	ocean	68	16	6.1	3.97	As the men stumbled across the desert they thought they saw an oasis on the horizon but it turned out to be	so they continued walking.	True	Was there an oasis on the horizon?	no
1160.876	0.2	1160876	205	noun_expected	124	70	2	delong	expected	a	an	mirage	ocean	68	16	6.1	3.97	As the men stumbled across the desert they thought they saw an oasis on the horizon but it turned out to be	so they continued walking.	True	Was there an oasis on the horizon?	no
1160.925	0.0	1160925	57	cloze_marker	124	70	2	delong	expected	a	an	mirage	ocean	68	16	6.1	3.97	As the men stumbled across the desert they thought they saw an oasis on the horizon but it turned out to be	so they continued walking.	True	Was there an oasis on the horizon?	no
1161.16	0.0	1161160	170	item_marker	125	70	2	delong	expected	a	an	mirage	ocean	68	16	6.1	3.97	As the men stumbled across the desert they thought they saw an oasis on the horizon but it turned out to be	so they continued walking.	True	Was there an oasis on the horizon?	no
1161.361	0.2	1161361	255	filler_word	125	70	2	delong	expected	a	an	mirage	ocean	68	16	6.1	3.97	As the men stumbled across the desert they thought they saw an oasis on the horizon but it turned out to be	so they continued walking.	True	Was there an oasis on the horizon?	no
1161.846	0.2	1161846	255	filler_word	125	70	2	delong	expected	a	an	mirage	ocean	68	16	6.1	3.97	As the men stumbled across the desert they thought they saw an oasis on the horizon but it turned out to be	so they continued walking.	True	Was there an oasis on the horizon?	no
1162.331	0.2	1162331	255	filler_word	125	70	2	delong	expected	a	an	mirage	ocean	68	16	6.1	3.97	As the men stumbled across the desert they thought they saw an oasis on the horizon but it turned out to be	so they continued walking.	True	Was there an oasis on the horizon?	no
1162.816	0.2	1162816	207	final_expected	125	70	2	delong	expected	a	an	mirage	ocean	68	16	6.1	3.97	As the men stumbled across the desert they thought they saw an oasis on the horizon but it turned out to be	so they continued walking.	True	Was there an oasis on the horizon?	no
1167.618	0.2	1167618	255	filler_word	125	70	2	delong	expected	a	an	mirage	ocean	68	16	6.1	3.97	As the men stumbled across the desert they thought they saw an oasis on the horizon but it turned out to be	so they continued walking.	True	Was there an oasis on the horizon?	no
1168.103	0.2	1168103	255	filler_word	125	70	2	delong	expected	a	an	mirage	ocean	68	16	6.1	3.97	As the men stumbled across the desert they thought they saw an oasis on the horizon but it turned out to be	so they continued walking.	True	Was there an oasis on the horizon?	no
1168.588	0.2	1168588	255	filler_word	125	70	2	delong	expected	a	an	mirage	ocean	68	16	6.1	3.97	As the men stumbled across the desert they thought they saw an oasis on the horizon but it turned out to be	so they continued walking.	True	Was there an oasis on the horizon?	no
1169.073	0.2	1169073	255	filler_word	125	70	2	delong	expected	a	an	mirage	ocean	68	16	6.1	3.97	As the men stumbled across the desert they thought they saw an oasis on the horizon but it turned out to be	so they continued walking.	True	Was there an oasis on the horizon?	no
1169.559	0.2	1169559	255	filler_word	125	70	2	delong	expected	a	an	mirage	ocean	68	16	6.1	3.97	As the men stumbled across the desert they thought they saw an oasis on the horizon but it turned out to be	so they continued walking.	True	Was there an oasis on the horizon?	no
1170.044	0.2	1170044	255	filler_word	125	70	2	delong	expected	a	an	mirage	ocean	68	16	6.1	3.97	As the men stumbled across the desert they thought they saw an oasis on the horizon but it turned out to be	so they continued walking.	True	Was there an oasis on the horizon?	no
1170.529	0.2	1170529	255	filler_word	125	70	2	delong	expected	a	an	mirage	ocean	68	16	6.1	3.97	As the men stumbled across the desert they thought they saw an oasis on the horizon but it turned out to be	so they continued walking.	True	Was there an oasis on the horizon?	no
1171.014	0.2	1171014	255	filler_word	125	70	2	delong	expected	a	an	mirage	ocean	68	16	6.1	3.97	As the men stumbled across the desert they thought they saw an oasis on the horizon but it turned out to be	so they continued walking.	True	Was there an oasis on the horizon?	no
1171.499	0.2	1171499	255	filler_word	125	70	2	delong	expected	a	an	mirage	ocean	68	16	6.1	3.97	As the men stumbled across the desert they thought they saw an oasis on the horizon but it turned out to be	so they continued walking.	True	Was there an oasis on the horizon?	no
1171.985	0.2	1171985	255	filler_word	125	70	2	delong	expected	a	an	mirage	ocean	68	16	6.1	3.97	As the men stumbled across the desert they thought they saw an oasis on the horizon but it turned out to be	so they continued walking.	True	Was there an oasis on the horizon?	no
1172.47	0.2	1172470	255	filler_word	125	70	2	delong	expected	a	an	mirage	ocean	68	16	6.1	3.97	As the men stumbled across the desert they thought they saw an oasis on the horizon but it turned out to be	so they continued walking.	True	Was there an oasis on the horizon?	no
1172.955	0.2	1172955	255	filler_word	125	70	2	delong	expected	a	an	mirage	ocean	68	16	6.1	3.97	As the men stumbled across the desert they thought they saw an oasis on the horizon but it turned out to be	so they continued walking.	True	Was there an oasis on the horizon?	no
1173.44	0.2	1173440	255	filler_word	125	70	2	delong	expected	a	an	mirage	ocean	68	16	6.1	3.97	As the men stumbled across the desert they thought they saw an oasis on the horizon but it turned out to be	so they continued walking.	True	Was there an oasis on the horizon?	no
1173.925	0.2	1173925	255	filler_word	125	70	2	delong	expected	a	an	mirage	ocean	68	16	6.1	3.97	As the men stumbled across the desert they thought they saw an oasis on the horizon but it turned out to be	so they continued walking.	True	Was there an oasis on the horizon?	no
1174.41	0.2	1174410	255	filler_word	125	70	2	delong	expected	a	an	mirage	ocean	68	16	6.1	3.97	As the men stumbled across the desert they thought they saw an oasis on the horizon but it turned out to be	so they continued walking.	True	Was there an oasis on the horizon?	no
1174.896	0.2	1174896	255	filler_word	125	70	2	delong	expected	a	an	mirage	ocean	68	16	6.1	3.97	As the men stumbled across the desert they thought they saw an oasis on the horizon but it turned out to be	so they continued walking.	True	Was there an oasis on the horizon?	no
1175.381	0.2	1175381	255	filler_word	125	70	2	delong	expected	a	an	mirage	ocean	68	16	6.1	3.97	As the men stumbled across the desert they thought they saw an oasis on the horizon but it turned out to be	so they continued walking.	True	Was there an oasis on the horizon?	no
1175.866	0.2	1175866	255	filler_word	125	70	2	delong	expected	a	an	mirage	ocean	68	16	6.1	3.97	As the men stumbled across the desert they thought they saw an oasis on the horizon but it turned out to be	so they continued walking.	True	Was there an oasis on the horizon?	no
1176.351	0.2	1176351	255	filler_word	125	70	2	delong	expected	a	an	mirage	ocean	68	16	6.1	3.97	As the men stumbled across the desert they thought they saw an oasis on the horizon but it turned out to be	so they continued walking.	True	Was there an oasis on the horizon?	no
1176.836	0.2	1176836	255	filler_word	125	70	2	delong	expected	a	an	mirage	ocean	68	16	6.1	3.97	As the men stumbled across the desert they thought they saw an oasis on the horizon but it turned out to be	so they continued walking.	True	Was there an oasis on the horizon?	no
1177.322	0.2	1177322	255	filler_word	125	70	2	delong	expected	a	an	mirage	ocean	68	16	6.1	3.97	As the men stumbled across the desert they thought they saw an oasis on the horizon but it turned out to be	so they continued walking.	True	Was there an oasis on the horizon?	no
1177.807	0.2	1177807	255	filler_word	125	70	2	delong	expected	a	an	mirage	ocean	68	16	6.1	3.97	As the men stumbled across the desert they thought they saw an oasis on the horizon but it turned out to be	so they continued walking.	True	Was there an oasis on the horizon?	no
1178.292	0.2	1178292	255	filler_word	125	70	2	delong	expected	a	an	mirage	ocean	68	16	6.1	3.97	As the men stumbled across the desert they thought they saw an oasis on the horizon but it turned out to be	so they continued walking.	True	Was there an oasis on the horizon?	no
1178.777	0.2	1178777	255	filler_word	125	70	2	delong	expected	a	an	mirage	ocean	68	16	6.1	3.97	As the men stumbled across the desert they thought they saw an oasis on the horizon but it turned out to be	so they continued walking.	True	Was there an oasis on the horizon?	no
1179.262	0.2	1179262	202	an_expected	125	70	2	delong	expected	a	an	mirage	ocean	68	16	6.1	3.97	As the men stumbled across the desert they thought they saw an oasis on the horizon but it turned out to be	so they continued walking.	True	Was there an oasis on the horizon?	no
1179.312	0.0	1179312	73	cloze_marker	125	70	2	delong	expected	a	an	mirage	ocean	68	16	6.1	3.97	As the men stumbled across the desert they thought they saw an oasis on the horizon but it turned out to be	so they continued walking.	True	Was there an oasis on the horizon?	no
1179.547	0.0	1179547	169	item_marker	126	69	2	delong	expected	an	a	ocean	mirage	73	5	5.77	2.7	The first time Timmy saw the Pacific he thought it was a lake but his brother laughed and explained to him that it was	and he should be careful of the waves.	False	n/a	n/a
1179.747	0.2	1179747	205	noun_expected	126	69	2	delong	expected	an	a	ocean	mirage	73	5	5.77	2.7	The first time Timmy saw the Pacific he thought it was a lake but his brother laughed and explained to him that it was	and he should be careful of the waves.	False	n/a	n/a
1179.797	0.0	1179797	93	cloze_marker	126	69	2	delong	expected	an	a	ocean	mirage	73	5	5.77	2.7	The first time Timmy saw the Pacific he thought it was a lake but his brother laughed and explained to him that it was	and he should be careful of the waves.	False	n/a	n/a
1180.032	0.0	1180032	169	item_marker	127	69	2	delong	expected	an	a	ocean	mirage	73	5	5.77	2.7	The first time Timmy saw the Pacific he thought it was a lake but his brother laughed and explained to him that it was	and he should be careful of the waves.	False	n/a	n/a
1180.233	0.2	1180233	255	filler_word	127	69	2	delong	expected	an	a	ocean	mirage	73	5	5.77	2.7	The first time Timmy saw the Pacific he thought it was a lake but his brother laughed and explained to him that it was	and he should be careful of the waves.	False	n/a	n/a
1180.718	0.2	1180718	255	filler_word	127	69	2	delong	expected	an	a	ocean	mirage	73	5	5.77	2.7	The first time Timmy saw the Pacific he thought it was a lake but his brother laughed and explained to him that it was	and he should be careful of the waves.	False	n/a	n/a
1181.203	0.2	1181203	255	filler_word	127	69	2	delong	expected	an	a	ocean	mirage	73	5	5.77	2.7	The first time Timmy saw the Pacific he thought it was a lake but his brother laughed and explained to him that it was	and he should be careful of the waves.	False	n/a	n/a
1181.688	0.2	1181688	255	filler_word	127	69	2	delong	expected	an	a	ocean	mirage	73	5	5.77	2.7	The first time Timmy saw the Pacific he thought it was a lake but his brother laughed and explained to him that it was	and he should be careful of the waves.	False	n/a	n/a
1182.173	0.2	1182173	255	filler_word	127	69	2	delong	expected	an	a	ocean	mirage	73	5	5.77	2.7	The first time Timmy saw the Pacific he thought it was a lake but his brother laughed and explained to him that it was	and he should be careful of the waves.	False	n/a	n/a
1182.659	0.2	1182659	255	filler_word	127	69	2	delong	expected	an	a	ocean	mirage	73	5	5.77	2.7	The first time Timmy saw the Pacific he thought it was a lake but his brother laughed and explained to him that it was	and he should be careful of the waves.	False	n/a	n/a
1183.144	0.2	1183144	255	filler_word	127	69	2	delong	expected	an	a	ocean	mirage	73	5	5.77	2.7	The first time Timmy saw the Pacific he thought it was a lake but his brother laughed and explained to him that it was	and he should be careful of the waves.	False	n/a	n/a
1183.629	0.2	1183629	207	final_expected	127	69	2	delong	expected	an	a	ocean	mirage	73	5	5.77	2.7	The first time Timmy saw the Pacific he thought it was a lake but his brother laughed and explained to him that it was	and he should be careful of the waves.	False	n/a	n/a
1186.523	0.2	1186523	255	filler_word	127	69	2	delong	expected	an	a	ocean	mirage	73	5	5.77	2.7	The first time Timmy saw the Pacific he thought it was a lake but his brother laughed and explained to him that it was	and he should be careful of the waves.	False	n/a	n/a
1187.008	0.2	1187008	255	filler_word	127	69	2	delong	expected	an	a	ocean	mirage	73	5	5.77	2.7	The first time Timmy saw the Pacific he thought it was a lake but his brother laughed and explained to him that it was	and he should be careful of the waves.	False	n/a	n/a
1187.494	0.2	1187494	255	filler_word	127	69	2	delong	expected	an	a	ocean	mirage	73	5	5.77	2.7	The first time Timmy saw the Pacific he thought it was a lake but his brother laughed and explained to him that it was	and he should be careful of the waves.	False	n/a	n/a
1187.979	0.2	1187979	255	filler_word	127	69	2	delong	expected	an	a	ocean	mirage	73	5	5.77	2.7	The first time Timmy saw the Pacific he thought it was a lake but his brother laughed and explained to him that it was	and he should be careful of the waves.	False	n/a	n/a
1188.464	0.2	1188464	255	filler_word	127	69	2	delong	expected	an	a	ocean	mirage	73	5	5.77	2.7	The first time Timmy saw the Pacific he thought it was a lake but his brother laughed and explained to him that it was	and he should be careful of the waves.	False	n/a	n/a
1188.949	0.2	1188949	255	filler_word	127	69	2	delong	expected	an	a	ocean	mirage	73	5	5.77	2.7	The first time Timmy saw the Pacific he thought it was a lake but his brother laughed and explained to him that it was	and he should be careful of the waves.	False	n/a	n/a
1189.434	0.2	1189434	255	filler_word	127	69	2	delong	expected	an	a	ocean	mirage	73	5	5.77	2.7	The first time Timmy saw the Pacific he thought it was a lake but his brother laughed and explained to him that it was	and he should be careful of the waves.	False	n/a	n/a
1189.919	0.2	1189919	255	filler_word	127	69	2	delong	expected	an	a	ocean	mirage	73	5	5.77	2.7	The first time Timmy saw the Pacific he thought it was a lake but his brother laughed and explained to him that it was	and he should be careful of the waves.	False	n/a	n/a
1190.405	0.2	1190405	255	filler_word	127	69	2	delong	expected	an	a	ocean	mirage	73	5	5.77	2.7	The first time Timmy saw the Pacific he thought it was a lake but his brother laughed and explained to him that it was	and he should be careful of the waves.	False	n/a	n/a
1190.89	0.2	1190890	255	filler_word	127	69	2	delong	expected	an	a	ocean	mirage	73	5	5.77	2.7	The first time Timmy saw the Pacific he thought it was a lake but his brother laughed and explained to him that it was	and he should be careful of the waves.	False	n/a	n/a
1191.375	0.2	1191375	255	filler_word	127	69	2	delong	expected	an	a	ocean	mirage	73	5	5.77	2.7	The first time Timmy saw the Pacific he thought it was a lake but his brother laughed and explained to him that it was	and he should be careful of the waves.	False	n/a	n/a
1191.86	0.2	1191860	255	filler_word	127	69	2	delong	expected	an	a	ocean	mirage	73	5	5.77	2.7	The first time Timmy saw the Pacific he thought it was a lake but his brother laughed and explained to him that it was	and he should be careful of the waves.	False	n/a	n/a
1192.345	0.2	1192345	255	filler_word	127	69	2	delong	expected	an	a	ocean	mirage	73	5	5.77	2.7	The first time Timmy saw the Pacific he thought it was a lake but his brother laughed and explained to him that it was	and he should be careful of the waves.	False	n/a	n/a
1192.831	0.2	1192831	201	a_expected	127	69	2	delong	expected	an	a	ocean	mirage	73	5	5.77	2.7	The first time Timmy saw the Pacific he thought it was a lake but his brother laughed and explained to him that it was	and he should be careful of the waves.	False	n/a	n/a
1192.881	0.0	1192881	80	cloze_marker	127	69	2	delong	expected	an	a	ocean	mirage	73	5	5.77	2.7	The first time Timmy saw the Pacific he thought it was a lake but his brother laughed and explained to him that it was	and he should be careful of the waves.	False	n/a	n/a
1193.115	0.0	1193115	174	item_marker	128	74	2	delong	expected	a	an	flower	animal	80	0	6.27	2.58	While Natasha was strolling through the colourful gardens she reached down and picked	up off the ground.	True	Was Natasha in the gardens? 	yes
1193.316	0.2	1193316	205	noun_expected	128	74	2	delong	expected	a	an	flower	animal	80	0	6.27	2.58	While Natasha was strolling through the colourful gardens she reached down and picked	up off the ground.	True	Was Natasha in the gardens? 	yes
1193.366	0.0	1193366	93	cloze_marker	128	74	2	delong	expected	a	an	flower	animal	80	0	6.27	2.58	While Natasha was strolling through the colourful gardens she reached down and picked	up off the ground.	True	Was Natasha in the gardens? 	yes
1193.6	0.0	1193600	174	item_marker	129	74	2	delong	expected	a	an	flower	animal	80	0	6.27	2.58	While Natasha was strolling through the colourful gardens she reached down and picked	up off the ground.	True	Was Natasha in the gardens? 	yes
1193.801	0.2	1193801	255	filler_word	129	74	2	delong	expected	a	an	flower	animal	80	0	6.27	2.58	While Natasha was strolling through the colourful gardens she reached down and picked	up off the ground.	True	Was Natasha in the gardens? 	yes
1194.286	0.2	1194286	255	filler_word	129	74	2	delong	expected	a	an	flower	animal	80	0	6.27	2.58	While Natasha was strolling through the colourful gardens she reached down and picked	up off the ground.	True	Was Natasha in the gardens? 	yes
1194.771	0.2	1194771	255	filler_word	129	74	2	delong	expected	a	an	flower	animal	80	0	6.27	2.58	While Natasha was strolling through the colourful gardens she reached down and picked	up off the ground.	True	Was Natasha in the gardens? 	yes
1195.256	0.2	1195256	207	final_expected	129	74	2	delong	expected	a	an	flower	animal	80	0	6.27	2.58	While Natasha was strolling through the colourful gardens she reached down and picked	up off the ground.	True	Was Natasha in the gardens? 	yes
1199.841	0.2	1199841	255	filler_word	129	74	2	delong	expected	a	an	flower	animal	80	0	6.27	2.58	While Natasha was strolling through the colourful gardens she reached down and picked	up off the ground.	True	Was Natasha in the gardens? 	yes
1200.326	0.2	1200326	255	filler_word	129	74	2	delong	expected	a	an	flower	animal	80	0	6.27	2.58	While Natasha was strolling through the colourful gardens she reached down and picked	up off the ground.	True	Was Natasha in the gardens? 	yes
1200.811	0.2	1200811	255	filler_word	129	74	2	delong	expected	a	an	flower	animal	80	0	6.27	2.58	While Natasha was strolling through the colourful gardens she reached down and picked	up off the ground.	True	Was Natasha in the gardens? 	yes
1201.296	0.2	1201296	255	filler_word	129	74	2	delong	expected	a	an	flower	animal	80	0	6.27	2.58	While Natasha was strolling through the colourful gardens she reached down and picked	up off the ground.	True	Was Natasha in the gardens? 	yes
1201.781	0.2	1201781	255	filler_word	129	74	2	delong	expected	a	an	flower	animal	80	0	6.27	2.58	While Natasha was strolling through the colourful gardens she reached down and picked	up off the ground.	True	Was Natasha in the gardens? 	yes
1202.267	0.2	1202267	255	filler_word	129	74	2	delong	expected	a	an	flower	animal	80	0	6.27	2.58	While Natasha was strolling through the colourful gardens she reached down and picked	up off the ground.	True	Was Natasha in the gardens? 	yes
1202.752	0.2	1202752	255	filler_word	129	74	2	delong	expected	a	an	flower	animal	80	0	6.27	2.58	While Natasha was strolling through the colourful gardens she reached down and picked	up off the ground.	True	Was Natasha in the gardens? 	yes
1203.237	0.2	1203237	255	filler_word	129	74	2	delong	expected	a	an	flower	animal	80	0	6.27	2.58	While Natasha was strolling through the colourful gardens she reached down and picked	up off the ground.	True	Was Natasha in the gardens? 	yes
1203.722	0.2	1203722	255	filler_word	129	74	2	delong	expected	a	an	flower	animal	80	0	6.27	2.58	While Natasha was strolling through the colourful gardens she reached down and picked	up off the ground.	True	Was Natasha in the gardens? 	yes
1204.207	0.2	1204207	255	filler_word	129	74	2	delong	expected	a	an	flower	animal	80	0	6.27	2.58	While Natasha was strolling through the colourful gardens she reached down and picked	up off the ground.	True	Was Natasha in the gardens? 	yes
1204.692	0.2	1204692	255	filler_word	129	74	2	delong	expected	a	an	flower	animal	80	0	6.27	2.58	While Natasha was strolling through the colourful gardens she reached down and picked	up off the ground.	True	Was Natasha in the gardens? 	yes
1205.178	0.2	1205178	255	filler_word	129	74	2	delong	expected	a	an	flower	animal	80	0	6.27	2.58	While Natasha was strolling through the colourful gardens she reached down and picked	up off the ground.	True	Was Natasha in the gardens? 	yes
1205.663	0.2	1205663	255	filler_word	129	74	2	delong	expected	a	an	flower	animal	80	0	6.27	2.58	While Natasha was strolling through the colourful gardens she reached down and picked	up off the ground.	True	Was Natasha in the gardens? 	yes
1206.148	0.2	1206148	201	a_expected	129	74	2	delong	expected	a	an	flower	animal	80	0	6.27	2.58	While Natasha was strolling through the colourful gardens she reached down and picked	up off the ground.	True	Was Natasha in the gardens? 	yes
1206.198	0.0	1206198	98	cloze_marker	129	74	2	delong	expected	a	an	flower	animal	80	0	6.27	2.58	While Natasha was strolling through the colourful gardens she reached down and picked	up off the ground.	True	Was Natasha in the gardens? 	yes
1206.432	0.0	1206432	162	item_marker	130	62	2	delong	expected	a	an	coach	offense	98	0	6.0	3.3	Ever since Mr.Barnes had moved away Bobby's football team had been left without	and thus lost all their games.	False	n/a	n/a
1206.633	0.2	1206633	205	noun_expected	130	62	2	delong	expected	a	an	coach	offense	98	0	6.0	3.3	Ever since Mr.Barnes had moved away Bobby's football team had been left without	and thus lost all their games.	False	n/a	n/a
1206.683	0.0	1206683	70	cloze_marker	130	62	2	delong	expected	a	an	coach	offense	98	0	6.0	3.3	Ever since Mr.Barnes had moved away Bobby's football team had been left without	and thus lost all their games.	False	n/a	n/a
1206.918	0.0	1206918	162	item_marker	131	62	2	delong	expected	a	an	coach	offense	98	0	6.0	3.3	Ever since Mr.Barnes had moved away Bobby's football team had been left without	and thus lost all their games.	False	n/a	n/a
1207.118	0.2	1207118	255	filler_word	131	62	2	delong	expected	a	an	coach	offense	98	0	6.0	3.3	Ever since Mr.Barnes had moved away Bobby's football team had been left without	and thus lost all their games.	False	n/a	n/a
1207.604	0.2	1207604	255	filler_word	131	62	2	delong	expected	a	an	coach	offense	98	0	6.0	3.3	Ever since Mr.Barnes had moved away Bobby's football team had been left without	and thus lost all their games.	False	n/a	n/a
1208.089	0.2	1208089	255	filler_word	131	62	2	delong	expected	a	an	coach	offense	98	0	6.0	3.3	Ever since Mr.Barnes had moved away Bobby's football team had been left without	and thus lost all their games.	False	n/a	n/a
1208.574	0.2	1208574	255	filler_word	131	62	2	delong	expected	a	an	coach	offense	98	0	6.0	3.3	Ever since Mr.Barnes had moved away Bobby's football team had been left without	and thus lost all their games.	False	n/a	n/a
1209.059	0.2	1209059	255	filler_word	131	62	2	delong	expected	a	an	coach	offense	98	0	6.0	3.3	Ever since Mr.Barnes had moved away Bobby's football team had been left without	and thus lost all their games.	False	n/a	n/a
1209.544	0.2	1209544	207	final_expected	131	62	2	delong	expected	a	an	coach	offense	98	0	6.0	3.3	Ever since Mr.Barnes had moved away Bobby's football team had been left without	and thus lost all their games.	False	n/a	n/a
1212.004	0.2	1212004	255	filler_word	131	62	2	delong	expected	a	an	coach	offense	98	0	6.0	3.3	Ever since Mr.Barnes had moved away Bobby's football team had been left without	and thus lost all their games.	False	n/a	n/a
1212.489	0.2	1212489	255	filler_word	131	62	2	delong	expected	a	an	coach	offense	98	0	6.0	3.3	Ever since Mr.Barnes had moved away Bobby's football team had been left without	and thus lost all their games.	False	n/a	n/a
1212.974	0.2	1212974	255	filler_word	131	62	2	delong	expected	a	an	coach	offense	98	0	6.0	3.3	Ever since Mr.Barnes had moved away Bobby's football team had been left without	and thus lost all their games.	False	n/a	n/a
1213.459	0.2	1213459	255	filler_word	131	62	2	delong	expected	a	an	coach	offense	98	0	6.0	3.3	Ever since Mr.Barnes had moved away Bobby's football team had been left without	and thus lost all their games.	False	n/a	n/a
1213.944	0.2	1213944	255	filler_word	131	62	2	delong	expected	a	an	coach	offense	98	0	6.0	3.3	Ever since Mr.Barnes had moved away Bobby's football team had been left without	and thus lost all their games.	False	n/a	n/a
1214.43	0.2	1214430	255	filler_word	131	62	2	delong	expected	a	an	coach	offense	98	0	6.0	3.3	Ever since Mr.Barnes had moved away Bobby's football team had been left without	and thus lost all their games.	False	n/a	n/a
1214.915	0.2	1214915	255	filler_word	131	62	2	delong	expected	a	an	coach	offense	98	0	6.0	3.3	Ever since Mr.Barnes had moved away Bobby's football team had been left without	and thus lost all their games.	False	n/a	n/a
1215.4	0.2	1215400	255	filler_word	131	62	2	delong	expected	a	an	coach	offense	98	0	6.0	3.3	Ever since Mr.Barnes had moved away Bobby's football team had been left without	and thus lost all their games.	False	n/a	n/a
1215.885	0.2	1215885	255	filler_word	131	62	2	delong	expected	a	an	coach	offense	98	0	6.0	3.3	Ever since Mr.Barnes had moved away Bobby's football team had been left without	and thus lost all their games.	False	n/a	n/a
1216.37	0.2	1216370	255	filler_word	131	62	2	delong	expected	a	an	coach	offense	98	0	6.0	3.3	Ever since Mr.Barnes had moved away Bobby's football team had been left without	and thus lost all their games.	False	n/a	n/a
1216.855	0.2	1216855	255	filler_word	131	62	2	delong	expected	a	an	coach	offense	98	0	6.0	3.3	Ever since Mr.Barnes had moved away Bobby's football team had been left without	and thus lost all their games.	False	n/a	n/a
1217.341	0.2	1217341	255	filler_word	131	62	2	delong	expected	a	an	coach	offense	98	0	6.0	3.3	Ever since Mr.Barnes had moved away Bobby's football team had been left without	and thus lost all their games.	False	n/a	n/a
1217.826	0.2	1217826	255	filler_word	131	62	2	delong	expected	a	an	coach	offense	98	0	6.0	3.3	Ever since Mr.Barnes had moved away Bobby's football team had been left without	and thus lost all their games.	False	n/a	n/a
1218.311	0.2	1218311	255	filler_word	131	62	2	delong	expected	a	an	coach	offense	98	0	6.0	3.3	Ever since Mr.Barnes had moved away Bobby's football team had been left without	and thus lost all their games.	False	n/a	n/a
1218.796	0.2	1218796	202	an_expected	131	62	2	delong	expected	a	an	coach	offense	98	0	6.0	3.3	Ever since Mr.Barnes had moved away Bobby's football team had been left without	and thus lost all their games.	False	n/a	n/a
1218.846	0.0	1218846	77	cloze_marker	131	62	2	delong	expected	a	an	coach	offense	98	0	6.0	3.3	Ever since Mr.Barnes had moved away Bobby's football team had been left without	and thus lost all their games.	False	n/a	n/a
1219.081	0.0	1219081	173	item_marker	132	73	2	delong	expected	an	a	animal	flower	77	18	4.67	5.84	Carly wasn't sure if the Venus flytrap was classified as a plant or as	but it seemed to have characteristics of both.	False	n/a	n/a
1219.281	0.2	1219281	205	noun_expected	132	73	2	delong	expected	an	a	animal	flower	77	18	4.67	5.84	Carly wasn't sure if the Venus flytrap was classified as a plant or as	but it seemed to have characteristics of both.	False	n/a	n/a
1219.331	0.0	1219331	80	cloze_marker	132	73	2	delong	expected	an	a	animal	flower	77	18	4.67	5.84	Carly wasn't sure if the Venus flytrap was classified as a plant or as	but it seemed to have characteristics of both.	False	n/a	n/a
1219.566	0.0	1219566	173	item_marker	133	73	2	delong	expected	an	a	animal	flower	77	18	4.67	5.84	Carly wasn't sure if the Venus flytrap was classified as a plant or as	but it seemed to have characteristics of both.	False	n/a	n/a
1219.767	0.2	1219767	255	filler_word	133	73	2	delong	expected	an	a	animal	flower	77	18	4.67	5.84	Carly wasn't sure if the Venus flytrap was classified as a plant or as	but it seemed to have characteristics of both.	False	n/a	n/a
1220.252	0.2	1220252	255	filler_word	133	73	2	delong	expected	an	a	animal	flower	77	18	4.67	5.84	Carly wasn't sure if the Venus flytrap was classified as a plant or as	but it seemed to have characteristics of both.	False	n/a	n/a
1220.737	0.2	1220737	255	filler_word	133	73	2	delong	expected	an	a	animal	flower	77	18	4.67	5.84	Carly wasn't sure if the Venus flytrap was classified as a plant or as	but it seemed to have characteristics of both.	False	n/a	n/a
1221.222	0.2	1221222	255	filler_word	133	73	2	delong	expected	an	a	animal	flower	77	18	4.67	5.84	Carly wasn't sure if the Venus flytrap was classified as a plant or as	but it seemed to have characteristics of both.	False	n/a	n/a
1221.707	0.2	1221707	255	filler_word	133	73	2	delong	expected	an	a	animal	flower	77	18	4.67	5.84	Carly wasn't sure if the Venus flytrap was classified as a plant or as	but it seemed to have characteristics of both.	False	n/a	n/a
1222.192	0.2	1222192	255	filler_word	133	73	2	delong	expected	an	a	animal	flower	77	18	4.67	5.84	Carly wasn't sure if the Venus flytrap was classified as a plant or as	but it seemed to have characteristics of both.	False	n/a	n/a
1222.678	0.2	1222678	255	filler_word	133	73	2	delong	expected	an	a	animal	flower	77	18	4.67	5.84	Carly wasn't sure if the Venus flytrap was classified as a plant or as	but it seemed to have characteristics of both.	False	n/a	n/a
1223.163	0.2	1223163	207	final_expected	133	73	2	delong	expected	an	a	animal	flower	77	18	4.67	5.84	Carly wasn't sure if the Venus flytrap was classified as a plant or as	but it seemed to have characteristics of both.	False	n/a	n/a
1225.438	0.2	1225438	255	filler_word	133	73	2	delong	expected	an	a	animal	flower	77	18	4.67	5.84	Carly wasn't sure if the Venus flytrap was classified as a plant or as	but it seemed to have characteristics of both.	False	n/a	n/a
1225.923	0.2	1225923	255	filler_word	133	73	2	delong	expected	an	a	animal	flower	77	18	4.67	5.84	Carly wasn't sure if the Venus flytrap was classified as a plant or as	but it seemed to have characteristics of both.	False	n/a	n/a
1226.408	0.2	1226408	255	filler_word	133	73	2	delong	expected	an	a	animal	flower	77	18	4.67	5.84	Carly wasn't sure if the Venus flytrap was classified as a plant or as	but it seemed to have characteristics of both.	False	n/a	n/a
1226.894	0.2	1226894	255	filler_word	133	73	2	delong	expected	an	a	animal	flower	77	18	4.67	5.84	Carly wasn't sure if the Venus flytrap was classified as a plant or as	but it seemed to have characteristics of both.	False	n/a	n/a
1227.379	0.2	1227379	255	filler_word	133	73	2	delong	expected	an	a	animal	flower	77	18	4.67	5.84	Carly wasn't sure if the Venus flytrap was classified as a plant or as	but it seemed to have characteristics of both.	False	n/a	n/a
1227.864	0.2	1227864	255	filler_word	133	73	2	delong	expected	an	a	animal	flower	77	18	4.67	5.84	Carly wasn't sure if the Venus flytrap was classified as a plant or as	but it seemed to have characteristics of both.	False	n/a	n/a
1228.349	0.2	1228349	255	filler_word	133	73	2	delong	expected	an	a	animal	flower	77	18	4.67	5.84	Carly wasn't sure if the Venus flytrap was classified as a plant or as	but it seemed to have characteristics of both.	False	n/a	n/a
1228.834	0.2	1228834	255	filler_word	133	73	2	delong	expected	an	a	animal	flower	77	18	4.67	5.84	Carly wasn't sure if the Venus flytrap was classified as a plant or as	but it seemed to have characteristics of both.	False	n/a	n/a
1229.32	0.2	1229320	255	filler_word	133	73	2	delong	expected	an	a	animal	flower	77	18	4.67	5.84	Carly wasn't sure if the Venus flytrap was classified as a plant or as	but it seemed to have characteristics of both.	False	n/a	n/a
1229.805	0.2	1229805	255	filler_word	133	73	2	delong	expected	an	a	animal	flower	77	18	4.67	5.84	Carly wasn't sure if the Venus flytrap was classified as a plant or as	but it seemed to have characteristics of both.	False	n/a	n/a
1230.29	0.2	1230290	255	filler_word	133	73	2	delong	expected	an	a	animal	flower	77	18	4.67	5.84	Carly wasn't sure if the Venus flytrap was classified as a plant or as	but it seemed to have characteristics of both.	False	n/a	n/a
1230.775	0.2	1230775	255	filler_word	133	73	2	delong	expected	an	a	animal	flower	77	18	4.67	5.84	Carly wasn't sure if the Venus flytrap was classified as a plant or as	but it seemed to have characteristics of both.	False	n/a	n/a
1231.26	0.2	1231260	255	filler_word	133	73	2	delong	expected	an	a	animal	flower	77	18	4.67	5.84	Carly wasn't sure if the Venus flytrap was classified as a plant or as	but it seemed to have characteristics of both.	False	n/a	n/a
1231.745	0.2	1231745	255	filler_word	133	73	2	delong	expected	an	a	animal	flower	77	18	4.67	5.84	Carly wasn't sure if the Venus flytrap was classified as a plant or as	but it seemed to have characteristics of both.	False	n/a	n/a
1232.231	0.2	1232231	255	filler_word	133	73	2	delong	expected	an	a	animal	flower	77	18	4.67	5.84	Carly wasn't sure if the Venus flytrap was classified as a plant or as	but it seemed to have characteristics of both.	False	n/a	n/a
1232.716	0.2	1232716	255	filler_word	133	73	2	delong	expected	an	a	animal	flower	77	18	4.67	5.84	Carly wasn't sure if the Venus flytrap was classified as a plant or as	but it seemed to have characteristics of both.	False	n/a	n/a
1233.201	0.2	1233201	255	filler_word	133	73	2	delong	expected	an	a	animal	flower	77	18	4.67	5.84	Carly wasn't sure if the Venus flytrap was classified as a plant or as	but it seemed to have characteristics of both.	False	n/a	n/a
1233.686	0.2	1233686	204	an_unexpected	133	73	2	delong	expected	an	a	animal	flower	77	18	4.67	5.84	Carly wasn't sure if the Venus flytrap was classified as a plant or as	but it seemed to have characteristics of both.	False	n/a	n/a
1233.736	0.0	1233736	11	cloze_marker	133	73	2	delong	expected	an	a	animal	flower	77	18	4.67	5.84	Carly wasn't sure if the Venus flytrap was classified as a plant or as	but it seemed to have characteristics of both.	False	n/a	n/a
1233.971	0.0	1233971	164	item_marker	134	64	2	delong	unexpected	a	an	name	idea	68	11	5.67	5.77	The guys didn't know what to call their band so Trent told everyone to come up with	and they would vote.	True	Did Trent suggest to vote?	yes
1234.171	0.2	1234171	206	noun_unexpected	134	64	2	delong	unexpected	a	an	name	idea	68	11	5.67	5.77	The guys didn't know what to call their band so Trent told everyone to come up with	and they would vote.	True	Did Trent suggest to vote?	yes
1234.221	0.0	1234221	77	cloze_marker	134	64	2	delong	unexpected	a	an	name	idea	68	11	5.67	5.77	The guys didn't know what to call their band so Trent told everyone to come up with	and they would vote.	True	Did Trent suggest to vote?	yes
1234.456	0.0	1234456	164	item_marker	135	64	2	delong	unexpected	a	an	name	idea	68	11	5.67	5.77	The guys didn't know what to call their band so Trent told everyone to come up with	and they would vote.	True	Did Trent suggest to vote?	yes
1234.657	0.2	1234657	255	filler_word	135	64	2	delong	unexpected	a	an	name	idea	68	11	5.67	5.77	The guys didn't know what to call their band so Trent told everyone to come up with	and they would vote.	True	Did Trent suggest to vote?	yes
1235.142	0.2	1235142	255	filler_word	135	64	2	delong	unexpected	a	an	name	idea	68	11	5.67	5.77	The guys didn't know what to call their band so Trent told everyone to come up with	and they would vote.	True	Did Trent suggest to vote?	yes
1235.627	0.2	1235627	255	filler_word	135	64	2	delong	unexpected	a	an	name	idea	68	11	5.67	5.77	The guys didn't know what to call their band so Trent told everyone to come up with	and they would vote.	True	Did Trent suggest to vote?	yes
1236.112	0.2	1236112	208	final_unexpected	135	64	2	delong	unexpected	a	an	name	idea	68	11	5.67	5.77	The guys didn't know what to call their band so Trent told everyone to come up with	and they would vote.	True	Did Trent suggest to vote?	yes
1240.579	0.2	1240579	255	filler_word	135	64	2	delong	unexpected	a	an	name	idea	68	11	5.67	5.77	The guys didn't know what to call their band so Trent told everyone to come up with	and they would vote.	True	Did Trent suggest to vote?	yes
1241.064	0.2	1241064	255	filler_word	135	64	2	delong	unexpected	a	an	name	idea	68	11	5.67	5.77	The guys didn't know what to call their band so Trent told everyone to come up with	and they would vote.	True	Did Trent suggest to vote?	yes
1241.549	0.2	1241549	255	filler_word	135	64	2	delong	unexpected	a	an	name	idea	68	11	5.67	5.77	The guys didn't know what to call their band so Trent told everyone to come up with	and they would vote.	True	Did Trent suggest to vote?	yes
1242.035	0.2	1242035	255	filler_word	135	64	2	delong	unexpected	a	an	name	idea	68	11	5.67	5.77	The guys didn't know what to call their band so Trent told everyone to come up with	and they would vote.	True	Did Trent suggest to vote?	yes
1242.52	0.2	1242520	255	filler_word	135	64	2	delong	unexpected	a	an	name	idea	68	11	5.67	5.77	The guys didn't know what to call their band so Trent told everyone to come up with	and they would vote.	True	Did Trent suggest to vote?	yes
1243.005	0.2	1243005	255	filler_word	135	64	2	delong	unexpected	a	an	name	idea	68	11	5.67	5.77	The guys didn't know what to call their band so Trent told everyone to come up with	and they would vote.	True	Did Trent suggest to vote?	yes
1243.49	0.2	1243490	255	filler_word	135	64	2	delong	unexpected	a	an	name	idea	68	11	5.67	5.77	The guys didn't know what to call their band so Trent told everyone to come up with	and they would vote.	True	Did Trent suggest to vote?	yes
1243.975	0.2	1243975	255	filler_word	135	64	2	delong	unexpected	a	an	name	idea	68	11	5.67	5.77	The guys didn't know what to call their band so Trent told everyone to come up with	and they would vote.	True	Did Trent suggest to vote?	yes
1244.461	0.2	1244461	255	filler_word	135	64	2	delong	unexpected	a	an	name	idea	68	11	5.67	5.77	The guys didn't know what to call their band so Trent told everyone to come up with	and they would vote.	True	Did Trent suggest to vote?	yes
1244.946	0.2	1244946	255	filler_word	135	64	2	delong	unexpected	a	an	name	idea	68	11	5.67	5.77	The guys didn't know what to call their band so Trent told everyone to come up with	and they would vote.	True	Did Trent suggest to vote?	yes
1245.431	0.2	1245431	255	filler_word	135	64	2	delong	unexpected	a	an	name	idea	68	11	5.67	5.77	The guys didn't know what to call their band so Trent told everyone to come up with	and they would vote.	True	Did Trent suggest to vote?	yes
1245.916	0.2	1245916	255	filler_word	135	64	2	delong	unexpected	a	an	name	idea	68	11	5.67	5.77	The guys didn't know what to call their band so Trent told everyone to come up with	and they would vote.	True	Did Trent suggest to vote?	yes
1246.401	0.2	1246401	255	filler_word	135	64	2	delong	unexpected	a	an	name	idea	68	11	5.67	5.77	The guys didn't know what to call their band so Trent told everyone to come up with	and they would vote.	True	Did Trent suggest to vote?	yes
1246.886	0.2	1246886	255	filler_word	135	64	2	delong	unexpected	a	an	name	idea	68	11	5.67	5.77	The guys didn't know what to call their band so Trent told everyone to come up with	and they would vote.	True	Did Trent suggest to vote?	yes
1247.372	0.2	1247372	255	filler_word	135	64	2	delong	unexpected	a	an	name	idea	68	11	5.67	5.77	The guys didn't know what to call their band so Trent told everyone to come up with	and they would vote.	True	Did Trent suggest to vote?	yes
1247.857	0.2	1247857	255	filler_word	135	64	2	delong	unexpected	a	an	name	idea	68	11	5.67	5.77	The guys didn't know what to call their band so Trent told everyone to come up with	and they would vote.	True	Did Trent suggest to vote?	yes
1248.342	0.2	1248342	255	filler_word	135	64	2	delong	unexpected	a	an	name	idea	68	11	5.67	5.77	The guys didn't know what to call their band so Trent told everyone to come up with	and they would vote.	True	Did Trent suggest to vote?	yes
1248.827	0.2	1248827	255	filler_word	135	64	2	delong	unexpected	a	an	name	idea	68	11	5.67	5.77	The guys didn't know what to call their band so Trent told everyone to come up with	and they would vote.	True	Did Trent suggest to vote?	yes
1249.312	0.2	1249312	255	filler_word	135	64	2	delong	unexpected	a	an	name	idea	68	11	5.67	5.77	The guys didn't know what to call their band so Trent told everyone to come up with	and they would vote.	True	Did Trent suggest to vote?	yes
1249.798	0.2	1249798	255	filler_word	135	64	2	delong	unexpected	a	an	name	idea	68	11	5.67	5.77	The guys didn't know what to call their band so Trent told everyone to come up with	and they would vote.	True	Did Trent suggest to vote?	yes
1250.283	0.2	1250283	255	filler_word	135	64	2	delong	unexpected	a	an	name	idea	68	11	5.67	5.77	The guys didn't know what to call their band so Trent told everyone to come up with	and they would vote.	True	Did Trent suggest to vote?	yes
1250.768	0.2	1250768	255	filler_word	135	64	2	delong	unexpected	a	an	name	idea	68	11	5.67	5.77	The guys didn't know what to call their band so Trent told everyone to come up with	and they would vote.	True	Did Trent suggest to vote?	yes
1251.253	0.2	1251253	255	filler_word	135	64	2	delong	unexpected	a	an	name	idea	68	11	5.67	5.77	The guys didn't know what to call their band so Trent told everyone to come up with	and they would vote.	True	Did Trent suggest to vote?	yes
1251.738	0.2	1251738	204	an_unexpected	135	64	2	delong	unexpected	a	an	name	idea	68	11	5.67	5.77	The guys didn't know what to call their band so Trent told everyone to come up with	and they would vote.	True	Did Trent suggest to vote?	yes
1251.788	0.0	1251788	5	cloze_marker	135	64	2	delong	unexpected	a	an	name	idea	68	11	5.67	5.77	The guys didn't know what to call their band so Trent told everyone to come up with	and they would vote.	True	Did Trent suggest to vote?	yes
1252.023	0.0	1252023	180	item_marker	136	80	2	delong	unexpected	a	an	tourist	alien	95	5	5.9	2.07	With his khaki shorts and his loud Hawaiian shirt and the camera around his neck you could definitely tell that the man was	in the country.	False	n/a	n/a
1252.223	0.2	1252223	206	noun_unexpected	136	80	2	delong	unexpected	a	an	tourist	alien	95	5	5.9	2.07	With his khaki shorts and his loud Hawaiian shirt and the camera around his neck you could definitely tell that the man was	in the country.	False	n/a	n/a
1252.273	0.0	1252273	200	cloze_marker	136	80	2	delong	unexpected	a	an	tourist	alien	95	5	5.9	2.07	With his khaki shorts and his loud Hawaiian shirt and the camera around his neck you could definitely tell that the man was	in the country.	False	n/a	n/a
1252.508	0.0	1252508	180	item_marker	137	80	2	delong	unexpected	a	an	tourist	alien	95	5	5.9	2.07	With his khaki shorts and his loud Hawaiian shirt and the camera around his neck you could definitely tell that the man was	in the country.	False	n/a	n/a
1252.709	0.2	1252709	255	filler_word	137	80	2	delong	unexpected	a	an	tourist	alien	95	5	5.9	2.07	With his khaki shorts and his loud Hawaiian shirt and the camera around his neck you could definitely tell that the man was	in the country.	False	n/a	n/a
1253.194	0.2	1253194	255	filler_word	137	80	2	delong	unexpected	a	an	tourist	alien	95	5	5.9	2.07	With his khaki shorts and his loud Hawaiian shirt and the camera around his neck you could definitely tell that the man was	in the country.	False	n/a	n/a
1253.679	0.2	1253679	208	final_unexpected	137	80	2	delong	unexpected	a	an	tourist	alien	95	5	5.9	2.07	With his khaki shorts and his loud Hawaiian shirt and the camera around his neck you could definitely tell that the man was	in the country.	False	n/a	n/a
1256.088	0.2	1256088	255	filler_word	137	80	2	delong	unexpected	a	an	tourist	alien	95	5	5.9	2.07	With his khaki shorts and his loud Hawaiian shirt and the camera around his neck you could definitely tell that the man was	in the country.	False	n/a	n/a
1256.573	0.2	1256573	255	filler_word	137	80	2	delong	unexpected	a	an	tourist	alien	95	5	5.9	2.07	With his khaki shorts and his loud Hawaiian shirt and the camera around his neck you could definitely tell that the man was	in the country.	False	n/a	n/a
1257.059	0.2	1257059	255	filler_word	137	80	2	delong	unexpected	a	an	tourist	alien	95	5	5.9	2.07	With his khaki shorts and his loud Hawaiian shirt and the camera around his neck you could definitely tell that the man was	in the country.	False	n/a	n/a
1257.544	0.2	1257544	255	filler_word	137	80	2	delong	unexpected	a	an	tourist	alien	95	5	5.9	2.07	With his khaki shorts and his loud Hawaiian shirt and the camera around his neck you could definitely tell that the man was	in the country.	False	n/a	n/a
1258.029	0.2	1258029	255	filler_word	137	80	2	delong	unexpected	a	an	tourist	alien	95	5	5.9	2.07	With his khaki shorts and his loud Hawaiian shirt and the camera around his neck you could definitely tell that the man was	in the country.	False	n/a	n/a
1258.514	0.2	1258514	255	filler_word	137	80	2	delong	unexpected	a	an	tourist	alien	95	5	5.9	2.07	With his khaki shorts and his loud Hawaiian shirt and the camera around his neck you could definitely tell that the man was	in the country.	False	n/a	n/a
1258.999	0.2	1258999	255	filler_word	137	80	2	delong	unexpected	a	an	tourist	alien	95	5	5.9	2.07	With his khaki shorts and his loud Hawaiian shirt and the camera around his neck you could definitely tell that the man was	in the country.	False	n/a	n/a
1259.484	0.2	1259484	255	filler_word	137	80	2	delong	unexpected	a	an	tourist	alien	95	5	5.9	2.07	With his khaki shorts and his loud Hawaiian shirt and the camera around his neck you could definitely tell that the man was	in the country.	False	n/a	n/a
1259.97	0.2	1259970	255	filler_word	137	80	2	delong	unexpected	a	an	tourist	alien	95	5	5.9	2.07	With his khaki shorts and his loud Hawaiian shirt and the camera around his neck you could definitely tell that the man was	in the country.	False	n/a	n/a
1260.455	0.2	1260455	255	filler_word	137	80	2	delong	unexpected	a	an	tourist	alien	95	5	5.9	2.07	With his khaki shorts and his loud Hawaiian shirt and the camera around his neck you could definitely tell that the man was	in the country.	False	n/a	n/a
1260.94	0.2	1260940	255	filler_word	137	80	2	delong	unexpected	a	an	tourist	alien	95	5	5.9	2.07	With his khaki shorts and his loud Hawaiian shirt and the camera around his neck you could definitely tell that the man was	in the country.	False	n/a	n/a
1261.425	0.2	1261425	255	filler_word	137	80	2	delong	unexpected	a	an	tourist	alien	95	5	5.9	2.07	With his khaki shorts and his loud Hawaiian shirt and the camera around his neck you could definitely tell that the man was	in the country.	False	n/a	n/a
1261.91	0.2	1261910	203	a_unexpected	137	80	2	delong	unexpected	a	an	tourist	alien	95	5	5.9	2.07	With his khaki shorts and his loud Hawaiian shirt and the camera around his neck you could definitely tell that the man was	in the country.	False	n/a	n/a
1261.96	0.0	1261960	25	cloze_marker	137	80	2	delong	unexpected	a	an	tourist	alien	95	5	5.9	2.07	With his khaki shorts and his loud Hawaiian shirt and the camera around his neck you could definitely tell that the man was	in the country.	False	n/a	n/a
1262.195	0.0	1262195	163	item_marker	138	63	2	delong	unexpected	an	a	idea	name	75	25	5.37	6.03	The group had been brainstorming all day but they still didn't have	for their project.	True	Did the group reach a conclusion?	no
1262.396	0.2	1262396	206	noun_unexpected	138	63	2	delong	unexpected	an	a	idea	name	75	25	5.37	6.03	The group had been brainstorming all day but they still didn't have	for their project.	True	Did the group reach a conclusion?	no
1262.445	0.0	1262445	200	cloze_marker	138	63	2	delong	unexpected	an	a	idea	name	75	25	5.37	6.03	The group had been brainstorming all day but they still didn't have	for their project.	True	Did the group reach a conclusion?	no
1262.68	0.0	1262680	163	item_marker	139	63	2	delong	unexpected	an	a	idea	name	75	25	5.37	6.03	The group had been brainstorming all day but they still didn't have	for their project.	True	Did the group reach a conclusion?	no
1262.881	0.2	1262881	255	filler_word	139	63	2	delong	unexpected	an	a	idea	name	75	25	5.37	6.03	The group had been brainstorming all day but they still didn't have	for their project.	True	Did the group reach a conclusion?	no
1263.366	0.2	1263366	255	filler_word	139	63	2	delong	unexpected	an	a	idea	name	75	25	5.37	6.03	The group had been brainstorming all day but they still didn't have	for their project.	True	Did the group reach a conclusion?	no
1263.851	0.2	1263851	208	final_unexpected	139	63	2	delong	unexpected	an	a	idea	name	75	25	5.37	6.03	The group had been brainstorming all day but they still didn't have	for their project.	True	Did the group reach a conclusion?	no
1268.134	0.2	1268134	255	filler_word	139	63	2	delong	unexpected	an	a	idea	name	75	25	5.37	6.03	The group had been brainstorming all day but they still didn't have	for their project.	True	Did the group reach a conclusion?	no
1268.619	0.2	1268619	255	filler_word	139	63	2	delong	unexpected	an	a	idea	name	75	25	5.37	6.03	The group had been brainstorming all day but they still didn't have	for their project.	True	Did the group reach a conclusion?	no
1269.104	0.2	1269104	255	filler_word	139	63	2	delong	unexpected	an	a	idea	name	75	25	5.37	6.03	The group had been brainstorming all day but they still didn't have	for their project.	True	Did the group reach a conclusion?	no
1269.59	0.2	1269590	255	filler_word	139	63	2	delong	unexpected	an	a	idea	name	75	25	5.37	6.03	The group had been brainstorming all day but they still didn't have	for their project.	True	Did the group reach a conclusion?	no
1270.075	0.2	1270075	255	filler_word	139	63	2	delong	unexpected	an	a	idea	name	75	25	5.37	6.03	The group had been brainstorming all day but they still didn't have	for their project.	True	Did the group reach a conclusion?	no
1270.56	0.2	1270560	255	filler_word	139	63	2	delong	unexpected	an	a	idea	name	75	25	5.37	6.03	The group had been brainstorming all day but they still didn't have	for their project.	True	Did the group reach a conclusion?	no
1271.045	0.2	1271045	255	filler_word	139	63	2	delong	unexpected	an	a	idea	name	75	25	5.37	6.03	The group had been brainstorming all day but they still didn't have	for their project.	True	Did the group reach a conclusion?	no
1271.53	0.2	1271530	255	filler_word	139	63	2	delong	unexpected	an	a	idea	name	75	25	5.37	6.03	The group had been brainstorming all day but they still didn't have	for their project.	True	Did the group reach a conclusion?	no
1272.016	0.2	1272016	255	filler_word	139	63	2	delong	unexpected	an	a	idea	name	75	25	5.37	6.03	The group had been brainstorming all day but they still didn't have	for their project.	True	Did the group reach a conclusion?	no
1272.501	0.2	1272501	255	filler_word	139	63	2	delong	unexpected	an	a	idea	name	75	25	5.37	6.03	The group had been brainstorming all day but they still didn't have	for their project.	True	Did the group reach a conclusion?	no
1272.986	0.2	1272986	255	filler_word	139	63	2	delong	unexpected	an	a	idea	name	75	25	5.37	6.03	The group had been brainstorming all day but they still didn't have	for their project.	True	Did the group reach a conclusion?	no
1273.471	0.2	1273471	255	filler_word	139	63	2	delong	unexpected	an	a	idea	name	75	25	5.37	6.03	The group had been brainstorming all day but they still didn't have	for their project.	True	Did the group reach a conclusion?	no
1273.956	0.2	1273956	255	filler_word	139	63	2	delong	unexpected	an	a	idea	name	75	25	5.37	6.03	The group had been brainstorming all day but they still didn't have	for their project.	True	Did the group reach a conclusion?	no
1274.441	0.2	1274441	255	filler_word	139	63	2	delong	unexpected	an	a	idea	name	75	25	5.37	6.03	The group had been brainstorming all day but they still didn't have	for their project.	True	Did the group reach a conclusion?	no
1274.927	0.2	1274927	255	filler_word	139	63	2	delong	unexpected	an	a	idea	name	75	25	5.37	6.03	The group had been brainstorming all day but they still didn't have	for their project.	True	Did the group reach a conclusion?	no
1275.412	0.2	1275412	255	filler_word	139	63	2	delong	unexpected	an	a	idea	name	75	25	5.37	6.03	The group had been brainstorming all day but they still didn't have	for their project.	True	Did the group reach a conclusion?	no
1275.897	0.2	1275897	255	filler_word	139	63	2	delong	unexpected	an	a	idea	name	75	25	5.37	6.03	The group had been brainstorming all day but they still didn't have	for their project.	True	Did the group reach a conclusion?	no
1276.382	0.2	1276382	255	filler_word	139	63	2	delong	unexpected	an	a	idea	name	75	25	5.37	6.03	The group had been brainstorming all day but they still didn't have	for their project.	True	Did the group reach a conclusion?	no
1276.867	0.2	1276867	255	filler_word	139	63	2	delong	unexpected	an	a	idea	name	75	25	5.37	6.03	The group had been brainstorming all day but they still didn't have	for their project.	True	Did the group reach a conclusion?	no
1277.353	0.2	1277353	255	filler_word	139	63	2	delong	unexpected	an	a	idea	name	75	25	5.37	6.03	The group had been brainstorming all day but they still didn't have	for their project.	True	Did the group reach a conclusion?	no
1277.838	0.2	1277838	255	filler_word	139	63	2	delong	unexpected	an	a	idea	name	75	25	5.37	6.03	The group had been brainstorming all day but they still didn't have	for their project.	True	Did the group reach a conclusion?	no
1278.323	0.2	1278323	255	filler_word	139	63	2	delong	unexpected	an	a	idea	name	75	25	5.37	6.03	The group had been brainstorming all day but they still didn't have	for their project.	True	Did the group reach a conclusion?	no
1278.808	0.2	1278808	203	a_unexpected	139	63	2	delong	unexpected	an	a	idea	name	75	25	5.37	6.03	The group had been brainstorming all day but they still didn't have	for their project.	True	Did the group reach a conclusion?	no
1278.858	0.0	1278858	14	cloze_marker	139	63	2	delong	unexpected	an	a	idea	name	75	25	5.37	6.03	The group had been brainstorming all day but they still didn't have	for their project.	True	Did the group reach a conclusion?	no
1279.092	0.0	1279092	167	item_marker	140	67	2	delong	unexpected	an	a	owl	cat	86	14	6.13	2.47	As Elizabeth climbed the ladder in the barn she heard a hooting sound coming from the rafters and looked up to see	staring down at her.	False	n/a	n/a
1279.293	0.2	1279293	206	noun_unexpected	140	67	2	delong	unexpected	an	a	owl	cat	86	14	6.13	2.47	As Elizabeth climbed the ladder in the barn she heard a hooting sound coming from the rafters and looked up to see	staring down at her.	False	n/a	n/a
1279.343	0.0	1279343	200	cloze_marker	140	67	2	delong	unexpected	an	a	owl	cat	86	14	6.13	2.47	As Elizabeth climbed the ladder in the barn she heard a hooting sound coming from the rafters and looked up to see	staring down at her.	False	n/a	n/a
1279.578	0.0	1279578	167	item_marker	141	67	2	delong	unexpected	an	a	owl	cat	86	14	6.13	2.47	As Elizabeth climbed the ladder in the barn she heard a hooting sound coming from the rafters and looked up to see	staring down at her.	False	n/a	n/a
1279.778	0.2	1279778	255	filler_word	141	67	2	delong	unexpected	an	a	owl	cat	86	14	6.13	2.47	As Elizabeth climbed the ladder in the barn she heard a hooting sound coming from the rafters and looked up to see	staring down at her.	False	n/a	n/a
1280.264	0.2	1280264	255	filler_word	141	67	2	delong	unexpected	an	a	owl	cat	86	14	6.13	2.47	As Elizabeth climbed the ladder in the barn she heard a hooting sound coming from the rafters and looked up to see	staring down at her.	False	n/a	n/a
1280.749	0.2	1280749	255	filler_word	141	67	2	delong	unexpected	an	a	owl	cat	86	14	6.13	2.47	As Elizabeth climbed the ladder in the barn she heard a hooting sound coming from the rafters and looked up to see	staring down at her.	False	n/a	n/a
1281.234	0.2	1281234	208	final_unexpected	141	67	2	delong	unexpected	an	a	owl	cat	86	14	6.13	2.47	As Elizabeth climbed the ladder in the barn she heard a hooting sound coming from the rafters and looked up to see	staring down at her.	False	n/a	n/a
1283.56	0.2	1283560	255	filler_word	141	67	2	delong	unexpected	an	a	owl	cat	86	14	6.13	2.47	As Elizabeth climbed the ladder in the barn she heard a hooting sound coming from the rafters and looked up to see	staring down at her.	False	n/a	n/a
1284.045	0.2	1284045	255	filler_word	141	67	2	delong	unexpected	an	a	owl	cat	86	14	6.13	2.47	As Elizabeth climbed the ladder in the barn she heard a hooting sound coming from the rafters and looked up to see	staring down at her.	False	n/a	n/a
1284.53	0.2	1284530	255	filler_word	141	67	2	delong	unexpected	an	a	owl	cat	86	14	6.13	2.47	As Elizabeth climbed the ladder in the barn she heard a hooting sound coming from the rafters and looked up to see	staring down at her.	False	n/a	n/a
1285.015	0.2	1285015	255	filler_word	141	67	2	delong	unexpected	an	a	owl	cat	86	14	6.13	2.47	As Elizabeth climbed the ladder in the barn she heard a hooting sound coming from the rafters and looked up to see	staring down at her.	False	n/a	n/a
1285.5	0.2	1285500	255	filler_word	141	67	2	delong	unexpected	an	a	owl	cat	86	14	6.13	2.47	As Elizabeth climbed the ladder in the barn she heard a hooting sound coming from the rafters and looked up to see	staring down at her.	False	n/a	n/a
1285.985	0.2	1285985	255	filler_word	141	67	2	delong	unexpected	an	a	owl	cat	86	14	6.13	2.47	As Elizabeth climbed the ladder in the barn she heard a hooting sound coming from the rafters and looked up to see	staring down at her.	False	n/a	n/a
1286.471	0.2	1286471	255	filler_word	141	67	2	delong	unexpected	an	a	owl	cat	86	14	6.13	2.47	As Elizabeth climbed the ladder in the barn she heard a hooting sound coming from the rafters and looked up to see	staring down at her.	False	n/a	n/a
1286.956	0.2	1286956	255	filler_word	141	67	2	delong	unexpected	an	a	owl	cat	86	14	6.13	2.47	As Elizabeth climbed the ladder in the barn she heard a hooting sound coming from the rafters and looked up to see	staring down at her.	False	n/a	n/a
1287.441	0.2	1287441	255	filler_word	141	67	2	delong	unexpected	an	a	owl	cat	86	14	6.13	2.47	As Elizabeth climbed the ladder in the barn she heard a hooting sound coming from the rafters and looked up to see	staring down at her.	False	n/a	n/a
1287.926	0.2	1287926	255	filler_word	141	67	2	delong	unexpected	an	a	owl	cat	86	14	6.13	2.47	As Elizabeth climbed the ladder in the barn she heard a hooting sound coming from the rafters and looked up to see	staring down at her.	False	n/a	n/a
1288.411	0.2	1288411	255	filler_word	141	67	2	delong	unexpected	an	a	owl	cat	86	14	6.13	2.47	As Elizabeth climbed the ladder in the barn she heard a hooting sound coming from the rafters and looked up to see	staring down at her.	False	n/a	n/a
1288.896	0.2	1288896	255	filler_word	141	67	2	delong	unexpected	an	a	owl	cat	86	14	6.13	2.47	As Elizabeth climbed the ladder in the barn she heard a hooting sound coming from the rafters and looked up to see	staring down at her.	False	n/a	n/a
1289.382	0.2	1289382	255	filler_word	141	67	2	delong	unexpected	an	a	owl	cat	86	14	6.13	2.47	As Elizabeth climbed the ladder in the barn she heard a hooting sound coming from the rafters and looked up to see	staring down at her.	False	n/a	n/a
1289.867	0.2	1289867	255	filler_word	141	67	2	delong	unexpected	an	a	owl	cat	86	14	6.13	2.47	As Elizabeth climbed the ladder in the barn she heard a hooting sound coming from the rafters and looked up to see	staring down at her.	False	n/a	n/a
1290.352	0.2	1290352	255	filler_word	141	67	2	delong	unexpected	an	a	owl	cat	86	14	6.13	2.47	As Elizabeth climbed the ladder in the barn she heard a hooting sound coming from the rafters and looked up to see	staring down at her.	False	n/a	n/a
1290.837	0.2	1290837	202	an_expected	141	67	2	delong	unexpected	an	a	owl	cat	86	14	6.13	2.47	As Elizabeth climbed the ladder in the barn she heard a hooting sound coming from the rafters and looked up to see	staring down at her.	False	n/a	n/a
1290.887	0.0	1290887	70	cloze_marker	141	67	2	delong	unexpected	an	a	owl	cat	86	14	6.13	2.47	As Elizabeth climbed the ladder in the barn she heard a hooting sound coming from the rafters and looked up to see	staring down at her.	False	n/a	n/a
1291.122	0.0	1291122	161	item_marker	142	61	2	delong	expected	an	a	offense	coach	70	18	5.32	3.33	Although the basketball team's defence was very strong they did not have so much of	since the middle of the season.	False	n/a	n/a
1291.322	0.2	1291322	205	noun_expected	142	61	2	delong	expected	an	a	offense	coach	70	18	5.32	3.33	Although the basketball team's defence was very strong they did not have so much of	since the middle of the season.	False	n/a	n/a
1291.372	0.0	1291372	34	cloze_marker	142	61	2	delong	expected	an	a	offense	coach	70	18	5.32	3.33	Although the basketball team's defence was very strong they did not have so much of	since the middle of the season.	False	n/a	n/a
1291.607	0.0	1291607	161	item_marker	143	61	2	delong	expected	an	a	offense	coach	70	18	5.32	3.33	Although the basketball team's defence was very strong they did not have so much of	since the middle of the season.	False	n/a	n/a
1291.808	0.2	1291808	255	filler_word	143	61	2	delong	expected	an	a	offense	coach	70	18	5.32	3.33	Although the basketball team's defence was very strong they did not have so much of	since the middle of the season.	False	n/a	n/a
1292.293	0.2	1292293	255	filler_word	143	61	2	delong	expected	an	a	offense	coach	70	18	5.32	3.33	Although the basketball team's defence was very strong they did not have so much of	since the middle of the season.	False	n/a	n/a
1292.778	0.2	1292778	255	filler_word	143	61	2	delong	expected	an	a	offense	coach	70	18	5.32	3.33	Although the basketball team's defence was very strong they did not have so much of	since the middle of the season.	False	n/a	n/a
1293.263	0.2	1293263	255	filler_word	143	61	2	delong	expected	an	a	offense	coach	70	18	5.32	3.33	Although the basketball team's defence was very strong they did not have so much of	since the middle of the season.	False	n/a	n/a
1293.748	0.2	1293748	255	filler_word	143	61	2	delong	expected	an	a	offense	coach	70	18	5.32	3.33	Although the basketball team's defence was very strong they did not have so much of	since the middle of the season.	False	n/a	n/a
1294.233	0.2	1294233	207	final_expected	143	61	2	delong	expected	an	a	offense	coach	70	18	5.32	3.33	Although the basketball team's defence was very strong they did not have so much of	since the middle of the season.	False	n/a	n/a
1296.894	0.2	1296894	255	filler_word	143	61	2	delong	expected	an	a	offense	coach	70	18	5.32	3.33	Although the basketball team's defence was very strong they did not have so much of	since the middle of the season.	False	n/a	n/a
1297.379	0.2	1297379	255	filler_word	143	61	2	delong	expected	an	a	offense	coach	70	18	5.32	3.33	Although the basketball team's defence was very strong they did not have so much of	since the middle of the season.	False	n/a	n/a
1297.864	0.2	1297864	255	filler_word	143	61	2	delong	expected	an	a	offense	coach	70	18	5.32	3.33	Although the basketball team's defence was very strong they did not have so much of	since the middle of the season.	False	n/a	n/a
1298.349	0.2	1298349	255	filler_word	143	61	2	delong	expected	an	a	offense	coach	70	18	5.32	3.33	Although the basketball team's defence was very strong they did not have so much of	since the middle of the season.	False	n/a	n/a
1298.834	0.2	1298834	255	filler_word	143	61	2	delong	expected	an	a	offense	coach	70	18	5.32	3.33	Although the basketball team's defence was very strong they did not have so much of	since the middle of the season.	False	n/a	n/a
1299.32	0.2	1299320	255	filler_word	143	61	2	delong	expected	an	a	offense	coach	70	18	5.32	3.33	Although the basketball team's defence was very strong they did not have so much of	since the middle of the season.	False	n/a	n/a
1299.805	0.2	1299805	255	filler_word	143	61	2	delong	expected	an	a	offense	coach	70	18	5.32	3.33	Although the basketball team's defence was very strong they did not have so much of	since the middle of the season.	False	n/a	n/a
1300.29	0.2	1300290	255	filler_word	143	61	2	delong	expected	an	a	offense	coach	70	18	5.32	3.33	Although the basketball team's defence was very strong they did not have so much of	since the middle of the season.	False	n/a	n/a
1300.775	0.2	1300775	255	filler_word	143	61	2	delong	expected	an	a	offense	coach	70	18	5.32	3.33	Although the basketball team's defence was very strong they did not have so much of	since the middle of the season.	False	n/a	n/a
1301.26	0.2	1301260	255	filler_word	143	61	2	delong	expected	an	a	offense	coach	70	18	5.32	3.33	Although the basketball team's defence was very strong they did not have so much of	since the middle of the season.	False	n/a	n/a
1301.745	0.2	1301745	255	filler_word	143	61	2	delong	expected	an	a	offense	coach	70	18	5.32	3.33	Although the basketball team's defence was very strong they did not have so much of	since the middle of the season.	False	n/a	n/a
1302.231	0.2	1302231	255	filler_word	143	61	2	delong	expected	an	a	offense	coach	70	18	5.32	3.33	Although the basketball team's defence was very strong they did not have so much of	since the middle of the season.	False	n/a	n/a
1302.716	0.2	1302716	255	filler_word	143	61	2	delong	expected	an	a	offense	coach	70	18	5.32	3.33	Although the basketball team's defence was very strong they did not have so much of	since the middle of the season.	False	n/a	n/a
1303.201	0.2	1303201	255	filler_word	143	61	2	delong	expected	an	a	offense	coach	70	18	5.32	3.33	Although the basketball team's defence was very strong they did not have so much of	since the middle of the season.	False	n/a	n/a
1303.686	0.2	1303686	255	filler_word	143	61	2	delong	expected	an	a	offense	coach	70	18	5.32	3.33	Although the basketball team's defence was very strong they did not have so much of	since the middle of the season.	False	n/a	n/a
1304.171	0.2	1304171	255	filler_word	143	61	2	delong	expected	an	a	offense	coach	70	18	5.32	3.33	Although the basketball team's defence was very strong they did not have so much of	since the middle of the season.	False	n/a	n/a
1304.657	0.2	1304657	255	filler_word	143	61	2	delong	expected	an	a	offense	coach	70	18	5.32	3.33	Although the basketball team's defence was very strong they did not have so much of	since the middle of the season.	False	n/a	n/a
1305.142	0.2	1305142	255	filler_word	143	61	2	delong	expected	an	a	offense	coach	70	18	5.32	3.33	Although the basketball team's defence was very strong they did not have so much of	since the middle of the season.	False	n/a	n/a
1305.627	0.2	1305627	255	filler_word	143	61	2	delong	expected	an	a	offense	coach	70	18	5.32	3.33	Although the basketball team's defence was very strong they did not have so much of	since the middle of the season.	False	n/a	n/a
1306.112	0.2	1306112	255	filler_word	143	61	2	delong	expected	an	a	offense	coach	70	18	5.32	3.33	Although the basketball team's defence was very strong they did not have so much of	since the middle of the season.	False	n/a	n/a
1306.597	0.2	1306597	255	filler_word	143	61	2	delong	expected	an	a	offense	coach	70	18	5.32	3.33	Although the basketball team's defence was very strong they did not have so much of	since the middle of the season.	False	n/a	n/a
1307.082	0.2	1307082	255	filler_word	143	61	2	delong	expected	an	a	offense	coach	70	18	5.32	3.33	Although the basketball team's defence was very strong they did not have so much of	since the middle of the season.	False	n/a	n/a
1307.568	0.2	1307568	255	filler_word	143	61	2	delong	expected	an	a	offense	coach	70	18	5.32	3.33	Although the basketball team's defence was very strong they did not have so much of	since the middle of the season.	False	n/a	n/a
1308.053	0.2	1308053	255	filler_word	143	61	2	delong	expected	an	a	offense	coach	70	18	5.32	3.33	Although the basketball team's defence was very strong they did not have so much of	since the middle of the season.	False	n/a	n/a
1308.538	0.2	1308538	203	a_unexpected	143	61	2	delong	expected	an	a	offense	coach	70	18	5.32	3.33	Although the basketball team's defence was very strong they did not have so much of	since the middle of the season.	False	n/a	n/a
1308.588	0.0	1308588	200	cloze_marker	143	61	2	delong	expected	an	a	offense	coach	70	18	5.32	3.33	Although the basketball team's defence was very strong they did not have so much of	since the middle of the season.	False	n/a	n/a
1308.822	0.0	1308822	171	item_marker	144	71	2	delong	unexpected	an	a	order	compliment	57	0	5.8	3.16	The waitress at the next table was trying to scribble everything down but it was obvious that she did not know how to take	from her customers.	False	n/a	n/a
1309.023	0.2	1309023	206	noun_unexpected	144	71	2	delong	unexpected	an	a	order	compliment	57	0	5.8	3.16	The waitress at the next table was trying to scribble everything down but it was obvious that she did not know how to take	from her customers.	False	n/a	n/a
1309.073	0.0	1309073	200	cloze_marker	144	71	2	delong	unexpected	an	a	order	compliment	57	0	5.8	3.16	The waitress at the next table was trying to scribble everything down but it was obvious that she did not know how to take	from her customers.	False	n/a	n/a
1309.308	0.0	1309308	171	item_marker	145	71	2	delong	unexpected	an	a	order	compliment	57	0	5.8	3.16	The waitress at the next table was trying to scribble everything down but it was obvious that she did not know how to take	from her customers.	False	n/a	n/a
1309.508	0.2	1309508	255	filler_word	145	71	2	delong	unexpected	an	a	order	compliment	57	0	5.8	3.16	The waitress at the next table was trying to scribble everything down but it was obvious that she did not know how to take	from her customers.	False	n/a	n/a
1309.994	0.2	1309994	255	filler_word	145	71	2	delong	unexpected	an	a	order	compliment	57	0	5.8	3.16	The waitress at the next table was trying to scribble everything down but it was obvious that she did not know how to take	from her customers.	False	n/a	n/a
1310.479	0.2	1310479	208	final_unexpected	145	71	2	delong	unexpected	an	a	order	compliment	57	0	5.8	3.16	The waitress at the next table was trying to scribble everything down but it was obvious that she did not know how to take	from her customers.	False	n/a	n/a
1312.553	0.2	1312553	255	filler_word	145	71	2	delong	unexpected	an	a	order	compliment	57	0	5.8	3.16	The waitress at the next table was trying to scribble everything down but it was obvious that she did not know how to take	from her customers.	False	n/a	n/a
1313.038	0.2	1313038	255	filler_word	145	71	2	delong	unexpected	an	a	order	compliment	57	0	5.8	3.16	The waitress at the next table was trying to scribble everything down but it was obvious that she did not know how to take	from her customers.	False	n/a	n/a
1313.524	0.2	1313524	255	filler_word	145	71	2	delong	unexpected	an	a	order	compliment	57	0	5.8	3.16	The waitress at the next table was trying to scribble everything down but it was obvious that she did not know how to take	from her customers.	False	n/a	n/a
1314.009	0.2	1314009	255	filler_word	145	71	2	delong	unexpected	an	a	order	compliment	57	0	5.8	3.16	The waitress at the next table was trying to scribble everything down but it was obvious that she did not know how to take	from her customers.	False	n/a	n/a
1314.494	0.2	1314494	255	filler_word	145	71	2	delong	unexpected	an	a	order	compliment	57	0	5.8	3.16	The waitress at the next table was trying to scribble everything down but it was obvious that she did not know how to take	from her customers.	False	n/a	n/a
1314.979	0.2	1314979	255	filler_word	145	71	2	delong	unexpected	an	a	order	compliment	57	0	5.8	3.16	The waitress at the next table was trying to scribble everything down but it was obvious that she did not know how to take	from her customers.	False	n/a	n/a
1315.464	0.2	1315464	255	filler_word	145	71	2	delong	unexpected	an	a	order	compliment	57	0	5.8	3.16	The waitress at the next table was trying to scribble everything down but it was obvious that she did not know how to take	from her customers.	False	n/a	n/a
1315.95	0.2	1315950	255	filler_word	145	71	2	delong	unexpected	an	a	order	compliment	57	0	5.8	3.16	The waitress at the next table was trying to scribble everything down but it was obvious that she did not know how to take	from her customers.	False	n/a	n/a
1316.435	0.2	1316435	255	filler_word	145	71	2	delong	unexpected	an	a	order	compliment	57	0	5.8	3.16	The waitress at the next table was trying to scribble everything down but it was obvious that she did not know how to take	from her customers.	False	n/a	n/a
1316.92	0.2	1316920	255	filler_word	145	71	2	delong	unexpected	an	a	order	compliment	57	0	5.8	3.16	The waitress at the next table was trying to scribble everything down but it was obvious that she did not know how to take	from her customers.	False	n/a	n/a
1317.405	0.2	1317405	255	filler_word	145	71	2	delong	unexpected	an	a	order	compliment	57	0	5.8	3.16	The waitress at the next table was trying to scribble everything down but it was obvious that she did not know how to take	from her customers.	False	n/a	n/a
1317.89	0.2	1317890	255	filler_word	145	71	2	delong	unexpected	an	a	order	compliment	57	0	5.8	3.16	The waitress at the next table was trying to scribble everything down but it was obvious that she did not know how to take	from her customers.	False	n/a	n/a
1318.375	0.2	1318375	255	filler_word	145	71	2	delong	unexpected	an	a	order	compliment	57	0	5.8	3.16	The waitress at the next table was trying to scribble everything down but it was obvious that she did not know how to take	from her customers.	False	n/a	n/a
1318.861	0.2	1318861	255	filler_word	145	71	2	delong	unexpected	an	a	order	compliment	57	0	5.8	3.16	The waitress at the next table was trying to scribble everything down but it was obvious that she did not know how to take	from her customers.	False	n/a	n/a
1319.346	0.2	1319346	202	an_expected	145	71	2	delong	unexpected	an	a	order	compliment	57	0	5.8	3.16	The waitress at the next table was trying to scribble everything down but it was obvious that she did not know how to take	from her customers.	False	n/a	n/a
1319.396	0.0	1319396	73	cloze_marker	145	71	2	delong	unexpected	an	a	order	compliment	57	0	5.8	3.16	The waitress at the next table was trying to scribble everything down but it was obvious that she did not know how to take	from her customers.	False	n/a	n/a
1319.63	0.0	1319630	165	item_marker	146	65	2	delong	expected	an	a	island	ship	73	14	5.53	5.26	Being from the mainland Karen never got used to the feeling of living on	and being so removed from everything.	True	Was Karen from the mainland?	yes
1319.831	0.2	1319831	205	noun_expected	146	65	2	delong	expected	an	a	island	ship	73	14	5.53	5.26	Being from the mainland Karen never got used to the feeling of living on	and being so removed from everything.	True	Was Karen from the mainland?	yes
1319.881	0.0	1319881	93	cloze_marker	146	65	2	delong	expected	an	a	island	ship	73	14	5.53	5.26	Being from the mainland Karen never got used to the feeling of living on	and being so removed from everything.	True	Was Karen from the mainland?	yes
1320.115	0.0	1320115	165	item_marker	147	65	2	delong	expected	an	a	island	ship	73	14	5.53	5.26	Being from the mainland Karen never got used to the feeling of living on	and being so removed from everything.	True	Was Karen from the mainland?	yes
1320.316	0.2	1320316	255	filler_word	147	65	2	delong	expected	an	a	island	ship	73	14	5.53	5.26	Being from the mainland Karen never got used to the feeling of living on	and being so removed from everything.	True	Was Karen from the mainland?	yes
1320.801	0.2	1320801	255	filler_word	147	65	2	delong	expected	an	a	island	ship	73	14	5.53	5.26	Being from the mainland Karen never got used to the feeling of living on	and being so removed from everything.	True	Was Karen from the mainland?	yes
1321.287	0.2	1321287	255	filler_word	147	65	2	delong	expected	an	a	island	ship	73	14	5.53	5.26	Being from the mainland Karen never got used to the feeling of living on	and being so removed from everything.	True	Was Karen from the mainland?	yes
1321.772	0.2	1321772	255	filler_word	147	65	2	delong	expected	an	a	island	ship	73	14	5.53	5.26	Being from the mainland Karen never got used to the feeling of living on	and being so removed from everything.	True	Was Karen from the mainland?	yes
1322.257	0.2	1322257	255	filler_word	147	65	2	delong	expected	an	a	island	ship	73	14	5.53	5.26	Being from the mainland Karen never got used to the feeling of living on	and being so removed from everything.	True	Was Karen from the mainland?	yes
1322.742	0.2	1322742	207	final_expected	147	65	2	delong	expected	an	a	island	ship	73	14	5.53	5.26	Being from the mainland Karen never got used to the feeling of living on	and being so removed from everything.	True	Was Karen from the mainland?	yes
1327.862	0.2	1327862	255	filler_word	147	65	2	delong	expected	an	a	island	ship	73	14	5.53	5.26	Being from the mainland Karen never got used to the feeling of living on	and being so removed from everything.	True	Was Karen from the mainland?	yes
1328.347	0.2	1328347	255	filler_word	147	65	2	delong	expected	an	a	island	ship	73	14	5.53	5.26	Being from the mainland Karen never got used to the feeling of living on	and being so removed from everything.	True	Was Karen from the mainland?	yes
1328.832	0.2	1328832	255	filler_word	147	65	2	delong	expected	an	a	island	ship	73	14	5.53	5.26	Being from the mainland Karen never got used to the feeling of living on	and being so removed from everything.	True	Was Karen from the mainland?	yes
1329.317	0.2	1329317	255	filler_word	147	65	2	delong	expected	an	a	island	ship	73	14	5.53	5.26	Being from the mainland Karen never got used to the feeling of living on	and being so removed from everything.	True	Was Karen from the mainland?	yes
1329.802	0.2	1329802	255	filler_word	147	65	2	delong	expected	an	a	island	ship	73	14	5.53	5.26	Being from the mainland Karen never got used to the feeling of living on	and being so removed from everything.	True	Was Karen from the mainland?	yes
1330.287	0.2	1330287	255	filler_word	147	65	2	delong	expected	an	a	island	ship	73	14	5.53	5.26	Being from the mainland Karen never got used to the feeling of living on	and being so removed from everything.	True	Was Karen from the mainland?	yes
1330.773	0.2	1330773	255	filler_word	147	65	2	delong	expected	an	a	island	ship	73	14	5.53	5.26	Being from the mainland Karen never got used to the feeling of living on	and being so removed from everything.	True	Was Karen from the mainland?	yes
1331.258	0.2	1331258	255	filler_word	147	65	2	delong	expected	an	a	island	ship	73	14	5.53	5.26	Being from the mainland Karen never got used to the feeling of living on	and being so removed from everything.	True	Was Karen from the mainland?	yes
1331.743	0.2	1331743	255	filler_word	147	65	2	delong	expected	an	a	island	ship	73	14	5.53	5.26	Being from the mainland Karen never got used to the feeling of living on	and being so removed from everything.	True	Was Karen from the mainland?	yes
1332.228	0.2	1332228	255	filler_word	147	65	2	delong	expected	an	a	island	ship	73	14	5.53	5.26	Being from the mainland Karen never got used to the feeling of living on	and being so removed from everything.	True	Was Karen from the mainland?	yes
1332.713	0.2	1332713	255	filler_word	147	65	2	delong	expected	an	a	island	ship	73	14	5.53	5.26	Being from the mainland Karen never got used to the feeling of living on	and being so removed from everything.	True	Was Karen from the mainland?	yes
1333.199	0.2	1333199	255	filler_word	147	65	2	delong	expected	an	a	island	ship	73	14	5.53	5.26	Being from the mainland Karen never got used to the feeling of living on	and being so removed from everything.	True	Was Karen from the mainland?	yes
1333.684	0.2	1333684	255	filler_word	147	65	2	delong	expected	an	a	island	ship	73	14	5.53	5.26	Being from the mainland Karen never got used to the feeling of living on	and being so removed from everything.	True	Was Karen from the mainland?	yes
1334.169	0.2	1334169	255	filler_word	147	65	2	delong	expected	an	a	island	ship	73	14	5.53	5.26	Being from the mainland Karen never got used to the feeling of living on	and being so removed from everything.	True	Was Karen from the mainland?	yes
1334.654	0.2	1334654	255	filler_word	147	65	2	delong	expected	an	a	island	ship	73	14	5.53	5.26	Being from the mainland Karen never got used to the feeling of living on	and being so removed from everything.	True	Was Karen from the mainland?	yes
1335.139	0.2	1335139	255	filler_word	147	65	2	delong	expected	an	a	island	ship	73	14	5.53	5.26	Being from the mainland Karen never got used to the feeling of living on	and being so removed from everything.	True	Was Karen from the mainland?	yes
1335.624	0.2	1335624	255	filler_word	147	65	2	delong	expected	an	a	island	ship	73	14	5.53	5.26	Being from the mainland Karen never got used to the feeling of living on	and being so removed from everything.	True	Was Karen from the mainland?	yes
1336.11	0.2	1336110	255	filler_word	147	65	2	delong	expected	an	a	island	ship	73	14	5.53	5.26	Being from the mainland Karen never got used to the feeling of living on	and being so removed from everything.	True	Was Karen from the mainland?	yes
1336.595	0.2	1336595	255	filler_word	147	65	2	delong	expected	an	a	island	ship	73	14	5.53	5.26	Being from the mainland Karen never got used to the feeling of living on	and being so removed from everything.	True	Was Karen from the mainland?	yes
1337.08	0.2	1337080	202	an_expected	147	65	2	delong	expected	an	a	island	ship	73	14	5.53	5.26	Being from the mainland Karen never got used to the feeling of living on	and being so removed from everything.	True	Was Karen from the mainland?	yes
1337.13	0.0	1337130	70	cloze_marker	147	65	2	delong	expected	an	a	island	ship	73	14	5.53	5.26	Being from the mainland Karen never got used to the feeling of living on	and being so removed from everything.	True	Was Karen from the mainland?	yes
1337.364	0.0	1337364	177	item_marker	148	77	2	delong	expected	an	a	egg	window	70	0	6.07	1.84	Violet was just learning how to make an omelette so her father began by showing her how to crack	in the kitchen.	False	n/a	n/a
1337.565	0.2	1337565	205	noun_expected	148	77	2	delong	expected	an	a	egg	window	70	0	6.07	1.84	Violet was just learning how to make an omelette so her father began by showing her how to crack	in the kitchen.	False	n/a	n/a
1337.615	0.0	1337615	100	cloze_marker	148	77	2	delong	expected	an	a	egg	window	70	0	6.07	1.84	Violet was just learning how to make an omelette so her father began by showing her how to crack	in the kitchen.	False	n/a	n/a
1337.85	0.0	1337850	177	item_marker	149	77	2	delong	expected	an	a	egg	window	70	0	6.07	1.84	Violet was just learning how to make an omelette so her father began by showing her how to crack	in the kitchen.	False	n/a	n/a
1338.05	0.2	1338050	255	filler_word	149	77	2	delong	expected	an	a	egg	window	70	0	6.07	1.84	Violet was just learning how to make an omelette so her father began by showing her how to crack	in the kitchen.	False	n/a	n/a
1338.536	0.2	1338536	255	filler_word	149	77	2	delong	expected	an	a	egg	window	70	0	6.07	1.84	Violet was just learning how to make an omelette so her father began by showing her how to crack	in the kitchen.	False	n/a	n/a
1339.021	0.2	1339021	207	final_expected	149	77	2	delong	expected	an	a	egg	window	70	0	6.07	1.84	Violet was just learning how to make an omelette so her father began by showing her how to crack	in the kitchen.	False	n/a	n/a
1341.33	0.2	1341330	255	filler_word	149	77	2	delong	expected	an	a	egg	window	70	0	6.07	1.84	Violet was just learning how to make an omelette so her father began by showing her how to crack	in the kitchen.	False	n/a	n/a
1341.815	0.2	1341815	255	filler_word	149	77	2	delong	expected	an	a	egg	window	70	0	6.07	1.84	Violet was just learning how to make an omelette so her father began by showing her how to crack	in the kitchen.	False	n/a	n/a
1342.3	0.2	1342300	255	filler_word	149	77	2	delong	expected	an	a	egg	window	70	0	6.07	1.84	Violet was just learning how to make an omelette so her father began by showing her how to crack	in the kitchen.	False	n/a	n/a
1342.785	0.2	1342785	255	filler_word	149	77	2	delong	expected	an	a	egg	window	70	0	6.07	1.84	Violet was just learning how to make an omelette so her father began by showing her how to crack	in the kitchen.	False	n/a	n/a
1343.27	0.2	1343270	255	filler_word	149	77	2	delong	expected	an	a	egg	window	70	0	6.07	1.84	Violet was just learning how to make an omelette so her father began by showing her how to crack	in the kitchen.	False	n/a	n/a
1343.755	0.2	1343755	255	filler_word	149	77	2	delong	expected	an	a	egg	window	70	0	6.07	1.84	Violet was just learning how to make an omelette so her father began by showing her how to crack	in the kitchen.	False	n/a	n/a
1344.241	0.2	1344241	255	filler_word	149	77	2	delong	expected	an	a	egg	window	70	0	6.07	1.84	Violet was just learning how to make an omelette so her father began by showing her how to crack	in the kitchen.	False	n/a	n/a
1344.726	0.2	1344726	255	filler_word	149	77	2	delong	expected	an	a	egg	window	70	0	6.07	1.84	Violet was just learning how to make an omelette so her father began by showing her how to crack	in the kitchen.	False	n/a	n/a
1345.211	0.2	1345211	255	filler_word	149	77	2	delong	expected	an	a	egg	window	70	0	6.07	1.84	Violet was just learning how to make an omelette so her father began by showing her how to crack	in the kitchen.	False	n/a	n/a
1345.696	0.2	1345696	255	filler_word	149	77	2	delong	expected	an	a	egg	window	70	0	6.07	1.84	Violet was just learning how to make an omelette so her father began by showing her how to crack	in the kitchen.	False	n/a	n/a
1346.181	0.2	1346181	255	filler_word	149	77	2	delong	expected	an	a	egg	window	70	0	6.07	1.84	Violet was just learning how to make an omelette so her father began by showing her how to crack	in the kitchen.	False	n/a	n/a
1346.667	0.2	1346667	255	filler_word	149	77	2	delong	expected	an	a	egg	window	70	0	6.07	1.84	Violet was just learning how to make an omelette so her father began by showing her how to crack	in the kitchen.	False	n/a	n/a
1347.152	0.2	1347152	255	filler_word	149	77	2	delong	expected	an	a	egg	window	70	0	6.07	1.84	Violet was just learning how to make an omelette so her father began by showing her how to crack	in the kitchen.	False	n/a	n/a
1347.637	0.2	1347637	255	filler_word	149	77	2	delong	expected	an	a	egg	window	70	0	6.07	1.84	Violet was just learning how to make an omelette so her father began by showing her how to crack	in the kitchen.	False	n/a	n/a
1348.122	0.2	1348122	203	a_unexpected	149	77	2	delong	expected	an	a	egg	window	70	0	6.07	1.84	Violet was just learning how to make an omelette so her father began by showing her how to crack	in the kitchen.	False	n/a	n/a
1348.172	0.0	1348172	200	cloze_marker	149	77	2	delong	expected	an	a	egg	window	70	0	6.07	1.84	Violet was just learning how to make an omelette so her father began by showing her how to crack	in the kitchen.	False	n/a	n/a
1348.406	0.0	1348406	179	item_marker	150	79	2	delong	unexpected	an	a	alien	tourist	95	0	4.97	2.03	Bob claims to be from outer space but nobody believes that he is actually	from another planet.	True	Does Bob claim to be from Canada?	no
1348.607	0.2	1348607	206	noun_unexpected	150	79	2	delong	unexpected	an	a	alien	tourist	95	0	4.97	2.03	Bob claims to be from outer space but nobody believes that he is actually	from another planet.	True	Does Bob claim to be from Canada?	no
1348.657	0.0	1348657	200	cloze_marker	150	79	2	delong	unexpected	an	a	alien	tourist	95	0	4.97	2.03	Bob claims to be from outer space but nobody believes that he is actually	from another planet.	True	Does Bob claim to be from Canada?	no
1348.892	0.0	1348892	179	item_marker	151	79	2	delong	unexpected	an	a	alien	tourist	95	0	4.97	2.03	Bob claims to be from outer space but nobody believes that he is actually	from another planet.	True	Does Bob claim to be from Canada?	no
1349.092	0.2	1349092	255	filler_word	151	79	2	delong	unexpected	an	a	alien	tourist	95	0	4.97	2.03	Bob claims to be from outer space but nobody believes that he is actually	from another planet.	True	Does Bob claim to be from Canada?	no
1349.578	0.2	1349578	255	filler_word	151	79	2	delong	unexpected	an	a	alien	tourist	95	0	4.97	2.03	Bob claims to be from outer space but nobody believes that he is actually	from another planet.	True	Does Bob claim to be from Canada?	no
1350.063	0.2	1350063	208	final_unexpected	151	79	2	delong	unexpected	an	a	alien	tourist	95	0	4.97	2.03	Bob claims to be from outer space but nobody believes that he is actually	from another planet.	True	Does Bob claim to be from Canada?	no
1354.563	0.2	1354563	255	filler_word	151	79	2	delong	unexpected	an	a	alien	tourist	95	0	4.97	2.03	Bob claims to be from outer space but nobody believes that he is actually	from another planet.	True	Does Bob claim to be from Canada?	no
1355.048	0.2	1355048	255	filler_word	151	79	2	delong	unexpected	an	a	alien	tourist	95	0	4.97	2.03	Bob claims to be from outer space but nobody believes that he is actually	from another planet.	True	Does Bob claim to be from Canada?	no
1355.534	0.2	1355534	255	filler_word	151	79	2	delong	unexpected	an	a	alien	tourist	95	0	4.97	2.03	Bob claims to be from outer space but nobody believes that he is actually	from another planet.	True	Does Bob claim to be from Canada?	no
1356.019	0.2	1356019	255	filler_word	151	79	2	delong	unexpected	an	a	alien	tourist	95	0	4.97	2.03	Bob claims to be from outer space but nobody believes that he is actually	from another planet.	True	Does Bob claim to be from Canada?	no
1356.504	0.2	1356504	255	filler_word	151	79	2	delong	unexpected	an	a	alien	tourist	95	0	4.97	2.03	Bob claims to be from outer space but nobody believes that he is actually	from another planet.	True	Does Bob claim to be from Canada?	no
1356.989	0.2	1356989	255	filler_word	151	79	2	delong	unexpected	an	a	alien	tourist	95	0	4.97	2.03	Bob claims to be from outer space but nobody believes that he is actually	from another planet.	True	Does Bob claim to be from Canada?	no
1357.474	0.2	1357474	255	filler_word	151	79	2	delong	unexpected	an	a	alien	tourist	95	0	4.97	2.03	Bob claims to be from outer space but nobody believes that he is actually	from another planet.	True	Does Bob claim to be from Canada?	no
1357.96	0.2	1357960	255	filler_word	151	79	2	delong	unexpected	an	a	alien	tourist	95	0	4.97	2.03	Bob claims to be from outer space but nobody believes that he is actually	from another planet.	True	Does Bob claim to be from Canada?	no
1358.445	0.2	1358445	255	filler_word	151	79	2	delong	unexpected	an	a	alien	tourist	95	0	4.97	2.03	Bob claims to be from outer space but nobody believes that he is actually	from another planet.	True	Does Bob claim to be from Canada?	no
1358.93	0.2	1358930	255	filler_word	151	79	2	delong	unexpected	an	a	alien	tourist	95	0	4.97	2.03	Bob claims to be from outer space but nobody believes that he is actually	from another planet.	True	Does Bob claim to be from Canada?	no
1359.415	0.2	1359415	255	filler_word	151	79	2	delong	unexpected	an	a	alien	tourist	95	0	4.97	2.03	Bob claims to be from outer space but nobody believes that he is actually	from another planet.	True	Does Bob claim to be from Canada?	no
1359.9	0.2	1359900	255	filler_word	151	79	2	delong	unexpected	an	a	alien	tourist	95	0	4.97	2.03	Bob claims to be from outer space but nobody believes that he is actually	from another planet.	True	Does Bob claim to be from Canada?	no
1360.385	0.2	1360385	255	filler_word	151	79	2	delong	unexpected	an	a	alien	tourist	95	0	4.97	2.03	Bob claims to be from outer space but nobody believes that he is actually	from another planet.	True	Does Bob claim to be from Canada?	no
1360.871	0.2	1360871	255	filler_word	151	79	2	delong	unexpected	an	a	alien	tourist	95	0	4.97	2.03	Bob claims to be from outer space but nobody believes that he is actually	from another planet.	True	Does Bob claim to be from Canada?	no
1361.356	0.2	1361356	255	filler_word	151	79	2	delong	unexpected	an	a	alien	tourist	95	0	4.97	2.03	Bob claims to be from outer space but nobody believes that he is actually	from another planet.	True	Does Bob claim to be from Canada?	no
1361.841	0.2	1361841	204	an_unexpected	151	79	2	delong	unexpected	an	a	alien	tourist	95	0	4.97	2.03	Bob claims to be from outer space but nobody believes that he is actually	from another planet.	True	Does Bob claim to be from Canada?	no
1361.891	0.0	1361891	200	cloze_marker	151	79	2	delong	unexpected	an	a	alien	tourist	95	0	4.97	2.03	Bob claims to be from outer space but nobody believes that he is actually	from another planet.	True	Does Bob claim to be from Canada?	no
1362.125	0.0	1362125	172	item_marker	152	72	2	delong	unexpected	a	an	compliment	order	73	0	5.97	3.68	Marcy did not deal well with praise and had never really learned how to take	even from her friends.	False	n/a	n/a
1362.326	0.2	1362326	206	noun_unexpected	152	72	2	delong	unexpected	a	an	compliment	order	73	0	5.97	3.68	Marcy did not deal well with praise and had never really learned how to take	even from her friends.	False	n/a	n/a
1362.376	0.0	1362376	200	cloze_marker	152	72	2	delong	unexpected	a	an	compliment	order	73	0	5.97	3.68	Marcy did not deal well with praise and had never really learned how to take	even from her friends.	False	n/a	n/a
1362.611	0.0	1362611	172	item_marker	153	72	2	delong	unexpected	a	an	compliment	order	73	0	5.97	3.68	Marcy did not deal well with praise and had never really learned how to take	even from her friends.	False	n/a	n/a
1362.811	0.2	1362811	255	filler_word	153	72	2	delong	unexpected	a	an	compliment	order	73	0	5.97	3.68	Marcy did not deal well with praise and had never really learned how to take	even from her friends.	False	n/a	n/a
1363.297	0.2	1363297	255	filler_word	153	72	2	delong	unexpected	a	an	compliment	order	73	0	5.97	3.68	Marcy did not deal well with praise and had never really learned how to take	even from her friends.	False	n/a	n/a
1363.782	0.2	1363782	255	filler_word	153	72	2	delong	unexpected	a	an	compliment	order	73	0	5.97	3.68	Marcy did not deal well with praise and had never really learned how to take	even from her friends.	False	n/a	n/a
1364.267	0.2	1364267	208	final_unexpected	153	72	2	delong	unexpected	a	an	compliment	order	73	0	5.97	3.68	Marcy did not deal well with praise and had never really learned how to take	even from her friends.	False	n/a	n/a
1366.81	0.2	1366810	255	filler_word	153	72	2	delong	unexpected	a	an	compliment	order	73	0	5.97	3.68	Marcy did not deal well with praise and had never really learned how to take	even from her friends.	False	n/a	n/a
1367.295	0.2	1367295	255	filler_word	153	72	2	delong	unexpected	a	an	compliment	order	73	0	5.97	3.68	Marcy did not deal well with praise and had never really learned how to take	even from her friends.	False	n/a	n/a
1367.78	0.2	1367780	255	filler_word	153	72	2	delong	unexpected	a	an	compliment	order	73	0	5.97	3.68	Marcy did not deal well with praise and had never really learned how to take	even from her friends.	False	n/a	n/a
1368.265	0.2	1368265	255	filler_word	153	72	2	delong	unexpected	a	an	compliment	order	73	0	5.97	3.68	Marcy did not deal well with praise and had never really learned how to take	even from her friends.	False	n/a	n/a
1368.751	0.2	1368751	255	filler_word	153	72	2	delong	unexpected	a	an	compliment	order	73	0	5.97	3.68	Marcy did not deal well with praise and had never really learned how to take	even from her friends.	False	n/a	n/a
1369.236	0.2	1369236	255	filler_word	153	72	2	delong	unexpected	a	an	compliment	order	73	0	5.97	3.68	Marcy did not deal well with praise and had never really learned how to take	even from her friends.	False	n/a	n/a
1369.721	0.2	1369721	255	filler_word	153	72	2	delong	unexpected	a	an	compliment	order	73	0	5.97	3.68	Marcy did not deal well with praise and had never really learned how to take	even from her friends.	False	n/a	n/a
1370.206	0.2	1370206	255	filler_word	153	72	2	delong	unexpected	a	an	compliment	order	73	0	5.97	3.68	Marcy did not deal well with praise and had never really learned how to take	even from her friends.	False	n/a	n/a
1370.691	0.2	1370691	255	filler_word	153	72	2	delong	unexpected	a	an	compliment	order	73	0	5.97	3.68	Marcy did not deal well with praise and had never really learned how to take	even from her friends.	False	n/a	n/a
1371.177	0.2	1371177	255	filler_word	153	72	2	delong	unexpected	a	an	compliment	order	73	0	5.97	3.68	Marcy did not deal well with praise and had never really learned how to take	even from her friends.	False	n/a	n/a
1371.662	0.2	1371662	255	filler_word	153	72	2	delong	unexpected	a	an	compliment	order	73	0	5.97	3.68	Marcy did not deal well with praise and had never really learned how to take	even from her friends.	False	n/a	n/a
1372.147	0.2	1372147	255	filler_word	153	72	2	delong	unexpected	a	an	compliment	order	73	0	5.97	3.68	Marcy did not deal well with praise and had never really learned how to take	even from her friends.	False	n/a	n/a
1372.632	0.2	1372632	255	filler_word	153	72	2	delong	unexpected	a	an	compliment	order	73	0	5.97	3.68	Marcy did not deal well with praise and had never really learned how to take	even from her friends.	False	n/a	n/a
1373.117	0.2	1373117	255	filler_word	153	72	2	delong	unexpected	a	an	compliment	order	73	0	5.97	3.68	Marcy did not deal well with praise and had never really learned how to take	even from her friends.	False	n/a	n/a
1373.602	0.2	1373602	255	filler_word	153	72	2	delong	unexpected	a	an	compliment	order	73	0	5.97	3.68	Marcy did not deal well with praise and had never really learned how to take	even from her friends.	False	n/a	n/a
1374.088	0.2	1374088	255	filler_word	153	72	2	delong	unexpected	a	an	compliment	order	73	0	5.97	3.68	Marcy did not deal well with praise and had never really learned how to take	even from her friends.	False	n/a	n/a
1374.573	0.2	1374573	255	filler_word	153	72	2	delong	unexpected	a	an	compliment	order	73	0	5.97	3.68	Marcy did not deal well with praise and had never really learned how to take	even from her friends.	False	n/a	n/a
1375.058	0.2	1375058	255	filler_word	153	72	2	delong	unexpected	a	an	compliment	order	73	0	5.97	3.68	Marcy did not deal well with praise and had never really learned how to take	even from her friends.	False	n/a	n/a
1375.543	0.2	1375543	255	filler_word	153	72	2	delong	unexpected	a	an	compliment	order	73	0	5.97	3.68	Marcy did not deal well with praise and had never really learned how to take	even from her friends.	False	n/a	n/a
1376.028	0.2	1376028	255	filler_word	153	72	2	delong	unexpected	a	an	compliment	order	73	0	5.97	3.68	Marcy did not deal well with praise and had never really learned how to take	even from her friends.	False	n/a	n/a
1376.514	0.2	1376514	255	filler_word	153	72	2	delong	unexpected	a	an	compliment	order	73	0	5.97	3.68	Marcy did not deal well with praise and had never really learned how to take	even from her friends.	False	n/a	n/a
1376.999	0.2	1376999	255	filler_word	153	72	2	delong	unexpected	a	an	compliment	order	73	0	5.97	3.68	Marcy did not deal well with praise and had never really learned how to take	even from her friends.	False	n/a	n/a
1377.484	0.2	1377484	201	a_expected	153	72	2	delong	unexpected	a	an	compliment	order	73	0	5.97	3.68	Marcy did not deal well with praise and had never really learned how to take	even from her friends.	False	n/a	n/a
1377.534	0.0	1377534	100	cloze_marker	153	72	2	delong	unexpected	a	an	compliment	order	73	0	5.97	3.68	Marcy did not deal well with praise and had never really learned how to take	even from her friends.	False	n/a	n/a
1377.768	0.0	1377768	166	item_marker	154	66	2	delong	expected	a	an	ship	island	100	0	4.7	3.61	Sandra decided that she would work for a cruise line for a year before starting university although she had never been on	and did not know how to swim.	False	n/a	n/a
1377.969	0.2	1377969	205	noun_expected	154	66	2	delong	expected	a	an	ship	island	100	0	4.7	3.61	Sandra decided that she would work for a cruise line for a year before starting university although she had never been on	and did not know how to swim.	False	n/a	n/a
1378.019	0.0	1378019	23	cloze_marker	154	66	2	delong	expected	a	an	ship	island	100	0	4.7	3.61	Sandra decided that she would work for a cruise line for a year before starting university although she had never been on	and did not know how to swim.	False	n/a	n/a
1378.253	0.0	1378253	166	item_marker	155	66	2	delong	expected	a	an	ship	island	100	0	4.7	3.61	Sandra decided that she would work for a cruise line for a year before starting university although she had never been on	and did not know how to swim.	False	n/a	n/a
1378.454	0.2	1378454	255	filler_word	155	66	2	delong	expected	a	an	ship	island	100	0	4.7	3.61	Sandra decided that she would work for a cruise line for a year before starting university although she had never been on	and did not know how to swim.	False	n/a	n/a
1378.939	0.2	1378939	255	filler_word	155	66	2	delong	expected	a	an	ship	island	100	0	4.7	3.61	Sandra decided that she would work for a cruise line for a year before starting university although she had never been on	and did not know how to swim.	False	n/a	n/a
1379.425	0.2	1379425	255	filler_word	155	66	2	delong	expected	a	an	ship	island	100	0	4.7	3.61	Sandra decided that she would work for a cruise line for a year before starting university although she had never been on	and did not know how to swim.	False	n/a	n/a
1379.91	0.2	1379910	255	filler_word	155	66	2	delong	expected	a	an	ship	island	100	0	4.7	3.61	Sandra decided that she would work for a cruise line for a year before starting university although she had never been on	and did not know how to swim.	False	n/a	n/a
1380.395	0.2	1380395	255	filler_word	155	66	2	delong	expected	a	an	ship	island	100	0	4.7	3.61	Sandra decided that she would work for a cruise line for a year before starting university although she had never been on	and did not know how to swim.	False	n/a	n/a
1380.88	0.2	1380880	255	filler_word	155	66	2	delong	expected	a	an	ship	island	100	0	4.7	3.61	Sandra decided that she would work for a cruise line for a year before starting university although she had never been on	and did not know how to swim.	False	n/a	n/a
1381.365	0.2	1381365	207	final_expected	155	66	2	delong	expected	a	an	ship	island	100	0	4.7	3.61	Sandra decided that she would work for a cruise line for a year before starting university although she had never been on	and did not know how to swim.	False	n/a	n/a
1383.457	0.2	1383457	255	filler_word	155	66	2	delong	expected	a	an	ship	island	100	0	4.7	3.61	Sandra decided that she would work for a cruise line for a year before starting university although she had never been on	and did not know how to swim.	False	n/a	n/a
1383.942	0.2	1383942	255	filler_word	155	66	2	delong	expected	a	an	ship	island	100	0	4.7	3.61	Sandra decided that she would work for a cruise line for a year before starting university although she had never been on	and did not know how to swim.	False	n/a	n/a
1384.427	0.2	1384427	255	filler_word	155	66	2	delong	expected	a	an	ship	island	100	0	4.7	3.61	Sandra decided that she would work for a cruise line for a year before starting university although she had never been on	and did not know how to swim.	False	n/a	n/a
1384.912	0.2	1384912	255	filler_word	155	66	2	delong	expected	a	an	ship	island	100	0	4.7	3.61	Sandra decided that she would work for a cruise line for a year before starting university although she had never been on	and did not know how to swim.	False	n/a	n/a
1385.397	0.2	1385397	255	filler_word	155	66	2	delong	expected	a	an	ship	island	100	0	4.7	3.61	Sandra decided that she would work for a cruise line for a year before starting university although she had never been on	and did not know how to swim.	False	n/a	n/a
1385.883	0.2	1385883	255	filler_word	155	66	2	delong	expected	a	an	ship	island	100	0	4.7	3.61	Sandra decided that she would work for a cruise line for a year before starting university although she had never been on	and did not know how to swim.	False	n/a	n/a
1386.368	0.2	1386368	255	filler_word	155	66	2	delong	expected	a	an	ship	island	100	0	4.7	3.61	Sandra decided that she would work for a cruise line for a year before starting university although she had never been on	and did not know how to swim.	False	n/a	n/a
1386.853	0.2	1386853	255	filler_word	155	66	2	delong	expected	a	an	ship	island	100	0	4.7	3.61	Sandra decided that she would work for a cruise line for a year before starting university although she had never been on	and did not know how to swim.	False	n/a	n/a
1387.338	0.2	1387338	255	filler_word	155	66	2	delong	expected	a	an	ship	island	100	0	4.7	3.61	Sandra decided that she would work for a cruise line for a year before starting university although she had never been on	and did not know how to swim.	False	n/a	n/a
1387.823	0.2	1387823	255	filler_word	155	66	2	delong	expected	a	an	ship	island	100	0	4.7	3.61	Sandra decided that she would work for a cruise line for a year before starting university although she had never been on	and did not know how to swim.	False	n/a	n/a
1388.308	0.2	1388308	255	filler_word	155	66	2	delong	expected	a	an	ship	island	100	0	4.7	3.61	Sandra decided that she would work for a cruise line for a year before starting university although she had never been on	and did not know how to swim.	False	n/a	n/a
1388.794	0.2	1388794	255	filler_word	155	66	2	delong	expected	a	an	ship	island	100	0	4.7	3.61	Sandra decided that she would work for a cruise line for a year before starting university although she had never been on	and did not know how to swim.	False	n/a	n/a
1389.279	0.2	1389279	255	filler_word	155	66	2	delong	expected	a	an	ship	island	100	0	4.7	3.61	Sandra decided that she would work for a cruise line for a year before starting university although she had never been on	and did not know how to swim.	False	n/a	n/a
1389.764	0.2	1389764	255	filler_word	155	66	2	delong	expected	a	an	ship	island	100	0	4.7	3.61	Sandra decided that she would work for a cruise line for a year before starting university although she had never been on	and did not know how to swim.	False	n/a	n/a
1390.249	0.2	1390249	255	filler_word	155	66	2	delong	expected	a	an	ship	island	100	0	4.7	3.61	Sandra decided that she would work for a cruise line for a year before starting university although she had never been on	and did not know how to swim.	False	n/a	n/a
1390.734	0.2	1390734	255	filler_word	155	66	2	delong	expected	a	an	ship	island	100	0	4.7	3.61	Sandra decided that she would work for a cruise line for a year before starting university although she had never been on	and did not know how to swim.	False	n/a	n/a
1391.22	0.2	1391220	255	filler_word	155	66	2	delong	expected	a	an	ship	island	100	0	4.7	3.61	Sandra decided that she would work for a cruise line for a year before starting university although she had never been on	and did not know how to swim.	False	n/a	n/a
1391.705	0.2	1391705	255	filler_word	155	66	2	delong	expected	a	an	ship	island	100	0	4.7	3.61	Sandra decided that she would work for a cruise line for a year before starting university although she had never been on	and did not know how to swim.	False	n/a	n/a
1392.19	0.2	1392190	255	filler_word	155	66	2	delong	expected	a	an	ship	island	100	0	4.7	3.61	Sandra decided that she would work for a cruise line for a year before starting university although she had never been on	and did not know how to swim.	False	n/a	n/a
1392.675	0.2	1392675	203	a_unexpected	155	66	2	delong	expected	a	an	ship	island	100	0	4.7	3.61	Sandra decided that she would work for a cruise line for a year before starting university although she had never been on	and did not know how to swim.	False	n/a	n/a
1392.725	0.0	1392725	30	cloze_marker	155	66	2	delong	expected	a	an	ship	island	100	0	4.7	3.61	Sandra decided that she would work for a cruise line for a year before starting university although she had never been on	and did not know how to swim.	False	n/a	n/a
1392.96	0.0	1392960	175	item_marker	156	75	2	delong	unexpected	an	a	element	liquid	68	30	6.26	2.8	The chemistry teacher explained to the class that water and salt were both compounds but that nitrogen was just	that hadn't been combined.	False	n/a	n/a
1393.16	0.2	1393160	206	noun_unexpected	156	75	2	delong	unexpected	an	a	element	liquid	68	30	6.26	2.8	The chemistry teacher explained to the class that water and salt were both compounds but that nitrogen was just	that hadn't been combined.	False	n/a	n/a
1393.21	0.0	1393210	200	cloze_marker	156	75	2	delong	unexpected	an	a	element	liquid	68	30	6.26	2.8	The chemistry teacher explained to the class that water and salt were both compounds but that nitrogen was just	that hadn't been combined.	False	n/a	n/a
1393.445	0.0	1393445	175	item_marker	157	75	2	delong	unexpected	an	a	element	liquid	68	30	6.26	2.8	The chemistry teacher explained to the class that water and salt were both compounds but that nitrogen was just	that hadn't been combined.	False	n/a	n/a
1393.645	0.2	1393645	255	filler_word	157	75	2	delong	unexpected	an	a	element	liquid	68	30	6.26	2.8	The chemistry teacher explained to the class that water and salt were both compounds but that nitrogen was just	that hadn't been combined.	False	n/a	n/a
1394.131	0.2	1394131	255	filler_word	157	75	2	delong	unexpected	an	a	element	liquid	68	30	6.26	2.8	The chemistry teacher explained to the class that water and salt were both compounds but that nitrogen was just	that hadn't been combined.	False	n/a	n/a
1394.616	0.2	1394616	255	filler_word	157	75	2	delong	unexpected	an	a	element	liquid	68	30	6.26	2.8	The chemistry teacher explained to the class that water and salt were both compounds but that nitrogen was just	that hadn't been combined.	False	n/a	n/a
1395.101	0.2	1395101	208	final_unexpected	157	75	2	delong	unexpected	an	a	element	liquid	68	30	6.26	2.8	The chemistry teacher explained to the class that water and salt were both compounds but that nitrogen was just	that hadn't been combined.	False	n/a	n/a
1397.042	0.2	1397042	255	filler_word	157	75	2	delong	unexpected	an	a	element	liquid	68	30	6.26	2.8	The chemistry teacher explained to the class that water and salt were both compounds but that nitrogen was just	that hadn't been combined.	False	n/a	n/a
1397.527	0.2	1397527	255	filler_word	157	75	2	delong	unexpected	an	a	element	liquid	68	30	6.26	2.8	The chemistry teacher explained to the class that water and salt were both compounds but that nitrogen was just	that hadn't been combined.	False	n/a	n/a
1398.012	0.2	1398012	255	filler_word	157	75	2	delong	unexpected	an	a	element	liquid	68	30	6.26	2.8	The chemistry teacher explained to the class that water and salt were both compounds but that nitrogen was just	that hadn't been combined.	False	n/a	n/a
1398.497	0.2	1398497	255	filler_word	157	75	2	delong	unexpected	an	a	element	liquid	68	30	6.26	2.8	The chemistry teacher explained to the class that water and salt were both compounds but that nitrogen was just	that hadn't been combined.	False	n/a	n/a
1398.982	0.2	1398982	255	filler_word	157	75	2	delong	unexpected	an	a	element	liquid	68	30	6.26	2.8	The chemistry teacher explained to the class that water and salt were both compounds but that nitrogen was just	that hadn't been combined.	False	n/a	n/a
1399.468	0.2	1399468	255	filler_word	157	75	2	delong	unexpected	an	a	element	liquid	68	30	6.26	2.8	The chemistry teacher explained to the class that water and salt were both compounds but that nitrogen was just	that hadn't been combined.	False	n/a	n/a
1399.953	0.2	1399953	255	filler_word	157	75	2	delong	unexpected	an	a	element	liquid	68	30	6.26	2.8	The chemistry teacher explained to the class that water and salt were both compounds but that nitrogen was just	that hadn't been combined.	False	n/a	n/a
1400.438	0.2	1400438	255	filler_word	157	75	2	delong	unexpected	an	a	element	liquid	68	30	6.26	2.8	The chemistry teacher explained to the class that water and salt were both compounds but that nitrogen was just	that hadn't been combined.	False	n/a	n/a
1400.923	0.2	1400923	255	filler_word	157	75	2	delong	unexpected	an	a	element	liquid	68	30	6.26	2.8	The chemistry teacher explained to the class that water and salt were both compounds but that nitrogen was just	that hadn't been combined.	False	n/a	n/a
1401.408	0.2	1401408	255	filler_word	157	75	2	delong	unexpected	an	a	element	liquid	68	30	6.26	2.8	The chemistry teacher explained to the class that water and salt were both compounds but that nitrogen was just	that hadn't been combined.	False	n/a	n/a
1401.894	0.2	1401894	255	filler_word	157	75	2	delong	unexpected	an	a	element	liquid	68	30	6.26	2.8	The chemistry teacher explained to the class that water and salt were both compounds but that nitrogen was just	that hadn't been combined.	False	n/a	n/a
1402.379	0.2	1402379	255	filler_word	157	75	2	delong	unexpected	an	a	element	liquid	68	30	6.26	2.8	The chemistry teacher explained to the class that water and salt were both compounds but that nitrogen was just	that hadn't been combined.	False	n/a	n/a
1402.864	0.2	1402864	255	filler_word	157	75	2	delong	unexpected	an	a	element	liquid	68	30	6.26	2.8	The chemistry teacher explained to the class that water and salt were both compounds but that nitrogen was just	that hadn't been combined.	False	n/a	n/a
1403.349	0.2	1403349	255	filler_word	157	75	2	delong	unexpected	an	a	element	liquid	68	30	6.26	2.8	The chemistry teacher explained to the class that water and salt were both compounds but that nitrogen was just	that hadn't been combined.	False	n/a	n/a
1403.834	0.2	1403834	255	filler_word	157	75	2	delong	unexpected	an	a	element	liquid	68	30	6.26	2.8	The chemistry teacher explained to the class that water and salt were both compounds but that nitrogen was just	that hadn't been combined.	False	n/a	n/a
1404.319	0.2	1404319	255	filler_word	157	75	2	delong	unexpected	an	a	element	liquid	68	30	6.26	2.8	The chemistry teacher explained to the class that water and salt were both compounds but that nitrogen was just	that hadn't been combined.	False	n/a	n/a
1404.805	0.2	1404805	255	filler_word	157	75	2	delong	unexpected	an	a	element	liquid	68	30	6.26	2.8	The chemistry teacher explained to the class that water and salt were both compounds but that nitrogen was just	that hadn't been combined.	False	n/a	n/a
1405.29	0.2	1405290	255	filler_word	157	75	2	delong	unexpected	an	a	element	liquid	68	30	6.26	2.8	The chemistry teacher explained to the class that water and salt were both compounds but that nitrogen was just	that hadn't been combined.	False	n/a	n/a
1405.775	0.2	1405775	255	filler_word	157	75	2	delong	unexpected	an	a	element	liquid	68	30	6.26	2.8	The chemistry teacher explained to the class that water and salt were both compounds but that nitrogen was just	that hadn't been combined.	False	n/a	n/a
1406.26	0.2	1406260	255	filler_word	157	75	2	delong	unexpected	an	a	element	liquid	68	30	6.26	2.8	The chemistry teacher explained to the class that water and salt were both compounds but that nitrogen was just	that hadn't been combined.	False	n/a	n/a
1406.745	0.2	1406745	255	filler_word	157	75	2	delong	unexpected	an	a	element	liquid	68	30	6.26	2.8	The chemistry teacher explained to the class that water and salt were both compounds but that nitrogen was just	that hadn't been combined.	False	n/a	n/a
1407.231	0.2	1407231	204	an_unexpected	157	75	2	delong	unexpected	an	a	element	liquid	68	30	6.26	2.8	The chemistry teacher explained to the class that water and salt were both compounds but that nitrogen was just	that hadn't been combined.	False	n/a	n/a
1407.281	0.0	1407281	200	cloze_marker	157	75	2	delong	unexpected	an	a	element	liquid	68	30	6.26	2.8	The chemistry teacher explained to the class that water and salt were both compounds but that nitrogen was just	that hadn't been combined.	False	n/a	n/a
1407.515	0.0	1407515	176	item_marker	158	76	2	delong	unexpected	a	an	liquid	element	73	0	4.65	2.23	Orlando thought that glass was a solid but when he held it under the Bunsen burner it melted and turned into	that could be sculpted.	False	n/a	n/a
1407.716	0.2	1407716	206	noun_unexpected	158	76	2	delong	unexpected	a	an	liquid	element	73	0	4.65	2.23	Orlando thought that glass was a solid but when he held it under the Bunsen burner it melted and turned into	that could be sculpted.	False	n/a	n/a
1407.766	0.0	1407766	200	cloze_marker	158	76	2	delong	unexpected	a	an	liquid	element	73	0	4.65	2.23	Orlando thought that glass was a solid but when he held it under the Bunsen burner it melted and turned into	that could be sculpted.	False	n/a	n/a
1408.0	0.0	1408000	176	item_marker	159	76	2	delong	unexpected	a	an	liquid	element	73	0	4.65	2.23	Orlando thought that glass was a solid but when he held it under the Bunsen burner it melted and turned into	that could be sculpted.	False	n/a	n/a
1408.201	0.2	1408201	255	filler_word	159	76	2	delong	unexpected	a	an	liquid	element	73	0	4.65	2.23	Orlando thought that glass was a solid but when he held it under the Bunsen burner it melted and turned into	that could be sculpted.	False	n/a	n/a
1408.686	0.2	1408686	255	filler_word	159	76	2	delong	unexpected	a	an	liquid	element	73	0	4.65	2.23	Orlando thought that glass was a solid but when he held it under the Bunsen burner it melted and turned into	that could be sculpted.	False	n/a	n/a
1409.171	0.2	1409171	255	filler_word	159	76	2	delong	unexpected	a	an	liquid	element	73	0	4.65	2.23	Orlando thought that glass was a solid but when he held it under the Bunsen burner it melted and turned into	that could be sculpted.	False	n/a	n/a
1409.656	0.2	1409656	208	final_unexpected	159	76	2	delong	unexpected	a	an	liquid	element	73	0	4.65	2.23	Orlando thought that glass was a solid but when he held it under the Bunsen burner it melted and turned into	that could be sculpted.	False	n/a	n/a
