onset	duration	sample	value	trial_type	sequence_id	item_number	list	task_type	condition	expected_article	unexpected_article	expected_noun	unexpected_noun	expected_cloze	unexpected_cloze	plausibility_expected	plausibility_unexpected	sentence_context	sentence_ending	has_question	question_text	question_answer
23.359	0.2	23359	255	filler_word	n/a	n/a	n/a	control	n/a	n/a	n/a	n/a	n/a	n/a	n/a	n/a	n/a	n/a	n/a	n/a	n/a	n/a
23.844	0.2	23844	255	filler_word	n/a	n/a	n/a	control	n/a	n/a	n/a	n/a	n/a	n/a	n/a	n/a	n/a	n/a	n/a	n/a	n/a	n/a
24.329	0.2	24329	255	filler_word	n/a	n/a	n/a	control	n/a	n/a	n/a	n/a	n/a	n/a	n/a	n/a	n/a	n/a	n/a	n/a	n/a	n/a
24.814	0.2	24814	255	filler_word	n/a	n/a	n/a	control	n/a	n/a	n/a	n/a	n/a	n/a	n/a	n/a	n/a	n/a	n/a	n/a	n/a	n/a
25.299	0.2	25299	255	filler_word	n/a	n/a	n/a	control	n/a	n/a	n/a	n/a	n/a	n/a	n/a	n/a	n/a	n/a	n/a	n/a	n/a	n/a
25.785	0.2	25785	211	control_incorrect	n/a	n/a	n/a	control	n/a	n/a	n/a	n/a	n/a	n/a	n/a	n/a	n/a	n/a	n/a	n/a	n/a	n/a
26.069	0.0	26069	128	item_marker	0	28	1	control	n/a	n/a	n/a	n/a	n/a	n/a	n/a	n/a	n/a	I took part in a race once.	once.	n/a	n/a	n/a
26.27	0.2	26270	255	filler_word	0	28	1	control	n/a	n/a	n/a	n/a	n/a	n/a	n/a	n/a	n/a	I took part in a race once.	once.	n/a	n/a	n/a
28.763	0.2	28763	255	filler_word	0	28	1	control	n/a	n/a	n/a	n/a	n/a	n/a	n/a	n/a	n/a	I took part in a race once.	once.	n/a	n/a	n/a
29.248	0.2	29248	255	filler_word	0	28	1	control	n/a	n/a	n/a	n/a	n/a	n/a	n/a	n/a	n/a	I took part in a race once.	once.	n/a	n/a	n/a
29.733	0.2	29733	255	filler_word	0	28	1	control	n/a	n/a	n/a	n/a	n/a	n/a	n/a	n/a	n/a	I took part in a race once.	once.	n/a	n/a	n/a
30.218	0.2	30218	255	filler_word	0	28	1	control	n/a	n/a	n/a	n/a	n/a	n/a	n/a	n/a	n/a	I took part in a race once.	once.	n/a	n/a	n/a
30.703	0.2	30703	211	control_incorrect	0	28	1	control	n/a	n/a	n/a	n/a	n/a	n/a	n/a	n/a	n/a	I took part in a race once.	once.	n/a	n/a	n/a
30.988	0.0	30988	131	item_marker	1	31	1	control	n/a	n/a	n/a	n/a	n/a	n/a	n/a	n/a	n/a	Hannah sent me an invitation to her wedding.	to her wedding.	n/a	n/a	n/a
31.188	0.2	31188	255	filler_word	1	31	1	control	n/a	n/a	n/a	n/a	n/a	n/a	n/a	n/a	n/a	Hannah sent me an invitation to her wedding.	to her wedding.	n/a	n/a	n/a
31.674	0.2	31674	255	filler_word	1	31	1	control	n/a	n/a	n/a	n/a	n/a	n/a	n/a	n/a	n/a	Hannah sent me an invitation to her wedding.	to her wedding.	n/a	n/a	n/a
32.159	0.2	32159	255	filler_word	1	31	1	control	n/a	n/a	n/a	n/a	n/a	n/a	n/a	n/a	n/a	Hannah sent me an invitation to her wedding.	to her wedding.	n/a	n/a	n/a
34.334	0.2	34334	255	filler_word	1	31	1	control	n/a	n/a	n/a	n/a	n/a	n/a	n/a	n/a	n/a	Hannah sent me an invitation to her wedding.	to her wedding.	n/a	n/a	n/a
34.819	0.2	34819	255	filler_word	1	31	1	control	n/a	n/a	n/a	n/a	n/a	n/a	n/a	n/a	n/a	Hannah sent me an invitation to her wedding.	to her wedding.	n/a	n/a	n/a
35.304	0.2	35304	255	filler_word	1	31	1	control	n/a	n/a	n/a	n/a	n/a	n/a	n/a	n/a	n/a	Hannah sent me an invitation to her wedding.	to her wedding.	n/a	n/a	n/a
35.789	0.2	35789	255	filler_word	1	31	1	control	n/a	n/a	n/a	n/a	n/a	n/a	n/a	n/a	n/a	Hannah sent me an invitation to her wedding.	to her wedding.	n/a	n/a	n/a
36.274	0.2	36274	210	control_correct	1	31	1	control	n/a	n/a	n/a	n/a	n/a	n/a	n/a	n/a	n/a	Hannah sent me an invitation to her wedding.	to her wedding.	n/a	n/a	n/a
36.559	0.0	36559	125	item_marker	2	25	1	control	n/a	n/a	n/a	n/a	n/a	n/a	n/a	n/a	n/a	She never used a iron in her life.	in her life.	n/a	n/a	n/a
36.76	0.2	36760	255	filler_word	2	25	1	control	n/a	n/a	n/a	n/a	n/a	n/a	n/a	n/a	n/a	She never used a iron in her life.	in her life.	n/a	n/a	n/a
37.245	0.2	37245	255	filler_word	2	25	1	control	n/a	n/a	n/a	n/a	n/a	n/a	n/a	n/a	n/a	She never used a iron in her life.	in her life.	n/a	n/a	n/a
37.73	0.2	37730	255	filler_word	2	25	1	control	n/a	n/a	n/a	n/a	n/a	n/a	n/a	n/a	n/a	She never used a iron in her life.	in her life.	n/a	n/a	n/a
39.704	0.2	39704	255	filler_word	2	25	1	control	n/a	n/a	n/a	n/a	n/a	n/a	n/a	n/a	n/a	She never used a iron in her life.	in her life.	n/a	n/a	n/a
40.189	0.2	40189	255	filler_word	2	25	1	control	n/a	n/a	n/a	n/a	n/a	n/a	n/a	n/a	n/a	She never used a iron in her life.	in her life.	n/a	n/a	n/a
40.675	0.2	40675	255	filler_word	2	25	1	control	n/a	n/a	n/a	n/a	n/a	n/a	n/a	n/a	n/a	She never used a iron in her life.	in her life.	n/a	n/a	n/a
41.16	0.2	41160	211	control_incorrect	2	25	1	control	n/a	n/a	n/a	n/a	n/a	n/a	n/a	n/a	n/a	She never used a iron in her life.	in her life.	n/a	n/a	n/a
41.444	0.0	41444	120	item_marker	3	20	1	control	n/a	n/a	n/a	n/a	n/a	n/a	n/a	n/a	n/a	Never pick a fight with the wrong guy.	with the wrong guy.	n/a	n/a	n/a
41.645	0.2	41645	255	filler_word	3	20	1	control	n/a	n/a	n/a	n/a	n/a	n/a	n/a	n/a	n/a	Never pick a fight with the wrong guy.	with the wrong guy.	n/a	n/a	n/a
42.13	0.2	42130	255	filler_word	3	20	1	control	n/a	n/a	n/a	n/a	n/a	n/a	n/a	n/a	n/a	Never pick a fight with the wrong guy.	with the wrong guy.	n/a	n/a	n/a
42.615	0.2	42615	255	filler_word	3	20	1	control	n/a	n/a	n/a	n/a	n/a	n/a	n/a	n/a	n/a	Never pick a fight with the wrong guy.	with the wrong guy.	n/a	n/a	n/a
43.101	0.2	43101	255	filler_word	3	20	1	control	n/a	n/a	n/a	n/a	n/a	n/a	n/a	n/a	n/a	Never pick a fight with the wrong guy.	with the wrong guy.	n/a	n/a	n/a
45.342	0.2	45342	255	filler_word	3	20	1	control	n/a	n/a	n/a	n/a	n/a	n/a	n/a	n/a	n/a	Never pick a fight with the wrong guy.	with the wrong guy.	n/a	n/a	n/a
45.828	0.2	45828	255	filler_word	3	20	1	control	n/a	n/a	n/a	n/a	n/a	n/a	n/a	n/a	n/a	Never pick a fight with the wrong guy.	with the wrong guy.	n/a	n/a	n/a
46.313	0.2	46313	255	filler_word	3	20	1	control	n/a	n/a	n/a	n/a	n/a	n/a	n/a	n/a	n/a	Never pick a fight with the wrong guy.	with the wrong guy.	n/a	n/a	n/a
46.798	0.2	46798	255	filler_word	3	20	1	control	n/a	n/a	n/a	n/a	n/a	n/a	n/a	n/a	n/a	Never pick a fight with the wrong guy.	with the wrong guy.	n/a	n/a	n/a
47.283	0.2	47283	255	filler_word	3	20	1	control	n/a	n/a	n/a	n/a	n/a	n/a	n/a	n/a	n/a	Never pick a fight with the wrong guy.	with the wrong guy.	n/a	n/a	n/a
47.768	0.2	47768	255	filler_word	3	20	1	control	n/a	n/a	n/a	n/a	n/a	n/a	n/a	n/a	n/a	Never pick a fight with the wrong guy.	with the wrong guy.	n/a	n/a	n/a
48.253	0.2	48253	255	filler_word	3	20	1	control	n/a	n/a	n/a	n/a	n/a	n/a	n/a	n/a	n/a	Never pick a fight with the wrong guy.	with the wrong guy.	n/a	n/a	n/a
48.739	0.2	48739	211	control_incorrect	3	20	1	control	n/a	n/a	n/a	n/a	n/a	n/a	n/a	n/a	n/a	Never pick a fight with the wrong guy.	with the wrong guy.	n/a	n/a	n/a
49.023	0.0	49023	135	item_marker	4	35	1	control	n/a	n/a	n/a	n/a	n/a	n/a	n/a	n/a	n/a	If you go to Edinburgh, bring an umbrella with you.	with you.	n/a	n/a	n/a
49.224	0.2	49224	255	filler_word	4	35	1	control	n/a	n/a	n/a	n/a	n/a	n/a	n/a	n/a	n/a	If you go to Edinburgh, bring an umbrella with you.	with you.	n/a	n/a	n/a
49.709	0.2	49709	255	filler_word	4	35	1	control	n/a	n/a	n/a	n/a	n/a	n/a	n/a	n/a	n/a	If you go to Edinburgh, bring an umbrella with you.	with you.	n/a	n/a	n/a
51.917	0.2	51917	255	filler_word	4	35	1	control	n/a	n/a	n/a	n/a	n/a	n/a	n/a	n/a	n/a	If you go to Edinburgh, bring an umbrella with you.	with you.	n/a	n/a	n/a
52.403	0.2	52403	255	filler_word	4	35	1	control	n/a	n/a	n/a	n/a	n/a	n/a	n/a	n/a	n/a	If you go to Edinburgh, bring an umbrella with you.	with you.	n/a	n/a	n/a
52.888	0.2	52888	255	filler_word	4	35	1	control	n/a	n/a	n/a	n/a	n/a	n/a	n/a	n/a	n/a	If you go to Edinburgh, bring an umbrella with you.	with you.	n/a	n/a	n/a
53.373	0.2	53373	255	filler_word	4	35	1	control	n/a	n/a	n/a	n/a	n/a	n/a	n/a	n/a	n/a	If you go to Edinburgh, bring an umbrella with you.	with you.	n/a	n/a	n/a
53.858	0.2	53858	255	filler_word	4	35	1	control	n/a	n/a	n/a	n/a	n/a	n/a	n/a	n/a	n/a	If you go to Edinburgh, bring an umbrella with you.	with you.	n/a	n/a	n/a
54.343	0.2	54343	210	control_correct	4	35	1	control	n/a	n/a	n/a	n/a	n/a	n/a	n/a	n/a	n/a	If you go to Edinburgh, bring an umbrella with you.	with you.	n/a	n/a	n/a
54.628	0.0	54628	137	item_marker	5	37	1	control	n/a	n/a	n/a	n/a	n/a	n/a	n/a	n/a	n/a	Jim wanted to become a architect when he was little.	when he was little.	n/a	n/a	n/a
54.829	0.2	54829	255	filler_word	5	37	1	control	n/a	n/a	n/a	n/a	n/a	n/a	n/a	n/a	n/a	Jim wanted to become a architect when he was little.	when he was little.	n/a	n/a	n/a
55.314	0.2	55314	255	filler_word	5	37	1	control	n/a	n/a	n/a	n/a	n/a	n/a	n/a	n/a	n/a	Jim wanted to become a architect when he was little.	when he was little.	n/a	n/a	n/a
55.799	0.2	55799	255	filler_word	5	37	1	control	n/a	n/a	n/a	n/a	n/a	n/a	n/a	n/a	n/a	Jim wanted to become a architect when he was little.	when he was little.	n/a	n/a	n/a
56.284	0.2	56284	255	filler_word	5	37	1	control	n/a	n/a	n/a	n/a	n/a	n/a	n/a	n/a	n/a	Jim wanted to become a architect when he was little.	when he was little.	n/a	n/a	n/a
59.463	0.2	59463	255	filler_word	5	37	1	control	n/a	n/a	n/a	n/a	n/a	n/a	n/a	n/a	n/a	Jim wanted to become a architect when he was little.	when he was little.	n/a	n/a	n/a
59.948	0.2	59948	255	filler_word	5	37	1	control	n/a	n/a	n/a	n/a	n/a	n/a	n/a	n/a	n/a	Jim wanted to become a architect when he was little.	when he was little.	n/a	n/a	n/a
60.433	0.2	60433	255	filler_word	5	37	1	control	n/a	n/a	n/a	n/a	n/a	n/a	n/a	n/a	n/a	Jim wanted to become a architect when he was little.	when he was little.	n/a	n/a	n/a
60.918	0.2	60918	255	filler_word	5	37	1	control	n/a	n/a	n/a	n/a	n/a	n/a	n/a	n/a	n/a	Jim wanted to become a architect when he was little.	when he was little.	n/a	n/a	n/a
61.404	0.2	61404	255	filler_word	5	37	1	control	n/a	n/a	n/a	n/a	n/a	n/a	n/a	n/a	n/a	Jim wanted to become a architect when he was little.	when he was little.	n/a	n/a	n/a
61.889	0.2	61889	211	control_incorrect	5	37	1	control	n/a	n/a	n/a	n/a	n/a	n/a	n/a	n/a	n/a	Jim wanted to become a architect when he was little.	when he was little.	n/a	n/a	n/a
62.173	0.0	62173	123	item_marker	6	23	1	control	n/a	n/a	n/a	n/a	n/a	n/a	n/a	n/a	n/a	The doctor had  an emergency so he had to leave.	so he had to leave.	n/a	n/a	n/a
62.374	0.2	62374	255	filler_word	6	23	1	control	n/a	n/a	n/a	n/a	n/a	n/a	n/a	n/a	n/a	The doctor had  an emergency so he had to leave.	so he had to leave.	n/a	n/a	n/a
62.859	0.2	62859	255	filler_word	6	23	1	control	n/a	n/a	n/a	n/a	n/a	n/a	n/a	n/a	n/a	The doctor had  an emergency so he had to leave.	so he had to leave.	n/a	n/a	n/a
63.344	0.2	63344	255	filler_word	6	23	1	control	n/a	n/a	n/a	n/a	n/a	n/a	n/a	n/a	n/a	The doctor had  an emergency so he had to leave.	so he had to leave.	n/a	n/a	n/a
63.829	0.2	63829	255	filler_word	6	23	1	control	n/a	n/a	n/a	n/a	n/a	n/a	n/a	n/a	n/a	The doctor had  an emergency so he had to leave.	so he had to leave.	n/a	n/a	n/a
65.837	0.2	65837	255	filler_word	6	23	1	control	n/a	n/a	n/a	n/a	n/a	n/a	n/a	n/a	n/a	The doctor had  an emergency so he had to leave.	so he had to leave.	n/a	n/a	n/a
66.322	0.2	66322	255	filler_word	6	23	1	control	n/a	n/a	n/a	n/a	n/a	n/a	n/a	n/a	n/a	The doctor had  an emergency so he had to leave.	so he had to leave.	n/a	n/a	n/a
66.807	0.2	66807	255	filler_word	6	23	1	control	n/a	n/a	n/a	n/a	n/a	n/a	n/a	n/a	n/a	The doctor had  an emergency so he had to leave.	so he had to leave.	n/a	n/a	n/a
67.293	0.2	67293	210	control_correct	6	23	1	control	n/a	n/a	n/a	n/a	n/a	n/a	n/a	n/a	n/a	The doctor had  an emergency so he had to leave.	so he had to leave.	n/a	n/a	n/a
67.577	0.0	67577	101	item_marker	7	1	1	control	n/a	n/a	n/a	n/a	n/a	n/a	n/a	n/a	n/a	David found a apple on the floor.	on the floor.	n/a	n/a	n/a
67.778	0.2	67778	255	filler_word	7	1	1	control	n/a	n/a	n/a	n/a	n/a	n/a	n/a	n/a	n/a	David found a apple on the floor.	on the floor.	n/a	n/a	n/a
68.263	0.2	68263	255	filler_word	7	1	1	control	n/a	n/a	n/a	n/a	n/a	n/a	n/a	n/a	n/a	David found a apple on the floor.	on the floor.	n/a	n/a	n/a
68.748	0.2	68748	255	filler_word	7	1	1	control	n/a	n/a	n/a	n/a	n/a	n/a	n/a	n/a	n/a	David found a apple on the floor.	on the floor.	n/a	n/a	n/a
70.773	0.2	70773	255	filler_word	7	1	1	control	n/a	n/a	n/a	n/a	n/a	n/a	n/a	n/a	n/a	David found a apple on the floor.	on the floor.	n/a	n/a	n/a
71.258	0.2	71258	255	filler_word	7	1	1	control	n/a	n/a	n/a	n/a	n/a	n/a	n/a	n/a	n/a	David found a apple on the floor.	on the floor.	n/a	n/a	n/a
71.743	0.2	71743	255	filler_word	7	1	1	control	n/a	n/a	n/a	n/a	n/a	n/a	n/a	n/a	n/a	David found a apple on the floor.	on the floor.	n/a	n/a	n/a
72.228	0.2	72228	255	filler_word	7	1	1	control	n/a	n/a	n/a	n/a	n/a	n/a	n/a	n/a	n/a	David found a apple on the floor.	on the floor.	n/a	n/a	n/a
72.713	0.2	72713	255	filler_word	7	1	1	control	n/a	n/a	n/a	n/a	n/a	n/a	n/a	n/a	n/a	David found a apple on the floor.	on the floor.	n/a	n/a	n/a
73.198	0.2	73198	210	control_correct	7	1	1	control	n/a	n/a	n/a	n/a	n/a	n/a	n/a	n/a	n/a	David found a apple on the floor.	on the floor.	n/a	n/a	n/a
73.483	0.0	73483	129	item_marker	8	29	1	control	n/a	n/a	n/a	n/a	n/a	n/a	n/a	n/a	n/a	Luke is looking for an flat in Venice.	in Venice.	n/a	n/a	n/a
73.684	0.2	73684	255	filler_word	8	29	1	control	n/a	n/a	n/a	n/a	n/a	n/a	n/a	n/a	n/a	Luke is looking for an flat in Venice.	in Venice.	n/a	n/a	n/a
74.169	0.2	74169	255	filler_word	8	29	1	control	n/a	n/a	n/a	n/a	n/a	n/a	n/a	n/a	n/a	Luke is looking for an flat in Venice.	in Venice.	n/a	n/a	n/a
76.528	0.2	76528	255	filler_word	8	29	1	control	n/a	n/a	n/a	n/a	n/a	n/a	n/a	n/a	n/a	Luke is looking for an flat in Venice.	in Venice.	n/a	n/a	n/a
77.013	0.2	77013	255	filler_word	8	29	1	control	n/a	n/a	n/a	n/a	n/a	n/a	n/a	n/a	n/a	Luke is looking for an flat in Venice.	in Venice.	n/a	n/a	n/a
77.498	0.2	77498	255	filler_word	8	29	1	control	n/a	n/a	n/a	n/a	n/a	n/a	n/a	n/a	n/a	Luke is looking for an flat in Venice.	in Venice.	n/a	n/a	n/a
77.983	0.2	77983	255	filler_word	8	29	1	control	n/a	n/a	n/a	n/a	n/a	n/a	n/a	n/a	n/a	Luke is looking for an flat in Venice.	in Venice.	n/a	n/a	n/a
78.469	0.2	78469	210	control_correct	8	29	1	control	n/a	n/a	n/a	n/a	n/a	n/a	n/a	n/a	n/a	Luke is looking for an flat in Venice.	in Venice.	n/a	n/a	n/a
78.753	0.0	78753	102	item_marker	9	2	1	control	n/a	n/a	n/a	n/a	n/a	n/a	n/a	n/a	n/a	The boy ate an carrot as a snack.	as a snack.	n/a	n/a	n/a
78.954	0.2	78954	255	filler_word	9	2	1	control	n/a	n/a	n/a	n/a	n/a	n/a	n/a	n/a	n/a	The boy ate an carrot as a snack.	as a snack.	n/a	n/a	n/a
79.439	0.2	79439	255	filler_word	9	2	1	control	n/a	n/a	n/a	n/a	n/a	n/a	n/a	n/a	n/a	The boy ate an carrot as a snack.	as a snack.	n/a	n/a	n/a
79.924	0.2	79924	255	filler_word	9	2	1	control	n/a	n/a	n/a	n/a	n/a	n/a	n/a	n/a	n/a	The boy ate an carrot as a snack.	as a snack.	n/a	n/a	n/a
81.999	0.2	81999	255	filler_word	9	2	1	control	n/a	n/a	n/a	n/a	n/a	n/a	n/a	n/a	n/a	The boy ate an carrot as a snack.	as a snack.	n/a	n/a	n/a
82.484	0.2	82484	255	filler_word	9	2	1	control	n/a	n/a	n/a	n/a	n/a	n/a	n/a	n/a	n/a	The boy ate an carrot as a snack.	as a snack.	n/a	n/a	n/a
82.969	0.2	82969	255	filler_word	9	2	1	control	n/a	n/a	n/a	n/a	n/a	n/a	n/a	n/a	n/a	The boy ate an carrot as a snack.	as a snack.	n/a	n/a	n/a
83.454	0.2	83454	211	control_incorrect	9	2	1	control	n/a	n/a	n/a	n/a	n/a	n/a	n/a	n/a	n/a	The boy ate an carrot as a snack.	as a snack.	n/a	n/a	n/a
83.739	0.0	83739	139	item_marker	10	39	1	control	n/a	n/a	n/a	n/a	n/a	n/a	n/a	n/a	n/a	I got an infection after the operation.	after the operation.	n/a	n/a	n/a
83.939	0.2	83939	255	filler_word	10	39	1	control	n/a	n/a	n/a	n/a	n/a	n/a	n/a	n/a	n/a	I got an infection after the operation.	after the operation.	n/a	n/a	n/a
84.425	0.2	84425	255	filler_word	10	39	1	control	n/a	n/a	n/a	n/a	n/a	n/a	n/a	n/a	n/a	I got an infection after the operation.	after the operation.	n/a	n/a	n/a
84.91	0.2	84910	255	filler_word	10	39	1	control	n/a	n/a	n/a	n/a	n/a	n/a	n/a	n/a	n/a	I got an infection after the operation.	after the operation.	n/a	n/a	n/a
87.118	0.2	87118	255	filler_word	10	39	1	control	n/a	n/a	n/a	n/a	n/a	n/a	n/a	n/a	n/a	I got an infection after the operation.	after the operation.	n/a	n/a	n/a
87.603	0.2	87603	255	filler_word	10	39	1	control	n/a	n/a	n/a	n/a	n/a	n/a	n/a	n/a	n/a	I got an infection after the operation.	after the operation.	n/a	n/a	n/a
88.089	0.2	88089	255	filler_word	10	39	1	control	n/a	n/a	n/a	n/a	n/a	n/a	n/a	n/a	n/a	I got an infection after the operation.	after the operation.	n/a	n/a	n/a
88.574	0.2	88574	255	filler_word	10	39	1	control	n/a	n/a	n/a	n/a	n/a	n/a	n/a	n/a	n/a	I got an infection after the operation.	after the operation.	n/a	n/a	n/a
89.059	0.2	89059	255	filler_word	10	39	1	control	n/a	n/a	n/a	n/a	n/a	n/a	n/a	n/a	n/a	I got an infection after the operation.	after the operation.	n/a	n/a	n/a
89.544	0.2	89544	211	control_incorrect	10	39	1	control	n/a	n/a	n/a	n/a	n/a	n/a	n/a	n/a	n/a	I got an infection after the operation.	after the operation.	n/a	n/a	n/a
89.829	0.0	89829	115	item_marker	11	15	1	control	n/a	n/a	n/a	n/a	n/a	n/a	n/a	n/a	n/a	You have to get an education before looking for a job.	before looking for a job.	n/a	n/a	n/a
90.029	0.2	90029	255	filler_word	11	15	1	control	n/a	n/a	n/a	n/a	n/a	n/a	n/a	n/a	n/a	You have to get an education before looking for a job.	before looking for a job.	n/a	n/a	n/a
90.514	0.2	90514	255	filler_word	11	15	1	control	n/a	n/a	n/a	n/a	n/a	n/a	n/a	n/a	n/a	You have to get an education before looking for a job.	before looking for a job.	n/a	n/a	n/a
91.0	0.2	91000	255	filler_word	11	15	1	control	n/a	n/a	n/a	n/a	n/a	n/a	n/a	n/a	n/a	You have to get an education before looking for a job.	before looking for a job.	n/a	n/a	n/a
91.485	0.2	91485	255	filler_word	11	15	1	control	n/a	n/a	n/a	n/a	n/a	n/a	n/a	n/a	n/a	You have to get an education before looking for a job.	before looking for a job.	n/a	n/a	n/a
91.97	0.2	91970	255	filler_word	11	15	1	control	n/a	n/a	n/a	n/a	n/a	n/a	n/a	n/a	n/a	You have to get an education before looking for a job.	before looking for a job.	n/a	n/a	n/a
93.81	0.2	93810	255	filler_word	11	15	1	control	n/a	n/a	n/a	n/a	n/a	n/a	n/a	n/a	n/a	You have to get an education before looking for a job.	before looking for a job.	n/a	n/a	n/a
94.296	0.2	94296	255	filler_word	11	15	1	control	n/a	n/a	n/a	n/a	n/a	n/a	n/a	n/a	n/a	You have to get an education before looking for a job.	before looking for a job.	n/a	n/a	n/a
94.781	0.2	94781	255	filler_word	11	15	1	control	n/a	n/a	n/a	n/a	n/a	n/a	n/a	n/a	n/a	You have to get an education before looking for a job.	before looking for a job.	n/a	n/a	n/a
95.266	0.2	95266	255	filler_word	11	15	1	control	n/a	n/a	n/a	n/a	n/a	n/a	n/a	n/a	n/a	You have to get an education before looking for a job.	before looking for a job.	n/a	n/a	n/a
95.751	0.2	95751	255	filler_word	11	15	1	control	n/a	n/a	n/a	n/a	n/a	n/a	n/a	n/a	n/a	You have to get an education before looking for a job.	before looking for a job.	n/a	n/a	n/a
96.236	0.2	96236	255	filler_word	11	15	1	control	n/a	n/a	n/a	n/a	n/a	n/a	n/a	n/a	n/a	You have to get an education before looking for a job.	before looking for a job.	n/a	n/a	n/a
96.721	0.2	96721	210	control_correct	11	15	1	control	n/a	n/a	n/a	n/a	n/a	n/a	n/a	n/a	n/a	You have to get an education before looking for a job.	before looking for a job.	n/a	n/a	n/a
97.006	0.0	97006	114	item_marker	12	14	1	control	n/a	n/a	n/a	n/a	n/a	n/a	n/a	n/a	n/a	He was happy to have an student like her.	like her.	n/a	n/a	n/a
97.207	0.2	97207	255	filler_word	12	14	1	control	n/a	n/a	n/a	n/a	n/a	n/a	n/a	n/a	n/a	He was happy to have an student like her.	like her.	n/a	n/a	n/a
97.692	0.2	97692	255	filler_word	12	14	1	control	n/a	n/a	n/a	n/a	n/a	n/a	n/a	n/a	n/a	He was happy to have an student like her.	like her.	n/a	n/a	n/a
99.633	0.2	99633	255	filler_word	12	14	1	control	n/a	n/a	n/a	n/a	n/a	n/a	n/a	n/a	n/a	He was happy to have an student like her.	like her.	n/a	n/a	n/a
100.118	0.2	100118	255	filler_word	12	14	1	control	n/a	n/a	n/a	n/a	n/a	n/a	n/a	n/a	n/a	He was happy to have an student like her.	like her.	n/a	n/a	n/a
100.603	0.2	100603	255	filler_word	12	14	1	control	n/a	n/a	n/a	n/a	n/a	n/a	n/a	n/a	n/a	He was happy to have an student like her.	like her.	n/a	n/a	n/a
101.088	0.2	101088	255	filler_word	12	14	1	control	n/a	n/a	n/a	n/a	n/a	n/a	n/a	n/a	n/a	He was happy to have an student like her.	like her.	n/a	n/a	n/a
101.573	0.2	101573	211	control_incorrect	12	14	1	control	n/a	n/a	n/a	n/a	n/a	n/a	n/a	n/a	n/a	He was happy to have an student like her.	like her.	n/a	n/a	n/a
101.858	0.0	101858	104	item_marker	13	4	1	control	n/a	n/a	n/a	n/a	n/a	n/a	n/a	n/a	n/a	She had had a lisp her whole life.	her whole life.	n/a	n/a	n/a
102.058	0.2	102058	255	filler_word	13	4	1	control	n/a	n/a	n/a	n/a	n/a	n/a	n/a	n/a	n/a	She had had a lisp her whole life.	her whole life.	n/a	n/a	n/a
102.544	0.2	102544	255	filler_word	13	4	1	control	n/a	n/a	n/a	n/a	n/a	n/a	n/a	n/a	n/a	She had had a lisp her whole life.	her whole life.	n/a	n/a	n/a
103.029	0.2	103029	255	filler_word	13	4	1	control	n/a	n/a	n/a	n/a	n/a	n/a	n/a	n/a	n/a	She had had a lisp her whole life.	her whole life.	n/a	n/a	n/a
105.02	0.2	105020	255	filler_word	13	4	1	control	n/a	n/a	n/a	n/a	n/a	n/a	n/a	n/a	n/a	She had had a lisp her whole life.	her whole life.	n/a	n/a	n/a
105.505	0.2	105505	255	filler_word	13	4	1	control	n/a	n/a	n/a	n/a	n/a	n/a	n/a	n/a	n/a	She had had a lisp her whole life.	her whole life.	n/a	n/a	n/a
105.99	0.2	105990	255	filler_word	13	4	1	control	n/a	n/a	n/a	n/a	n/a	n/a	n/a	n/a	n/a	She had had a lisp her whole life.	her whole life.	n/a	n/a	n/a
106.475	0.2	106475	210	control_correct	13	4	1	control	n/a	n/a	n/a	n/a	n/a	n/a	n/a	n/a	n/a	She had had a lisp her whole life.	her whole life.	n/a	n/a	n/a
106.76	0.0	106760	133	item_marker	14	33	1	control	n/a	n/a	n/a	n/a	n/a	n/a	n/a	n/a	n/a	I saw a elephant at the zoo.	at the zoo.	n/a	n/a	n/a
106.96	0.2	106960	255	filler_word	14	33	1	control	n/a	n/a	n/a	n/a	n/a	n/a	n/a	n/a	n/a	I saw a elephant at the zoo.	at the zoo.	n/a	n/a	n/a
107.446	0.2	107446	255	filler_word	14	33	1	control	n/a	n/a	n/a	n/a	n/a	n/a	n/a	n/a	n/a	I saw a elephant at the zoo.	at the zoo.	n/a	n/a	n/a
107.931	0.2	107931	255	filler_word	14	33	1	control	n/a	n/a	n/a	n/a	n/a	n/a	n/a	n/a	n/a	I saw a elephant at the zoo.	at the zoo.	n/a	n/a	n/a
109.821	0.2	109821	255	filler_word	14	33	1	control	n/a	n/a	n/a	n/a	n/a	n/a	n/a	n/a	n/a	I saw a elephant at the zoo.	at the zoo.	n/a	n/a	n/a
110.307	0.2	110307	255	filler_word	14	33	1	control	n/a	n/a	n/a	n/a	n/a	n/a	n/a	n/a	n/a	I saw a elephant at the zoo.	at the zoo.	n/a	n/a	n/a
110.792	0.2	110792	255	filler_word	14	33	1	control	n/a	n/a	n/a	n/a	n/a	n/a	n/a	n/a	n/a	I saw a elephant at the zoo.	at the zoo.	n/a	n/a	n/a
111.26	0.2	111260	255	filler_word	14	33	1	control	n/a	n/a	n/a	n/a	n/a	n/a	n/a	n/a	n/a	I saw a elephant at the zoo.	at the zoo.	n/a	n/a	n/a
111.745	0.2	111745	211	control_incorrect	14	33	1	control	n/a	n/a	n/a	n/a	n/a	n/a	n/a	n/a	n/a	I saw a elephant at the zoo.	at the zoo.	n/a	n/a	n/a
112.03	0.0	112030	136	item_marker	15	36	1	control	n/a	n/a	n/a	n/a	n/a	n/a	n/a	n/a	n/a	I always read a newspaper at breakfast.	at breakfast.	n/a	n/a	n/a
112.231	0.2	112231	255	filler_word	15	36	1	control	n/a	n/a	n/a	n/a	n/a	n/a	n/a	n/a	n/a	I always read a newspaper at breakfast.	at breakfast.	n/a	n/a	n/a
112.716	0.2	112716	255	filler_word	15	36	1	control	n/a	n/a	n/a	n/a	n/a	n/a	n/a	n/a	n/a	I always read a newspaper at breakfast.	at breakfast.	n/a	n/a	n/a
114.573	0.2	114573	255	filler_word	15	36	1	control	n/a	n/a	n/a	n/a	n/a	n/a	n/a	n/a	n/a	I always read a newspaper at breakfast.	at breakfast.	n/a	n/a	n/a
115.058	0.2	115058	255	filler_word	15	36	1	control	n/a	n/a	n/a	n/a	n/a	n/a	n/a	n/a	n/a	I always read a newspaper at breakfast.	at breakfast.	n/a	n/a	n/a
115.543	0.2	115543	255	filler_word	15	36	1	control	n/a	n/a	n/a	n/a	n/a	n/a	n/a	n/a	n/a	I always read a newspaper at breakfast.	at breakfast.	n/a	n/a	n/a
116.028	0.2	116028	255	filler_word	15	36	1	control	n/a	n/a	n/a	n/a	n/a	n/a	n/a	n/a	n/a	I always read a newspaper at breakfast.	at breakfast.	n/a	n/a	n/a
116.513	0.2	116513	255	filler_word	15	36	1	control	n/a	n/a	n/a	n/a	n/a	n/a	n/a	n/a	n/a	I always read a newspaper at breakfast.	at breakfast.	n/a	n/a	n/a
116.999	0.2	116999	210	control_correct	15	36	1	control	n/a	n/a	n/a	n/a	n/a	n/a	n/a	n/a	n/a	I always read a newspaper at breakfast.	at breakfast.	n/a	n/a	n/a
117.283	0.0	117283	113	item_marker	16	13	1	control	n/a	n/a	n/a	n/a	n/a	n/a	n/a	n/a	n/a	Lorrie started working as a artist after school.	after school.	n/a	n/a	n/a
117.484	0.2	117484	255	filler_word	16	13	1	control	n/a	n/a	n/a	n/a	n/a	n/a	n/a	n/a	n/a	Lorrie started working as a artist after school.	after school.	n/a	n/a	n/a
117.969	0.2	117969	255	filler_word	16	13	1	control	n/a	n/a	n/a	n/a	n/a	n/a	n/a	n/a	n/a	Lorrie started working as a artist after school.	after school.	n/a	n/a	n/a
119.893	0.2	119893	255	filler_word	16	13	1	control	n/a	n/a	n/a	n/a	n/a	n/a	n/a	n/a	n/a	Lorrie started working as a artist after school.	after school.	n/a	n/a	n/a
120.378	0.2	120378	255	filler_word	16	13	1	control	n/a	n/a	n/a	n/a	n/a	n/a	n/a	n/a	n/a	Lorrie started working as a artist after school.	after school.	n/a	n/a	n/a
120.863	0.2	120863	255	filler_word	16	13	1	control	n/a	n/a	n/a	n/a	n/a	n/a	n/a	n/a	n/a	Lorrie started working as a artist after school.	after school.	n/a	n/a	n/a
121.349	0.2	121349	211	control_incorrect	16	13	1	control	n/a	n/a	n/a	n/a	n/a	n/a	n/a	n/a	n/a	Lorrie started working as a artist after school.	after school.	n/a	n/a	n/a
121.633	0.0	121633	112	item_marker	17	12	1	control	n/a	n/a	n/a	n/a	n/a	n/a	n/a	n/a	n/a	Anna has a fish as a pet.	as a pet.	n/a	n/a	n/a
121.834	0.2	121834	255	filler_word	17	12	1	control	n/a	n/a	n/a	n/a	n/a	n/a	n/a	n/a	n/a	Anna has a fish as a pet.	as a pet.	n/a	n/a	n/a
122.319	0.2	122319	255	filler_word	17	12	1	control	n/a	n/a	n/a	n/a	n/a	n/a	n/a	n/a	n/a	Anna has a fish as a pet.	as a pet.	n/a	n/a	n/a
122.804	0.2	122804	255	filler_word	17	12	1	control	n/a	n/a	n/a	n/a	n/a	n/a	n/a	n/a	n/a	Anna has a fish as a pet.	as a pet.	n/a	n/a	n/a
124.678	0.2	124678	255	filler_word	17	12	1	control	n/a	n/a	n/a	n/a	n/a	n/a	n/a	n/a	n/a	Anna has a fish as a pet.	as a pet.	n/a	n/a	n/a
125.163	0.2	125163	255	filler_word	17	12	1	control	n/a	n/a	n/a	n/a	n/a	n/a	n/a	n/a	n/a	Anna has a fish as a pet.	as a pet.	n/a	n/a	n/a
125.648	0.2	125648	255	filler_word	17	12	1	control	n/a	n/a	n/a	n/a	n/a	n/a	n/a	n/a	n/a	Anna has a fish as a pet.	as a pet.	n/a	n/a	n/a
126.133	0.2	126133	210	control_correct	17	12	1	control	n/a	n/a	n/a	n/a	n/a	n/a	n/a	n/a	n/a	Anna has a fish as a pet.	as a pet.	n/a	n/a	n/a
126.418	0.0	126418	117	item_marker	18	17	1	control	n/a	n/a	n/a	n/a	n/a	n/a	n/a	n/a	n/a	They hold a election every four years.	every four years.	n/a	n/a	n/a
126.619	0.2	126619	255	filler_word	18	17	1	control	n/a	n/a	n/a	n/a	n/a	n/a	n/a	n/a	n/a	They hold a election every four years.	every four years.	n/a	n/a	n/a
127.104	0.2	127104	255	filler_word	18	17	1	control	n/a	n/a	n/a	n/a	n/a	n/a	n/a	n/a	n/a	They hold a election every four years.	every four years.	n/a	n/a	n/a
127.589	0.2	127589	255	filler_word	18	17	1	control	n/a	n/a	n/a	n/a	n/a	n/a	n/a	n/a	n/a	They hold a election every four years.	every four years.	n/a	n/a	n/a
129.463	0.2	129463	255	filler_word	18	17	1	control	n/a	n/a	n/a	n/a	n/a	n/a	n/a	n/a	n/a	They hold a election every four years.	every four years.	n/a	n/a	n/a
129.948	0.2	129948	255	filler_word	18	17	1	control	n/a	n/a	n/a	n/a	n/a	n/a	n/a	n/a	n/a	They hold a election every four years.	every four years.	n/a	n/a	n/a
130.433	0.2	130433	255	filler_word	18	17	1	control	n/a	n/a	n/a	n/a	n/a	n/a	n/a	n/a	n/a	They hold a election every four years.	every four years.	n/a	n/a	n/a
130.918	0.2	130918	211	control_incorrect	18	17	1	control	n/a	n/a	n/a	n/a	n/a	n/a	n/a	n/a	n/a	They hold a election every four years.	every four years.	n/a	n/a	n/a
131.203	0.0	131203	108	item_marker	19	8	1	control	n/a	n/a	n/a	n/a	n/a	n/a	n/a	n/a	n/a	There was a kite in the sky.	in the sky.	n/a	n/a	n/a
131.404	0.2	131404	255	filler_word	19	8	1	control	n/a	n/a	n/a	n/a	n/a	n/a	n/a	n/a	n/a	There was a kite in the sky.	in the sky.	n/a	n/a	n/a
131.889	0.2	131889	255	filler_word	19	8	1	control	n/a	n/a	n/a	n/a	n/a	n/a	n/a	n/a	n/a	There was a kite in the sky.	in the sky.	n/a	n/a	n/a
132.374	0.2	132374	255	filler_word	19	8	1	control	n/a	n/a	n/a	n/a	n/a	n/a	n/a	n/a	n/a	There was a kite in the sky.	in the sky.	n/a	n/a	n/a
134.365	0.2	134365	255	filler_word	19	8	1	control	n/a	n/a	n/a	n/a	n/a	n/a	n/a	n/a	n/a	There was a kite in the sky.	in the sky.	n/a	n/a	n/a
134.85	0.2	134850	255	filler_word	19	8	1	control	n/a	n/a	n/a	n/a	n/a	n/a	n/a	n/a	n/a	There was a kite in the sky.	in the sky.	n/a	n/a	n/a
135.335	0.2	135335	255	filler_word	19	8	1	control	n/a	n/a	n/a	n/a	n/a	n/a	n/a	n/a	n/a	There was a kite in the sky.	in the sky.	n/a	n/a	n/a
135.82	0.2	135820	255	filler_word	19	8	1	control	n/a	n/a	n/a	n/a	n/a	n/a	n/a	n/a	n/a	There was a kite in the sky.	in the sky.	n/a	n/a	n/a
136.306	0.2	136306	210	control_correct	19	8	1	control	n/a	n/a	n/a	n/a	n/a	n/a	n/a	n/a	n/a	There was a kite in the sky.	in the sky.	n/a	n/a	n/a
136.59	0.0	136590	121	item_marker	20	21	1	control	n/a	n/a	n/a	n/a	n/a	n/a	n/a	n/a	n/a	He asked for a allowance for the next year.	for the next year.	n/a	n/a	n/a
136.791	0.2	136791	255	filler_word	20	21	1	control	n/a	n/a	n/a	n/a	n/a	n/a	n/a	n/a	n/a	He asked for a allowance for the next year.	for the next year.	n/a	n/a	n/a
137.276	0.2	137276	255	filler_word	20	21	1	control	n/a	n/a	n/a	n/a	n/a	n/a	n/a	n/a	n/a	He asked for a allowance for the next year.	for the next year.	n/a	n/a	n/a
137.761	0.2	137761	255	filler_word	20	21	1	control	n/a	n/a	n/a	n/a	n/a	n/a	n/a	n/a	n/a	He asked for a allowance for the next year.	for the next year.	n/a	n/a	n/a
138.246	0.2	138246	255	filler_word	20	21	1	control	n/a	n/a	n/a	n/a	n/a	n/a	n/a	n/a	n/a	He asked for a allowance for the next year.	for the next year.	n/a	n/a	n/a
140.455	0.2	140455	255	filler_word	20	21	1	control	n/a	n/a	n/a	n/a	n/a	n/a	n/a	n/a	n/a	He asked for a allowance for the next year.	for the next year.	n/a	n/a	n/a
140.94	0.2	140940	255	filler_word	20	21	1	control	n/a	n/a	n/a	n/a	n/a	n/a	n/a	n/a	n/a	He asked for a allowance for the next year.	for the next year.	n/a	n/a	n/a
141.425	0.2	141425	255	filler_word	20	21	1	control	n/a	n/a	n/a	n/a	n/a	n/a	n/a	n/a	n/a	He asked for a allowance for the next year.	for the next year.	n/a	n/a	n/a
141.91	0.2	141910	255	filler_word	20	21	1	control	n/a	n/a	n/a	n/a	n/a	n/a	n/a	n/a	n/a	He asked for a allowance for the next year.	for the next year.	n/a	n/a	n/a
142.395	0.2	142395	255	filler_word	20	21	1	control	n/a	n/a	n/a	n/a	n/a	n/a	n/a	n/a	n/a	He asked for a allowance for the next year.	for the next year.	n/a	n/a	n/a
142.881	0.2	142881	210	control_correct	20	21	1	control	n/a	n/a	n/a	n/a	n/a	n/a	n/a	n/a	n/a	He asked for a allowance for the next year.	for the next year.	n/a	n/a	n/a
143.165	0.0	143165	118	item_marker	21	18	1	control	n/a	n/a	n/a	n/a	n/a	n/a	n/a	n/a	n/a	He has never seen an parade like this.	like this.	n/a	n/a	n/a
143.366	0.2	143366	255	filler_word	21	18	1	control	n/a	n/a	n/a	n/a	n/a	n/a	n/a	n/a	n/a	He has never seen an parade like this.	like this.	n/a	n/a	n/a
143.851	0.2	143851	255	filler_word	21	18	1	control	n/a	n/a	n/a	n/a	n/a	n/a	n/a	n/a	n/a	He has never seen an parade like this.	like this.	n/a	n/a	n/a
145.691	0.2	145691	255	filler_word	21	18	1	control	n/a	n/a	n/a	n/a	n/a	n/a	n/a	n/a	n/a	He has never seen an parade like this.	like this.	n/a	n/a	n/a
146.176	0.2	146176	255	filler_word	21	18	1	control	n/a	n/a	n/a	n/a	n/a	n/a	n/a	n/a	n/a	He has never seen an parade like this.	like this.	n/a	n/a	n/a
146.662	0.2	146662	255	filler_word	21	18	1	control	n/a	n/a	n/a	n/a	n/a	n/a	n/a	n/a	n/a	He has never seen an parade like this.	like this.	n/a	n/a	n/a
147.147	0.2	147147	255	filler_word	21	18	1	control	n/a	n/a	n/a	n/a	n/a	n/a	n/a	n/a	n/a	He has never seen an parade like this.	like this.	n/a	n/a	n/a
147.632	0.2	147632	211	control_incorrect	21	18	1	control	n/a	n/a	n/a	n/a	n/a	n/a	n/a	n/a	n/a	He has never seen an parade like this.	like this.	n/a	n/a	n/a
147.916	0.0	147916	140	item_marker	22	40	1	control	n/a	n/a	n/a	n/a	n/a	n/a	n/a	n/a	n/a	I would like a tattoo on my wrist.	on my wrist.	n/a	n/a	n/a
148.117	0.2	148117	255	filler_word	22	40	1	control	n/a	n/a	n/a	n/a	n/a	n/a	n/a	n/a	n/a	I would like a tattoo on my wrist.	on my wrist.	n/a	n/a	n/a
148.602	0.2	148602	255	filler_word	22	40	1	control	n/a	n/a	n/a	n/a	n/a	n/a	n/a	n/a	n/a	I would like a tattoo on my wrist.	on my wrist.	n/a	n/a	n/a
149.088	0.2	149088	255	filler_word	22	40	1	control	n/a	n/a	n/a	n/a	n/a	n/a	n/a	n/a	n/a	I would like a tattoo on my wrist.	on my wrist.	n/a	n/a	n/a
151.145	0.2	151145	255	filler_word	22	40	1	control	n/a	n/a	n/a	n/a	n/a	n/a	n/a	n/a	n/a	I would like a tattoo on my wrist.	on my wrist.	n/a	n/a	n/a
151.631	0.2	151631	255	filler_word	22	40	1	control	n/a	n/a	n/a	n/a	n/a	n/a	n/a	n/a	n/a	I would like a tattoo on my wrist.	on my wrist.	n/a	n/a	n/a
152.116	0.2	152116	255	filler_word	22	40	1	control	n/a	n/a	n/a	n/a	n/a	n/a	n/a	n/a	n/a	I would like a tattoo on my wrist.	on my wrist.	n/a	n/a	n/a
152.601	0.2	152601	211	control_incorrect	22	40	1	control	n/a	n/a	n/a	n/a	n/a	n/a	n/a	n/a	n/a	I would like a tattoo on my wrist.	on my wrist.	n/a	n/a	n/a
152.885	0.0	152885	107	item_marker	23	7	1	control	n/a	n/a	n/a	n/a	n/a	n/a	n/a	n/a	n/a	Robert built an aeroplane by himself.	by himself.	n/a	n/a	n/a
153.086	0.2	153086	255	filler_word	23	7	1	control	n/a	n/a	n/a	n/a	n/a	n/a	n/a	n/a	n/a	Robert built an aeroplane by himself.	by himself.	n/a	n/a	n/a
153.571	0.2	153571	255	filler_word	23	7	1	control	n/a	n/a	n/a	n/a	n/a	n/a	n/a	n/a	n/a	Robert built an aeroplane by himself.	by himself.	n/a	n/a	n/a
155.412	0.2	155412	255	filler_word	23	7	1	control	n/a	n/a	n/a	n/a	n/a	n/a	n/a	n/a	n/a	Robert built an aeroplane by himself.	by himself.	n/a	n/a	n/a
155.897	0.2	155897	255	filler_word	23	7	1	control	n/a	n/a	n/a	n/a	n/a	n/a	n/a	n/a	n/a	Robert built an aeroplane by himself.	by himself.	n/a	n/a	n/a
156.382	0.2	156382	255	filler_word	23	7	1	control	n/a	n/a	n/a	n/a	n/a	n/a	n/a	n/a	n/a	Robert built an aeroplane by himself.	by himself.	n/a	n/a	n/a
156.867	0.2	156867	255	filler_word	23	7	1	control	n/a	n/a	n/a	n/a	n/a	n/a	n/a	n/a	n/a	Robert built an aeroplane by himself.	by himself.	n/a	n/a	n/a
157.352	0.2	157352	255	filler_word	23	7	1	control	n/a	n/a	n/a	n/a	n/a	n/a	n/a	n/a	n/a	Robert built an aeroplane by himself.	by himself.	n/a	n/a	n/a
157.838	0.2	157838	211	control_incorrect	23	7	1	control	n/a	n/a	n/a	n/a	n/a	n/a	n/a	n/a	n/a	Robert built an aeroplane by himself.	by himself.	n/a	n/a	n/a
158.122	0.0	158122	116	item_marker	24	16	1	control	n/a	n/a	n/a	n/a	n/a	n/a	n/a	n/a	n/a	Mike was looking for a book to read.	to read.	n/a	n/a	n/a
158.323	0.2	158323	255	filler_word	24	16	1	control	n/a	n/a	n/a	n/a	n/a	n/a	n/a	n/a	n/a	Mike was looking for a book to read.	to read.	n/a	n/a	n/a
158.808	0.2	158808	255	filler_word	24	16	1	control	n/a	n/a	n/a	n/a	n/a	n/a	n/a	n/a	n/a	Mike was looking for a book to read.	to read.	n/a	n/a	n/a
160.832	0.2	160832	255	filler_word	24	16	1	control	n/a	n/a	n/a	n/a	n/a	n/a	n/a	n/a	n/a	Mike was looking for a book to read.	to read.	n/a	n/a	n/a
161.318	0.2	161318	255	filler_word	24	16	1	control	n/a	n/a	n/a	n/a	n/a	n/a	n/a	n/a	n/a	Mike was looking for a book to read.	to read.	n/a	n/a	n/a
161.803	0.2	161803	255	filler_word	24	16	1	control	n/a	n/a	n/a	n/a	n/a	n/a	n/a	n/a	n/a	Mike was looking for a book to read.	to read.	n/a	n/a	n/a
162.288	0.2	162288	255	filler_word	24	16	1	control	n/a	n/a	n/a	n/a	n/a	n/a	n/a	n/a	n/a	Mike was looking for a book to read.	to read.	n/a	n/a	n/a
162.773	0.2	162773	255	filler_word	24	16	1	control	n/a	n/a	n/a	n/a	n/a	n/a	n/a	n/a	n/a	Mike was looking for a book to read.	to read.	n/a	n/a	n/a
163.258	0.2	163258	210	control_correct	24	16	1	control	n/a	n/a	n/a	n/a	n/a	n/a	n/a	n/a	n/a	Mike was looking for a book to read.	to read.	n/a	n/a	n/a
163.543	0.0	163543	122	item_marker	25	22	1	control	n/a	n/a	n/a	n/a	n/a	n/a	n/a	n/a	n/a	His mother gave him an pound for ice-cream.	for ice-cream.	n/a	n/a	n/a
163.743	0.2	163743	255	filler_word	25	22	1	control	n/a	n/a	n/a	n/a	n/a	n/a	n/a	n/a	n/a	His mother gave him an pound for ice-cream.	for ice-cream.	n/a	n/a	n/a
164.229	0.2	164229	255	filler_word	25	22	1	control	n/a	n/a	n/a	n/a	n/a	n/a	n/a	n/a	n/a	His mother gave him an pound for ice-cream.	for ice-cream.	n/a	n/a	n/a
166.286	0.2	166286	255	filler_word	25	22	1	control	n/a	n/a	n/a	n/a	n/a	n/a	n/a	n/a	n/a	His mother gave him an pound for ice-cream.	for ice-cream.	n/a	n/a	n/a
166.772	0.2	166772	255	filler_word	25	22	1	control	n/a	n/a	n/a	n/a	n/a	n/a	n/a	n/a	n/a	His mother gave him an pound for ice-cream.	for ice-cream.	n/a	n/a	n/a
167.257	0.2	167257	255	filler_word	25	22	1	control	n/a	n/a	n/a	n/a	n/a	n/a	n/a	n/a	n/a	His mother gave him an pound for ice-cream.	for ice-cream.	n/a	n/a	n/a
167.742	0.2	167742	211	control_incorrect	25	22	1	control	n/a	n/a	n/a	n/a	n/a	n/a	n/a	n/a	n/a	His mother gave him an pound for ice-cream.	for ice-cream.	n/a	n/a	n/a
168.026	0.0	168026	103	item_marker	26	3	1	control	n/a	n/a	n/a	n/a	n/a	n/a	n/a	n/a	n/a	Thomas noticed an accent when Ben spoke.	when Ben spoke.	n/a	n/a	n/a
168.227	0.2	168227	255	filler_word	26	3	1	control	n/a	n/a	n/a	n/a	n/a	n/a	n/a	n/a	n/a	Thomas noticed an accent when Ben spoke.	when Ben spoke.	n/a	n/a	n/a
168.712	0.2	168712	255	filler_word	26	3	1	control	n/a	n/a	n/a	n/a	n/a	n/a	n/a	n/a	n/a	Thomas noticed an accent when Ben spoke.	when Ben spoke.	n/a	n/a	n/a
169.198	0.2	169198	255	filler_word	26	3	1	control	n/a	n/a	n/a	n/a	n/a	n/a	n/a	n/a	n/a	Thomas noticed an accent when Ben spoke.	when Ben spoke.	n/a	n/a	n/a
171.122	0.2	171122	255	filler_word	26	3	1	control	n/a	n/a	n/a	n/a	n/a	n/a	n/a	n/a	n/a	Thomas noticed an accent when Ben spoke.	when Ben spoke.	n/a	n/a	n/a
171.607	0.2	171607	255	filler_word	26	3	1	control	n/a	n/a	n/a	n/a	n/a	n/a	n/a	n/a	n/a	Thomas noticed an accent when Ben spoke.	when Ben spoke.	n/a	n/a	n/a
172.092	0.2	172092	255	filler_word	26	3	1	control	n/a	n/a	n/a	n/a	n/a	n/a	n/a	n/a	n/a	Thomas noticed an accent when Ben spoke.	when Ben spoke.	n/a	n/a	n/a
172.577	0.2	172577	211	control_incorrect	26	3	1	control	n/a	n/a	n/a	n/a	n/a	n/a	n/a	n/a	n/a	Thomas noticed an accent when Ben spoke.	when Ben spoke.	n/a	n/a	n/a
172.861	0.0	172861	127	item_marker	27	27	1	control	n/a	n/a	n/a	n/a	n/a	n/a	n/a	n/a	n/a	Sarah had an accident while going home.	while going home.	n/a	n/a	n/a
173.062	0.2	173062	255	filler_word	27	27	1	control	n/a	n/a	n/a	n/a	n/a	n/a	n/a	n/a	n/a	Sarah had an accident while going home.	while going home.	n/a	n/a	n/a
173.547	0.2	173547	255	filler_word	27	27	1	control	n/a	n/a	n/a	n/a	n/a	n/a	n/a	n/a	n/a	Sarah had an accident while going home.	while going home.	n/a	n/a	n/a
174.033	0.2	174033	255	filler_word	27	27	1	control	n/a	n/a	n/a	n/a	n/a	n/a	n/a	n/a	n/a	Sarah had an accident while going home.	while going home.	n/a	n/a	n/a
175.906	0.2	175906	255	filler_word	27	27	1	control	n/a	n/a	n/a	n/a	n/a	n/a	n/a	n/a	n/a	Sarah had an accident while going home.	while going home.	n/a	n/a	n/a
176.392	0.2	176392	255	filler_word	27	27	1	control	n/a	n/a	n/a	n/a	n/a	n/a	n/a	n/a	n/a	Sarah had an accident while going home.	while going home.	n/a	n/a	n/a
176.877	0.2	176877	255	filler_word	27	27	1	control	n/a	n/a	n/a	n/a	n/a	n/a	n/a	n/a	n/a	Sarah had an accident while going home.	while going home.	n/a	n/a	n/a
177.362	0.2	177362	210	control_correct	27	27	1	control	n/a	n/a	n/a	n/a	n/a	n/a	n/a	n/a	n/a	Sarah had an accident while going home.	while going home.	n/a	n/a	n/a
177.646	0.0	177646	130	item_marker	28	30	1	control	n/a	n/a	n/a	n/a	n/a	n/a	n/a	n/a	n/a	I rented an studio near the university.	near the university.	n/a	n/a	n/a
177.847	0.2	177847	255	filler_word	28	30	1	control	n/a	n/a	n/a	n/a	n/a	n/a	n/a	n/a	n/a	I rented an studio near the university.	near the university.	n/a	n/a	n/a
178.332	0.2	178332	255	filler_word	28	30	1	control	n/a	n/a	n/a	n/a	n/a	n/a	n/a	n/a	n/a	I rented an studio near the university.	near the university.	n/a	n/a	n/a
178.818	0.2	178818	255	filler_word	28	30	1	control	n/a	n/a	n/a	n/a	n/a	n/a	n/a	n/a	n/a	I rented an studio near the university.	near the university.	n/a	n/a	n/a
180.792	0.2	180792	255	filler_word	28	30	1	control	n/a	n/a	n/a	n/a	n/a	n/a	n/a	n/a	n/a	I rented an studio near the university.	near the university.	n/a	n/a	n/a
181.277	0.2	181277	255	filler_word	28	30	1	control	n/a	n/a	n/a	n/a	n/a	n/a	n/a	n/a	n/a	I rented an studio near the university.	near the university.	n/a	n/a	n/a
181.762	0.2	181762	255	filler_word	28	30	1	control	n/a	n/a	n/a	n/a	n/a	n/a	n/a	n/a	n/a	I rented an studio near the university.	near the university.	n/a	n/a	n/a
182.247	0.2	182247	210	control_correct	28	30	1	control	n/a	n/a	n/a	n/a	n/a	n/a	n/a	n/a	n/a	I rented an studio near the university.	near the university.	n/a	n/a	n/a
182.532	0.0	182532	109	item_marker	29	9	1	control	n/a	n/a	n/a	n/a	n/a	n/a	n/a	n/a	n/a	We heard a echo in the temple.	in the temple.	n/a	n/a	n/a
182.732	0.2	182732	255	filler_word	29	9	1	control	n/a	n/a	n/a	n/a	n/a	n/a	n/a	n/a	n/a	We heard a echo in the temple.	in the temple.	n/a	n/a	n/a
183.218	0.2	183218	255	filler_word	29	9	1	control	n/a	n/a	n/a	n/a	n/a	n/a	n/a	n/a	n/a	We heard a echo in the temple.	in the temple.	n/a	n/a	n/a
183.703	0.2	183703	255	filler_word	29	9	1	control	n/a	n/a	n/a	n/a	n/a	n/a	n/a	n/a	n/a	We heard a echo in the temple.	in the temple.	n/a	n/a	n/a
185.56	0.2	185560	255	filler_word	29	9	1	control	n/a	n/a	n/a	n/a	n/a	n/a	n/a	n/a	n/a	We heard a echo in the temple.	in the temple.	n/a	n/a	n/a
186.045	0.2	186045	255	filler_word	29	9	1	control	n/a	n/a	n/a	n/a	n/a	n/a	n/a	n/a	n/a	We heard a echo in the temple.	in the temple.	n/a	n/a	n/a
186.53	0.2	186530	255	filler_word	29	9	1	control	n/a	n/a	n/a	n/a	n/a	n/a	n/a	n/a	n/a	We heard a echo in the temple.	in the temple.	n/a	n/a	n/a
187.015	0.2	187015	255	filler_word	29	9	1	control	n/a	n/a	n/a	n/a	n/a	n/a	n/a	n/a	n/a	We heard a echo in the temple.	in the temple.	n/a	n/a	n/a
187.501	0.2	187501	211	control_incorrect	29	9	1	control	n/a	n/a	n/a	n/a	n/a	n/a	n/a	n/a	n/a	We heard a echo in the temple.	in the temple.	n/a	n/a	n/a
187.785	0.0	187785	132	item_marker	30	32	1	control	n/a	n/a	n/a	n/a	n/a	n/a	n/a	n/a	n/a	I didn't get a message from her.	from her.	n/a	n/a	n/a
187.986	0.2	187986	255	filler_word	30	32	1	control	n/a	n/a	n/a	n/a	n/a	n/a	n/a	n/a	n/a	I didn't get a message from her.	from her.	n/a	n/a	n/a
188.471	0.2	188471	255	filler_word	30	32	1	control	n/a	n/a	n/a	n/a	n/a	n/a	n/a	n/a	n/a	I didn't get a message from her.	from her.	n/a	n/a	n/a
190.328	0.2	190328	255	filler_word	30	32	1	control	n/a	n/a	n/a	n/a	n/a	n/a	n/a	n/a	n/a	I didn't get a message from her.	from her.	n/a	n/a	n/a
190.813	0.2	190813	255	filler_word	30	32	1	control	n/a	n/a	n/a	n/a	n/a	n/a	n/a	n/a	n/a	I didn't get a message from her.	from her.	n/a	n/a	n/a
191.298	0.2	191298	255	filler_word	30	32	1	control	n/a	n/a	n/a	n/a	n/a	n/a	n/a	n/a	n/a	I didn't get a message from her.	from her.	n/a	n/a	n/a
191.784	0.2	191784	211	control_incorrect	30	32	1	control	n/a	n/a	n/a	n/a	n/a	n/a	n/a	n/a	n/a	I didn't get a message from her.	from her.	n/a	n/a	n/a
192.068	0.0	192068	119	item_marker	31	19	1	control	n/a	n/a	n/a	n/a	n/a	n/a	n/a	n/a	n/a	They had an affair for many years.	for many years.	n/a	n/a	n/a
192.269	0.2	192269	255	filler_word	31	19	1	control	n/a	n/a	n/a	n/a	n/a	n/a	n/a	n/a	n/a	They had an affair for many years.	for many years.	n/a	n/a	n/a
192.754	0.2	192754	255	filler_word	31	19	1	control	n/a	n/a	n/a	n/a	n/a	n/a	n/a	n/a	n/a	They had an affair for many years.	for many years.	n/a	n/a	n/a
193.239	0.2	193239	255	filler_word	31	19	1	control	n/a	n/a	n/a	n/a	n/a	n/a	n/a	n/a	n/a	They had an affair for many years.	for many years.	n/a	n/a	n/a
195.096	0.2	195096	255	filler_word	31	19	1	control	n/a	n/a	n/a	n/a	n/a	n/a	n/a	n/a	n/a	They had an affair for many years.	for many years.	n/a	n/a	n/a
195.581	0.2	195581	255	filler_word	31	19	1	control	n/a	n/a	n/a	n/a	n/a	n/a	n/a	n/a	n/a	They had an affair for many years.	for many years.	n/a	n/a	n/a
196.067	0.2	196067	255	filler_word	31	19	1	control	n/a	n/a	n/a	n/a	n/a	n/a	n/a	n/a	n/a	They had an affair for many years.	for many years.	n/a	n/a	n/a
196.552	0.2	196552	210	control_correct	31	19	1	control	n/a	n/a	n/a	n/a	n/a	n/a	n/a	n/a	n/a	They had an affair for many years.	for many years.	n/a	n/a	n/a
196.836	0.0	196836	126	item_marker	32	26	1	control	n/a	n/a	n/a	n/a	n/a	n/a	n/a	n/a	n/a	I put an hanger in the wardrobe.	in the wardrobe.	n/a	n/a	n/a
197.037	0.2	197037	255	filler_word	32	26	1	control	n/a	n/a	n/a	n/a	n/a	n/a	n/a	n/a	n/a	I put an hanger in the wardrobe.	in the wardrobe.	n/a	n/a	n/a
197.522	0.2	197522	255	filler_word	32	26	1	control	n/a	n/a	n/a	n/a	n/a	n/a	n/a	n/a	n/a	I put an hanger in the wardrobe.	in the wardrobe.	n/a	n/a	n/a
198.007	0.2	198007	255	filler_word	32	26	1	control	n/a	n/a	n/a	n/a	n/a	n/a	n/a	n/a	n/a	I put an hanger in the wardrobe.	in the wardrobe.	n/a	n/a	n/a
199.848	0.2	199848	255	filler_word	32	26	1	control	n/a	n/a	n/a	n/a	n/a	n/a	n/a	n/a	n/a	I put an hanger in the wardrobe.	in the wardrobe.	n/a	n/a	n/a
200.333	0.2	200333	255	filler_word	32	26	1	control	n/a	n/a	n/a	n/a	n/a	n/a	n/a	n/a	n/a	I put an hanger in the wardrobe.	in the wardrobe.	n/a	n/a	n/a
200.818	0.2	200818	255	filler_word	32	26	1	control	n/a	n/a	n/a	n/a	n/a	n/a	n/a	n/a	n/a	I put an hanger in the wardrobe.	in the wardrobe.	n/a	n/a	n/a
201.303	0.2	201303	210	control_correct	32	26	1	control	n/a	n/a	n/a	n/a	n/a	n/a	n/a	n/a	n/a	I put an hanger in the wardrobe.	in the wardrobe.	n/a	n/a	n/a
201.588	0.0	201588	138	item_marker	33	38	1	control	n/a	n/a	n/a	n/a	n/a	n/a	n/a	n/a	n/a	I asked an plumber to fix the sink.	to fix the sink.	n/a	n/a	n/a
201.788	0.2	201788	255	filler_word	33	38	1	control	n/a	n/a	n/a	n/a	n/a	n/a	n/a	n/a	n/a	I asked an plumber to fix the sink.	to fix the sink.	n/a	n/a	n/a
202.274	0.2	202274	255	filler_word	33	38	1	control	n/a	n/a	n/a	n/a	n/a	n/a	n/a	n/a	n/a	I asked an plumber to fix the sink.	to fix the sink.	n/a	n/a	n/a
202.759	0.2	202759	255	filler_word	33	38	1	control	n/a	n/a	n/a	n/a	n/a	n/a	n/a	n/a	n/a	I asked an plumber to fix the sink.	to fix the sink.	n/a	n/a	n/a
203.244	0.2	203244	255	filler_word	33	38	1	control	n/a	n/a	n/a	n/a	n/a	n/a	n/a	n/a	n/a	I asked an plumber to fix the sink.	to fix the sink.	n/a	n/a	n/a
205.134	0.2	205134	255	filler_word	33	38	1	control	n/a	n/a	n/a	n/a	n/a	n/a	n/a	n/a	n/a	I asked an plumber to fix the sink.	to fix the sink.	n/a	n/a	n/a
205.62	0.2	205620	255	filler_word	33	38	1	control	n/a	n/a	n/a	n/a	n/a	n/a	n/a	n/a	n/a	I asked an plumber to fix the sink.	to fix the sink.	n/a	n/a	n/a
206.105	0.2	206105	255	filler_word	33	38	1	control	n/a	n/a	n/a	n/a	n/a	n/a	n/a	n/a	n/a	I asked an plumber to fix the sink.	to fix the sink.	n/a	n/a	n/a
206.59	0.2	206590	255	filler_word	33	38	1	control	n/a	n/a	n/a	n/a	n/a	n/a	n/a	n/a	n/a	I asked an plumber to fix the sink.	to fix the sink.	n/a	n/a	n/a
207.075	0.2	207075	210	control_correct	33	38	1	control	n/a	n/a	n/a	n/a	n/a	n/a	n/a	n/a	n/a	I asked an plumber to fix the sink.	to fix the sink.	n/a	n/a	n/a
207.36	0.0	207360	105	item_marker	34	5	1	control	n/a	n/a	n/a	n/a	n/a	n/a	n/a	n/a	n/a	He offered her a apology after the incident.	after the incident.	n/a	n/a	n/a
207.56	0.2	207560	255	filler_word	34	5	1	control	n/a	n/a	n/a	n/a	n/a	n/a	n/a	n/a	n/a	He offered her a apology after the incident.	after the incident.	n/a	n/a	n/a
208.046	0.2	208046	255	filler_word	34	5	1	control	n/a	n/a	n/a	n/a	n/a	n/a	n/a	n/a	n/a	He offered her a apology after the incident.	after the incident.	n/a	n/a	n/a
208.531	0.2	208531	255	filler_word	34	5	1	control	n/a	n/a	n/a	n/a	n/a	n/a	n/a	n/a	n/a	He offered her a apology after the incident.	after the incident.	n/a	n/a	n/a
210.354	0.2	210354	255	filler_word	34	5	1	control	n/a	n/a	n/a	n/a	n/a	n/a	n/a	n/a	n/a	He offered her a apology after the incident.	after the incident.	n/a	n/a	n/a
210.839	0.2	210839	255	filler_word	34	5	1	control	n/a	n/a	n/a	n/a	n/a	n/a	n/a	n/a	n/a	He offered her a apology after the incident.	after the incident.	n/a	n/a	n/a
211.325	0.2	211325	255	filler_word	34	5	1	control	n/a	n/a	n/a	n/a	n/a	n/a	n/a	n/a	n/a	He offered her a apology after the incident.	after the incident.	n/a	n/a	n/a
211.81	0.2	211810	255	filler_word	34	5	1	control	n/a	n/a	n/a	n/a	n/a	n/a	n/a	n/a	n/a	He offered her a apology after the incident.	after the incident.	n/a	n/a	n/a
212.295	0.2	212295	211	control_incorrect	34	5	1	control	n/a	n/a	n/a	n/a	n/a	n/a	n/a	n/a	n/a	He offered her a apology after the incident.	after the incident.	n/a	n/a	n/a
212.579	0.0	212579	124	item_marker	35	24	1	control	n/a	n/a	n/a	n/a	n/a	n/a	n/a	n/a	n/a	The neighbours saw a fire in a house.	in a house.	n/a	n/a	n/a
212.78	0.2	212780	255	filler_word	35	24	1	control	n/a	n/a	n/a	n/a	n/a	n/a	n/a	n/a	n/a	The neighbours saw a fire in a house.	in a house.	n/a	n/a	n/a
213.265	0.2	213265	255	filler_word	35	24	1	control	n/a	n/a	n/a	n/a	n/a	n/a	n/a	n/a	n/a	The neighbours saw a fire in a house.	in a house.	n/a	n/a	n/a
213.751	0.2	213751	255	filler_word	35	24	1	control	n/a	n/a	n/a	n/a	n/a	n/a	n/a	n/a	n/a	The neighbours saw a fire in a house.	in a house.	n/a	n/a	n/a
215.591	0.2	215591	255	filler_word	35	24	1	control	n/a	n/a	n/a	n/a	n/a	n/a	n/a	n/a	n/a	The neighbours saw a fire in a house.	in a house.	n/a	n/a	n/a
216.076	0.2	216076	255	filler_word	35	24	1	control	n/a	n/a	n/a	n/a	n/a	n/a	n/a	n/a	n/a	The neighbours saw a fire in a house.	in a house.	n/a	n/a	n/a
216.561	0.2	216561	255	filler_word	35	24	1	control	n/a	n/a	n/a	n/a	n/a	n/a	n/a	n/a	n/a	The neighbours saw a fire in a house.	in a house.	n/a	n/a	n/a
217.046	0.2	217046	211	control_incorrect	35	24	1	control	n/a	n/a	n/a	n/a	n/a	n/a	n/a	n/a	n/a	The neighbours saw a fire in a house.	in a house.	n/a	n/a	n/a
217.331	0.0	217331	111	item_marker	36	11	1	control	n/a	n/a	n/a	n/a	n/a	n/a	n/a	n/a	n/a	David ordered an octopus as a main dish.	as a main dish.	n/a	n/a	n/a
217.532	0.2	217532	255	filler_word	36	11	1	control	n/a	n/a	n/a	n/a	n/a	n/a	n/a	n/a	n/a	David ordered an octopus as a main dish.	as a main dish.	n/a	n/a	n/a
218.017	0.2	218017	255	filler_word	36	11	1	control	n/a	n/a	n/a	n/a	n/a	n/a	n/a	n/a	n/a	David ordered an octopus as a main dish.	as a main dish.	n/a	n/a	n/a
218.502	0.2	218502	255	filler_word	36	11	1	control	n/a	n/a	n/a	n/a	n/a	n/a	n/a	n/a	n/a	David ordered an octopus as a main dish.	as a main dish.	n/a	n/a	n/a
218.987	0.2	218987	255	filler_word	36	11	1	control	n/a	n/a	n/a	n/a	n/a	n/a	n/a	n/a	n/a	David ordered an octopus as a main dish.	as a main dish.	n/a	n/a	n/a
221.263	0.2	221263	255	filler_word	36	11	1	control	n/a	n/a	n/a	n/a	n/a	n/a	n/a	n/a	n/a	David ordered an octopus as a main dish.	as a main dish.	n/a	n/a	n/a
221.748	0.2	221748	255	filler_word	36	11	1	control	n/a	n/a	n/a	n/a	n/a	n/a	n/a	n/a	n/a	David ordered an octopus as a main dish.	as a main dish.	n/a	n/a	n/a
222.233	0.2	222233	255	filler_word	36	11	1	control	n/a	n/a	n/a	n/a	n/a	n/a	n/a	n/a	n/a	David ordered an octopus as a main dish.	as a main dish.	n/a	n/a	n/a
222.718	0.2	222718	255	filler_word	36	11	1	control	n/a	n/a	n/a	n/a	n/a	n/a	n/a	n/a	n/a	David ordered an octopus as a main dish.	as a main dish.	n/a	n/a	n/a
223.203	0.2	223203	210	control_correct	36	11	1	control	n/a	n/a	n/a	n/a	n/a	n/a	n/a	n/a	n/a	David ordered an octopus as a main dish.	as a main dish.	n/a	n/a	n/a
223.488	0.0	223488	110	item_marker	37	10	1	control	n/a	n/a	n/a	n/a	n/a	n/a	n/a	n/a	n/a	Parents gave her an bird for her birthday.	for her birthday.	n/a	n/a	n/a
223.688	0.2	223688	255	filler_word	37	10	1	control	n/a	n/a	n/a	n/a	n/a	n/a	n/a	n/a	n/a	Parents gave her an bird for her birthday.	for her birthday.	n/a	n/a	n/a
224.174	0.2	224174	255	filler_word	37	10	1	control	n/a	n/a	n/a	n/a	n/a	n/a	n/a	n/a	n/a	Parents gave her an bird for her birthday.	for her birthday.	n/a	n/a	n/a
224.659	0.2	224659	255	filler_word	37	10	1	control	n/a	n/a	n/a	n/a	n/a	n/a	n/a	n/a	n/a	Parents gave her an bird for her birthday.	for her birthday.	n/a	n/a	n/a
226.449	0.2	226449	255	filler_word	37	10	1	control	n/a	n/a	n/a	n/a	n/a	n/a	n/a	n/a	n/a	Parents gave her an bird for her birthday.	for her birthday.	n/a	n/a	n/a
226.934	0.2	226934	255	filler_word	37	10	1	control	n/a	n/a	n/a	n/a	n/a	n/a	n/a	n/a	n/a	Parents gave her an bird for her birthday.	for her birthday.	n/a	n/a	n/a
227.419	0.2	227419	255	filler_word	37	10	1	control	n/a	n/a	n/a	n/a	n/a	n/a	n/a	n/a	n/a	Parents gave her an bird for her birthday.	for her birthday.	n/a	n/a	n/a
227.904	0.2	227904	255	filler_word	37	10	1	control	n/a	n/a	n/a	n/a	n/a	n/a	n/a	n/a	n/a	Parents gave her an bird for her birthday.	for her birthday.	n/a	n/a	n/a
228.39	0.2	228390	255	filler_word	37	10	1	control	n/a	n/a	n/a	n/a	n/a	n/a	n/a	n/a	n/a	Parents gave her an bird for her birthday.	for her birthday.	n/a	n/a	n/a
228.875	0.2	228875	210	control_correct	37	10	1	control	n/a	n/a	n/a	n/a	n/a	n/a	n/a	n/a	n/a	Parents gave her an bird for her birthday.	for her birthday.	n/a	n/a	n/a
229.159	0.0	229159	134	item_marker	38	34	1	control	n/a	n/a	n/a	n/a	n/a	n/a	n/a	n/a	n/a	Children learn to ride an bicycle very easily.	very easily.	n/a	n/a	n/a
229.36	0.2	229360	255	filler_word	38	34	1	control	n/a	n/a	n/a	n/a	n/a	n/a	n/a	n/a	n/a	Children learn to ride an bicycle very easily.	very easily.	n/a	n/a	n/a
229.845	0.2	229845	255	filler_word	38	34	1	control	n/a	n/a	n/a	n/a	n/a	n/a	n/a	n/a	n/a	Children learn to ride an bicycle very easily.	very easily.	n/a	n/a	n/a
231.719	0.2	231719	255	filler_word	38	34	1	control	n/a	n/a	n/a	n/a	n/a	n/a	n/a	n/a	n/a	Children learn to ride an bicycle very easily.	very easily.	n/a	n/a	n/a
232.204	0.2	232204	255	filler_word	38	34	1	control	n/a	n/a	n/a	n/a	n/a	n/a	n/a	n/a	n/a	Children learn to ride an bicycle very easily.	very easily.	n/a	n/a	n/a
232.689	0.2	232689	255	filler_word	38	34	1	control	n/a	n/a	n/a	n/a	n/a	n/a	n/a	n/a	n/a	Children learn to ride an bicycle very easily.	very easily.	n/a	n/a	n/a
233.175	0.2	233175	255	filler_word	38	34	1	control	n/a	n/a	n/a	n/a	n/a	n/a	n/a	n/a	n/a	Children learn to ride an bicycle very easily.	very easily.	n/a	n/a	n/a
233.66	0.2	233660	210	control_correct	38	34	1	control	n/a	n/a	n/a	n/a	n/a	n/a	n/a	n/a	n/a	Children learn to ride an bicycle very easily.	very easily.	n/a	n/a	n/a
233.944	0.0	233944	106	item_marker	39	6	1	control	n/a	n/a	n/a	n/a	n/a	n/a	n/a	n/a	n/a	We asked for an cheque after the dinner.	after the dinner.	n/a	n/a	n/a
234.145	0.2	234145	255	filler_word	39	6	1	control	n/a	n/a	n/a	n/a	n/a	n/a	n/a	n/a	n/a	We asked for an cheque after the dinner.	after the dinner.	n/a	n/a	n/a
234.63	0.2	234630	255	filler_word	39	6	1	control	n/a	n/a	n/a	n/a	n/a	n/a	n/a	n/a	n/a	We asked for an cheque after the dinner.	after the dinner.	n/a	n/a	n/a
235.115	0.2	235115	255	filler_word	39	6	1	control	n/a	n/a	n/a	n/a	n/a	n/a	n/a	n/a	n/a	We asked for an cheque after the dinner.	after the dinner.	n/a	n/a	n/a
241.071	0.2	241071	255	filler_word	39	6	1	control	n/a	n/a	n/a	n/a	n/a	n/a	n/a	n/a	n/a	We asked for an cheque after the dinner.	after the dinner.	n/a	n/a	n/a
241.556	0.2	241556	255	filler_word	39	6	1	control	n/a	n/a	n/a	n/a	n/a	n/a	n/a	n/a	n/a	We asked for an cheque after the dinner.	after the dinner.	n/a	n/a	n/a
242.042	0.2	242042	255	filler_word	39	6	1	control	n/a	n/a	n/a	n/a	n/a	n/a	n/a	n/a	n/a	We asked for an cheque after the dinner.	after the dinner.	n/a	n/a	n/a
242.527	0.2	242527	255	filler_word	39	6	1	control	n/a	n/a	n/a	n/a	n/a	n/a	n/a	n/a	n/a	We asked for an cheque after the dinner.	after the dinner.	n/a	n/a	n/a
243.012	0.2	243012	255	filler_word	39	6	1	control	n/a	n/a	n/a	n/a	n/a	n/a	n/a	n/a	n/a	We asked for an cheque after the dinner.	after the dinner.	n/a	n/a	n/a
243.497	0.2	243497	211	control_incorrect	39	6	1	control	n/a	n/a	n/a	n/a	n/a	n/a	n/a	n/a	n/a	We asked for an cheque after the dinner.	after the dinner.	n/a	n/a	n/a
243.782	0.0	243782	164	item_marker	40	64	1	control	n/a	n/a	n/a	n/a	n/a	n/a	n/a	n/a	n/a	The newborn didn't have a name but now he's called George.	but now he's called George.	n/a	n/a	n/a
243.982	0.2	243982	255	filler_word	40	64	1	control	n/a	n/a	n/a	n/a	n/a	n/a	n/a	n/a	n/a	The newborn didn't have a name but now he's called George.	but now he's called George.	n/a	n/a	n/a
244.468	0.2	244468	255	filler_word	40	64	1	control	n/a	n/a	n/a	n/a	n/a	n/a	n/a	n/a	n/a	The newborn didn't have a name but now he's called George.	but now he's called George.	n/a	n/a	n/a
244.953	0.2	244953	255	filler_word	40	64	1	control	n/a	n/a	n/a	n/a	n/a	n/a	n/a	n/a	n/a	The newborn didn't have a name but now he's called George.	but now he's called George.	n/a	n/a	n/a
245.438	0.2	245438	255	filler_word	40	64	1	control	n/a	n/a	n/a	n/a	n/a	n/a	n/a	n/a	n/a	The newborn didn't have a name but now he's called George.	but now he's called George.	n/a	n/a	n/a
245.923	0.2	245923	255	filler_word	40	64	1	control	n/a	n/a	n/a	n/a	n/a	n/a	n/a	n/a	n/a	The newborn didn't have a name but now he's called George.	but now he's called George.	n/a	n/a	n/a
247.713	0.2	247713	255	filler_word	40	64	1	control	n/a	n/a	n/a	n/a	n/a	n/a	n/a	n/a	n/a	The newborn didn't have a name but now he's called George.	but now he's called George.	n/a	n/a	n/a
248.198	0.2	248198	255	filler_word	40	64	1	control	n/a	n/a	n/a	n/a	n/a	n/a	n/a	n/a	n/a	The newborn didn't have a name but now he's called George.	but now he's called George.	n/a	n/a	n/a
248.684	0.2	248684	255	filler_word	40	64	1	control	n/a	n/a	n/a	n/a	n/a	n/a	n/a	n/a	n/a	The newborn didn't have a name but now he's called George.	but now he's called George.	n/a	n/a	n/a
249.169	0.2	249169	255	filler_word	40	64	1	control	n/a	n/a	n/a	n/a	n/a	n/a	n/a	n/a	n/a	The newborn didn't have a name but now he's called George.	but now he's called George.	n/a	n/a	n/a
249.654	0.2	249654	210	control_correct	40	64	1	control	n/a	n/a	n/a	n/a	n/a	n/a	n/a	n/a	n/a	The newborn didn't have a name but now he's called George.	but now he's called George.	n/a	n/a	n/a
249.938	0.0	249938	157	item_marker	41	57	1	control	n/a	n/a	n/a	n/a	n/a	n/a	n/a	n/a	n/a	Jake always uses a escalator because he is lazy.	because he is lazy.	n/a	n/a	n/a
250.139	0.2	250139	255	filler_word	41	57	1	control	n/a	n/a	n/a	n/a	n/a	n/a	n/a	n/a	n/a	Jake always uses a escalator because he is lazy.	because he is lazy.	n/a	n/a	n/a
250.624	0.2	250624	255	filler_word	41	57	1	control	n/a	n/a	n/a	n/a	n/a	n/a	n/a	n/a	n/a	Jake always uses a escalator because he is lazy.	because he is lazy.	n/a	n/a	n/a
251.11	0.2	251110	255	filler_word	41	57	1	control	n/a	n/a	n/a	n/a	n/a	n/a	n/a	n/a	n/a	Jake always uses a escalator because he is lazy.	because he is lazy.	n/a	n/a	n/a
251.595	0.2	251595	255	filler_word	41	57	1	control	n/a	n/a	n/a	n/a	n/a	n/a	n/a	n/a	n/a	Jake always uses a escalator because he is lazy.	because he is lazy.	n/a	n/a	n/a
253.435	0.2	253435	255	filler_word	41	57	1	control	n/a	n/a	n/a	n/a	n/a	n/a	n/a	n/a	n/a	Jake always uses a escalator because he is lazy.	because he is lazy.	n/a	n/a	n/a
253.92	0.2	253920	255	filler_word	41	57	1	control	n/a	n/a	n/a	n/a	n/a	n/a	n/a	n/a	n/a	Jake always uses a escalator because he is lazy.	because he is lazy.	n/a	n/a	n/a
254.405	0.2	254405	255	filler_word	41	57	1	control	n/a	n/a	n/a	n/a	n/a	n/a	n/a	n/a	n/a	Jake always uses a escalator because he is lazy.	because he is lazy.	n/a	n/a	n/a
254.891	0.2	254891	255	filler_word	41	57	1	control	n/a	n/a	n/a	n/a	n/a	n/a	n/a	n/a	n/a	Jake always uses a escalator because he is lazy.	because he is lazy.	n/a	n/a	n/a
255.376	0.2	255376	210	control_correct	41	57	1	control	n/a	n/a	n/a	n/a	n/a	n/a	n/a	n/a	n/a	Jake always uses a escalator because he is lazy.	because he is lazy.	n/a	n/a	n/a
255.66	0.0	255660	174	item_marker	42	74	1	control	n/a	n/a	n/a	n/a	n/a	n/a	n/a	n/a	n/a	He gave her an flower to apologize.	to apologize.	n/a	n/a	n/a
255.861	0.2	255861	255	filler_word	42	74	1	control	n/a	n/a	n/a	n/a	n/a	n/a	n/a	n/a	n/a	He gave her an flower to apologize.	to apologize.	n/a	n/a	n/a
256.346	0.2	256346	255	filler_word	42	74	1	control	n/a	n/a	n/a	n/a	n/a	n/a	n/a	n/a	n/a	He gave her an flower to apologize.	to apologize.	n/a	n/a	n/a
258.471	0.2	258471	255	filler_word	42	74	1	control	n/a	n/a	n/a	n/a	n/a	n/a	n/a	n/a	n/a	He gave her an flower to apologize.	to apologize.	n/a	n/a	n/a
258.956	0.2	258956	255	filler_word	42	74	1	control	n/a	n/a	n/a	n/a	n/a	n/a	n/a	n/a	n/a	He gave her an flower to apologize.	to apologize.	n/a	n/a	n/a
259.441	0.2	259441	255	filler_word	42	74	1	control	n/a	n/a	n/a	n/a	n/a	n/a	n/a	n/a	n/a	He gave her an flower to apologize.	to apologize.	n/a	n/a	n/a
259.926	0.2	259926	255	filler_word	42	74	1	control	n/a	n/a	n/a	n/a	n/a	n/a	n/a	n/a	n/a	He gave her an flower to apologize.	to apologize.	n/a	n/a	n/a
260.412	0.2	260412	255	filler_word	42	74	1	control	n/a	n/a	n/a	n/a	n/a	n/a	n/a	n/a	n/a	He gave her an flower to apologize.	to apologize.	n/a	n/a	n/a
260.897	0.2	260897	211	control_incorrect	42	74	1	control	n/a	n/a	n/a	n/a	n/a	n/a	n/a	n/a	n/a	He gave her an flower to apologize.	to apologize.	n/a	n/a	n/a
261.181	0.0	261181	144	item_marker	43	44	1	control	n/a	n/a	n/a	n/a	n/a	n/a	n/a	n/a	n/a	The money is in an envelope on the table.	on the table.	n/a	n/a	n/a
261.382	0.2	261382	255	filler_word	43	44	1	control	n/a	n/a	n/a	n/a	n/a	n/a	n/a	n/a	n/a	The money is in an envelope on the table.	on the table.	n/a	n/a	n/a
261.867	0.2	261867	255	filler_word	43	44	1	control	n/a	n/a	n/a	n/a	n/a	n/a	n/a	n/a	n/a	The money is in an envelope on the table.	on the table.	n/a	n/a	n/a
262.352	0.2	262352	255	filler_word	43	44	1	control	n/a	n/a	n/a	n/a	n/a	n/a	n/a	n/a	n/a	The money is in an envelope on the table.	on the table.	n/a	n/a	n/a
264.31	0.2	264310	255	filler_word	43	44	1	control	n/a	n/a	n/a	n/a	n/a	n/a	n/a	n/a	n/a	The money is in an envelope on the table.	on the table.	n/a	n/a	n/a
264.795	0.2	264795	255	filler_word	43	44	1	control	n/a	n/a	n/a	n/a	n/a	n/a	n/a	n/a	n/a	The money is in an envelope on the table.	on the table.	n/a	n/a	n/a
265.28	0.2	265280	255	filler_word	43	44	1	control	n/a	n/a	n/a	n/a	n/a	n/a	n/a	n/a	n/a	The money is in an envelope on the table.	on the table.	n/a	n/a	n/a
265.765	0.2	265765	255	filler_word	43	44	1	control	n/a	n/a	n/a	n/a	n/a	n/a	n/a	n/a	n/a	The money is in an envelope on the table.	on the table.	n/a	n/a	n/a
266.251	0.2	266251	211	control_incorrect	43	44	1	control	n/a	n/a	n/a	n/a	n/a	n/a	n/a	n/a	n/a	The money is in an envelope on the table.	on the table.	n/a	n/a	n/a
266.535	0.0	266535	152	item_marker	44	52	1	control	n/a	n/a	n/a	n/a	n/a	n/a	n/a	n/a	n/a	The event was a success on the whole.	on the whole.	n/a	n/a	n/a
266.736	0.2	266736	255	filler_word	44	52	1	control	n/a	n/a	n/a	n/a	n/a	n/a	n/a	n/a	n/a	The event was a success on the whole.	on the whole.	n/a	n/a	n/a
267.221	0.2	267221	255	filler_word	44	52	1	control	n/a	n/a	n/a	n/a	n/a	n/a	n/a	n/a	n/a	The event was a success on the whole.	on the whole.	n/a	n/a	n/a
267.706	0.2	267706	255	filler_word	44	52	1	control	n/a	n/a	n/a	n/a	n/a	n/a	n/a	n/a	n/a	The event was a success on the whole.	on the whole.	n/a	n/a	n/a
269.563	0.2	269563	255	filler_word	44	52	1	control	n/a	n/a	n/a	n/a	n/a	n/a	n/a	n/a	n/a	The event was a success on the whole.	on the whole.	n/a	n/a	n/a
270.048	0.2	270048	255	filler_word	44	52	1	control	n/a	n/a	n/a	n/a	n/a	n/a	n/a	n/a	n/a	The event was a success on the whole.	on the whole.	n/a	n/a	n/a
270.534	0.2	270534	255	filler_word	44	52	1	control	n/a	n/a	n/a	n/a	n/a	n/a	n/a	n/a	n/a	The event was a success on the whole.	on the whole.	n/a	n/a	n/a
271.019	0.2	271019	211	control_incorrect	44	52	1	control	n/a	n/a	n/a	n/a	n/a	n/a	n/a	n/a	n/a	The event was a success on the whole.	on the whole.	n/a	n/a	n/a
271.303	0.0	271303	143	item_marker	45	43	1	control	n/a	n/a	n/a	n/a	n/a	n/a	n/a	n/a	n/a	I bought a stamp for the postcards.	for the postcards.	n/a	n/a	n/a
271.504	0.2	271504	255	filler_word	45	43	1	control	n/a	n/a	n/a	n/a	n/a	n/a	n/a	n/a	n/a	I bought a stamp for the postcards.	for the postcards.	n/a	n/a	n/a
271.989	0.2	271989	255	filler_word	45	43	1	control	n/a	n/a	n/a	n/a	n/a	n/a	n/a	n/a	n/a	I bought a stamp for the postcards.	for the postcards.	n/a	n/a	n/a
272.474	0.2	272474	255	filler_word	45	43	1	control	n/a	n/a	n/a	n/a	n/a	n/a	n/a	n/a	n/a	I bought a stamp for the postcards.	for the postcards.	n/a	n/a	n/a
274.331	0.2	274331	255	filler_word	45	43	1	control	n/a	n/a	n/a	n/a	n/a	n/a	n/a	n/a	n/a	I bought a stamp for the postcards.	for the postcards.	n/a	n/a	n/a
274.817	0.2	274817	255	filler_word	45	43	1	control	n/a	n/a	n/a	n/a	n/a	n/a	n/a	n/a	n/a	I bought a stamp for the postcards.	for the postcards.	n/a	n/a	n/a
275.302	0.2	275302	255	filler_word	45	43	1	control	n/a	n/a	n/a	n/a	n/a	n/a	n/a	n/a	n/a	I bought a stamp for the postcards.	for the postcards.	n/a	n/a	n/a
275.787	0.2	275787	211	control_incorrect	45	43	1	control	n/a	n/a	n/a	n/a	n/a	n/a	n/a	n/a	n/a	I bought a stamp for the postcards.	for the postcards.	n/a	n/a	n/a
276.071	0.0	276071	151	item_marker	46	51	1	control	n/a	n/a	n/a	n/a	n/a	n/a	n/a	n/a	n/a	He was an author in the 18th century.	in the 18th century.	n/a	n/a	n/a
276.272	0.2	276272	255	filler_word	46	51	1	control	n/a	n/a	n/a	n/a	n/a	n/a	n/a	n/a	n/a	He was an author in the 18th century.	in the 18th century.	n/a	n/a	n/a
276.757	0.2	276757	255	filler_word	46	51	1	control	n/a	n/a	n/a	n/a	n/a	n/a	n/a	n/a	n/a	He was an author in the 18th century.	in the 18th century.	n/a	n/a	n/a
277.242	0.2	277242	255	filler_word	46	51	1	control	n/a	n/a	n/a	n/a	n/a	n/a	n/a	n/a	n/a	He was an author in the 18th century.	in the 18th century.	n/a	n/a	n/a
277.728	0.2	277728	255	filler_word	46	51	1	control	n/a	n/a	n/a	n/a	n/a	n/a	n/a	n/a	n/a	He was an author in the 18th century.	in the 18th century.	n/a	n/a	n/a
279.367	0.2	279367	255	filler_word	46	51	1	control	n/a	n/a	n/a	n/a	n/a	n/a	n/a	n/a	n/a	He was an author in the 18th century.	in the 18th century.	n/a	n/a	n/a
279.852	0.2	279852	255	filler_word	46	51	1	control	n/a	n/a	n/a	n/a	n/a	n/a	n/a	n/a	n/a	He was an author in the 18th century.	in the 18th century.	n/a	n/a	n/a
280.338	0.2	280338	255	filler_word	46	51	1	control	n/a	n/a	n/a	n/a	n/a	n/a	n/a	n/a	n/a	He was an author in the 18th century.	in the 18th century.	n/a	n/a	n/a
280.823	0.2	280823	255	filler_word	46	51	1	control	n/a	n/a	n/a	n/a	n/a	n/a	n/a	n/a	n/a	He was an author in the 18th century.	in the 18th century.	n/a	n/a	n/a
281.308	0.2	281308	211	control_incorrect	46	51	1	control	n/a	n/a	n/a	n/a	n/a	n/a	n/a	n/a	n/a	He was an author in the 18th century.	in the 18th century.	n/a	n/a	n/a
281.592	0.0	281592	172	item_marker	47	72	1	control	n/a	n/a	n/a	n/a	n/a	n/a	n/a	n/a	n/a	Tom gave Mary a compliment but she didn't like it.	but she didn't like it.	n/a	n/a	n/a
281.793	0.2	281793	255	filler_word	47	72	1	control	n/a	n/a	n/a	n/a	n/a	n/a	n/a	n/a	n/a	Tom gave Mary a compliment but she didn't like it.	but she didn't like it.	n/a	n/a	n/a
282.278	0.2	282278	255	filler_word	47	72	1	control	n/a	n/a	n/a	n/a	n/a	n/a	n/a	n/a	n/a	Tom gave Mary a compliment but she didn't like it.	but she didn't like it.	n/a	n/a	n/a
282.763	0.2	282763	255	filler_word	47	72	1	control	n/a	n/a	n/a	n/a	n/a	n/a	n/a	n/a	n/a	Tom gave Mary a compliment but she didn't like it.	but she didn't like it.	n/a	n/a	n/a
283.249	0.2	283249	255	filler_word	47	72	1	control	n/a	n/a	n/a	n/a	n/a	n/a	n/a	n/a	n/a	Tom gave Mary a compliment but she didn't like it.	but she didn't like it.	n/a	n/a	n/a
283.734	0.2	283734	255	filler_word	47	72	1	control	n/a	n/a	n/a	n/a	n/a	n/a	n/a	n/a	n/a	Tom gave Mary a compliment but she didn't like it.	but she didn't like it.	n/a	n/a	n/a
285.357	0.2	285357	255	filler_word	47	72	1	control	n/a	n/a	n/a	n/a	n/a	n/a	n/a	n/a	n/a	Tom gave Mary a compliment but she didn't like it.	but she didn't like it.	n/a	n/a	n/a
285.842	0.2	285842	255	filler_word	47	72	1	control	n/a	n/a	n/a	n/a	n/a	n/a	n/a	n/a	n/a	Tom gave Mary a compliment but she didn't like it.	but she didn't like it.	n/a	n/a	n/a
286.327	0.2	286327	255	filler_word	47	72	1	control	n/a	n/a	n/a	n/a	n/a	n/a	n/a	n/a	n/a	Tom gave Mary a compliment but she didn't like it.	but she didn't like it.	n/a	n/a	n/a
286.812	0.2	286812	211	control_incorrect	47	72	1	control	n/a	n/a	n/a	n/a	n/a	n/a	n/a	n/a	n/a	Tom gave Mary a compliment but she didn't like it.	but she didn't like it.	n/a	n/a	n/a
287.097	0.0	287097	163	item_marker	48	63	1	control	n/a	n/a	n/a	n/a	n/a	n/a	n/a	n/a	n/a	Tom has an idea for his new project.	for his new project.	n/a	n/a	n/a
287.297	0.2	287297	255	filler_word	48	63	1	control	n/a	n/a	n/a	n/a	n/a	n/a	n/a	n/a	n/a	Tom has an idea for his new project.	for his new project.	n/a	n/a	n/a
287.783	0.2	287783	255	filler_word	48	63	1	control	n/a	n/a	n/a	n/a	n/a	n/a	n/a	n/a	n/a	Tom has an idea for his new project.	for his new project.	n/a	n/a	n/a
288.268	0.2	288268	255	filler_word	48	63	1	control	n/a	n/a	n/a	n/a	n/a	n/a	n/a	n/a	n/a	Tom has an idea for his new project.	for his new project.	n/a	n/a	n/a
288.753	0.2	288753	255	filler_word	48	63	1	control	n/a	n/a	n/a	n/a	n/a	n/a	n/a	n/a	n/a	Tom has an idea for his new project.	for his new project.	n/a	n/a	n/a
290.426	0.2	290426	255	filler_word	48	63	1	control	n/a	n/a	n/a	n/a	n/a	n/a	n/a	n/a	n/a	Tom has an idea for his new project.	for his new project.	n/a	n/a	n/a
290.911	0.2	290911	255	filler_word	48	63	1	control	n/a	n/a	n/a	n/a	n/a	n/a	n/a	n/a	n/a	Tom has an idea for his new project.	for his new project.	n/a	n/a	n/a
291.396	0.2	291396	255	filler_word	48	63	1	control	n/a	n/a	n/a	n/a	n/a	n/a	n/a	n/a	n/a	Tom has an idea for his new project.	for his new project.	n/a	n/a	n/a
291.882	0.2	291882	210	control_correct	48	63	1	control	n/a	n/a	n/a	n/a	n/a	n/a	n/a	n/a	n/a	Tom has an idea for his new project.	for his new project.	n/a	n/a	n/a
292.166	0.0	292166	178	item_marker	49	78	1	control	n/a	n/a	n/a	n/a	n/a	n/a	n/a	n/a	n/a	There is an window in the bathroom now.	in the bathroom now.	n/a	n/a	n/a
292.367	0.2	292367	255	filler_word	49	78	1	control	n/a	n/a	n/a	n/a	n/a	n/a	n/a	n/a	n/a	There is an window in the bathroom now.	in the bathroom now.	n/a	n/a	n/a
292.852	0.2	292852	255	filler_word	49	78	1	control	n/a	n/a	n/a	n/a	n/a	n/a	n/a	n/a	n/a	There is an window in the bathroom now.	in the bathroom now.	n/a	n/a	n/a
293.337	0.2	293337	255	filler_word	49	78	1	control	n/a	n/a	n/a	n/a	n/a	n/a	n/a	n/a	n/a	There is an window in the bathroom now.	in the bathroom now.	n/a	n/a	n/a
293.822	0.2	293822	255	filler_word	49	78	1	control	n/a	n/a	n/a	n/a	n/a	n/a	n/a	n/a	n/a	There is an window in the bathroom now.	in the bathroom now.	n/a	n/a	n/a
295.612	0.2	295612	255	filler_word	49	78	1	control	n/a	n/a	n/a	n/a	n/a	n/a	n/a	n/a	n/a	There is an window in the bathroom now.	in the bathroom now.	n/a	n/a	n/a
296.098	0.2	296098	255	filler_word	49	78	1	control	n/a	n/a	n/a	n/a	n/a	n/a	n/a	n/a	n/a	There is an window in the bathroom now.	in the bathroom now.	n/a	n/a	n/a
296.583	0.2	296583	255	filler_word	49	78	1	control	n/a	n/a	n/a	n/a	n/a	n/a	n/a	n/a	n/a	There is an window in the bathroom now.	in the bathroom now.	n/a	n/a	n/a
297.068	0.2	297068	211	control_incorrect	49	78	1	control	n/a	n/a	n/a	n/a	n/a	n/a	n/a	n/a	n/a	There is an window in the bathroom now.	in the bathroom now.	n/a	n/a	n/a
297.352	0.0	297352	171	item_marker	50	71	1	control	n/a	n/a	n/a	n/a	n/a	n/a	n/a	n/a	n/a	We have an order for ten pizzas.	for ten pizzas.	n/a	n/a	n/a
297.553	0.2	297553	255	filler_word	50	71	1	control	n/a	n/a	n/a	n/a	n/a	n/a	n/a	n/a	n/a	We have an order for ten pizzas.	for ten pizzas.	n/a	n/a	n/a
298.038	0.2	298038	255	filler_word	50	71	1	control	n/a	n/a	n/a	n/a	n/a	n/a	n/a	n/a	n/a	We have an order for ten pizzas.	for ten pizzas.	n/a	n/a	n/a
298.523	0.2	298523	255	filler_word	50	71	1	control	n/a	n/a	n/a	n/a	n/a	n/a	n/a	n/a	n/a	We have an order for ten pizzas.	for ten pizzas.	n/a	n/a	n/a
300.481	0.2	300481	255	filler_word	50	71	1	control	n/a	n/a	n/a	n/a	n/a	n/a	n/a	n/a	n/a	We have an order for ten pizzas.	for ten pizzas.	n/a	n/a	n/a
300.966	0.2	300966	255	filler_word	50	71	1	control	n/a	n/a	n/a	n/a	n/a	n/a	n/a	n/a	n/a	We have an order for ten pizzas.	for ten pizzas.	n/a	n/a	n/a
301.451	0.2	301451	210	control_correct	50	71	1	control	n/a	n/a	n/a	n/a	n/a	n/a	n/a	n/a	n/a	We have an order for ten pizzas.	for ten pizzas.	n/a	n/a	n/a
301.736	0.0	301736	141	item_marker	51	41	1	control	n/a	n/a	n/a	n/a	n/a	n/a	n/a	n/a	n/a	Ask a adult for advice.	for advice.	n/a	n/a	n/a
301.936	0.2	301936	255	filler_word	51	41	1	control	n/a	n/a	n/a	n/a	n/a	n/a	n/a	n/a	n/a	Ask a adult for advice.	for advice.	n/a	n/a	n/a
302.422	0.2	302422	255	filler_word	51	41	1	control	n/a	n/a	n/a	n/a	n/a	n/a	n/a	n/a	n/a	Ask a adult for advice.	for advice.	n/a	n/a	n/a
304.178	0.2	304178	255	filler_word	51	41	1	control	n/a	n/a	n/a	n/a	n/a	n/a	n/a	n/a	n/a	Ask a adult for advice.	for advice.	n/a	n/a	n/a
304.664	0.2	304664	255	filler_word	51	41	1	control	n/a	n/a	n/a	n/a	n/a	n/a	n/a	n/a	n/a	Ask a adult for advice.	for advice.	n/a	n/a	n/a
305.149	0.2	305149	255	filler_word	51	41	1	control	n/a	n/a	n/a	n/a	n/a	n/a	n/a	n/a	n/a	Ask a adult for advice.	for advice.	n/a	n/a	n/a
305.634	0.2	305634	255	filler_word	51	41	1	control	n/a	n/a	n/a	n/a	n/a	n/a	n/a	n/a	n/a	Ask a adult for advice.	for advice.	n/a	n/a	n/a
306.119	0.2	306119	210	control_correct	51	41	1	control	n/a	n/a	n/a	n/a	n/a	n/a	n/a	n/a	n/a	Ask a adult for advice.	for advice.	n/a	n/a	n/a
306.404	0.0	306404	169	item_marker	52	69	1	control	n/a	n/a	n/a	n/a	n/a	n/a	n/a	n/a	n/a	The Atlantic is a ocean between Europe and America.	between Europe and America.	n/a	n/a	n/a
306.604	0.2	306604	255	filler_word	52	69	1	control	n/a	n/a	n/a	n/a	n/a	n/a	n/a	n/a	n/a	The Atlantic is a ocean between Europe and America.	between Europe and America.	n/a	n/a	n/a
307.089	0.2	307089	255	filler_word	52	69	1	control	n/a	n/a	n/a	n/a	n/a	n/a	n/a	n/a	n/a	The Atlantic is a ocean between Europe and America.	between Europe and America.	n/a	n/a	n/a
307.575	0.2	307575	255	filler_word	52	69	1	control	n/a	n/a	n/a	n/a	n/a	n/a	n/a	n/a	n/a	The Atlantic is a ocean between Europe and America.	between Europe and America.	n/a	n/a	n/a
308.06	0.2	308060	255	filler_word	52	69	1	control	n/a	n/a	n/a	n/a	n/a	n/a	n/a	n/a	n/a	The Atlantic is a ocean between Europe and America.	between Europe and America.	n/a	n/a	n/a
310.001	0.2	310001	255	filler_word	52	69	1	control	n/a	n/a	n/a	n/a	n/a	n/a	n/a	n/a	n/a	The Atlantic is a ocean between Europe and America.	between Europe and America.	n/a	n/a	n/a
310.486	0.2	310486	255	filler_word	52	69	1	control	n/a	n/a	n/a	n/a	n/a	n/a	n/a	n/a	n/a	The Atlantic is a ocean between Europe and America.	between Europe and America.	n/a	n/a	n/a
310.971	0.2	310971	255	filler_word	52	69	1	control	n/a	n/a	n/a	n/a	n/a	n/a	n/a	n/a	n/a	The Atlantic is a ocean between Europe and America.	between Europe and America.	n/a	n/a	n/a
311.456	0.2	311456	211	control_incorrect	52	69	1	control	n/a	n/a	n/a	n/a	n/a	n/a	n/a	n/a	n/a	The Atlantic is a ocean between Europe and America.	between Europe and America.	n/a	n/a	n/a
311.741	0.0	311741	176	item_marker	53	76	1	control	n/a	n/a	n/a	n/a	n/a	n/a	n/a	n/a	n/a	Acid is a liquid that dissolves things.	that dissolves things.	n/a	n/a	n/a
311.941	0.2	311941	255	filler_word	53	76	1	control	n/a	n/a	n/a	n/a	n/a	n/a	n/a	n/a	n/a	Acid is a liquid that dissolves things.	that dissolves things.	n/a	n/a	n/a
312.426	0.2	312426	255	filler_word	53	76	1	control	n/a	n/a	n/a	n/a	n/a	n/a	n/a	n/a	n/a	Acid is a liquid that dissolves things.	that dissolves things.	n/a	n/a	n/a
312.912	0.2	312912	255	filler_word	53	76	1	control	n/a	n/a	n/a	n/a	n/a	n/a	n/a	n/a	n/a	Acid is a liquid that dissolves things.	that dissolves things.	n/a	n/a	n/a
314.568	0.2	314568	255	filler_word	53	76	1	control	n/a	n/a	n/a	n/a	n/a	n/a	n/a	n/a	n/a	Acid is a liquid that dissolves things.	that dissolves things.	n/a	n/a	n/a
315.053	0.2	315053	255	filler_word	53	76	1	control	n/a	n/a	n/a	n/a	n/a	n/a	n/a	n/a	n/a	Acid is a liquid that dissolves things.	that dissolves things.	n/a	n/a	n/a
315.538	0.2	315538	255	filler_word	53	76	1	control	n/a	n/a	n/a	n/a	n/a	n/a	n/a	n/a	n/a	Acid is a liquid that dissolves things.	that dissolves things.	n/a	n/a	n/a
316.023	0.2	316023	210	control_correct	53	76	1	control	n/a	n/a	n/a	n/a	n/a	n/a	n/a	n/a	n/a	Acid is a liquid that dissolves things.	that dissolves things.	n/a	n/a	n/a
316.308	0.0	316308	154	item_marker	54	54	1	control	n/a	n/a	n/a	n/a	n/a	n/a	n/a	n/a	n/a	He became an director after being an actor for years.	after being an actor for years.	n/a	n/a	n/a
316.509	0.2	316509	255	filler_word	54	54	1	control	n/a	n/a	n/a	n/a	n/a	n/a	n/a	n/a	n/a	He became an director after being an actor for years.	after being an actor for years.	n/a	n/a	n/a
316.994	0.2	316994	255	filler_word	54	54	1	control	n/a	n/a	n/a	n/a	n/a	n/a	n/a	n/a	n/a	He became an director after being an actor for years.	after being an actor for years.	n/a	n/a	n/a
317.479	0.2	317479	255	filler_word	54	54	1	control	n/a	n/a	n/a	n/a	n/a	n/a	n/a	n/a	n/a	He became an director after being an actor for years.	after being an actor for years.	n/a	n/a	n/a
317.964	0.2	317964	255	filler_word	54	54	1	control	n/a	n/a	n/a	n/a	n/a	n/a	n/a	n/a	n/a	He became an director after being an actor for years.	after being an actor for years.	n/a	n/a	n/a
318.449	0.2	318449	255	filler_word	54	54	1	control	n/a	n/a	n/a	n/a	n/a	n/a	n/a	n/a	n/a	He became an director after being an actor for years.	after being an actor for years.	n/a	n/a	n/a
318.935	0.2	318935	255	filler_word	54	54	1	control	n/a	n/a	n/a	n/a	n/a	n/a	n/a	n/a	n/a	He became an director after being an actor for years.	after being an actor for years.	n/a	n/a	n/a
320.875	0.2	320875	255	filler_word	54	54	1	control	n/a	n/a	n/a	n/a	n/a	n/a	n/a	n/a	n/a	He became an director after being an actor for years.	after being an actor for years.	n/a	n/a	n/a
321.36	0.2	321360	255	filler_word	54	54	1	control	n/a	n/a	n/a	n/a	n/a	n/a	n/a	n/a	n/a	He became an director after being an actor for years.	after being an actor for years.	n/a	n/a	n/a
321.846	0.2	321846	255	filler_word	54	54	1	control	n/a	n/a	n/a	n/a	n/a	n/a	n/a	n/a	n/a	He became an director after being an actor for years.	after being an actor for years.	n/a	n/a	n/a
322.331	0.2	322331	255	filler_word	54	54	1	control	n/a	n/a	n/a	n/a	n/a	n/a	n/a	n/a	n/a	He became an director after being an actor for years.	after being an actor for years.	n/a	n/a	n/a
322.816	0.2	322816	210	control_correct	54	54	1	control	n/a	n/a	n/a	n/a	n/a	n/a	n/a	n/a	n/a	He became an director after being an actor for years.	after being an actor for years.	n/a	n/a	n/a
323.1	0.0	323100	149	item_marker	55	49	1	control	n/a	n/a	n/a	n/a	n/a	n/a	n/a	n/a	n/a	Whenever I slice a onion I always cry.	I always cry.	n/a	n/a	n/a
323.301	0.2	323301	255	filler_word	55	49	1	control	n/a	n/a	n/a	n/a	n/a	n/a	n/a	n/a	n/a	Whenever I slice a onion I always cry.	I always cry.	n/a	n/a	n/a
323.786	0.2	323786	255	filler_word	55	49	1	control	n/a	n/a	n/a	n/a	n/a	n/a	n/a	n/a	n/a	Whenever I slice a onion I always cry.	I always cry.	n/a	n/a	n/a
324.272	0.2	324272	255	filler_word	55	49	1	control	n/a	n/a	n/a	n/a	n/a	n/a	n/a	n/a	n/a	Whenever I slice a onion I always cry.	I always cry.	n/a	n/a	n/a
326.212	0.2	326212	255	filler_word	55	49	1	control	n/a	n/a	n/a	n/a	n/a	n/a	n/a	n/a	n/a	Whenever I slice a onion I always cry.	I always cry.	n/a	n/a	n/a
326.697	0.2	326697	255	filler_word	55	49	1	control	n/a	n/a	n/a	n/a	n/a	n/a	n/a	n/a	n/a	Whenever I slice a onion I always cry.	I always cry.	n/a	n/a	n/a
327.183	0.2	327183	255	filler_word	55	49	1	control	n/a	n/a	n/a	n/a	n/a	n/a	n/a	n/a	n/a	Whenever I slice a onion I always cry.	I always cry.	n/a	n/a	n/a
327.668	0.2	327668	255	filler_word	55	49	1	control	n/a	n/a	n/a	n/a	n/a	n/a	n/a	n/a	n/a	Whenever I slice a onion I always cry.	I always cry.	n/a	n/a	n/a
328.153	0.2	328153	255	filler_word	55	49	1	control	n/a	n/a	n/a	n/a	n/a	n/a	n/a	n/a	n/a	Whenever I slice a onion I always cry.	I always cry.	n/a	n/a	n/a
328.638	0.2	328638	255	filler_word	55	49	1	control	n/a	n/a	n/a	n/a	n/a	n/a	n/a	n/a	n/a	Whenever I slice a onion I always cry.	I always cry.	n/a	n/a	n/a
329.123	0.2	329123	210	control_correct	55	49	1	control	n/a	n/a	n/a	n/a	n/a	n/a	n/a	n/a	n/a	Whenever I slice a onion I always cry.	I always cry.	n/a	n/a	n/a
329.408	0.0	329408	158	item_marker	56	58	1	control	n/a	n/a	n/a	n/a	n/a	n/a	n/a	n/a	n/a	Bob left the hospital in an wheelchair after his operation.	after his operation.	n/a	n/a	n/a
329.609	0.2	329609	255	filler_word	56	58	1	control	n/a	n/a	n/a	n/a	n/a	n/a	n/a	n/a	n/a	Bob left the hospital in an wheelchair after his operation.	after his operation.	n/a	n/a	n/a
330.094	0.2	330094	255	filler_word	56	58	1	control	n/a	n/a	n/a	n/a	n/a	n/a	n/a	n/a	n/a	Bob left the hospital in an wheelchair after his operation.	after his operation.	n/a	n/a	n/a
330.579	0.2	330579	255	filler_word	56	58	1	control	n/a	n/a	n/a	n/a	n/a	n/a	n/a	n/a	n/a	Bob left the hospital in an wheelchair after his operation.	after his operation.	n/a	n/a	n/a
332.419	0.2	332419	255	filler_word	56	58	1	control	n/a	n/a	n/a	n/a	n/a	n/a	n/a	n/a	n/a	Bob left the hospital in an wheelchair after his operation.	after his operation.	n/a	n/a	n/a
332.904	0.2	332904	255	filler_word	56	58	1	control	n/a	n/a	n/a	n/a	n/a	n/a	n/a	n/a	n/a	Bob left the hospital in an wheelchair after his operation.	after his operation.	n/a	n/a	n/a
333.39	0.2	333390	255	filler_word	56	58	1	control	n/a	n/a	n/a	n/a	n/a	n/a	n/a	n/a	n/a	Bob left the hospital in an wheelchair after his operation.	after his operation.	n/a	n/a	n/a
333.875	0.2	333875	255	filler_word	56	58	1	control	n/a	n/a	n/a	n/a	n/a	n/a	n/a	n/a	n/a	Bob left the hospital in an wheelchair after his operation.	after his operation.	n/a	n/a	n/a
334.36	0.2	334360	211	control_incorrect	56	58	1	control	n/a	n/a	n/a	n/a	n/a	n/a	n/a	n/a	n/a	Bob left the hospital in an wheelchair after his operation.	after his operation.	n/a	n/a	n/a
334.644	0.0	334644	155	item_marker	57	55	1	control	n/a	n/a	n/a	n/a	n/a	n/a	n/a	n/a	n/a	The magician needed an audience to perform his tricks.	to perform his tricks.	n/a	n/a	n/a
334.845	0.2	334845	255	filler_word	57	55	1	control	n/a	n/a	n/a	n/a	n/a	n/a	n/a	n/a	n/a	The magician needed an audience to perform his tricks.	to perform his tricks.	n/a	n/a	n/a
335.33	0.2	335330	255	filler_word	57	55	1	control	n/a	n/a	n/a	n/a	n/a	n/a	n/a	n/a	n/a	The magician needed an audience to perform his tricks.	to perform his tricks.	n/a	n/a	n/a
335.816	0.2	335816	255	filler_word	57	55	1	control	n/a	n/a	n/a	n/a	n/a	n/a	n/a	n/a	n/a	The magician needed an audience to perform his tricks.	to perform his tricks.	n/a	n/a	n/a
336.301	0.2	336301	255	filler_word	57	55	1	control	n/a	n/a	n/a	n/a	n/a	n/a	n/a	n/a	n/a	The magician needed an audience to perform his tricks.	to perform his tricks.	n/a	n/a	n/a
338.175	0.2	338175	255	filler_word	57	55	1	control	n/a	n/a	n/a	n/a	n/a	n/a	n/a	n/a	n/a	The magician needed an audience to perform his tricks.	to perform his tricks.	n/a	n/a	n/a
338.66	0.2	338660	255	filler_word	57	55	1	control	n/a	n/a	n/a	n/a	n/a	n/a	n/a	n/a	n/a	The magician needed an audience to perform his tricks.	to perform his tricks.	n/a	n/a	n/a
339.145	0.2	339145	255	filler_word	57	55	1	control	n/a	n/a	n/a	n/a	n/a	n/a	n/a	n/a	n/a	The magician needed an audience to perform his tricks.	to perform his tricks.	n/a	n/a	n/a
339.63	0.2	339630	255	filler_word	57	55	1	control	n/a	n/a	n/a	n/a	n/a	n/a	n/a	n/a	n/a	The magician needed an audience to perform his tricks.	to perform his tricks.	n/a	n/a	n/a
340.115	0.2	340115	255	filler_word	57	55	1	control	n/a	n/a	n/a	n/a	n/a	n/a	n/a	n/a	n/a	The magician needed an audience to perform his tricks.	to perform his tricks.	n/a	n/a	n/a
340.6	0.2	340600	210	control_correct	57	55	1	control	n/a	n/a	n/a	n/a	n/a	n/a	n/a	n/a	n/a	The magician needed an audience to perform his tricks.	to perform his tricks.	n/a	n/a	n/a
340.885	0.0	340885	153	item_marker	58	53	1	control	n/a	n/a	n/a	n/a	n/a	n/a	n/a	n/a	n/a	He became famous as a actor after his first movie.	after his first movie.	n/a	n/a	n/a
341.086	0.2	341086	255	filler_word	58	53	1	control	n/a	n/a	n/a	n/a	n/a	n/a	n/a	n/a	n/a	He became famous as a actor after his first movie.	after his first movie.	n/a	n/a	n/a
341.571	0.2	341571	255	filler_word	58	53	1	control	n/a	n/a	n/a	n/a	n/a	n/a	n/a	n/a	n/a	He became famous as a actor after his first movie.	after his first movie.	n/a	n/a	n/a
342.056	0.2	342056	255	filler_word	58	53	1	control	n/a	n/a	n/a	n/a	n/a	n/a	n/a	n/a	n/a	He became famous as a actor after his first movie.	after his first movie.	n/a	n/a	n/a
342.541	0.2	342541	255	filler_word	58	53	1	control	n/a	n/a	n/a	n/a	n/a	n/a	n/a	n/a	n/a	He became famous as a actor after his first movie.	after his first movie.	n/a	n/a	n/a
344.515	0.2	344515	255	filler_word	58	53	1	control	n/a	n/a	n/a	n/a	n/a	n/a	n/a	n/a	n/a	He became famous as a actor after his first movie.	after his first movie.	n/a	n/a	n/a
345.001	0.2	345001	255	filler_word	58	53	1	control	n/a	n/a	n/a	n/a	n/a	n/a	n/a	n/a	n/a	He became famous as a actor after his first movie.	after his first movie.	n/a	n/a	n/a
345.486	0.2	345486	255	filler_word	58	53	1	control	n/a	n/a	n/a	n/a	n/a	n/a	n/a	n/a	n/a	He became famous as a actor after his first movie.	after his first movie.	n/a	n/a	n/a
345.971	0.2	345971	255	filler_word	58	53	1	control	n/a	n/a	n/a	n/a	n/a	n/a	n/a	n/a	n/a	He became famous as a actor after his first movie.	after his first movie.	n/a	n/a	n/a
346.456	0.2	346456	255	filler_word	58	53	1	control	n/a	n/a	n/a	n/a	n/a	n/a	n/a	n/a	n/a	He became famous as a actor after his first movie.	after his first movie.	n/a	n/a	n/a
346.941	0.2	346941	255	filler_word	58	53	1	control	n/a	n/a	n/a	n/a	n/a	n/a	n/a	n/a	n/a	He became famous as a actor after his first movie.	after his first movie.	n/a	n/a	n/a
347.426	0.2	347426	210	control_correct	58	53	1	control	n/a	n/a	n/a	n/a	n/a	n/a	n/a	n/a	n/a	He became famous as a actor after his first movie.	after his first movie.	n/a	n/a	n/a
347.711	0.0	347711	170	item_marker	59	70	1	control	n/a	n/a	n/a	n/a	n/a	n/a	n/a	n/a	n/a	In the desert, we saw an mirage after walking for hours.	after walking for hours.	n/a	n/a	n/a
347.912	0.2	347912	255	filler_word	59	70	1	control	n/a	n/a	n/a	n/a	n/a	n/a	n/a	n/a	n/a	In the desert, we saw an mirage after walking for hours.	after walking for hours.	n/a	n/a	n/a
348.397	0.2	348397	255	filler_word	59	70	1	control	n/a	n/a	n/a	n/a	n/a	n/a	n/a	n/a	n/a	In the desert, we saw an mirage after walking for hours.	after walking for hours.	n/a	n/a	n/a
348.882	0.2	348882	255	filler_word	59	70	1	control	n/a	n/a	n/a	n/a	n/a	n/a	n/a	n/a	n/a	In the desert, we saw an mirage after walking for hours.	after walking for hours.	n/a	n/a	n/a
349.367	0.2	349367	255	filler_word	59	70	1	control	n/a	n/a	n/a	n/a	n/a	n/a	n/a	n/a	n/a	In the desert, we saw an mirage after walking for hours.	after walking for hours.	n/a	n/a	n/a
351.375	0.2	351375	255	filler_word	59	70	1	control	n/a	n/a	n/a	n/a	n/a	n/a	n/a	n/a	n/a	In the desert, we saw an mirage after walking for hours.	after walking for hours.	n/a	n/a	n/a
351.86	0.2	351860	255	filler_word	59	70	1	control	n/a	n/a	n/a	n/a	n/a	n/a	n/a	n/a	n/a	In the desert, we saw an mirage after walking for hours.	after walking for hours.	n/a	n/a	n/a
352.345	0.2	352345	255	filler_word	59	70	1	control	n/a	n/a	n/a	n/a	n/a	n/a	n/a	n/a	n/a	In the desert, we saw an mirage after walking for hours.	after walking for hours.	n/a	n/a	n/a
352.83	0.2	352830	255	filler_word	59	70	1	control	n/a	n/a	n/a	n/a	n/a	n/a	n/a	n/a	n/a	In the desert, we saw an mirage after walking for hours.	after walking for hours.	n/a	n/a	n/a
353.316	0.2	353316	211	control_incorrect	59	70	1	control	n/a	n/a	n/a	n/a	n/a	n/a	n/a	n/a	n/a	In the desert, we saw an mirage after walking for hours.	after walking for hours.	n/a	n/a	n/a
353.6	0.0	353600	179	item_marker	60	79	1	control	n/a	n/a	n/a	n/a	n/a	n/a	n/a	n/a	n/a	He looked like an alien when he was born.	when he was born.	n/a	n/a	n/a
353.801	0.2	353801	255	filler_word	60	79	1	control	n/a	n/a	n/a	n/a	n/a	n/a	n/a	n/a	n/a	He looked like an alien when he was born.	when he was born.	n/a	n/a	n/a
354.286	0.2	354286	255	filler_word	60	79	1	control	n/a	n/a	n/a	n/a	n/a	n/a	n/a	n/a	n/a	He looked like an alien when he was born.	when he was born.	n/a	n/a	n/a
354.771	0.2	354771	255	filler_word	60	79	1	control	n/a	n/a	n/a	n/a	n/a	n/a	n/a	n/a	n/a	He looked like an alien when he was born.	when he was born.	n/a	n/a	n/a
355.256	0.2	355256	255	filler_word	60	79	1	control	n/a	n/a	n/a	n/a	n/a	n/a	n/a	n/a	n/a	He looked like an alien when he was born.	when he was born.	n/a	n/a	n/a
357.331	0.2	357331	255	filler_word	60	79	1	control	n/a	n/a	n/a	n/a	n/a	n/a	n/a	n/a	n/a	He looked like an alien when he was born.	when he was born.	n/a	n/a	n/a
357.816	0.2	357816	255	filler_word	60	79	1	control	n/a	n/a	n/a	n/a	n/a	n/a	n/a	n/a	n/a	He looked like an alien when he was born.	when he was born.	n/a	n/a	n/a
358.301	0.2	358301	255	filler_word	60	79	1	control	n/a	n/a	n/a	n/a	n/a	n/a	n/a	n/a	n/a	He looked like an alien when he was born.	when he was born.	n/a	n/a	n/a
358.786	0.2	358786	211	control_incorrect	60	79	1	control	n/a	n/a	n/a	n/a	n/a	n/a	n/a	n/a	n/a	He looked like an alien when he was born.	when he was born.	n/a	n/a	n/a
359.071	0.0	359071	156	item_marker	61	56	1	control	n/a	n/a	n/a	n/a	n/a	n/a	n/a	n/a	n/a	There was a crowd gathered around the street-performer.	gathered around the street-performer.	n/a	n/a	n/a
359.272	0.2	359272	255	filler_word	61	56	1	control	n/a	n/a	n/a	n/a	n/a	n/a	n/a	n/a	n/a	There was a crowd gathered around the street-performer.	gathered around the street-performer.	n/a	n/a	n/a
359.757	0.2	359757	255	filler_word	61	56	1	control	n/a	n/a	n/a	n/a	n/a	n/a	n/a	n/a	n/a	There was a crowd gathered around the street-performer.	gathered around the street-performer.	n/a	n/a	n/a
360.242	0.2	360242	255	filler_word	61	56	1	control	n/a	n/a	n/a	n/a	n/a	n/a	n/a	n/a	n/a	There was a crowd gathered around the street-performer.	gathered around the street-performer.	n/a	n/a	n/a
360.727	0.2	360727	255	filler_word	61	56	1	control	n/a	n/a	n/a	n/a	n/a	n/a	n/a	n/a	n/a	There was a crowd gathered around the street-performer.	gathered around the street-performer.	n/a	n/a	n/a
362.634	0.2	362634	255	filler_word	61	56	1	control	n/a	n/a	n/a	n/a	n/a	n/a	n/a	n/a	n/a	There was a crowd gathered around the street-performer.	gathered around the street-performer.	n/a	n/a	n/a
363.12	0.2	363120	255	filler_word	61	56	1	control	n/a	n/a	n/a	n/a	n/a	n/a	n/a	n/a	n/a	There was a crowd gathered around the street-performer.	gathered around the street-performer.	n/a	n/a	n/a
363.605	0.2	363605	255	filler_word	61	56	1	control	n/a	n/a	n/a	n/a	n/a	n/a	n/a	n/a	n/a	There was a crowd gathered around the street-performer.	gathered around the street-performer.	n/a	n/a	n/a
364.09	0.2	364090	255	filler_word	61	56	1	control	n/a	n/a	n/a	n/a	n/a	n/a	n/a	n/a	n/a	There was a crowd gathered around the street-performer.	gathered around the street-performer.	n/a	n/a	n/a
364.575	0.2	364575	211	control_incorrect	61	56	1	control	n/a	n/a	n/a	n/a	n/a	n/a	n/a	n/a	n/a	There was a crowd gathered around the street-performer.	gathered around the street-performer.	n/a	n/a	n/a
364.86	0.0	364860	180	item_marker	62	80	1	control	n/a	n/a	n/a	n/a	n/a	n/a	n/a	n/a	n/a	John felt like a tourist with his camera.	with his camera.	n/a	n/a	n/a
365.06	0.2	365060	255	filler_word	62	80	1	control	n/a	n/a	n/a	n/a	n/a	n/a	n/a	n/a	n/a	John felt like a tourist with his camera.	with his camera.	n/a	n/a	n/a
365.545	0.2	365545	255	filler_word	62	80	1	control	n/a	n/a	n/a	n/a	n/a	n/a	n/a	n/a	n/a	John felt like a tourist with his camera.	with his camera.	n/a	n/a	n/a
366.031	0.2	366031	255	filler_word	62	80	1	control	n/a	n/a	n/a	n/a	n/a	n/a	n/a	n/a	n/a	John felt like a tourist with his camera.	with his camera.	n/a	n/a	n/a
367.971	0.2	367971	255	filler_word	62	80	1	control	n/a	n/a	n/a	n/a	n/a	n/a	n/a	n/a	n/a	John felt like a tourist with his camera.	with his camera.	n/a	n/a	n/a
368.457	0.2	368457	255	filler_word	62	80	1	control	n/a	n/a	n/a	n/a	n/a	n/a	n/a	n/a	n/a	John felt like a tourist with his camera.	with his camera.	n/a	n/a	n/a
368.942	0.2	368942	255	filler_word	62	80	1	control	n/a	n/a	n/a	n/a	n/a	n/a	n/a	n/a	n/a	John felt like a tourist with his camera.	with his camera.	n/a	n/a	n/a
369.427	0.2	369427	255	filler_word	62	80	1	control	n/a	n/a	n/a	n/a	n/a	n/a	n/a	n/a	n/a	John felt like a tourist with his camera.	with his camera.	n/a	n/a	n/a
369.912	0.2	369912	210	control_correct	62	80	1	control	n/a	n/a	n/a	n/a	n/a	n/a	n/a	n/a	n/a	John felt like a tourist with his camera.	with his camera.	n/a	n/a	n/a
370.197	0.0	370197	165	item_marker	63	65	1	control	n/a	n/a	n/a	n/a	n/a	n/a	n/a	n/a	n/a	He could buy a island he is so rich.	he is so rich.	n/a	n/a	n/a
370.397	0.2	370397	255	filler_word	63	65	1	control	n/a	n/a	n/a	n/a	n/a	n/a	n/a	n/a	n/a	He could buy a island he is so rich.	he is so rich.	n/a	n/a	n/a
370.882	0.2	370882	255	filler_word	63	65	1	control	n/a	n/a	n/a	n/a	n/a	n/a	n/a	n/a	n/a	He could buy a island he is so rich.	he is so rich.	n/a	n/a	n/a
371.368	0.2	371368	255	filler_word	63	65	1	control	n/a	n/a	n/a	n/a	n/a	n/a	n/a	n/a	n/a	He could buy a island he is so rich.	he is so rich.	n/a	n/a	n/a
371.853	0.2	371853	255	filler_word	63	65	1	control	n/a	n/a	n/a	n/a	n/a	n/a	n/a	n/a	n/a	He could buy a island he is so rich.	he is so rich.	n/a	n/a	n/a
373.71	0.2	373710	255	filler_word	63	65	1	control	n/a	n/a	n/a	n/a	n/a	n/a	n/a	n/a	n/a	He could buy a island he is so rich.	he is so rich.	n/a	n/a	n/a
374.195	0.2	374195	255	filler_word	63	65	1	control	n/a	n/a	n/a	n/a	n/a	n/a	n/a	n/a	n/a	He could buy a island he is so rich.	he is so rich.	n/a	n/a	n/a
374.68	0.2	374680	255	filler_word	63	65	1	control	n/a	n/a	n/a	n/a	n/a	n/a	n/a	n/a	n/a	He could buy a island he is so rich.	he is so rich.	n/a	n/a	n/a
375.165	0.2	375165	210	control_correct	63	65	1	control	n/a	n/a	n/a	n/a	n/a	n/a	n/a	n/a	n/a	He could buy a island he is so rich.	he is so rich.	n/a	n/a	n/a
375.45	0.0	375450	177	item_marker	64	77	1	control	n/a	n/a	n/a	n/a	n/a	n/a	n/a	n/a	n/a	You need a egg for this recipe.	for this recipe.	n/a	n/a	n/a
375.651	0.2	375651	255	filler_word	64	77	1	control	n/a	n/a	n/a	n/a	n/a	n/a	n/a	n/a	n/a	You need a egg for this recipe.	for this recipe.	n/a	n/a	n/a
376.136	0.2	376136	255	filler_word	64	77	1	control	n/a	n/a	n/a	n/a	n/a	n/a	n/a	n/a	n/a	You need a egg for this recipe.	for this recipe.	n/a	n/a	n/a
376.621	0.2	376621	255	filler_word	64	77	1	control	n/a	n/a	n/a	n/a	n/a	n/a	n/a	n/a	n/a	You need a egg for this recipe.	for this recipe.	n/a	n/a	n/a
378.612	0.2	378612	255	filler_word	64	77	1	control	n/a	n/a	n/a	n/a	n/a	n/a	n/a	n/a	n/a	You need a egg for this recipe.	for this recipe.	n/a	n/a	n/a
379.097	0.2	379097	255	filler_word	64	77	1	control	n/a	n/a	n/a	n/a	n/a	n/a	n/a	n/a	n/a	You need a egg for this recipe.	for this recipe.	n/a	n/a	n/a
379.582	0.2	379582	255	filler_word	64	77	1	control	n/a	n/a	n/a	n/a	n/a	n/a	n/a	n/a	n/a	You need a egg for this recipe.	for this recipe.	n/a	n/a	n/a
380.067	0.2	380067	210	control_correct	64	77	1	control	n/a	n/a	n/a	n/a	n/a	n/a	n/a	n/a	n/a	You need a egg for this recipe.	for this recipe.	n/a	n/a	n/a
380.352	0.0	380352	150	item_marker	65	50	1	control	n/a	n/a	n/a	n/a	n/a	n/a	n/a	n/a	n/a	I cut an finger with a knife.	with a knife.	n/a	n/a	n/a
380.553	0.2	380553	255	filler_word	65	50	1	control	n/a	n/a	n/a	n/a	n/a	n/a	n/a	n/a	n/a	I cut an finger with a knife.	with a knife.	n/a	n/a	n/a
381.038	0.2	381038	255	filler_word	65	50	1	control	n/a	n/a	n/a	n/a	n/a	n/a	n/a	n/a	n/a	I cut an finger with a knife.	with a knife.	n/a	n/a	n/a
381.523	0.2	381523	255	filler_word	65	50	1	control	n/a	n/a	n/a	n/a	n/a	n/a	n/a	n/a	n/a	I cut an finger with a knife.	with a knife.	n/a	n/a	n/a
383.497	0.2	383497	255	filler_word	65	50	1	control	n/a	n/a	n/a	n/a	n/a	n/a	n/a	n/a	n/a	I cut an finger with a knife.	with a knife.	n/a	n/a	n/a
383.982	0.2	383982	255	filler_word	65	50	1	control	n/a	n/a	n/a	n/a	n/a	n/a	n/a	n/a	n/a	I cut an finger with a knife.	with a knife.	n/a	n/a	n/a
384.468	0.2	384468	255	filler_word	65	50	1	control	n/a	n/a	n/a	n/a	n/a	n/a	n/a	n/a	n/a	I cut an finger with a knife.	with a knife.	n/a	n/a	n/a
384.953	0.2	384953	255	filler_word	65	50	1	control	n/a	n/a	n/a	n/a	n/a	n/a	n/a	n/a	n/a	I cut an finger with a knife.	with a knife.	n/a	n/a	n/a
385.438	0.2	385438	255	filler_word	65	50	1	control	n/a	n/a	n/a	n/a	n/a	n/a	n/a	n/a	n/a	I cut an finger with a knife.	with a knife.	n/a	n/a	n/a
385.923	0.2	385923	211	control_incorrect	65	50	1	control	n/a	n/a	n/a	n/a	n/a	n/a	n/a	n/a	n/a	I cut an finger with a knife.	with a knife.	n/a	n/a	n/a
386.207	0.0	386207	167	item_marker	66	67	1	control	n/a	n/a	n/a	n/a	n/a	n/a	n/a	n/a	n/a	The old wizard uses an owl to send letters.	to send letters.	n/a	n/a	n/a
386.408	0.2	386408	255	filler_word	66	67	1	control	n/a	n/a	n/a	n/a	n/a	n/a	n/a	n/a	n/a	The old wizard uses an owl to send letters.	to send letters.	n/a	n/a	n/a
386.893	0.2	386893	255	filler_word	66	67	1	control	n/a	n/a	n/a	n/a	n/a	n/a	n/a	n/a	n/a	The old wizard uses an owl to send letters.	to send letters.	n/a	n/a	n/a
387.379	0.2	387379	255	filler_word	66	67	1	control	n/a	n/a	n/a	n/a	n/a	n/a	n/a	n/a	n/a	The old wizard uses an owl to send letters.	to send letters.	n/a	n/a	n/a
389.202	0.2	389202	255	filler_word	66	67	1	control	n/a	n/a	n/a	n/a	n/a	n/a	n/a	n/a	n/a	The old wizard uses an owl to send letters.	to send letters.	n/a	n/a	n/a
389.687	0.2	389687	255	filler_word	66	67	1	control	n/a	n/a	n/a	n/a	n/a	n/a	n/a	n/a	n/a	The old wizard uses an owl to send letters.	to send letters.	n/a	n/a	n/a
390.173	0.2	390173	255	filler_word	66	67	1	control	n/a	n/a	n/a	n/a	n/a	n/a	n/a	n/a	n/a	The old wizard uses an owl to send letters.	to send letters.	n/a	n/a	n/a
390.658	0.2	390658	255	filler_word	66	67	1	control	n/a	n/a	n/a	n/a	n/a	n/a	n/a	n/a	n/a	The old wizard uses an owl to send letters.	to send letters.	n/a	n/a	n/a
391.143	0.2	391143	211	control_incorrect	66	67	1	control	n/a	n/a	n/a	n/a	n/a	n/a	n/a	n/a	n/a	The old wizard uses an owl to send letters.	to send letters.	n/a	n/a	n/a
391.427	0.0	391427	148	item_marker	67	48	1	control	n/a	n/a	n/a	n/a	n/a	n/a	n/a	n/a	n/a	Sam told me a story about his wife.	about his wife.	n/a	n/a	n/a
391.628	0.2	391628	255	filler_word	67	48	1	control	n/a	n/a	n/a	n/a	n/a	n/a	n/a	n/a	n/a	Sam told me a story about his wife.	about his wife.	n/a	n/a	n/a
392.113	0.2	392113	255	filler_word	67	48	1	control	n/a	n/a	n/a	n/a	n/a	n/a	n/a	n/a	n/a	Sam told me a story about his wife.	about his wife.	n/a	n/a	n/a
392.599	0.2	392599	255	filler_word	67	48	1	control	n/a	n/a	n/a	n/a	n/a	n/a	n/a	n/a	n/a	Sam told me a story about his wife.	about his wife.	n/a	n/a	n/a
394.439	0.2	394439	255	filler_word	67	48	1	control	n/a	n/a	n/a	n/a	n/a	n/a	n/a	n/a	n/a	Sam told me a story about his wife.	about his wife.	n/a	n/a	n/a
394.924	0.2	394924	255	filler_word	67	48	1	control	n/a	n/a	n/a	n/a	n/a	n/a	n/a	n/a	n/a	Sam told me a story about his wife.	about his wife.	n/a	n/a	n/a
395.409	0.2	395409	255	filler_word	67	48	1	control	n/a	n/a	n/a	n/a	n/a	n/a	n/a	n/a	n/a	Sam told me a story about his wife.	about his wife.	n/a	n/a	n/a
395.894	0.2	395894	211	control_incorrect	67	48	1	control	n/a	n/a	n/a	n/a	n/a	n/a	n/a	n/a	n/a	Sam told me a story about his wife.	about his wife.	n/a	n/a	n/a
396.179	0.0	396179	168	item_marker	68	68	1	control	n/a	n/a	n/a	n/a	n/a	n/a	n/a	n/a	n/a	Mary has a cat who leaves hair everywhere.	who leaves hair everywhere.	n/a	n/a	n/a
396.38	0.2	396380	255	filler_word	68	68	1	control	n/a	n/a	n/a	n/a	n/a	n/a	n/a	n/a	n/a	Mary has a cat who leaves hair everywhere.	who leaves hair everywhere.	n/a	n/a	n/a
396.865	0.2	396865	255	filler_word	68	68	1	control	n/a	n/a	n/a	n/a	n/a	n/a	n/a	n/a	n/a	Mary has a cat who leaves hair everywhere.	who leaves hair everywhere.	n/a	n/a	n/a
397.35	0.2	397350	255	filler_word	68	68	1	control	n/a	n/a	n/a	n/a	n/a	n/a	n/a	n/a	n/a	Mary has a cat who leaves hair everywhere.	who leaves hair everywhere.	n/a	n/a	n/a
397.835	0.2	397835	255	filler_word	68	68	1	control	n/a	n/a	n/a	n/a	n/a	n/a	n/a	n/a	n/a	Mary has a cat who leaves hair everywhere.	who leaves hair everywhere.	n/a	n/a	n/a
399.542	0.2	399542	255	filler_word	68	68	1	control	n/a	n/a	n/a	n/a	n/a	n/a	n/a	n/a	n/a	Mary has a cat who leaves hair everywhere.	who leaves hair everywhere.	n/a	n/a	n/a
400.027	0.2	400027	255	filler_word	68	68	1	control	n/a	n/a	n/a	n/a	n/a	n/a	n/a	n/a	n/a	Mary has a cat who leaves hair everywhere.	who leaves hair everywhere.	n/a	n/a	n/a
400.512	0.2	400512	255	filler_word	68	68	1	control	n/a	n/a	n/a	n/a	n/a	n/a	n/a	n/a	n/a	Mary has a cat who leaves hair everywhere.	who leaves hair everywhere.	n/a	n/a	n/a
400.997	0.2	400997	210	control_correct	68	68	1	control	n/a	n/a	n/a	n/a	n/a	n/a	n/a	n/a	n/a	Mary has a cat who leaves hair everywhere.	who leaves hair everywhere.	n/a	n/a	n/a
401.282	0.0	401282	146	item_marker	69	46	1	control	n/a	n/a	n/a	n/a	n/a	n/a	n/a	n/a	n/a	I am an beginner in Korean.	in Korean.	n/a	n/a	n/a
401.482	0.2	401482	255	filler_word	69	46	1	control	n/a	n/a	n/a	n/a	n/a	n/a	n/a	n/a	n/a	I am an beginner in Korean.	in Korean.	n/a	n/a	n/a
401.968	0.2	401968	255	filler_word	69	46	1	control	n/a	n/a	n/a	n/a	n/a	n/a	n/a	n/a	n/a	I am an beginner in Korean.	in Korean.	n/a	n/a	n/a
403.741	0.2	403741	255	filler_word	69	46	1	control	n/a	n/a	n/a	n/a	n/a	n/a	n/a	n/a	n/a	I am an beginner in Korean.	in Korean.	n/a	n/a	n/a
404.226	0.2	404226	255	filler_word	69	46	1	control	n/a	n/a	n/a	n/a	n/a	n/a	n/a	n/a	n/a	I am an beginner in Korean.	in Korean.	n/a	n/a	n/a
404.711	0.2	404711	255	filler_word	69	46	1	control	n/a	n/a	n/a	n/a	n/a	n/a	n/a	n/a	n/a	I am an beginner in Korean.	in Korean.	n/a	n/a	n/a
405.196	0.2	405196	255	filler_word	69	46	1	control	n/a	n/a	n/a	n/a	n/a	n/a	n/a	n/a	n/a	I am an beginner in Korean.	in Korean.	n/a	n/a	n/a
405.682	0.2	405682	210	control_correct	69	46	1	control	n/a	n/a	n/a	n/a	n/a	n/a	n/a	n/a	n/a	I am an beginner in Korean.	in Korean.	n/a	n/a	n/a
405.966	0.0	405966	173	item_marker	70	73	1	control	n/a	n/a	n/a	n/a	n/a	n/a	n/a	n/a	n/a	Roger parties like a animal when he is drunk.	when he is drunk.	n/a	n/a	n/a
406.167	0.2	406167	255	filler_word	70	73	1	control	n/a	n/a	n/a	n/a	n/a	n/a	n/a	n/a	n/a	Roger parties like a animal when he is drunk.	when he is drunk.	n/a	n/a	n/a
406.652	0.2	406652	255	filler_word	70	73	1	control	n/a	n/a	n/a	n/a	n/a	n/a	n/a	n/a	n/a	Roger parties like a animal when he is drunk.	when he is drunk.	n/a	n/a	n/a
407.137	0.2	407137	255	filler_word	70	73	1	control	n/a	n/a	n/a	n/a	n/a	n/a	n/a	n/a	n/a	Roger parties like a animal when he is drunk.	when he is drunk.	n/a	n/a	n/a
407.622	0.2	407622	255	filler_word	70	73	1	control	n/a	n/a	n/a	n/a	n/a	n/a	n/a	n/a	n/a	Roger parties like a animal when he is drunk.	when he is drunk.	n/a	n/a	n/a
409.58	0.2	409580	255	filler_word	70	73	1	control	n/a	n/a	n/a	n/a	n/a	n/a	n/a	n/a	n/a	Roger parties like a animal when he is drunk.	when he is drunk.	n/a	n/a	n/a
410.065	0.2	410065	255	filler_word	70	73	1	control	n/a	n/a	n/a	n/a	n/a	n/a	n/a	n/a	n/a	Roger parties like a animal when he is drunk.	when he is drunk.	n/a	n/a	n/a
410.55	0.2	410550	210	control_correct	70	73	1	control	n/a	n/a	n/a	n/a	n/a	n/a	n/a	n/a	n/a	Roger parties like a animal when he is drunk.	when he is drunk.	n/a	n/a	n/a
410.835	0.0	410835	142	item_marker	71	42	1	control	n/a	n/a	n/a	n/a	n/a	n/a	n/a	n/a	n/a	Being an parent is very difficult.	is very difficult.	n/a	n/a	n/a
411.035	0.2	411035	255	filler_word	71	42	1	control	n/a	n/a	n/a	n/a	n/a	n/a	n/a	n/a	n/a	Being an parent is very difficult.	is very difficult.	n/a	n/a	n/a
411.521	0.2	411521	255	filler_word	71	42	1	control	n/a	n/a	n/a	n/a	n/a	n/a	n/a	n/a	n/a	Being an parent is very difficult.	is very difficult.	n/a	n/a	n/a
412.006	0.2	412006	255	filler_word	71	42	1	control	n/a	n/a	n/a	n/a	n/a	n/a	n/a	n/a	n/a	Being an parent is very difficult.	is very difficult.	n/a	n/a	n/a
413.813	0.2	413813	255	filler_word	71	42	1	control	n/a	n/a	n/a	n/a	n/a	n/a	n/a	n/a	n/a	Being an parent is very difficult.	is very difficult.	n/a	n/a	n/a
414.298	0.2	414298	255	filler_word	71	42	1	control	n/a	n/a	n/a	n/a	n/a	n/a	n/a	n/a	n/a	Being an parent is very difficult.	is very difficult.	n/a	n/a	n/a
414.783	0.2	414783	255	filler_word	71	42	1	control	n/a	n/a	n/a	n/a	n/a	n/a	n/a	n/a	n/a	Being an parent is very difficult.	is very difficult.	n/a	n/a	n/a
415.268	0.2	415268	211	control_incorrect	71	42	1	control	n/a	n/a	n/a	n/a	n/a	n/a	n/a	n/a	n/a	Being an parent is very difficult.	is very difficult.	n/a	n/a	n/a
415.553	0.0	415553	175	item_marker	72	75	1	control	n/a	n/a	n/a	n/a	n/a	n/a	n/a	n/a	n/a	Iron is an element on the periodic table.	on the periodic table.	n/a	n/a	n/a
415.753	0.2	415753	255	filler_word	72	75	1	control	n/a	n/a	n/a	n/a	n/a	n/a	n/a	n/a	n/a	Iron is an element on the periodic table.	on the periodic table.	n/a	n/a	n/a
416.239	0.2	416239	255	filler_word	72	75	1	control	n/a	n/a	n/a	n/a	n/a	n/a	n/a	n/a	n/a	Iron is an element on the periodic table.	on the periodic table.	n/a	n/a	n/a
416.724	0.2	416724	255	filler_word	72	75	1	control	n/a	n/a	n/a	n/a	n/a	n/a	n/a	n/a	n/a	Iron is an element on the periodic table.	on the periodic table.	n/a	n/a	n/a
417.209	0.2	417209	255	filler_word	72	75	1	control	n/a	n/a	n/a	n/a	n/a	n/a	n/a	n/a	n/a	Iron is an element on the periodic table.	on the periodic table.	n/a	n/a	n/a
418.949	0.2	418949	255	filler_word	72	75	1	control	n/a	n/a	n/a	n/a	n/a	n/a	n/a	n/a	n/a	Iron is an element on the periodic table.	on the periodic table.	n/a	n/a	n/a
419.434	0.2	419434	255	filler_word	72	75	1	control	n/a	n/a	n/a	n/a	n/a	n/a	n/a	n/a	n/a	Iron is an element on the periodic table.	on the periodic table.	n/a	n/a	n/a
419.919	0.2	419919	255	filler_word	72	75	1	control	n/a	n/a	n/a	n/a	n/a	n/a	n/a	n/a	n/a	Iron is an element on the periodic table.	on the periodic table.	n/a	n/a	n/a
420.404	0.2	420404	211	control_incorrect	72	75	1	control	n/a	n/a	n/a	n/a	n/a	n/a	n/a	n/a	n/a	Iron is an element on the periodic table.	on the periodic table.	n/a	n/a	n/a
420.689	0.0	420689	147	item_marker	73	47	1	control	n/a	n/a	n/a	n/a	n/a	n/a	n/a	n/a	n/a	I found an excuse not to go to there.	not to go to there.	n/a	n/a	n/a
420.89	0.2	420890	255	filler_word	73	47	1	control	n/a	n/a	n/a	n/a	n/a	n/a	n/a	n/a	n/a	I found an excuse not to go to there.	not to go to there.	n/a	n/a	n/a
421.375	0.2	421375	255	filler_word	73	47	1	control	n/a	n/a	n/a	n/a	n/a	n/a	n/a	n/a	n/a	I found an excuse not to go to there.	not to go to there.	n/a	n/a	n/a
421.86	0.2	421860	255	filler_word	73	47	1	control	n/a	n/a	n/a	n/a	n/a	n/a	n/a	n/a	n/a	I found an excuse not to go to there.	not to go to there.	n/a	n/a	n/a
422.345	0.2	422345	255	filler_word	73	47	1	control	n/a	n/a	n/a	n/a	n/a	n/a	n/a	n/a	n/a	I found an excuse not to go to there.	not to go to there.	n/a	n/a	n/a
422.83	0.2	422830	255	filler_word	73	47	1	control	n/a	n/a	n/a	n/a	n/a	n/a	n/a	n/a	n/a	I found an excuse not to go to there.	not to go to there.	n/a	n/a	n/a
424.821	0.2	424821	255	filler_word	73	47	1	control	n/a	n/a	n/a	n/a	n/a	n/a	n/a	n/a	n/a	I found an excuse not to go to there.	not to go to there.	n/a	n/a	n/a
425.306	0.2	425306	255	filler_word	73	47	1	control	n/a	n/a	n/a	n/a	n/a	n/a	n/a	n/a	n/a	I found an excuse not to go to there.	not to go to there.	n/a	n/a	n/a
425.792	0.2	425792	255	filler_word	73	47	1	control	n/a	n/a	n/a	n/a	n/a	n/a	n/a	n/a	n/a	I found an excuse not to go to there.	not to go to there.	n/a	n/a	n/a
426.277	0.2	426277	255	filler_word	73	47	1	control	n/a	n/a	n/a	n/a	n/a	n/a	n/a	n/a	n/a	I found an excuse not to go to there.	not to go to there.	n/a	n/a	n/a
426.762	0.2	426762	211	control_incorrect	73	47	1	control	n/a	n/a	n/a	n/a	n/a	n/a	n/a	n/a	n/a	I found an excuse not to go to there.	not to go to there.	n/a	n/a	n/a
427.046	0.0	427046	159	item_marker	74	59	1	control	n/a	n/a	n/a	n/a	n/a	n/a	n/a	n/a	n/a	Sophie lives near an airport because of her work.	because of her work.	n/a	n/a	n/a
427.247	0.2	427247	255	filler_word	74	59	1	control	n/a	n/a	n/a	n/a	n/a	n/a	n/a	n/a	n/a	Sophie lives near an airport because of her work.	because of her work.	n/a	n/a	n/a
427.732	0.2	427732	255	filler_word	74	59	1	control	n/a	n/a	n/a	n/a	n/a	n/a	n/a	n/a	n/a	Sophie lives near an airport because of her work.	because of her work.	n/a	n/a	n/a
428.218	0.2	428218	255	filler_word	74	59	1	control	n/a	n/a	n/a	n/a	n/a	n/a	n/a	n/a	n/a	Sophie lives near an airport because of her work.	because of her work.	n/a	n/a	n/a
428.703	0.2	428703	255	filler_word	74	59	1	control	n/a	n/a	n/a	n/a	n/a	n/a	n/a	n/a	n/a	Sophie lives near an airport because of her work.	because of her work.	n/a	n/a	n/a
430.292	0.2	430292	255	filler_word	74	59	1	control	n/a	n/a	n/a	n/a	n/a	n/a	n/a	n/a	n/a	Sophie lives near an airport because of her work.	because of her work.	n/a	n/a	n/a
430.777	0.2	430777	255	filler_word	74	59	1	control	n/a	n/a	n/a	n/a	n/a	n/a	n/a	n/a	n/a	Sophie lives near an airport because of her work.	because of her work.	n/a	n/a	n/a
431.262	0.2	431262	255	filler_word	74	59	1	control	n/a	n/a	n/a	n/a	n/a	n/a	n/a	n/a	n/a	Sophie lives near an airport because of her work.	because of her work.	n/a	n/a	n/a
431.748	0.2	431748	255	filler_word	74	59	1	control	n/a	n/a	n/a	n/a	n/a	n/a	n/a	n/a	n/a	Sophie lives near an airport because of her work.	because of her work.	n/a	n/a	n/a
432.233	0.2	432233	255	filler_word	74	59	1	control	n/a	n/a	n/a	n/a	n/a	n/a	n/a	n/a	n/a	Sophie lives near an airport because of her work.	because of her work.	n/a	n/a	n/a
432.718	0.2	432718	210	control_correct	74	59	1	control	n/a	n/a	n/a	n/a	n/a	n/a	n/a	n/a	n/a	Sophie lives near an airport because of her work.	because of her work.	n/a	n/a	n/a
433.002	0.0	433002	145	item_marker	75	45	1	control	n/a	n/a	n/a	n/a	n/a	n/a	n/a	n/a	n/a	It is difficult for a amateur to take good pictures.	to take good pictures.	n/a	n/a	n/a
433.203	0.2	433203	255	filler_word	75	45	1	control	n/a	n/a	n/a	n/a	n/a	n/a	n/a	n/a	n/a	It is difficult for a amateur to take good pictures.	to take good pictures.	n/a	n/a	n/a
433.688	0.2	433688	255	filler_word	75	45	1	control	n/a	n/a	n/a	n/a	n/a	n/a	n/a	n/a	n/a	It is difficult for a amateur to take good pictures.	to take good pictures.	n/a	n/a	n/a
434.174	0.2	434174	255	filler_word	75	45	1	control	n/a	n/a	n/a	n/a	n/a	n/a	n/a	n/a	n/a	It is difficult for a amateur to take good pictures.	to take good pictures.	n/a	n/a	n/a
434.659	0.2	434659	255	filler_word	75	45	1	control	n/a	n/a	n/a	n/a	n/a	n/a	n/a	n/a	n/a	It is difficult for a amateur to take good pictures.	to take good pictures.	n/a	n/a	n/a
436.717	0.2	436717	255	filler_word	75	45	1	control	n/a	n/a	n/a	n/a	n/a	n/a	n/a	n/a	n/a	It is difficult for a amateur to take good pictures.	to take good pictures.	n/a	n/a	n/a
437.202	0.2	437202	255	filler_word	75	45	1	control	n/a	n/a	n/a	n/a	n/a	n/a	n/a	n/a	n/a	It is difficult for a amateur to take good pictures.	to take good pictures.	n/a	n/a	n/a
437.687	0.2	437687	255	filler_word	75	45	1	control	n/a	n/a	n/a	n/a	n/a	n/a	n/a	n/a	n/a	It is difficult for a amateur to take good pictures.	to take good pictures.	n/a	n/a	n/a
438.172	0.2	438172	210	control_correct	75	45	1	control	n/a	n/a	n/a	n/a	n/a	n/a	n/a	n/a	n/a	It is difficult for a amateur to take good pictures.	to take good pictures.	n/a	n/a	n/a
438.457	0.0	438457	166	item_marker	76	66	1	control	n/a	n/a	n/a	n/a	n/a	n/a	n/a	n/a	n/a	You need an ship to get to his private island.	to get to his private island.	n/a	n/a	n/a
438.657	0.2	438657	255	filler_word	76	66	1	control	n/a	n/a	n/a	n/a	n/a	n/a	n/a	n/a	n/a	You need an ship to get to his private island.	to get to his private island.	n/a	n/a	n/a
439.142	0.2	439142	255	filler_word	76	66	1	control	n/a	n/a	n/a	n/a	n/a	n/a	n/a	n/a	n/a	You need an ship to get to his private island.	to get to his private island.	n/a	n/a	n/a
439.628	0.2	439628	255	filler_word	76	66	1	control	n/a	n/a	n/a	n/a	n/a	n/a	n/a	n/a	n/a	You need an ship to get to his private island.	to get to his private island.	n/a	n/a	n/a
440.113	0.2	440113	255	filler_word	76	66	1	control	n/a	n/a	n/a	n/a	n/a	n/a	n/a	n/a	n/a	You need an ship to get to his private island.	to get to his private island.	n/a	n/a	n/a
440.598	0.2	440598	255	filler_word	76	66	1	control	n/a	n/a	n/a	n/a	n/a	n/a	n/a	n/a	n/a	You need an ship to get to his private island.	to get to his private island.	n/a	n/a	n/a
441.083	0.2	441083	255	filler_word	76	66	1	control	n/a	n/a	n/a	n/a	n/a	n/a	n/a	n/a	n/a	You need an ship to get to his private island.	to get to his private island.	n/a	n/a	n/a
443.141	0.2	443141	255	filler_word	76	66	1	control	n/a	n/a	n/a	n/a	n/a	n/a	n/a	n/a	n/a	You need an ship to get to his private island.	to get to his private island.	n/a	n/a	n/a
443.626	0.2	443626	255	filler_word	76	66	1	control	n/a	n/a	n/a	n/a	n/a	n/a	n/a	n/a	n/a	You need an ship to get to his private island.	to get to his private island.	n/a	n/a	n/a
444.111	0.2	444111	255	filler_word	76	66	1	control	n/a	n/a	n/a	n/a	n/a	n/a	n/a	n/a	n/a	You need an ship to get to his private island.	to get to his private island.	n/a	n/a	n/a
444.597	0.2	444597	255	filler_word	76	66	1	control	n/a	n/a	n/a	n/a	n/a	n/a	n/a	n/a	n/a	You need an ship to get to his private island.	to get to his private island.	n/a	n/a	n/a
445.082	0.2	445082	210	control_correct	76	66	1	control	n/a	n/a	n/a	n/a	n/a	n/a	n/a	n/a	n/a	You need an ship to get to his private island.	to get to his private island.	n/a	n/a	n/a
445.366	0.0	445366	161	item_marker	77	61	1	control	n/a	n/a	n/a	n/a	n/a	n/a	n/a	n/a	n/a	The footballer got a offense after kicking another player.	after kicking another player.	n/a	n/a	n/a
445.567	0.2	445567	255	filler_word	77	61	1	control	n/a	n/a	n/a	n/a	n/a	n/a	n/a	n/a	n/a	The footballer got a offense after kicking another player.	after kicking another player.	n/a	n/a	n/a
446.052	0.2	446052	255	filler_word	77	61	1	control	n/a	n/a	n/a	n/a	n/a	n/a	n/a	n/a	n/a	The footballer got a offense after kicking another player.	after kicking another player.	n/a	n/a	n/a
446.537	0.2	446537	255	filler_word	77	61	1	control	n/a	n/a	n/a	n/a	n/a	n/a	n/a	n/a	n/a	The footballer got a offense after kicking another player.	after kicking another player.	n/a	n/a	n/a
447.022	0.2	447022	255	filler_word	77	61	1	control	n/a	n/a	n/a	n/a	n/a	n/a	n/a	n/a	n/a	The footballer got a offense after kicking another player.	after kicking another player.	n/a	n/a	n/a
448.712	0.2	448712	255	filler_word	77	61	1	control	n/a	n/a	n/a	n/a	n/a	n/a	n/a	n/a	n/a	The footballer got a offense after kicking another player.	after kicking another player.	n/a	n/a	n/a
449.197	0.2	449197	255	filler_word	77	61	1	control	n/a	n/a	n/a	n/a	n/a	n/a	n/a	n/a	n/a	The footballer got a offense after kicking another player.	after kicking another player.	n/a	n/a	n/a
449.683	0.2	449683	255	filler_word	77	61	1	control	n/a	n/a	n/a	n/a	n/a	n/a	n/a	n/a	n/a	The footballer got a offense after kicking another player.	after kicking another player.	n/a	n/a	n/a
450.168	0.2	450168	255	filler_word	77	61	1	control	n/a	n/a	n/a	n/a	n/a	n/a	n/a	n/a	n/a	The footballer got a offense after kicking another player.	after kicking another player.	n/a	n/a	n/a
450.653	0.2	450653	255	filler_word	77	61	1	control	n/a	n/a	n/a	n/a	n/a	n/a	n/a	n/a	n/a	The footballer got a offense after kicking another player.	after kicking another player.	n/a	n/a	n/a
451.138	0.2	451138	211	control_incorrect	77	61	1	control	n/a	n/a	n/a	n/a	n/a	n/a	n/a	n/a	n/a	The footballer got a offense after kicking another player.	after kicking another player.	n/a	n/a	n/a
451.423	0.0	451423	160	item_marker	78	60	1	control	n/a	n/a	n/a	n/a	n/a	n/a	n/a	n/a	n/a	Anthony was born in a city but he prefers the countryside.	but he prefers the countryside.	n/a	n/a	n/a
451.623	0.2	451623	255	filler_word	78	60	1	control	n/a	n/a	n/a	n/a	n/a	n/a	n/a	n/a	n/a	Anthony was born in a city but he prefers the countryside.	but he prefers the countryside.	n/a	n/a	n/a
452.109	0.2	452109	255	filler_word	78	60	1	control	n/a	n/a	n/a	n/a	n/a	n/a	n/a	n/a	n/a	Anthony was born in a city but he prefers the countryside.	but he prefers the countryside.	n/a	n/a	n/a
452.594	0.2	452594	255	filler_word	78	60	1	control	n/a	n/a	n/a	n/a	n/a	n/a	n/a	n/a	n/a	Anthony was born in a city but he prefers the countryside.	but he prefers the countryside.	n/a	n/a	n/a
453.079	0.2	453079	255	filler_word	78	60	1	control	n/a	n/a	n/a	n/a	n/a	n/a	n/a	n/a	n/a	Anthony was born in a city but he prefers the countryside.	but he prefers the countryside.	n/a	n/a	n/a
453.564	0.2	453564	255	filler_word	78	60	1	control	n/a	n/a	n/a	n/a	n/a	n/a	n/a	n/a	n/a	Anthony was born in a city but he prefers the countryside.	but he prefers the countryside.	n/a	n/a	n/a
455.254	0.2	455254	255	filler_word	78	60	1	control	n/a	n/a	n/a	n/a	n/a	n/a	n/a	n/a	n/a	Anthony was born in a city but he prefers the countryside.	but he prefers the countryside.	n/a	n/a	n/a
455.739	0.2	455739	255	filler_word	78	60	1	control	n/a	n/a	n/a	n/a	n/a	n/a	n/a	n/a	n/a	Anthony was born in a city but he prefers the countryside.	but he prefers the countryside.	n/a	n/a	n/a
456.224	0.2	456224	255	filler_word	78	60	1	control	n/a	n/a	n/a	n/a	n/a	n/a	n/a	n/a	n/a	Anthony was born in a city but he prefers the countryside.	but he prefers the countryside.	n/a	n/a	n/a
456.709	0.2	456709	255	filler_word	78	60	1	control	n/a	n/a	n/a	n/a	n/a	n/a	n/a	n/a	n/a	Anthony was born in a city but he prefers the countryside.	but he prefers the countryside.	n/a	n/a	n/a
457.195	0.2	457195	210	control_correct	78	60	1	control	n/a	n/a	n/a	n/a	n/a	n/a	n/a	n/a	n/a	Anthony was born in a city but he prefers the countryside.	but he prefers the countryside.	n/a	n/a	n/a
457.479	0.0	457479	162	item_marker	79	62	1	control	n/a	n/a	n/a	n/a	n/a	n/a	n/a	n/a	n/a	The team needs an coach for the new season.	for the new season.	n/a	n/a	n/a
457.68	0.2	457680	255	filler_word	79	62	1	control	n/a	n/a	n/a	n/a	n/a	n/a	n/a	n/a	n/a	The team needs an coach for the new season.	for the new season.	n/a	n/a	n/a
458.165	0.2	458165	255	filler_word	79	62	1	control	n/a	n/a	n/a	n/a	n/a	n/a	n/a	n/a	n/a	The team needs an coach for the new season.	for the new season.	n/a	n/a	n/a
458.65	0.2	458650	255	filler_word	79	62	1	control	n/a	n/a	n/a	n/a	n/a	n/a	n/a	n/a	n/a	The team needs an coach for the new season.	for the new season.	n/a	n/a	n/a
459.135	0.2	459135	255	filler_word	79	62	1	control	n/a	n/a	n/a	n/a	n/a	n/a	n/a	n/a	n/a	The team needs an coach for the new season.	for the new season.	n/a	n/a	n/a
