onset	duration	sample	value	trial_type	sequence_id	item_number	list	task_type	condition	expected_article	unexpected_article	expected_noun	unexpected_noun	expected_cloze	unexpected_cloze	plausibility_expected	plausibility_unexpected	sentence_context	sentence_ending	has_question	question_text	question_answer
119.282	0.2	119282	255	filler_word	n/a	n/a	n/a	delong	n/a	n/a	n/a	n/a	n/a	n/a	n/a	n/a	n/a	n/a	n/a	n/a	n/a	n/a
119.767	0.2	119767	255	filler_word	n/a	n/a	n/a	delong	n/a	n/a	n/a	n/a	n/a	n/a	n/a	n/a	n/a	n/a	n/a	n/a	n/a	n/a
120.252	0.2	120252	255	filler_word	n/a	n/a	n/a	delong	n/a	n/a	n/a	n/a	n/a	n/a	n/a	n/a	n/a	n/a	n/a	n/a	n/a	n/a
120.738	0.2	120738	255	filler_word	n/a	n/a	n/a	delong	n/a	n/a	n/a	n/a	n/a	n/a	n/a	n/a	n/a	n/a	n/a	n/a	n/a	n/a
121.223	0.2	121223	255	filler_word	n/a	n/a	n/a	delong	n/a	n/a	n/a	n/a	n/a	n/a	n/a	n/a	n/a	n/a	n/a	n/a	n/a	n/a
121.708	0.2	121708	255	filler_word	n/a	n/a	n/a	delong	n/a	n/a	n/a	n/a	n/a	n/a	n/a	n/a	n/a	n/a	n/a	n/a	n/a	n/a
122.193	0.2	122193	255	filler_word	n/a	n/a	n/a	delong	n/a	n/a	n/a	n/a	n/a	n/a	n/a	n/a	n/a	n/a	n/a	n/a	n/a	n/a
122.678	0.2	122678	255	filler_word	n/a	n/a	n/a	delong	n/a	n/a	n/a	n/a	n/a	n/a	n/a	n/a	n/a	n/a	n/a	n/a	n/a	n/a
123.163	0.2	123163	255	filler_word	n/a	n/a	n/a	delong	n/a	n/a	n/a	n/a	n/a	n/a	n/a	n/a	n/a	n/a	n/a	n/a	n/a	n/a
123.649	0.2	123649	255	filler_word	n/a	n/a	n/a	delong	n/a	n/a	n/a	n/a	n/a	n/a	n/a	n/a	n/a	n/a	n/a	n/a	n/a	n/a
124.134	0.2	124134	255	filler_word	n/a	n/a	n/a	delong	n/a	n/a	n/a	n/a	n/a	n/a	n/a	n/a	n/a	n/a	n/a	n/a	n/a	n/a
124.619	0.2	124619	255	filler_word	n/a	n/a	n/a	delong	n/a	n/a	n/a	n/a	n/a	n/a	n/a	n/a	n/a	n/a	n/a	n/a	n/a	n/a
125.104	0.2	125104	255	filler_word	n/a	n/a	n/a	delong	n/a	n/a	n/a	n/a	n/a	n/a	n/a	n/a	n/a	n/a	n/a	n/a	n/a	n/a
125.589	0.2	125589	255	filler_word	n/a	n/a	n/a	delong	n/a	n/a	n/a	n/a	n/a	n/a	n/a	n/a	n/a	n/a	n/a	n/a	n/a	n/a
126.075	0.2	126075	255	filler_word	n/a	n/a	n/a	delong	n/a	n/a	n/a	n/a	n/a	n/a	n/a	n/a	n/a	n/a	n/a	n/a	n/a	n/a
126.56	0.2	126560	255	filler_word	n/a	n/a	n/a	delong	n/a	n/a	n/a	n/a	n/a	n/a	n/a	n/a	n/a	n/a	n/a	n/a	n/a	n/a
127.045	0.2	127045	202	an_expected	n/a	n/a	n/a	delong	n/a	n/a	n/a	n/a	n/a	n/a	n/a	n/a	n/a	n/a	n/a	n/a	n/a	n/a
127.095	0.0	127095	70	cloze_marker	n/a	n/a	n/a	delong	n/a	n/a	n/a	n/a	n/a	n/a	n/a	n/a	n/a	n/a	n/a	n/a	n/a	n/a
127.329	0.0	127329	117	item_marker	0	17	2	delong	expected	an	a	election	parade	70	20	5.63	4.58	When the representative retired in the middle of his term, the state was forced to hold	in his district.	False	n/a	n/a
127.53	0.2	127530	205	noun_expected	0	17	2	delong	expected	an	a	election	parade	70	20	5.63	4.58	When the representative retired in the middle of his term, the state was forced to hold	in his district.	False	n/a	n/a
127.58	0.0	127580	62	cloze_marker	0	17	2	delong	expected	an	a	election	parade	70	20	5.63	4.58	When the representative retired in the middle of his term, the state was forced to hold	in his district.	False	n/a	n/a
127.815	0.0	127815	117	item_marker	1	17	2	delong	expected	an	a	election	parade	70	20	5.63	4.58	When the representative retired in the middle of his term, the state was forced to hold	in his district.	False	n/a	n/a
128.015	0.2	128015	255	filler_word	1	17	2	delong	expected	an	a	election	parade	70	20	5.63	4.58	When the representative retired in the middle of his term, the state was forced to hold	in his district.	False	n/a	n/a
128.5	0.2	128500	255	filler_word	1	17	2	delong	expected	an	a	election	parade	70	20	5.63	4.58	When the representative retired in the middle of his term, the state was forced to hold	in his district.	False	n/a	n/a
128.986	0.2	128986	207	final_expected	1	17	2	delong	expected	an	a	election	parade	70	20	5.63	4.58	When the representative retired in the middle of his term, the state was forced to hold	in his district.	False	n/a	n/a
137.301	0.2	137301	255	filler_word	1	17	2	delong	expected	an	a	election	parade	70	20	5.63	4.58	When the representative retired in the middle of his term, the state was forced to hold	in his district.	False	n/a	n/a
137.786	0.2	137786	255	filler_word	1	17	2	delong	expected	an	a	election	parade	70	20	5.63	4.58	When the representative retired in the middle of his term, the state was forced to hold	in his district.	False	n/a	n/a
138.271	0.2	138271	255	filler_word	1	17	2	delong	expected	an	a	election	parade	70	20	5.63	4.58	When the representative retired in the middle of his term, the state was forced to hold	in his district.	False	n/a	n/a
138.756	0.2	138756	255	filler_word	1	17	2	delong	expected	an	a	election	parade	70	20	5.63	4.58	When the representative retired in the middle of his term, the state was forced to hold	in his district.	False	n/a	n/a
139.241	0.2	139241	255	filler_word	1	17	2	delong	expected	an	a	election	parade	70	20	5.63	4.58	When the representative retired in the middle of his term, the state was forced to hold	in his district.	False	n/a	n/a
139.727	0.2	139727	255	filler_word	1	17	2	delong	expected	an	a	election	parade	70	20	5.63	4.58	When the representative retired in the middle of his term, the state was forced to hold	in his district.	False	n/a	n/a
140.212	0.2	140212	255	filler_word	1	17	2	delong	expected	an	a	election	parade	70	20	5.63	4.58	When the representative retired in the middle of his term, the state was forced to hold	in his district.	False	n/a	n/a
140.697	0.2	140697	255	filler_word	1	17	2	delong	expected	an	a	election	parade	70	20	5.63	4.58	When the representative retired in the middle of his term, the state was forced to hold	in his district.	False	n/a	n/a
141.182	0.2	141182	255	filler_word	1	17	2	delong	expected	an	a	election	parade	70	20	5.63	4.58	When the representative retired in the middle of his term, the state was forced to hold	in his district.	False	n/a	n/a
141.667	0.2	141667	255	filler_word	1	17	2	delong	expected	an	a	election	parade	70	20	5.63	4.58	When the representative retired in the middle of his term, the state was forced to hold	in his district.	False	n/a	n/a
142.153	0.2	142153	255	filler_word	1	17	2	delong	expected	an	a	election	parade	70	20	5.63	4.58	When the representative retired in the middle of his term, the state was forced to hold	in his district.	False	n/a	n/a
142.638	0.2	142638	204	an_unexpected	1	17	2	delong	expected	an	a	election	parade	70	20	5.63	4.58	When the representative retired in the middle of his term, the state was forced to hold	in his district.	False	n/a	n/a
142.688	0.0	142688	200	cloze_marker	1	17	2	delong	expected	an	a	election	parade	70	20	5.63	4.58	When the representative retired in the middle of his term, the state was forced to hold	in his district.	False	n/a	n/a
142.922	0.0	142922	108	item_marker	2	8	2	delong	unexpected	a	an	kite	aeroplane	61	0	6.06	2.93	The day was breezy so the boy went outside to fly	in the park.	True	Was the day breezy?	yes
143.123	0.2	143123	206	noun_unexpected	2	8	2	delong	unexpected	a	an	kite	aeroplane	61	0	6.06	2.93	The day was breezy so the boy went outside to fly	in the park.	True	Was the day breezy?	yes
143.173	0.0	143173	34	cloze_marker	2	8	2	delong	unexpected	a	an	kite	aeroplane	61	0	6.06	2.93	The day was breezy so the boy went outside to fly	in the park.	True	Was the day breezy?	yes
143.407	0.0	143407	108	item_marker	3	8	2	delong	unexpected	a	an	kite	aeroplane	61	0	6.06	2.93	The day was breezy so the boy went outside to fly	in the park.	True	Was the day breezy?	yes
143.608	0.2	143608	255	filler_word	3	8	2	delong	unexpected	a	an	kite	aeroplane	61	0	6.06	2.93	The day was breezy so the boy went outside to fly	in the park.	True	Was the day breezy?	yes
144.093	0.2	144093	255	filler_word	3	8	2	delong	unexpected	a	an	kite	aeroplane	61	0	6.06	2.93	The day was breezy so the boy went outside to fly	in the park.	True	Was the day breezy?	yes
144.578	0.2	144578	208	final_unexpected	3	8	2	delong	unexpected	a	an	kite	aeroplane	61	0	6.06	2.93	The day was breezy so the boy went outside to fly	in the park.	True	Was the day breezy?	yes
152.141	0.2	152141	255	filler_word	3	8	2	delong	unexpected	a	an	kite	aeroplane	61	0	6.06	2.93	The day was breezy so the boy went outside to fly	in the park.	True	Was the day breezy?	yes
152.626	0.2	152626	255	filler_word	3	8	2	delong	unexpected	a	an	kite	aeroplane	61	0	6.06	2.93	The day was breezy so the boy went outside to fly	in the park.	True	Was the day breezy?	yes
153.111	0.2	153111	255	filler_word	3	8	2	delong	unexpected	a	an	kite	aeroplane	61	0	6.06	2.93	The day was breezy so the boy went outside to fly	in the park.	True	Was the day breezy?	yes
153.596	0.2	153596	255	filler_word	3	8	2	delong	unexpected	a	an	kite	aeroplane	61	0	6.06	2.93	The day was breezy so the boy went outside to fly	in the park.	True	Was the day breezy?	yes
154.081	0.2	154081	255	filler_word	3	8	2	delong	unexpected	a	an	kite	aeroplane	61	0	6.06	2.93	The day was breezy so the boy went outside to fly	in the park.	True	Was the day breezy?	yes
154.567	0.2	154567	255	filler_word	3	8	2	delong	unexpected	a	an	kite	aeroplane	61	0	6.06	2.93	The day was breezy so the boy went outside to fly	in the park.	True	Was the day breezy?	yes
155.052	0.2	155052	255	filler_word	3	8	2	delong	unexpected	a	an	kite	aeroplane	61	0	6.06	2.93	The day was breezy so the boy went outside to fly	in the park.	True	Was the day breezy?	yes
155.537	0.2	155537	255	filler_word	3	8	2	delong	unexpected	a	an	kite	aeroplane	61	0	6.06	2.93	The day was breezy so the boy went outside to fly	in the park.	True	Was the day breezy?	yes
156.022	0.2	156022	255	filler_word	3	8	2	delong	unexpected	a	an	kite	aeroplane	61	0	6.06	2.93	The day was breezy so the boy went outside to fly	in the park.	True	Was the day breezy?	yes
156.507	0.2	156507	255	filler_word	3	8	2	delong	unexpected	a	an	kite	aeroplane	61	0	6.06	2.93	The day was breezy so the boy went outside to fly	in the park.	True	Was the day breezy?	yes
156.992	0.2	156992	255	filler_word	3	8	2	delong	unexpected	a	an	kite	aeroplane	61	0	6.06	2.93	The day was breezy so the boy went outside to fly	in the park.	True	Was the day breezy?	yes
157.478	0.2	157478	255	filler_word	3	8	2	delong	unexpected	a	an	kite	aeroplane	61	0	6.06	2.93	The day was breezy so the boy went outside to fly	in the park.	True	Was the day breezy?	yes
157.963	0.2	157963	255	filler_word	3	8	2	delong	unexpected	a	an	kite	aeroplane	61	0	6.06	2.93	The day was breezy so the boy went outside to fly	in the park.	True	Was the day breezy?	yes
158.448	0.2	158448	255	filler_word	3	8	2	delong	unexpected	a	an	kite	aeroplane	61	0	6.06	2.93	The day was breezy so the boy went outside to fly	in the park.	True	Was the day breezy?	yes
158.933	0.2	158933	255	filler_word	3	8	2	delong	unexpected	a	an	kite	aeroplane	61	0	6.06	2.93	The day was breezy so the boy went outside to fly	in the park.	True	Was the day breezy?	yes
159.418	0.2	159418	255	filler_word	3	8	2	delong	unexpected	a	an	kite	aeroplane	61	0	6.06	2.93	The day was breezy so the boy went outside to fly	in the park.	True	Was the day breezy?	yes
159.904	0.2	159904	255	filler_word	3	8	2	delong	unexpected	a	an	kite	aeroplane	61	0	6.06	2.93	The day was breezy so the boy went outside to fly	in the park.	True	Was the day breezy?	yes
160.389	0.2	160389	255	filler_word	3	8	2	delong	unexpected	a	an	kite	aeroplane	61	0	6.06	2.93	The day was breezy so the boy went outside to fly	in the park.	True	Was the day breezy?	yes
160.874	0.2	160874	201	a_expected	3	8	2	delong	unexpected	a	an	kite	aeroplane	61	0	6.06	2.93	The day was breezy so the boy went outside to fly	in the park.	True	Was the day breezy?	yes
160.924	0.0	160924	73	cloze_marker	3	8	2	delong	unexpected	a	an	kite	aeroplane	61	0	6.06	2.93	The day was breezy so the boy went outside to fly	in the park.	True	Was the day breezy?	yes
161.158	0.0	161158	114	item_marker	4	14	2	delong	expected	a	an	student	artist	73	5	5.67	3.81	Betsy had no desire to enter the working world, so decided to stay at the university and remain	for a few more semesters.	True	Did Betsy find a job?	no
161.359	0.2	161359	205	noun_expected	4	14	2	delong	expected	a	an	student	artist	73	5	5.67	3.81	Betsy had no desire to enter the working world, so decided to stay at the university and remain	for a few more semesters.	True	Did Betsy find a job?	no
161.409	0.0	161409	90	cloze_marker	4	14	2	delong	expected	a	an	student	artist	73	5	5.67	3.81	Betsy had no desire to enter the working world, so decided to stay at the university and remain	for a few more semesters.	True	Did Betsy find a job?	no
161.643	0.0	161643	114	item_marker	5	14	2	delong	expected	a	an	student	artist	73	5	5.67	3.81	Betsy had no desire to enter the working world, so decided to stay at the university and remain	for a few more semesters.	True	Did Betsy find a job?	no
161.844	0.2	161844	255	filler_word	5	14	2	delong	expected	a	an	student	artist	73	5	5.67	3.81	Betsy had no desire to enter the working world, so decided to stay at the university and remain	for a few more semesters.	True	Did Betsy find a job?	no
162.329	0.2	162329	255	filler_word	5	14	2	delong	expected	a	an	student	artist	73	5	5.67	3.81	Betsy had no desire to enter the working world, so decided to stay at the university and remain	for a few more semesters.	True	Did Betsy find a job?	no
162.815	0.2	162815	255	filler_word	5	14	2	delong	expected	a	an	student	artist	73	5	5.67	3.81	Betsy had no desire to enter the working world, so decided to stay at the university and remain	for a few more semesters.	True	Did Betsy find a job?	no
163.3	0.2	163300	255	filler_word	5	14	2	delong	expected	a	an	student	artist	73	5	5.67	3.81	Betsy had no desire to enter the working world, so decided to stay at the university and remain	for a few more semesters.	True	Did Betsy find a job?	no
163.785	0.2	163785	207	final_expected	5	14	2	delong	expected	a	an	student	artist	73	5	5.67	3.81	Betsy had no desire to enter the working world, so decided to stay at the university and remain	for a few more semesters.	True	Did Betsy find a job?	no
173.087	0.2	173087	255	filler_word	5	14	2	delong	expected	a	an	student	artist	73	5	5.67	3.81	Betsy had no desire to enter the working world, so decided to stay at the university and remain	for a few more semesters.	True	Did Betsy find a job?	no
173.572	0.2	173572	255	filler_word	5	14	2	delong	expected	a	an	student	artist	73	5	5.67	3.81	Betsy had no desire to enter the working world, so decided to stay at the university and remain	for a few more semesters.	True	Did Betsy find a job?	no
174.057	0.2	174057	255	filler_word	5	14	2	delong	expected	a	an	student	artist	73	5	5.67	3.81	Betsy had no desire to enter the working world, so decided to stay at the university and remain	for a few more semesters.	True	Did Betsy find a job?	no
174.543	0.2	174543	255	filler_word	5	14	2	delong	expected	a	an	student	artist	73	5	5.67	3.81	Betsy had no desire to enter the working world, so decided to stay at the university and remain	for a few more semesters.	True	Did Betsy find a job?	no
175.028	0.2	175028	255	filler_word	5	14	2	delong	expected	a	an	student	artist	73	5	5.67	3.81	Betsy had no desire to enter the working world, so decided to stay at the university and remain	for a few more semesters.	True	Did Betsy find a job?	no
175.513	0.2	175513	255	filler_word	5	14	2	delong	expected	a	an	student	artist	73	5	5.67	3.81	Betsy had no desire to enter the working world, so decided to stay at the university and remain	for a few more semesters.	True	Did Betsy find a job?	no
175.998	0.2	175998	255	filler_word	5	14	2	delong	expected	a	an	student	artist	73	5	5.67	3.81	Betsy had no desire to enter the working world, so decided to stay at the university and remain	for a few more semesters.	True	Did Betsy find a job?	no
176.483	0.2	176483	255	filler_word	5	14	2	delong	expected	a	an	student	artist	73	5	5.67	3.81	Betsy had no desire to enter the working world, so decided to stay at the university and remain	for a few more semesters.	True	Did Betsy find a job?	no
176.969	0.2	176969	255	filler_word	5	14	2	delong	expected	a	an	student	artist	73	5	5.67	3.81	Betsy had no desire to enter the working world, so decided to stay at the university and remain	for a few more semesters.	True	Did Betsy find a job?	no
177.454	0.2	177454	255	filler_word	5	14	2	delong	expected	a	an	student	artist	73	5	5.67	3.81	Betsy had no desire to enter the working world, so decided to stay at the university and remain	for a few more semesters.	True	Did Betsy find a job?	no
177.939	0.2	177939	255	filler_word	5	14	2	delong	expected	a	an	student	artist	73	5	5.67	3.81	Betsy had no desire to enter the working world, so decided to stay at the university and remain	for a few more semesters.	True	Did Betsy find a job?	no
178.424	0.2	178424	255	filler_word	5	14	2	delong	expected	a	an	student	artist	73	5	5.67	3.81	Betsy had no desire to enter the working world, so decided to stay at the university and remain	for a few more semesters.	True	Did Betsy find a job?	no
178.909	0.2	178909	255	filler_word	5	14	2	delong	expected	a	an	student	artist	73	5	5.67	3.81	Betsy had no desire to enter the working world, so decided to stay at the university and remain	for a few more semesters.	True	Did Betsy find a job?	no
179.394	0.2	179394	255	filler_word	5	14	2	delong	expected	a	an	student	artist	73	5	5.67	3.81	Betsy had no desire to enter the working world, so decided to stay at the university and remain	for a few more semesters.	True	Did Betsy find a job?	no
179.88	0.2	179880	255	filler_word	5	14	2	delong	expected	a	an	student	artist	73	5	5.67	3.81	Betsy had no desire to enter the working world, so decided to stay at the university and remain	for a few more semesters.	True	Did Betsy find a job?	no
180.365	0.2	180365	255	filler_word	5	14	2	delong	expected	a	an	student	artist	73	5	5.67	3.81	Betsy had no desire to enter the working world, so decided to stay at the university and remain	for a few more semesters.	True	Did Betsy find a job?	no
180.85	0.2	180850	255	filler_word	5	14	2	delong	expected	a	an	student	artist	73	5	5.67	3.81	Betsy had no desire to enter the working world, so decided to stay at the university and remain	for a few more semesters.	True	Did Betsy find a job?	no
181.335	0.2	181335	203	a_unexpected	5	14	2	delong	expected	a	an	student	artist	73	5	5.67	3.81	Betsy had no desire to enter the working world, so decided to stay at the university and remain	for a few more semesters.	True	Did Betsy find a job?	no
181.385	0.0	181385	9	cloze_marker	5	14	2	delong	expected	a	an	student	artist	73	5	5.67	3.81	Betsy had no desire to enter the working world, so decided to stay at the university and remain	for a few more semesters.	True	Did Betsy find a job?	no
181.62	0.0	181620	111	item_marker	6	11	2	delong	unexpected	an	a	octopus	fish	84	9	5.73	3.0	When the scuba diver saw the tentacle, he quickly realized that the creature under the rock was	in hiding.	True	Did the diver see a treasure?	no
181.82	0.2	181820	206	noun_unexpected	6	11	2	delong	unexpected	an	a	octopus	fish	84	9	5.73	3.0	When the scuba diver saw the tentacle, he quickly realized that the creature under the rock was	in hiding.	True	Did the diver see a treasure?	no
181.87	0.0	181870	7	cloze_marker	6	11	2	delong	unexpected	an	a	octopus	fish	84	9	5.73	3.0	When the scuba diver saw the tentacle, he quickly realized that the creature under the rock was	in hiding.	True	Did the diver see a treasure?	no
182.105	0.0	182105	111	item_marker	7	11	2	delong	unexpected	an	a	octopus	fish	84	9	5.73	3.0	When the scuba diver saw the tentacle, he quickly realized that the creature under the rock was	in hiding.	True	Did the diver see a treasure?	no
182.306	0.2	182306	255	filler_word	7	11	2	delong	unexpected	an	a	octopus	fish	84	9	5.73	3.0	When the scuba diver saw the tentacle, he quickly realized that the creature under the rock was	in hiding.	True	Did the diver see a treasure?	no
182.791	0.2	182791	208	final_unexpected	7	11	2	delong	unexpected	an	a	octopus	fish	84	9	5.73	3.0	When the scuba diver saw the tentacle, he quickly realized that the creature under the rock was	in hiding.	True	Did the diver see a treasure?	no
192.913	0.2	192913	255	filler_word	7	11	2	delong	unexpected	an	a	octopus	fish	84	9	5.73	3.0	When the scuba diver saw the tentacle, he quickly realized that the creature under the rock was	in hiding.	True	Did the diver see a treasure?	no
193.398	0.2	193398	255	filler_word	7	11	2	delong	unexpected	an	a	octopus	fish	84	9	5.73	3.0	When the scuba diver saw the tentacle, he quickly realized that the creature under the rock was	in hiding.	True	Did the diver see a treasure?	no
193.883	0.2	193883	255	filler_word	7	11	2	delong	unexpected	an	a	octopus	fish	84	9	5.73	3.0	When the scuba diver saw the tentacle, he quickly realized that the creature under the rock was	in hiding.	True	Did the diver see a treasure?	no
194.368	0.2	194368	255	filler_word	7	11	2	delong	unexpected	an	a	octopus	fish	84	9	5.73	3.0	When the scuba diver saw the tentacle, he quickly realized that the creature under the rock was	in hiding.	True	Did the diver see a treasure?	no
194.853	0.2	194853	255	filler_word	7	11	2	delong	unexpected	an	a	octopus	fish	84	9	5.73	3.0	When the scuba diver saw the tentacle, he quickly realized that the creature under the rock was	in hiding.	True	Did the diver see a treasure?	no
195.339	0.2	195339	255	filler_word	7	11	2	delong	unexpected	an	a	octopus	fish	84	9	5.73	3.0	When the scuba diver saw the tentacle, he quickly realized that the creature under the rock was	in hiding.	True	Did the diver see a treasure?	no
195.824	0.2	195824	255	filler_word	7	11	2	delong	unexpected	an	a	octopus	fish	84	9	5.73	3.0	When the scuba diver saw the tentacle, he quickly realized that the creature under the rock was	in hiding.	True	Did the diver see a treasure?	no
196.309	0.2	196309	255	filler_word	7	11	2	delong	unexpected	an	a	octopus	fish	84	9	5.73	3.0	When the scuba diver saw the tentacle, he quickly realized that the creature under the rock was	in hiding.	True	Did the diver see a treasure?	no
196.794	0.2	196794	255	filler_word	7	11	2	delong	unexpected	an	a	octopus	fish	84	9	5.73	3.0	When the scuba diver saw the tentacle, he quickly realized that the creature under the rock was	in hiding.	True	Did the diver see a treasure?	no
197.279	0.2	197279	255	filler_word	7	11	2	delong	unexpected	an	a	octopus	fish	84	9	5.73	3.0	When the scuba diver saw the tentacle, he quickly realized that the creature under the rock was	in hiding.	True	Did the diver see a treasure?	no
197.765	0.2	197765	255	filler_word	7	11	2	delong	unexpected	an	a	octopus	fish	84	9	5.73	3.0	When the scuba diver saw the tentacle, he quickly realized that the creature under the rock was	in hiding.	True	Did the diver see a treasure?	no
198.25	0.2	198250	255	filler_word	7	11	2	delong	unexpected	an	a	octopus	fish	84	9	5.73	3.0	When the scuba diver saw the tentacle, he quickly realized that the creature under the rock was	in hiding.	True	Did the diver see a treasure?	no
198.735	0.2	198735	255	filler_word	7	11	2	delong	unexpected	an	a	octopus	fish	84	9	5.73	3.0	When the scuba diver saw the tentacle, he quickly realized that the creature under the rock was	in hiding.	True	Did the diver see a treasure?	no
199.22	0.2	199220	255	filler_word	7	11	2	delong	unexpected	an	a	octopus	fish	84	9	5.73	3.0	When the scuba diver saw the tentacle, he quickly realized that the creature under the rock was	in hiding.	True	Did the diver see a treasure?	no
199.705	0.2	199705	255	filler_word	7	11	2	delong	unexpected	an	a	octopus	fish	84	9	5.73	3.0	When the scuba diver saw the tentacle, he quickly realized that the creature under the rock was	in hiding.	True	Did the diver see a treasure?	no
200.19	0.2	200190	204	an_unexpected	7	11	2	delong	unexpected	an	a	octopus	fish	84	9	5.73	3.0	When the scuba diver saw the tentacle, he quickly realized that the creature under the rock was	in hiding.	True	Did the diver see a treasure?	no
200.24	0.0	200240	9	cloze_marker	7	11	2	delong	unexpected	an	a	octopus	fish	84	9	5.73	3.0	When the scuba diver saw the tentacle, he quickly realized that the creature under the rock was	in hiding.	True	Did the diver see a treasure?	no
200.475	0.0	200475	120	item_marker	8	20	2	delong	unexpected	a	an	fight	affair	75	9	6.19	3.2	Whenever Josh had too much to drink, he became belligerent and would try to start	with someone in the bar.	True	Would Josh sing if drunk?	no
200.676	0.2	200676	206	noun_unexpected	8	20	2	delong	unexpected	a	an	fight	affair	75	9	6.19	3.2	Whenever Josh had too much to drink, he became belligerent and would try to start	with someone in the bar.	True	Would Josh sing if drunk?	no
200.726	0.0	200726	200	cloze_marker	8	20	2	delong	unexpected	a	an	fight	affair	75	9	6.19	3.2	Whenever Josh had too much to drink, he became belligerent and would try to start	with someone in the bar.	True	Would Josh sing if drunk?	no
200.96	0.0	200960	120	item_marker	9	20	2	delong	unexpected	a	an	fight	affair	75	9	6.19	3.2	Whenever Josh had too much to drink, he became belligerent and would try to start	with someone in the bar.	True	Would Josh sing if drunk?	no
201.161	0.2	201161	255	filler_word	9	20	2	delong	unexpected	a	an	fight	affair	75	9	6.19	3.2	Whenever Josh had too much to drink, he became belligerent and would try to start	with someone in the bar.	True	Would Josh sing if drunk?	no
201.646	0.2	201646	255	filler_word	9	20	2	delong	unexpected	a	an	fight	affair	75	9	6.19	3.2	Whenever Josh had too much to drink, he became belligerent and would try to start	with someone in the bar.	True	Would Josh sing if drunk?	no
202.131	0.2	202131	255	filler_word	9	20	2	delong	unexpected	a	an	fight	affair	75	9	6.19	3.2	Whenever Josh had too much to drink, he became belligerent and would try to start	with someone in the bar.	True	Would Josh sing if drunk?	no
202.616	0.2	202616	255	filler_word	9	20	2	delong	unexpected	a	an	fight	affair	75	9	6.19	3.2	Whenever Josh had too much to drink, he became belligerent and would try to start	with someone in the bar.	True	Would Josh sing if drunk?	no
203.102	0.2	203102	208	final_unexpected	9	20	2	delong	unexpected	a	an	fight	affair	75	9	6.19	3.2	Whenever Josh had too much to drink, he became belligerent and would try to start	with someone in the bar.	True	Would Josh sing if drunk?	no
211.048	0.2	211048	255	filler_word	9	20	2	delong	unexpected	a	an	fight	affair	75	9	6.19	3.2	Whenever Josh had too much to drink, he became belligerent and would try to start	with someone in the bar.	True	Would Josh sing if drunk?	no
211.534	0.2	211534	255	filler_word	9	20	2	delong	unexpected	a	an	fight	affair	75	9	6.19	3.2	Whenever Josh had too much to drink, he became belligerent and would try to start	with someone in the bar.	True	Would Josh sing if drunk?	no
212.019	0.2	212019	255	filler_word	9	20	2	delong	unexpected	a	an	fight	affair	75	9	6.19	3.2	Whenever Josh had too much to drink, he became belligerent and would try to start	with someone in the bar.	True	Would Josh sing if drunk?	no
212.504	0.2	212504	255	filler_word	9	20	2	delong	unexpected	a	an	fight	affair	75	9	6.19	3.2	Whenever Josh had too much to drink, he became belligerent and would try to start	with someone in the bar.	True	Would Josh sing if drunk?	no
212.989	0.2	212989	255	filler_word	9	20	2	delong	unexpected	a	an	fight	affair	75	9	6.19	3.2	Whenever Josh had too much to drink, he became belligerent and would try to start	with someone in the bar.	True	Would Josh sing if drunk?	no
213.474	0.2	213474	255	filler_word	9	20	2	delong	unexpected	a	an	fight	affair	75	9	6.19	3.2	Whenever Josh had too much to drink, he became belligerent and would try to start	with someone in the bar.	True	Would Josh sing if drunk?	no
213.96	0.2	213960	255	filler_word	9	20	2	delong	unexpected	a	an	fight	affair	75	9	6.19	3.2	Whenever Josh had too much to drink, he became belligerent and would try to start	with someone in the bar.	True	Would Josh sing if drunk?	no
214.445	0.2	214445	255	filler_word	9	20	2	delong	unexpected	a	an	fight	affair	75	9	6.19	3.2	Whenever Josh had too much to drink, he became belligerent and would try to start	with someone in the bar.	True	Would Josh sing if drunk?	no
214.93	0.2	214930	255	filler_word	9	20	2	delong	unexpected	a	an	fight	affair	75	9	6.19	3.2	Whenever Josh had too much to drink, he became belligerent and would try to start	with someone in the bar.	True	Would Josh sing if drunk?	no
215.415	0.2	215415	255	filler_word	9	20	2	delong	unexpected	a	an	fight	affair	75	9	6.19	3.2	Whenever Josh had too much to drink, he became belligerent and would try to start	with someone in the bar.	True	Would Josh sing if drunk?	no
215.9	0.2	215900	255	filler_word	9	20	2	delong	unexpected	a	an	fight	affair	75	9	6.19	3.2	Whenever Josh had too much to drink, he became belligerent and would try to start	with someone in the bar.	True	Would Josh sing if drunk?	no
216.386	0.2	216386	255	filler_word	9	20	2	delong	unexpected	a	an	fight	affair	75	9	6.19	3.2	Whenever Josh had too much to drink, he became belligerent and would try to start	with someone in the bar.	True	Would Josh sing if drunk?	no
216.871	0.2	216871	255	filler_word	9	20	2	delong	unexpected	a	an	fight	affair	75	9	6.19	3.2	Whenever Josh had too much to drink, he became belligerent and would try to start	with someone in the bar.	True	Would Josh sing if drunk?	no
217.356	0.2	217356	255	filler_word	9	20	2	delong	unexpected	a	an	fight	affair	75	9	6.19	3.2	Whenever Josh had too much to drink, he became belligerent and would try to start	with someone in the bar.	True	Would Josh sing if drunk?	no
217.841	0.2	217841	255	filler_word	9	20	2	delong	unexpected	a	an	fight	affair	75	9	6.19	3.2	Whenever Josh had too much to drink, he became belligerent and would try to start	with someone in the bar.	True	Would Josh sing if drunk?	no
218.326	0.2	218326	255	filler_word	9	20	2	delong	unexpected	a	an	fight	affair	75	9	6.19	3.2	Whenever Josh had too much to drink, he became belligerent and would try to start	with someone in the bar.	True	Would Josh sing if drunk?	no
218.811	0.2	218811	255	filler_word	9	20	2	delong	unexpected	a	an	fight	affair	75	9	6.19	3.2	Whenever Josh had too much to drink, he became belligerent and would try to start	with someone in the bar.	True	Would Josh sing if drunk?	no
219.297	0.2	219297	255	filler_word	9	20	2	delong	unexpected	a	an	fight	affair	75	9	6.19	3.2	Whenever Josh had too much to drink, he became belligerent and would try to start	with someone in the bar.	True	Would Josh sing if drunk?	no
219.782	0.2	219782	255	filler_word	9	20	2	delong	unexpected	a	an	fight	affair	75	9	6.19	3.2	Whenever Josh had too much to drink, he became belligerent and would try to start	with someone in the bar.	True	Would Josh sing if drunk?	no
220.267	0.2	220267	255	filler_word	9	20	2	delong	unexpected	a	an	fight	affair	75	9	6.19	3.2	Whenever Josh had too much to drink, he became belligerent and would try to start	with someone in the bar.	True	Would Josh sing if drunk?	no
220.752	0.2	220752	203	a_unexpected	9	20	2	delong	unexpected	a	an	fight	affair	75	9	6.19	3.2	Whenever Josh had too much to drink, he became belligerent and would try to start	with someone in the bar.	True	Would Josh sing if drunk?	no
220.802	0.0	220802	18	cloze_marker	9	20	2	delong	unexpected	a	an	fight	affair	75	9	6.19	3.2	Whenever Josh had too much to drink, he became belligerent and would try to start	with someone in the bar.	True	Would Josh sing if drunk?	no
221.037	0.0	221037	107	item_marker	10	7	2	delong	unexpected	an	a	aeroplane	kite	77	18	5.74	2.87	Although the idea of flight was as old as the hills, the Wright Brothers were the first people to build	that actually flew.	False	n/a	n/a
221.237	0.2	221237	206	noun_unexpected	10	7	2	delong	unexpected	an	a	aeroplane	kite	77	18	5.74	2.87	Although the idea of flight was as old as the hills, the Wright Brothers were the first people to build	that actually flew.	False	n/a	n/a
221.287	0.0	221287	200	cloze_marker	10	7	2	delong	unexpected	an	a	aeroplane	kite	77	18	5.74	2.87	Although the idea of flight was as old as the hills, the Wright Brothers were the first people to build	that actually flew.	False	n/a	n/a
221.522	0.0	221522	107	item_marker	11	7	2	delong	unexpected	an	a	aeroplane	kite	77	18	5.74	2.87	Although the idea of flight was as old as the hills, the Wright Brothers were the first people to build	that actually flew.	False	n/a	n/a
221.723	0.2	221723	255	filler_word	11	7	2	delong	unexpected	an	a	aeroplane	kite	77	18	5.74	2.87	Although the idea of flight was as old as the hills, the Wright Brothers were the first people to build	that actually flew.	False	n/a	n/a
222.208	0.2	222208	255	filler_word	11	7	2	delong	unexpected	an	a	aeroplane	kite	77	18	5.74	2.87	Although the idea of flight was as old as the hills, the Wright Brothers were the first people to build	that actually flew.	False	n/a	n/a
222.693	0.2	222693	208	final_unexpected	11	7	2	delong	unexpected	an	a	aeroplane	kite	77	18	5.74	2.87	Although the idea of flight was as old as the hills, the Wright Brothers were the first people to build	that actually flew.	False	n/a	n/a
229.603	0.2	229603	255	filler_word	11	7	2	delong	unexpected	an	a	aeroplane	kite	77	18	5.74	2.87	Although the idea of flight was as old as the hills, the Wright Brothers were the first people to build	that actually flew.	False	n/a	n/a
230.088	0.2	230088	255	filler_word	11	7	2	delong	unexpected	an	a	aeroplane	kite	77	18	5.74	2.87	Although the idea of flight was as old as the hills, the Wright Brothers were the first people to build	that actually flew.	False	n/a	n/a
230.573	0.2	230573	255	filler_word	11	7	2	delong	unexpected	an	a	aeroplane	kite	77	18	5.74	2.87	Although the idea of flight was as old as the hills, the Wright Brothers were the first people to build	that actually flew.	False	n/a	n/a
231.058	0.2	231058	255	filler_word	11	7	2	delong	unexpected	an	a	aeroplane	kite	77	18	5.74	2.87	Although the idea of flight was as old as the hills, the Wright Brothers were the first people to build	that actually flew.	False	n/a	n/a
231.543	0.2	231543	255	filler_word	11	7	2	delong	unexpected	an	a	aeroplane	kite	77	18	5.74	2.87	Although the idea of flight was as old as the hills, the Wright Brothers were the first people to build	that actually flew.	False	n/a	n/a
232.028	0.2	232028	255	filler_word	11	7	2	delong	unexpected	an	a	aeroplane	kite	77	18	5.74	2.87	Although the idea of flight was as old as the hills, the Wright Brothers were the first people to build	that actually flew.	False	n/a	n/a
232.514	0.2	232514	255	filler_word	11	7	2	delong	unexpected	an	a	aeroplane	kite	77	18	5.74	2.87	Although the idea of flight was as old as the hills, the Wright Brothers were the first people to build	that actually flew.	False	n/a	n/a
232.999	0.2	232999	255	filler_word	11	7	2	delong	unexpected	an	a	aeroplane	kite	77	18	5.74	2.87	Although the idea of flight was as old as the hills, the Wright Brothers were the first people to build	that actually flew.	False	n/a	n/a
233.484	0.2	233484	255	filler_word	11	7	2	delong	unexpected	an	a	aeroplane	kite	77	18	5.74	2.87	Although the idea of flight was as old as the hills, the Wright Brothers were the first people to build	that actually flew.	False	n/a	n/a
233.969	0.2	233969	255	filler_word	11	7	2	delong	unexpected	an	a	aeroplane	kite	77	18	5.74	2.87	Although the idea of flight was as old as the hills, the Wright Brothers were the first people to build	that actually flew.	False	n/a	n/a
234.454	0.2	234454	255	filler_word	11	7	2	delong	unexpected	an	a	aeroplane	kite	77	18	5.74	2.87	Although the idea of flight was as old as the hills, the Wright Brothers were the first people to build	that actually flew.	False	n/a	n/a
234.94	0.2	234940	201	a_expected	11	7	2	delong	unexpected	an	a	aeroplane	kite	77	18	5.74	2.87	Although the idea of flight was as old as the hills, the Wright Brothers were the first people to build	that actually flew.	False	n/a	n/a
234.99	0.0	234990	95	cloze_marker	11	7	2	delong	unexpected	an	a	aeroplane	kite	77	18	5.74	2.87	Although the idea of flight was as old as the hills, the Wright Brothers were the first people to build	that actually flew.	False	n/a	n/a
235.224	0.0	235224	118	item_marker	12	18	2	delong	expected	a	an	parade	election	95	0	5.77	3.52	Without the floats and the marching bands it wasn't much of	this year.	False	n/a	n/a
235.425	0.2	235425	205	noun_expected	12	18	2	delong	expected	a	an	parade	election	95	0	5.77	3.52	Without the floats and the marching bands it wasn't much of	this year.	False	n/a	n/a
235.475	0.0	235475	87	cloze_marker	12	18	2	delong	expected	a	an	parade	election	95	0	5.77	3.52	Without the floats and the marching bands it wasn't much of	this year.	False	n/a	n/a
235.709	0.0	235709	118	item_marker	13	18	2	delong	expected	a	an	parade	election	95	0	5.77	3.52	Without the floats and the marching bands it wasn't much of	this year.	False	n/a	n/a
235.91	0.2	235910	255	filler_word	13	18	2	delong	expected	a	an	parade	election	95	0	5.77	3.52	Without the floats and the marching bands it wasn't much of	this year.	False	n/a	n/a
236.395	0.2	236395	207	final_expected	13	18	2	delong	expected	a	an	parade	election	95	0	5.77	3.52	Without the floats and the marching bands it wasn't much of	this year.	False	n/a	n/a
241.029	0.2	241029	255	filler_word	13	18	2	delong	expected	a	an	parade	election	95	0	5.77	3.52	Without the floats and the marching bands it wasn't much of	this year.	False	n/a	n/a
241.515	0.2	241515	255	filler_word	13	18	2	delong	expected	a	an	parade	election	95	0	5.77	3.52	Without the floats and the marching bands it wasn't much of	this year.	False	n/a	n/a
242.0	0.2	242000	255	filler_word	13	18	2	delong	expected	a	an	parade	election	95	0	5.77	3.52	Without the floats and the marching bands it wasn't much of	this year.	False	n/a	n/a
242.485	0.2	242485	255	filler_word	13	18	2	delong	expected	a	an	parade	election	95	0	5.77	3.52	Without the floats and the marching bands it wasn't much of	this year.	False	n/a	n/a
242.97	0.2	242970	255	filler_word	13	18	2	delong	expected	a	an	parade	election	95	0	5.77	3.52	Without the floats and the marching bands it wasn't much of	this year.	False	n/a	n/a
243.455	0.2	243455	255	filler_word	13	18	2	delong	expected	a	an	parade	election	95	0	5.77	3.52	Without the floats and the marching bands it wasn't much of	this year.	False	n/a	n/a
243.941	0.2	243941	255	filler_word	13	18	2	delong	expected	a	an	parade	election	95	0	5.77	3.52	Without the floats and the marching bands it wasn't much of	this year.	False	n/a	n/a
244.426	0.2	244426	255	filler_word	13	18	2	delong	expected	a	an	parade	election	95	0	5.77	3.52	Without the floats and the marching bands it wasn't much of	this year.	False	n/a	n/a
244.911	0.2	244911	255	filler_word	13	18	2	delong	expected	a	an	parade	election	95	0	5.77	3.52	Without the floats and the marching bands it wasn't much of	this year.	False	n/a	n/a
245.396	0.2	245396	255	filler_word	13	18	2	delong	expected	a	an	parade	election	95	0	5.77	3.52	Without the floats and the marching bands it wasn't much of	this year.	False	n/a	n/a
245.881	0.2	245881	255	filler_word	13	18	2	delong	expected	a	an	parade	election	95	0	5.77	3.52	Without the floats and the marching bands it wasn't much of	this year.	False	n/a	n/a
246.366	0.2	246366	255	filler_word	13	18	2	delong	expected	a	an	parade	election	95	0	5.77	3.52	Without the floats and the marching bands it wasn't much of	this year.	False	n/a	n/a
246.852	0.2	246852	255	filler_word	13	18	2	delong	expected	a	an	parade	election	95	0	5.77	3.52	Without the floats and the marching bands it wasn't much of	this year.	False	n/a	n/a
247.337	0.2	247337	255	filler_word	13	18	2	delong	expected	a	an	parade	election	95	0	5.77	3.52	Without the floats and the marching bands it wasn't much of	this year.	False	n/a	n/a
247.822	0.2	247822	255	filler_word	13	18	2	delong	expected	a	an	parade	election	95	0	5.77	3.52	Without the floats and the marching bands it wasn't much of	this year.	False	n/a	n/a
248.307	0.2	248307	255	filler_word	13	18	2	delong	expected	a	an	parade	election	95	0	5.77	3.52	Without the floats and the marching bands it wasn't much of	this year.	False	n/a	n/a
248.792	0.2	248792	255	filler_word	13	18	2	delong	expected	a	an	parade	election	95	0	5.77	3.52	Without the floats and the marching bands it wasn't much of	this year.	False	n/a	n/a
249.278	0.2	249278	255	filler_word	13	18	2	delong	expected	a	an	parade	election	95	0	5.77	3.52	Without the floats and the marching bands it wasn't much of	this year.	False	n/a	n/a
249.763	0.2	249763	255	filler_word	13	18	2	delong	expected	a	an	parade	election	95	0	5.77	3.52	Without the floats and the marching bands it wasn't much of	this year.	False	n/a	n/a
250.248	0.2	250248	255	filler_word	13	18	2	delong	expected	a	an	parade	election	95	0	5.77	3.52	Without the floats and the marching bands it wasn't much of	this year.	False	n/a	n/a
250.733	0.2	250733	255	filler_word	13	18	2	delong	expected	a	an	parade	election	95	0	5.77	3.52	Without the floats and the marching bands it wasn't much of	this year.	False	n/a	n/a
251.218	0.2	251218	255	filler_word	13	18	2	delong	expected	a	an	parade	election	95	0	5.77	3.52	Without the floats and the marching bands it wasn't much of	this year.	False	n/a	n/a
251.703	0.2	251703	255	filler_word	13	18	2	delong	expected	a	an	parade	election	95	0	5.77	3.52	Without the floats and the marching bands it wasn't much of	this year.	False	n/a	n/a
252.189	0.2	252189	203	a_unexpected	13	18	2	delong	expected	a	an	parade	election	95	0	5.77	3.52	Without the floats and the marching bands it wasn't much of	this year.	False	n/a	n/a
252.239	0.0	252239	27	cloze_marker	13	18	2	delong	expected	a	an	parade	election	95	0	5.77	3.52	Without the floats and the marching bands it wasn't much of	this year.	False	n/a	n/a
252.473	0.0	252473	115	item_marker	14	15	2	delong	unexpected	an	a	education	book	59	27	6.23	3.17	Her grandfather always stressed how important it was for Sophia to go to school, because he had never had the opportunity to receive	while growing up.	False	n/a	n/a
252.674	0.2	252674	206	noun_unexpected	14	15	2	delong	unexpected	an	a	education	book	59	27	6.23	3.17	Her grandfather always stressed how important it was for Sophia to go to school, because he had never had the opportunity to receive	while growing up.	False	n/a	n/a
252.724	0.0	252724	200	cloze_marker	14	15	2	delong	unexpected	an	a	education	book	59	27	6.23	3.17	Her grandfather always stressed how important it was for Sophia to go to school, because he had never had the opportunity to receive	while growing up.	False	n/a	n/a
252.958	0.0	252958	115	item_marker	15	15	2	delong	unexpected	an	a	education	book	59	27	6.23	3.17	Her grandfather always stressed how important it was for Sophia to go to school, because he had never had the opportunity to receive	while growing up.	False	n/a	n/a
253.159	0.2	253159	255	filler_word	15	15	2	delong	unexpected	an	a	education	book	59	27	6.23	3.17	Her grandfather always stressed how important it was for Sophia to go to school, because he had never had the opportunity to receive	while growing up.	False	n/a	n/a
253.644	0.2	253644	255	filler_word	15	15	2	delong	unexpected	an	a	education	book	59	27	6.23	3.17	Her grandfather always stressed how important it was for Sophia to go to school, because he had never had the opportunity to receive	while growing up.	False	n/a	n/a
254.129	0.2	254129	208	final_unexpected	15	15	2	delong	unexpected	an	a	education	book	59	27	6.23	3.17	Her grandfather always stressed how important it was for Sophia to go to school, because he had never had the opportunity to receive	while growing up.	False	n/a	n/a
259.048	0.2	259048	255	filler_word	15	15	2	delong	unexpected	an	a	education	book	59	27	6.23	3.17	Her grandfather always stressed how important it was for Sophia to go to school, because he had never had the opportunity to receive	while growing up.	False	n/a	n/a
259.533	0.2	259533	255	filler_word	15	15	2	delong	unexpected	an	a	education	book	59	27	6.23	3.17	Her grandfather always stressed how important it was for Sophia to go to school, because he had never had the opportunity to receive	while growing up.	False	n/a	n/a
260.019	0.2	260019	255	filler_word	15	15	2	delong	unexpected	an	a	education	book	59	27	6.23	3.17	Her grandfather always stressed how important it was for Sophia to go to school, because he had never had the opportunity to receive	while growing up.	False	n/a	n/a
260.504	0.2	260504	255	filler_word	15	15	2	delong	unexpected	an	a	education	book	59	27	6.23	3.17	Her grandfather always stressed how important it was for Sophia to go to school, because he had never had the opportunity to receive	while growing up.	False	n/a	n/a
260.989	0.2	260989	255	filler_word	15	15	2	delong	unexpected	an	a	education	book	59	27	6.23	3.17	Her grandfather always stressed how important it was for Sophia to go to school, because he had never had the opportunity to receive	while growing up.	False	n/a	n/a
261.474	0.2	261474	255	filler_word	15	15	2	delong	unexpected	an	a	education	book	59	27	6.23	3.17	Her grandfather always stressed how important it was for Sophia to go to school, because he had never had the opportunity to receive	while growing up.	False	n/a	n/a
261.959	0.2	261959	255	filler_word	15	15	2	delong	unexpected	an	a	education	book	59	27	6.23	3.17	Her grandfather always stressed how important it was for Sophia to go to school, because he had never had the opportunity to receive	while growing up.	False	n/a	n/a
262.444	0.2	262444	255	filler_word	15	15	2	delong	unexpected	an	a	education	book	59	27	6.23	3.17	Her grandfather always stressed how important it was for Sophia to go to school, because he had never had the opportunity to receive	while growing up.	False	n/a	n/a
262.93	0.2	262930	255	filler_word	15	15	2	delong	unexpected	an	a	education	book	59	27	6.23	3.17	Her grandfather always stressed how important it was for Sophia to go to school, because he had never had the opportunity to receive	while growing up.	False	n/a	n/a
263.415	0.2	263415	255	filler_word	15	15	2	delong	unexpected	an	a	education	book	59	27	6.23	3.17	Her grandfather always stressed how important it was for Sophia to go to school, because he had never had the opportunity to receive	while growing up.	False	n/a	n/a
263.9	0.2	263900	255	filler_word	15	15	2	delong	unexpected	an	a	education	book	59	27	6.23	3.17	Her grandfather always stressed how important it was for Sophia to go to school, because he had never had the opportunity to receive	while growing up.	False	n/a	n/a
264.385	0.2	264385	255	filler_word	15	15	2	delong	unexpected	an	a	education	book	59	27	6.23	3.17	Her grandfather always stressed how important it was for Sophia to go to school, because he had never had the opportunity to receive	while growing up.	False	n/a	n/a
264.87	0.2	264870	255	filler_word	15	15	2	delong	unexpected	an	a	education	book	59	27	6.23	3.17	Her grandfather always stressed how important it was for Sophia to go to school, because he had never had the opportunity to receive	while growing up.	False	n/a	n/a
265.356	0.2	265356	201	a_expected	15	15	2	delong	unexpected	an	a	education	book	59	27	6.23	3.17	Her grandfather always stressed how important it was for Sophia to go to school, because he had never had the opportunity to receive	while growing up.	False	n/a	n/a
265.406	0.0	265406	93	cloze_marker	15	15	2	delong	unexpected	an	a	education	book	59	27	6.23	3.17	Her grandfather always stressed how important it was for Sophia to go to school, because he had never had the opportunity to receive	while growing up.	False	n/a	n/a
265.64	0.0	265640	106	item_marker	16	6	2	delong	expected	a	an	cheque	apology	93	0	4.53	2.32	The bakery did not accept credit cards so Peter would have to write	to the owner.	False	n/a	n/a
265.841	0.2	265841	205	noun_expected	16	6	2	delong	expected	a	an	cheque	apology	93	0	4.53	2.32	The bakery did not accept credit cards so Peter would have to write	to the owner.	False	n/a	n/a
265.891	0.0	265891	100	cloze_marker	16	6	2	delong	expected	a	an	cheque	apology	93	0	4.53	2.32	The bakery did not accept credit cards so Peter would have to write	to the owner.	False	n/a	n/a
266.125	0.0	266125	106	item_marker	17	6	2	delong	expected	a	an	cheque	apology	93	0	4.53	2.32	The bakery did not accept credit cards so Peter would have to write	to the owner.	False	n/a	n/a
266.326	0.2	266326	255	filler_word	17	6	2	delong	expected	a	an	cheque	apology	93	0	4.53	2.32	The bakery did not accept credit cards so Peter would have to write	to the owner.	False	n/a	n/a
266.811	0.2	266811	255	filler_word	17	6	2	delong	expected	a	an	cheque	apology	93	0	4.53	2.32	The bakery did not accept credit cards so Peter would have to write	to the owner.	False	n/a	n/a
267.296	0.2	267296	207	final_expected	17	6	2	delong	expected	a	an	cheque	apology	93	0	4.53	2.32	The bakery did not accept credit cards so Peter would have to write	to the owner.	False	n/a	n/a
273.922	0.2	273922	255	filler_word	17	6	2	delong	expected	a	an	cheque	apology	93	0	4.53	2.32	The bakery did not accept credit cards so Peter would have to write	to the owner.	False	n/a	n/a
274.407	0.2	274407	255	filler_word	17	6	2	delong	expected	a	an	cheque	apology	93	0	4.53	2.32	The bakery did not accept credit cards so Peter would have to write	to the owner.	False	n/a	n/a
274.892	0.2	274892	255	filler_word	17	6	2	delong	expected	a	an	cheque	apology	93	0	4.53	2.32	The bakery did not accept credit cards so Peter would have to write	to the owner.	False	n/a	n/a
275.377	0.2	275377	255	filler_word	17	6	2	delong	expected	a	an	cheque	apology	93	0	4.53	2.32	The bakery did not accept credit cards so Peter would have to write	to the owner.	False	n/a	n/a
275.862	0.2	275862	255	filler_word	17	6	2	delong	expected	a	an	cheque	apology	93	0	4.53	2.32	The bakery did not accept credit cards so Peter would have to write	to the owner.	False	n/a	n/a
276.347	0.2	276347	255	filler_word	17	6	2	delong	expected	a	an	cheque	apology	93	0	4.53	2.32	The bakery did not accept credit cards so Peter would have to write	to the owner.	False	n/a	n/a
276.833	0.2	276833	255	filler_word	17	6	2	delong	expected	a	an	cheque	apology	93	0	4.53	2.32	The bakery did not accept credit cards so Peter would have to write	to the owner.	False	n/a	n/a
277.318	0.2	277318	255	filler_word	17	6	2	delong	expected	a	an	cheque	apology	93	0	4.53	2.32	The bakery did not accept credit cards so Peter would have to write	to the owner.	False	n/a	n/a
277.803	0.2	277803	255	filler_word	17	6	2	delong	expected	a	an	cheque	apology	93	0	4.53	2.32	The bakery did not accept credit cards so Peter would have to write	to the owner.	False	n/a	n/a
278.288	0.2	278288	255	filler_word	17	6	2	delong	expected	a	an	cheque	apology	93	0	4.53	2.32	The bakery did not accept credit cards so Peter would have to write	to the owner.	False	n/a	n/a
278.773	0.2	278773	255	filler_word	17	6	2	delong	expected	a	an	cheque	apology	93	0	4.53	2.32	The bakery did not accept credit cards so Peter would have to write	to the owner.	False	n/a	n/a
279.259	0.2	279259	255	filler_word	17	6	2	delong	expected	a	an	cheque	apology	93	0	4.53	2.32	The bakery did not accept credit cards so Peter would have to write	to the owner.	False	n/a	n/a
279.744	0.2	279744	255	filler_word	17	6	2	delong	expected	a	an	cheque	apology	93	0	4.53	2.32	The bakery did not accept credit cards so Peter would have to write	to the owner.	False	n/a	n/a
280.229	0.2	280229	255	filler_word	17	6	2	delong	expected	a	an	cheque	apology	93	0	4.53	2.32	The bakery did not accept credit cards so Peter would have to write	to the owner.	False	n/a	n/a
280.714	0.2	280714	255	filler_word	17	6	2	delong	expected	a	an	cheque	apology	93	0	4.53	2.32	The bakery did not accept credit cards so Peter would have to write	to the owner.	False	n/a	n/a
281.199	0.2	281199	255	filler_word	17	6	2	delong	expected	a	an	cheque	apology	93	0	4.53	2.32	The bakery did not accept credit cards so Peter would have to write	to the owner.	False	n/a	n/a
281.684	0.2	281684	255	filler_word	17	6	2	delong	expected	a	an	cheque	apology	93	0	4.53	2.32	The bakery did not accept credit cards so Peter would have to write	to the owner.	False	n/a	n/a
282.17	0.2	282170	201	a_expected	17	6	2	delong	expected	a	an	cheque	apology	93	0	4.53	2.32	The bakery did not accept credit cards so Peter would have to write	to the owner.	False	n/a	n/a
282.22	0.0	282220	98	cloze_marker	17	6	2	delong	expected	a	an	cheque	apology	93	0	4.53	2.32	The bakery did not accept credit cards so Peter would have to write	to the owner.	False	n/a	n/a
282.454	0.0	282454	102	item_marker	18	2	2	delong	expected	a	an	carrot	apple	98	0	6.35	2.83	For the snowman's eyes the children used two pieces of coal, and for its nose they used	from the fridge.	True	Did they build a snowman?	yes
282.655	0.2	282655	205	noun_expected	18	2	2	delong	expected	a	an	carrot	apple	98	0	6.35	2.83	For the snowman's eyes the children used two pieces of coal, and for its nose they used	from the fridge.	True	Did they build a snowman?	yes
282.705	0.0	282705	100	cloze_marker	18	2	2	delong	expected	a	an	carrot	apple	98	0	6.35	2.83	For the snowman's eyes the children used two pieces of coal, and for its nose they used	from the fridge.	True	Did they build a snowman?	yes
282.939	0.0	282939	102	item_marker	19	2	2	delong	expected	a	an	carrot	apple	98	0	6.35	2.83	For the snowman's eyes the children used two pieces of coal, and for its nose they used	from the fridge.	True	Did they build a snowman?	yes
283.14	0.2	283140	255	filler_word	19	2	2	delong	expected	a	an	carrot	apple	98	0	6.35	2.83	For the snowman's eyes the children used two pieces of coal, and for its nose they used	from the fridge.	True	Did they build a snowman?	yes
283.625	0.2	283625	255	filler_word	19	2	2	delong	expected	a	an	carrot	apple	98	0	6.35	2.83	For the snowman's eyes the children used two pieces of coal, and for its nose they used	from the fridge.	True	Did they build a snowman?	yes
284.11	0.2	284110	207	final_expected	19	2	2	delong	expected	a	an	carrot	apple	98	0	6.35	2.83	For the snowman's eyes the children used two pieces of coal, and for its nose they used	from the fridge.	True	Did they build a snowman?	yes
291.907	0.2	291907	255	filler_word	19	2	2	delong	expected	a	an	carrot	apple	98	0	6.35	2.83	For the snowman's eyes the children used two pieces of coal, and for its nose they used	from the fridge.	True	Did they build a snowman?	yes
292.392	0.2	292392	255	filler_word	19	2	2	delong	expected	a	an	carrot	apple	98	0	6.35	2.83	For the snowman's eyes the children used two pieces of coal, and for its nose they used	from the fridge.	True	Did they build a snowman?	yes
292.877	0.2	292877	255	filler_word	19	2	2	delong	expected	a	an	carrot	apple	98	0	6.35	2.83	For the snowman's eyes the children used two pieces of coal, and for its nose they used	from the fridge.	True	Did they build a snowman?	yes
293.362	0.2	293362	255	filler_word	19	2	2	delong	expected	a	an	carrot	apple	98	0	6.35	2.83	For the snowman's eyes the children used two pieces of coal, and for its nose they used	from the fridge.	True	Did they build a snowman?	yes
293.847	0.2	293847	255	filler_word	19	2	2	delong	expected	a	an	carrot	apple	98	0	6.35	2.83	For the snowman's eyes the children used two pieces of coal, and for its nose they used	from the fridge.	True	Did they build a snowman?	yes
294.333	0.2	294333	255	filler_word	19	2	2	delong	expected	a	an	carrot	apple	98	0	6.35	2.83	For the snowman's eyes the children used two pieces of coal, and for its nose they used	from the fridge.	True	Did they build a snowman?	yes
294.818	0.2	294818	255	filler_word	19	2	2	delong	expected	a	an	carrot	apple	98	0	6.35	2.83	For the snowman's eyes the children used two pieces of coal, and for its nose they used	from the fridge.	True	Did they build a snowman?	yes
295.303	0.2	295303	255	filler_word	19	2	2	delong	expected	a	an	carrot	apple	98	0	6.35	2.83	For the snowman's eyes the children used two pieces of coal, and for its nose they used	from the fridge.	True	Did they build a snowman?	yes
295.788	0.2	295788	255	filler_word	19	2	2	delong	expected	a	an	carrot	apple	98	0	6.35	2.83	For the snowman's eyes the children used two pieces of coal, and for its nose they used	from the fridge.	True	Did they build a snowman?	yes
296.273	0.2	296273	255	filler_word	19	2	2	delong	expected	a	an	carrot	apple	98	0	6.35	2.83	For the snowman's eyes the children used two pieces of coal, and for its nose they used	from the fridge.	True	Did they build a snowman?	yes
296.759	0.2	296759	255	filler_word	19	2	2	delong	expected	a	an	carrot	apple	98	0	6.35	2.83	For the snowman's eyes the children used two pieces of coal, and for its nose they used	from the fridge.	True	Did they build a snowman?	yes
297.244	0.2	297244	255	filler_word	19	2	2	delong	expected	a	an	carrot	apple	98	0	6.35	2.83	For the snowman's eyes the children used two pieces of coal, and for its nose they used	from the fridge.	True	Did they build a snowman?	yes
297.729	0.2	297729	255	filler_word	19	2	2	delong	expected	a	an	carrot	apple	98	0	6.35	2.83	For the snowman's eyes the children used two pieces of coal, and for its nose they used	from the fridge.	True	Did they build a snowman?	yes
298.214	0.2	298214	255	filler_word	19	2	2	delong	expected	a	an	carrot	apple	98	0	6.35	2.83	For the snowman's eyes the children used two pieces of coal, and for its nose they used	from the fridge.	True	Did they build a snowman?	yes
298.699	0.2	298699	255	filler_word	19	2	2	delong	expected	a	an	carrot	apple	98	0	6.35	2.83	For the snowman's eyes the children used two pieces of coal, and for its nose they used	from the fridge.	True	Did they build a snowman?	yes
299.184	0.2	299184	255	filler_word	19	2	2	delong	expected	a	an	carrot	apple	98	0	6.35	2.83	For the snowman's eyes the children used two pieces of coal, and for its nose they used	from the fridge.	True	Did they build a snowman?	yes
299.67	0.2	299670	204	an_unexpected	19	2	2	delong	expected	a	an	carrot	apple	98	0	6.35	2.83	For the snowman's eyes the children used two pieces of coal, and for its nose they used	from the fridge.	True	Did they build a snowman?	yes
299.72	0.0	299720	2	cloze_marker	19	2	2	delong	expected	a	an	carrot	apple	98	0	6.35	2.83	For the snowman's eyes the children used two pieces of coal, and for its nose they used	from the fridge.	True	Did they build a snowman?	yes
299.954	0.0	299954	112	item_marker	20	12	2	delong	unexpected	a	an	fish	octopus	66	2	5.8	4.0	Marge hated baiting the hook, but she knew that it was the only way to catch	without using a lure.	False	n/a	n/a
300.155	0.2	300155	206	noun_unexpected	20	12	2	delong	unexpected	a	an	fish	octopus	66	2	5.8	4.0	Marge hated baiting the hook, but she knew that it was the only way to catch	without using a lure.	False	n/a	n/a
300.205	0.0	300205	13	cloze_marker	20	12	2	delong	unexpected	a	an	fish	octopus	66	2	5.8	4.0	Marge hated baiting the hook, but she knew that it was the only way to catch	without using a lure.	False	n/a	n/a
300.439	0.0	300439	112	item_marker	21	12	2	delong	unexpected	a	an	fish	octopus	66	2	5.8	4.0	Marge hated baiting the hook, but she knew that it was the only way to catch	without using a lure.	False	n/a	n/a
300.64	0.2	300640	255	filler_word	21	12	2	delong	unexpected	a	an	fish	octopus	66	2	5.8	4.0	Marge hated baiting the hook, but she knew that it was the only way to catch	without using a lure.	False	n/a	n/a
301.125	0.2	301125	255	filler_word	21	12	2	delong	unexpected	a	an	fish	octopus	66	2	5.8	4.0	Marge hated baiting the hook, but she knew that it was the only way to catch	without using a lure.	False	n/a	n/a
301.61	0.2	301610	255	filler_word	21	12	2	delong	unexpected	a	an	fish	octopus	66	2	5.8	4.0	Marge hated baiting the hook, but she knew that it was the only way to catch	without using a lure.	False	n/a	n/a
302.096	0.2	302096	208	final_unexpected	21	12	2	delong	unexpected	a	an	fish	octopus	66	2	5.8	4.0	Marge hated baiting the hook, but she knew that it was the only way to catch	without using a lure.	False	n/a	n/a
312.87	0.2	312870	255	filler_word	21	12	2	delong	unexpected	a	an	fish	octopus	66	2	5.8	4.0	Marge hated baiting the hook, but she knew that it was the only way to catch	without using a lure.	False	n/a	n/a
313.355	0.2	313355	255	filler_word	21	12	2	delong	unexpected	a	an	fish	octopus	66	2	5.8	4.0	Marge hated baiting the hook, but she knew that it was the only way to catch	without using a lure.	False	n/a	n/a
313.84	0.2	313840	255	filler_word	21	12	2	delong	unexpected	a	an	fish	octopus	66	2	5.8	4.0	Marge hated baiting the hook, but she knew that it was the only way to catch	without using a lure.	False	n/a	n/a
314.326	0.2	314326	255	filler_word	21	12	2	delong	unexpected	a	an	fish	octopus	66	2	5.8	4.0	Marge hated baiting the hook, but she knew that it was the only way to catch	without using a lure.	False	n/a	n/a
314.811	0.2	314811	255	filler_word	21	12	2	delong	unexpected	a	an	fish	octopus	66	2	5.8	4.0	Marge hated baiting the hook, but she knew that it was the only way to catch	without using a lure.	False	n/a	n/a
315.296	0.2	315296	255	filler_word	21	12	2	delong	unexpected	a	an	fish	octopus	66	2	5.8	4.0	Marge hated baiting the hook, but she knew that it was the only way to catch	without using a lure.	False	n/a	n/a
315.781	0.2	315781	255	filler_word	21	12	2	delong	unexpected	a	an	fish	octopus	66	2	5.8	4.0	Marge hated baiting the hook, but she knew that it was the only way to catch	without using a lure.	False	n/a	n/a
316.266	0.2	316266	255	filler_word	21	12	2	delong	unexpected	a	an	fish	octopus	66	2	5.8	4.0	Marge hated baiting the hook, but she knew that it was the only way to catch	without using a lure.	False	n/a	n/a
316.751	0.2	316751	255	filler_word	21	12	2	delong	unexpected	a	an	fish	octopus	66	2	5.8	4.0	Marge hated baiting the hook, but she knew that it was the only way to catch	without using a lure.	False	n/a	n/a
317.237	0.2	317237	255	filler_word	21	12	2	delong	unexpected	a	an	fish	octopus	66	2	5.8	4.0	Marge hated baiting the hook, but she knew that it was the only way to catch	without using a lure.	False	n/a	n/a
317.722	0.2	317722	255	filler_word	21	12	2	delong	unexpected	a	an	fish	octopus	66	2	5.8	4.0	Marge hated baiting the hook, but she knew that it was the only way to catch	without using a lure.	False	n/a	n/a
318.207	0.2	318207	255	filler_word	21	12	2	delong	unexpected	a	an	fish	octopus	66	2	5.8	4.0	Marge hated baiting the hook, but she knew that it was the only way to catch	without using a lure.	False	n/a	n/a
318.692	0.2	318692	255	filler_word	21	12	2	delong	unexpected	a	an	fish	octopus	66	2	5.8	4.0	Marge hated baiting the hook, but she knew that it was the only way to catch	without using a lure.	False	n/a	n/a
319.177	0.2	319177	255	filler_word	21	12	2	delong	unexpected	a	an	fish	octopus	66	2	5.8	4.0	Marge hated baiting the hook, but she knew that it was the only way to catch	without using a lure.	False	n/a	n/a
319.663	0.2	319663	255	filler_word	21	12	2	delong	unexpected	a	an	fish	octopus	66	2	5.8	4.0	Marge hated baiting the hook, but she knew that it was the only way to catch	without using a lure.	False	n/a	n/a
320.148	0.2	320148	204	an_unexpected	21	12	2	delong	unexpected	a	an	fish	octopus	66	2	5.8	4.0	Marge hated baiting the hook, but she knew that it was the only way to catch	without using a lure.	False	n/a	n/a
320.198	0.0	320198	2	cloze_marker	21	12	2	delong	unexpected	a	an	fish	octopus	66	2	5.8	4.0	Marge hated baiting the hook, but she knew that it was the only way to catch	without using a lure.	False	n/a	n/a
320.432	0.0	320432	116	item_marker	22	16	2	delong	unexpected	a	an	book	education	75	2	6.48	2.27	James is an avid reader, so for his birthday his sister decided to give him	about Africa.	False	n/a	n/a
320.633	0.2	320633	206	noun_unexpected	22	16	2	delong	unexpected	a	an	book	education	75	2	6.48	2.27	James is an avid reader, so for his birthday his sister decided to give him	about Africa.	False	n/a	n/a
320.683	0.0	320683	200	cloze_marker	22	16	2	delong	unexpected	a	an	book	education	75	2	6.48	2.27	James is an avid reader, so for his birthday his sister decided to give him	about Africa.	False	n/a	n/a
320.917	0.0	320917	116	item_marker	23	16	2	delong	unexpected	a	an	book	education	75	2	6.48	2.27	James is an avid reader, so for his birthday his sister decided to give him	about Africa.	False	n/a	n/a
321.118	0.2	321118	255	filler_word	23	16	2	delong	unexpected	a	an	book	education	75	2	6.48	2.27	James is an avid reader, so for his birthday his sister decided to give him	about Africa.	False	n/a	n/a
321.603	0.2	321603	208	final_unexpected	23	16	2	delong	unexpected	a	an	book	education	75	2	6.48	2.27	James is an avid reader, so for his birthday his sister decided to give him	about Africa.	False	n/a	n/a
325.384	0.2	325384	255	filler_word	23	16	2	delong	unexpected	a	an	book	education	75	2	6.48	2.27	James is an avid reader, so for his birthday his sister decided to give him	about Africa.	False	n/a	n/a
325.87	0.2	325870	255	filler_word	23	16	2	delong	unexpected	a	an	book	education	75	2	6.48	2.27	James is an avid reader, so for his birthday his sister decided to give him	about Africa.	False	n/a	n/a
326.355	0.2	326355	255	filler_word	23	16	2	delong	unexpected	a	an	book	education	75	2	6.48	2.27	James is an avid reader, so for his birthday his sister decided to give him	about Africa.	False	n/a	n/a
326.84	0.2	326840	255	filler_word	23	16	2	delong	unexpected	a	an	book	education	75	2	6.48	2.27	James is an avid reader, so for his birthday his sister decided to give him	about Africa.	False	n/a	n/a
327.325	0.2	327325	255	filler_word	23	16	2	delong	unexpected	a	an	book	education	75	2	6.48	2.27	James is an avid reader, so for his birthday his sister decided to give him	about Africa.	False	n/a	n/a
327.81	0.2	327810	255	filler_word	23	16	2	delong	unexpected	a	an	book	education	75	2	6.48	2.27	James is an avid reader, so for his birthday his sister decided to give him	about Africa.	False	n/a	n/a
328.295	0.2	328295	255	filler_word	23	16	2	delong	unexpected	a	an	book	education	75	2	6.48	2.27	James is an avid reader, so for his birthday his sister decided to give him	about Africa.	False	n/a	n/a
328.781	0.2	328781	255	filler_word	23	16	2	delong	unexpected	a	an	book	education	75	2	6.48	2.27	James is an avid reader, so for his birthday his sister decided to give him	about Africa.	False	n/a	n/a
329.266	0.2	329266	255	filler_word	23	16	2	delong	unexpected	a	an	book	education	75	2	6.48	2.27	James is an avid reader, so for his birthday his sister decided to give him	about Africa.	False	n/a	n/a
329.751	0.2	329751	255	filler_word	23	16	2	delong	unexpected	a	an	book	education	75	2	6.48	2.27	James is an avid reader, so for his birthday his sister decided to give him	about Africa.	False	n/a	n/a
330.236	0.2	330236	255	filler_word	23	16	2	delong	unexpected	a	an	book	education	75	2	6.48	2.27	James is an avid reader, so for his birthday his sister decided to give him	about Africa.	False	n/a	n/a
330.721	0.2	330721	203	a_unexpected	23	16	2	delong	unexpected	a	an	book	education	75	2	6.48	2.27	James is an avid reader, so for his birthday his sister decided to give him	about Africa.	False	n/a	n/a
330.771	0.0	330771	39	cloze_marker	23	16	2	delong	unexpected	a	an	book	education	75	2	6.48	2.27	James is an avid reader, so for his birthday his sister decided to give him	about Africa.	False	n/a	n/a
331.006	0.0	331006	103	item_marker	24	3	2	delong	unexpected	an	a	accent	lisp	55	39	6.13	6.0	It was difficult to understand the foreign professor because he had	when he spoke.	False	n/a	n/a
331.207	0.2	331207	206	noun_unexpected	24	3	2	delong	unexpected	an	a	accent	lisp	55	39	6.13	6.0	It was difficult to understand the foreign professor because he had	when he spoke.	False	n/a	n/a
331.257	0.0	331257	7	cloze_marker	24	3	2	delong	unexpected	an	a	accent	lisp	55	39	6.13	6.0	It was difficult to understand the foreign professor because he had	when he spoke.	False	n/a	n/a
331.491	0.0	331491	103	item_marker	25	3	2	delong	unexpected	an	a	accent	lisp	55	39	6.13	6.0	It was difficult to understand the foreign professor because he had	when he spoke.	False	n/a	n/a
331.692	0.2	331692	255	filler_word	25	3	2	delong	unexpected	an	a	accent	lisp	55	39	6.13	6.0	It was difficult to understand the foreign professor because he had	when he spoke.	False	n/a	n/a
332.177	0.2	332177	255	filler_word	25	3	2	delong	unexpected	an	a	accent	lisp	55	39	6.13	6.0	It was difficult to understand the foreign professor because he had	when he spoke.	False	n/a	n/a
332.662	0.2	332662	208	final_unexpected	25	3	2	delong	unexpected	an	a	accent	lisp	55	39	6.13	6.0	It was difficult to understand the foreign professor because he had	when he spoke.	False	n/a	n/a
336.711	0.2	336711	255	filler_word	25	3	2	delong	unexpected	an	a	accent	lisp	55	39	6.13	6.0	It was difficult to understand the foreign professor because he had	when he spoke.	False	n/a	n/a
337.196	0.2	337196	255	filler_word	25	3	2	delong	unexpected	an	a	accent	lisp	55	39	6.13	6.0	It was difficult to understand the foreign professor because he had	when he spoke.	False	n/a	n/a
337.681	0.2	337681	255	filler_word	25	3	2	delong	unexpected	an	a	accent	lisp	55	39	6.13	6.0	It was difficult to understand the foreign professor because he had	when he spoke.	False	n/a	n/a
338.166	0.2	338166	255	filler_word	25	3	2	delong	unexpected	an	a	accent	lisp	55	39	6.13	6.0	It was difficult to understand the foreign professor because he had	when he spoke.	False	n/a	n/a
338.652	0.2	338652	255	filler_word	25	3	2	delong	unexpected	an	a	accent	lisp	55	39	6.13	6.0	It was difficult to understand the foreign professor because he had	when he spoke.	False	n/a	n/a
339.137	0.2	339137	255	filler_word	25	3	2	delong	unexpected	an	a	accent	lisp	55	39	6.13	6.0	It was difficult to understand the foreign professor because he had	when he spoke.	False	n/a	n/a
339.622	0.2	339622	255	filler_word	25	3	2	delong	unexpected	an	a	accent	lisp	55	39	6.13	6.0	It was difficult to understand the foreign professor because he had	when he spoke.	False	n/a	n/a
340.107	0.2	340107	201	a_expected	25	3	2	delong	unexpected	an	a	accent	lisp	55	39	6.13	6.0	It was difficult to understand the foreign professor because he had	when he spoke.	False	n/a	n/a
340.157	0.0	340157	25	cloze_marker	25	3	2	delong	unexpected	an	a	accent	lisp	55	39	6.13	6.0	It was difficult to understand the foreign professor because he had	when he spoke.	False	n/a	n/a
340.392	0.0	340392	110	item_marker	26	10	2	delong	expected	a	an	bird	echo	25	0	6.39	3.87	The tweeting in the treetops sounded like	to Melissa.	False	n/a	n/a
340.592	0.2	340592	205	noun_expected	26	10	2	delong	expected	a	an	bird	echo	25	0	6.39	3.87	The tweeting in the treetops sounded like	to Melissa.	False	n/a	n/a
340.642	0.0	340642	80	cloze_marker	26	10	2	delong	expected	a	an	bird	echo	25	0	6.39	3.87	The tweeting in the treetops sounded like	to Melissa.	False	n/a	n/a
340.877	0.0	340877	110	item_marker	27	10	2	delong	expected	a	an	bird	echo	25	0	6.39	3.87	The tweeting in the treetops sounded like	to Melissa.	False	n/a	n/a
341.077	0.2	341077	255	filler_word	27	10	2	delong	expected	a	an	bird	echo	25	0	6.39	3.87	The tweeting in the treetops sounded like	to Melissa.	False	n/a	n/a
341.563	0.2	341563	207	final_expected	27	10	2	delong	expected	a	an	bird	echo	25	0	6.39	3.87	The tweeting in the treetops sounded like	to Melissa.	False	n/a	n/a
344.557	0.2	344557	255	filler_word	27	10	2	delong	expected	a	an	bird	echo	25	0	6.39	3.87	The tweeting in the treetops sounded like	to Melissa.	False	n/a	n/a
345.043	0.2	345043	255	filler_word	27	10	2	delong	expected	a	an	bird	echo	25	0	6.39	3.87	The tweeting in the treetops sounded like	to Melissa.	False	n/a	n/a
345.528	0.2	345528	255	filler_word	27	10	2	delong	expected	a	an	bird	echo	25	0	6.39	3.87	The tweeting in the treetops sounded like	to Melissa.	False	n/a	n/a
346.013	0.2	346013	255	filler_word	27	10	2	delong	expected	a	an	bird	echo	25	0	6.39	3.87	The tweeting in the treetops sounded like	to Melissa.	False	n/a	n/a
346.498	0.2	346498	255	filler_word	27	10	2	delong	expected	a	an	bird	echo	25	0	6.39	3.87	The tweeting in the treetops sounded like	to Melissa.	False	n/a	n/a
346.983	0.2	346983	255	filler_word	27	10	2	delong	expected	a	an	bird	echo	25	0	6.39	3.87	The tweeting in the treetops sounded like	to Melissa.	False	n/a	n/a
347.469	0.2	347469	255	filler_word	27	10	2	delong	expected	a	an	bird	echo	25	0	6.39	3.87	The tweeting in the treetops sounded like	to Melissa.	False	n/a	n/a
347.954	0.2	347954	255	filler_word	27	10	2	delong	expected	a	an	bird	echo	25	0	6.39	3.87	The tweeting in the treetops sounded like	to Melissa.	False	n/a	n/a
348.439	0.2	348439	255	filler_word	27	10	2	delong	expected	a	an	bird	echo	25	0	6.39	3.87	The tweeting in the treetops sounded like	to Melissa.	False	n/a	n/a
348.924	0.2	348924	255	filler_word	27	10	2	delong	expected	a	an	bird	echo	25	0	6.39	3.87	The tweeting in the treetops sounded like	to Melissa.	False	n/a	n/a
349.409	0.2	349409	255	filler_word	27	10	2	delong	expected	a	an	bird	echo	25	0	6.39	3.87	The tweeting in the treetops sounded like	to Melissa.	False	n/a	n/a
349.894	0.2	349894	255	filler_word	27	10	2	delong	expected	a	an	bird	echo	25	0	6.39	3.87	The tweeting in the treetops sounded like	to Melissa.	False	n/a	n/a
350.38	0.2	350380	202	an_expected	27	10	2	delong	expected	a	an	bird	echo	25	0	6.39	3.87	The tweeting in the treetops sounded like	to Melissa.	False	n/a	n/a
350.43	0.0	350430	61	cloze_marker	27	10	2	delong	expected	a	an	bird	echo	25	0	6.39	3.87	The tweeting in the treetops sounded like	to Melissa.	False	n/a	n/a
350.664	0.0	350664	113	item_marker	28	13	2	delong	expected	an	a	artist	student	61	36	5.73	5.23	On a street corner in Paris Kim had her portrait painted by	for three euros.	False	n/a	n/a
350.865	0.2	350865	205	noun_expected	28	13	2	delong	expected	an	a	artist	student	61	36	5.73	5.23	On a street corner in Paris Kim had her portrait painted by	for three euros.	False	n/a	n/a
350.915	0.0	350915	97	cloze_marker	28	13	2	delong	expected	an	a	artist	student	61	36	5.73	5.23	On a street corner in Paris Kim had her portrait painted by	for three euros.	False	n/a	n/a
351.149	0.0	351149	113	item_marker	29	13	2	delong	expected	an	a	artist	student	61	36	5.73	5.23	On a street corner in Paris Kim had her portrait painted by	for three euros.	False	n/a	n/a
351.35	0.2	351350	255	filler_word	29	13	2	delong	expected	an	a	artist	student	61	36	5.73	5.23	On a street corner in Paris Kim had her portrait painted by	for three euros.	False	n/a	n/a
351.835	0.2	351835	255	filler_word	29	13	2	delong	expected	an	a	artist	student	61	36	5.73	5.23	On a street corner in Paris Kim had her portrait painted by	for three euros.	False	n/a	n/a
352.32	0.2	352320	207	final_expected	29	13	2	delong	expected	an	a	artist	student	61	36	5.73	5.23	On a street corner in Paris Kim had her portrait painted by	for three euros.	False	n/a	n/a
357.155	0.2	357155	255	filler_word	29	13	2	delong	expected	an	a	artist	student	61	36	5.73	5.23	On a street corner in Paris Kim had her portrait painted by	for three euros.	False	n/a	n/a
357.641	0.2	357641	255	filler_word	29	13	2	delong	expected	an	a	artist	student	61	36	5.73	5.23	On a street corner in Paris Kim had her portrait painted by	for three euros.	False	n/a	n/a
358.126	0.2	358126	255	filler_word	29	13	2	delong	expected	an	a	artist	student	61	36	5.73	5.23	On a street corner in Paris Kim had her portrait painted by	for three euros.	False	n/a	n/a
358.611	0.2	358611	255	filler_word	29	13	2	delong	expected	an	a	artist	student	61	36	5.73	5.23	On a street corner in Paris Kim had her portrait painted by	for three euros.	False	n/a	n/a
359.096	0.2	359096	255	filler_word	29	13	2	delong	expected	an	a	artist	student	61	36	5.73	5.23	On a street corner in Paris Kim had her portrait painted by	for three euros.	False	n/a	n/a
359.581	0.2	359581	255	filler_word	29	13	2	delong	expected	an	a	artist	student	61	36	5.73	5.23	On a street corner in Paris Kim had her portrait painted by	for three euros.	False	n/a	n/a
360.067	0.2	360067	255	filler_word	29	13	2	delong	expected	an	a	artist	student	61	36	5.73	5.23	On a street corner in Paris Kim had her portrait painted by	for three euros.	False	n/a	n/a
360.552	0.2	360552	255	filler_word	29	13	2	delong	expected	an	a	artist	student	61	36	5.73	5.23	On a street corner in Paris Kim had her portrait painted by	for three euros.	False	n/a	n/a
361.037	0.2	361037	255	filler_word	29	13	2	delong	expected	an	a	artist	student	61	36	5.73	5.23	On a street corner in Paris Kim had her portrait painted by	for three euros.	False	n/a	n/a
361.522	0.2	361522	255	filler_word	29	13	2	delong	expected	an	a	artist	student	61	36	5.73	5.23	On a street corner in Paris Kim had her portrait painted by	for three euros.	False	n/a	n/a
362.007	0.2	362007	255	filler_word	29	13	2	delong	expected	an	a	artist	student	61	36	5.73	5.23	On a street corner in Paris Kim had her portrait painted by	for three euros.	False	n/a	n/a
362.492	0.2	362492	255	filler_word	29	13	2	delong	expected	an	a	artist	student	61	36	5.73	5.23	On a street corner in Paris Kim had her portrait painted by	for three euros.	False	n/a	n/a
362.978	0.2	362978	255	filler_word	29	13	2	delong	expected	an	a	artist	student	61	36	5.73	5.23	On a street corner in Paris Kim had her portrait painted by	for three euros.	False	n/a	n/a
363.463	0.2	363463	255	filler_word	29	13	2	delong	expected	an	a	artist	student	61	36	5.73	5.23	On a street corner in Paris Kim had her portrait painted by	for three euros.	False	n/a	n/a
363.948	0.2	363948	255	filler_word	29	13	2	delong	expected	an	a	artist	student	61	36	5.73	5.23	On a street corner in Paris Kim had her portrait painted by	for three euros.	False	n/a	n/a
364.433	0.2	364433	255	filler_word	29	13	2	delong	expected	an	a	artist	student	61	36	5.73	5.23	On a street corner in Paris Kim had her portrait painted by	for three euros.	False	n/a	n/a
364.918	0.2	364918	255	filler_word	29	13	2	delong	expected	an	a	artist	student	61	36	5.73	5.23	On a street corner in Paris Kim had her portrait painted by	for three euros.	False	n/a	n/a
365.404	0.2	365404	255	filler_word	29	13	2	delong	expected	an	a	artist	student	61	36	5.73	5.23	On a street corner in Paris Kim had her portrait painted by	for three euros.	False	n/a	n/a
365.889	0.2	365889	255	filler_word	29	13	2	delong	expected	an	a	artist	student	61	36	5.73	5.23	On a street corner in Paris Kim had her portrait painted by	for three euros.	False	n/a	n/a
366.374	0.2	366374	203	a_unexpected	29	13	2	delong	expected	an	a	artist	student	61	36	5.73	5.23	On a street corner in Paris Kim had her portrait painted by	for three euros.	False	n/a	n/a
366.424	0.0	366424	2	cloze_marker	29	13	2	delong	expected	an	a	artist	student	61	36	5.73	5.23	On a street corner in Paris Kim had her portrait painted by	for three euros.	False	n/a	n/a
366.658	0.0	366658	119	item_marker	30	19	2	delong	unexpected	an	a	affair	fight	98	2	6.52	2.07	When her husband started staying late at the office every night, Joanne began to suspect that he was having	with someone at work.	False	n/a	n/a
366.859	0.2	366859	206	noun_unexpected	30	19	2	delong	unexpected	an	a	affair	fight	98	2	6.52	2.07	When her husband started staying late at the office every night, Joanne began to suspect that he was having	with someone at work.	False	n/a	n/a
366.909	0.0	366909	200	cloze_marker	30	19	2	delong	unexpected	an	a	affair	fight	98	2	6.52	2.07	When her husband started staying late at the office every night, Joanne began to suspect that he was having	with someone at work.	False	n/a	n/a
367.144	0.0	367144	119	item_marker	31	19	2	delong	unexpected	an	a	affair	fight	98	2	6.52	2.07	When her husband started staying late at the office every night, Joanne began to suspect that he was having	with someone at work.	False	n/a	n/a
367.344	0.2	367344	255	filler_word	31	19	2	delong	unexpected	an	a	affair	fight	98	2	6.52	2.07	When her husband started staying late at the office every night, Joanne began to suspect that he was having	with someone at work.	False	n/a	n/a
367.829	0.2	367829	255	filler_word	31	19	2	delong	unexpected	an	a	affair	fight	98	2	6.52	2.07	When her husband started staying late at the office every night, Joanne began to suspect that he was having	with someone at work.	False	n/a	n/a
368.315	0.2	368315	255	filler_word	31	19	2	delong	unexpected	an	a	affair	fight	98	2	6.52	2.07	When her husband started staying late at the office every night, Joanne began to suspect that he was having	with someone at work.	False	n/a	n/a
368.8	0.2	368800	208	final_unexpected	31	19	2	delong	unexpected	an	a	affair	fight	98	2	6.52	2.07	When her husband started staying late at the office every night, Joanne began to suspect that he was having	with someone at work.	False	n/a	n/a
374.923	0.2	374923	255	filler_word	31	19	2	delong	unexpected	an	a	affair	fight	98	2	6.52	2.07	When her husband started staying late at the office every night, Joanne began to suspect that he was having	with someone at work.	False	n/a	n/a
375.408	0.2	375408	255	filler_word	31	19	2	delong	unexpected	an	a	affair	fight	98	2	6.52	2.07	When her husband started staying late at the office every night, Joanne began to suspect that he was having	with someone at work.	False	n/a	n/a
375.894	0.2	375894	255	filler_word	31	19	2	delong	unexpected	an	a	affair	fight	98	2	6.52	2.07	When her husband started staying late at the office every night, Joanne began to suspect that he was having	with someone at work.	False	n/a	n/a
376.379	0.2	376379	255	filler_word	31	19	2	delong	unexpected	an	a	affair	fight	98	2	6.52	2.07	When her husband started staying late at the office every night, Joanne began to suspect that he was having	with someone at work.	False	n/a	n/a
376.864	0.2	376864	255	filler_word	31	19	2	delong	unexpected	an	a	affair	fight	98	2	6.52	2.07	When her husband started staying late at the office every night, Joanne began to suspect that he was having	with someone at work.	False	n/a	n/a
377.349	0.2	377349	255	filler_word	31	19	2	delong	unexpected	an	a	affair	fight	98	2	6.52	2.07	When her husband started staying late at the office every night, Joanne began to suspect that he was having	with someone at work.	False	n/a	n/a
377.834	0.2	377834	255	filler_word	31	19	2	delong	unexpected	an	a	affair	fight	98	2	6.52	2.07	When her husband started staying late at the office every night, Joanne began to suspect that he was having	with someone at work.	False	n/a	n/a
378.319	0.2	378319	255	filler_word	31	19	2	delong	unexpected	an	a	affair	fight	98	2	6.52	2.07	When her husband started staying late at the office every night, Joanne began to suspect that he was having	with someone at work.	False	n/a	n/a
378.805	0.2	378805	255	filler_word	31	19	2	delong	unexpected	an	a	affair	fight	98	2	6.52	2.07	When her husband started staying late at the office every night, Joanne began to suspect that he was having	with someone at work.	False	n/a	n/a
379.29	0.2	379290	255	filler_word	31	19	2	delong	unexpected	an	a	affair	fight	98	2	6.52	2.07	When her husband started staying late at the office every night, Joanne began to suspect that he was having	with someone at work.	False	n/a	n/a
379.775	0.2	379775	255	filler_word	31	19	2	delong	unexpected	an	a	affair	fight	98	2	6.52	2.07	When her husband started staying late at the office every night, Joanne began to suspect that he was having	with someone at work.	False	n/a	n/a
380.26	0.2	380260	255	filler_word	31	19	2	delong	unexpected	an	a	affair	fight	98	2	6.52	2.07	When her husband started staying late at the office every night, Joanne began to suspect that he was having	with someone at work.	False	n/a	n/a
380.745	0.2	380745	255	filler_word	31	19	2	delong	unexpected	an	a	affair	fight	98	2	6.52	2.07	When her husband started staying late at the office every night, Joanne began to suspect that he was having	with someone at work.	False	n/a	n/a
381.231	0.2	381231	255	filler_word	31	19	2	delong	unexpected	an	a	affair	fight	98	2	6.52	2.07	When her husband started staying late at the office every night, Joanne began to suspect that he was having	with someone at work.	False	n/a	n/a
381.716	0.2	381716	255	filler_word	31	19	2	delong	unexpected	an	a	affair	fight	98	2	6.52	2.07	When her husband started staying late at the office every night, Joanne began to suspect that he was having	with someone at work.	False	n/a	n/a
382.201	0.2	382201	204	an_unexpected	31	19	2	delong	unexpected	an	a	affair	fight	98	2	6.52	2.07	When her husband started staying late at the office every night, Joanne began to suspect that he was having	with someone at work.	False	n/a	n/a
382.251	0.0	382251	200	cloze_marker	31	19	2	delong	unexpected	an	a	affair	fight	98	2	6.52	2.07	When her husband started staying late at the office every night, Joanne began to suspect that he was having	with someone at work.	False	n/a	n/a
382.485	0.0	382485	104	item_marker	32	4	2	delong	unexpected	a	an	lisp	accent	86	0	5.97	4.16	Katie did not like to say words with the letter s because she spoke with	and was embarrassed.	False	n/a	n/a
382.686	0.2	382686	206	noun_unexpected	32	4	2	delong	unexpected	a	an	lisp	accent	86	0	5.97	4.16	Katie did not like to say words with the letter s because she spoke with	and was embarrassed.	False	n/a	n/a
382.736	0.0	382736	20	cloze_marker	32	4	2	delong	unexpected	a	an	lisp	accent	86	0	5.97	4.16	Katie did not like to say words with the letter s because she spoke with	and was embarrassed.	False	n/a	n/a
382.971	0.0	382971	104	item_marker	33	4	2	delong	unexpected	a	an	lisp	accent	86	0	5.97	4.16	Katie did not like to say words with the letter s because she spoke with	and was embarrassed.	False	n/a	n/a
383.171	0.2	383171	255	filler_word	33	4	2	delong	unexpected	a	an	lisp	accent	86	0	5.97	4.16	Katie did not like to say words with the letter s because she spoke with	and was embarrassed.	False	n/a	n/a
383.656	0.2	383656	255	filler_word	33	4	2	delong	unexpected	a	an	lisp	accent	86	0	5.97	4.16	Katie did not like to say words with the letter s because she spoke with	and was embarrassed.	False	n/a	n/a
384.142	0.2	384142	208	final_unexpected	33	4	2	delong	unexpected	a	an	lisp	accent	86	0	5.97	4.16	Katie did not like to say words with the letter s because she spoke with	and was embarrassed.	False	n/a	n/a
390.499	0.2	390499	255	filler_word	33	4	2	delong	unexpected	a	an	lisp	accent	86	0	5.97	4.16	Katie did not like to say words with the letter s because she spoke with	and was embarrassed.	False	n/a	n/a
390.984	0.2	390984	255	filler_word	33	4	2	delong	unexpected	a	an	lisp	accent	86	0	5.97	4.16	Katie did not like to say words with the letter s because she spoke with	and was embarrassed.	False	n/a	n/a
391.47	0.2	391470	255	filler_word	33	4	2	delong	unexpected	a	an	lisp	accent	86	0	5.97	4.16	Katie did not like to say words with the letter s because she spoke with	and was embarrassed.	False	n/a	n/a
391.955	0.2	391955	255	filler_word	33	4	2	delong	unexpected	a	an	lisp	accent	86	0	5.97	4.16	Katie did not like to say words with the letter s because she spoke with	and was embarrassed.	False	n/a	n/a
392.44	0.2	392440	255	filler_word	33	4	2	delong	unexpected	a	an	lisp	accent	86	0	5.97	4.16	Katie did not like to say words with the letter s because she spoke with	and was embarrassed.	False	n/a	n/a
392.925	0.2	392925	255	filler_word	33	4	2	delong	unexpected	a	an	lisp	accent	86	0	5.97	4.16	Katie did not like to say words with the letter s because she spoke with	and was embarrassed.	False	n/a	n/a
393.41	0.2	393410	255	filler_word	33	4	2	delong	unexpected	a	an	lisp	accent	86	0	5.97	4.16	Katie did not like to say words with the letter s because she spoke with	and was embarrassed.	False	n/a	n/a
393.895	0.2	393895	255	filler_word	33	4	2	delong	unexpected	a	an	lisp	accent	86	0	5.97	4.16	Katie did not like to say words with the letter s because she spoke with	and was embarrassed.	False	n/a	n/a
394.381	0.2	394381	255	filler_word	33	4	2	delong	unexpected	a	an	lisp	accent	86	0	5.97	4.16	Katie did not like to say words with the letter s because she spoke with	and was embarrassed.	False	n/a	n/a
394.866	0.2	394866	255	filler_word	33	4	2	delong	unexpected	a	an	lisp	accent	86	0	5.97	4.16	Katie did not like to say words with the letter s because she spoke with	and was embarrassed.	False	n/a	n/a
395.351	0.2	395351	255	filler_word	33	4	2	delong	unexpected	a	an	lisp	accent	86	0	5.97	4.16	Katie did not like to say words with the letter s because she spoke with	and was embarrassed.	False	n/a	n/a
395.836	0.2	395836	255	filler_word	33	4	2	delong	unexpected	a	an	lisp	accent	86	0	5.97	4.16	Katie did not like to say words with the letter s because she spoke with	and was embarrassed.	False	n/a	n/a
396.321	0.2	396321	255	filler_word	33	4	2	delong	unexpected	a	an	lisp	accent	86	0	5.97	4.16	Katie did not like to say words with the letter s because she spoke with	and was embarrassed.	False	n/a	n/a
396.807	0.2	396807	255	filler_word	33	4	2	delong	unexpected	a	an	lisp	accent	86	0	5.97	4.16	Katie did not like to say words with the letter s because she spoke with	and was embarrassed.	False	n/a	n/a
397.292	0.2	397292	255	filler_word	33	4	2	delong	unexpected	a	an	lisp	accent	86	0	5.97	4.16	Katie did not like to say words with the letter s because she spoke with	and was embarrassed.	False	n/a	n/a
397.777	0.2	397777	255	filler_word	33	4	2	delong	unexpected	a	an	lisp	accent	86	0	5.97	4.16	Katie did not like to say words with the letter s because she spoke with	and was embarrassed.	False	n/a	n/a
398.262	0.2	398262	255	filler_word	33	4	2	delong	unexpected	a	an	lisp	accent	86	0	5.97	4.16	Katie did not like to say words with the letter s because she spoke with	and was embarrassed.	False	n/a	n/a
398.747	0.2	398747	255	filler_word	33	4	2	delong	unexpected	a	an	lisp	accent	86	0	5.97	4.16	Katie did not like to say words with the letter s because she spoke with	and was embarrassed.	False	n/a	n/a
399.232	0.2	399232	202	an_expected	33	4	2	delong	unexpected	a	an	lisp	accent	86	0	5.97	4.16	Katie did not like to say words with the letter s because she spoke with	and was embarrassed.	False	n/a	n/a
399.282	0.0	399282	82	cloze_marker	33	4	2	delong	unexpected	a	an	lisp	accent	86	0	5.97	4.16	Katie did not like to say words with the letter s because she spoke with	and was embarrassed.	False	n/a	n/a
399.517	0.0	399517	101	item_marker	34	1	2	delong	expected	an	a	apple	carrot	82	0	4.87	2.23	The old wives' tale says that if you want to keep the doctor away then you should eat	a day.	False	n/a	n/a
399.718	0.2	399718	205	noun_expected	34	1	2	delong	expected	an	a	apple	carrot	82	0	4.87	2.23	The old wives' tale says that if you want to keep the doctor away then you should eat	a day.	False	n/a	n/a
399.768	0.0	399768	97	cloze_marker	34	1	2	delong	expected	an	a	apple	carrot	82	0	4.87	2.23	The old wives' tale says that if you want to keep the doctor away then you should eat	a day.	False	n/a	n/a
400.002	0.0	400002	101	item_marker	35	1	2	delong	expected	an	a	apple	carrot	82	0	4.87	2.23	The old wives' tale says that if you want to keep the doctor away then you should eat	a day.	False	n/a	n/a
400.203	0.2	400203	255	filler_word	35	1	2	delong	expected	an	a	apple	carrot	82	0	4.87	2.23	The old wives' tale says that if you want to keep the doctor away then you should eat	a day.	False	n/a	n/a
400.688	0.2	400688	207	final_expected	35	1	2	delong	expected	an	a	apple	carrot	82	0	4.87	2.23	The old wives' tale says that if you want to keep the doctor away then you should eat	a day.	False	n/a	n/a
405.824	0.2	405824	255	filler_word	35	1	2	delong	expected	an	a	apple	carrot	82	0	4.87	2.23	The old wives' tale says that if you want to keep the doctor away then you should eat	a day.	False	n/a	n/a
406.309	0.2	406309	255	filler_word	35	1	2	delong	expected	an	a	apple	carrot	82	0	4.87	2.23	The old wives' tale says that if you want to keep the doctor away then you should eat	a day.	False	n/a	n/a
406.795	0.2	406795	255	filler_word	35	1	2	delong	expected	an	a	apple	carrot	82	0	4.87	2.23	The old wives' tale says that if you want to keep the doctor away then you should eat	a day.	False	n/a	n/a
407.28	0.2	407280	255	filler_word	35	1	2	delong	expected	an	a	apple	carrot	82	0	4.87	2.23	The old wives' tale says that if you want to keep the doctor away then you should eat	a day.	False	n/a	n/a
407.765	0.2	407765	255	filler_word	35	1	2	delong	expected	an	a	apple	carrot	82	0	4.87	2.23	The old wives' tale says that if you want to keep the doctor away then you should eat	a day.	False	n/a	n/a
408.25	0.2	408250	255	filler_word	35	1	2	delong	expected	an	a	apple	carrot	82	0	4.87	2.23	The old wives' tale says that if you want to keep the doctor away then you should eat	a day.	False	n/a	n/a
408.735	0.2	408735	255	filler_word	35	1	2	delong	expected	an	a	apple	carrot	82	0	4.87	2.23	The old wives' tale says that if you want to keep the doctor away then you should eat	a day.	False	n/a	n/a
409.221	0.2	409221	255	filler_word	35	1	2	delong	expected	an	a	apple	carrot	82	0	4.87	2.23	The old wives' tale says that if you want to keep the doctor away then you should eat	a day.	False	n/a	n/a
409.706	0.2	409706	255	filler_word	35	1	2	delong	expected	an	a	apple	carrot	82	0	4.87	2.23	The old wives' tale says that if you want to keep the doctor away then you should eat	a day.	False	n/a	n/a
410.191	0.2	410191	255	filler_word	35	1	2	delong	expected	an	a	apple	carrot	82	0	4.87	2.23	The old wives' tale says that if you want to keep the doctor away then you should eat	a day.	False	n/a	n/a
410.676	0.2	410676	202	an_expected	35	1	2	delong	expected	an	a	apple	carrot	82	0	4.87	2.23	The old wives' tale says that if you want to keep the doctor away then you should eat	a day.	False	n/a	n/a
410.726	0.0	410726	75	cloze_marker	35	1	2	delong	expected	an	a	apple	carrot	82	0	4.87	2.23	The old wives' tale says that if you want to keep the doctor away then you should eat	a day.	False	n/a	n/a
410.961	0.0	410961	109	item_marker	36	9	2	delong	expected	an	a	echo	bird	75	2	5.9	3.83	Surrounded by mountains, Lola shouted across the valley and heard	in the distance.	False	n/a	n/a
411.161	0.2	411161	205	noun_expected	36	9	2	delong	expected	an	a	echo	bird	75	2	5.9	3.83	Surrounded by mountains, Lola shouted across the valley and heard	in the distance.	False	n/a	n/a
411.211	0.0	411211	93	cloze_marker	36	9	2	delong	expected	an	a	echo	bird	75	2	5.9	3.83	Surrounded by mountains, Lola shouted across the valley and heard	in the distance.	False	n/a	n/a
411.446	0.0	411446	109	item_marker	37	9	2	delong	expected	an	a	echo	bird	75	2	5.9	3.83	Surrounded by mountains, Lola shouted across the valley and heard	in the distance.	False	n/a	n/a
411.646	0.2	411646	255	filler_word	37	9	2	delong	expected	an	a	echo	bird	75	2	5.9	3.83	Surrounded by mountains, Lola shouted across the valley and heard	in the distance.	False	n/a	n/a
412.132	0.2	412132	255	filler_word	37	9	2	delong	expected	an	a	echo	bird	75	2	5.9	3.83	Surrounded by mountains, Lola shouted across the valley and heard	in the distance.	False	n/a	n/a
412.617	0.2	412617	207	final_expected	37	9	2	delong	expected	an	a	echo	bird	75	2	5.9	3.83	Surrounded by mountains, Lola shouted across the valley and heard	in the distance.	False	n/a	n/a
417.218	0.2	417218	255	filler_word	37	9	2	delong	expected	an	a	echo	bird	75	2	5.9	3.83	Surrounded by mountains, Lola shouted across the valley and heard	in the distance.	False	n/a	n/a
417.703	0.2	417703	255	filler_word	37	9	2	delong	expected	an	a	echo	bird	75	2	5.9	3.83	Surrounded by mountains, Lola shouted across the valley and heard	in the distance.	False	n/a	n/a
418.188	0.2	418188	255	filler_word	37	9	2	delong	expected	an	a	echo	bird	75	2	5.9	3.83	Surrounded by mountains, Lola shouted across the valley and heard	in the distance.	False	n/a	n/a
418.673	0.2	418673	255	filler_word	37	9	2	delong	expected	an	a	echo	bird	75	2	5.9	3.83	Surrounded by mountains, Lola shouted across the valley and heard	in the distance.	False	n/a	n/a
419.158	0.2	419158	255	filler_word	37	9	2	delong	expected	an	a	echo	bird	75	2	5.9	3.83	Surrounded by mountains, Lola shouted across the valley and heard	in the distance.	False	n/a	n/a
419.644	0.2	419644	255	filler_word	37	9	2	delong	expected	an	a	echo	bird	75	2	5.9	3.83	Surrounded by mountains, Lola shouted across the valley and heard	in the distance.	False	n/a	n/a
420.129	0.2	420129	255	filler_word	37	9	2	delong	expected	an	a	echo	bird	75	2	5.9	3.83	Surrounded by mountains, Lola shouted across the valley and heard	in the distance.	False	n/a	n/a
420.614	0.2	420614	255	filler_word	37	9	2	delong	expected	an	a	echo	bird	75	2	5.9	3.83	Surrounded by mountains, Lola shouted across the valley and heard	in the distance.	False	n/a	n/a
421.099	0.2	421099	255	filler_word	37	9	2	delong	expected	an	a	echo	bird	75	2	5.9	3.83	Surrounded by mountains, Lola shouted across the valley and heard	in the distance.	False	n/a	n/a
421.584	0.2	421584	255	filler_word	37	9	2	delong	expected	an	a	echo	bird	75	2	5.9	3.83	Surrounded by mountains, Lola shouted across the valley and heard	in the distance.	False	n/a	n/a
422.07	0.2	422070	255	filler_word	37	9	2	delong	expected	an	a	echo	bird	75	2	5.9	3.83	Surrounded by mountains, Lola shouted across the valley and heard	in the distance.	False	n/a	n/a
422.555	0.2	422555	255	filler_word	37	9	2	delong	expected	an	a	echo	bird	75	2	5.9	3.83	Surrounded by mountains, Lola shouted across the valley and heard	in the distance.	False	n/a	n/a
423.04	0.2	423040	255	filler_word	37	9	2	delong	expected	an	a	echo	bird	75	2	5.9	3.83	Surrounded by mountains, Lola shouted across the valley and heard	in the distance.	False	n/a	n/a
423.525	0.2	423525	255	filler_word	37	9	2	delong	expected	an	a	echo	bird	75	2	5.9	3.83	Surrounded by mountains, Lola shouted across the valley and heard	in the distance.	False	n/a	n/a
424.01	0.2	424010	255	filler_word	37	9	2	delong	expected	an	a	echo	bird	75	2	5.9	3.83	Surrounded by mountains, Lola shouted across the valley and heard	in the distance.	False	n/a	n/a
424.495	0.2	424495	255	filler_word	37	9	2	delong	expected	an	a	echo	bird	75	2	5.9	3.83	Surrounded by mountains, Lola shouted across the valley and heard	in the distance.	False	n/a	n/a
424.981	0.2	424981	255	filler_word	37	9	2	delong	expected	an	a	echo	bird	75	2	5.9	3.83	Surrounded by mountains, Lola shouted across the valley and heard	in the distance.	False	n/a	n/a
425.466	0.2	425466	255	filler_word	37	9	2	delong	expected	an	a	echo	bird	75	2	5.9	3.83	Surrounded by mountains, Lola shouted across the valley and heard	in the distance.	False	n/a	n/a
425.951	0.2	425951	202	an_expected	37	9	2	delong	expected	an	a	echo	bird	75	2	5.9	3.83	Surrounded by mountains, Lola shouted across the valley and heard	in the distance.	False	n/a	n/a
426.001	0.0	426001	89	cloze_marker	37	9	2	delong	expected	an	a	echo	bird	75	2	5.9	3.83	Surrounded by mountains, Lola shouted across the valley and heard	in the distance.	False	n/a	n/a
426.235	0.0	426235	105	item_marker	38	5	2	delong	expected	an	a	apology	cheque	89	0	6.23	3.77	Dale was very sorry for what he had said to Bernadette and he knew that he owed her	because she was still upset.	True	Was Dale sorry?	yes
426.436	0.2	426436	205	noun_expected	38	5	2	delong	expected	an	a	apology	cheque	89	0	6.23	3.77	Dale was very sorry for what he had said to Bernadette and he knew that he owed her	because she was still upset.	True	Was Dale sorry?	yes
426.486	0.0	426486	93	cloze_marker	38	5	2	delong	expected	an	a	apology	cheque	89	0	6.23	3.77	Dale was very sorry for what he had said to Bernadette and he knew that he owed her	because she was still upset.	True	Was Dale sorry?	yes
426.721	0.0	426721	105	item_marker	39	5	2	delong	expected	an	a	apology	cheque	89	0	6.23	3.77	Dale was very sorry for what he had said to Bernadette and he knew that he owed her	because she was still upset.	True	Was Dale sorry?	yes
426.921	0.2	426921	255	filler_word	39	5	2	delong	expected	an	a	apology	cheque	89	0	6.23	3.77	Dale was very sorry for what he had said to Bernadette and he knew that he owed her	because she was still upset.	True	Was Dale sorry?	yes
427.407	0.2	427407	255	filler_word	39	5	2	delong	expected	an	a	apology	cheque	89	0	6.23	3.77	Dale was very sorry for what he had said to Bernadette and he knew that he owed her	because she was still upset.	True	Was Dale sorry?	yes
427.892	0.2	427892	255	filler_word	39	5	2	delong	expected	an	a	apology	cheque	89	0	6.23	3.77	Dale was very sorry for what he had said to Bernadette and he knew that he owed her	because she was still upset.	True	Was Dale sorry?	yes
428.377	0.2	428377	255	filler_word	39	5	2	delong	expected	an	a	apology	cheque	89	0	6.23	3.77	Dale was very sorry for what he had said to Bernadette and he knew that he owed her	because she was still upset.	True	Was Dale sorry?	yes
428.862	0.2	428862	207	final_expected	39	5	2	delong	expected	an	a	apology	cheque	89	0	6.23	3.77	Dale was very sorry for what he had said to Bernadette and he knew that he owed her	because she was still upset.	True	Was Dale sorry?	yes
444.974	0.2	444974	255	filler_word	39	5	2	delong	expected	an	a	apology	cheque	89	0	6.23	3.77	Dale was very sorry for what he had said to Bernadette and he knew that he owed her	because she was still upset.	True	Was Dale sorry?	yes
445.459	0.2	445459	255	filler_word	39	5	2	delong	expected	an	a	apology	cheque	89	0	6.23	3.77	Dale was very sorry for what he had said to Bernadette and he knew that he owed her	because she was still upset.	True	Was Dale sorry?	yes
445.944	0.2	445944	255	filler_word	39	5	2	delong	expected	an	a	apology	cheque	89	0	6.23	3.77	Dale was very sorry for what he had said to Bernadette and he knew that he owed her	because she was still upset.	True	Was Dale sorry?	yes
446.429	0.2	446429	255	filler_word	39	5	2	delong	expected	an	a	apology	cheque	89	0	6.23	3.77	Dale was very sorry for what he had said to Bernadette and he knew that he owed her	because she was still upset.	True	Was Dale sorry?	yes
446.914	0.2	446914	255	filler_word	39	5	2	delong	expected	an	a	apology	cheque	89	0	6.23	3.77	Dale was very sorry for what he had said to Bernadette and he knew that he owed her	because she was still upset.	True	Was Dale sorry?	yes
447.399	0.2	447399	255	filler_word	39	5	2	delong	expected	an	a	apology	cheque	89	0	6.23	3.77	Dale was very sorry for what he had said to Bernadette and he knew that he owed her	because she was still upset.	True	Was Dale sorry?	yes
447.885	0.2	447885	255	filler_word	39	5	2	delong	expected	an	a	apology	cheque	89	0	6.23	3.77	Dale was very sorry for what he had said to Bernadette and he knew that he owed her	because she was still upset.	True	Was Dale sorry?	yes
448.37	0.2	448370	255	filler_word	39	5	2	delong	expected	an	a	apology	cheque	89	0	6.23	3.77	Dale was very sorry for what he had said to Bernadette and he knew that he owed her	because she was still upset.	True	Was Dale sorry?	yes
448.855	0.2	448855	255	filler_word	39	5	2	delong	expected	an	a	apology	cheque	89	0	6.23	3.77	Dale was very sorry for what he had said to Bernadette and he knew that he owed her	because she was still upset.	True	Was Dale sorry?	yes
449.34	0.2	449340	255	filler_word	39	5	2	delong	expected	an	a	apology	cheque	89	0	6.23	3.77	Dale was very sorry for what he had said to Bernadette and he knew that he owed her	because she was still upset.	True	Was Dale sorry?	yes
449.825	0.2	449825	255	filler_word	39	5	2	delong	expected	an	a	apology	cheque	89	0	6.23	3.77	Dale was very sorry for what he had said to Bernadette and he knew that he owed her	because she was still upset.	True	Was Dale sorry?	yes
450.311	0.2	450311	255	filler_word	39	5	2	delong	expected	an	a	apology	cheque	89	0	6.23	3.77	Dale was very sorry for what he had said to Bernadette and he knew that he owed her	because she was still upset.	True	Was Dale sorry?	yes
450.796	0.2	450796	255	filler_word	39	5	2	delong	expected	an	a	apology	cheque	89	0	6.23	3.77	Dale was very sorry for what he had said to Bernadette and he knew that he owed her	because she was still upset.	True	Was Dale sorry?	yes
451.281	0.2	451281	202	an_expected	39	5	2	delong	expected	an	a	apology	cheque	89	0	6.23	3.77	Dale was very sorry for what he had said to Bernadette and he knew that he owed her	because she was still upset.	True	Was Dale sorry?	yes
451.331	0.0	451331	73	cloze_marker	39	5	2	delong	expected	an	a	apology	cheque	89	0	6.23	3.77	Dale was very sorry for what he had said to Bernadette and he knew that he owed her	because she was still upset.	True	Was Dale sorry?	yes
451.565	0.0	451565	133	item_marker	40	33	2	delong	expected	an	a	elephant	bicycle	73	11	6.43	4.48	The highlight of Jack's trip to India was when he got to ride	in the parade.	False	n/a	n/a
451.766	0.2	451766	205	noun_expected	40	33	2	delong	expected	an	a	elephant	bicycle	73	11	6.43	4.48	The highlight of Jack's trip to India was when he got to ride	in the parade.	False	n/a	n/a
451.816	0.0	451816	53	cloze_marker	40	33	2	delong	expected	an	a	elephant	bicycle	73	11	6.43	4.48	The highlight of Jack's trip to India was when he got to ride	in the parade.	False	n/a	n/a
452.05	0.0	452050	133	item_marker	41	33	2	delong	expected	an	a	elephant	bicycle	73	11	6.43	4.48	The highlight of Jack's trip to India was when he got to ride	in the parade.	False	n/a	n/a
452.251	0.2	452251	255	filler_word	41	33	2	delong	expected	an	a	elephant	bicycle	73	11	6.43	4.48	The highlight of Jack's trip to India was when he got to ride	in the parade.	False	n/a	n/a
452.736	0.2	452736	255	filler_word	41	33	2	delong	expected	an	a	elephant	bicycle	73	11	6.43	4.48	The highlight of Jack's trip to India was when he got to ride	in the parade.	False	n/a	n/a
453.222	0.2	453222	207	final_expected	41	33	2	delong	expected	an	a	elephant	bicycle	73	11	6.43	4.48	The highlight of Jack's trip to India was when he got to ride	in the parade.	False	n/a	n/a
456.116	0.2	456116	255	filler_word	41	33	2	delong	expected	an	a	elephant	bicycle	73	11	6.43	4.48	The highlight of Jack's trip to India was when he got to ride	in the parade.	False	n/a	n/a
456.601	0.2	456601	255	filler_word	41	33	2	delong	expected	an	a	elephant	bicycle	73	11	6.43	4.48	The highlight of Jack's trip to India was when he got to ride	in the parade.	False	n/a	n/a
457.086	0.2	457086	255	filler_word	41	33	2	delong	expected	an	a	elephant	bicycle	73	11	6.43	4.48	The highlight of Jack's trip to India was when he got to ride	in the parade.	False	n/a	n/a
457.572	0.2	457572	255	filler_word	41	33	2	delong	expected	an	a	elephant	bicycle	73	11	6.43	4.48	The highlight of Jack's trip to India was when he got to ride	in the parade.	False	n/a	n/a
458.057	0.2	458057	255	filler_word	41	33	2	delong	expected	an	a	elephant	bicycle	73	11	6.43	4.48	The highlight of Jack's trip to India was when he got to ride	in the parade.	False	n/a	n/a
458.542	0.2	458542	255	filler_word	41	33	2	delong	expected	an	a	elephant	bicycle	73	11	6.43	4.48	The highlight of Jack's trip to India was when he got to ride	in the parade.	False	n/a	n/a
459.027	0.2	459027	255	filler_word	41	33	2	delong	expected	an	a	elephant	bicycle	73	11	6.43	4.48	The highlight of Jack's trip to India was when he got to ride	in the parade.	False	n/a	n/a
459.512	0.2	459512	255	filler_word	41	33	2	delong	expected	an	a	elephant	bicycle	73	11	6.43	4.48	The highlight of Jack's trip to India was when he got to ride	in the parade.	False	n/a	n/a
459.997	0.2	459997	255	filler_word	41	33	2	delong	expected	an	a	elephant	bicycle	73	11	6.43	4.48	The highlight of Jack's trip to India was when he got to ride	in the parade.	False	n/a	n/a
460.483	0.2	460483	255	filler_word	41	33	2	delong	expected	an	a	elephant	bicycle	73	11	6.43	4.48	The highlight of Jack's trip to India was when he got to ride	in the parade.	False	n/a	n/a
460.968	0.2	460968	255	filler_word	41	33	2	delong	expected	an	a	elephant	bicycle	73	11	6.43	4.48	The highlight of Jack's trip to India was when he got to ride	in the parade.	False	n/a	n/a
461.453	0.2	461453	255	filler_word	41	33	2	delong	expected	an	a	elephant	bicycle	73	11	6.43	4.48	The highlight of Jack's trip to India was when he got to ride	in the parade.	False	n/a	n/a
461.938	0.2	461938	255	filler_word	41	33	2	delong	expected	an	a	elephant	bicycle	73	11	6.43	4.48	The highlight of Jack's trip to India was when he got to ride	in the parade.	False	n/a	n/a
462.423	0.2	462423	255	filler_word	41	33	2	delong	expected	an	a	elephant	bicycle	73	11	6.43	4.48	The highlight of Jack's trip to India was when he got to ride	in the parade.	False	n/a	n/a
462.909	0.2	462909	255	filler_word	41	33	2	delong	expected	an	a	elephant	bicycle	73	11	6.43	4.48	The highlight of Jack's trip to India was when he got to ride	in the parade.	False	n/a	n/a
463.394	0.2	463394	255	filler_word	41	33	2	delong	expected	an	a	elephant	bicycle	73	11	6.43	4.48	The highlight of Jack's trip to India was when he got to ride	in the parade.	False	n/a	n/a
463.879	0.2	463879	255	filler_word	41	33	2	delong	expected	an	a	elephant	bicycle	73	11	6.43	4.48	The highlight of Jack's trip to India was when he got to ride	in the parade.	False	n/a	n/a
464.364	0.2	464364	255	filler_word	41	33	2	delong	expected	an	a	elephant	bicycle	73	11	6.43	4.48	The highlight of Jack's trip to India was when he got to ride	in the parade.	False	n/a	n/a
464.849	0.2	464849	255	filler_word	41	33	2	delong	expected	an	a	elephant	bicycle	73	11	6.43	4.48	The highlight of Jack's trip to India was when he got to ride	in the parade.	False	n/a	n/a
465.334	0.2	465334	255	filler_word	41	33	2	delong	expected	an	a	elephant	bicycle	73	11	6.43	4.48	The highlight of Jack's trip to India was when he got to ride	in the parade.	False	n/a	n/a
465.82	0.2	465820	255	filler_word	41	33	2	delong	expected	an	a	elephant	bicycle	73	11	6.43	4.48	The highlight of Jack's trip to India was when he got to ride	in the parade.	False	n/a	n/a
466.305	0.2	466305	255	filler_word	41	33	2	delong	expected	an	a	elephant	bicycle	73	11	6.43	4.48	The highlight of Jack's trip to India was when he got to ride	in the parade.	False	n/a	n/a
466.79	0.2	466790	202	an_expected	41	33	2	delong	expected	an	a	elephant	bicycle	73	11	6.43	4.48	The highlight of Jack's trip to India was when he got to ride	in the parade.	False	n/a	n/a
466.84	0.0	466840	59	cloze_marker	41	33	2	delong	expected	an	a	elephant	bicycle	73	11	6.43	4.48	The highlight of Jack's trip to India was when he got to ride	in the parade.	False	n/a	n/a
467.074	0.0	467074	125	item_marker	42	25	2	delong	expected	an	a	iron	hanger	59	2	6.27	4.48	Charlie's wife told him that she was tired of pressing his shirts and that he would have to learn how to use	one of these days.	False	n/a	n/a
467.275	0.2	467275	205	noun_expected	42	25	2	delong	expected	an	a	iron	hanger	59	2	6.27	4.48	Charlie's wife told him that she was tired of pressing his shirts and that he would have to learn how to use	one of these days.	False	n/a	n/a
467.325	0.0	467325	97	cloze_marker	42	25	2	delong	expected	an	a	iron	hanger	59	2	6.27	4.48	Charlie's wife told him that she was tired of pressing his shirts and that he would have to learn how to use	one of these days.	False	n/a	n/a
467.56	0.0	467560	125	item_marker	43	25	2	delong	expected	an	a	iron	hanger	59	2	6.27	4.48	Charlie's wife told him that she was tired of pressing his shirts and that he would have to learn how to use	one of these days.	False	n/a	n/a
467.76	0.2	467760	255	filler_word	43	25	2	delong	expected	an	a	iron	hanger	59	2	6.27	4.48	Charlie's wife told him that she was tired of pressing his shirts and that he would have to learn how to use	one of these days.	False	n/a	n/a
468.246	0.2	468246	255	filler_word	43	25	2	delong	expected	an	a	iron	hanger	59	2	6.27	4.48	Charlie's wife told him that she was tired of pressing his shirts and that he would have to learn how to use	one of these days.	False	n/a	n/a
468.731	0.2	468731	255	filler_word	43	25	2	delong	expected	an	a	iron	hanger	59	2	6.27	4.48	Charlie's wife told him that she was tired of pressing his shirts and that he would have to learn how to use	one of these days.	False	n/a	n/a
469.216	0.2	469216	207	final_expected	43	25	2	delong	expected	an	a	iron	hanger	59	2	6.27	4.48	Charlie's wife told him that she was tired of pressing his shirts and that he would have to learn how to use	one of these days.	False	n/a	n/a
473.164	0.2	473164	255	filler_word	43	25	2	delong	expected	an	a	iron	hanger	59	2	6.27	4.48	Charlie's wife told him that she was tired of pressing his shirts and that he would have to learn how to use	one of these days.	False	n/a	n/a
473.649	0.2	473649	255	filler_word	43	25	2	delong	expected	an	a	iron	hanger	59	2	6.27	4.48	Charlie's wife told him that she was tired of pressing his shirts and that he would have to learn how to use	one of these days.	False	n/a	n/a
474.135	0.2	474135	255	filler_word	43	25	2	delong	expected	an	a	iron	hanger	59	2	6.27	4.48	Charlie's wife told him that she was tired of pressing his shirts and that he would have to learn how to use	one of these days.	False	n/a	n/a
474.62	0.2	474620	255	filler_word	43	25	2	delong	expected	an	a	iron	hanger	59	2	6.27	4.48	Charlie's wife told him that she was tired of pressing his shirts and that he would have to learn how to use	one of these days.	False	n/a	n/a
475.105	0.2	475105	255	filler_word	43	25	2	delong	expected	an	a	iron	hanger	59	2	6.27	4.48	Charlie's wife told him that she was tired of pressing his shirts and that he would have to learn how to use	one of these days.	False	n/a	n/a
475.59	0.2	475590	255	filler_word	43	25	2	delong	expected	an	a	iron	hanger	59	2	6.27	4.48	Charlie's wife told him that she was tired of pressing his shirts and that he would have to learn how to use	one of these days.	False	n/a	n/a
476.075	0.2	476075	255	filler_word	43	25	2	delong	expected	an	a	iron	hanger	59	2	6.27	4.48	Charlie's wife told him that she was tired of pressing his shirts and that he would have to learn how to use	one of these days.	False	n/a	n/a
476.561	0.2	476561	255	filler_word	43	25	2	delong	expected	an	a	iron	hanger	59	2	6.27	4.48	Charlie's wife told him that she was tired of pressing his shirts and that he would have to learn how to use	one of these days.	False	n/a	n/a
477.046	0.2	477046	255	filler_word	43	25	2	delong	expected	an	a	iron	hanger	59	2	6.27	4.48	Charlie's wife told him that she was tired of pressing his shirts and that he would have to learn how to use	one of these days.	False	n/a	n/a
477.531	0.2	477531	255	filler_word	43	25	2	delong	expected	an	a	iron	hanger	59	2	6.27	4.48	Charlie's wife told him that she was tired of pressing his shirts and that he would have to learn how to use	one of these days.	False	n/a	n/a
478.016	0.2	478016	255	filler_word	43	25	2	delong	expected	an	a	iron	hanger	59	2	6.27	4.48	Charlie's wife told him that she was tired of pressing his shirts and that he would have to learn how to use	one of these days.	False	n/a	n/a
478.501	0.2	478501	255	filler_word	43	25	2	delong	expected	an	a	iron	hanger	59	2	6.27	4.48	Charlie's wife told him that she was tired of pressing his shirts and that he would have to learn how to use	one of these days.	False	n/a	n/a
478.986	0.2	478986	255	filler_word	43	25	2	delong	expected	an	a	iron	hanger	59	2	6.27	4.48	Charlie's wife told him that she was tired of pressing his shirts and that he would have to learn how to use	one of these days.	False	n/a	n/a
479.472	0.2	479472	255	filler_word	43	25	2	delong	expected	an	a	iron	hanger	59	2	6.27	4.48	Charlie's wife told him that she was tired of pressing his shirts and that he would have to learn how to use	one of these days.	False	n/a	n/a
479.957	0.2	479957	255	filler_word	43	25	2	delong	expected	an	a	iron	hanger	59	2	6.27	4.48	Charlie's wife told him that she was tired of pressing his shirts and that he would have to learn how to use	one of these days.	False	n/a	n/a
480.442	0.2	480442	255	filler_word	43	25	2	delong	expected	an	a	iron	hanger	59	2	6.27	4.48	Charlie's wife told him that she was tired of pressing his shirts and that he would have to learn how to use	one of these days.	False	n/a	n/a
480.927	0.2	480927	204	an_unexpected	43	25	2	delong	expected	an	a	iron	hanger	59	2	6.27	4.48	Charlie's wife told him that she was tired of pressing his shirts and that he would have to learn how to use	one of these days.	False	n/a	n/a
480.977	0.0	480977	200	cloze_marker	43	25	2	delong	expected	an	a	iron	hanger	59	2	6.27	4.48	Charlie's wife told him that she was tired of pressing his shirts and that he would have to learn how to use	one of these days.	False	n/a	n/a
481.212	0.0	481212	132	item_marker	44	32	2	delong	unexpected	a	an	message	invitation	64	0	5.7	4.1	When I called his house Nolan was not home but his mother said she could relay	to him.	False	n/a	n/a
481.412	0.2	481412	206	noun_unexpected	44	32	2	delong	unexpected	a	an	message	invitation	64	0	5.7	4.1	When I called his house Nolan was not home but his mother said she could relay	to him.	False	n/a	n/a
481.462	0.0	481462	3	cloze_marker	44	32	2	delong	unexpected	a	an	message	invitation	64	0	5.7	4.1	When I called his house Nolan was not home but his mother said she could relay	to him.	False	n/a	n/a
481.697	0.0	481697	132	item_marker	45	32	2	delong	unexpected	a	an	message	invitation	64	0	5.7	4.1	When I called his house Nolan was not home but his mother said she could relay	to him.	False	n/a	n/a
481.898	0.2	481898	255	filler_word	45	32	2	delong	unexpected	a	an	message	invitation	64	0	5.7	4.1	When I called his house Nolan was not home but his mother said she could relay	to him.	False	n/a	n/a
482.383	0.2	482383	208	final_unexpected	45	32	2	delong	unexpected	a	an	message	invitation	64	0	5.7	4.1	When I called his house Nolan was not home but his mother said she could relay	to him.	False	n/a	n/a
488.205	0.2	488205	255	filler_word	45	32	2	delong	unexpected	a	an	message	invitation	64	0	5.7	4.1	When I called his house Nolan was not home but his mother said she could relay	to him.	False	n/a	n/a
488.69	0.2	488690	255	filler_word	45	32	2	delong	unexpected	a	an	message	invitation	64	0	5.7	4.1	When I called his house Nolan was not home but his mother said she could relay	to him.	False	n/a	n/a
489.175	0.2	489175	255	filler_word	45	32	2	delong	unexpected	a	an	message	invitation	64	0	5.7	4.1	When I called his house Nolan was not home but his mother said she could relay	to him.	False	n/a	n/a
489.66	0.2	489660	255	filler_word	45	32	2	delong	unexpected	a	an	message	invitation	64	0	5.7	4.1	When I called his house Nolan was not home but his mother said she could relay	to him.	False	n/a	n/a
490.146	0.2	490146	255	filler_word	45	32	2	delong	unexpected	a	an	message	invitation	64	0	5.7	4.1	When I called his house Nolan was not home but his mother said she could relay	to him.	False	n/a	n/a
490.631	0.2	490631	255	filler_word	45	32	2	delong	unexpected	a	an	message	invitation	64	0	5.7	4.1	When I called his house Nolan was not home but his mother said she could relay	to him.	False	n/a	n/a
491.116	0.2	491116	255	filler_word	45	32	2	delong	unexpected	a	an	message	invitation	64	0	5.7	4.1	When I called his house Nolan was not home but his mother said she could relay	to him.	False	n/a	n/a
491.601	0.2	491601	255	filler_word	45	32	2	delong	unexpected	a	an	message	invitation	64	0	5.7	4.1	When I called his house Nolan was not home but his mother said she could relay	to him.	False	n/a	n/a
492.086	0.2	492086	255	filler_word	45	32	2	delong	unexpected	a	an	message	invitation	64	0	5.7	4.1	When I called his house Nolan was not home but his mother said she could relay	to him.	False	n/a	n/a
492.572	0.2	492572	255	filler_word	45	32	2	delong	unexpected	a	an	message	invitation	64	0	5.7	4.1	When I called his house Nolan was not home but his mother said she could relay	to him.	False	n/a	n/a
493.057	0.2	493057	255	filler_word	45	32	2	delong	unexpected	a	an	message	invitation	64	0	5.7	4.1	When I called his house Nolan was not home but his mother said she could relay	to him.	False	n/a	n/a
493.542	0.2	493542	255	filler_word	45	32	2	delong	unexpected	a	an	message	invitation	64	0	5.7	4.1	When I called his house Nolan was not home but his mother said she could relay	to him.	False	n/a	n/a
494.027	0.2	494027	255	filler_word	45	32	2	delong	unexpected	a	an	message	invitation	64	0	5.7	4.1	When I called his house Nolan was not home but his mother said she could relay	to him.	False	n/a	n/a
494.512	0.2	494512	255	filler_word	45	32	2	delong	unexpected	a	an	message	invitation	64	0	5.7	4.1	When I called his house Nolan was not home but his mother said she could relay	to him.	False	n/a	n/a
494.997	0.2	494997	255	filler_word	45	32	2	delong	unexpected	a	an	message	invitation	64	0	5.7	4.1	When I called his house Nolan was not home but his mother said she could relay	to him.	False	n/a	n/a
495.483	0.2	495483	203	a_unexpected	45	32	2	delong	unexpected	a	an	message	invitation	64	0	5.7	4.1	When I called his house Nolan was not home but his mother said she could relay	to him.	False	n/a	n/a
495.533	0.0	495533	27	cloze_marker	45	32	2	delong	unexpected	a	an	message	invitation	64	0	5.7	4.1	When I called his house Nolan was not home but his mother said she could relay	to him.	False	n/a	n/a
495.767	0.0	495767	127	item_marker	46	27	2	delong	unexpected	an	a	accident	race	70	27	5.45	2.3	No matter how safely you drive your car chances are someday you'll be involved in	with another vehicle.	False	n/a	n/a
495.968	0.2	495968	206	noun_unexpected	46	27	2	delong	unexpected	an	a	accident	race	70	27	5.45	2.3	No matter how safely you drive your car chances are someday you'll be involved in	with another vehicle.	False	n/a	n/a
496.018	0.0	496018	200	cloze_marker	46	27	2	delong	unexpected	an	a	accident	race	70	27	5.45	2.3	No matter how safely you drive your car chances are someday you'll be involved in	with another vehicle.	False	n/a	n/a
496.252	0.0	496252	127	item_marker	47	27	2	delong	unexpected	an	a	accident	race	70	27	5.45	2.3	No matter how safely you drive your car chances are someday you'll be involved in	with another vehicle.	False	n/a	n/a
496.453	0.2	496453	255	filler_word	47	27	2	delong	unexpected	an	a	accident	race	70	27	5.45	2.3	No matter how safely you drive your car chances are someday you'll be involved in	with another vehicle.	False	n/a	n/a
496.938	0.2	496938	255	filler_word	47	27	2	delong	unexpected	an	a	accident	race	70	27	5.45	2.3	No matter how safely you drive your car chances are someday you'll be involved in	with another vehicle.	False	n/a	n/a
497.423	0.2	497423	208	final_unexpected	47	27	2	delong	unexpected	an	a	accident	race	70	27	5.45	2.3	No matter how safely you drive your car chances are someday you'll be involved in	with another vehicle.	False	n/a	n/a
501.138	0.2	501138	255	filler_word	47	27	2	delong	unexpected	an	a	accident	race	70	27	5.45	2.3	No matter how safely you drive your car chances are someday you'll be involved in	with another vehicle.	False	n/a	n/a
501.623	0.2	501623	255	filler_word	47	27	2	delong	unexpected	an	a	accident	race	70	27	5.45	2.3	No matter how safely you drive your car chances are someday you'll be involved in	with another vehicle.	False	n/a	n/a
502.108	0.2	502108	255	filler_word	47	27	2	delong	unexpected	an	a	accident	race	70	27	5.45	2.3	No matter how safely you drive your car chances are someday you'll be involved in	with another vehicle.	False	n/a	n/a
502.593	0.2	502593	255	filler_word	47	27	2	delong	unexpected	an	a	accident	race	70	27	5.45	2.3	No matter how safely you drive your car chances are someday you'll be involved in	with another vehicle.	False	n/a	n/a
503.078	0.2	503078	255	filler_word	47	27	2	delong	unexpected	an	a	accident	race	70	27	5.45	2.3	No matter how safely you drive your car chances are someday you'll be involved in	with another vehicle.	False	n/a	n/a
503.563	0.2	503563	255	filler_word	47	27	2	delong	unexpected	an	a	accident	race	70	27	5.45	2.3	No matter how safely you drive your car chances are someday you'll be involved in	with another vehicle.	False	n/a	n/a
504.049	0.2	504049	255	filler_word	47	27	2	delong	unexpected	an	a	accident	race	70	27	5.45	2.3	No matter how safely you drive your car chances are someday you'll be involved in	with another vehicle.	False	n/a	n/a
504.534	0.2	504534	255	filler_word	47	27	2	delong	unexpected	an	a	accident	race	70	27	5.45	2.3	No matter how safely you drive your car chances are someday you'll be involved in	with another vehicle.	False	n/a	n/a
505.019	0.2	505019	255	filler_word	47	27	2	delong	unexpected	an	a	accident	race	70	27	5.45	2.3	No matter how safely you drive your car chances are someday you'll be involved in	with another vehicle.	False	n/a	n/a
505.504	0.2	505504	255	filler_word	47	27	2	delong	unexpected	an	a	accident	race	70	27	5.45	2.3	No matter how safely you drive your car chances are someday you'll be involved in	with another vehicle.	False	n/a	n/a
505.989	0.2	505989	255	filler_word	47	27	2	delong	unexpected	an	a	accident	race	70	27	5.45	2.3	No matter how safely you drive your car chances are someday you'll be involved in	with another vehicle.	False	n/a	n/a
506.475	0.2	506475	255	filler_word	47	27	2	delong	unexpected	an	a	accident	race	70	27	5.45	2.3	No matter how safely you drive your car chances are someday you'll be involved in	with another vehicle.	False	n/a	n/a
506.96	0.2	506960	255	filler_word	47	27	2	delong	unexpected	an	a	accident	race	70	27	5.45	2.3	No matter how safely you drive your car chances are someday you'll be involved in	with another vehicle.	False	n/a	n/a
507.445	0.2	507445	255	filler_word	47	27	2	delong	unexpected	an	a	accident	race	70	27	5.45	2.3	No matter how safely you drive your car chances are someday you'll be involved in	with another vehicle.	False	n/a	n/a
507.93	0.2	507930	255	filler_word	47	27	2	delong	unexpected	an	a	accident	race	70	27	5.45	2.3	No matter how safely you drive your car chances are someday you'll be involved in	with another vehicle.	False	n/a	n/a
508.415	0.2	508415	255	filler_word	47	27	2	delong	unexpected	an	a	accident	race	70	27	5.45	2.3	No matter how safely you drive your car chances are someday you'll be involved in	with another vehicle.	False	n/a	n/a
508.9	0.2	508900	255	filler_word	47	27	2	delong	unexpected	an	a	accident	race	70	27	5.45	2.3	No matter how safely you drive your car chances are someday you'll be involved in	with another vehicle.	False	n/a	n/a
509.386	0.2	509386	255	filler_word	47	27	2	delong	unexpected	an	a	accident	race	70	27	5.45	2.3	No matter how safely you drive your car chances are someday you'll be involved in	with another vehicle.	False	n/a	n/a
509.871	0.2	509871	255	filler_word	47	27	2	delong	unexpected	an	a	accident	race	70	27	5.45	2.3	No matter how safely you drive your car chances are someday you'll be involved in	with another vehicle.	False	n/a	n/a
510.356	0.2	510356	255	filler_word	47	27	2	delong	unexpected	an	a	accident	race	70	27	5.45	2.3	No matter how safely you drive your car chances are someday you'll be involved in	with another vehicle.	False	n/a	n/a
510.841	0.2	510841	255	filler_word	47	27	2	delong	unexpected	an	a	accident	race	70	27	5.45	2.3	No matter how safely you drive your car chances are someday you'll be involved in	with another vehicle.	False	n/a	n/a
511.326	0.2	511326	255	filler_word	47	27	2	delong	unexpected	an	a	accident	race	70	27	5.45	2.3	No matter how safely you drive your car chances are someday you'll be involved in	with another vehicle.	False	n/a	n/a
511.812	0.2	511812	204	an_unexpected	47	27	2	delong	unexpected	an	a	accident	race	70	27	5.45	2.3	No matter how safely you drive your car chances are someday you'll be involved in	with another vehicle.	False	n/a	n/a
511.861	0.0	511861	36	cloze_marker	47	27	2	delong	unexpected	an	a	accident	race	70	27	5.45	2.3	No matter how safely you drive your car chances are someday you'll be involved in	with another vehicle.	False	n/a	n/a
512.096	0.0	512096	128	item_marker	48	28	2	delong	unexpected	a	an	race	accident	61	36	5.42	3.2	When we saw the finish line and the pylons sectioning off part of the road we knew that there must have been	earlier that day.	False	n/a	n/a
512.297	0.2	512297	206	noun_unexpected	48	28	2	delong	unexpected	a	an	race	accident	61	36	5.42	3.2	When we saw the finish line and the pylons sectioning off part of the road we knew that there must have been	earlier that day.	False	n/a	n/a
512.347	0.0	512347	67	cloze_marker	48	28	2	delong	unexpected	a	an	race	accident	61	36	5.42	3.2	When we saw the finish line and the pylons sectioning off part of the road we knew that there must have been	earlier that day.	False	n/a	n/a
512.581	0.0	512581	128	item_marker	49	28	2	delong	unexpected	a	an	race	accident	61	36	5.42	3.2	When we saw the finish line and the pylons sectioning off part of the road we knew that there must have been	earlier that day.	False	n/a	n/a
512.782	0.2	512782	255	filler_word	49	28	2	delong	unexpected	a	an	race	accident	61	36	5.42	3.2	When we saw the finish line and the pylons sectioning off part of the road we knew that there must have been	earlier that day.	False	n/a	n/a
513.267	0.2	513267	255	filler_word	49	28	2	delong	unexpected	a	an	race	accident	61	36	5.42	3.2	When we saw the finish line and the pylons sectioning off part of the road we knew that there must have been	earlier that day.	False	n/a	n/a
513.752	0.2	513752	208	final_unexpected	49	28	2	delong	unexpected	a	an	race	accident	61	36	5.42	3.2	When we saw the finish line and the pylons sectioning off part of the road we knew that there must have been	earlier that day.	False	n/a	n/a
518.403	0.2	518403	255	filler_word	49	28	2	delong	unexpected	a	an	race	accident	61	36	5.42	3.2	When we saw the finish line and the pylons sectioning off part of the road we knew that there must have been	earlier that day.	False	n/a	n/a
518.889	0.2	518889	255	filler_word	49	28	2	delong	unexpected	a	an	race	accident	61	36	5.42	3.2	When we saw the finish line and the pylons sectioning off part of the road we knew that there must have been	earlier that day.	False	n/a	n/a
519.374	0.2	519374	255	filler_word	49	28	2	delong	unexpected	a	an	race	accident	61	36	5.42	3.2	When we saw the finish line and the pylons sectioning off part of the road we knew that there must have been	earlier that day.	False	n/a	n/a
519.859	0.2	519859	255	filler_word	49	28	2	delong	unexpected	a	an	race	accident	61	36	5.42	3.2	When we saw the finish line and the pylons sectioning off part of the road we knew that there must have been	earlier that day.	False	n/a	n/a
520.344	0.2	520344	255	filler_word	49	28	2	delong	unexpected	a	an	race	accident	61	36	5.42	3.2	When we saw the finish line and the pylons sectioning off part of the road we knew that there must have been	earlier that day.	False	n/a	n/a
520.829	0.2	520829	255	filler_word	49	28	2	delong	unexpected	a	an	race	accident	61	36	5.42	3.2	When we saw the finish line and the pylons sectioning off part of the road we knew that there must have been	earlier that day.	False	n/a	n/a
521.314	0.2	521314	255	filler_word	49	28	2	delong	unexpected	a	an	race	accident	61	36	5.42	3.2	When we saw the finish line and the pylons sectioning off part of the road we knew that there must have been	earlier that day.	False	n/a	n/a
521.8	0.2	521800	255	filler_word	49	28	2	delong	unexpected	a	an	race	accident	61	36	5.42	3.2	When we saw the finish line and the pylons sectioning off part of the road we knew that there must have been	earlier that day.	False	n/a	n/a
522.285	0.2	522285	255	filler_word	49	28	2	delong	unexpected	a	an	race	accident	61	36	5.42	3.2	When we saw the finish line and the pylons sectioning off part of the road we knew that there must have been	earlier that day.	False	n/a	n/a
522.77	0.2	522770	255	filler_word	49	28	2	delong	unexpected	a	an	race	accident	61	36	5.42	3.2	When we saw the finish line and the pylons sectioning off part of the road we knew that there must have been	earlier that day.	False	n/a	n/a
523.255	0.2	523255	255	filler_word	49	28	2	delong	unexpected	a	an	race	accident	61	36	5.42	3.2	When we saw the finish line and the pylons sectioning off part of the road we knew that there must have been	earlier that day.	False	n/a	n/a
523.74	0.2	523740	255	filler_word	49	28	2	delong	unexpected	a	an	race	accident	61	36	5.42	3.2	When we saw the finish line and the pylons sectioning off part of the road we knew that there must have been	earlier that day.	False	n/a	n/a
524.226	0.2	524226	255	filler_word	49	28	2	delong	unexpected	a	an	race	accident	61	36	5.42	3.2	When we saw the finish line and the pylons sectioning off part of the road we knew that there must have been	earlier that day.	False	n/a	n/a
524.711	0.2	524711	203	a_unexpected	49	28	2	delong	unexpected	a	an	race	accident	61	36	5.42	3.2	When we saw the finish line and the pylons sectioning off part of the road we knew that there must have been	earlier that day.	False	n/a	n/a
524.761	0.0	524761	5	cloze_marker	49	28	2	delong	unexpected	a	an	race	accident	61	36	5.42	3.2	When we saw the finish line and the pylons sectioning off part of the road we knew that there must have been	earlier that day.	False	n/a	n/a
524.995	0.0	524995	135	item_marker	50	35	2	delong	unexpected	an	a	umbrella	newspaper	93	5	6.29	2.3	Because it frequently rains in London it's a good idea to always carry	with you.	False	n/a	n/a
525.196	0.2	525196	206	noun_unexpected	50	35	2	delong	unexpected	an	a	umbrella	newspaper	93	5	6.29	2.3	Because it frequently rains in London it's a good idea to always carry	with you.	False	n/a	n/a
525.246	0.0	525246	200	cloze_marker	50	35	2	delong	unexpected	an	a	umbrella	newspaper	93	5	6.29	2.3	Because it frequently rains in London it's a good idea to always carry	with you.	False	n/a	n/a
525.48	0.0	525480	135	item_marker	51	35	2	delong	unexpected	an	a	umbrella	newspaper	93	5	6.29	2.3	Because it frequently rains in London it's a good idea to always carry	with you.	False	n/a	n/a
525.681	0.2	525681	255	filler_word	51	35	2	delong	unexpected	an	a	umbrella	newspaper	93	5	6.29	2.3	Because it frequently rains in London it's a good idea to always carry	with you.	False	n/a	n/a
526.166	0.2	526166	208	final_unexpected	51	35	2	delong	unexpected	an	a	umbrella	newspaper	93	5	6.29	2.3	Because it frequently rains in London it's a good idea to always carry	with you.	False	n/a	n/a
529.362	0.2	529362	255	filler_word	51	35	2	delong	unexpected	an	a	umbrella	newspaper	93	5	6.29	2.3	Because it frequently rains in London it's a good idea to always carry	with you.	False	n/a	n/a
529.847	0.2	529847	255	filler_word	51	35	2	delong	unexpected	an	a	umbrella	newspaper	93	5	6.29	2.3	Because it frequently rains in London it's a good idea to always carry	with you.	False	n/a	n/a
530.332	0.2	530332	255	filler_word	51	35	2	delong	unexpected	an	a	umbrella	newspaper	93	5	6.29	2.3	Because it frequently rains in London it's a good idea to always carry	with you.	False	n/a	n/a
530.817	0.2	530817	255	filler_word	51	35	2	delong	unexpected	an	a	umbrella	newspaper	93	5	6.29	2.3	Because it frequently rains in London it's a good idea to always carry	with you.	False	n/a	n/a
531.303	0.2	531303	255	filler_word	51	35	2	delong	unexpected	an	a	umbrella	newspaper	93	5	6.29	2.3	Because it frequently rains in London it's a good idea to always carry	with you.	False	n/a	n/a
531.788	0.2	531788	255	filler_word	51	35	2	delong	unexpected	an	a	umbrella	newspaper	93	5	6.29	2.3	Because it frequently rains in London it's a good idea to always carry	with you.	False	n/a	n/a
532.273	0.2	532273	255	filler_word	51	35	2	delong	unexpected	an	a	umbrella	newspaper	93	5	6.29	2.3	Because it frequently rains in London it's a good idea to always carry	with you.	False	n/a	n/a
532.758	0.2	532758	255	filler_word	51	35	2	delong	unexpected	an	a	umbrella	newspaper	93	5	6.29	2.3	Because it frequently rains in London it's a good idea to always carry	with you.	False	n/a	n/a
533.243	0.2	533243	255	filler_word	51	35	2	delong	unexpected	an	a	umbrella	newspaper	93	5	6.29	2.3	Because it frequently rains in London it's a good idea to always carry	with you.	False	n/a	n/a
533.728	0.2	533728	255	filler_word	51	35	2	delong	unexpected	an	a	umbrella	newspaper	93	5	6.29	2.3	Because it frequently rains in London it's a good idea to always carry	with you.	False	n/a	n/a
534.214	0.2	534214	255	filler_word	51	35	2	delong	unexpected	an	a	umbrella	newspaper	93	5	6.29	2.3	Because it frequently rains in London it's a good idea to always carry	with you.	False	n/a	n/a
534.699	0.2	534699	255	filler_word	51	35	2	delong	unexpected	an	a	umbrella	newspaper	93	5	6.29	2.3	Because it frequently rains in London it's a good idea to always carry	with you.	False	n/a	n/a
535.184	0.2	535184	255	filler_word	51	35	2	delong	unexpected	an	a	umbrella	newspaper	93	5	6.29	2.3	Because it frequently rains in London it's a good idea to always carry	with you.	False	n/a	n/a
535.669	0.2	535669	255	filler_word	51	35	2	delong	unexpected	an	a	umbrella	newspaper	93	5	6.29	2.3	Because it frequently rains in London it's a good idea to always carry	with you.	False	n/a	n/a
536.154	0.2	536154	255	filler_word	51	35	2	delong	unexpected	an	a	umbrella	newspaper	93	5	6.29	2.3	Because it frequently rains in London it's a good idea to always carry	with you.	False	n/a	n/a
536.64	0.2	536640	255	filler_word	51	35	2	delong	unexpected	an	a	umbrella	newspaper	93	5	6.29	2.3	Because it frequently rains in London it's a good idea to always carry	with you.	False	n/a	n/a
537.125	0.2	537125	201	a_expected	51	35	2	delong	unexpected	an	a	umbrella	newspaper	93	5	6.29	2.3	Because it frequently rains in London it's a good idea to always carry	with you.	False	n/a	n/a
537.175	0.0	537175	52	cloze_marker	51	35	2	delong	unexpected	an	a	umbrella	newspaper	93	5	6.29	2.3	Because it frequently rains in London it's a good idea to always carry	with you.	False	n/a	n/a
537.409	0.0	537409	122	item_marker	52	22	2	delong	expected	a	an	pound	allowance	52	2	5.19	3.9	Andrew complained that the only place he could afford was Poundland, after his grandmother gave him	for helping her.	False	n/a	n/a
537.61	0.2	537610	205	noun_expected	52	22	2	delong	expected	a	an	pound	allowance	52	2	5.19	3.9	Andrew complained that the only place he could afford was Poundland, after his grandmother gave him	for helping her.	False	n/a	n/a
537.66	0.0	537660	53	cloze_marker	52	22	2	delong	expected	a	an	pound	allowance	52	2	5.19	3.9	Andrew complained that the only place he could afford was Poundland, after his grandmother gave him	for helping her.	False	n/a	n/a
537.894	0.0	537894	122	item_marker	53	22	2	delong	expected	a	an	pound	allowance	52	2	5.19	3.9	Andrew complained that the only place he could afford was Poundland, after his grandmother gave him	for helping her.	False	n/a	n/a
538.095	0.2	538095	255	filler_word	53	22	2	delong	expected	a	an	pound	allowance	52	2	5.19	3.9	Andrew complained that the only place he could afford was Poundland, after his grandmother gave him	for helping her.	False	n/a	n/a
538.58	0.2	538580	255	filler_word	53	22	2	delong	expected	a	an	pound	allowance	52	2	5.19	3.9	Andrew complained that the only place he could afford was Poundland, after his grandmother gave him	for helping her.	False	n/a	n/a
539.065	0.2	539065	207	final_expected	53	22	2	delong	expected	a	an	pound	allowance	52	2	5.19	3.9	Andrew complained that the only place he could afford was Poundland, after his grandmother gave him	for helping her.	False	n/a	n/a
543.382	0.2	543382	255	filler_word	53	22	2	delong	expected	a	an	pound	allowance	52	2	5.19	3.9	Andrew complained that the only place he could afford was Poundland, after his grandmother gave him	for helping her.	False	n/a	n/a
543.867	0.2	543867	255	filler_word	53	22	2	delong	expected	a	an	pound	allowance	52	2	5.19	3.9	Andrew complained that the only place he could afford was Poundland, after his grandmother gave him	for helping her.	False	n/a	n/a
544.352	0.2	544352	255	filler_word	53	22	2	delong	expected	a	an	pound	allowance	52	2	5.19	3.9	Andrew complained that the only place he could afford was Poundland, after his grandmother gave him	for helping her.	False	n/a	n/a
544.837	0.2	544837	255	filler_word	53	22	2	delong	expected	a	an	pound	allowance	52	2	5.19	3.9	Andrew complained that the only place he could afford was Poundland, after his grandmother gave him	for helping her.	False	n/a	n/a
545.323	0.2	545323	255	filler_word	53	22	2	delong	expected	a	an	pound	allowance	52	2	5.19	3.9	Andrew complained that the only place he could afford was Poundland, after his grandmother gave him	for helping her.	False	n/a	n/a
545.808	0.2	545808	255	filler_word	53	22	2	delong	expected	a	an	pound	allowance	52	2	5.19	3.9	Andrew complained that the only place he could afford was Poundland, after his grandmother gave him	for helping her.	False	n/a	n/a
546.293	0.2	546293	255	filler_word	53	22	2	delong	expected	a	an	pound	allowance	52	2	5.19	3.9	Andrew complained that the only place he could afford was Poundland, after his grandmother gave him	for helping her.	False	n/a	n/a
546.778	0.2	546778	255	filler_word	53	22	2	delong	expected	a	an	pound	allowance	52	2	5.19	3.9	Andrew complained that the only place he could afford was Poundland, after his grandmother gave him	for helping her.	False	n/a	n/a
547.263	0.2	547263	255	filler_word	53	22	2	delong	expected	a	an	pound	allowance	52	2	5.19	3.9	Andrew complained that the only place he could afford was Poundland, after his grandmother gave him	for helping her.	False	n/a	n/a
547.749	0.2	547749	255	filler_word	53	22	2	delong	expected	a	an	pound	allowance	52	2	5.19	3.9	Andrew complained that the only place he could afford was Poundland, after his grandmother gave him	for helping her.	False	n/a	n/a
548.234	0.2	548234	255	filler_word	53	22	2	delong	expected	a	an	pound	allowance	52	2	5.19	3.9	Andrew complained that the only place he could afford was Poundland, after his grandmother gave him	for helping her.	False	n/a	n/a
548.719	0.2	548719	255	filler_word	53	22	2	delong	expected	a	an	pound	allowance	52	2	5.19	3.9	Andrew complained that the only place he could afford was Poundland, after his grandmother gave him	for helping her.	False	n/a	n/a
549.204	0.2	549204	203	a_unexpected	53	22	2	delong	expected	a	an	pound	allowance	52	2	5.19	3.9	Andrew complained that the only place he could afford was Poundland, after his grandmother gave him	for helping her.	False	n/a	n/a
549.254	0.0	549254	2	cloze_marker	53	22	2	delong	expected	a	an	pound	allowance	52	2	5.19	3.9	Andrew complained that the only place he could afford was Poundland, after his grandmother gave him	for helping her.	False	n/a	n/a
549.489	0.0	549489	139	item_marker	54	39	2	delong	unexpected	an	a	infection	tattoo	93	2	6.52	1.8	Because Bart did not clean his wound properly he ended up getting	on his leg.	False	n/a	n/a
549.689	0.2	549689	206	noun_unexpected	54	39	2	delong	unexpected	an	a	infection	tattoo	93	2	6.52	1.8	Because Bart did not clean his wound properly he ended up getting	on his leg.	False	n/a	n/a
549.739	0.0	549739	200	cloze_marker	54	39	2	delong	unexpected	an	a	infection	tattoo	93	2	6.52	1.8	Because Bart did not clean his wound properly he ended up getting	on his leg.	False	n/a	n/a
549.974	0.0	549974	139	item_marker	55	39	2	delong	unexpected	an	a	infection	tattoo	93	2	6.52	1.8	Because Bart did not clean his wound properly he ended up getting	on his leg.	False	n/a	n/a
550.174	0.2	550174	255	filler_word	55	39	2	delong	unexpected	an	a	infection	tattoo	93	2	6.52	1.8	Because Bart did not clean his wound properly he ended up getting	on his leg.	False	n/a	n/a
550.66	0.2	550660	255	filler_word	55	39	2	delong	unexpected	an	a	infection	tattoo	93	2	6.52	1.8	Because Bart did not clean his wound properly he ended up getting	on his leg.	False	n/a	n/a
551.145	0.2	551145	208	final_unexpected	55	39	2	delong	unexpected	an	a	infection	tattoo	93	2	6.52	1.8	Because Bart did not clean his wound properly he ended up getting	on his leg.	False	n/a	n/a
555.762	0.2	555762	255	filler_word	55	39	2	delong	unexpected	an	a	infection	tattoo	93	2	6.52	1.8	Because Bart did not clean his wound properly he ended up getting	on his leg.	False	n/a	n/a
556.248	0.2	556248	255	filler_word	55	39	2	delong	unexpected	an	a	infection	tattoo	93	2	6.52	1.8	Because Bart did not clean his wound properly he ended up getting	on his leg.	False	n/a	n/a
556.733	0.2	556733	255	filler_word	55	39	2	delong	unexpected	an	a	infection	tattoo	93	2	6.52	1.8	Because Bart did not clean his wound properly he ended up getting	on his leg.	False	n/a	n/a
557.218	0.2	557218	255	filler_word	55	39	2	delong	unexpected	an	a	infection	tattoo	93	2	6.52	1.8	Because Bart did not clean his wound properly he ended up getting	on his leg.	False	n/a	n/a
557.703	0.2	557703	255	filler_word	55	39	2	delong	unexpected	an	a	infection	tattoo	93	2	6.52	1.8	Because Bart did not clean his wound properly he ended up getting	on his leg.	False	n/a	n/a
558.188	0.2	558188	255	filler_word	55	39	2	delong	unexpected	an	a	infection	tattoo	93	2	6.52	1.8	Because Bart did not clean his wound properly he ended up getting	on his leg.	False	n/a	n/a
558.674	0.2	558674	255	filler_word	55	39	2	delong	unexpected	an	a	infection	tattoo	93	2	6.52	1.8	Because Bart did not clean his wound properly he ended up getting	on his leg.	False	n/a	n/a
559.159	0.2	559159	255	filler_word	55	39	2	delong	unexpected	an	a	infection	tattoo	93	2	6.52	1.8	Because Bart did not clean his wound properly he ended up getting	on his leg.	False	n/a	n/a
559.644	0.2	559644	255	filler_word	55	39	2	delong	unexpected	an	a	infection	tattoo	93	2	6.52	1.8	Because Bart did not clean his wound properly he ended up getting	on his leg.	False	n/a	n/a
560.129	0.2	560129	255	filler_word	55	39	2	delong	unexpected	an	a	infection	tattoo	93	2	6.52	1.8	Because Bart did not clean his wound properly he ended up getting	on his leg.	False	n/a	n/a
560.614	0.2	560614	255	filler_word	55	39	2	delong	unexpected	an	a	infection	tattoo	93	2	6.52	1.8	Because Bart did not clean his wound properly he ended up getting	on his leg.	False	n/a	n/a
561.099	0.2	561099	255	filler_word	55	39	2	delong	unexpected	an	a	infection	tattoo	93	2	6.52	1.8	Because Bart did not clean his wound properly he ended up getting	on his leg.	False	n/a	n/a
561.585	0.2	561585	255	filler_word	55	39	2	delong	unexpected	an	a	infection	tattoo	93	2	6.52	1.8	Because Bart did not clean his wound properly he ended up getting	on his leg.	False	n/a	n/a
562.07	0.2	562070	255	filler_word	55	39	2	delong	unexpected	an	a	infection	tattoo	93	2	6.52	1.8	Because Bart did not clean his wound properly he ended up getting	on his leg.	False	n/a	n/a
562.555	0.2	562555	255	filler_word	55	39	2	delong	unexpected	an	a	infection	tattoo	93	2	6.52	1.8	Because Bart did not clean his wound properly he ended up getting	on his leg.	False	n/a	n/a
563.04	0.2	563040	255	filler_word	55	39	2	delong	unexpected	an	a	infection	tattoo	93	2	6.52	1.8	Because Bart did not clean his wound properly he ended up getting	on his leg.	False	n/a	n/a
563.525	0.2	563525	255	filler_word	55	39	2	delong	unexpected	an	a	infection	tattoo	93	2	6.52	1.8	Because Bart did not clean his wound properly he ended up getting	on his leg.	False	n/a	n/a
564.011	0.2	564011	255	filler_word	55	39	2	delong	unexpected	an	a	infection	tattoo	93	2	6.52	1.8	Because Bart did not clean his wound properly he ended up getting	on his leg.	False	n/a	n/a
564.496	0.2	564496	255	filler_word	55	39	2	delong	unexpected	an	a	infection	tattoo	93	2	6.52	1.8	Because Bart did not clean his wound properly he ended up getting	on his leg.	False	n/a	n/a
564.981	0.2	564981	255	filler_word	55	39	2	delong	unexpected	an	a	infection	tattoo	93	2	6.52	1.8	Because Bart did not clean his wound properly he ended up getting	on his leg.	False	n/a	n/a
565.466	0.2	565466	255	filler_word	55	39	2	delong	unexpected	an	a	infection	tattoo	93	2	6.52	1.8	Because Bart did not clean his wound properly he ended up getting	on his leg.	False	n/a	n/a
565.951	0.2	565951	255	filler_word	55	39	2	delong	unexpected	an	a	infection	tattoo	93	2	6.52	1.8	Because Bart did not clean his wound properly he ended up getting	on his leg.	False	n/a	n/a
566.436	0.2	566436	255	filler_word	55	39	2	delong	unexpected	an	a	infection	tattoo	93	2	6.52	1.8	Because Bart did not clean his wound properly he ended up getting	on his leg.	False	n/a	n/a
566.922	0.2	566922	203	a_unexpected	55	39	2	delong	unexpected	an	a	infection	tattoo	93	2	6.52	1.8	Because Bart did not clean his wound properly he ended up getting	on his leg.	False	n/a	n/a
566.972	0.0	566972	200	cloze_marker	55	39	2	delong	unexpected	an	a	infection	tattoo	93	2	6.52	1.8	Because Bart did not clean his wound properly he ended up getting	on his leg.	False	n/a	n/a
567.206	0.0	567206	123	item_marker	56	23	2	delong	unexpected	an	a	emergency	fire	70	0	6.17	5.32	When she was filling out the paperwork, Merrill had to write down the name of someone who could be contacted in case of	while she was at work.	False	n/a	n/a
567.407	0.2	567407	206	noun_unexpected	56	23	2	delong	unexpected	an	a	emergency	fire	70	0	6.17	5.32	When she was filling out the paperwork, Merrill had to write down the name of someone who could be contacted in case of	while she was at work.	False	n/a	n/a
567.457	0.0	567457	3	cloze_marker	56	23	2	delong	unexpected	an	a	emergency	fire	70	0	6.17	5.32	When she was filling out the paperwork, Merrill had to write down the name of someone who could be contacted in case of	while she was at work.	False	n/a	n/a
567.691	0.0	567691	123	item_marker	57	23	2	delong	unexpected	an	a	emergency	fire	70	0	6.17	5.32	When she was filling out the paperwork, Merrill had to write down the name of someone who could be contacted in case of	while she was at work.	False	n/a	n/a
567.892	0.2	567892	255	filler_word	57	23	2	delong	unexpected	an	a	emergency	fire	70	0	6.17	5.32	When she was filling out the paperwork, Merrill had to write down the name of someone who could be contacted in case of	while she was at work.	False	n/a	n/a
568.377	0.2	568377	255	filler_word	57	23	2	delong	unexpected	an	a	emergency	fire	70	0	6.17	5.32	When she was filling out the paperwork, Merrill had to write down the name of someone who could be contacted in case of	while she was at work.	False	n/a	n/a
568.862	0.2	568862	255	filler_word	57	23	2	delong	unexpected	an	a	emergency	fire	70	0	6.17	5.32	When she was filling out the paperwork, Merrill had to write down the name of someone who could be contacted in case of	while she was at work.	False	n/a	n/a
569.348	0.2	569348	255	filler_word	57	23	2	delong	unexpected	an	a	emergency	fire	70	0	6.17	5.32	When she was filling out the paperwork, Merrill had to write down the name of someone who could be contacted in case of	while she was at work.	False	n/a	n/a
569.833	0.2	569833	208	final_unexpected	57	23	2	delong	unexpected	an	a	emergency	fire	70	0	6.17	5.32	When she was filling out the paperwork, Merrill had to write down the name of someone who could be contacted in case of	while she was at work.	False	n/a	n/a
581.962	0.2	581962	255	filler_word	57	23	2	delong	unexpected	an	a	emergency	fire	70	0	6.17	5.32	When she was filling out the paperwork, Merrill had to write down the name of someone who could be contacted in case of	while she was at work.	False	n/a	n/a
582.447	0.2	582447	255	filler_word	57	23	2	delong	unexpected	an	a	emergency	fire	70	0	6.17	5.32	When she was filling out the paperwork, Merrill had to write down the name of someone who could be contacted in case of	while she was at work.	False	n/a	n/a
582.933	0.2	582933	255	filler_word	57	23	2	delong	unexpected	an	a	emergency	fire	70	0	6.17	5.32	When she was filling out the paperwork, Merrill had to write down the name of someone who could be contacted in case of	while she was at work.	False	n/a	n/a
583.418	0.2	583418	255	filler_word	57	23	2	delong	unexpected	an	a	emergency	fire	70	0	6.17	5.32	When she was filling out the paperwork, Merrill had to write down the name of someone who could be contacted in case of	while she was at work.	False	n/a	n/a
583.903	0.2	583903	255	filler_word	57	23	2	delong	unexpected	an	a	emergency	fire	70	0	6.17	5.32	When she was filling out the paperwork, Merrill had to write down the name of someone who could be contacted in case of	while she was at work.	False	n/a	n/a
584.388	0.2	584388	255	filler_word	57	23	2	delong	unexpected	an	a	emergency	fire	70	0	6.17	5.32	When she was filling out the paperwork, Merrill had to write down the name of someone who could be contacted in case of	while she was at work.	False	n/a	n/a
584.873	0.2	584873	255	filler_word	57	23	2	delong	unexpected	an	a	emergency	fire	70	0	6.17	5.32	When she was filling out the paperwork, Merrill had to write down the name of someone who could be contacted in case of	while she was at work.	False	n/a	n/a
585.359	0.2	585359	255	filler_word	57	23	2	delong	unexpected	an	a	emergency	fire	70	0	6.17	5.32	When she was filling out the paperwork, Merrill had to write down the name of someone who could be contacted in case of	while she was at work.	False	n/a	n/a
585.844	0.2	585844	255	filler_word	57	23	2	delong	unexpected	an	a	emergency	fire	70	0	6.17	5.32	When she was filling out the paperwork, Merrill had to write down the name of someone who could be contacted in case of	while she was at work.	False	n/a	n/a
586.329	0.2	586329	255	filler_word	57	23	2	delong	unexpected	an	a	emergency	fire	70	0	6.17	5.32	When she was filling out the paperwork, Merrill had to write down the name of someone who could be contacted in case of	while she was at work.	False	n/a	n/a
586.814	0.2	586814	255	filler_word	57	23	2	delong	unexpected	an	a	emergency	fire	70	0	6.17	5.32	When she was filling out the paperwork, Merrill had to write down the name of someone who could be contacted in case of	while she was at work.	False	n/a	n/a
587.299	0.2	587299	255	filler_word	57	23	2	delong	unexpected	an	a	emergency	fire	70	0	6.17	5.32	When she was filling out the paperwork, Merrill had to write down the name of someone who could be contacted in case of	while she was at work.	False	n/a	n/a
587.784	0.2	587784	255	filler_word	57	23	2	delong	unexpected	an	a	emergency	fire	70	0	6.17	5.32	When she was filling out the paperwork, Merrill had to write down the name of someone who could be contacted in case of	while she was at work.	False	n/a	n/a
588.27	0.2	588270	255	filler_word	57	23	2	delong	unexpected	an	a	emergency	fire	70	0	6.17	5.32	When she was filling out the paperwork, Merrill had to write down the name of someone who could be contacted in case of	while she was at work.	False	n/a	n/a
588.755	0.2	588755	201	a_expected	57	23	2	delong	unexpected	an	a	emergency	fire	70	0	6.17	5.32	When she was filling out the paperwork, Merrill had to write down the name of someone who could be contacted in case of	while she was at work.	False	n/a	n/a
588.805	0.0	588805	84	cloze_marker	57	23	2	delong	unexpected	an	a	emergency	fire	70	0	6.17	5.32	When she was filling out the paperwork, Merrill had to write down the name of someone who could be contacted in case of	while she was at work.	False	n/a	n/a
589.039	0.0	589039	126	item_marker	58	26	2	delong	expected	a	an	hanger	iron	84	0	5.73	2.1	I wanted to put my coat in the closet but I could not find	anywhere.	False	n/a	n/a
589.24	0.2	589240	205	noun_expected	58	26	2	delong	expected	a	an	hanger	iron	84	0	5.73	2.1	I wanted to put my coat in the closet but I could not find	anywhere.	False	n/a	n/a
589.29	0.0	589290	87	cloze_marker	58	26	2	delong	expected	a	an	hanger	iron	84	0	5.73	2.1	I wanted to put my coat in the closet but I could not find	anywhere.	False	n/a	n/a
589.524	0.0	589524	126	item_marker	59	26	2	delong	expected	a	an	hanger	iron	84	0	5.73	2.1	I wanted to put my coat in the closet but I could not find	anywhere.	False	n/a	n/a
589.725	0.2	589725	207	final_expected	59	26	2	delong	expected	a	an	hanger	iron	84	0	5.73	2.1	I wanted to put my coat in the closet but I could not find	anywhere.	False	n/a	n/a
593.188	0.2	593188	255	filler_word	59	26	2	delong	expected	a	an	hanger	iron	84	0	5.73	2.1	I wanted to put my coat in the closet but I could not find	anywhere.	False	n/a	n/a
593.674	0.2	593674	255	filler_word	59	26	2	delong	expected	a	an	hanger	iron	84	0	5.73	2.1	I wanted to put my coat in the closet but I could not find	anywhere.	False	n/a	n/a
594.159	0.2	594159	255	filler_word	59	26	2	delong	expected	a	an	hanger	iron	84	0	5.73	2.1	I wanted to put my coat in the closet but I could not find	anywhere.	False	n/a	n/a
594.644	0.2	594644	255	filler_word	59	26	2	delong	expected	a	an	hanger	iron	84	0	5.73	2.1	I wanted to put my coat in the closet but I could not find	anywhere.	False	n/a	n/a
595.129	0.2	595129	255	filler_word	59	26	2	delong	expected	a	an	hanger	iron	84	0	5.73	2.1	I wanted to put my coat in the closet but I could not find	anywhere.	False	n/a	n/a
595.614	0.2	595614	255	filler_word	59	26	2	delong	expected	a	an	hanger	iron	84	0	5.73	2.1	I wanted to put my coat in the closet but I could not find	anywhere.	False	n/a	n/a
596.099	0.2	596099	255	filler_word	59	26	2	delong	expected	a	an	hanger	iron	84	0	5.73	2.1	I wanted to put my coat in the closet but I could not find	anywhere.	False	n/a	n/a
596.585	0.2	596585	255	filler_word	59	26	2	delong	expected	a	an	hanger	iron	84	0	5.73	2.1	I wanted to put my coat in the closet but I could not find	anywhere.	False	n/a	n/a
597.07	0.2	597070	255	filler_word	59	26	2	delong	expected	a	an	hanger	iron	84	0	5.73	2.1	I wanted to put my coat in the closet but I could not find	anywhere.	False	n/a	n/a
597.555	0.2	597555	255	filler_word	59	26	2	delong	expected	a	an	hanger	iron	84	0	5.73	2.1	I wanted to put my coat in the closet but I could not find	anywhere.	False	n/a	n/a
598.04	0.2	598040	255	filler_word	59	26	2	delong	expected	a	an	hanger	iron	84	0	5.73	2.1	I wanted to put my coat in the closet but I could not find	anywhere.	False	n/a	n/a
598.525	0.2	598525	255	filler_word	59	26	2	delong	expected	a	an	hanger	iron	84	0	5.73	2.1	I wanted to put my coat in the closet but I could not find	anywhere.	False	n/a	n/a
599.011	0.2	599011	255	filler_word	59	26	2	delong	expected	a	an	hanger	iron	84	0	5.73	2.1	I wanted to put my coat in the closet but I could not find	anywhere.	False	n/a	n/a
599.496	0.2	599496	202	an_expected	59	26	2	delong	expected	a	an	hanger	iron	84	0	5.73	2.1	I wanted to put my coat in the closet but I could not find	anywhere.	False	n/a	n/a
599.546	0.0	599546	82	cloze_marker	59	26	2	delong	expected	a	an	hanger	iron	84	0	5.73	2.1	I wanted to put my coat in the closet but I could not find	anywhere.	False	n/a	n/a
599.78	0.0	599780	137	item_marker	60	37	2	delong	expected	an	a	architect	plumber	82	11	5.87	3.39	Frank wanted to design a very modern house so he sought advice from	to select the fixtures.	False	n/a	n/a
599.981	0.2	599981	205	noun_expected	60	37	2	delong	expected	an	a	architect	plumber	82	11	5.87	3.39	Frank wanted to design a very modern house so he sought advice from	to select the fixtures.	False	n/a	n/a
600.031	0.0	600031	80	cloze_marker	60	37	2	delong	expected	an	a	architect	plumber	82	11	5.87	3.39	Frank wanted to design a very modern house so he sought advice from	to select the fixtures.	False	n/a	n/a
600.265	0.0	600265	137	item_marker	61	37	2	delong	expected	an	a	architect	plumber	82	11	5.87	3.39	Frank wanted to design a very modern house so he sought advice from	to select the fixtures.	False	n/a	n/a
600.466	0.2	600466	255	filler_word	61	37	2	delong	expected	an	a	architect	plumber	82	11	5.87	3.39	Frank wanted to design a very modern house so he sought advice from	to select the fixtures.	False	n/a	n/a
600.951	0.2	600951	255	filler_word	61	37	2	delong	expected	an	a	architect	plumber	82	11	5.87	3.39	Frank wanted to design a very modern house so he sought advice from	to select the fixtures.	False	n/a	n/a
601.436	0.2	601436	255	filler_word	61	37	2	delong	expected	an	a	architect	plumber	82	11	5.87	3.39	Frank wanted to design a very modern house so he sought advice from	to select the fixtures.	False	n/a	n/a
601.922	0.2	601922	207	final_expected	61	37	2	delong	expected	an	a	architect	plumber	82	11	5.87	3.39	Frank wanted to design a very modern house so he sought advice from	to select the fixtures.	False	n/a	n/a
605.034	0.2	605034	255	filler_word	61	37	2	delong	expected	an	a	architect	plumber	82	11	5.87	3.39	Frank wanted to design a very modern house so he sought advice from	to select the fixtures.	False	n/a	n/a
605.519	0.2	605519	255	filler_word	61	37	2	delong	expected	an	a	architect	plumber	82	11	5.87	3.39	Frank wanted to design a very modern house so he sought advice from	to select the fixtures.	False	n/a	n/a
606.004	0.2	606004	255	filler_word	61	37	2	delong	expected	an	a	architect	plumber	82	11	5.87	3.39	Frank wanted to design a very modern house so he sought advice from	to select the fixtures.	False	n/a	n/a
606.489	0.2	606489	255	filler_word	61	37	2	delong	expected	an	a	architect	plumber	82	11	5.87	3.39	Frank wanted to design a very modern house so he sought advice from	to select the fixtures.	False	n/a	n/a
606.974	0.2	606974	255	filler_word	61	37	2	delong	expected	an	a	architect	plumber	82	11	5.87	3.39	Frank wanted to design a very modern house so he sought advice from	to select the fixtures.	False	n/a	n/a
607.459	0.2	607459	255	filler_word	61	37	2	delong	expected	an	a	architect	plumber	82	11	5.87	3.39	Frank wanted to design a very modern house so he sought advice from	to select the fixtures.	False	n/a	n/a
607.945	0.2	607945	255	filler_word	61	37	2	delong	expected	an	a	architect	plumber	82	11	5.87	3.39	Frank wanted to design a very modern house so he sought advice from	to select the fixtures.	False	n/a	n/a
608.43	0.2	608430	255	filler_word	61	37	2	delong	expected	an	a	architect	plumber	82	11	5.87	3.39	Frank wanted to design a very modern house so he sought advice from	to select the fixtures.	False	n/a	n/a
608.915	0.2	608915	255	filler_word	61	37	2	delong	expected	an	a	architect	plumber	82	11	5.87	3.39	Frank wanted to design a very modern house so he sought advice from	to select the fixtures.	False	n/a	n/a
609.4	0.2	609400	255	filler_word	61	37	2	delong	expected	an	a	architect	plumber	82	11	5.87	3.39	Frank wanted to design a very modern house so he sought advice from	to select the fixtures.	False	n/a	n/a
609.885	0.2	609885	255	filler_word	61	37	2	delong	expected	an	a	architect	plumber	82	11	5.87	3.39	Frank wanted to design a very modern house so he sought advice from	to select the fixtures.	False	n/a	n/a
610.371	0.2	610371	255	filler_word	61	37	2	delong	expected	an	a	architect	plumber	82	11	5.87	3.39	Frank wanted to design a very modern house so he sought advice from	to select the fixtures.	False	n/a	n/a
610.856	0.2	610856	255	filler_word	61	37	2	delong	expected	an	a	architect	plumber	82	11	5.87	3.39	Frank wanted to design a very modern house so he sought advice from	to select the fixtures.	False	n/a	n/a
611.341	0.2	611341	255	filler_word	61	37	2	delong	expected	an	a	architect	plumber	82	11	5.87	3.39	Frank wanted to design a very modern house so he sought advice from	to select the fixtures.	False	n/a	n/a
611.826	0.2	611826	255	filler_word	61	37	2	delong	expected	an	a	architect	plumber	82	11	5.87	3.39	Frank wanted to design a very modern house so he sought advice from	to select the fixtures.	False	n/a	n/a
612.311	0.2	612311	255	filler_word	61	37	2	delong	expected	an	a	architect	plumber	82	11	5.87	3.39	Frank wanted to design a very modern house so he sought advice from	to select the fixtures.	False	n/a	n/a
612.796	0.2	612796	201	a_expected	61	37	2	delong	expected	an	a	architect	plumber	82	11	5.87	3.39	Frank wanted to design a very modern house so he sought advice from	to select the fixtures.	False	n/a	n/a
612.846	0.0	612846	66	cloze_marker	61	37	2	delong	expected	an	a	architect	plumber	82	11	5.87	3.39	Frank wanted to design a very modern house so he sought advice from	to select the fixtures.	False	n/a	n/a
613.081	0.0	613081	129	item_marker	62	29	2	delong	expected	a	an	flat	apartment	66	11	6.26	6.03	Margot had finally decided to buy a house in the suburbs after a year of renting	in the city.	True	Did Margot want to buy a car?	no
613.282	0.2	613282	205	noun_expected	62	29	2	delong	expected	a	an	flat	apartment	66	11	6.26	6.03	Margot had finally decided to buy a house in the suburbs after a year of renting	in the city.	True	Did Margot want to buy a car?	no
613.332	0.0	613332	90	cloze_marker	62	29	2	delong	expected	a	an	flat	apartment	66	11	6.26	6.03	Margot had finally decided to buy a house in the suburbs after a year of renting	in the city.	True	Did Margot want to buy a car?	no
613.566	0.0	613566	129	item_marker	63	29	2	delong	expected	a	an	flat	apartment	66	11	6.26	6.03	Margot had finally decided to buy a house in the suburbs after a year of renting	in the city.	True	Did Margot want to buy a car?	no
613.767	0.2	613767	255	filler_word	63	29	2	delong	expected	a	an	flat	apartment	66	11	6.26	6.03	Margot had finally decided to buy a house in the suburbs after a year of renting	in the city.	True	Did Margot want to buy a car?	no
614.252	0.2	614252	255	filler_word	63	29	2	delong	expected	a	an	flat	apartment	66	11	6.26	6.03	Margot had finally decided to buy a house in the suburbs after a year of renting	in the city.	True	Did Margot want to buy a car?	no
614.737	0.2	614737	207	final_expected	63	29	2	delong	expected	a	an	flat	apartment	66	11	6.26	6.03	Margot had finally decided to buy a house in the suburbs after a year of renting	in the city.	True	Did Margot want to buy a car?	no
621.881	0.2	621881	255	filler_word	63	29	2	delong	expected	a	an	flat	apartment	66	11	6.26	6.03	Margot had finally decided to buy a house in the suburbs after a year of renting	in the city.	True	Did Margot want to buy a car?	no
622.366	0.2	622366	255	filler_word	63	29	2	delong	expected	a	an	flat	apartment	66	11	6.26	6.03	Margot had finally decided to buy a house in the suburbs after a year of renting	in the city.	True	Did Margot want to buy a car?	no
622.851	0.2	622851	255	filler_word	63	29	2	delong	expected	a	an	flat	apartment	66	11	6.26	6.03	Margot had finally decided to buy a house in the suburbs after a year of renting	in the city.	True	Did Margot want to buy a car?	no
623.337	0.2	623337	255	filler_word	63	29	2	delong	expected	a	an	flat	apartment	66	11	6.26	6.03	Margot had finally decided to buy a house in the suburbs after a year of renting	in the city.	True	Did Margot want to buy a car?	no
623.822	0.2	623822	255	filler_word	63	29	2	delong	expected	a	an	flat	apartment	66	11	6.26	6.03	Margot had finally decided to buy a house in the suburbs after a year of renting	in the city.	True	Did Margot want to buy a car?	no
624.307	0.2	624307	255	filler_word	63	29	2	delong	expected	a	an	flat	apartment	66	11	6.26	6.03	Margot had finally decided to buy a house in the suburbs after a year of renting	in the city.	True	Did Margot want to buy a car?	no
624.792	0.2	624792	255	filler_word	63	29	2	delong	expected	a	an	flat	apartment	66	11	6.26	6.03	Margot had finally decided to buy a house in the suburbs after a year of renting	in the city.	True	Did Margot want to buy a car?	no
625.277	0.2	625277	255	filler_word	63	29	2	delong	expected	a	an	flat	apartment	66	11	6.26	6.03	Margot had finally decided to buy a house in the suburbs after a year of renting	in the city.	True	Did Margot want to buy a car?	no
625.763	0.2	625763	255	filler_word	63	29	2	delong	expected	a	an	flat	apartment	66	11	6.26	6.03	Margot had finally decided to buy a house in the suburbs after a year of renting	in the city.	True	Did Margot want to buy a car?	no
626.248	0.2	626248	255	filler_word	63	29	2	delong	expected	a	an	flat	apartment	66	11	6.26	6.03	Margot had finally decided to buy a house in the suburbs after a year of renting	in the city.	True	Did Margot want to buy a car?	no
626.733	0.2	626733	255	filler_word	63	29	2	delong	expected	a	an	flat	apartment	66	11	6.26	6.03	Margot had finally decided to buy a house in the suburbs after a year of renting	in the city.	True	Did Margot want to buy a car?	no
627.218	0.2	627218	255	filler_word	63	29	2	delong	expected	a	an	flat	apartment	66	11	6.26	6.03	Margot had finally decided to buy a house in the suburbs after a year of renting	in the city.	True	Did Margot want to buy a car?	no
627.703	0.2	627703	255	filler_word	63	29	2	delong	expected	a	an	flat	apartment	66	11	6.26	6.03	Margot had finally decided to buy a house in the suburbs after a year of renting	in the city.	True	Did Margot want to buy a car?	no
628.188	0.2	628188	255	filler_word	63	29	2	delong	expected	a	an	flat	apartment	66	11	6.26	6.03	Margot had finally decided to buy a house in the suburbs after a year of renting	in the city.	True	Did Margot want to buy a car?	no
628.674	0.2	628674	201	a_expected	63	29	2	delong	expected	a	an	flat	apartment	66	11	6.26	6.03	Margot had finally decided to buy a house in the suburbs after a year of renting	in the city.	True	Did Margot want to buy a car?	no
628.724	0.0	628724	93	cloze_marker	63	29	2	delong	expected	a	an	flat	apartment	66	11	6.26	6.03	Margot had finally decided to buy a house in the suburbs after a year of renting	in the city.	True	Did Margot want to buy a car?	no
628.958	0.0	628958	138	item_marker	64	38	2	delong	expected	a	an	plumber	architect	93	0	6.1	2.1	When the pipe broke in the bathroom Felicia looked through the phonebook to find	who could come and take a look at the job.	False	n/a	n/a
629.159	0.2	629159	205	noun_expected	64	38	2	delong	expected	a	an	plumber	architect	93	0	6.1	2.1	When the pipe broke in the bathroom Felicia looked through the phonebook to find	who could come and take a look at the job.	False	n/a	n/a
629.209	0.0	629209	93	cloze_marker	64	38	2	delong	expected	a	an	plumber	architect	93	0	6.1	2.1	When the pipe broke in the bathroom Felicia looked through the phonebook to find	who could come and take a look at the job.	False	n/a	n/a
629.443	0.0	629443	138	item_marker	65	38	2	delong	expected	a	an	plumber	architect	93	0	6.1	2.1	When the pipe broke in the bathroom Felicia looked through the phonebook to find	who could come and take a look at the job.	False	n/a	n/a
629.644	0.2	629644	255	filler_word	65	38	2	delong	expected	a	an	plumber	architect	93	0	6.1	2.1	When the pipe broke in the bathroom Felicia looked through the phonebook to find	who could come and take a look at the job.	False	n/a	n/a
630.129	0.2	630129	255	filler_word	65	38	2	delong	expected	a	an	plumber	architect	93	0	6.1	2.1	When the pipe broke in the bathroom Felicia looked through the phonebook to find	who could come and take a look at the job.	False	n/a	n/a
630.614	0.2	630614	255	filler_word	65	38	2	delong	expected	a	an	plumber	architect	93	0	6.1	2.1	When the pipe broke in the bathroom Felicia looked through the phonebook to find	who could come and take a look at the job.	False	n/a	n/a
631.1	0.2	631100	255	filler_word	65	38	2	delong	expected	a	an	plumber	architect	93	0	6.1	2.1	When the pipe broke in the bathroom Felicia looked through the phonebook to find	who could come and take a look at the job.	False	n/a	n/a
631.585	0.2	631585	255	filler_word	65	38	2	delong	expected	a	an	plumber	architect	93	0	6.1	2.1	When the pipe broke in the bathroom Felicia looked through the phonebook to find	who could come and take a look at the job.	False	n/a	n/a
632.07	0.2	632070	255	filler_word	65	38	2	delong	expected	a	an	plumber	architect	93	0	6.1	2.1	When the pipe broke in the bathroom Felicia looked through the phonebook to find	who could come and take a look at the job.	False	n/a	n/a
632.555	0.2	632555	255	filler_word	65	38	2	delong	expected	a	an	plumber	architect	93	0	6.1	2.1	When the pipe broke in the bathroom Felicia looked through the phonebook to find	who could come and take a look at the job.	False	n/a	n/a
633.04	0.2	633040	255	filler_word	65	38	2	delong	expected	a	an	plumber	architect	93	0	6.1	2.1	When the pipe broke in the bathroom Felicia looked through the phonebook to find	who could come and take a look at the job.	False	n/a	n/a
633.525	0.2	633525	255	filler_word	65	38	2	delong	expected	a	an	plumber	architect	93	0	6.1	2.1	When the pipe broke in the bathroom Felicia looked through the phonebook to find	who could come and take a look at the job.	False	n/a	n/a
634.011	0.2	634011	207	final_expected	65	38	2	delong	expected	a	an	plumber	architect	93	0	6.1	2.1	When the pipe broke in the bathroom Felicia looked through the phonebook to find	who could come and take a look at the job.	False	n/a	n/a
642.091	0.2	642091	255	filler_word	65	38	2	delong	expected	a	an	plumber	architect	93	0	6.1	2.1	When the pipe broke in the bathroom Felicia looked through the phonebook to find	who could come and take a look at the job.	False	n/a	n/a
642.577	0.2	642577	255	filler_word	65	38	2	delong	expected	a	an	plumber	architect	93	0	6.1	2.1	When the pipe broke in the bathroom Felicia looked through the phonebook to find	who could come and take a look at the job.	False	n/a	n/a
643.062	0.2	643062	255	filler_word	65	38	2	delong	expected	a	an	plumber	architect	93	0	6.1	2.1	When the pipe broke in the bathroom Felicia looked through the phonebook to find	who could come and take a look at the job.	False	n/a	n/a
643.547	0.2	643547	255	filler_word	65	38	2	delong	expected	a	an	plumber	architect	93	0	6.1	2.1	When the pipe broke in the bathroom Felicia looked through the phonebook to find	who could come and take a look at the job.	False	n/a	n/a
644.032	0.2	644032	255	filler_word	65	38	2	delong	expected	a	an	plumber	architect	93	0	6.1	2.1	When the pipe broke in the bathroom Felicia looked through the phonebook to find	who could come and take a look at the job.	False	n/a	n/a
644.517	0.2	644517	255	filler_word	65	38	2	delong	expected	a	an	plumber	architect	93	0	6.1	2.1	When the pipe broke in the bathroom Felicia looked through the phonebook to find	who could come and take a look at the job.	False	n/a	n/a
645.003	0.2	645003	255	filler_word	65	38	2	delong	expected	a	an	plumber	architect	93	0	6.1	2.1	When the pipe broke in the bathroom Felicia looked through the phonebook to find	who could come and take a look at the job.	False	n/a	n/a
645.488	0.2	645488	255	filler_word	65	38	2	delong	expected	a	an	plumber	architect	93	0	6.1	2.1	When the pipe broke in the bathroom Felicia looked through the phonebook to find	who could come and take a look at the job.	False	n/a	n/a
645.973	0.2	645973	255	filler_word	65	38	2	delong	expected	a	an	plumber	architect	93	0	6.1	2.1	When the pipe broke in the bathroom Felicia looked through the phonebook to find	who could come and take a look at the job.	False	n/a	n/a
646.458	0.2	646458	255	filler_word	65	38	2	delong	expected	a	an	plumber	architect	93	0	6.1	2.1	When the pipe broke in the bathroom Felicia looked through the phonebook to find	who could come and take a look at the job.	False	n/a	n/a
646.943	0.2	646943	255	filler_word	65	38	2	delong	expected	a	an	plumber	architect	93	0	6.1	2.1	When the pipe broke in the bathroom Felicia looked through the phonebook to find	who could come and take a look at the job.	False	n/a	n/a
647.428	0.2	647428	255	filler_word	65	38	2	delong	expected	a	an	plumber	architect	93	0	6.1	2.1	When the pipe broke in the bathroom Felicia looked through the phonebook to find	who could come and take a look at the job.	False	n/a	n/a
647.914	0.2	647914	255	filler_word	65	38	2	delong	expected	a	an	plumber	architect	93	0	6.1	2.1	When the pipe broke in the bathroom Felicia looked through the phonebook to find	who could come and take a look at the job.	False	n/a	n/a
648.399	0.2	648399	255	filler_word	65	38	2	delong	expected	a	an	plumber	architect	93	0	6.1	2.1	When the pipe broke in the bathroom Felicia looked through the phonebook to find	who could come and take a look at the job.	False	n/a	n/a
648.884	0.2	648884	255	filler_word	65	38	2	delong	expected	a	an	plumber	architect	93	0	6.1	2.1	When the pipe broke in the bathroom Felicia looked through the phonebook to find	who could come and take a look at the job.	False	n/a	n/a
649.369	0.2	649369	255	filler_word	65	38	2	delong	expected	a	an	plumber	architect	93	0	6.1	2.1	When the pipe broke in the bathroom Felicia looked through the phonebook to find	who could come and take a look at the job.	False	n/a	n/a
649.854	0.2	649854	255	filler_word	65	38	2	delong	expected	a	an	plumber	architect	93	0	6.1	2.1	When the pipe broke in the bathroom Felicia looked through the phonebook to find	who could come and take a look at the job.	False	n/a	n/a
650.34	0.2	650340	255	filler_word	65	38	2	delong	expected	a	an	plumber	architect	93	0	6.1	2.1	When the pipe broke in the bathroom Felicia looked through the phonebook to find	who could come and take a look at the job.	False	n/a	n/a
650.825	0.2	650825	255	filler_word	65	38	2	delong	expected	a	an	plumber	architect	93	0	6.1	2.1	When the pipe broke in the bathroom Felicia looked through the phonebook to find	who could come and take a look at the job.	False	n/a	n/a
651.31	0.2	651310	255	filler_word	65	38	2	delong	expected	a	an	plumber	architect	93	0	6.1	2.1	When the pipe broke in the bathroom Felicia looked through the phonebook to find	who could come and take a look at the job.	False	n/a	n/a
651.795	0.2	651795	255	filler_word	65	38	2	delong	expected	a	an	plumber	architect	93	0	6.1	2.1	When the pipe broke in the bathroom Felicia looked through the phonebook to find	who could come and take a look at the job.	False	n/a	n/a
652.28	0.2	652280	255	filler_word	65	38	2	delong	expected	a	an	plumber	architect	93	0	6.1	2.1	When the pipe broke in the bathroom Felicia looked through the phonebook to find	who could come and take a look at the job.	False	n/a	n/a
652.765	0.2	652765	255	filler_word	65	38	2	delong	expected	a	an	plumber	architect	93	0	6.1	2.1	When the pipe broke in the bathroom Felicia looked through the phonebook to find	who could come and take a look at the job.	False	n/a	n/a
653.251	0.2	653251	255	filler_word	65	38	2	delong	expected	a	an	plumber	architect	93	0	6.1	2.1	When the pipe broke in the bathroom Felicia looked through the phonebook to find	who could come and take a look at the job.	False	n/a	n/a
653.736	0.2	653736	255	filler_word	65	38	2	delong	expected	a	an	plumber	architect	93	0	6.1	2.1	When the pipe broke in the bathroom Felicia looked through the phonebook to find	who could come and take a look at the job.	False	n/a	n/a
654.221	0.2	654221	255	filler_word	65	38	2	delong	expected	a	an	plumber	architect	93	0	6.1	2.1	When the pipe broke in the bathroom Felicia looked through the phonebook to find	who could come and take a look at the job.	False	n/a	n/a
654.706	0.2	654706	255	filler_word	65	38	2	delong	expected	a	an	plumber	architect	93	0	6.1	2.1	When the pipe broke in the bathroom Felicia looked through the phonebook to find	who could come and take a look at the job.	False	n/a	n/a
655.191	0.2	655191	255	filler_word	65	38	2	delong	expected	a	an	plumber	architect	93	0	6.1	2.1	When the pipe broke in the bathroom Felicia looked through the phonebook to find	who could come and take a look at the job.	False	n/a	n/a
655.677	0.2	655677	255	filler_word	65	38	2	delong	expected	a	an	plumber	architect	93	0	6.1	2.1	When the pipe broke in the bathroom Felicia looked through the phonebook to find	who could come and take a look at the job.	False	n/a	n/a
656.162	0.2	656162	202	an_expected	65	38	2	delong	expected	a	an	plumber	architect	93	0	6.1	2.1	When the pipe broke in the bathroom Felicia looked through the phonebook to find	who could come and take a look at the job.	False	n/a	n/a
656.212	0.0	656212	60	cloze_marker	65	38	2	delong	expected	a	an	plumber	architect	93	0	6.1	2.1	When the pipe broke in the bathroom Felicia looked through the phonebook to find	who could come and take a look at the job.	False	n/a	n/a
656.446	0.0	656446	121	item_marker	66	21	2	delong	expected	an	a	allowance	pound	60	9	6.29	4.3	Instead of giving her money whenever she asked for it, Rachel's father thought that it would be a real lesson in economics for her if every week she received	to spend as she wished.	False	n/a	n/a
656.647	0.2	656647	205	noun_expected	66	21	2	delong	expected	an	a	allowance	pound	60	9	6.29	4.3	Instead of giving her money whenever she asked for it, Rachel's father thought that it would be a real lesson in economics for her if every week she received	to spend as she wished.	False	n/a	n/a
656.697	0.0	656697	77	cloze_marker	66	21	2	delong	expected	an	a	allowance	pound	60	9	6.29	4.3	Instead of giving her money whenever she asked for it, Rachel's father thought that it would be a real lesson in economics for her if every week she received	to spend as she wished.	False	n/a	n/a
656.931	0.0	656931	121	item_marker	67	21	2	delong	expected	an	a	allowance	pound	60	9	6.29	4.3	Instead of giving her money whenever she asked for it, Rachel's father thought that it would be a real lesson in economics for her if every week she received	to spend as she wished.	False	n/a	n/a
657.132	0.2	657132	255	filler_word	67	21	2	delong	expected	an	a	allowance	pound	60	9	6.29	4.3	Instead of giving her money whenever she asked for it, Rachel's father thought that it would be a real lesson in economics for her if every week she received	to spend as she wished.	False	n/a	n/a
657.617	0.2	657617	255	filler_word	67	21	2	delong	expected	an	a	allowance	pound	60	9	6.29	4.3	Instead of giving her money whenever she asked for it, Rachel's father thought that it would be a real lesson in economics for her if every week she received	to spend as she wished.	False	n/a	n/a
658.102	0.2	658102	255	filler_word	67	21	2	delong	expected	an	a	allowance	pound	60	9	6.29	4.3	Instead of giving her money whenever she asked for it, Rachel's father thought that it would be a real lesson in economics for her if every week she received	to spend as she wished.	False	n/a	n/a
658.588	0.2	658588	255	filler_word	67	21	2	delong	expected	an	a	allowance	pound	60	9	6.29	4.3	Instead of giving her money whenever she asked for it, Rachel's father thought that it would be a real lesson in economics for her if every week she received	to spend as she wished.	False	n/a	n/a
659.073	0.2	659073	207	final_expected	67	21	2	delong	expected	an	a	allowance	pound	60	9	6.29	4.3	Instead of giving her money whenever she asked for it, Rachel's father thought that it would be a real lesson in economics for her if every week she received	to spend as she wished.	False	n/a	n/a
665.397	0.2	665397	255	filler_word	67	21	2	delong	expected	an	a	allowance	pound	60	9	6.29	4.3	Instead of giving her money whenever she asked for it, Rachel's father thought that it would be a real lesson in economics for her if every week she received	to spend as she wished.	False	n/a	n/a
665.882	0.2	665882	255	filler_word	67	21	2	delong	expected	an	a	allowance	pound	60	9	6.29	4.3	Instead of giving her money whenever she asked for it, Rachel's father thought that it would be a real lesson in economics for her if every week she received	to spend as she wished.	False	n/a	n/a
666.367	0.2	666367	255	filler_word	67	21	2	delong	expected	an	a	allowance	pound	60	9	6.29	4.3	Instead of giving her money whenever she asked for it, Rachel's father thought that it would be a real lesson in economics for her if every week she received	to spend as she wished.	False	n/a	n/a
666.852	0.2	666852	255	filler_word	67	21	2	delong	expected	an	a	allowance	pound	60	9	6.29	4.3	Instead of giving her money whenever she asked for it, Rachel's father thought that it would be a real lesson in economics for her if every week she received	to spend as she wished.	False	n/a	n/a
667.338	0.2	667338	255	filler_word	67	21	2	delong	expected	an	a	allowance	pound	60	9	6.29	4.3	Instead of giving her money whenever she asked for it, Rachel's father thought that it would be a real lesson in economics for her if every week she received	to spend as she wished.	False	n/a	n/a
667.823	0.2	667823	255	filler_word	67	21	2	delong	expected	an	a	allowance	pound	60	9	6.29	4.3	Instead of giving her money whenever she asked for it, Rachel's father thought that it would be a real lesson in economics for her if every week she received	to spend as she wished.	False	n/a	n/a
668.308	0.2	668308	201	a_expected	67	21	2	delong	expected	an	a	allowance	pound	60	9	6.29	4.3	Instead of giving her money whenever she asked for it, Rachel's father thought that it would be a real lesson in economics for her if every week she received	to spend as she wished.	False	n/a	n/a
668.358	0.0	668358	95	cloze_marker	67	21	2	delong	expected	an	a	allowance	pound	60	9	6.29	4.3	Instead of giving her money whenever she asked for it, Rachel's father thought that it would be a real lesson in economics for her if every week she received	to spend as she wished.	False	n/a	n/a
668.592	0.0	668592	134	item_marker	68	34	2	delong	expected	a	an	bicycle	elephant	95	0	6.07	3.48	You never forget how to ride	once you've learned.	False	n/a	n/a
668.793	0.2	668793	205	noun_expected	68	34	2	delong	expected	a	an	bicycle	elephant	95	0	6.07	3.48	You never forget how to ride	once you've learned.	False	n/a	n/a
668.843	0.0	668843	97	cloze_marker	68	34	2	delong	expected	a	an	bicycle	elephant	95	0	6.07	3.48	You never forget how to ride	once you've learned.	False	n/a	n/a
669.078	0.0	669078	134	item_marker	69	34	2	delong	expected	a	an	bicycle	elephant	95	0	6.07	3.48	You never forget how to ride	once you've learned.	False	n/a	n/a
669.278	0.2	669278	255	filler_word	69	34	2	delong	expected	a	an	bicycle	elephant	95	0	6.07	3.48	You never forget how to ride	once you've learned.	False	n/a	n/a
669.764	0.2	669764	255	filler_word	69	34	2	delong	expected	a	an	bicycle	elephant	95	0	6.07	3.48	You never forget how to ride	once you've learned.	False	n/a	n/a
670.249	0.2	670249	207	final_expected	69	34	2	delong	expected	a	an	bicycle	elephant	95	0	6.07	3.48	You never forget how to ride	once you've learned.	False	n/a	n/a
673.444	0.2	673444	255	filler_word	69	34	2	delong	expected	a	an	bicycle	elephant	95	0	6.07	3.48	You never forget how to ride	once you've learned.	False	n/a	n/a
673.929	0.2	673929	255	filler_word	69	34	2	delong	expected	a	an	bicycle	elephant	95	0	6.07	3.48	You never forget how to ride	once you've learned.	False	n/a	n/a
674.415	0.2	674415	255	filler_word	69	34	2	delong	expected	a	an	bicycle	elephant	95	0	6.07	3.48	You never forget how to ride	once you've learned.	False	n/a	n/a
674.9	0.2	674900	255	filler_word	69	34	2	delong	expected	a	an	bicycle	elephant	95	0	6.07	3.48	You never forget how to ride	once you've learned.	False	n/a	n/a
675.385	0.2	675385	255	filler_word	69	34	2	delong	expected	a	an	bicycle	elephant	95	0	6.07	3.48	You never forget how to ride	once you've learned.	False	n/a	n/a
675.87	0.2	675870	255	filler_word	69	34	2	delong	expected	a	an	bicycle	elephant	95	0	6.07	3.48	You never forget how to ride	once you've learned.	False	n/a	n/a
676.355	0.2	676355	255	filler_word	69	34	2	delong	expected	a	an	bicycle	elephant	95	0	6.07	3.48	You never forget how to ride	once you've learned.	False	n/a	n/a
676.841	0.2	676841	255	filler_word	69	34	2	delong	expected	a	an	bicycle	elephant	95	0	6.07	3.48	You never forget how to ride	once you've learned.	False	n/a	n/a
677.326	0.2	677326	255	filler_word	69	34	2	delong	expected	a	an	bicycle	elephant	95	0	6.07	3.48	You never forget how to ride	once you've learned.	False	n/a	n/a
677.811	0.2	677811	255	filler_word	69	34	2	delong	expected	a	an	bicycle	elephant	95	0	6.07	3.48	You never forget how to ride	once you've learned.	False	n/a	n/a
678.296	0.2	678296	255	filler_word	69	34	2	delong	expected	a	an	bicycle	elephant	95	0	6.07	3.48	You never forget how to ride	once you've learned.	False	n/a	n/a
678.781	0.2	678781	255	filler_word	69	34	2	delong	expected	a	an	bicycle	elephant	95	0	6.07	3.48	You never forget how to ride	once you've learned.	False	n/a	n/a
679.266	0.2	679266	255	filler_word	69	34	2	delong	expected	a	an	bicycle	elephant	95	0	6.07	3.48	You never forget how to ride	once you've learned.	False	n/a	n/a
679.752	0.2	679752	255	filler_word	69	34	2	delong	expected	a	an	bicycle	elephant	95	0	6.07	3.48	You never forget how to ride	once you've learned.	False	n/a	n/a
680.237	0.2	680237	255	filler_word	69	34	2	delong	expected	a	an	bicycle	elephant	95	0	6.07	3.48	You never forget how to ride	once you've learned.	False	n/a	n/a
680.722	0.2	680722	255	filler_word	69	34	2	delong	expected	a	an	bicycle	elephant	95	0	6.07	3.48	You never forget how to ride	once you've learned.	False	n/a	n/a
681.207	0.2	681207	255	filler_word	69	34	2	delong	expected	a	an	bicycle	elephant	95	0	6.07	3.48	You never forget how to ride	once you've learned.	False	n/a	n/a
681.692	0.2	681692	255	filler_word	69	34	2	delong	expected	a	an	bicycle	elephant	95	0	6.07	3.48	You never forget how to ride	once you've learned.	False	n/a	n/a
682.178	0.2	682178	201	a_expected	69	34	2	delong	expected	a	an	bicycle	elephant	95	0	6.07	3.48	You never forget how to ride	once you've learned.	False	n/a	n/a
682.228	0.0	682228	77	cloze_marker	69	34	2	delong	expected	a	an	bicycle	elephant	95	0	6.07	3.48	You never forget how to ride	once you've learned.	False	n/a	n/a
682.462	0.0	682462	130	item_marker	70	30	2	delong	expected	a	an	studio	apartment	77	0	5.9	3.37	Instead of recording a live album the band decided they would have more control if they recorded in	without a lot of background noise.	False	n/a	n/a
682.663	0.2	682663	205	noun_expected	70	30	2	delong	expected	a	an	studio	apartment	77	0	5.9	3.37	Instead of recording a live album the band decided they would have more control if they recorded in	without a lot of background noise.	False	n/a	n/a
682.713	0.0	682713	90	cloze_marker	70	30	2	delong	expected	a	an	studio	apartment	77	0	5.9	3.37	Instead of recording a live album the band decided they would have more control if they recorded in	without a lot of background noise.	False	n/a	n/a
682.947	0.0	682947	130	item_marker	71	30	2	delong	expected	a	an	studio	apartment	77	0	5.9	3.37	Instead of recording a live album the band decided they would have more control if they recorded in	without a lot of background noise.	False	n/a	n/a
683.148	0.2	683148	255	filler_word	71	30	2	delong	expected	a	an	studio	apartment	77	0	5.9	3.37	Instead of recording a live album the band decided they would have more control if they recorded in	without a lot of background noise.	False	n/a	n/a
683.633	0.2	683633	255	filler_word	71	30	2	delong	expected	a	an	studio	apartment	77	0	5.9	3.37	Instead of recording a live album the band decided they would have more control if they recorded in	without a lot of background noise.	False	n/a	n/a
684.118	0.2	684118	255	filler_word	71	30	2	delong	expected	a	an	studio	apartment	77	0	5.9	3.37	Instead of recording a live album the band decided they would have more control if they recorded in	without a lot of background noise.	False	n/a	n/a
684.603	0.2	684603	255	filler_word	71	30	2	delong	expected	a	an	studio	apartment	77	0	5.9	3.37	Instead of recording a live album the band decided they would have more control if they recorded in	without a lot of background noise.	False	n/a	n/a
685.089	0.2	685089	255	filler_word	71	30	2	delong	expected	a	an	studio	apartment	77	0	5.9	3.37	Instead of recording a live album the band decided they would have more control if they recorded in	without a lot of background noise.	False	n/a	n/a
685.574	0.2	685574	207	final_expected	71	30	2	delong	expected	a	an	studio	apartment	77	0	5.9	3.37	Instead of recording a live album the band decided they would have more control if they recorded in	without a lot of background noise.	False	n/a	n/a
696.666	0.2	696666	255	filler_word	71	30	2	delong	expected	a	an	studio	apartment	77	0	5.9	3.37	Instead of recording a live album the band decided they would have more control if they recorded in	without a lot of background noise.	False	n/a	n/a
697.151	0.2	697151	255	filler_word	71	30	2	delong	expected	a	an	studio	apartment	77	0	5.9	3.37	Instead of recording a live album the band decided they would have more control if they recorded in	without a lot of background noise.	False	n/a	n/a
697.636	0.2	697636	255	filler_word	71	30	2	delong	expected	a	an	studio	apartment	77	0	5.9	3.37	Instead of recording a live album the band decided they would have more control if they recorded in	without a lot of background noise.	False	n/a	n/a
698.122	0.2	698122	255	filler_word	71	30	2	delong	expected	a	an	studio	apartment	77	0	5.9	3.37	Instead of recording a live album the band decided they would have more control if they recorded in	without a lot of background noise.	False	n/a	n/a
698.607	0.2	698607	255	filler_word	71	30	2	delong	expected	a	an	studio	apartment	77	0	5.9	3.37	Instead of recording a live album the band decided they would have more control if they recorded in	without a lot of background noise.	False	n/a	n/a
699.092	0.2	699092	255	filler_word	71	30	2	delong	expected	a	an	studio	apartment	77	0	5.9	3.37	Instead of recording a live album the band decided they would have more control if they recorded in	without a lot of background noise.	False	n/a	n/a
699.577	0.2	699577	255	filler_word	71	30	2	delong	expected	a	an	studio	apartment	77	0	5.9	3.37	Instead of recording a live album the band decided they would have more control if they recorded in	without a lot of background noise.	False	n/a	n/a
700.062	0.2	700062	255	filler_word	71	30	2	delong	expected	a	an	studio	apartment	77	0	5.9	3.37	Instead of recording a live album the band decided they would have more control if they recorded in	without a lot of background noise.	False	n/a	n/a
700.548	0.2	700548	255	filler_word	71	30	2	delong	expected	a	an	studio	apartment	77	0	5.9	3.37	Instead of recording a live album the band decided they would have more control if they recorded in	without a lot of background noise.	False	n/a	n/a
701.033	0.2	701033	255	filler_word	71	30	2	delong	expected	a	an	studio	apartment	77	0	5.9	3.37	Instead of recording a live album the band decided they would have more control if they recorded in	without a lot of background noise.	False	n/a	n/a
701.518	0.2	701518	255	filler_word	71	30	2	delong	expected	a	an	studio	apartment	77	0	5.9	3.37	Instead of recording a live album the band decided they would have more control if they recorded in	without a lot of background noise.	False	n/a	n/a
702.003	0.2	702003	255	filler_word	71	30	2	delong	expected	a	an	studio	apartment	77	0	5.9	3.37	Instead of recording a live album the band decided they would have more control if they recorded in	without a lot of background noise.	False	n/a	n/a
702.488	0.2	702488	255	filler_word	71	30	2	delong	expected	a	an	studio	apartment	77	0	5.9	3.37	Instead of recording a live album the band decided they would have more control if they recorded in	without a lot of background noise.	False	n/a	n/a
702.973	0.2	702973	255	filler_word	71	30	2	delong	expected	a	an	studio	apartment	77	0	5.9	3.37	Instead of recording a live album the band decided they would have more control if they recorded in	without a lot of background noise.	False	n/a	n/a
703.459	0.2	703459	255	filler_word	71	30	2	delong	expected	a	an	studio	apartment	77	0	5.9	3.37	Instead of recording a live album the band decided they would have more control if they recorded in	without a lot of background noise.	False	n/a	n/a
703.944	0.2	703944	255	filler_word	71	30	2	delong	expected	a	an	studio	apartment	77	0	5.9	3.37	Instead of recording a live album the band decided they would have more control if they recorded in	without a lot of background noise.	False	n/a	n/a
704.429	0.2	704429	255	filler_word	71	30	2	delong	expected	a	an	studio	apartment	77	0	5.9	3.37	Instead of recording a live album the band decided they would have more control if they recorded in	without a lot of background noise.	False	n/a	n/a
704.914	0.2	704914	255	filler_word	71	30	2	delong	expected	a	an	studio	apartment	77	0	5.9	3.37	Instead of recording a live album the band decided they would have more control if they recorded in	without a lot of background noise.	False	n/a	n/a
705.399	0.2	705399	255	filler_word	71	30	2	delong	expected	a	an	studio	apartment	77	0	5.9	3.37	Instead of recording a live album the band decided they would have more control if they recorded in	without a lot of background noise.	False	n/a	n/a
705.885	0.2	705885	204	an_unexpected	71	30	2	delong	expected	a	an	studio	apartment	77	0	5.9	3.37	Instead of recording a live album the band decided they would have more control if they recorded in	without a lot of background noise.	False	n/a	n/a
705.934	0.0	705934	200	cloze_marker	71	30	2	delong	expected	a	an	studio	apartment	77	0	5.9	3.37	Instead of recording a live album the band decided they would have more control if they recorded in	without a lot of background noise.	False	n/a	n/a
706.169	0.0	706169	140	item_marker	72	40	2	delong	unexpected	a	an	tattoo	infection	55	0	6.0	3.73	The Hell's Angel rolled up the sleeve of his leather jacket to show the girls where he had gotten	the previous night.	False	n/a	n/a
706.37	0.2	706370	206	noun_unexpected	72	40	2	delong	unexpected	a	an	tattoo	infection	55	0	6.0	3.73	The Hell's Angel rolled up the sleeve of his leather jacket to show the girls where he had gotten	the previous night.	False	n/a	n/a
706.42	0.0	706420	200	cloze_marker	72	40	2	delong	unexpected	a	an	tattoo	infection	55	0	6.0	3.73	The Hell's Angel rolled up the sleeve of his leather jacket to show the girls where he had gotten	the previous night.	False	n/a	n/a
706.654	0.0	706654	140	item_marker	73	40	2	delong	unexpected	a	an	tattoo	infection	55	0	6.0	3.73	The Hell's Angel rolled up the sleeve of his leather jacket to show the girls where he had gotten	the previous night.	False	n/a	n/a
706.855	0.2	706855	255	filler_word	73	40	2	delong	unexpected	a	an	tattoo	infection	55	0	6.0	3.73	The Hell's Angel rolled up the sleeve of his leather jacket to show the girls where he had gotten	the previous night.	False	n/a	n/a
707.34	0.2	707340	255	filler_word	73	40	2	delong	unexpected	a	an	tattoo	infection	55	0	6.0	3.73	The Hell's Angel rolled up the sleeve of his leather jacket to show the girls where he had gotten	the previous night.	False	n/a	n/a
707.825	0.2	707825	208	final_unexpected	73	40	2	delong	unexpected	a	an	tattoo	infection	55	0	6.0	3.73	The Hell's Angel rolled up the sleeve of his leather jacket to show the girls where he had gotten	the previous night.	False	n/a	n/a
715.321	0.2	715321	255	filler_word	73	40	2	delong	unexpected	a	an	tattoo	infection	55	0	6.0	3.73	The Hell's Angel rolled up the sleeve of his leather jacket to show the girls where he had gotten	the previous night.	False	n/a	n/a
715.806	0.2	715806	255	filler_word	73	40	2	delong	unexpected	a	an	tattoo	infection	55	0	6.0	3.73	The Hell's Angel rolled up the sleeve of his leather jacket to show the girls where he had gotten	the previous night.	False	n/a	n/a
716.291	0.2	716291	255	filler_word	73	40	2	delong	unexpected	a	an	tattoo	infection	55	0	6.0	3.73	The Hell's Angel rolled up the sleeve of his leather jacket to show the girls where he had gotten	the previous night.	False	n/a	n/a
716.776	0.2	716776	255	filler_word	73	40	2	delong	unexpected	a	an	tattoo	infection	55	0	6.0	3.73	The Hell's Angel rolled up the sleeve of his leather jacket to show the girls where he had gotten	the previous night.	False	n/a	n/a
717.261	0.2	717261	255	filler_word	73	40	2	delong	unexpected	a	an	tattoo	infection	55	0	6.0	3.73	The Hell's Angel rolled up the sleeve of his leather jacket to show the girls where he had gotten	the previous night.	False	n/a	n/a
717.746	0.2	717746	255	filler_word	73	40	2	delong	unexpected	a	an	tattoo	infection	55	0	6.0	3.73	The Hell's Angel rolled up the sleeve of his leather jacket to show the girls where he had gotten	the previous night.	False	n/a	n/a
718.232	0.2	718232	255	filler_word	73	40	2	delong	unexpected	a	an	tattoo	infection	55	0	6.0	3.73	The Hell's Angel rolled up the sleeve of his leather jacket to show the girls where he had gotten	the previous night.	False	n/a	n/a
718.717	0.2	718717	255	filler_word	73	40	2	delong	unexpected	a	an	tattoo	infection	55	0	6.0	3.73	The Hell's Angel rolled up the sleeve of his leather jacket to show the girls where he had gotten	the previous night.	False	n/a	n/a
719.202	0.2	719202	255	filler_word	73	40	2	delong	unexpected	a	an	tattoo	infection	55	0	6.0	3.73	The Hell's Angel rolled up the sleeve of his leather jacket to show the girls where he had gotten	the previous night.	False	n/a	n/a
719.687	0.2	719687	255	filler_word	73	40	2	delong	unexpected	a	an	tattoo	infection	55	0	6.0	3.73	The Hell's Angel rolled up the sleeve of his leather jacket to show the girls where he had gotten	the previous night.	False	n/a	n/a
720.172	0.2	720172	255	filler_word	73	40	2	delong	unexpected	a	an	tattoo	infection	55	0	6.0	3.73	The Hell's Angel rolled up the sleeve of his leather jacket to show the girls where he had gotten	the previous night.	False	n/a	n/a
720.658	0.2	720658	255	filler_word	73	40	2	delong	unexpected	a	an	tattoo	infection	55	0	6.0	3.73	The Hell's Angel rolled up the sleeve of his leather jacket to show the girls where he had gotten	the previous night.	False	n/a	n/a
721.143	0.2	721143	255	filler_word	73	40	2	delong	unexpected	a	an	tattoo	infection	55	0	6.0	3.73	The Hell's Angel rolled up the sleeve of his leather jacket to show the girls where he had gotten	the previous night.	False	n/a	n/a
721.628	0.2	721628	255	filler_word	73	40	2	delong	unexpected	a	an	tattoo	infection	55	0	6.0	3.73	The Hell's Angel rolled up the sleeve of his leather jacket to show the girls where he had gotten	the previous night.	False	n/a	n/a
722.113	0.2	722113	255	filler_word	73	40	2	delong	unexpected	a	an	tattoo	infection	55	0	6.0	3.73	The Hell's Angel rolled up the sleeve of his leather jacket to show the girls where he had gotten	the previous night.	False	n/a	n/a
722.598	0.2	722598	255	filler_word	73	40	2	delong	unexpected	a	an	tattoo	infection	55	0	6.0	3.73	The Hell's Angel rolled up the sleeve of his leather jacket to show the girls where he had gotten	the previous night.	False	n/a	n/a
723.083	0.2	723083	255	filler_word	73	40	2	delong	unexpected	a	an	tattoo	infection	55	0	6.0	3.73	The Hell's Angel rolled up the sleeve of his leather jacket to show the girls where he had gotten	the previous night.	False	n/a	n/a
723.569	0.2	723569	204	an_unexpected	73	40	2	delong	unexpected	a	an	tattoo	infection	55	0	6.0	3.73	The Hell's Angel rolled up the sleeve of his leather jacket to show the girls where he had gotten	the previous night.	False	n/a	n/a
723.619	0.0	723619	200	cloze_marker	73	40	2	delong	unexpected	a	an	tattoo	infection	55	0	6.0	3.73	The Hell's Angel rolled up the sleeve of his leather jacket to show the girls where he had gotten	the previous night.	False	n/a	n/a
723.853	0.0	723853	124	item_marker	74	24	2	delong	unexpected	a	an	fire	emergency	75	0	5.6	6.06	Harris saw smoke billowing out of his neighbours' home and immediately got on the phone to report	at their address.	True	Did Harris see smoke?	yes
724.054	0.2	724054	206	noun_unexpected	74	24	2	delong	unexpected	a	an	fire	emergency	75	0	5.6	6.06	Harris saw smoke billowing out of his neighbours' home and immediately got on the phone to report	at their address.	True	Did Harris see smoke?	yes
724.104	0.0	724104	40	cloze_marker	74	24	2	delong	unexpected	a	an	fire	emergency	75	0	5.6	6.06	Harris saw smoke billowing out of his neighbours' home and immediately got on the phone to report	at their address.	True	Did Harris see smoke?	yes
724.338	0.0	724338	124	item_marker	75	24	2	delong	unexpected	a	an	fire	emergency	75	0	5.6	6.06	Harris saw smoke billowing out of his neighbours' home and immediately got on the phone to report	at their address.	True	Did Harris see smoke?	yes
724.539	0.2	724539	255	filler_word	75	24	2	delong	unexpected	a	an	fire	emergency	75	0	5.6	6.06	Harris saw smoke billowing out of his neighbours' home and immediately got on the phone to report	at their address.	True	Did Harris see smoke?	yes
725.024	0.2	725024	255	filler_word	75	24	2	delong	unexpected	a	an	fire	emergency	75	0	5.6	6.06	Harris saw smoke billowing out of his neighbours' home and immediately got on the phone to report	at their address.	True	Did Harris see smoke?	yes
725.509	0.2	725509	208	final_unexpected	75	24	2	delong	unexpected	a	an	fire	emergency	75	0	5.6	6.06	Harris saw smoke billowing out of his neighbours' home and immediately got on the phone to report	at their address.	True	Did Harris see smoke?	yes
732.051	0.2	732051	255	filler_word	75	24	2	delong	unexpected	a	an	fire	emergency	75	0	5.6	6.06	Harris saw smoke billowing out of his neighbours' home and immediately got on the phone to report	at their address.	True	Did Harris see smoke?	yes
732.536	0.2	732536	255	filler_word	75	24	2	delong	unexpected	a	an	fire	emergency	75	0	5.6	6.06	Harris saw smoke billowing out of his neighbours' home and immediately got on the phone to report	at their address.	True	Did Harris see smoke?	yes
733.021	0.2	733021	255	filler_word	75	24	2	delong	unexpected	a	an	fire	emergency	75	0	5.6	6.06	Harris saw smoke billowing out of his neighbours' home and immediately got on the phone to report	at their address.	True	Did Harris see smoke?	yes
733.506	0.2	733506	255	filler_word	75	24	2	delong	unexpected	a	an	fire	emergency	75	0	5.6	6.06	Harris saw smoke billowing out of his neighbours' home and immediately got on the phone to report	at their address.	True	Did Harris see smoke?	yes
733.992	0.2	733992	255	filler_word	75	24	2	delong	unexpected	a	an	fire	emergency	75	0	5.6	6.06	Harris saw smoke billowing out of his neighbours' home and immediately got on the phone to report	at their address.	True	Did Harris see smoke?	yes
734.477	0.2	734477	255	filler_word	75	24	2	delong	unexpected	a	an	fire	emergency	75	0	5.6	6.06	Harris saw smoke billowing out of his neighbours' home and immediately got on the phone to report	at their address.	True	Did Harris see smoke?	yes
734.962	0.2	734962	255	filler_word	75	24	2	delong	unexpected	a	an	fire	emergency	75	0	5.6	6.06	Harris saw smoke billowing out of his neighbours' home and immediately got on the phone to report	at their address.	True	Did Harris see smoke?	yes
735.447	0.2	735447	255	filler_word	75	24	2	delong	unexpected	a	an	fire	emergency	75	0	5.6	6.06	Harris saw smoke billowing out of his neighbours' home and immediately got on the phone to report	at their address.	True	Did Harris see smoke?	yes
735.932	0.2	735932	255	filler_word	75	24	2	delong	unexpected	a	an	fire	emergency	75	0	5.6	6.06	Harris saw smoke billowing out of his neighbours' home and immediately got on the phone to report	at their address.	True	Did Harris see smoke?	yes
736.418	0.2	736418	255	filler_word	75	24	2	delong	unexpected	a	an	fire	emergency	75	0	5.6	6.06	Harris saw smoke billowing out of his neighbours' home and immediately got on the phone to report	at their address.	True	Did Harris see smoke?	yes
736.903	0.2	736903	255	filler_word	75	24	2	delong	unexpected	a	an	fire	emergency	75	0	5.6	6.06	Harris saw smoke billowing out of his neighbours' home and immediately got on the phone to report	at their address.	True	Did Harris see smoke?	yes
737.388	0.2	737388	255	filler_word	75	24	2	delong	unexpected	a	an	fire	emergency	75	0	5.6	6.06	Harris saw smoke billowing out of his neighbours' home and immediately got on the phone to report	at their address.	True	Did Harris see smoke?	yes
737.873	0.2	737873	255	filler_word	75	24	2	delong	unexpected	a	an	fire	emergency	75	0	5.6	6.06	Harris saw smoke billowing out of his neighbours' home and immediately got on the phone to report	at their address.	True	Did Harris see smoke?	yes
738.358	0.2	738358	255	filler_word	75	24	2	delong	unexpected	a	an	fire	emergency	75	0	5.6	6.06	Harris saw smoke billowing out of his neighbours' home and immediately got on the phone to report	at their address.	True	Did Harris see smoke?	yes
738.843	0.2	738843	255	filler_word	75	24	2	delong	unexpected	a	an	fire	emergency	75	0	5.6	6.06	Harris saw smoke billowing out of his neighbours' home and immediately got on the phone to report	at their address.	True	Did Harris see smoke?	yes
739.329	0.2	739329	255	filler_word	75	24	2	delong	unexpected	a	an	fire	emergency	75	0	5.6	6.06	Harris saw smoke billowing out of his neighbours' home and immediately got on the phone to report	at their address.	True	Did Harris see smoke?	yes
739.814	0.2	739814	255	filler_word	75	24	2	delong	unexpected	a	an	fire	emergency	75	0	5.6	6.06	Harris saw smoke billowing out of his neighbours' home and immediately got on the phone to report	at their address.	True	Did Harris see smoke?	yes
740.299	0.2	740299	255	filler_word	75	24	2	delong	unexpected	a	an	fire	emergency	75	0	5.6	6.06	Harris saw smoke billowing out of his neighbours' home and immediately got on the phone to report	at their address.	True	Did Harris see smoke?	yes
740.784	0.2	740784	255	filler_word	75	24	2	delong	unexpected	a	an	fire	emergency	75	0	5.6	6.06	Harris saw smoke billowing out of his neighbours' home and immediately got on the phone to report	at their address.	True	Did Harris see smoke?	yes
741.269	0.2	741269	255	filler_word	75	24	2	delong	unexpected	a	an	fire	emergency	75	0	5.6	6.06	Harris saw smoke billowing out of his neighbours' home and immediately got on the phone to report	at their address.	True	Did Harris see smoke?	yes
741.755	0.2	741755	255	filler_word	75	24	2	delong	unexpected	a	an	fire	emergency	75	0	5.6	6.06	Harris saw smoke billowing out of his neighbours' home and immediately got on the phone to report	at their address.	True	Did Harris see smoke?	yes
742.24	0.2	742240	255	filler_word	75	24	2	delong	unexpected	a	an	fire	emergency	75	0	5.6	6.06	Harris saw smoke billowing out of his neighbours' home and immediately got on the phone to report	at their address.	True	Did Harris see smoke?	yes
742.725	0.2	742725	255	filler_word	75	24	2	delong	unexpected	a	an	fire	emergency	75	0	5.6	6.06	Harris saw smoke billowing out of his neighbours' home and immediately got on the phone to report	at their address.	True	Did Harris see smoke?	yes
743.21	0.2	743210	204	an_unexpected	75	24	2	delong	unexpected	a	an	fire	emergency	75	0	5.6	6.06	Harris saw smoke billowing out of his neighbours' home and immediately got on the phone to report	at their address.	True	Did Harris see smoke?	yes
743.26	0.0	743260	2	cloze_marker	75	24	2	delong	unexpected	a	an	fire	emergency	75	0	5.6	6.06	Harris saw smoke billowing out of his neighbours' home and immediately got on the phone to report	at their address.	True	Did Harris see smoke?	yes
743.495	0.0	743495	136	item_marker	76	36	2	delong	unexpected	a	an	newspaper	umbrella	75	2	5.19	3.13	As he walked past the corner drugstore on his way to work Carl skimmed the headlines and decided to go ahead and buy	when he saw what the forecast was.	True	Was Carl going to work?	yes
743.695	0.2	743695	206	noun_unexpected	76	36	2	delong	unexpected	a	an	newspaper	umbrella	75	2	5.19	3.13	As he walked past the corner drugstore on his way to work Carl skimmed the headlines and decided to go ahead and buy	when he saw what the forecast was.	True	Was Carl going to work?	yes
743.745	0.0	743745	7	cloze_marker	76	36	2	delong	unexpected	a	an	newspaper	umbrella	75	2	5.19	3.13	As he walked past the corner drugstore on his way to work Carl skimmed the headlines and decided to go ahead and buy	when he saw what the forecast was.	True	Was Carl going to work?	yes
743.98	0.0	743980	136	item_marker	77	36	2	delong	unexpected	a	an	newspaper	umbrella	75	2	5.19	3.13	As he walked past the corner drugstore on his way to work Carl skimmed the headlines and decided to go ahead and buy	when he saw what the forecast was.	True	Was Carl going to work?	yes
744.18	0.2	744180	255	filler_word	77	36	2	delong	unexpected	a	an	newspaper	umbrella	75	2	5.19	3.13	As he walked past the corner drugstore on his way to work Carl skimmed the headlines and decided to go ahead and buy	when he saw what the forecast was.	True	Was Carl going to work?	yes
744.666	0.2	744666	255	filler_word	77	36	2	delong	unexpected	a	an	newspaper	umbrella	75	2	5.19	3.13	As he walked past the corner drugstore on his way to work Carl skimmed the headlines and decided to go ahead and buy	when he saw what the forecast was.	True	Was Carl going to work?	yes
745.151	0.2	745151	255	filler_word	77	36	2	delong	unexpected	a	an	newspaper	umbrella	75	2	5.19	3.13	As he walked past the corner drugstore on his way to work Carl skimmed the headlines and decided to go ahead and buy	when he saw what the forecast was.	True	Was Carl going to work?	yes
745.636	0.2	745636	255	filler_word	77	36	2	delong	unexpected	a	an	newspaper	umbrella	75	2	5.19	3.13	As he walked past the corner drugstore on his way to work Carl skimmed the headlines and decided to go ahead and buy	when he saw what the forecast was.	True	Was Carl going to work?	yes
746.121	0.2	746121	255	filler_word	77	36	2	delong	unexpected	a	an	newspaper	umbrella	75	2	5.19	3.13	As he walked past the corner drugstore on his way to work Carl skimmed the headlines and decided to go ahead and buy	when he saw what the forecast was.	True	Was Carl going to work?	yes
746.606	0.2	746606	255	filler_word	77	36	2	delong	unexpected	a	an	newspaper	umbrella	75	2	5.19	3.13	As he walked past the corner drugstore on his way to work Carl skimmed the headlines and decided to go ahead and buy	when he saw what the forecast was.	True	Was Carl going to work?	yes
747.092	0.2	747092	208	final_unexpected	77	36	2	delong	unexpected	a	an	newspaper	umbrella	75	2	5.19	3.13	As he walked past the corner drugstore on his way to work Carl skimmed the headlines and decided to go ahead and buy	when he saw what the forecast was.	True	Was Carl going to work?	yes
754.888	0.2	754888	255	filler_word	77	36	2	delong	unexpected	a	an	newspaper	umbrella	75	2	5.19	3.13	As he walked past the corner drugstore on his way to work Carl skimmed the headlines and decided to go ahead and buy	when he saw what the forecast was.	True	Was Carl going to work?	yes
755.373	0.2	755373	255	filler_word	77	36	2	delong	unexpected	a	an	newspaper	umbrella	75	2	5.19	3.13	As he walked past the corner drugstore on his way to work Carl skimmed the headlines and decided to go ahead and buy	when he saw what the forecast was.	True	Was Carl going to work?	yes
755.858	0.2	755858	255	filler_word	77	36	2	delong	unexpected	a	an	newspaper	umbrella	75	2	5.19	3.13	As he walked past the corner drugstore on his way to work Carl skimmed the headlines and decided to go ahead and buy	when he saw what the forecast was.	True	Was Carl going to work?	yes
756.344	0.2	756344	255	filler_word	77	36	2	delong	unexpected	a	an	newspaper	umbrella	75	2	5.19	3.13	As he walked past the corner drugstore on his way to work Carl skimmed the headlines and decided to go ahead and buy	when he saw what the forecast was.	True	Was Carl going to work?	yes
756.829	0.2	756829	255	filler_word	77	36	2	delong	unexpected	a	an	newspaper	umbrella	75	2	5.19	3.13	As he walked past the corner drugstore on his way to work Carl skimmed the headlines and decided to go ahead and buy	when he saw what the forecast was.	True	Was Carl going to work?	yes
757.314	0.2	757314	255	filler_word	77	36	2	delong	unexpected	a	an	newspaper	umbrella	75	2	5.19	3.13	As he walked past the corner drugstore on his way to work Carl skimmed the headlines and decided to go ahead and buy	when he saw what the forecast was.	True	Was Carl going to work?	yes
757.799	0.2	757799	255	filler_word	77	36	2	delong	unexpected	a	an	newspaper	umbrella	75	2	5.19	3.13	As he walked past the corner drugstore on his way to work Carl skimmed the headlines and decided to go ahead and buy	when he saw what the forecast was.	True	Was Carl going to work?	yes
758.284	0.2	758284	255	filler_word	77	36	2	delong	unexpected	a	an	newspaper	umbrella	75	2	5.19	3.13	As he walked past the corner drugstore on his way to work Carl skimmed the headlines and decided to go ahead and buy	when he saw what the forecast was.	True	Was Carl going to work?	yes
758.769	0.2	758769	255	filler_word	77	36	2	delong	unexpected	a	an	newspaper	umbrella	75	2	5.19	3.13	As he walked past the corner drugstore on his way to work Carl skimmed the headlines and decided to go ahead and buy	when he saw what the forecast was.	True	Was Carl going to work?	yes
759.255	0.2	759255	255	filler_word	77	36	2	delong	unexpected	a	an	newspaper	umbrella	75	2	5.19	3.13	As he walked past the corner drugstore on his way to work Carl skimmed the headlines and decided to go ahead and buy	when he saw what the forecast was.	True	Was Carl going to work?	yes
759.74	0.2	759740	255	filler_word	77	36	2	delong	unexpected	a	an	newspaper	umbrella	75	2	5.19	3.13	As he walked past the corner drugstore on his way to work Carl skimmed the headlines and decided to go ahead and buy	when he saw what the forecast was.	True	Was Carl going to work?	yes
760.225	0.2	760225	255	filler_word	77	36	2	delong	unexpected	a	an	newspaper	umbrella	75	2	5.19	3.13	As he walked past the corner drugstore on his way to work Carl skimmed the headlines and decided to go ahead and buy	when he saw what the forecast was.	True	Was Carl going to work?	yes
760.71	0.2	760710	255	filler_word	77	36	2	delong	unexpected	a	an	newspaper	umbrella	75	2	5.19	3.13	As he walked past the corner drugstore on his way to work Carl skimmed the headlines and decided to go ahead and buy	when he saw what the forecast was.	True	Was Carl going to work?	yes
761.195	0.2	761195	255	filler_word	77	36	2	delong	unexpected	a	an	newspaper	umbrella	75	2	5.19	3.13	As he walked past the corner drugstore on his way to work Carl skimmed the headlines and decided to go ahead and buy	when he saw what the forecast was.	True	Was Carl going to work?	yes
761.681	0.2	761681	255	filler_word	77	36	2	delong	unexpected	a	an	newspaper	umbrella	75	2	5.19	3.13	As he walked past the corner drugstore on his way to work Carl skimmed the headlines and decided to go ahead and buy	when he saw what the forecast was.	True	Was Carl going to work?	yes
762.166	0.2	762166	203	a_unexpected	77	36	2	delong	unexpected	a	an	newspaper	umbrella	75	2	5.19	3.13	As he walked past the corner drugstore on his way to work Carl skimmed the headlines and decided to go ahead and buy	when he saw what the forecast was.	True	Was Carl going to work?	yes
762.216	0.0	762216	11	cloze_marker	77	36	2	delong	unexpected	a	an	newspaper	umbrella	75	2	5.19	3.13	As he walked past the corner drugstore on his way to work Carl skimmed the headlines and decided to go ahead and buy	when he saw what the forecast was.	True	Was Carl going to work?	yes
762.45	0.0	762450	131	item_marker	78	31	2	delong	unexpected	an	a	invitation	message	73	11	5.5	4.74	Sue had wanted to go to Tim's birthday party but she was still waiting for	from him.	False	n/a	n/a
762.651	0.2	762651	206	noun_unexpected	78	31	2	delong	unexpected	an	a	invitation	message	73	11	5.5	4.74	Sue had wanted to go to Tim's birthday party but she was still waiting for	from him.	False	n/a	n/a
762.701	0.0	762701	200	cloze_marker	78	31	2	delong	unexpected	an	a	invitation	message	73	11	5.5	4.74	Sue had wanted to go to Tim's birthday party but she was still waiting for	from him.	False	n/a	n/a
762.935	0.0	762935	131	item_marker	79	31	2	delong	unexpected	an	a	invitation	message	73	11	5.5	4.74	Sue had wanted to go to Tim's birthday party but she was still waiting for	from him.	False	n/a	n/a
763.136	0.2	763136	255	filler_word	79	31	2	delong	unexpected	an	a	invitation	message	73	11	5.5	4.74	Sue had wanted to go to Tim's birthday party but she was still waiting for	from him.	False	n/a	n/a
763.621	0.2	763621	208	final_unexpected	79	31	2	delong	unexpected	an	a	invitation	message	73	11	5.5	4.74	Sue had wanted to go to Tim's birthday party but she was still waiting for	from him.	False	n/a	n/a
792.515	0.2	792515	255	filler_word	79	31	2	delong	unexpected	an	a	invitation	message	73	11	5.5	4.74	Sue had wanted to go to Tim's birthday party but she was still waiting for	from him.	False	n/a	n/a
793.0	0.2	793000	255	filler_word	79	31	2	delong	unexpected	an	a	invitation	message	73	11	5.5	4.74	Sue had wanted to go to Tim's birthday party but she was still waiting for	from him.	False	n/a	n/a
793.485	0.2	793485	255	filler_word	79	31	2	delong	unexpected	an	a	invitation	message	73	11	5.5	4.74	Sue had wanted to go to Tim's birthday party but she was still waiting for	from him.	False	n/a	n/a
793.97	0.2	793970	255	filler_word	79	31	2	delong	unexpected	an	a	invitation	message	73	11	5.5	4.74	Sue had wanted to go to Tim's birthday party but she was still waiting for	from him.	False	n/a	n/a
794.455	0.2	794455	255	filler_word	79	31	2	delong	unexpected	an	a	invitation	message	73	11	5.5	4.74	Sue had wanted to go to Tim's birthday party but she was still waiting for	from him.	False	n/a	n/a
794.941	0.2	794941	255	filler_word	79	31	2	delong	unexpected	an	a	invitation	message	73	11	5.5	4.74	Sue had wanted to go to Tim's birthday party but she was still waiting for	from him.	False	n/a	n/a
795.426	0.2	795426	255	filler_word	79	31	2	delong	unexpected	an	a	invitation	message	73	11	5.5	4.74	Sue had wanted to go to Tim's birthday party but she was still waiting for	from him.	False	n/a	n/a
795.911	0.2	795911	255	filler_word	79	31	2	delong	unexpected	an	a	invitation	message	73	11	5.5	4.74	Sue had wanted to go to Tim's birthday party but she was still waiting for	from him.	False	n/a	n/a
796.396	0.2	796396	255	filler_word	79	31	2	delong	unexpected	an	a	invitation	message	73	11	5.5	4.74	Sue had wanted to go to Tim's birthday party but she was still waiting for	from him.	False	n/a	n/a
796.881	0.2	796881	255	filler_word	79	31	2	delong	unexpected	an	a	invitation	message	73	11	5.5	4.74	Sue had wanted to go to Tim's birthday party but she was still waiting for	from him.	False	n/a	n/a
797.366	0.2	797366	255	filler_word	79	31	2	delong	unexpected	an	a	invitation	message	73	11	5.5	4.74	Sue had wanted to go to Tim's birthday party but she was still waiting for	from him.	False	n/a	n/a
797.852	0.2	797852	255	filler_word	79	31	2	delong	unexpected	an	a	invitation	message	73	11	5.5	4.74	Sue had wanted to go to Tim's birthday party but she was still waiting for	from him.	False	n/a	n/a
798.337	0.2	798337	255	filler_word	79	31	2	delong	unexpected	an	a	invitation	message	73	11	5.5	4.74	Sue had wanted to go to Tim's birthday party but she was still waiting for	from him.	False	n/a	n/a
798.822	0.2	798822	255	filler_word	79	31	2	delong	unexpected	an	a	invitation	message	73	11	5.5	4.74	Sue had wanted to go to Tim's birthday party but she was still waiting for	from him.	False	n/a	n/a
799.307	0.2	799307	255	filler_word	79	31	2	delong	unexpected	an	a	invitation	message	73	11	5.5	4.74	Sue had wanted to go to Tim's birthday party but she was still waiting for	from him.	False	n/a	n/a
799.792	0.2	799792	201	a_expected	79	31	2	delong	unexpected	an	a	invitation	message	73	11	5.5	4.74	Sue had wanted to go to Tim's birthday party but she was still waiting for	from him.	False	n/a	n/a
799.842	0.0	799842	91	cloze_marker	79	31	2	delong	unexpected	an	a	invitation	message	73	11	5.5	4.74	Sue had wanted to go to Tim's birthday party but she was still waiting for	from him.	False	n/a	n/a
800.077	0.0	800077	142	item_marker	80	42	2	delong	expected	a	an	parent	adult	91	0	5.74	4.2	Older children often have a harder time than younger children dealing with the loss of	who has cared for them.	False	n/a	n/a
800.278	0.2	800278	205	noun_expected	80	42	2	delong	expected	a	an	parent	adult	91	0	5.74	4.2	Older children often have a harder time than younger children dealing with the loss of	who has cared for them.	False	n/a	n/a
800.328	0.0	800328	37	cloze_marker	80	42	2	delong	expected	a	an	parent	adult	91	0	5.74	4.2	Older children often have a harder time than younger children dealing with the loss of	who has cared for them.	False	n/a	n/a
800.562	0.0	800562	142	item_marker	81	42	2	delong	expected	a	an	parent	adult	91	0	5.74	4.2	Older children often have a harder time than younger children dealing with the loss of	who has cared for them.	False	n/a	n/a
800.763	0.2	800763	255	filler_word	81	42	2	delong	expected	a	an	parent	adult	91	0	5.74	4.2	Older children often have a harder time than younger children dealing with the loss of	who has cared for them.	False	n/a	n/a
801.248	0.2	801248	255	filler_word	81	42	2	delong	expected	a	an	parent	adult	91	0	5.74	4.2	Older children often have a harder time than younger children dealing with the loss of	who has cared for them.	False	n/a	n/a
801.733	0.2	801733	255	filler_word	81	42	2	delong	expected	a	an	parent	adult	91	0	5.74	4.2	Older children often have a harder time than younger children dealing with the loss of	who has cared for them.	False	n/a	n/a
802.218	0.2	802218	255	filler_word	81	42	2	delong	expected	a	an	parent	adult	91	0	5.74	4.2	Older children often have a harder time than younger children dealing with the loss of	who has cared for them.	False	n/a	n/a
802.704	0.2	802704	207	final_expected	81	42	2	delong	expected	a	an	parent	adult	91	0	5.74	4.2	Older children often have a harder time than younger children dealing with the loss of	who has cared for them.	False	n/a	n/a
806.986	0.2	806986	255	filler_word	81	42	2	delong	expected	a	an	parent	adult	91	0	5.74	4.2	Older children often have a harder time than younger children dealing with the loss of	who has cared for them.	False	n/a	n/a
807.472	0.2	807472	255	filler_word	81	42	2	delong	expected	a	an	parent	adult	91	0	5.74	4.2	Older children often have a harder time than younger children dealing with the loss of	who has cared for them.	False	n/a	n/a
807.957	0.2	807957	255	filler_word	81	42	2	delong	expected	a	an	parent	adult	91	0	5.74	4.2	Older children often have a harder time than younger children dealing with the loss of	who has cared for them.	False	n/a	n/a
808.442	0.2	808442	255	filler_word	81	42	2	delong	expected	a	an	parent	adult	91	0	5.74	4.2	Older children often have a harder time than younger children dealing with the loss of	who has cared for them.	False	n/a	n/a
808.927	0.2	808927	255	filler_word	81	42	2	delong	expected	a	an	parent	adult	91	0	5.74	4.2	Older children often have a harder time than younger children dealing with the loss of	who has cared for them.	False	n/a	n/a
809.412	0.2	809412	255	filler_word	81	42	2	delong	expected	a	an	parent	adult	91	0	5.74	4.2	Older children often have a harder time than younger children dealing with the loss of	who has cared for them.	False	n/a	n/a
809.898	0.2	809898	255	filler_word	81	42	2	delong	expected	a	an	parent	adult	91	0	5.74	4.2	Older children often have a harder time than younger children dealing with the loss of	who has cared for them.	False	n/a	n/a
810.383	0.2	810383	255	filler_word	81	42	2	delong	expected	a	an	parent	adult	91	0	5.74	4.2	Older children often have a harder time than younger children dealing with the loss of	who has cared for them.	False	n/a	n/a
810.868	0.2	810868	255	filler_word	81	42	2	delong	expected	a	an	parent	adult	91	0	5.74	4.2	Older children often have a harder time than younger children dealing with the loss of	who has cared for them.	False	n/a	n/a
811.353	0.2	811353	255	filler_word	81	42	2	delong	expected	a	an	parent	adult	91	0	5.74	4.2	Older children often have a harder time than younger children dealing with the loss of	who has cared for them.	False	n/a	n/a
811.838	0.2	811838	255	filler_word	81	42	2	delong	expected	a	an	parent	adult	91	0	5.74	4.2	Older children often have a harder time than younger children dealing with the loss of	who has cared for them.	False	n/a	n/a
812.323	0.2	812323	255	filler_word	81	42	2	delong	expected	a	an	parent	adult	91	0	5.74	4.2	Older children often have a harder time than younger children dealing with the loss of	who has cared for them.	False	n/a	n/a
812.809	0.2	812809	255	filler_word	81	42	2	delong	expected	a	an	parent	adult	91	0	5.74	4.2	Older children often have a harder time than younger children dealing with the loss of	who has cared for them.	False	n/a	n/a
813.294	0.2	813294	203	a_unexpected	81	42	2	delong	expected	a	an	parent	adult	91	0	5.74	4.2	Older children often have a harder time than younger children dealing with the loss of	who has cared for them.	False	n/a	n/a
813.344	0.0	813344	25	cloze_marker	81	42	2	delong	expected	a	an	parent	adult	91	0	5.74	4.2	Older children often have a harder time than younger children dealing with the loss of	who has cared for them.	False	n/a	n/a
813.578	0.0	813578	151	item_marker	82	51	2	delong	unexpected	an	a	author	success	75	25	6.03	6.19	After Joanne's first book was published she finally felt she could call herself	in front of her peers.	True	Was this Joanne's first book?	yes
813.779	0.2	813779	206	noun_unexpected	82	51	2	delong	unexpected	an	a	author	success	75	25	6.03	6.19	After Joanne's first book was published she finally felt she could call herself	in front of her peers.	True	Was this Joanne's first book?	yes
813.829	0.0	813829	3	cloze_marker	82	51	2	delong	unexpected	an	a	author	success	75	25	6.03	6.19	After Joanne's first book was published she finally felt she could call herself	in front of her peers.	True	Was this Joanne's first book?	yes
814.063	0.0	814063	151	item_marker	83	51	2	delong	unexpected	an	a	author	success	75	25	6.03	6.19	After Joanne's first book was published she finally felt she could call herself	in front of her peers.	True	Was this Joanne's first book?	yes
814.264	0.2	814264	255	filler_word	83	51	2	delong	unexpected	an	a	author	success	75	25	6.03	6.19	After Joanne's first book was published she finally felt she could call herself	in front of her peers.	True	Was this Joanne's first book?	yes
814.749	0.2	814749	255	filler_word	83	51	2	delong	unexpected	an	a	author	success	75	25	6.03	6.19	After Joanne's first book was published she finally felt she could call herself	in front of her peers.	True	Was this Joanne's first book?	yes
815.235	0.2	815235	255	filler_word	83	51	2	delong	unexpected	an	a	author	success	75	25	6.03	6.19	After Joanne's first book was published she finally felt she could call herself	in front of her peers.	True	Was this Joanne's first book?	yes
815.72	0.2	815720	255	filler_word	83	51	2	delong	unexpected	an	a	author	success	75	25	6.03	6.19	After Joanne's first book was published she finally felt she could call herself	in front of her peers.	True	Was this Joanne's first book?	yes
816.205	0.2	816205	208	final_unexpected	83	51	2	delong	unexpected	an	a	author	success	75	25	6.03	6.19	After Joanne's first book was published she finally felt she could call herself	in front of her peers.	True	Was this Joanne's first book?	yes
824.436	0.2	824436	255	filler_word	83	51	2	delong	unexpected	an	a	author	success	75	25	6.03	6.19	After Joanne's first book was published she finally felt she could call herself	in front of her peers.	True	Was this Joanne's first book?	yes
824.922	0.2	824922	255	filler_word	83	51	2	delong	unexpected	an	a	author	success	75	25	6.03	6.19	After Joanne's first book was published she finally felt she could call herself	in front of her peers.	True	Was this Joanne's first book?	yes
825.407	0.2	825407	255	filler_word	83	51	2	delong	unexpected	an	a	author	success	75	25	6.03	6.19	After Joanne's first book was published she finally felt she could call herself	in front of her peers.	True	Was this Joanne's first book?	yes
825.892	0.2	825892	255	filler_word	83	51	2	delong	unexpected	an	a	author	success	75	25	6.03	6.19	After Joanne's first book was published she finally felt she could call herself	in front of her peers.	True	Was this Joanne's first book?	yes
826.377	0.2	826377	255	filler_word	83	51	2	delong	unexpected	an	a	author	success	75	25	6.03	6.19	After Joanne's first book was published she finally felt she could call herself	in front of her peers.	True	Was this Joanne's first book?	yes
826.862	0.2	826862	255	filler_word	83	51	2	delong	unexpected	an	a	author	success	75	25	6.03	6.19	After Joanne's first book was published she finally felt she could call herself	in front of her peers.	True	Was this Joanne's first book?	yes
827.347	0.2	827347	255	filler_word	83	51	2	delong	unexpected	an	a	author	success	75	25	6.03	6.19	After Joanne's first book was published she finally felt she could call herself	in front of her peers.	True	Was this Joanne's first book?	yes
827.833	0.2	827833	255	filler_word	83	51	2	delong	unexpected	an	a	author	success	75	25	6.03	6.19	After Joanne's first book was published she finally felt she could call herself	in front of her peers.	True	Was this Joanne's first book?	yes
828.318	0.2	828318	255	filler_word	83	51	2	delong	unexpected	an	a	author	success	75	25	6.03	6.19	After Joanne's first book was published she finally felt she could call herself	in front of her peers.	True	Was this Joanne's first book?	yes
828.803	0.2	828803	255	filler_word	83	51	2	delong	unexpected	an	a	author	success	75	25	6.03	6.19	After Joanne's first book was published she finally felt she could call herself	in front of her peers.	True	Was this Joanne's first book?	yes
829.288	0.2	829288	255	filler_word	83	51	2	delong	unexpected	an	a	author	success	75	25	6.03	6.19	After Joanne's first book was published she finally felt she could call herself	in front of her peers.	True	Was this Joanne's first book?	yes
829.773	0.2	829773	255	filler_word	83	51	2	delong	unexpected	an	a	author	success	75	25	6.03	6.19	After Joanne's first book was published she finally felt she could call herself	in front of her peers.	True	Was this Joanne's first book?	yes
830.259	0.2	830259	255	filler_word	83	51	2	delong	unexpected	an	a	author	success	75	25	6.03	6.19	After Joanne's first book was published she finally felt she could call herself	in front of her peers.	True	Was this Joanne's first book?	yes
830.744	0.2	830744	255	filler_word	83	51	2	delong	unexpected	an	a	author	success	75	25	6.03	6.19	After Joanne's first book was published she finally felt she could call herself	in front of her peers.	True	Was this Joanne's first book?	yes
831.229	0.2	831229	201	a_expected	83	51	2	delong	unexpected	an	a	author	success	75	25	6.03	6.19	After Joanne's first book was published she finally felt she could call herself	in front of her peers.	True	Was this Joanne's first book?	yes
831.279	0.0	831279	27	cloze_marker	83	51	2	delong	unexpected	an	a	author	success	75	25	6.03	6.19	After Joanne's first book was published she finally felt she could call herself	in front of her peers.	True	Was this Joanne's first book?	yes
831.513	0.0	831513	150	item_marker	84	50	2	delong	expected	a	an	finger	onion	27	0	5.35	3.13	Marie wanted to sample a tiny bit of the sauce so she daintily dipped	into the pot.	False	n/a	n/a
831.714	0.2	831714	205	noun_expected	84	50	2	delong	expected	a	an	finger	onion	27	0	5.35	3.13	Marie wanted to sample a tiny bit of the sauce so she daintily dipped	into the pot.	False	n/a	n/a
831.764	0.0	831764	37	cloze_marker	84	50	2	delong	expected	a	an	finger	onion	27	0	5.35	3.13	Marie wanted to sample a tiny bit of the sauce so she daintily dipped	into the pot.	False	n/a	n/a
831.998	0.0	831998	150	item_marker	85	50	2	delong	expected	a	an	finger	onion	27	0	5.35	3.13	Marie wanted to sample a tiny bit of the sauce so she daintily dipped	into the pot.	False	n/a	n/a
832.199	0.2	832199	255	filler_word	85	50	2	delong	expected	a	an	finger	onion	27	0	5.35	3.13	Marie wanted to sample a tiny bit of the sauce so she daintily dipped	into the pot.	False	n/a	n/a
832.684	0.2	832684	255	filler_word	85	50	2	delong	expected	a	an	finger	onion	27	0	5.35	3.13	Marie wanted to sample a tiny bit of the sauce so she daintily dipped	into the pot.	False	n/a	n/a
833.17	0.2	833170	207	final_expected	85	50	2	delong	expected	a	an	finger	onion	27	0	5.35	3.13	Marie wanted to sample a tiny bit of the sauce so she daintily dipped	into the pot.	False	n/a	n/a
835.93	0.2	835930	255	filler_word	85	50	2	delong	expected	a	an	finger	onion	27	0	5.35	3.13	Marie wanted to sample a tiny bit of the sauce so she daintily dipped	into the pot.	False	n/a	n/a
836.415	0.2	836415	255	filler_word	85	50	2	delong	expected	a	an	finger	onion	27	0	5.35	3.13	Marie wanted to sample a tiny bit of the sauce so she daintily dipped	into the pot.	False	n/a	n/a
836.9	0.2	836900	255	filler_word	85	50	2	delong	expected	a	an	finger	onion	27	0	5.35	3.13	Marie wanted to sample a tiny bit of the sauce so she daintily dipped	into the pot.	False	n/a	n/a
837.386	0.2	837386	255	filler_word	85	50	2	delong	expected	a	an	finger	onion	27	0	5.35	3.13	Marie wanted to sample a tiny bit of the sauce so she daintily dipped	into the pot.	False	n/a	n/a
837.871	0.2	837871	255	filler_word	85	50	2	delong	expected	a	an	finger	onion	27	0	5.35	3.13	Marie wanted to sample a tiny bit of the sauce so she daintily dipped	into the pot.	False	n/a	n/a
838.356	0.2	838356	255	filler_word	85	50	2	delong	expected	a	an	finger	onion	27	0	5.35	3.13	Marie wanted to sample a tiny bit of the sauce so she daintily dipped	into the pot.	False	n/a	n/a
838.841	0.2	838841	255	filler_word	85	50	2	delong	expected	a	an	finger	onion	27	0	5.35	3.13	Marie wanted to sample a tiny bit of the sauce so she daintily dipped	into the pot.	False	n/a	n/a
839.326	0.2	839326	255	filler_word	85	50	2	delong	expected	a	an	finger	onion	27	0	5.35	3.13	Marie wanted to sample a tiny bit of the sauce so she daintily dipped	into the pot.	False	n/a	n/a
839.812	0.2	839812	255	filler_word	85	50	2	delong	expected	a	an	finger	onion	27	0	5.35	3.13	Marie wanted to sample a tiny bit of the sauce so she daintily dipped	into the pot.	False	n/a	n/a
840.297	0.2	840297	255	filler_word	85	50	2	delong	expected	a	an	finger	onion	27	0	5.35	3.13	Marie wanted to sample a tiny bit of the sauce so she daintily dipped	into the pot.	False	n/a	n/a
840.782	0.2	840782	255	filler_word	85	50	2	delong	expected	a	an	finger	onion	27	0	5.35	3.13	Marie wanted to sample a tiny bit of the sauce so she daintily dipped	into the pot.	False	n/a	n/a
841.267	0.2	841267	255	filler_word	85	50	2	delong	expected	a	an	finger	onion	27	0	5.35	3.13	Marie wanted to sample a tiny bit of the sauce so she daintily dipped	into the pot.	False	n/a	n/a
841.752	0.2	841752	255	filler_word	85	50	2	delong	expected	a	an	finger	onion	27	0	5.35	3.13	Marie wanted to sample a tiny bit of the sauce so she daintily dipped	into the pot.	False	n/a	n/a
842.237	0.2	842237	255	filler_word	85	50	2	delong	expected	a	an	finger	onion	27	0	5.35	3.13	Marie wanted to sample a tiny bit of the sauce so she daintily dipped	into the pot.	False	n/a	n/a
842.723	0.2	842723	255	filler_word	85	50	2	delong	expected	a	an	finger	onion	27	0	5.35	3.13	Marie wanted to sample a tiny bit of the sauce so she daintily dipped	into the pot.	False	n/a	n/a
843.208	0.2	843208	255	filler_word	85	50	2	delong	expected	a	an	finger	onion	27	0	5.35	3.13	Marie wanted to sample a tiny bit of the sauce so she daintily dipped	into the pot.	False	n/a	n/a
843.693	0.2	843693	255	filler_word	85	50	2	delong	expected	a	an	finger	onion	27	0	5.35	3.13	Marie wanted to sample a tiny bit of the sauce so she daintily dipped	into the pot.	False	n/a	n/a
844.178	0.2	844178	255	filler_word	85	50	2	delong	expected	a	an	finger	onion	27	0	5.35	3.13	Marie wanted to sample a tiny bit of the sauce so she daintily dipped	into the pot.	False	n/a	n/a
844.663	0.2	844663	255	filler_word	85	50	2	delong	expected	a	an	finger	onion	27	0	5.35	3.13	Marie wanted to sample a tiny bit of the sauce so she daintily dipped	into the pot.	False	n/a	n/a
845.149	0.2	845149	255	filler_word	85	50	2	delong	expected	a	an	finger	onion	27	0	5.35	3.13	Marie wanted to sample a tiny bit of the sauce so she daintily dipped	into the pot.	False	n/a	n/a
845.634	0.2	845634	203	a_unexpected	85	50	2	delong	expected	a	an	finger	onion	27	0	5.35	3.13	Marie wanted to sample a tiny bit of the sauce so she daintily dipped	into the pot.	False	n/a	n/a
845.684	0.0	845684	7	cloze_marker	85	50	2	delong	expected	a	an	finger	onion	27	0	5.35	3.13	Marie wanted to sample a tiny bit of the sauce so she daintily dipped	into the pot.	False	n/a	n/a
845.918	0.0	845918	147	item_marker	86	47	2	delong	unexpected	an	a	excuse	story	91	7	6.26	4.93	Amelia did not want to go to the bar with her friends after seeing the movie so she made up	for why she needed to go home early.	True	Did Amelia go home late?	no
846.119	0.2	846119	206	noun_unexpected	86	47	2	delong	unexpected	an	a	excuse	story	91	7	6.26	4.93	Amelia did not want to go to the bar with her friends after seeing the movie so she made up	for why she needed to go home early.	True	Did Amelia go home late?	no
846.169	0.0	846169	13	cloze_marker	86	47	2	delong	unexpected	an	a	excuse	story	91	7	6.26	4.93	Amelia did not want to go to the bar with her friends after seeing the movie so she made up	for why she needed to go home early.	True	Did Amelia go home late?	no
846.403	0.0	846403	147	item_marker	87	47	2	delong	unexpected	an	a	excuse	story	91	7	6.26	4.93	Amelia did not want to go to the bar with her friends after seeing the movie so she made up	for why she needed to go home early.	True	Did Amelia go home late?	no
846.604	0.2	846604	255	filler_word	87	47	2	delong	unexpected	an	a	excuse	story	91	7	6.26	4.93	Amelia did not want to go to the bar with her friends after seeing the movie so she made up	for why she needed to go home early.	True	Did Amelia go home late?	no
847.089	0.2	847089	255	filler_word	87	47	2	delong	unexpected	an	a	excuse	story	91	7	6.26	4.93	Amelia did not want to go to the bar with her friends after seeing the movie so she made up	for why she needed to go home early.	True	Did Amelia go home late?	no
847.574	0.2	847574	255	filler_word	87	47	2	delong	unexpected	an	a	excuse	story	91	7	6.26	4.93	Amelia did not want to go to the bar with her friends after seeing the movie so she made up	for why she needed to go home early.	True	Did Amelia go home late?	no
848.06	0.2	848060	255	filler_word	87	47	2	delong	unexpected	an	a	excuse	story	91	7	6.26	4.93	Amelia did not want to go to the bar with her friends after seeing the movie so she made up	for why she needed to go home early.	True	Did Amelia go home late?	no
848.545	0.2	848545	255	filler_word	87	47	2	delong	unexpected	an	a	excuse	story	91	7	6.26	4.93	Amelia did not want to go to the bar with her friends after seeing the movie so she made up	for why she needed to go home early.	True	Did Amelia go home late?	no
849.03	0.2	849030	255	filler_word	87	47	2	delong	unexpected	an	a	excuse	story	91	7	6.26	4.93	Amelia did not want to go to the bar with her friends after seeing the movie so she made up	for why she needed to go home early.	True	Did Amelia go home late?	no
849.515	0.2	849515	255	filler_word	87	47	2	delong	unexpected	an	a	excuse	story	91	7	6.26	4.93	Amelia did not want to go to the bar with her friends after seeing the movie so she made up	for why she needed to go home early.	True	Did Amelia go home late?	no
850.0	0.2	850000	208	final_unexpected	87	47	2	delong	unexpected	an	a	excuse	story	91	7	6.26	4.93	Amelia did not want to go to the bar with her friends after seeing the movie so she made up	for why she needed to go home early.	True	Did Amelia go home late?	no
856.759	0.2	856759	255	filler_word	87	47	2	delong	unexpected	an	a	excuse	story	91	7	6.26	4.93	Amelia did not want to go to the bar with her friends after seeing the movie so she made up	for why she needed to go home early.	True	Did Amelia go home late?	no
857.245	0.2	857245	255	filler_word	87	47	2	delong	unexpected	an	a	excuse	story	91	7	6.26	4.93	Amelia did not want to go to the bar with her friends after seeing the movie so she made up	for why she needed to go home early.	True	Did Amelia go home late?	no
857.73	0.2	857730	255	filler_word	87	47	2	delong	unexpected	an	a	excuse	story	91	7	6.26	4.93	Amelia did not want to go to the bar with her friends after seeing the movie so she made up	for why she needed to go home early.	True	Did Amelia go home late?	no
858.215	0.2	858215	255	filler_word	87	47	2	delong	unexpected	an	a	excuse	story	91	7	6.26	4.93	Amelia did not want to go to the bar with her friends after seeing the movie so she made up	for why she needed to go home early.	True	Did Amelia go home late?	no
858.7	0.2	858700	255	filler_word	87	47	2	delong	unexpected	an	a	excuse	story	91	7	6.26	4.93	Amelia did not want to go to the bar with her friends after seeing the movie so she made up	for why she needed to go home early.	True	Did Amelia go home late?	no
859.185	0.2	859185	255	filler_word	87	47	2	delong	unexpected	an	a	excuse	story	91	7	6.26	4.93	Amelia did not want to go to the bar with her friends after seeing the movie so she made up	for why she needed to go home early.	True	Did Amelia go home late?	no
859.671	0.2	859671	255	filler_word	87	47	2	delong	unexpected	an	a	excuse	story	91	7	6.26	4.93	Amelia did not want to go to the bar with her friends after seeing the movie so she made up	for why she needed to go home early.	True	Did Amelia go home late?	no
860.156	0.2	860156	255	filler_word	87	47	2	delong	unexpected	an	a	excuse	story	91	7	6.26	4.93	Amelia did not want to go to the bar with her friends after seeing the movie so she made up	for why she needed to go home early.	True	Did Amelia go home late?	no
860.641	0.2	860641	255	filler_word	87	47	2	delong	unexpected	an	a	excuse	story	91	7	6.26	4.93	Amelia did not want to go to the bar with her friends after seeing the movie so she made up	for why she needed to go home early.	True	Did Amelia go home late?	no
861.126	0.2	861126	255	filler_word	87	47	2	delong	unexpected	an	a	excuse	story	91	7	6.26	4.93	Amelia did not want to go to the bar with her friends after seeing the movie so she made up	for why she needed to go home early.	True	Did Amelia go home late?	no
861.611	0.2	861611	255	filler_word	87	47	2	delong	unexpected	an	a	excuse	story	91	7	6.26	4.93	Amelia did not want to go to the bar with her friends after seeing the movie so she made up	for why she needed to go home early.	True	Did Amelia go home late?	no
862.096	0.2	862096	255	filler_word	87	47	2	delong	unexpected	an	a	excuse	story	91	7	6.26	4.93	Amelia did not want to go to the bar with her friends after seeing the movie so she made up	for why she needed to go home early.	True	Did Amelia go home late?	no
862.582	0.2	862582	255	filler_word	87	47	2	delong	unexpected	an	a	excuse	story	91	7	6.26	4.93	Amelia did not want to go to the bar with her friends after seeing the movie so she made up	for why she needed to go home early.	True	Did Amelia go home late?	no
863.067	0.2	863067	255	filler_word	87	47	2	delong	unexpected	an	a	excuse	story	91	7	6.26	4.93	Amelia did not want to go to the bar with her friends after seeing the movie so she made up	for why she needed to go home early.	True	Did Amelia go home late?	no
863.552	0.2	863552	255	filler_word	87	47	2	delong	unexpected	an	a	excuse	story	91	7	6.26	4.93	Amelia did not want to go to the bar with her friends after seeing the movie so she made up	for why she needed to go home early.	True	Did Amelia go home late?	no
864.037	0.2	864037	255	filler_word	87	47	2	delong	unexpected	an	a	excuse	story	91	7	6.26	4.93	Amelia did not want to go to the bar with her friends after seeing the movie so she made up	for why she needed to go home early.	True	Did Amelia go home late?	no
864.522	0.2	864522	255	filler_word	87	47	2	delong	unexpected	an	a	excuse	story	91	7	6.26	4.93	Amelia did not want to go to the bar with her friends after seeing the movie so she made up	for why she needed to go home early.	True	Did Amelia go home late?	no
865.008	0.2	865008	255	filler_word	87	47	2	delong	unexpected	an	a	excuse	story	91	7	6.26	4.93	Amelia did not want to go to the bar with her friends after seeing the movie so she made up	for why she needed to go home early.	True	Did Amelia go home late?	no
865.493	0.2	865493	255	filler_word	87	47	2	delong	unexpected	an	a	excuse	story	91	7	6.26	4.93	Amelia did not want to go to the bar with her friends after seeing the movie so she made up	for why she needed to go home early.	True	Did Amelia go home late?	no
865.978	0.2	865978	203	a_unexpected	87	47	2	delong	unexpected	an	a	excuse	story	91	7	6.26	4.93	Amelia did not want to go to the bar with her friends after seeing the movie so she made up	for why she needed to go home early.	True	Did Amelia go home late?	no
866.028	0.0	866028	16	cloze_marker	87	47	2	delong	unexpected	an	a	excuse	story	91	7	6.26	4.93	Amelia did not want to go to the bar with her friends after seeing the movie so she made up	for why she needed to go home early.	True	Did Amelia go home late?	no
866.262	0.0	866262	159	item_marker	88	59	2	delong	unexpected	an	a	airport	city	52	16	6.03	4.9	The pilot had to make an emergency landing in the middle of the desert because he was nowhere near	or a safe place to land.	False	n/a	n/a
866.463	0.2	866463	206	noun_unexpected	88	59	2	delong	unexpected	an	a	airport	city	52	16	6.03	4.9	The pilot had to make an emergency landing in the middle of the desert because he was nowhere near	or a safe place to land.	False	n/a	n/a
866.513	0.0	866513	7	cloze_marker	88	59	2	delong	unexpected	an	a	airport	city	52	16	6.03	4.9	The pilot had to make an emergency landing in the middle of the desert because he was nowhere near	or a safe place to land.	False	n/a	n/a
866.748	0.0	866748	159	item_marker	89	59	2	delong	unexpected	an	a	airport	city	52	16	6.03	4.9	The pilot had to make an emergency landing in the middle of the desert because he was nowhere near	or a safe place to land.	False	n/a	n/a
866.948	0.2	866948	255	filler_word	89	59	2	delong	unexpected	an	a	airport	city	52	16	6.03	4.9	The pilot had to make an emergency landing in the middle of the desert because he was nowhere near	or a safe place to land.	False	n/a	n/a
867.433	0.2	867433	255	filler_word	89	59	2	delong	unexpected	an	a	airport	city	52	16	6.03	4.9	The pilot had to make an emergency landing in the middle of the desert because he was nowhere near	or a safe place to land.	False	n/a	n/a
867.919	0.2	867919	255	filler_word	89	59	2	delong	unexpected	an	a	airport	city	52	16	6.03	4.9	The pilot had to make an emergency landing in the middle of the desert because he was nowhere near	or a safe place to land.	False	n/a	n/a
868.404	0.2	868404	255	filler_word	89	59	2	delong	unexpected	an	a	airport	city	52	16	6.03	4.9	The pilot had to make an emergency landing in the middle of the desert because he was nowhere near	or a safe place to land.	False	n/a	n/a
868.889	0.2	868889	255	filler_word	89	59	2	delong	unexpected	an	a	airport	city	52	16	6.03	4.9	The pilot had to make an emergency landing in the middle of the desert because he was nowhere near	or a safe place to land.	False	n/a	n/a
869.374	0.2	869374	208	final_unexpected	89	59	2	delong	unexpected	an	a	airport	city	52	16	6.03	4.9	The pilot had to make an emergency landing in the middle of the desert because he was nowhere near	or a safe place to land.	False	n/a	n/a
872.453	0.2	872453	255	filler_word	89	59	2	delong	unexpected	an	a	airport	city	52	16	6.03	4.9	The pilot had to make an emergency landing in the middle of the desert because he was nowhere near	or a safe place to land.	False	n/a	n/a
872.938	0.2	872938	255	filler_word	89	59	2	delong	unexpected	an	a	airport	city	52	16	6.03	4.9	The pilot had to make an emergency landing in the middle of the desert because he was nowhere near	or a safe place to land.	False	n/a	n/a
873.423	0.2	873423	255	filler_word	89	59	2	delong	unexpected	an	a	airport	city	52	16	6.03	4.9	The pilot had to make an emergency landing in the middle of the desert because he was nowhere near	or a safe place to land.	False	n/a	n/a
873.908	0.2	873908	255	filler_word	89	59	2	delong	unexpected	an	a	airport	city	52	16	6.03	4.9	The pilot had to make an emergency landing in the middle of the desert because he was nowhere near	or a safe place to land.	False	n/a	n/a
874.393	0.2	874393	255	filler_word	89	59	2	delong	unexpected	an	a	airport	city	52	16	6.03	4.9	The pilot had to make an emergency landing in the middle of the desert because he was nowhere near	or a safe place to land.	False	n/a	n/a
874.879	0.2	874879	255	filler_word	89	59	2	delong	unexpected	an	a	airport	city	52	16	6.03	4.9	The pilot had to make an emergency landing in the middle of the desert because he was nowhere near	or a safe place to land.	False	n/a	n/a
875.364	0.2	875364	255	filler_word	89	59	2	delong	unexpected	an	a	airport	city	52	16	6.03	4.9	The pilot had to make an emergency landing in the middle of the desert because he was nowhere near	or a safe place to land.	False	n/a	n/a
875.849	0.2	875849	255	filler_word	89	59	2	delong	unexpected	an	a	airport	city	52	16	6.03	4.9	The pilot had to make an emergency landing in the middle of the desert because he was nowhere near	or a safe place to land.	False	n/a	n/a
876.334	0.2	876334	255	filler_word	89	59	2	delong	unexpected	an	a	airport	city	52	16	6.03	4.9	The pilot had to make an emergency landing in the middle of the desert because he was nowhere near	or a safe place to land.	False	n/a	n/a
876.819	0.2	876819	255	filler_word	89	59	2	delong	unexpected	an	a	airport	city	52	16	6.03	4.9	The pilot had to make an emergency landing in the middle of the desert because he was nowhere near	or a safe place to land.	False	n/a	n/a
877.304	0.2	877304	255	filler_word	89	59	2	delong	unexpected	an	a	airport	city	52	16	6.03	4.9	The pilot had to make an emergency landing in the middle of the desert because he was nowhere near	or a safe place to land.	False	n/a	n/a
877.79	0.2	877790	255	filler_word	89	59	2	delong	unexpected	an	a	airport	city	52	16	6.03	4.9	The pilot had to make an emergency landing in the middle of the desert because he was nowhere near	or a safe place to land.	False	n/a	n/a
878.275	0.2	878275	255	filler_word	89	59	2	delong	unexpected	an	a	airport	city	52	16	6.03	4.9	The pilot had to make an emergency landing in the middle of the desert because he was nowhere near	or a safe place to land.	False	n/a	n/a
878.76	0.2	878760	255	filler_word	89	59	2	delong	unexpected	an	a	airport	city	52	16	6.03	4.9	The pilot had to make an emergency landing in the middle of the desert because he was nowhere near	or a safe place to land.	False	n/a	n/a
879.245	0.2	879245	255	filler_word	89	59	2	delong	unexpected	an	a	airport	city	52	16	6.03	4.9	The pilot had to make an emergency landing in the middle of the desert because he was nowhere near	or a safe place to land.	False	n/a	n/a
879.73	0.2	879730	255	filler_word	89	59	2	delong	unexpected	an	a	airport	city	52	16	6.03	4.9	The pilot had to make an emergency landing in the middle of the desert because he was nowhere near	or a safe place to land.	False	n/a	n/a
880.216	0.2	880216	255	filler_word	89	59	2	delong	unexpected	an	a	airport	city	52	16	6.03	4.9	The pilot had to make an emergency landing in the middle of the desert because he was nowhere near	or a safe place to land.	False	n/a	n/a
880.701	0.2	880701	255	filler_word	89	59	2	delong	unexpected	an	a	airport	city	52	16	6.03	4.9	The pilot had to make an emergency landing in the middle of the desert because he was nowhere near	or a safe place to land.	False	n/a	n/a
881.186	0.2	881186	255	filler_word	89	59	2	delong	unexpected	an	a	airport	city	52	16	6.03	4.9	The pilot had to make an emergency landing in the middle of the desert because he was nowhere near	or a safe place to land.	False	n/a	n/a
881.671	0.2	881671	255	filler_word	89	59	2	delong	unexpected	an	a	airport	city	52	16	6.03	4.9	The pilot had to make an emergency landing in the middle of the desert because he was nowhere near	or a safe place to land.	False	n/a	n/a
882.156	0.2	882156	203	a_unexpected	89	59	2	delong	unexpected	an	a	airport	city	52	16	6.03	4.9	The pilot had to make an emergency landing in the middle of the desert because he was nowhere near	or a safe place to land.	False	n/a	n/a
882.206	0.0	882206	200	cloze_marker	89	59	2	delong	unexpected	an	a	airport	city	52	16	6.03	4.9	The pilot had to make an emergency landing in the middle of the desert because he was nowhere near	or a safe place to land.	False	n/a	n/a
882.441	0.0	882441	144	item_marker	90	44	2	delong	unexpected	an	a	envelope	stamp	77	0	5.87	5.06	When Wendy went to pay for the birthday card the clerk pointed out that she had forgotten to pick up	along with it.	False	n/a	n/a
882.641	0.2	882641	206	noun_unexpected	90	44	2	delong	unexpected	an	a	envelope	stamp	77	0	5.87	5.06	When Wendy went to pay for the birthday card the clerk pointed out that she had forgotten to pick up	along with it.	False	n/a	n/a
882.691	0.0	882691	47	cloze_marker	90	44	2	delong	unexpected	an	a	envelope	stamp	77	0	5.87	5.06	When Wendy went to pay for the birthday card the clerk pointed out that she had forgotten to pick up	along with it.	False	n/a	n/a
882.926	0.0	882926	144	item_marker	91	44	2	delong	unexpected	an	a	envelope	stamp	77	0	5.87	5.06	When Wendy went to pay for the birthday card the clerk pointed out that she had forgotten to pick up	along with it.	False	n/a	n/a
883.127	0.2	883127	255	filler_word	91	44	2	delong	unexpected	an	a	envelope	stamp	77	0	5.87	5.06	When Wendy went to pay for the birthday card the clerk pointed out that she had forgotten to pick up	along with it.	False	n/a	n/a
883.612	0.2	883612	255	filler_word	91	44	2	delong	unexpected	an	a	envelope	stamp	77	0	5.87	5.06	When Wendy went to pay for the birthday card the clerk pointed out that she had forgotten to pick up	along with it.	False	n/a	n/a
884.097	0.2	884097	208	final_unexpected	91	44	2	delong	unexpected	an	a	envelope	stamp	77	0	5.87	5.06	When Wendy went to pay for the birthday card the clerk pointed out that she had forgotten to pick up	along with it.	False	n/a	n/a
887.058	0.2	887058	255	filler_word	91	44	2	delong	unexpected	an	a	envelope	stamp	77	0	5.87	5.06	When Wendy went to pay for the birthday card the clerk pointed out that she had forgotten to pick up	along with it.	False	n/a	n/a
887.543	0.2	887543	255	filler_word	91	44	2	delong	unexpected	an	a	envelope	stamp	77	0	5.87	5.06	When Wendy went to pay for the birthday card the clerk pointed out that she had forgotten to pick up	along with it.	False	n/a	n/a
888.029	0.2	888029	255	filler_word	91	44	2	delong	unexpected	an	a	envelope	stamp	77	0	5.87	5.06	When Wendy went to pay for the birthday card the clerk pointed out that she had forgotten to pick up	along with it.	False	n/a	n/a
888.514	0.2	888514	255	filler_word	91	44	2	delong	unexpected	an	a	envelope	stamp	77	0	5.87	5.06	When Wendy went to pay for the birthday card the clerk pointed out that she had forgotten to pick up	along with it.	False	n/a	n/a
888.999	0.2	888999	255	filler_word	91	44	2	delong	unexpected	an	a	envelope	stamp	77	0	5.87	5.06	When Wendy went to pay for the birthday card the clerk pointed out that she had forgotten to pick up	along with it.	False	n/a	n/a
889.484	0.2	889484	255	filler_word	91	44	2	delong	unexpected	an	a	envelope	stamp	77	0	5.87	5.06	When Wendy went to pay for the birthday card the clerk pointed out that she had forgotten to pick up	along with it.	False	n/a	n/a
889.969	0.2	889969	255	filler_word	91	44	2	delong	unexpected	an	a	envelope	stamp	77	0	5.87	5.06	When Wendy went to pay for the birthday card the clerk pointed out that she had forgotten to pick up	along with it.	False	n/a	n/a
890.455	0.2	890455	255	filler_word	91	44	2	delong	unexpected	an	a	envelope	stamp	77	0	5.87	5.06	When Wendy went to pay for the birthday card the clerk pointed out that she had forgotten to pick up	along with it.	False	n/a	n/a
890.94	0.2	890940	255	filler_word	91	44	2	delong	unexpected	an	a	envelope	stamp	77	0	5.87	5.06	When Wendy went to pay for the birthday card the clerk pointed out that she had forgotten to pick up	along with it.	False	n/a	n/a
891.425	0.2	891425	255	filler_word	91	44	2	delong	unexpected	an	a	envelope	stamp	77	0	5.87	5.06	When Wendy went to pay for the birthday card the clerk pointed out that she had forgotten to pick up	along with it.	False	n/a	n/a
891.91	0.2	891910	255	filler_word	91	44	2	delong	unexpected	an	a	envelope	stamp	77	0	5.87	5.06	When Wendy went to pay for the birthday card the clerk pointed out that she had forgotten to pick up	along with it.	False	n/a	n/a
892.395	0.2	892395	255	filler_word	91	44	2	delong	unexpected	an	a	envelope	stamp	77	0	5.87	5.06	When Wendy went to pay for the birthday card the clerk pointed out that she had forgotten to pick up	along with it.	False	n/a	n/a
892.88	0.2	892880	255	filler_word	91	44	2	delong	unexpected	an	a	envelope	stamp	77	0	5.87	5.06	When Wendy went to pay for the birthday card the clerk pointed out that she had forgotten to pick up	along with it.	False	n/a	n/a
893.366	0.2	893366	255	filler_word	91	44	2	delong	unexpected	an	a	envelope	stamp	77	0	5.87	5.06	When Wendy went to pay for the birthday card the clerk pointed out that she had forgotten to pick up	along with it.	False	n/a	n/a
893.851	0.2	893851	255	filler_word	91	44	2	delong	unexpected	an	a	envelope	stamp	77	0	5.87	5.06	When Wendy went to pay for the birthday card the clerk pointed out that she had forgotten to pick up	along with it.	False	n/a	n/a
894.336	0.2	894336	202	an_expected	91	44	2	delong	unexpected	an	a	envelope	stamp	77	0	5.87	5.06	When Wendy went to pay for the birthday card the clerk pointed out that she had forgotten to pick up	along with it.	False	n/a	n/a
894.386	0.0	894386	91	cloze_marker	91	44	2	delong	unexpected	an	a	envelope	stamp	77	0	5.87	5.06	When Wendy went to pay for the birthday card the clerk pointed out that she had forgotten to pick up	along with it.	False	n/a	n/a
894.62	0.0	894620	141	item_marker	92	41	2	delong	expected	an	a	adult	parent	91	9	5.58	4.7	In order to get into an R-rated movie children under 17 must be accompanied by	or legal guardian.	False	n/a	n/a
894.821	0.2	894821	205	noun_expected	92	41	2	delong	expected	an	a	adult	parent	91	9	5.58	4.7	In order to get into an R-rated movie children under 17 must be accompanied by	or legal guardian.	False	n/a	n/a
894.871	0.0	894871	100	cloze_marker	92	41	2	delong	expected	an	a	adult	parent	91	9	5.58	4.7	In order to get into an R-rated movie children under 17 must be accompanied by	or legal guardian.	False	n/a	n/a
895.106	0.0	895106	141	item_marker	93	41	2	delong	expected	an	a	adult	parent	91	9	5.58	4.7	In order to get into an R-rated movie children under 17 must be accompanied by	or legal guardian.	False	n/a	n/a
895.306	0.2	895306	255	filler_word	93	41	2	delong	expected	an	a	adult	parent	91	9	5.58	4.7	In order to get into an R-rated movie children under 17 must be accompanied by	or legal guardian.	False	n/a	n/a
895.792	0.2	895792	255	filler_word	93	41	2	delong	expected	an	a	adult	parent	91	9	5.58	4.7	In order to get into an R-rated movie children under 17 must be accompanied by	or legal guardian.	False	n/a	n/a
896.277	0.2	896277	207	final_expected	93	41	2	delong	expected	an	a	adult	parent	91	9	5.58	4.7	In order to get into an R-rated movie children under 17 must be accompanied by	or legal guardian.	False	n/a	n/a
902.316	0.2	902316	255	filler_word	93	41	2	delong	expected	an	a	adult	parent	91	9	5.58	4.7	In order to get into an R-rated movie children under 17 must be accompanied by	or legal guardian.	False	n/a	n/a
902.802	0.2	902802	255	filler_word	93	41	2	delong	expected	an	a	adult	parent	91	9	5.58	4.7	In order to get into an R-rated movie children under 17 must be accompanied by	or legal guardian.	False	n/a	n/a
903.287	0.2	903287	255	filler_word	93	41	2	delong	expected	an	a	adult	parent	91	9	5.58	4.7	In order to get into an R-rated movie children under 17 must be accompanied by	or legal guardian.	False	n/a	n/a
903.772	0.2	903772	255	filler_word	93	41	2	delong	expected	an	a	adult	parent	91	9	5.58	4.7	In order to get into an R-rated movie children under 17 must be accompanied by	or legal guardian.	False	n/a	n/a
904.257	0.2	904257	255	filler_word	93	41	2	delong	expected	an	a	adult	parent	91	9	5.58	4.7	In order to get into an R-rated movie children under 17 must be accompanied by	or legal guardian.	False	n/a	n/a
904.742	0.2	904742	255	filler_word	93	41	2	delong	expected	an	a	adult	parent	91	9	5.58	4.7	In order to get into an R-rated movie children under 17 must be accompanied by	or legal guardian.	False	n/a	n/a
905.228	0.2	905228	255	filler_word	93	41	2	delong	expected	an	a	adult	parent	91	9	5.58	4.7	In order to get into an R-rated movie children under 17 must be accompanied by	or legal guardian.	False	n/a	n/a
905.713	0.2	905713	255	filler_word	93	41	2	delong	expected	an	a	adult	parent	91	9	5.58	4.7	In order to get into an R-rated movie children under 17 must be accompanied by	or legal guardian.	False	n/a	n/a
906.198	0.2	906198	255	filler_word	93	41	2	delong	expected	an	a	adult	parent	91	9	5.58	4.7	In order to get into an R-rated movie children under 17 must be accompanied by	or legal guardian.	False	n/a	n/a
906.683	0.2	906683	255	filler_word	93	41	2	delong	expected	an	a	adult	parent	91	9	5.58	4.7	In order to get into an R-rated movie children under 17 must be accompanied by	or legal guardian.	False	n/a	n/a
907.168	0.2	907168	204	an_unexpected	93	41	2	delong	expected	an	a	adult	parent	91	9	5.58	4.7	In order to get into an R-rated movie children under 17 must be accompanied by	or legal guardian.	False	n/a	n/a
907.218	0.0	907218	5	cloze_marker	93	41	2	delong	expected	an	a	adult	parent	91	9	5.58	4.7	In order to get into an R-rated movie children under 17 must be accompanied by	or legal guardian.	False	n/a	n/a
907.453	0.0	907453	152	item_marker	94	52	2	delong	unexpected	a	an	success	author	86	5	5.8	2.87	Alicia's first client was a failure but her second was	and made her a lot of money.	False	n/a	n/a
907.653	0.2	907653	206	noun_unexpected	94	52	2	delong	unexpected	a	an	success	author	86	5	5.8	2.87	Alicia's first client was a failure but her second was	and made her a lot of money.	False	n/a	n/a
907.703	0.0	907703	200	cloze_marker	94	52	2	delong	unexpected	a	an	success	author	86	5	5.8	2.87	Alicia's first client was a failure but her second was	and made her a lot of money.	False	n/a	n/a
907.938	0.0	907938	152	item_marker	95	52	2	delong	unexpected	a	an	success	author	86	5	5.8	2.87	Alicia's first client was a failure but her second was	and made her a lot of money.	False	n/a	n/a
908.139	0.2	908139	255	filler_word	95	52	2	delong	unexpected	a	an	success	author	86	5	5.8	2.87	Alicia's first client was a failure but her second was	and made her a lot of money.	False	n/a	n/a
908.624	0.2	908624	255	filler_word	95	52	2	delong	unexpected	a	an	success	author	86	5	5.8	2.87	Alicia's first client was a failure but her second was	and made her a lot of money.	False	n/a	n/a
909.109	0.2	909109	255	filler_word	95	52	2	delong	unexpected	a	an	success	author	86	5	5.8	2.87	Alicia's first client was a failure but her second was	and made her a lot of money.	False	n/a	n/a
909.594	0.2	909594	255	filler_word	95	52	2	delong	unexpected	a	an	success	author	86	5	5.8	2.87	Alicia's first client was a failure but her second was	and made her a lot of money.	False	n/a	n/a
910.079	0.2	910079	255	filler_word	95	52	2	delong	unexpected	a	an	success	author	86	5	5.8	2.87	Alicia's first client was a failure but her second was	and made her a lot of money.	False	n/a	n/a
910.565	0.2	910565	255	filler_word	95	52	2	delong	unexpected	a	an	success	author	86	5	5.8	2.87	Alicia's first client was a failure but her second was	and made her a lot of money.	False	n/a	n/a
911.05	0.2	911050	208	final_unexpected	95	52	2	delong	unexpected	a	an	success	author	86	5	5.8	2.87	Alicia's first client was a failure but her second was	and made her a lot of money.	False	n/a	n/a
914.145	0.2	914145	255	filler_word	95	52	2	delong	unexpected	a	an	success	author	86	5	5.8	2.87	Alicia's first client was a failure but her second was	and made her a lot of money.	False	n/a	n/a
914.63	0.2	914630	255	filler_word	95	52	2	delong	unexpected	a	an	success	author	86	5	5.8	2.87	Alicia's first client was a failure but her second was	and made her a lot of money.	False	n/a	n/a
915.115	0.2	915115	255	filler_word	95	52	2	delong	unexpected	a	an	success	author	86	5	5.8	2.87	Alicia's first client was a failure but her second was	and made her a lot of money.	False	n/a	n/a
915.6	0.2	915600	255	filler_word	95	52	2	delong	unexpected	a	an	success	author	86	5	5.8	2.87	Alicia's first client was a failure but her second was	and made her a lot of money.	False	n/a	n/a
916.086	0.2	916086	255	filler_word	95	52	2	delong	unexpected	a	an	success	author	86	5	5.8	2.87	Alicia's first client was a failure but her second was	and made her a lot of money.	False	n/a	n/a
916.571	0.2	916571	255	filler_word	95	52	2	delong	unexpected	a	an	success	author	86	5	5.8	2.87	Alicia's first client was a failure but her second was	and made her a lot of money.	False	n/a	n/a
917.056	0.2	917056	255	filler_word	95	52	2	delong	unexpected	a	an	success	author	86	5	5.8	2.87	Alicia's first client was a failure but her second was	and made her a lot of money.	False	n/a	n/a
917.541	0.2	917541	255	filler_word	95	52	2	delong	unexpected	a	an	success	author	86	5	5.8	2.87	Alicia's first client was a failure but her second was	and made her a lot of money.	False	n/a	n/a
918.026	0.2	918026	255	filler_word	95	52	2	delong	unexpected	a	an	success	author	86	5	5.8	2.87	Alicia's first client was a failure but her second was	and made her a lot of money.	False	n/a	n/a
918.511	0.2	918511	255	filler_word	95	52	2	delong	unexpected	a	an	success	author	86	5	5.8	2.87	Alicia's first client was a failure but her second was	and made her a lot of money.	False	n/a	n/a
918.997	0.2	918997	255	filler_word	95	52	2	delong	unexpected	a	an	success	author	86	5	5.8	2.87	Alicia's first client was a failure but her second was	and made her a lot of money.	False	n/a	n/a
919.482	0.2	919482	255	filler_word	95	52	2	delong	unexpected	a	an	success	author	86	5	5.8	2.87	Alicia's first client was a failure but her second was	and made her a lot of money.	False	n/a	n/a
919.967	0.2	919967	255	filler_word	95	52	2	delong	unexpected	a	an	success	author	86	5	5.8	2.87	Alicia's first client was a failure but her second was	and made her a lot of money.	False	n/a	n/a
920.452	0.2	920452	255	filler_word	95	52	2	delong	unexpected	a	an	success	author	86	5	5.8	2.87	Alicia's first client was a failure but her second was	and made her a lot of money.	False	n/a	n/a
920.937	0.2	920937	255	filler_word	95	52	2	delong	unexpected	a	an	success	author	86	5	5.8	2.87	Alicia's first client was a failure but her second was	and made her a lot of money.	False	n/a	n/a
921.423	0.2	921423	255	filler_word	95	52	2	delong	unexpected	a	an	success	author	86	5	5.8	2.87	Alicia's first client was a failure but her second was	and made her a lot of money.	False	n/a	n/a
921.908	0.2	921908	255	filler_word	95	52	2	delong	unexpected	a	an	success	author	86	5	5.8	2.87	Alicia's first client was a failure but her second was	and made her a lot of money.	False	n/a	n/a
922.393	0.2	922393	255	filler_word	95	52	2	delong	unexpected	a	an	success	author	86	5	5.8	2.87	Alicia's first client was a failure but her second was	and made her a lot of money.	False	n/a	n/a
922.878	0.2	922878	202	an_expected	95	52	2	delong	unexpected	a	an	success	author	86	5	5.8	2.87	Alicia's first client was a failure but her second was	and made her a lot of money.	False	n/a	n/a
922.928	0.0	922928	73	cloze_marker	95	52	2	delong	unexpected	a	an	success	author	86	5	5.8	2.87	Alicia's first client was a failure but her second was	and made her a lot of money.	False	n/a	n/a
923.163	0.0	923163	145	item_marker	96	45	2	delong	expected	an	a	amateur	beginner	73	5	6.0	6.45	The professional photographer was disqualified from the photo contest because the rules explicitly state that you must be	in order to compete.	False	n/a	n/a
923.363	0.2	923363	205	noun_expected	96	45	2	delong	expected	an	a	amateur	beginner	73	5	6.0	6.45	The professional photographer was disqualified from the photo contest because the rules explicitly state that you must be	in order to compete.	False	n/a	n/a
923.413	0.0	923413	67	cloze_marker	96	45	2	delong	expected	an	a	amateur	beginner	73	5	6.0	6.45	The professional photographer was disqualified from the photo contest because the rules explicitly state that you must be	in order to compete.	False	n/a	n/a
923.648	0.0	923648	145	item_marker	97	45	2	delong	expected	an	a	amateur	beginner	73	5	6.0	6.45	The professional photographer was disqualified from the photo contest because the rules explicitly state that you must be	in order to compete.	False	n/a	n/a
923.848	0.2	923848	255	filler_word	97	45	2	delong	expected	an	a	amateur	beginner	73	5	6.0	6.45	The professional photographer was disqualified from the photo contest because the rules explicitly state that you must be	in order to compete.	False	n/a	n/a
924.334	0.2	924334	255	filler_word	97	45	2	delong	expected	an	a	amateur	beginner	73	5	6.0	6.45	The professional photographer was disqualified from the photo contest because the rules explicitly state that you must be	in order to compete.	False	n/a	n/a
924.819	0.2	924819	255	filler_word	97	45	2	delong	expected	an	a	amateur	beginner	73	5	6.0	6.45	The professional photographer was disqualified from the photo contest because the rules explicitly state that you must be	in order to compete.	False	n/a	n/a
925.304	0.2	925304	207	final_expected	97	45	2	delong	expected	an	a	amateur	beginner	73	5	6.0	6.45	The professional photographer was disqualified from the photo contest because the rules explicitly state that you must be	in order to compete.	False	n/a	n/a
928.048	0.2	928048	255	filler_word	97	45	2	delong	expected	an	a	amateur	beginner	73	5	6.0	6.45	The professional photographer was disqualified from the photo contest because the rules explicitly state that you must be	in order to compete.	False	n/a	n/a
928.533	0.2	928533	255	filler_word	97	45	2	delong	expected	an	a	amateur	beginner	73	5	6.0	6.45	The professional photographer was disqualified from the photo contest because the rules explicitly state that you must be	in order to compete.	False	n/a	n/a
929.018	0.2	929018	255	filler_word	97	45	2	delong	expected	an	a	amateur	beginner	73	5	6.0	6.45	The professional photographer was disqualified from the photo contest because the rules explicitly state that you must be	in order to compete.	False	n/a	n/a
929.503	0.2	929503	255	filler_word	97	45	2	delong	expected	an	a	amateur	beginner	73	5	6.0	6.45	The professional photographer was disqualified from the photo contest because the rules explicitly state that you must be	in order to compete.	False	n/a	n/a
929.989	0.2	929989	255	filler_word	97	45	2	delong	expected	an	a	amateur	beginner	73	5	6.0	6.45	The professional photographer was disqualified from the photo contest because the rules explicitly state that you must be	in order to compete.	False	n/a	n/a
930.474	0.2	930474	255	filler_word	97	45	2	delong	expected	an	a	amateur	beginner	73	5	6.0	6.45	The professional photographer was disqualified from the photo contest because the rules explicitly state that you must be	in order to compete.	False	n/a	n/a
930.959	0.2	930959	255	filler_word	97	45	2	delong	expected	an	a	amateur	beginner	73	5	6.0	6.45	The professional photographer was disqualified from the photo contest because the rules explicitly state that you must be	in order to compete.	False	n/a	n/a
931.444	0.2	931444	255	filler_word	97	45	2	delong	expected	an	a	amateur	beginner	73	5	6.0	6.45	The professional photographer was disqualified from the photo contest because the rules explicitly state that you must be	in order to compete.	False	n/a	n/a
931.929	0.2	931929	255	filler_word	97	45	2	delong	expected	an	a	amateur	beginner	73	5	6.0	6.45	The professional photographer was disqualified from the photo contest because the rules explicitly state that you must be	in order to compete.	False	n/a	n/a
932.414	0.2	932414	255	filler_word	97	45	2	delong	expected	an	a	amateur	beginner	73	5	6.0	6.45	The professional photographer was disqualified from the photo contest because the rules explicitly state that you must be	in order to compete.	False	n/a	n/a
932.9	0.2	932900	255	filler_word	97	45	2	delong	expected	an	a	amateur	beginner	73	5	6.0	6.45	The professional photographer was disqualified from the photo contest because the rules explicitly state that you must be	in order to compete.	False	n/a	n/a
933.385	0.2	933385	255	filler_word	97	45	2	delong	expected	an	a	amateur	beginner	73	5	6.0	6.45	The professional photographer was disqualified from the photo contest because the rules explicitly state that you must be	in order to compete.	False	n/a	n/a
933.87	0.2	933870	255	filler_word	97	45	2	delong	expected	an	a	amateur	beginner	73	5	6.0	6.45	The professional photographer was disqualified from the photo contest because the rules explicitly state that you must be	in order to compete.	False	n/a	n/a
934.355	0.2	934355	255	filler_word	97	45	2	delong	expected	an	a	amateur	beginner	73	5	6.0	6.45	The professional photographer was disqualified from the photo contest because the rules explicitly state that you must be	in order to compete.	False	n/a	n/a
934.84	0.2	934840	255	filler_word	97	45	2	delong	expected	an	a	amateur	beginner	73	5	6.0	6.45	The professional photographer was disqualified from the photo contest because the rules explicitly state that you must be	in order to compete.	False	n/a	n/a
935.326	0.2	935326	255	filler_word	97	45	2	delong	expected	an	a	amateur	beginner	73	5	6.0	6.45	The professional photographer was disqualified from the photo contest because the rules explicitly state that you must be	in order to compete.	False	n/a	n/a
935.811	0.2	935811	201	a_expected	97	45	2	delong	expected	an	a	amateur	beginner	73	5	6.0	6.45	The professional photographer was disqualified from the photo contest because the rules explicitly state that you must be	in order to compete.	False	n/a	n/a
935.861	0.0	935861	93	cloze_marker	97	45	2	delong	expected	an	a	amateur	beginner	73	5	6.0	6.45	The professional photographer was disqualified from the photo contest because the rules explicitly state that you must be	in order to compete.	False	n/a	n/a
936.095	0.0	936095	154	item_marker	98	54	2	delong	expected	a	an	director	actor	93	5	6.17	5.55	From a young age Steven had an interest in filmmaking and had always dreamed of being	when he grew up.	True	Was Steven interested in art?	no
936.296	0.2	936296	205	noun_expected	98	54	2	delong	expected	a	an	director	actor	93	5	6.17	5.55	From a young age Steven had an interest in filmmaking and had always dreamed of being	when he grew up.	True	Was Steven interested in art?	no
936.346	0.0	936346	77	cloze_marker	98	54	2	delong	expected	a	an	director	actor	93	5	6.17	5.55	From a young age Steven had an interest in filmmaking and had always dreamed of being	when he grew up.	True	Was Steven interested in art?	no
936.58	0.0	936580	154	item_marker	99	54	2	delong	expected	a	an	director	actor	93	5	6.17	5.55	From a young age Steven had an interest in filmmaking and had always dreamed of being	when he grew up.	True	Was Steven interested in art?	no
936.781	0.2	936781	255	filler_word	99	54	2	delong	expected	a	an	director	actor	93	5	6.17	5.55	From a young age Steven had an interest in filmmaking and had always dreamed of being	when he grew up.	True	Was Steven interested in art?	no
937.266	0.2	937266	255	filler_word	99	54	2	delong	expected	a	an	director	actor	93	5	6.17	5.55	From a young age Steven had an interest in filmmaking and had always dreamed of being	when he grew up.	True	Was Steven interested in art?	no
937.751	0.2	937751	255	filler_word	99	54	2	delong	expected	a	an	director	actor	93	5	6.17	5.55	From a young age Steven had an interest in filmmaking and had always dreamed of being	when he grew up.	True	Was Steven interested in art?	no
938.237	0.2	938237	207	final_expected	99	54	2	delong	expected	a	an	director	actor	93	5	6.17	5.55	From a young age Steven had an interest in filmmaking and had always dreamed of being	when he grew up.	True	Was Steven interested in art?	no
944.176	0.2	944176	255	filler_word	99	54	2	delong	expected	a	an	director	actor	93	5	6.17	5.55	From a young age Steven had an interest in filmmaking and had always dreamed of being	when he grew up.	True	Was Steven interested in art?	no
944.661	0.2	944661	255	filler_word	99	54	2	delong	expected	a	an	director	actor	93	5	6.17	5.55	From a young age Steven had an interest in filmmaking and had always dreamed of being	when he grew up.	True	Was Steven interested in art?	no
945.146	0.2	945146	255	filler_word	99	54	2	delong	expected	a	an	director	actor	93	5	6.17	5.55	From a young age Steven had an interest in filmmaking and had always dreamed of being	when he grew up.	True	Was Steven interested in art?	no
945.631	0.2	945631	255	filler_word	99	54	2	delong	expected	a	an	director	actor	93	5	6.17	5.55	From a young age Steven had an interest in filmmaking and had always dreamed of being	when he grew up.	True	Was Steven interested in art?	no
946.117	0.2	946117	255	filler_word	99	54	2	delong	expected	a	an	director	actor	93	5	6.17	5.55	From a young age Steven had an interest in filmmaking and had always dreamed of being	when he grew up.	True	Was Steven interested in art?	no
946.602	0.2	946602	255	filler_word	99	54	2	delong	expected	a	an	director	actor	93	5	6.17	5.55	From a young age Steven had an interest in filmmaking and had always dreamed of being	when he grew up.	True	Was Steven interested in art?	no
947.087	0.2	947087	255	filler_word	99	54	2	delong	expected	a	an	director	actor	93	5	6.17	5.55	From a young age Steven had an interest in filmmaking and had always dreamed of being	when he grew up.	True	Was Steven interested in art?	no
947.572	0.2	947572	255	filler_word	99	54	2	delong	expected	a	an	director	actor	93	5	6.17	5.55	From a young age Steven had an interest in filmmaking and had always dreamed of being	when he grew up.	True	Was Steven interested in art?	no
948.057	0.2	948057	255	filler_word	99	54	2	delong	expected	a	an	director	actor	93	5	6.17	5.55	From a young age Steven had an interest in filmmaking and had always dreamed of being	when he grew up.	True	Was Steven interested in art?	no
948.543	0.2	948543	255	filler_word	99	54	2	delong	expected	a	an	director	actor	93	5	6.17	5.55	From a young age Steven had an interest in filmmaking and had always dreamed of being	when he grew up.	True	Was Steven interested in art?	no
949.028	0.2	949028	204	an_unexpected	99	54	2	delong	expected	a	an	director	actor	93	5	6.17	5.55	From a young age Steven had an interest in filmmaking and had always dreamed of being	when he grew up.	True	Was Steven interested in art?	no
949.078	0.0	949078	200	cloze_marker	99	54	2	delong	expected	a	an	director	actor	93	5	6.17	5.55	From a young age Steven had an interest in filmmaking and had always dreamed of being	when he grew up.	True	Was Steven interested in art?	no
949.312	0.0	949312	148	item_marker	100	48	2	delong	unexpected	a	an	story	excuse	89	0	6.55	2.4	Before little Gloria went to sleep she wanted to hear	from her mother.	False	n/a	n/a
949.513	0.2	949513	206	noun_unexpected	100	48	2	delong	unexpected	a	an	story	excuse	89	0	6.55	2.4	Before little Gloria went to sleep she wanted to hear	from her mother.	False	n/a	n/a
949.563	0.0	949563	200	cloze_marker	100	48	2	delong	unexpected	a	an	story	excuse	89	0	6.55	2.4	Before little Gloria went to sleep she wanted to hear	from her mother.	False	n/a	n/a
949.797	0.0	949797	148	item_marker	101	48	2	delong	unexpected	a	an	story	excuse	89	0	6.55	2.4	Before little Gloria went to sleep she wanted to hear	from her mother.	False	n/a	n/a
949.998	0.2	949998	255	filler_word	101	48	2	delong	unexpected	a	an	story	excuse	89	0	6.55	2.4	Before little Gloria went to sleep she wanted to hear	from her mother.	False	n/a	n/a
950.483	0.2	950483	255	filler_word	101	48	2	delong	unexpected	a	an	story	excuse	89	0	6.55	2.4	Before little Gloria went to sleep she wanted to hear	from her mother.	False	n/a	n/a
950.968	0.2	950968	208	final_unexpected	101	48	2	delong	unexpected	a	an	story	excuse	89	0	6.55	2.4	Before little Gloria went to sleep she wanted to hear	from her mother.	False	n/a	n/a
956.439	0.2	956439	255	filler_word	101	48	2	delong	unexpected	a	an	story	excuse	89	0	6.55	2.4	Before little Gloria went to sleep she wanted to hear	from her mother.	False	n/a	n/a
956.925	0.2	956925	255	filler_word	101	48	2	delong	unexpected	a	an	story	excuse	89	0	6.55	2.4	Before little Gloria went to sleep she wanted to hear	from her mother.	False	n/a	n/a
957.41	0.2	957410	255	filler_word	101	48	2	delong	unexpected	a	an	story	excuse	89	0	6.55	2.4	Before little Gloria went to sleep she wanted to hear	from her mother.	False	n/a	n/a
957.895	0.2	957895	255	filler_word	101	48	2	delong	unexpected	a	an	story	excuse	89	0	6.55	2.4	Before little Gloria went to sleep she wanted to hear	from her mother.	False	n/a	n/a
958.38	0.2	958380	255	filler_word	101	48	2	delong	unexpected	a	an	story	excuse	89	0	6.55	2.4	Before little Gloria went to sleep she wanted to hear	from her mother.	False	n/a	n/a
958.865	0.2	958865	204	an_unexpected	101	48	2	delong	unexpected	a	an	story	excuse	89	0	6.55	2.4	Before little Gloria went to sleep she wanted to hear	from her mother.	False	n/a	n/a
958.915	0.0	958915	2	cloze_marker	101	48	2	delong	unexpected	a	an	story	excuse	89	0	6.55	2.4	Before little Gloria went to sleep she wanted to hear	from her mother.	False	n/a	n/a
959.15	0.0	959150	143	item_marker	102	43	2	delong	unexpected	a	an	stamp	envelope	86	2	4.67	3.74	Jeffrey mailed the letter without	so the post office would never deliver it.	True	Did Hannah mail the letter?	no
959.35	0.2	959350	206	noun_unexpected	102	43	2	delong	unexpected	a	an	stamp	envelope	86	2	4.67	3.74	Jeffrey mailed the letter without	so the post office would never deliver it.	True	Did Hannah mail the letter?	no
959.4	0.0	959400	40	cloze_marker	102	43	2	delong	unexpected	a	an	stamp	envelope	86	2	4.67	3.74	Jeffrey mailed the letter without	so the post office would never deliver it.	True	Did Hannah mail the letter?	no
959.635	0.0	959635	143	item_marker	103	43	2	delong	unexpected	a	an	stamp	envelope	86	2	4.67	3.74	Jeffrey mailed the letter without	so the post office would never deliver it.	True	Did Hannah mail the letter?	no
959.836	0.2	959836	255	filler_word	103	43	2	delong	unexpected	a	an	stamp	envelope	86	2	4.67	3.74	Jeffrey mailed the letter without	so the post office would never deliver it.	True	Did Hannah mail the letter?	no
960.321	0.2	960321	255	filler_word	103	43	2	delong	unexpected	a	an	stamp	envelope	86	2	4.67	3.74	Jeffrey mailed the letter without	so the post office would never deliver it.	True	Did Hannah mail the letter?	no
960.806	0.2	960806	255	filler_word	103	43	2	delong	unexpected	a	an	stamp	envelope	86	2	4.67	3.74	Jeffrey mailed the letter without	so the post office would never deliver it.	True	Did Hannah mail the letter?	no
961.291	0.2	961291	255	filler_word	103	43	2	delong	unexpected	a	an	stamp	envelope	86	2	4.67	3.74	Jeffrey mailed the letter without	so the post office would never deliver it.	True	Did Hannah mail the letter?	no
961.776	0.2	961776	255	filler_word	103	43	2	delong	unexpected	a	an	stamp	envelope	86	2	4.67	3.74	Jeffrey mailed the letter without	so the post office would never deliver it.	True	Did Hannah mail the letter?	no
962.262	0.2	962262	255	filler_word	103	43	2	delong	unexpected	a	an	stamp	envelope	86	2	4.67	3.74	Jeffrey mailed the letter without	so the post office would never deliver it.	True	Did Hannah mail the letter?	no
962.747	0.2	962747	255	filler_word	103	43	2	delong	unexpected	a	an	stamp	envelope	86	2	4.67	3.74	Jeffrey mailed the letter without	so the post office would never deliver it.	True	Did Hannah mail the letter?	no
963.232	0.2	963232	208	final_unexpected	103	43	2	delong	unexpected	a	an	stamp	envelope	86	2	4.67	3.74	Jeffrey mailed the letter without	so the post office would never deliver it.	True	Did Hannah mail the letter?	no
974.157	0.2	974157	255	filler_word	103	43	2	delong	unexpected	a	an	stamp	envelope	86	2	4.67	3.74	Jeffrey mailed the letter without	so the post office would never deliver it.	True	Did Hannah mail the letter?	no
974.642	0.2	974642	255	filler_word	103	43	2	delong	unexpected	a	an	stamp	envelope	86	2	4.67	3.74	Jeffrey mailed the letter without	so the post office would never deliver it.	True	Did Hannah mail the letter?	no
975.127	0.2	975127	255	filler_word	103	43	2	delong	unexpected	a	an	stamp	envelope	86	2	4.67	3.74	Jeffrey mailed the letter without	so the post office would never deliver it.	True	Did Hannah mail the letter?	no
975.612	0.2	975612	255	filler_word	103	43	2	delong	unexpected	a	an	stamp	envelope	86	2	4.67	3.74	Jeffrey mailed the letter without	so the post office would never deliver it.	True	Did Hannah mail the letter?	no
976.098	0.2	976098	255	filler_word	103	43	2	delong	unexpected	a	an	stamp	envelope	86	2	4.67	3.74	Jeffrey mailed the letter without	so the post office would never deliver it.	True	Did Hannah mail the letter?	no
976.583	0.2	976583	255	filler_word	103	43	2	delong	unexpected	a	an	stamp	envelope	86	2	4.67	3.74	Jeffrey mailed the letter without	so the post office would never deliver it.	True	Did Hannah mail the letter?	no
977.068	0.2	977068	255	filler_word	103	43	2	delong	unexpected	a	an	stamp	envelope	86	2	4.67	3.74	Jeffrey mailed the letter without	so the post office would never deliver it.	True	Did Hannah mail the letter?	no
977.553	0.2	977553	255	filler_word	103	43	2	delong	unexpected	a	an	stamp	envelope	86	2	4.67	3.74	Jeffrey mailed the letter without	so the post office would never deliver it.	True	Did Hannah mail the letter?	no
978.038	0.2	978038	255	filler_word	103	43	2	delong	unexpected	a	an	stamp	envelope	86	2	4.67	3.74	Jeffrey mailed the letter without	so the post office would never deliver it.	True	Did Hannah mail the letter?	no
978.523	0.2	978523	255	filler_word	103	43	2	delong	unexpected	a	an	stamp	envelope	86	2	4.67	3.74	Jeffrey mailed the letter without	so the post office would never deliver it.	True	Did Hannah mail the letter?	no
979.009	0.2	979009	255	filler_word	103	43	2	delong	unexpected	a	an	stamp	envelope	86	2	4.67	3.74	Jeffrey mailed the letter without	so the post office would never deliver it.	True	Did Hannah mail the letter?	no
979.494	0.2	979494	255	filler_word	103	43	2	delong	unexpected	a	an	stamp	envelope	86	2	4.67	3.74	Jeffrey mailed the letter without	so the post office would never deliver it.	True	Did Hannah mail the letter?	no
979.979	0.2	979979	255	filler_word	103	43	2	delong	unexpected	a	an	stamp	envelope	86	2	4.67	3.74	Jeffrey mailed the letter without	so the post office would never deliver it.	True	Did Hannah mail the letter?	no
980.464	0.2	980464	255	filler_word	103	43	2	delong	unexpected	a	an	stamp	envelope	86	2	4.67	3.74	Jeffrey mailed the letter without	so the post office would never deliver it.	True	Did Hannah mail the letter?	no
980.949	0.2	980949	255	filler_word	103	43	2	delong	unexpected	a	an	stamp	envelope	86	2	4.67	3.74	Jeffrey mailed the letter without	so the post office would never deliver it.	True	Did Hannah mail the letter?	no
981.435	0.2	981435	255	filler_word	103	43	2	delong	unexpected	a	an	stamp	envelope	86	2	4.67	3.74	Jeffrey mailed the letter without	so the post office would never deliver it.	True	Did Hannah mail the letter?	no
981.92	0.2	981920	201	a_expected	103	43	2	delong	unexpected	a	an	stamp	envelope	86	2	4.67	3.74	Jeffrey mailed the letter without	so the post office would never deliver it.	True	Did Hannah mail the letter?	no
981.97	0.0	981970	82	cloze_marker	103	43	2	delong	unexpected	a	an	stamp	envelope	86	2	4.67	3.74	Jeffrey mailed the letter without	so the post office would never deliver it.	True	Did Hannah mail the letter?	no
982.204	0.0	982204	146	item_marker	104	46	2	delong	expected	a	an	beginner	amateur	82	16	6.17	6.16	There are always ways to improve your game whether you're an advanced tennis player or merely	you just need to practice a lot.	False	n/a	n/a
982.405	0.2	982405	205	noun_expected	104	46	2	delong	expected	a	an	beginner	amateur	82	16	6.17	6.16	There are always ways to improve your game whether you're an advanced tennis player or merely	you just need to practice a lot.	False	n/a	n/a
982.455	0.0	982455	63	cloze_marker	104	46	2	delong	expected	a	an	beginner	amateur	82	16	6.17	6.16	There are always ways to improve your game whether you're an advanced tennis player or merely	you just need to practice a lot.	False	n/a	n/a
982.689	0.0	982689	146	item_marker	105	46	2	delong	expected	a	an	beginner	amateur	82	16	6.17	6.16	There are always ways to improve your game whether you're an advanced tennis player or merely	you just need to practice a lot.	False	n/a	n/a
982.89	0.2	982890	255	filler_word	105	46	2	delong	expected	a	an	beginner	amateur	82	16	6.17	6.16	There are always ways to improve your game whether you're an advanced tennis player or merely	you just need to practice a lot.	False	n/a	n/a
983.375	0.2	983375	255	filler_word	105	46	2	delong	expected	a	an	beginner	amateur	82	16	6.17	6.16	There are always ways to improve your game whether you're an advanced tennis player or merely	you just need to practice a lot.	False	n/a	n/a
983.86	0.2	983860	255	filler_word	105	46	2	delong	expected	a	an	beginner	amateur	82	16	6.17	6.16	There are always ways to improve your game whether you're an advanced tennis player or merely	you just need to practice a lot.	False	n/a	n/a
984.346	0.2	984346	255	filler_word	105	46	2	delong	expected	a	an	beginner	amateur	82	16	6.17	6.16	There are always ways to improve your game whether you're an advanced tennis player or merely	you just need to practice a lot.	False	n/a	n/a
984.831	0.2	984831	255	filler_word	105	46	2	delong	expected	a	an	beginner	amateur	82	16	6.17	6.16	There are always ways to improve your game whether you're an advanced tennis player or merely	you just need to practice a lot.	False	n/a	n/a
985.316	0.2	985316	255	filler_word	105	46	2	delong	expected	a	an	beginner	amateur	82	16	6.17	6.16	There are always ways to improve your game whether you're an advanced tennis player or merely	you just need to practice a lot.	False	n/a	n/a
985.801	0.2	985801	207	final_expected	105	46	2	delong	expected	a	an	beginner	amateur	82	16	6.17	6.16	There are always ways to improve your game whether you're an advanced tennis player or merely	you just need to practice a lot.	False	n/a	n/a
993.213	0.2	993213	255	filler_word	105	46	2	delong	expected	a	an	beginner	amateur	82	16	6.17	6.16	There are always ways to improve your game whether you're an advanced tennis player or merely	you just need to practice a lot.	False	n/a	n/a
993.698	0.2	993698	255	filler_word	105	46	2	delong	expected	a	an	beginner	amateur	82	16	6.17	6.16	There are always ways to improve your game whether you're an advanced tennis player or merely	you just need to practice a lot.	False	n/a	n/a
994.183	0.2	994183	255	filler_word	105	46	2	delong	expected	a	an	beginner	amateur	82	16	6.17	6.16	There are always ways to improve your game whether you're an advanced tennis player or merely	you just need to practice a lot.	False	n/a	n/a
994.668	0.2	994668	255	filler_word	105	46	2	delong	expected	a	an	beginner	amateur	82	16	6.17	6.16	There are always ways to improve your game whether you're an advanced tennis player or merely	you just need to practice a lot.	False	n/a	n/a
995.154	0.2	995154	255	filler_word	105	46	2	delong	expected	a	an	beginner	amateur	82	16	6.17	6.16	There are always ways to improve your game whether you're an advanced tennis player or merely	you just need to practice a lot.	False	n/a	n/a
995.639	0.2	995639	255	filler_word	105	46	2	delong	expected	a	an	beginner	amateur	82	16	6.17	6.16	There are always ways to improve your game whether you're an advanced tennis player or merely	you just need to practice a lot.	False	n/a	n/a
996.124	0.2	996124	255	filler_word	105	46	2	delong	expected	a	an	beginner	amateur	82	16	6.17	6.16	There are always ways to improve your game whether you're an advanced tennis player or merely	you just need to practice a lot.	False	n/a	n/a
996.609	0.2	996609	255	filler_word	105	46	2	delong	expected	a	an	beginner	amateur	82	16	6.17	6.16	There are always ways to improve your game whether you're an advanced tennis player or merely	you just need to practice a lot.	False	n/a	n/a
997.094	0.2	997094	255	filler_word	105	46	2	delong	expected	a	an	beginner	amateur	82	16	6.17	6.16	There are always ways to improve your game whether you're an advanced tennis player or merely	you just need to practice a lot.	False	n/a	n/a
997.579	0.2	997579	255	filler_word	105	46	2	delong	expected	a	an	beginner	amateur	82	16	6.17	6.16	There are always ways to improve your game whether you're an advanced tennis player or merely	you just need to practice a lot.	False	n/a	n/a
998.065	0.2	998065	255	filler_word	105	46	2	delong	expected	a	an	beginner	amateur	82	16	6.17	6.16	There are always ways to improve your game whether you're an advanced tennis player or merely	you just need to practice a lot.	False	n/a	n/a
998.55	0.2	998550	255	filler_word	105	46	2	delong	expected	a	an	beginner	amateur	82	16	6.17	6.16	There are always ways to improve your game whether you're an advanced tennis player or merely	you just need to practice a lot.	False	n/a	n/a
999.035	0.2	999035	255	filler_word	105	46	2	delong	expected	a	an	beginner	amateur	82	16	6.17	6.16	There are always ways to improve your game whether you're an advanced tennis player or merely	you just need to practice a lot.	False	n/a	n/a
999.52	0.2	999520	255	filler_word	105	46	2	delong	expected	a	an	beginner	amateur	82	16	6.17	6.16	There are always ways to improve your game whether you're an advanced tennis player or merely	you just need to practice a lot.	False	n/a	n/a
1000.005	0.2	1000005	255	filler_word	105	46	2	delong	expected	a	an	beginner	amateur	82	16	6.17	6.16	There are always ways to improve your game whether you're an advanced tennis player or merely	you just need to practice a lot.	False	n/a	n/a
1000.491	0.2	1000491	255	filler_word	105	46	2	delong	expected	a	an	beginner	amateur	82	16	6.17	6.16	There are always ways to improve your game whether you're an advanced tennis player or merely	you just need to practice a lot.	False	n/a	n/a
1000.976	0.2	1000976	255	filler_word	105	46	2	delong	expected	a	an	beginner	amateur	82	16	6.17	6.16	There are always ways to improve your game whether you're an advanced tennis player or merely	you just need to practice a lot.	False	n/a	n/a
1001.461	0.2	1001461	255	filler_word	105	46	2	delong	expected	a	an	beginner	amateur	82	16	6.17	6.16	There are always ways to improve your game whether you're an advanced tennis player or merely	you just need to practice a lot.	False	n/a	n/a
1001.946	0.2	1001946	255	filler_word	105	46	2	delong	expected	a	an	beginner	amateur	82	16	6.17	6.16	There are always ways to improve your game whether you're an advanced tennis player or merely	you just need to practice a lot.	False	n/a	n/a
1002.431	0.2	1002431	255	filler_word	105	46	2	delong	expected	a	an	beginner	amateur	82	16	6.17	6.16	There are always ways to improve your game whether you're an advanced tennis player or merely	you just need to practice a lot.	False	n/a	n/a
1002.916	0.2	1002916	255	filler_word	105	46	2	delong	expected	a	an	beginner	amateur	82	16	6.17	6.16	There are always ways to improve your game whether you're an advanced tennis player or merely	you just need to practice a lot.	False	n/a	n/a
1003.402	0.2	1003402	255	filler_word	105	46	2	delong	expected	a	an	beginner	amateur	82	16	6.17	6.16	There are always ways to improve your game whether you're an advanced tennis player or merely	you just need to practice a lot.	False	n/a	n/a
1003.887	0.2	1003887	255	filler_word	105	46	2	delong	expected	a	an	beginner	amateur	82	16	6.17	6.16	There are always ways to improve your game whether you're an advanced tennis player or merely	you just need to practice a lot.	False	n/a	n/a
1004.372	0.2	1004372	202	an_expected	105	46	2	delong	expected	a	an	beginner	amateur	82	16	6.17	6.16	There are always ways to improve your game whether you're an advanced tennis player or merely	you just need to practice a lot.	False	n/a	n/a
1004.422	0.0	1004422	20	cloze_marker	105	46	2	delong	expected	a	an	beginner	amateur	82	16	6.17	6.16	There are always ways to improve your game whether you're an advanced tennis player or merely	you just need to practice a lot.	False	n/a	n/a
1004.656	0.0	1004656	149	item_marker	106	49	2	delong	expected	an	a	onion	finger	20	2	5.94	5.87	At first Victoria did not know why her brother was crying over the sink but then she noticed that he had just sliced	with his knife.	False	n/a	n/a
1004.857	0.2	1004857	205	noun_expected	106	49	2	delong	expected	an	a	onion	finger	20	2	5.94	5.87	At first Victoria did not know why her brother was crying over the sink but then she noticed that he had just sliced	with his knife.	False	n/a	n/a
1004.907	0.0	1004907	40	cloze_marker	106	49	2	delong	expected	an	a	onion	finger	20	2	5.94	5.87	At first Victoria did not know why her brother was crying over the sink but then she noticed that he had just sliced	with his knife.	False	n/a	n/a
1005.142	0.0	1005142	149	item_marker	107	49	2	delong	expected	an	a	onion	finger	20	2	5.94	5.87	At first Victoria did not know why her brother was crying over the sink but then she noticed that he had just sliced	with his knife.	False	n/a	n/a
1005.342	0.2	1005342	255	filler_word	107	49	2	delong	expected	an	a	onion	finger	20	2	5.94	5.87	At first Victoria did not know why her brother was crying over the sink but then she noticed that he had just sliced	with his knife.	False	n/a	n/a
1005.828	0.2	1005828	255	filler_word	107	49	2	delong	expected	an	a	onion	finger	20	2	5.94	5.87	At first Victoria did not know why her brother was crying over the sink but then she noticed that he had just sliced	with his knife.	False	n/a	n/a
1006.313	0.2	1006313	207	final_expected	107	49	2	delong	expected	an	a	onion	finger	20	2	5.94	5.87	At first Victoria did not know why her brother was crying over the sink but then she noticed that he had just sliced	with his knife.	False	n/a	n/a
1009.341	0.2	1009341	255	filler_word	107	49	2	delong	expected	an	a	onion	finger	20	2	5.94	5.87	At first Victoria did not know why her brother was crying over the sink but then she noticed that he had just sliced	with his knife.	False	n/a	n/a
1009.826	0.2	1009826	255	filler_word	107	49	2	delong	expected	an	a	onion	finger	20	2	5.94	5.87	At first Victoria did not know why her brother was crying over the sink but then she noticed that he had just sliced	with his knife.	False	n/a	n/a
1010.311	0.2	1010311	255	filler_word	107	49	2	delong	expected	an	a	onion	finger	20	2	5.94	5.87	At first Victoria did not know why her brother was crying over the sink but then she noticed that he had just sliced	with his knife.	False	n/a	n/a
1010.796	0.2	1010796	255	filler_word	107	49	2	delong	expected	an	a	onion	finger	20	2	5.94	5.87	At first Victoria did not know why her brother was crying over the sink but then she noticed that he had just sliced	with his knife.	False	n/a	n/a
1011.282	0.2	1011282	255	filler_word	107	49	2	delong	expected	an	a	onion	finger	20	2	5.94	5.87	At first Victoria did not know why her brother was crying over the sink but then she noticed that he had just sliced	with his knife.	False	n/a	n/a
1011.767	0.2	1011767	255	filler_word	107	49	2	delong	expected	an	a	onion	finger	20	2	5.94	5.87	At first Victoria did not know why her brother was crying over the sink but then she noticed that he had just sliced	with his knife.	False	n/a	n/a
1012.252	0.2	1012252	255	filler_word	107	49	2	delong	expected	an	a	onion	finger	20	2	5.94	5.87	At first Victoria did not know why her brother was crying over the sink but then she noticed that he had just sliced	with his knife.	False	n/a	n/a
1012.737	0.2	1012737	202	an_expected	107	49	2	delong	expected	an	a	onion	finger	20	2	5.94	5.87	At first Victoria did not know why her brother was crying over the sink but then she noticed that he had just sliced	with his knife.	False	n/a	n/a
1012.787	0.0	1012787	34	cloze_marker	107	49	2	delong	expected	an	a	onion	finger	20	2	5.94	5.87	At first Victoria did not know why her brother was crying over the sink but then she noticed that he had just sliced	with his knife.	False	n/a	n/a
1013.022	0.0	1013022	157	item_marker	108	57	2	delong	expected	an	a	escalator	wheelchair	34	11	5.87	1.94	Damon preferred climbing stairs over going up	because it had given him the chance to get a little exercise.	True	Did Damon prefer stairs over lifts?	yes
1013.222	0.2	1013222	205	noun_expected	108	57	2	delong	expected	an	a	escalator	wheelchair	34	11	5.87	1.94	Damon preferred climbing stairs over going up	because it had given him the chance to get a little exercise.	True	Did Damon prefer stairs over lifts?	yes
1013.272	0.0	1013272	69	cloze_marker	108	57	2	delong	expected	an	a	escalator	wheelchair	34	11	5.87	1.94	Damon preferred climbing stairs over going up	because it had given him the chance to get a little exercise.	True	Did Damon prefer stairs over lifts?	yes
1013.507	0.0	1013507	157	item_marker	109	57	2	delong	expected	an	a	escalator	wheelchair	34	11	5.87	1.94	Damon preferred climbing stairs over going up	because it had given him the chance to get a little exercise.	True	Did Damon prefer stairs over lifts?	yes
1013.708	0.2	1013708	255	filler_word	109	57	2	delong	expected	an	a	escalator	wheelchair	34	11	5.87	1.94	Damon preferred climbing stairs over going up	because it had given him the chance to get a little exercise.	True	Did Damon prefer stairs over lifts?	yes
1014.193	0.2	1014193	255	filler_word	109	57	2	delong	expected	an	a	escalator	wheelchair	34	11	5.87	1.94	Damon preferred climbing stairs over going up	because it had given him the chance to get a little exercise.	True	Did Damon prefer stairs over lifts?	yes
1014.678	0.2	1014678	255	filler_word	109	57	2	delong	expected	an	a	escalator	wheelchair	34	11	5.87	1.94	Damon preferred climbing stairs over going up	because it had given him the chance to get a little exercise.	True	Did Damon prefer stairs over lifts?	yes
1015.163	0.2	1015163	255	filler_word	109	57	2	delong	expected	an	a	escalator	wheelchair	34	11	5.87	1.94	Damon preferred climbing stairs over going up	because it had given him the chance to get a little exercise.	True	Did Damon prefer stairs over lifts?	yes
1015.648	0.2	1015648	255	filler_word	109	57	2	delong	expected	an	a	escalator	wheelchair	34	11	5.87	1.94	Damon preferred climbing stairs over going up	because it had given him the chance to get a little exercise.	True	Did Damon prefer stairs over lifts?	yes
1016.133	0.2	1016133	255	filler_word	109	57	2	delong	expected	an	a	escalator	wheelchair	34	11	5.87	1.94	Damon preferred climbing stairs over going up	because it had given him the chance to get a little exercise.	True	Did Damon prefer stairs over lifts?	yes
1016.619	0.2	1016619	255	filler_word	109	57	2	delong	expected	an	a	escalator	wheelchair	34	11	5.87	1.94	Damon preferred climbing stairs over going up	because it had given him the chance to get a little exercise.	True	Did Damon prefer stairs over lifts?	yes
1017.104	0.2	1017104	255	filler_word	109	57	2	delong	expected	an	a	escalator	wheelchair	34	11	5.87	1.94	Damon preferred climbing stairs over going up	because it had given him the chance to get a little exercise.	True	Did Damon prefer stairs over lifts?	yes
1017.589	0.2	1017589	255	filler_word	109	57	2	delong	expected	an	a	escalator	wheelchair	34	11	5.87	1.94	Damon preferred climbing stairs over going up	because it had given him the chance to get a little exercise.	True	Did Damon prefer stairs over lifts?	yes
1018.074	0.2	1018074	255	filler_word	109	57	2	delong	expected	an	a	escalator	wheelchair	34	11	5.87	1.94	Damon preferred climbing stairs over going up	because it had given him the chance to get a little exercise.	True	Did Damon prefer stairs over lifts?	yes
1018.559	0.2	1018559	255	filler_word	109	57	2	delong	expected	an	a	escalator	wheelchair	34	11	5.87	1.94	Damon preferred climbing stairs over going up	because it had given him the chance to get a little exercise.	True	Did Damon prefer stairs over lifts?	yes
1019.045	0.2	1019045	207	final_expected	109	57	2	delong	expected	an	a	escalator	wheelchair	34	11	5.87	1.94	Damon preferred climbing stairs over going up	because it had given him the chance to get a little exercise.	True	Did Damon prefer stairs over lifts?	yes
1026.657	0.2	1026657	255	filler_word	109	57	2	delong	expected	an	a	escalator	wheelchair	34	11	5.87	1.94	Damon preferred climbing stairs over going up	because it had given him the chance to get a little exercise.	True	Did Damon prefer stairs over lifts?	yes
1027.142	0.2	1027142	255	filler_word	109	57	2	delong	expected	an	a	escalator	wheelchair	34	11	5.87	1.94	Damon preferred climbing stairs over going up	because it had given him the chance to get a little exercise.	True	Did Damon prefer stairs over lifts?	yes
1027.627	0.2	1027627	255	filler_word	109	57	2	delong	expected	an	a	escalator	wheelchair	34	11	5.87	1.94	Damon preferred climbing stairs over going up	because it had given him the chance to get a little exercise.	True	Did Damon prefer stairs over lifts?	yes
1028.112	0.2	1028112	255	filler_word	109	57	2	delong	expected	an	a	escalator	wheelchair	34	11	5.87	1.94	Damon preferred climbing stairs over going up	because it had given him the chance to get a little exercise.	True	Did Damon prefer stairs over lifts?	yes
1028.598	0.2	1028598	255	filler_word	109	57	2	delong	expected	an	a	escalator	wheelchair	34	11	5.87	1.94	Damon preferred climbing stairs over going up	because it had given him the chance to get a little exercise.	True	Did Damon prefer stairs over lifts?	yes
1029.083	0.2	1029083	255	filler_word	109	57	2	delong	expected	an	a	escalator	wheelchair	34	11	5.87	1.94	Damon preferred climbing stairs over going up	because it had given him the chance to get a little exercise.	True	Did Damon prefer stairs over lifts?	yes
1029.568	0.2	1029568	255	filler_word	109	57	2	delong	expected	an	a	escalator	wheelchair	34	11	5.87	1.94	Damon preferred climbing stairs over going up	because it had given him the chance to get a little exercise.	True	Did Damon prefer stairs over lifts?	yes
1030.053	0.2	1030053	255	filler_word	109	57	2	delong	expected	an	a	escalator	wheelchair	34	11	5.87	1.94	Damon preferred climbing stairs over going up	because it had given him the chance to get a little exercise.	True	Did Damon prefer stairs over lifts?	yes
1030.538	0.2	1030538	255	filler_word	109	57	2	delong	expected	an	a	escalator	wheelchair	34	11	5.87	1.94	Damon preferred climbing stairs over going up	because it had given him the chance to get a little exercise.	True	Did Damon prefer stairs over lifts?	yes
1031.024	0.2	1031024	255	filler_word	109	57	2	delong	expected	an	a	escalator	wheelchair	34	11	5.87	1.94	Damon preferred climbing stairs over going up	because it had given him the chance to get a little exercise.	True	Did Damon prefer stairs over lifts?	yes
1031.509	0.2	1031509	255	filler_word	109	57	2	delong	expected	an	a	escalator	wheelchair	34	11	5.87	1.94	Damon preferred climbing stairs over going up	because it had given him the chance to get a little exercise.	True	Did Damon prefer stairs over lifts?	yes
1031.994	0.2	1031994	255	filler_word	109	57	2	delong	expected	an	a	escalator	wheelchair	34	11	5.87	1.94	Damon preferred climbing stairs over going up	because it had given him the chance to get a little exercise.	True	Did Damon prefer stairs over lifts?	yes
1032.479	0.2	1032479	255	filler_word	109	57	2	delong	expected	an	a	escalator	wheelchair	34	11	5.87	1.94	Damon preferred climbing stairs over going up	because it had given him the chance to get a little exercise.	True	Did Damon prefer stairs over lifts?	yes
1032.964	0.2	1032964	255	filler_word	109	57	2	delong	expected	an	a	escalator	wheelchair	34	11	5.87	1.94	Damon preferred climbing stairs over going up	because it had given him the chance to get a little exercise.	True	Did Damon prefer stairs over lifts?	yes
1033.449	0.2	1033449	255	filler_word	109	57	2	delong	expected	an	a	escalator	wheelchair	34	11	5.87	1.94	Damon preferred climbing stairs over going up	because it had given him the chance to get a little exercise.	True	Did Damon prefer stairs over lifts?	yes
1033.935	0.2	1033935	255	filler_word	109	57	2	delong	expected	an	a	escalator	wheelchair	34	11	5.87	1.94	Damon preferred climbing stairs over going up	because it had given him the chance to get a little exercise.	True	Did Damon prefer stairs over lifts?	yes
1034.42	0.2	1034420	255	filler_word	109	57	2	delong	expected	an	a	escalator	wheelchair	34	11	5.87	1.94	Damon preferred climbing stairs over going up	because it had given him the chance to get a little exercise.	True	Did Damon prefer stairs over lifts?	yes
1034.905	0.2	1034905	255	filler_word	109	57	2	delong	expected	an	a	escalator	wheelchair	34	11	5.87	1.94	Damon preferred climbing stairs over going up	because it had given him the chance to get a little exercise.	True	Did Damon prefer stairs over lifts?	yes
1035.39	0.2	1035390	203	a_unexpected	109	57	2	delong	expected	an	a	escalator	wheelchair	34	11	5.87	1.94	Damon preferred climbing stairs over going up	because it had given him the chance to get a little exercise.	True	Did Damon prefer stairs over lifts?	yes
1035.44	0.0	1035440	25	cloze_marker	109	57	2	delong	expected	an	a	escalator	wheelchair	34	11	5.87	1.94	Damon preferred climbing stairs over going up	because it had given him the chance to get a little exercise.	True	Did Damon prefer stairs over lifts?	yes
1035.675	0.0	1035675	155	item_marker	110	55	2	delong	unexpected	an	a	audience	crowd	68	25	6.61	6.07	Dana enjoyed singing in private but was scared to death at the thought of performing in front of	at the concert.	False	n/a	n/a
1035.875	0.2	1035875	206	noun_unexpected	110	55	2	delong	unexpected	an	a	audience	crowd	68	25	6.61	6.07	Dana enjoyed singing in private but was scared to death at the thought of performing in front of	at the concert.	False	n/a	n/a
1035.925	0.0	1035925	60	cloze_marker	110	55	2	delong	unexpected	an	a	audience	crowd	68	25	6.61	6.07	Dana enjoyed singing in private but was scared to death at the thought of performing in front of	at the concert.	False	n/a	n/a
1036.16	0.0	1036160	155	item_marker	111	55	2	delong	unexpected	an	a	audience	crowd	68	25	6.61	6.07	Dana enjoyed singing in private but was scared to death at the thought of performing in front of	at the concert.	False	n/a	n/a
1036.361	0.2	1036361	255	filler_word	111	55	2	delong	unexpected	an	a	audience	crowd	68	25	6.61	6.07	Dana enjoyed singing in private but was scared to death at the thought of performing in front of	at the concert.	False	n/a	n/a
1036.846	0.2	1036846	255	filler_word	111	55	2	delong	unexpected	an	a	audience	crowd	68	25	6.61	6.07	Dana enjoyed singing in private but was scared to death at the thought of performing in front of	at the concert.	False	n/a	n/a
1037.331	0.2	1037331	208	final_unexpected	111	55	2	delong	unexpected	an	a	audience	crowd	68	25	6.61	6.07	Dana enjoyed singing in private but was scared to death at the thought of performing in front of	at the concert.	False	n/a	n/a
1050.247	0.2	1050247	255	filler_word	111	55	2	delong	unexpected	an	a	audience	crowd	68	25	6.61	6.07	Dana enjoyed singing in private but was scared to death at the thought of performing in front of	at the concert.	False	n/a	n/a
1050.732	0.2	1050732	255	filler_word	111	55	2	delong	unexpected	an	a	audience	crowd	68	25	6.61	6.07	Dana enjoyed singing in private but was scared to death at the thought of performing in front of	at the concert.	False	n/a	n/a
1051.217	0.2	1051217	255	filler_word	111	55	2	delong	unexpected	an	a	audience	crowd	68	25	6.61	6.07	Dana enjoyed singing in private but was scared to death at the thought of performing in front of	at the concert.	False	n/a	n/a
1051.702	0.2	1051702	255	filler_word	111	55	2	delong	unexpected	an	a	audience	crowd	68	25	6.61	6.07	Dana enjoyed singing in private but was scared to death at the thought of performing in front of	at the concert.	False	n/a	n/a
1052.187	0.2	1052187	255	filler_word	111	55	2	delong	unexpected	an	a	audience	crowd	68	25	6.61	6.07	Dana enjoyed singing in private but was scared to death at the thought of performing in front of	at the concert.	False	n/a	n/a
1052.673	0.2	1052673	255	filler_word	111	55	2	delong	unexpected	an	a	audience	crowd	68	25	6.61	6.07	Dana enjoyed singing in private but was scared to death at the thought of performing in front of	at the concert.	False	n/a	n/a
1053.158	0.2	1053158	255	filler_word	111	55	2	delong	unexpected	an	a	audience	crowd	68	25	6.61	6.07	Dana enjoyed singing in private but was scared to death at the thought of performing in front of	at the concert.	False	n/a	n/a
1053.643	0.2	1053643	255	filler_word	111	55	2	delong	unexpected	an	a	audience	crowd	68	25	6.61	6.07	Dana enjoyed singing in private but was scared to death at the thought of performing in front of	at the concert.	False	n/a	n/a
1054.128	0.2	1054128	255	filler_word	111	55	2	delong	unexpected	an	a	audience	crowd	68	25	6.61	6.07	Dana enjoyed singing in private but was scared to death at the thought of performing in front of	at the concert.	False	n/a	n/a
1054.613	0.2	1054613	255	filler_word	111	55	2	delong	unexpected	an	a	audience	crowd	68	25	6.61	6.07	Dana enjoyed singing in private but was scared to death at the thought of performing in front of	at the concert.	False	n/a	n/a
1055.099	0.2	1055099	255	filler_word	111	55	2	delong	unexpected	an	a	audience	crowd	68	25	6.61	6.07	Dana enjoyed singing in private but was scared to death at the thought of performing in front of	at the concert.	False	n/a	n/a
1055.584	0.2	1055584	255	filler_word	111	55	2	delong	unexpected	an	a	audience	crowd	68	25	6.61	6.07	Dana enjoyed singing in private but was scared to death at the thought of performing in front of	at the concert.	False	n/a	n/a
1056.069	0.2	1056069	255	filler_word	111	55	2	delong	unexpected	an	a	audience	crowd	68	25	6.61	6.07	Dana enjoyed singing in private but was scared to death at the thought of performing in front of	at the concert.	False	n/a	n/a
1056.554	0.2	1056554	255	filler_word	111	55	2	delong	unexpected	an	a	audience	crowd	68	25	6.61	6.07	Dana enjoyed singing in private but was scared to death at the thought of performing in front of	at the concert.	False	n/a	n/a
1057.039	0.2	1057039	255	filler_word	111	55	2	delong	unexpected	an	a	audience	crowd	68	25	6.61	6.07	Dana enjoyed singing in private but was scared to death at the thought of performing in front of	at the concert.	False	n/a	n/a
1057.524	0.2	1057524	255	filler_word	111	55	2	delong	unexpected	an	a	audience	crowd	68	25	6.61	6.07	Dana enjoyed singing in private but was scared to death at the thought of performing in front of	at the concert.	False	n/a	n/a
1058.01	0.2	1058010	204	an_unexpected	111	55	2	delong	unexpected	an	a	audience	crowd	68	25	6.61	6.07	Dana enjoyed singing in private but was scared to death at the thought of performing in front of	at the concert.	False	n/a	n/a
1058.06	0.0	1058060	200	cloze_marker	111	55	2	delong	unexpected	an	a	audience	crowd	68	25	6.61	6.07	Dana enjoyed singing in private but was scared to death at the thought of performing in front of	at the concert.	False	n/a	n/a
1058.294	0.0	1058294	160	item_marker	112	60	2	delong	unexpected	a	an	city	airport	16	0	6.45	4.77	Hannah wanted to live in a small town but her husband preferred to live closer to	because of his job.	False	n/a	n/a
1058.495	0.2	1058495	206	noun_unexpected	112	60	2	delong	unexpected	a	an	city	airport	16	0	6.45	4.77	Hannah wanted to live in a small town but her husband preferred to live closer to	because of his job.	False	n/a	n/a
1058.545	0.0	1058545	27	cloze_marker	112	60	2	delong	unexpected	a	an	city	airport	16	0	6.45	4.77	Hannah wanted to live in a small town but her husband preferred to live closer to	because of his job.	False	n/a	n/a
1058.779	0.0	1058779	160	item_marker	113	60	2	delong	unexpected	a	an	city	airport	16	0	6.45	4.77	Hannah wanted to live in a small town but her husband preferred to live closer to	because of his job.	False	n/a	n/a
1058.98	0.2	1058980	255	filler_word	113	60	2	delong	unexpected	a	an	city	airport	16	0	6.45	4.77	Hannah wanted to live in a small town but her husband preferred to live closer to	because of his job.	False	n/a	n/a
1059.465	0.2	1059465	255	filler_word	113	60	2	delong	unexpected	a	an	city	airport	16	0	6.45	4.77	Hannah wanted to live in a small town but her husband preferred to live closer to	because of his job.	False	n/a	n/a
1059.95	0.2	1059950	255	filler_word	113	60	2	delong	unexpected	a	an	city	airport	16	0	6.45	4.77	Hannah wanted to live in a small town but her husband preferred to live closer to	because of his job.	False	n/a	n/a
1060.436	0.2	1060436	208	final_unexpected	113	60	2	delong	unexpected	a	an	city	airport	16	0	6.45	4.77	Hannah wanted to live in a small town but her husband preferred to live closer to	because of his job.	False	n/a	n/a
1062.962	0.2	1062962	255	filler_word	113	60	2	delong	unexpected	a	an	city	airport	16	0	6.45	4.77	Hannah wanted to live in a small town but her husband preferred to live closer to	because of his job.	False	n/a	n/a
1063.447	0.2	1063447	255	filler_word	113	60	2	delong	unexpected	a	an	city	airport	16	0	6.45	4.77	Hannah wanted to live in a small town but her husband preferred to live closer to	because of his job.	False	n/a	n/a
1063.932	0.2	1063932	255	filler_word	113	60	2	delong	unexpected	a	an	city	airport	16	0	6.45	4.77	Hannah wanted to live in a small town but her husband preferred to live closer to	because of his job.	False	n/a	n/a
1064.417	0.2	1064417	255	filler_word	113	60	2	delong	unexpected	a	an	city	airport	16	0	6.45	4.77	Hannah wanted to live in a small town but her husband preferred to live closer to	because of his job.	False	n/a	n/a
1064.903	0.2	1064903	255	filler_word	113	60	2	delong	unexpected	a	an	city	airport	16	0	6.45	4.77	Hannah wanted to live in a small town but her husband preferred to live closer to	because of his job.	False	n/a	n/a
1065.388	0.2	1065388	255	filler_word	113	60	2	delong	unexpected	a	an	city	airport	16	0	6.45	4.77	Hannah wanted to live in a small town but her husband preferred to live closer to	because of his job.	False	n/a	n/a
1065.873	0.2	1065873	255	filler_word	113	60	2	delong	unexpected	a	an	city	airport	16	0	6.45	4.77	Hannah wanted to live in a small town but her husband preferred to live closer to	because of his job.	False	n/a	n/a
1066.358	0.2	1066358	255	filler_word	113	60	2	delong	unexpected	a	an	city	airport	16	0	6.45	4.77	Hannah wanted to live in a small town but her husband preferred to live closer to	because of his job.	False	n/a	n/a
1066.843	0.2	1066843	255	filler_word	113	60	2	delong	unexpected	a	an	city	airport	16	0	6.45	4.77	Hannah wanted to live in a small town but her husband preferred to live closer to	because of his job.	False	n/a	n/a
1067.329	0.2	1067329	202	an_expected	113	60	2	delong	unexpected	a	an	city	airport	16	0	6.45	4.77	Hannah wanted to live in a small town but her husband preferred to live closer to	because of his job.	False	n/a	n/a
1067.378	0.0	1067378	70	cloze_marker	113	60	2	delong	unexpected	a	an	city	airport	16	0	6.45	4.77	Hannah wanted to live in a small town but her husband preferred to live closer to	because of his job.	False	n/a	n/a
1067.613	0.0	1067613	153	item_marker	114	53	2	delong	expected	an	a	actor	director	70	25	6.33	5.68	Lance had moved to Hollywood in hopes of becoming	but so far he had only done a few commercials.	False	n/a	n/a
1067.814	0.2	1067814	205	noun_expected	114	53	2	delong	expected	an	a	actor	director	70	25	6.33	5.68	Lance had moved to Hollywood in hopes of becoming	but so far he had only done a few commercials.	False	n/a	n/a
1067.864	0.0	1067864	93	cloze_marker	114	53	2	delong	expected	an	a	actor	director	70	25	6.33	5.68	Lance had moved to Hollywood in hopes of becoming	but so far he had only done a few commercials.	False	n/a	n/a
1068.098	0.0	1068098	153	item_marker	115	53	2	delong	expected	an	a	actor	director	70	25	6.33	5.68	Lance had moved to Hollywood in hopes of becoming	but so far he had only done a few commercials.	False	n/a	n/a
1068.299	0.2	1068299	255	filler_word	115	53	2	delong	expected	an	a	actor	director	70	25	6.33	5.68	Lance had moved to Hollywood in hopes of becoming	but so far he had only done a few commercials.	False	n/a	n/a
1068.784	0.2	1068784	255	filler_word	115	53	2	delong	expected	an	a	actor	director	70	25	6.33	5.68	Lance had moved to Hollywood in hopes of becoming	but so far he had only done a few commercials.	False	n/a	n/a
1069.269	0.2	1069269	255	filler_word	115	53	2	delong	expected	an	a	actor	director	70	25	6.33	5.68	Lance had moved to Hollywood in hopes of becoming	but so far he had only done a few commercials.	False	n/a	n/a
1069.754	0.2	1069754	255	filler_word	115	53	2	delong	expected	an	a	actor	director	70	25	6.33	5.68	Lance had moved to Hollywood in hopes of becoming	but so far he had only done a few commercials.	False	n/a	n/a
1070.24	0.2	1070240	255	filler_word	115	53	2	delong	expected	an	a	actor	director	70	25	6.33	5.68	Lance had moved to Hollywood in hopes of becoming	but so far he had only done a few commercials.	False	n/a	n/a
1070.725	0.2	1070725	255	filler_word	115	53	2	delong	expected	an	a	actor	director	70	25	6.33	5.68	Lance had moved to Hollywood in hopes of becoming	but so far he had only done a few commercials.	False	n/a	n/a
1071.21	0.2	1071210	255	filler_word	115	53	2	delong	expected	an	a	actor	director	70	25	6.33	5.68	Lance had moved to Hollywood in hopes of becoming	but so far he had only done a few commercials.	False	n/a	n/a
1071.695	0.2	1071695	255	filler_word	115	53	2	delong	expected	an	a	actor	director	70	25	6.33	5.68	Lance had moved to Hollywood in hopes of becoming	but so far he had only done a few commercials.	False	n/a	n/a
1072.18	0.2	1072180	255	filler_word	115	53	2	delong	expected	an	a	actor	director	70	25	6.33	5.68	Lance had moved to Hollywood in hopes of becoming	but so far he had only done a few commercials.	False	n/a	n/a
1072.666	0.2	1072666	207	final_expected	115	53	2	delong	expected	an	a	actor	director	70	25	6.33	5.68	Lance had moved to Hollywood in hopes of becoming	but so far he had only done a few commercials.	False	n/a	n/a
1075.61	0.2	1075610	255	filler_word	115	53	2	delong	expected	an	a	actor	director	70	25	6.33	5.68	Lance had moved to Hollywood in hopes of becoming	but so far he had only done a few commercials.	False	n/a	n/a
1076.095	0.2	1076095	255	filler_word	115	53	2	delong	expected	an	a	actor	director	70	25	6.33	5.68	Lance had moved to Hollywood in hopes of becoming	but so far he had only done a few commercials.	False	n/a	n/a
1076.58	0.2	1076580	255	filler_word	115	53	2	delong	expected	an	a	actor	director	70	25	6.33	5.68	Lance had moved to Hollywood in hopes of becoming	but so far he had only done a few commercials.	False	n/a	n/a
1077.066	0.2	1077066	255	filler_word	115	53	2	delong	expected	an	a	actor	director	70	25	6.33	5.68	Lance had moved to Hollywood in hopes of becoming	but so far he had only done a few commercials.	False	n/a	n/a
1077.551	0.2	1077551	255	filler_word	115	53	2	delong	expected	an	a	actor	director	70	25	6.33	5.68	Lance had moved to Hollywood in hopes of becoming	but so far he had only done a few commercials.	False	n/a	n/a
1078.036	0.2	1078036	255	filler_word	115	53	2	delong	expected	an	a	actor	director	70	25	6.33	5.68	Lance had moved to Hollywood in hopes of becoming	but so far he had only done a few commercials.	False	n/a	n/a
1078.521	0.2	1078521	255	filler_word	115	53	2	delong	expected	an	a	actor	director	70	25	6.33	5.68	Lance had moved to Hollywood in hopes of becoming	but so far he had only done a few commercials.	False	n/a	n/a
1079.006	0.2	1079006	255	filler_word	115	53	2	delong	expected	an	a	actor	director	70	25	6.33	5.68	Lance had moved to Hollywood in hopes of becoming	but so far he had only done a few commercials.	False	n/a	n/a
1079.492	0.2	1079492	255	filler_word	115	53	2	delong	expected	an	a	actor	director	70	25	6.33	5.68	Lance had moved to Hollywood in hopes of becoming	but so far he had only done a few commercials.	False	n/a	n/a
1079.977	0.2	1079977	255	filler_word	115	53	2	delong	expected	an	a	actor	director	70	25	6.33	5.68	Lance had moved to Hollywood in hopes of becoming	but so far he had only done a few commercials.	False	n/a	n/a
1080.462	0.2	1080462	255	filler_word	115	53	2	delong	expected	an	a	actor	director	70	25	6.33	5.68	Lance had moved to Hollywood in hopes of becoming	but so far he had only done a few commercials.	False	n/a	n/a
1080.947	0.2	1080947	255	filler_word	115	53	2	delong	expected	an	a	actor	director	70	25	6.33	5.68	Lance had moved to Hollywood in hopes of becoming	but so far he had only done a few commercials.	False	n/a	n/a
1081.432	0.2	1081432	255	filler_word	115	53	2	delong	expected	an	a	actor	director	70	25	6.33	5.68	Lance had moved to Hollywood in hopes of becoming	but so far he had only done a few commercials.	False	n/a	n/a
1081.917	0.2	1081917	255	filler_word	115	53	2	delong	expected	an	a	actor	director	70	25	6.33	5.68	Lance had moved to Hollywood in hopes of becoming	but so far he had only done a few commercials.	False	n/a	n/a
1082.403	0.2	1082403	255	filler_word	115	53	2	delong	expected	an	a	actor	director	70	25	6.33	5.68	Lance had moved to Hollywood in hopes of becoming	but so far he had only done a few commercials.	False	n/a	n/a
1082.888	0.2	1082888	255	filler_word	115	53	2	delong	expected	an	a	actor	director	70	25	6.33	5.68	Lance had moved to Hollywood in hopes of becoming	but so far he had only done a few commercials.	False	n/a	n/a
1083.373	0.2	1083373	255	filler_word	115	53	2	delong	expected	an	a	actor	director	70	25	6.33	5.68	Lance had moved to Hollywood in hopes of becoming	but so far he had only done a few commercials.	False	n/a	n/a
1083.858	0.2	1083858	255	filler_word	115	53	2	delong	expected	an	a	actor	director	70	25	6.33	5.68	Lance had moved to Hollywood in hopes of becoming	but so far he had only done a few commercials.	False	n/a	n/a
1084.343	0.2	1084343	255	filler_word	115	53	2	delong	expected	an	a	actor	director	70	25	6.33	5.68	Lance had moved to Hollywood in hopes of becoming	but so far he had only done a few commercials.	False	n/a	n/a
1084.829	0.2	1084829	255	filler_word	115	53	2	delong	expected	an	a	actor	director	70	25	6.33	5.68	Lance had moved to Hollywood in hopes of becoming	but so far he had only done a few commercials.	False	n/a	n/a
1085.314	0.2	1085314	201	a_expected	115	53	2	delong	expected	an	a	actor	director	70	25	6.33	5.68	Lance had moved to Hollywood in hopes of becoming	but so far he had only done a few commercials.	False	n/a	n/a
1085.364	0.0	1085364	66	cloze_marker	115	53	2	delong	expected	an	a	actor	director	70	25	6.33	5.68	Lance had moved to Hollywood in hopes of becoming	but so far he had only done a few commercials.	False	n/a	n/a
1085.598	0.0	1085598	158	item_marker	116	58	2	delong	expected	a	an	wheelchair	escalator	66	0	5.83	5.03	The doctors told Monica not to use her legs too much so soon after her surgery so she often used	when moving around to rest her legs.	True	Could Monica use stairs very often?	no
1085.799	0.2	1085799	205	noun_expected	116	58	2	delong	expected	a	an	wheelchair	escalator	66	0	5.83	5.03	The doctors told Monica not to use her legs too much so soon after her surgery so she often used	when moving around to rest her legs.	True	Could Monica use stairs very often?	no
1085.849	0.0	1085849	73	cloze_marker	116	58	2	delong	expected	a	an	wheelchair	escalator	66	0	5.83	5.03	The doctors told Monica not to use her legs too much so soon after her surgery so she often used	when moving around to rest her legs.	True	Could Monica use stairs very often?	no
1086.083	0.0	1086083	158	item_marker	117	58	2	delong	expected	a	an	wheelchair	escalator	66	0	5.83	5.03	The doctors told Monica not to use her legs too much so soon after her surgery so she often used	when moving around to rest her legs.	True	Could Monica use stairs very often?	no
1086.284	0.2	1086284	255	filler_word	117	58	2	delong	expected	a	an	wheelchair	escalator	66	0	5.83	5.03	The doctors told Monica not to use her legs too much so soon after her surgery so she often used	when moving around to rest her legs.	True	Could Monica use stairs very often?	no
1086.769	0.2	1086769	255	filler_word	117	58	2	delong	expected	a	an	wheelchair	escalator	66	0	5.83	5.03	The doctors told Monica not to use her legs too much so soon after her surgery so she often used	when moving around to rest her legs.	True	Could Monica use stairs very often?	no
1087.254	0.2	1087254	255	filler_word	117	58	2	delong	expected	a	an	wheelchair	escalator	66	0	5.83	5.03	The doctors told Monica not to use her legs too much so soon after her surgery so she often used	when moving around to rest her legs.	True	Could Monica use stairs very often?	no
1087.74	0.2	1087740	255	filler_word	117	58	2	delong	expected	a	an	wheelchair	escalator	66	0	5.83	5.03	The doctors told Monica not to use her legs too much so soon after her surgery so she often used	when moving around to rest her legs.	True	Could Monica use stairs very often?	no
1088.225	0.2	1088225	255	filler_word	117	58	2	delong	expected	a	an	wheelchair	escalator	66	0	5.83	5.03	The doctors told Monica not to use her legs too much so soon after her surgery so she often used	when moving around to rest her legs.	True	Could Monica use stairs very often?	no
1088.71	0.2	1088710	255	filler_word	117	58	2	delong	expected	a	an	wheelchair	escalator	66	0	5.83	5.03	The doctors told Monica not to use her legs too much so soon after her surgery so she often used	when moving around to rest her legs.	True	Could Monica use stairs very often?	no
1089.195	0.2	1089195	207	final_expected	117	58	2	delong	expected	a	an	wheelchair	escalator	66	0	5.83	5.03	The doctors told Monica not to use her legs too much so soon after her surgery so she often used	when moving around to rest her legs.	True	Could Monica use stairs very often?	no
1098.698	0.2	1098698	255	filler_word	117	58	2	delong	expected	a	an	wheelchair	escalator	66	0	5.83	5.03	The doctors told Monica not to use her legs too much so soon after her surgery so she often used	when moving around to rest her legs.	True	Could Monica use stairs very often?	no
1099.183	0.2	1099183	255	filler_word	117	58	2	delong	expected	a	an	wheelchair	escalator	66	0	5.83	5.03	The doctors told Monica not to use her legs too much so soon after her surgery so she often used	when moving around to rest her legs.	True	Could Monica use stairs very often?	no
1099.668	0.2	1099668	255	filler_word	117	58	2	delong	expected	a	an	wheelchair	escalator	66	0	5.83	5.03	The doctors told Monica not to use her legs too much so soon after her surgery so she often used	when moving around to rest her legs.	True	Could Monica use stairs very often?	no
1100.154	0.2	1100154	255	filler_word	117	58	2	delong	expected	a	an	wheelchair	escalator	66	0	5.83	5.03	The doctors told Monica not to use her legs too much so soon after her surgery so she often used	when moving around to rest her legs.	True	Could Monica use stairs very often?	no
1100.639	0.2	1100639	255	filler_word	117	58	2	delong	expected	a	an	wheelchair	escalator	66	0	5.83	5.03	The doctors told Monica not to use her legs too much so soon after her surgery so she often used	when moving around to rest her legs.	True	Could Monica use stairs very often?	no
1101.124	0.2	1101124	255	filler_word	117	58	2	delong	expected	a	an	wheelchair	escalator	66	0	5.83	5.03	The doctors told Monica not to use her legs too much so soon after her surgery so she often used	when moving around to rest her legs.	True	Could Monica use stairs very often?	no
1101.609	0.2	1101609	255	filler_word	117	58	2	delong	expected	a	an	wheelchair	escalator	66	0	5.83	5.03	The doctors told Monica not to use her legs too much so soon after her surgery so she often used	when moving around to rest her legs.	True	Could Monica use stairs very often?	no
1102.094	0.2	1102094	255	filler_word	117	58	2	delong	expected	a	an	wheelchair	escalator	66	0	5.83	5.03	The doctors told Monica not to use her legs too much so soon after her surgery so she often used	when moving around to rest her legs.	True	Could Monica use stairs very often?	no
1102.579	0.2	1102579	255	filler_word	117	58	2	delong	expected	a	an	wheelchair	escalator	66	0	5.83	5.03	The doctors told Monica not to use her legs too much so soon after her surgery so she often used	when moving around to rest her legs.	True	Could Monica use stairs very often?	no
1103.065	0.2	1103065	255	filler_word	117	58	2	delong	expected	a	an	wheelchair	escalator	66	0	5.83	5.03	The doctors told Monica not to use her legs too much so soon after her surgery so she often used	when moving around to rest her legs.	True	Could Monica use stairs very often?	no
1103.55	0.2	1103550	255	filler_word	117	58	2	delong	expected	a	an	wheelchair	escalator	66	0	5.83	5.03	The doctors told Monica not to use her legs too much so soon after her surgery so she often used	when moving around to rest her legs.	True	Could Monica use stairs very often?	no
1104.035	0.2	1104035	255	filler_word	117	58	2	delong	expected	a	an	wheelchair	escalator	66	0	5.83	5.03	The doctors told Monica not to use her legs too much so soon after her surgery so she often used	when moving around to rest her legs.	True	Could Monica use stairs very often?	no
1104.52	0.2	1104520	204	an_unexpected	117	58	2	delong	expected	a	an	wheelchair	escalator	66	0	5.83	5.03	The doctors told Monica not to use her legs too much so soon after her surgery so she often used	when moving around to rest her legs.	True	Could Monica use stairs very often?	no
1104.57	0.0	1104570	200	cloze_marker	117	58	2	delong	expected	a	an	wheelchair	escalator	66	0	5.83	5.03	The doctors told Monica not to use her legs too much so soon after her surgery so she often used	when moving around to rest her legs.	True	Could Monica use stairs very often?	no
1104.805	0.0	1104805	156	item_marker	118	56	2	delong	unexpected	a	an	crowd	audience	100	0	6.06	2.9	Carrie's father had always joked that two is company but three is	for him.	False	n/a	n/a
1105.005	0.2	1105005	206	noun_unexpected	118	56	2	delong	unexpected	a	an	crowd	audience	100	0	6.06	2.9	Carrie's father had always joked that two is company but three is	for him.	False	n/a	n/a
1105.055	0.0	1105055	200	cloze_marker	118	56	2	delong	unexpected	a	an	crowd	audience	100	0	6.06	2.9	Carrie's father had always joked that two is company but three is	for him.	False	n/a	n/a
1105.29	0.0	1105290	156	item_marker	119	56	2	delong	unexpected	a	an	crowd	audience	100	0	6.06	2.9	Carrie's father had always joked that two is company but three is	for him.	False	n/a	n/a
1105.491	0.2	1105491	255	filler_word	119	56	2	delong	unexpected	a	an	crowd	audience	100	0	6.06	2.9	Carrie's father had always joked that two is company but three is	for him.	False	n/a	n/a
1105.976	0.2	1105976	208	final_unexpected	119	56	2	delong	unexpected	a	an	crowd	audience	100	0	6.06	2.9	Carrie's father had always joked that two is company but three is	for him.	False	n/a	n/a
1129.95	0.2	1129950	255	filler_word	119	56	2	delong	unexpected	a	an	crowd	audience	100	0	6.06	2.9	Carrie's father had always joked that two is company but three is	for him.	False	n/a	n/a
1130.436	0.2	1130436	255	filler_word	119	56	2	delong	unexpected	a	an	crowd	audience	100	0	6.06	2.9	Carrie's father had always joked that two is company but three is	for him.	False	n/a	n/a
1130.921	0.2	1130921	255	filler_word	119	56	2	delong	unexpected	a	an	crowd	audience	100	0	6.06	2.9	Carrie's father had always joked that two is company but three is	for him.	False	n/a	n/a
1131.406	0.2	1131406	255	filler_word	119	56	2	delong	unexpected	a	an	crowd	audience	100	0	6.06	2.9	Carrie's father had always joked that two is company but three is	for him.	False	n/a	n/a
1131.891	0.2	1131891	255	filler_word	119	56	2	delong	unexpected	a	an	crowd	audience	100	0	6.06	2.9	Carrie's father had always joked that two is company but three is	for him.	False	n/a	n/a
1132.376	0.2	1132376	255	filler_word	119	56	2	delong	unexpected	a	an	crowd	audience	100	0	6.06	2.9	Carrie's father had always joked that two is company but three is	for him.	False	n/a	n/a
1132.862	0.2	1132862	255	filler_word	119	56	2	delong	unexpected	a	an	crowd	audience	100	0	6.06	2.9	Carrie's father had always joked that two is company but three is	for him.	False	n/a	n/a
1133.347	0.2	1133347	255	filler_word	119	56	2	delong	unexpected	a	an	crowd	audience	100	0	6.06	2.9	Carrie's father had always joked that two is company but three is	for him.	False	n/a	n/a
1133.832	0.2	1133832	255	filler_word	119	56	2	delong	unexpected	a	an	crowd	audience	100	0	6.06	2.9	Carrie's father had always joked that two is company but three is	for him.	False	n/a	n/a
1134.317	0.2	1134317	255	filler_word	119	56	2	delong	unexpected	a	an	crowd	audience	100	0	6.06	2.9	Carrie's father had always joked that two is company but three is	for him.	False	n/a	n/a
1134.802	0.2	1134802	255	filler_word	119	56	2	delong	unexpected	a	an	crowd	audience	100	0	6.06	2.9	Carrie's father had always joked that two is company but three is	for him.	False	n/a	n/a
1135.287	0.2	1135287	255	filler_word	119	56	2	delong	unexpected	a	an	crowd	audience	100	0	6.06	2.9	Carrie's father had always joked that two is company but three is	for him.	False	n/a	n/a
1135.773	0.2	1135773	255	filler_word	119	56	2	delong	unexpected	a	an	crowd	audience	100	0	6.06	2.9	Carrie's father had always joked that two is company but three is	for him.	False	n/a	n/a
1136.258	0.2	1136258	255	filler_word	119	56	2	delong	unexpected	a	an	crowd	audience	100	0	6.06	2.9	Carrie's father had always joked that two is company but three is	for him.	False	n/a	n/a
1136.743	0.2	1136743	255	filler_word	119	56	2	delong	unexpected	a	an	crowd	audience	100	0	6.06	2.9	Carrie's father had always joked that two is company but three is	for him.	False	n/a	n/a
1137.228	0.2	1137228	255	filler_word	119	56	2	delong	unexpected	a	an	crowd	audience	100	0	6.06	2.9	Carrie's father had always joked that two is company but three is	for him.	False	n/a	n/a
1137.713	0.2	1137713	255	filler_word	119	56	2	delong	unexpected	a	an	crowd	audience	100	0	6.06	2.9	Carrie's father had always joked that two is company but three is	for him.	False	n/a	n/a
1138.199	0.2	1138199	255	filler_word	119	56	2	delong	unexpected	a	an	crowd	audience	100	0	6.06	2.9	Carrie's father had always joked that two is company but three is	for him.	False	n/a	n/a
1138.684	0.2	1138684	255	filler_word	119	56	2	delong	unexpected	a	an	crowd	audience	100	0	6.06	2.9	Carrie's father had always joked that two is company but three is	for him.	False	n/a	n/a
1139.169	0.2	1139169	255	filler_word	119	56	2	delong	unexpected	a	an	crowd	audience	100	0	6.06	2.9	Carrie's father had always joked that two is company but three is	for him.	False	n/a	n/a
1139.654	0.2	1139654	255	filler_word	119	56	2	delong	unexpected	a	an	crowd	audience	100	0	6.06	2.9	Carrie's father had always joked that two is company but three is	for him.	False	n/a	n/a
1140.139	0.2	1140139	255	filler_word	119	56	2	delong	unexpected	a	an	crowd	audience	100	0	6.06	2.9	Carrie's father had always joked that two is company but three is	for him.	False	n/a	n/a
1140.624	0.2	1140624	201	a_expected	119	56	2	delong	unexpected	a	an	crowd	audience	100	0	6.06	2.9	Carrie's father had always joked that two is company but three is	for him.	False	n/a	n/a
1140.674	0.0	1140674	100	cloze_marker	119	56	2	delong	unexpected	a	an	crowd	audience	100	0	6.06	2.9	Carrie's father had always joked that two is company but three is	for him.	False	n/a	n/a
1140.909	0.0	1140909	166	item_marker	120	66	2	delong	expected	a	an	ship	island	100	0	4.7	3.61	Sandra decided that she would work for a cruise line for a year before starting university although she had never been on	and did not know how to swim.	False	n/a	n/a
1141.11	0.2	1141110	205	noun_expected	120	66	2	delong	expected	a	an	ship	island	100	0	4.7	3.61	Sandra decided that she would work for a cruise line for a year before starting university although she had never been on	and did not know how to swim.	False	n/a	n/a
1141.16	0.0	1141160	23	cloze_marker	120	66	2	delong	expected	a	an	ship	island	100	0	4.7	3.61	Sandra decided that she would work for a cruise line for a year before starting university although she had never been on	and did not know how to swim.	False	n/a	n/a
1141.394	0.0	1141394	166	item_marker	121	66	2	delong	expected	a	an	ship	island	100	0	4.7	3.61	Sandra decided that she would work for a cruise line for a year before starting university although she had never been on	and did not know how to swim.	False	n/a	n/a
1141.595	0.2	1141595	255	filler_word	121	66	2	delong	expected	a	an	ship	island	100	0	4.7	3.61	Sandra decided that she would work for a cruise line for a year before starting university although she had never been on	and did not know how to swim.	False	n/a	n/a
1142.08	0.2	1142080	255	filler_word	121	66	2	delong	expected	a	an	ship	island	100	0	4.7	3.61	Sandra decided that she would work for a cruise line for a year before starting university although she had never been on	and did not know how to swim.	False	n/a	n/a
1142.565	0.2	1142565	255	filler_word	121	66	2	delong	expected	a	an	ship	island	100	0	4.7	3.61	Sandra decided that she would work for a cruise line for a year before starting university although she had never been on	and did not know how to swim.	False	n/a	n/a
1143.05	0.2	1143050	255	filler_word	121	66	2	delong	expected	a	an	ship	island	100	0	4.7	3.61	Sandra decided that she would work for a cruise line for a year before starting university although she had never been on	and did not know how to swim.	False	n/a	n/a
1143.536	0.2	1143536	255	filler_word	121	66	2	delong	expected	a	an	ship	island	100	0	4.7	3.61	Sandra decided that she would work for a cruise line for a year before starting university although she had never been on	and did not know how to swim.	False	n/a	n/a
1144.021	0.2	1144021	255	filler_word	121	66	2	delong	expected	a	an	ship	island	100	0	4.7	3.61	Sandra decided that she would work for a cruise line for a year before starting university although she had never been on	and did not know how to swim.	False	n/a	n/a
1144.506	0.2	1144506	207	final_expected	121	66	2	delong	expected	a	an	ship	island	100	0	4.7	3.61	Sandra decided that she would work for a cruise line for a year before starting university although she had never been on	and did not know how to swim.	False	n/a	n/a
1149.207	0.2	1149207	255	filler_word	121	66	2	delong	expected	a	an	ship	island	100	0	4.7	3.61	Sandra decided that she would work for a cruise line for a year before starting university although she had never been on	and did not know how to swim.	False	n/a	n/a
1149.692	0.2	1149692	255	filler_word	121	66	2	delong	expected	a	an	ship	island	100	0	4.7	3.61	Sandra decided that she would work for a cruise line for a year before starting university although she had never been on	and did not know how to swim.	False	n/a	n/a
1150.178	0.2	1150178	255	filler_word	121	66	2	delong	expected	a	an	ship	island	100	0	4.7	3.61	Sandra decided that she would work for a cruise line for a year before starting university although she had never been on	and did not know how to swim.	False	n/a	n/a
1150.663	0.2	1150663	255	filler_word	121	66	2	delong	expected	a	an	ship	island	100	0	4.7	3.61	Sandra decided that she would work for a cruise line for a year before starting university although she had never been on	and did not know how to swim.	False	n/a	n/a
1151.148	0.2	1151148	255	filler_word	121	66	2	delong	expected	a	an	ship	island	100	0	4.7	3.61	Sandra decided that she would work for a cruise line for a year before starting university although she had never been on	and did not know how to swim.	False	n/a	n/a
1151.633	0.2	1151633	255	filler_word	121	66	2	delong	expected	a	an	ship	island	100	0	4.7	3.61	Sandra decided that she would work for a cruise line for a year before starting university although she had never been on	and did not know how to swim.	False	n/a	n/a
1152.118	0.2	1152118	255	filler_word	121	66	2	delong	expected	a	an	ship	island	100	0	4.7	3.61	Sandra decided that she would work for a cruise line for a year before starting university although she had never been on	and did not know how to swim.	False	n/a	n/a
1152.603	0.2	1152603	255	filler_word	121	66	2	delong	expected	a	an	ship	island	100	0	4.7	3.61	Sandra decided that she would work for a cruise line for a year before starting university although she had never been on	and did not know how to swim.	False	n/a	n/a
1153.089	0.2	1153089	255	filler_word	121	66	2	delong	expected	a	an	ship	island	100	0	4.7	3.61	Sandra decided that she would work for a cruise line for a year before starting university although she had never been on	and did not know how to swim.	False	n/a	n/a
1153.574	0.2	1153574	255	filler_word	121	66	2	delong	expected	a	an	ship	island	100	0	4.7	3.61	Sandra decided that she would work for a cruise line for a year before starting university although she had never been on	and did not know how to swim.	False	n/a	n/a
1154.059	0.2	1154059	255	filler_word	121	66	2	delong	expected	a	an	ship	island	100	0	4.7	3.61	Sandra decided that she would work for a cruise line for a year before starting university although she had never been on	and did not know how to swim.	False	n/a	n/a
1154.544	0.2	1154544	255	filler_word	121	66	2	delong	expected	a	an	ship	island	100	0	4.7	3.61	Sandra decided that she would work for a cruise line for a year before starting university although she had never been on	and did not know how to swim.	False	n/a	n/a
1155.029	0.2	1155029	255	filler_word	121	66	2	delong	expected	a	an	ship	island	100	0	4.7	3.61	Sandra decided that she would work for a cruise line for a year before starting university although she had never been on	and did not know how to swim.	False	n/a	n/a
1155.515	0.2	1155515	255	filler_word	121	66	2	delong	expected	a	an	ship	island	100	0	4.7	3.61	Sandra decided that she would work for a cruise line for a year before starting university although she had never been on	and did not know how to swim.	False	n/a	n/a
1156.0	0.2	1156000	202	an_expected	121	66	2	delong	expected	a	an	ship	island	100	0	4.7	3.61	Sandra decided that she would work for a cruise line for a year before starting university although she had never been on	and did not know how to swim.	False	n/a	n/a
1156.05	0.0	1156050	73	cloze_marker	121	66	2	delong	expected	a	an	ship	island	100	0	4.7	3.61	Sandra decided that she would work for a cruise line for a year before starting university although she had never been on	and did not know how to swim.	False	n/a	n/a
1156.284	0.0	1156284	165	item_marker	122	65	2	delong	expected	an	a	island	ship	73	14	5.53	5.26	Being from the mainland Karen never got used to the feeling of living on	and being so removed from everything.	True	Was Karen from the mainland?	yes
1156.476	0.2	1156476	205	noun_expected	122	65	2	delong	expected	an	a	island	ship	73	14	5.53	5.26	Being from the mainland Karen never got used to the feeling of living on	and being so removed from everything.	True	Was Karen from the mainland?	yes
1156.526	0.0	1156526	93	cloze_marker	122	65	2	delong	expected	an	a	island	ship	73	14	5.53	5.26	Being from the mainland Karen never got used to the feeling of living on	and being so removed from everything.	True	Was Karen from the mainland?	yes
1156.769	0.0	1156769	165	item_marker	123	65	2	delong	expected	an	a	island	ship	73	14	5.53	5.26	Being from the mainland Karen never got used to the feeling of living on	and being so removed from everything.	True	Was Karen from the mainland?	yes
1156.97	0.2	1156970	255	filler_word	123	65	2	delong	expected	an	a	island	ship	73	14	5.53	5.26	Being from the mainland Karen never got used to the feeling of living on	and being so removed from everything.	True	Was Karen from the mainland?	yes
1157.455	0.2	1157455	255	filler_word	123	65	2	delong	expected	an	a	island	ship	73	14	5.53	5.26	Being from the mainland Karen never got used to the feeling of living on	and being so removed from everything.	True	Was Karen from the mainland?	yes
1157.94	0.2	1157940	255	filler_word	123	65	2	delong	expected	an	a	island	ship	73	14	5.53	5.26	Being from the mainland Karen never got used to the feeling of living on	and being so removed from everything.	True	Was Karen from the mainland?	yes
1158.426	0.2	1158426	255	filler_word	123	65	2	delong	expected	an	a	island	ship	73	14	5.53	5.26	Being from the mainland Karen never got used to the feeling of living on	and being so removed from everything.	True	Was Karen from the mainland?	yes
1158.911	0.2	1158911	255	filler_word	123	65	2	delong	expected	an	a	island	ship	73	14	5.53	5.26	Being from the mainland Karen never got used to the feeling of living on	and being so removed from everything.	True	Was Karen from the mainland?	yes
1159.396	0.2	1159396	207	final_expected	123	65	2	delong	expected	an	a	island	ship	73	14	5.53	5.26	Being from the mainland Karen never got used to the feeling of living on	and being so removed from everything.	True	Was Karen from the mainland?	yes
1170.756	0.2	1170756	255	filler_word	123	65	2	delong	expected	an	a	island	ship	73	14	5.53	5.26	Being from the mainland Karen never got used to the feeling of living on	and being so removed from everything.	True	Was Karen from the mainland?	yes
1171.241	0.2	1171241	255	filler_word	123	65	2	delong	expected	an	a	island	ship	73	14	5.53	5.26	Being from the mainland Karen never got used to the feeling of living on	and being so removed from everything.	True	Was Karen from the mainland?	yes
1171.726	0.2	1171726	255	filler_word	123	65	2	delong	expected	an	a	island	ship	73	14	5.53	5.26	Being from the mainland Karen never got used to the feeling of living on	and being so removed from everything.	True	Was Karen from the mainland?	yes
1172.211	0.2	1172211	255	filler_word	123	65	2	delong	expected	an	a	island	ship	73	14	5.53	5.26	Being from the mainland Karen never got used to the feeling of living on	and being so removed from everything.	True	Was Karen from the mainland?	yes
1172.697	0.2	1172697	255	filler_word	123	65	2	delong	expected	an	a	island	ship	73	14	5.53	5.26	Being from the mainland Karen never got used to the feeling of living on	and being so removed from everything.	True	Was Karen from the mainland?	yes
1173.182	0.2	1173182	255	filler_word	123	65	2	delong	expected	an	a	island	ship	73	14	5.53	5.26	Being from the mainland Karen never got used to the feeling of living on	and being so removed from everything.	True	Was Karen from the mainland?	yes
1173.667	0.2	1173667	255	filler_word	123	65	2	delong	expected	an	a	island	ship	73	14	5.53	5.26	Being from the mainland Karen never got used to the feeling of living on	and being so removed from everything.	True	Was Karen from the mainland?	yes
1174.152	0.2	1174152	255	filler_word	123	65	2	delong	expected	an	a	island	ship	73	14	5.53	5.26	Being from the mainland Karen never got used to the feeling of living on	and being so removed from everything.	True	Was Karen from the mainland?	yes
1174.637	0.2	1174637	255	filler_word	123	65	2	delong	expected	an	a	island	ship	73	14	5.53	5.26	Being from the mainland Karen never got used to the feeling of living on	and being so removed from everything.	True	Was Karen from the mainland?	yes
1175.123	0.2	1175123	255	filler_word	123	65	2	delong	expected	an	a	island	ship	73	14	5.53	5.26	Being from the mainland Karen never got used to the feeling of living on	and being so removed from everything.	True	Was Karen from the mainland?	yes
1175.608	0.2	1175608	255	filler_word	123	65	2	delong	expected	an	a	island	ship	73	14	5.53	5.26	Being from the mainland Karen never got used to the feeling of living on	and being so removed from everything.	True	Was Karen from the mainland?	yes
1176.093	0.2	1176093	255	filler_word	123	65	2	delong	expected	an	a	island	ship	73	14	5.53	5.26	Being from the mainland Karen never got used to the feeling of living on	and being so removed from everything.	True	Was Karen from the mainland?	yes
1176.578	0.2	1176578	255	filler_word	123	65	2	delong	expected	an	a	island	ship	73	14	5.53	5.26	Being from the mainland Karen never got used to the feeling of living on	and being so removed from everything.	True	Was Karen from the mainland?	yes
1177.063	0.2	1177063	255	filler_word	123	65	2	delong	expected	an	a	island	ship	73	14	5.53	5.26	Being from the mainland Karen never got used to the feeling of living on	and being so removed from everything.	True	Was Karen from the mainland?	yes
1177.548	0.2	1177548	255	filler_word	123	65	2	delong	expected	an	a	island	ship	73	14	5.53	5.26	Being from the mainland Karen never got used to the feeling of living on	and being so removed from everything.	True	Was Karen from the mainland?	yes
1178.034	0.2	1178034	255	filler_word	123	65	2	delong	expected	an	a	island	ship	73	14	5.53	5.26	Being from the mainland Karen never got used to the feeling of living on	and being so removed from everything.	True	Was Karen from the mainland?	yes
1178.519	0.2	1178519	255	filler_word	123	65	2	delong	expected	an	a	island	ship	73	14	5.53	5.26	Being from the mainland Karen never got used to the feeling of living on	and being so removed from everything.	True	Was Karen from the mainland?	yes
1179.004	0.2	1179004	255	filler_word	123	65	2	delong	expected	an	a	island	ship	73	14	5.53	5.26	Being from the mainland Karen never got used to the feeling of living on	and being so removed from everything.	True	Was Karen from the mainland?	yes
1179.489	0.2	1179489	255	filler_word	123	65	2	delong	expected	an	a	island	ship	73	14	5.53	5.26	Being from the mainland Karen never got used to the feeling of living on	and being so removed from everything.	True	Was Karen from the mainland?	yes
1179.974	0.2	1179974	255	filler_word	123	65	2	delong	expected	an	a	island	ship	73	14	5.53	5.26	Being from the mainland Karen never got used to the feeling of living on	and being so removed from everything.	True	Was Karen from the mainland?	yes
1180.46	0.2	1180460	255	filler_word	123	65	2	delong	expected	an	a	island	ship	73	14	5.53	5.26	Being from the mainland Karen never got used to the feeling of living on	and being so removed from everything.	True	Was Karen from the mainland?	yes
1180.945	0.2	1180945	255	filler_word	123	65	2	delong	expected	an	a	island	ship	73	14	5.53	5.26	Being from the mainland Karen never got used to the feeling of living on	and being so removed from everything.	True	Was Karen from the mainland?	yes
1181.43	0.2	1181430	201	a_expected	123	65	2	delong	expected	an	a	island	ship	73	14	5.53	5.26	Being from the mainland Karen never got used to the feeling of living on	and being so removed from everything.	True	Was Karen from the mainland?	yes
1181.48	0.0	1181480	68	cloze_marker	123	65	2	delong	expected	an	a	island	ship	73	14	5.53	5.26	Being from the mainland Karen never got used to the feeling of living on	and being so removed from everything.	True	Was Karen from the mainland?	yes
1181.714	0.0	1181714	170	item_marker	124	70	2	delong	expected	a	an	mirage	ocean	68	16	6.1	3.97	As the men stumbled across the desert they thought they saw an oasis on the horizon but it turned out to be	so they continued walking.	True	Was there an oasis on the horizon?	no
1181.915	0.2	1181915	205	noun_expected	124	70	2	delong	expected	a	an	mirage	ocean	68	16	6.1	3.97	As the men stumbled across the desert they thought they saw an oasis on the horizon but it turned out to be	so they continued walking.	True	Was there an oasis on the horizon?	no
1181.965	0.0	1181965	57	cloze_marker	124	70	2	delong	expected	a	an	mirage	ocean	68	16	6.1	3.97	As the men stumbled across the desert they thought they saw an oasis on the horizon but it turned out to be	so they continued walking.	True	Was there an oasis on the horizon?	no
1182.2	0.0	1182200	170	item_marker	125	70	2	delong	expected	a	an	mirage	ocean	68	16	6.1	3.97	As the men stumbled across the desert they thought they saw an oasis on the horizon but it turned out to be	so they continued walking.	True	Was there an oasis on the horizon?	no
1182.4	0.2	1182400	255	filler_word	125	70	2	delong	expected	a	an	mirage	ocean	68	16	6.1	3.97	As the men stumbled across the desert they thought they saw an oasis on the horizon but it turned out to be	so they continued walking.	True	Was there an oasis on the horizon?	no
1182.885	0.2	1182885	255	filler_word	125	70	2	delong	expected	a	an	mirage	ocean	68	16	6.1	3.97	As the men stumbled across the desert they thought they saw an oasis on the horizon but it turned out to be	so they continued walking.	True	Was there an oasis on the horizon?	no
1183.371	0.2	1183371	255	filler_word	125	70	2	delong	expected	a	an	mirage	ocean	68	16	6.1	3.97	As the men stumbled across the desert they thought they saw an oasis on the horizon but it turned out to be	so they continued walking.	True	Was there an oasis on the horizon?	no
1183.856	0.2	1183856	207	final_expected	125	70	2	delong	expected	a	an	mirage	ocean	68	16	6.1	3.97	As the men stumbled across the desert they thought they saw an oasis on the horizon but it turned out to be	so they continued walking.	True	Was there an oasis on the horizon?	no
1195.751	0.2	1195751	255	filler_word	125	70	2	delong	expected	a	an	mirage	ocean	68	16	6.1	3.97	As the men stumbled across the desert they thought they saw an oasis on the horizon but it turned out to be	so they continued walking.	True	Was there an oasis on the horizon?	no
1196.236	0.2	1196236	255	filler_word	125	70	2	delong	expected	a	an	mirage	ocean	68	16	6.1	3.97	As the men stumbled across the desert they thought they saw an oasis on the horizon but it turned out to be	so they continued walking.	True	Was there an oasis on the horizon?	no
1196.722	0.2	1196722	255	filler_word	125	70	2	delong	expected	a	an	mirage	ocean	68	16	6.1	3.97	As the men stumbled across the desert they thought they saw an oasis on the horizon but it turned out to be	so they continued walking.	True	Was there an oasis on the horizon?	no
1197.207	0.2	1197207	255	filler_word	125	70	2	delong	expected	a	an	mirage	ocean	68	16	6.1	3.97	As the men stumbled across the desert they thought they saw an oasis on the horizon but it turned out to be	so they continued walking.	True	Was there an oasis on the horizon?	no
1197.692	0.2	1197692	255	filler_word	125	70	2	delong	expected	a	an	mirage	ocean	68	16	6.1	3.97	As the men stumbled across the desert they thought they saw an oasis on the horizon but it turned out to be	so they continued walking.	True	Was there an oasis on the horizon?	no
1198.177	0.2	1198177	255	filler_word	125	70	2	delong	expected	a	an	mirage	ocean	68	16	6.1	3.97	As the men stumbled across the desert they thought they saw an oasis on the horizon but it turned out to be	so they continued walking.	True	Was there an oasis on the horizon?	no
1198.662	0.2	1198662	255	filler_word	125	70	2	delong	expected	a	an	mirage	ocean	68	16	6.1	3.97	As the men stumbled across the desert they thought they saw an oasis on the horizon but it turned out to be	so they continued walking.	True	Was there an oasis on the horizon?	no
1199.147	0.2	1199147	255	filler_word	125	70	2	delong	expected	a	an	mirage	ocean	68	16	6.1	3.97	As the men stumbled across the desert they thought they saw an oasis on the horizon but it turned out to be	so they continued walking.	True	Was there an oasis on the horizon?	no
1199.633	0.2	1199633	255	filler_word	125	70	2	delong	expected	a	an	mirage	ocean	68	16	6.1	3.97	As the men stumbled across the desert they thought they saw an oasis on the horizon but it turned out to be	so they continued walking.	True	Was there an oasis on the horizon?	no
1200.118	0.2	1200118	255	filler_word	125	70	2	delong	expected	a	an	mirage	ocean	68	16	6.1	3.97	As the men stumbled across the desert they thought they saw an oasis on the horizon but it turned out to be	so they continued walking.	True	Was there an oasis on the horizon?	no
1200.603	0.2	1200603	255	filler_word	125	70	2	delong	expected	a	an	mirage	ocean	68	16	6.1	3.97	As the men stumbled across the desert they thought they saw an oasis on the horizon but it turned out to be	so they continued walking.	True	Was there an oasis on the horizon?	no
1201.088	0.2	1201088	255	filler_word	125	70	2	delong	expected	a	an	mirage	ocean	68	16	6.1	3.97	As the men stumbled across the desert they thought they saw an oasis on the horizon but it turned out to be	so they continued walking.	True	Was there an oasis on the horizon?	no
1201.573	0.2	1201573	203	a_unexpected	125	70	2	delong	expected	a	an	mirage	ocean	68	16	6.1	3.97	As the men stumbled across the desert they thought they saw an oasis on the horizon but it turned out to be	so they continued walking.	True	Was there an oasis on the horizon?	no
1201.623	0.0	1201623	25	cloze_marker	125	70	2	delong	expected	a	an	mirage	ocean	68	16	6.1	3.97	As the men stumbled across the desert they thought they saw an oasis on the horizon but it turned out to be	so they continued walking.	True	Was there an oasis on the horizon?	no
1201.858	0.0	1201858	163	item_marker	126	63	2	delong	unexpected	an	a	idea	name	75	25	5.37	6.03	The group had been brainstorming all day but they still didn't have	for their project.	True	Did the group reach a conclusion?	no
1202.059	0.2	1202059	206	noun_unexpected	126	63	2	delong	unexpected	an	a	idea	name	75	25	5.37	6.03	The group had been brainstorming all day but they still didn't have	for their project.	True	Did the group reach a conclusion?	no
1202.109	0.0	1202109	200	cloze_marker	126	63	2	delong	unexpected	an	a	idea	name	75	25	5.37	6.03	The group had been brainstorming all day but they still didn't have	for their project.	True	Did the group reach a conclusion?	no
1202.343	0.0	1202343	163	item_marker	127	63	2	delong	unexpected	an	a	idea	name	75	25	5.37	6.03	The group had been brainstorming all day but they still didn't have	for their project.	True	Did the group reach a conclusion?	no
1202.544	0.2	1202544	255	filler_word	127	63	2	delong	unexpected	an	a	idea	name	75	25	5.37	6.03	The group had been brainstorming all day but they still didn't have	for their project.	True	Did the group reach a conclusion?	no
1203.029	0.2	1203029	255	filler_word	127	63	2	delong	unexpected	an	a	idea	name	75	25	5.37	6.03	The group had been brainstorming all day but they still didn't have	for their project.	True	Did the group reach a conclusion?	no
1203.514	0.2	1203514	208	final_unexpected	127	63	2	delong	unexpected	an	a	idea	name	75	25	5.37	6.03	The group had been brainstorming all day but they still didn't have	for their project.	True	Did the group reach a conclusion?	no
1208.851	0.2	1208851	255	filler_word	127	63	2	delong	unexpected	an	a	idea	name	75	25	5.37	6.03	The group had been brainstorming all day but they still didn't have	for their project.	True	Did the group reach a conclusion?	no
1209.336	0.2	1209336	255	filler_word	127	63	2	delong	unexpected	an	a	idea	name	75	25	5.37	6.03	The group had been brainstorming all day but they still didn't have	for their project.	True	Did the group reach a conclusion?	no
1209.821	0.2	1209821	255	filler_word	127	63	2	delong	unexpected	an	a	idea	name	75	25	5.37	6.03	The group had been brainstorming all day but they still didn't have	for their project.	True	Did the group reach a conclusion?	no
1210.307	0.2	1210307	255	filler_word	127	63	2	delong	unexpected	an	a	idea	name	75	25	5.37	6.03	The group had been brainstorming all day but they still didn't have	for their project.	True	Did the group reach a conclusion?	no
1210.792	0.2	1210792	255	filler_word	127	63	2	delong	unexpected	an	a	idea	name	75	25	5.37	6.03	The group had been brainstorming all day but they still didn't have	for their project.	True	Did the group reach a conclusion?	no
1211.277	0.2	1211277	255	filler_word	127	63	2	delong	unexpected	an	a	idea	name	75	25	5.37	6.03	The group had been brainstorming all day but they still didn't have	for their project.	True	Did the group reach a conclusion?	no
1211.762	0.2	1211762	255	filler_word	127	63	2	delong	unexpected	an	a	idea	name	75	25	5.37	6.03	The group had been brainstorming all day but they still didn't have	for their project.	True	Did the group reach a conclusion?	no
1212.247	0.2	1212247	255	filler_word	127	63	2	delong	unexpected	an	a	idea	name	75	25	5.37	6.03	The group had been brainstorming all day but they still didn't have	for their project.	True	Did the group reach a conclusion?	no
1212.733	0.2	1212733	255	filler_word	127	63	2	delong	unexpected	an	a	idea	name	75	25	5.37	6.03	The group had been brainstorming all day but they still didn't have	for their project.	True	Did the group reach a conclusion?	no
1213.218	0.2	1213218	255	filler_word	127	63	2	delong	unexpected	an	a	idea	name	75	25	5.37	6.03	The group had been brainstorming all day but they still didn't have	for their project.	True	Did the group reach a conclusion?	no
1213.703	0.2	1213703	255	filler_word	127	63	2	delong	unexpected	an	a	idea	name	75	25	5.37	6.03	The group had been brainstorming all day but they still didn't have	for their project.	True	Did the group reach a conclusion?	no
1214.188	0.2	1214188	255	filler_word	127	63	2	delong	unexpected	an	a	idea	name	75	25	5.37	6.03	The group had been brainstorming all day but they still didn't have	for their project.	True	Did the group reach a conclusion?	no
1214.673	0.2	1214673	255	filler_word	127	63	2	delong	unexpected	an	a	idea	name	75	25	5.37	6.03	The group had been brainstorming all day but they still didn't have	for their project.	True	Did the group reach a conclusion?	no
1215.158	0.2	1215158	255	filler_word	127	63	2	delong	unexpected	an	a	idea	name	75	25	5.37	6.03	The group had been brainstorming all day but they still didn't have	for their project.	True	Did the group reach a conclusion?	no
1215.644	0.2	1215644	255	filler_word	127	63	2	delong	unexpected	an	a	idea	name	75	25	5.37	6.03	The group had been brainstorming all day but they still didn't have	for their project.	True	Did the group reach a conclusion?	no
1216.129	0.2	1216129	201	a_expected	127	63	2	delong	unexpected	an	a	idea	name	75	25	5.37	6.03	The group had been brainstorming all day but they still didn't have	for their project.	True	Did the group reach a conclusion?	no
1216.179	0.0	1216179	75	cloze_marker	127	63	2	delong	unexpected	an	a	idea	name	75	25	5.37	6.03	The group had been brainstorming all day but they still didn't have	for their project.	True	Did the group reach a conclusion?	no
1216.413	0.0	1216413	178	item_marker	128	78	2	delong	expected	a	an	window	egg	75	0	6.13	2.52	Because they were playing baseball so close to the house the children ended up shattering	and destroying a nest that some birds had built on the sill.	False	n/a	n/a
1216.614	0.2	1216614	205	noun_expected	128	78	2	delong	expected	a	an	window	egg	75	0	6.13	2.52	Because they were playing baseball so close to the house the children ended up shattering	and destroying a nest that some birds had built on the sill.	False	n/a	n/a
1216.664	0.0	1216664	97	cloze_marker	128	78	2	delong	expected	a	an	window	egg	75	0	6.13	2.52	Because they were playing baseball so close to the house the children ended up shattering	and destroying a nest that some birds had built on the sill.	False	n/a	n/a
1216.898	0.0	1216898	178	item_marker	129	78	2	delong	expected	a	an	window	egg	75	0	6.13	2.52	Because they were playing baseball so close to the house the children ended up shattering	and destroying a nest that some birds had built on the sill.	False	n/a	n/a
1217.099	0.2	1217099	255	filler_word	129	78	2	delong	expected	a	an	window	egg	75	0	6.13	2.52	Because they were playing baseball so close to the house the children ended up shattering	and destroying a nest that some birds had built on the sill.	False	n/a	n/a
1217.584	0.2	1217584	255	filler_word	129	78	2	delong	expected	a	an	window	egg	75	0	6.13	2.52	Because they were playing baseball so close to the house the children ended up shattering	and destroying a nest that some birds had built on the sill.	False	n/a	n/a
1218.07	0.2	1218070	255	filler_word	129	78	2	delong	expected	a	an	window	egg	75	0	6.13	2.52	Because they were playing baseball so close to the house the children ended up shattering	and destroying a nest that some birds had built on the sill.	False	n/a	n/a
1218.555	0.2	1218555	255	filler_word	129	78	2	delong	expected	a	an	window	egg	75	0	6.13	2.52	Because they were playing baseball so close to the house the children ended up shattering	and destroying a nest that some birds had built on the sill.	False	n/a	n/a
1219.04	0.2	1219040	255	filler_word	129	78	2	delong	expected	a	an	window	egg	75	0	6.13	2.52	Because they were playing baseball so close to the house the children ended up shattering	and destroying a nest that some birds had built on the sill.	False	n/a	n/a
1219.525	0.2	1219525	255	filler_word	129	78	2	delong	expected	a	an	window	egg	75	0	6.13	2.52	Because they were playing baseball so close to the house the children ended up shattering	and destroying a nest that some birds had built on the sill.	False	n/a	n/a
1220.01	0.2	1220010	255	filler_word	129	78	2	delong	expected	a	an	window	egg	75	0	6.13	2.52	Because they were playing baseball so close to the house the children ended up shattering	and destroying a nest that some birds had built on the sill.	False	n/a	n/a
1220.495	0.2	1220495	255	filler_word	129	78	2	delong	expected	a	an	window	egg	75	0	6.13	2.52	Because they were playing baseball so close to the house the children ended up shattering	and destroying a nest that some birds had built on the sill.	False	n/a	n/a
1220.981	0.2	1220981	255	filler_word	129	78	2	delong	expected	a	an	window	egg	75	0	6.13	2.52	Because they were playing baseball so close to the house the children ended up shattering	and destroying a nest that some birds had built on the sill.	False	n/a	n/a
1221.466	0.2	1221466	255	filler_word	129	78	2	delong	expected	a	an	window	egg	75	0	6.13	2.52	Because they were playing baseball so close to the house the children ended up shattering	and destroying a nest that some birds had built on the sill.	False	n/a	n/a
1221.951	0.2	1221951	255	filler_word	129	78	2	delong	expected	a	an	window	egg	75	0	6.13	2.52	Because they were playing baseball so close to the house the children ended up shattering	and destroying a nest that some birds had built on the sill.	False	n/a	n/a
1222.436	0.2	1222436	207	final_expected	129	78	2	delong	expected	a	an	window	egg	75	0	6.13	2.52	Because they were playing baseball so close to the house the children ended up shattering	and destroying a nest that some birds had built on the sill.	False	n/a	n/a
1227.539	0.2	1227539	255	filler_word	129	78	2	delong	expected	a	an	window	egg	75	0	6.13	2.52	Because they were playing baseball so close to the house the children ended up shattering	and destroying a nest that some birds had built on the sill.	False	n/a	n/a
1228.024	0.2	1228024	255	filler_word	129	78	2	delong	expected	a	an	window	egg	75	0	6.13	2.52	Because they were playing baseball so close to the house the children ended up shattering	and destroying a nest that some birds had built on the sill.	False	n/a	n/a
1228.509	0.2	1228509	255	filler_word	129	78	2	delong	expected	a	an	window	egg	75	0	6.13	2.52	Because they were playing baseball so close to the house the children ended up shattering	and destroying a nest that some birds had built on the sill.	False	n/a	n/a
1228.994	0.2	1228994	255	filler_word	129	78	2	delong	expected	a	an	window	egg	75	0	6.13	2.52	Because they were playing baseball so close to the house the children ended up shattering	and destroying a nest that some birds had built on the sill.	False	n/a	n/a
1229.48	0.2	1229480	255	filler_word	129	78	2	delong	expected	a	an	window	egg	75	0	6.13	2.52	Because they were playing baseball so close to the house the children ended up shattering	and destroying a nest that some birds had built on the sill.	False	n/a	n/a
1229.965	0.2	1229965	255	filler_word	129	78	2	delong	expected	a	an	window	egg	75	0	6.13	2.52	Because they were playing baseball so close to the house the children ended up shattering	and destroying a nest that some birds had built on the sill.	False	n/a	n/a
1230.45	0.2	1230450	255	filler_word	129	78	2	delong	expected	a	an	window	egg	75	0	6.13	2.52	Because they were playing baseball so close to the house the children ended up shattering	and destroying a nest that some birds had built on the sill.	False	n/a	n/a
1230.935	0.2	1230935	255	filler_word	129	78	2	delong	expected	a	an	window	egg	75	0	6.13	2.52	Because they were playing baseball so close to the house the children ended up shattering	and destroying a nest that some birds had built on the sill.	False	n/a	n/a
1231.42	0.2	1231420	255	filler_word	129	78	2	delong	expected	a	an	window	egg	75	0	6.13	2.52	Because they were playing baseball so close to the house the children ended up shattering	and destroying a nest that some birds had built on the sill.	False	n/a	n/a
1231.906	0.2	1231906	255	filler_word	129	78	2	delong	expected	a	an	window	egg	75	0	6.13	2.52	Because they were playing baseball so close to the house the children ended up shattering	and destroying a nest that some birds had built on the sill.	False	n/a	n/a
1232.391	0.2	1232391	255	filler_word	129	78	2	delong	expected	a	an	window	egg	75	0	6.13	2.52	Because they were playing baseball so close to the house the children ended up shattering	and destroying a nest that some birds had built on the sill.	False	n/a	n/a
1232.876	0.2	1232876	255	filler_word	129	78	2	delong	expected	a	an	window	egg	75	0	6.13	2.52	Because they were playing baseball so close to the house the children ended up shattering	and destroying a nest that some birds had built on the sill.	False	n/a	n/a
1233.361	0.2	1233361	255	filler_word	129	78	2	delong	expected	a	an	window	egg	75	0	6.13	2.52	Because they were playing baseball so close to the house the children ended up shattering	and destroying a nest that some birds had built on the sill.	False	n/a	n/a
1233.846	0.2	1233846	255	filler_word	129	78	2	delong	expected	a	an	window	egg	75	0	6.13	2.52	Because they were playing baseball so close to the house the children ended up shattering	and destroying a nest that some birds had built on the sill.	False	n/a	n/a
1234.331	0.2	1234331	202	an_expected	129	78	2	delong	expected	a	an	window	egg	75	0	6.13	2.52	Because they were playing baseball so close to the house the children ended up shattering	and destroying a nest that some birds had built on the sill.	False	n/a	n/a
1234.381	0.0	1234381	77	cloze_marker	129	78	2	delong	expected	a	an	window	egg	75	0	6.13	2.52	Because they were playing baseball so close to the house the children ended up shattering	and destroying a nest that some birds had built on the sill.	False	n/a	n/a
1234.616	0.0	1234616	173	item_marker	130	73	2	delong	expected	an	a	animal	flower	77	18	4.67	5.84	Carly wasn't sure if the Venus flytrap was classified as a plant or as	but it seemed to have characteristics of both.	False	n/a	n/a
1234.817	0.2	1234817	205	noun_expected	130	73	2	delong	expected	an	a	animal	flower	77	18	4.67	5.84	Carly wasn't sure if the Venus flytrap was classified as a plant or as	but it seemed to have characteristics of both.	False	n/a	n/a
1234.867	0.0	1234867	80	cloze_marker	130	73	2	delong	expected	an	a	animal	flower	77	18	4.67	5.84	Carly wasn't sure if the Venus flytrap was classified as a plant or as	but it seemed to have characteristics of both.	False	n/a	n/a
1235.101	0.0	1235101	173	item_marker	131	73	2	delong	expected	an	a	animal	flower	77	18	4.67	5.84	Carly wasn't sure if the Venus flytrap was classified as a plant or as	but it seemed to have characteristics of both.	False	n/a	n/a
1235.302	0.2	1235302	255	filler_word	131	73	2	delong	expected	an	a	animal	flower	77	18	4.67	5.84	Carly wasn't sure if the Venus flytrap was classified as a plant or as	but it seemed to have characteristics of both.	False	n/a	n/a
1235.787	0.2	1235787	255	filler_word	131	73	2	delong	expected	an	a	animal	flower	77	18	4.67	5.84	Carly wasn't sure if the Venus flytrap was classified as a plant or as	but it seemed to have characteristics of both.	False	n/a	n/a
1236.272	0.2	1236272	255	filler_word	131	73	2	delong	expected	an	a	animal	flower	77	18	4.67	5.84	Carly wasn't sure if the Venus flytrap was classified as a plant or as	but it seemed to have characteristics of both.	False	n/a	n/a
1236.757	0.2	1236757	255	filler_word	131	73	2	delong	expected	an	a	animal	flower	77	18	4.67	5.84	Carly wasn't sure if the Venus flytrap was classified as a plant or as	but it seemed to have characteristics of both.	False	n/a	n/a
1237.243	0.2	1237243	255	filler_word	131	73	2	delong	expected	an	a	animal	flower	77	18	4.67	5.84	Carly wasn't sure if the Venus flytrap was classified as a plant or as	but it seemed to have characteristics of both.	False	n/a	n/a
1237.728	0.2	1237728	255	filler_word	131	73	2	delong	expected	an	a	animal	flower	77	18	4.67	5.84	Carly wasn't sure if the Venus flytrap was classified as a plant or as	but it seemed to have characteristics of both.	False	n/a	n/a
1238.213	0.2	1238213	255	filler_word	131	73	2	delong	expected	an	a	animal	flower	77	18	4.67	5.84	Carly wasn't sure if the Venus flytrap was classified as a plant or as	but it seemed to have characteristics of both.	False	n/a	n/a
1238.698	0.2	1238698	207	final_expected	131	73	2	delong	expected	an	a	animal	flower	77	18	4.67	5.84	Carly wasn't sure if the Venus flytrap was classified as a plant or as	but it seemed to have characteristics of both.	False	n/a	n/a
1246.528	0.2	1246528	255	filler_word	131	73	2	delong	expected	an	a	animal	flower	77	18	4.67	5.84	Carly wasn't sure if the Venus flytrap was classified as a plant or as	but it seemed to have characteristics of both.	False	n/a	n/a
1247.013	0.2	1247013	255	filler_word	131	73	2	delong	expected	an	a	animal	flower	77	18	4.67	5.84	Carly wasn't sure if the Venus flytrap was classified as a plant or as	but it seemed to have characteristics of both.	False	n/a	n/a
1247.498	0.2	1247498	255	filler_word	131	73	2	delong	expected	an	a	animal	flower	77	18	4.67	5.84	Carly wasn't sure if the Venus flytrap was classified as a plant or as	but it seemed to have characteristics of both.	False	n/a	n/a
1247.983	0.2	1247983	255	filler_word	131	73	2	delong	expected	an	a	animal	flower	77	18	4.67	5.84	Carly wasn't sure if the Venus flytrap was classified as a plant or as	but it seemed to have characteristics of both.	False	n/a	n/a
1248.469	0.2	1248469	255	filler_word	131	73	2	delong	expected	an	a	animal	flower	77	18	4.67	5.84	Carly wasn't sure if the Venus flytrap was classified as a plant or as	but it seemed to have characteristics of both.	False	n/a	n/a
1248.954	0.2	1248954	255	filler_word	131	73	2	delong	expected	an	a	animal	flower	77	18	4.67	5.84	Carly wasn't sure if the Venus flytrap was classified as a plant or as	but it seemed to have characteristics of both.	False	n/a	n/a
1249.439	0.2	1249439	255	filler_word	131	73	2	delong	expected	an	a	animal	flower	77	18	4.67	5.84	Carly wasn't sure if the Venus flytrap was classified as a plant or as	but it seemed to have characteristics of both.	False	n/a	n/a
1249.924	0.2	1249924	255	filler_word	131	73	2	delong	expected	an	a	animal	flower	77	18	4.67	5.84	Carly wasn't sure if the Venus flytrap was classified as a plant or as	but it seemed to have characteristics of both.	False	n/a	n/a
1250.409	0.2	1250409	255	filler_word	131	73	2	delong	expected	an	a	animal	flower	77	18	4.67	5.84	Carly wasn't sure if the Venus flytrap was classified as a plant or as	but it seemed to have characteristics of both.	False	n/a	n/a
1250.895	0.2	1250895	255	filler_word	131	73	2	delong	expected	an	a	animal	flower	77	18	4.67	5.84	Carly wasn't sure if the Venus flytrap was classified as a plant or as	but it seemed to have characteristics of both.	False	n/a	n/a
1251.38	0.2	1251380	255	filler_word	131	73	2	delong	expected	an	a	animal	flower	77	18	4.67	5.84	Carly wasn't sure if the Venus flytrap was classified as a plant or as	but it seemed to have characteristics of both.	False	n/a	n/a
1251.865	0.2	1251865	255	filler_word	131	73	2	delong	expected	an	a	animal	flower	77	18	4.67	5.84	Carly wasn't sure if the Venus flytrap was classified as a plant or as	but it seemed to have characteristics of both.	False	n/a	n/a
1252.35	0.2	1252350	255	filler_word	131	73	2	delong	expected	an	a	animal	flower	77	18	4.67	5.84	Carly wasn't sure if the Venus flytrap was classified as a plant or as	but it seemed to have characteristics of both.	False	n/a	n/a
1252.835	0.2	1252835	255	filler_word	131	73	2	delong	expected	an	a	animal	flower	77	18	4.67	5.84	Carly wasn't sure if the Venus flytrap was classified as a plant or as	but it seemed to have characteristics of both.	False	n/a	n/a
1253.32	0.2	1253320	255	filler_word	131	73	2	delong	expected	an	a	animal	flower	77	18	4.67	5.84	Carly wasn't sure if the Venus flytrap was classified as a plant or as	but it seemed to have characteristics of both.	False	n/a	n/a
1253.806	0.2	1253806	255	filler_word	131	73	2	delong	expected	an	a	animal	flower	77	18	4.67	5.84	Carly wasn't sure if the Venus flytrap was classified as a plant or as	but it seemed to have characteristics of both.	False	n/a	n/a
1254.291	0.2	1254291	255	filler_word	131	73	2	delong	expected	an	a	animal	flower	77	18	4.67	5.84	Carly wasn't sure if the Venus flytrap was classified as a plant or as	but it seemed to have characteristics of both.	False	n/a	n/a
1254.776	0.2	1254776	204	an_unexpected	131	73	2	delong	expected	an	a	animal	flower	77	18	4.67	5.84	Carly wasn't sure if the Venus flytrap was classified as a plant or as	but it seemed to have characteristics of both.	False	n/a	n/a
1254.826	0.0	1254826	11	cloze_marker	131	73	2	delong	expected	an	a	animal	flower	77	18	4.67	5.84	Carly wasn't sure if the Venus flytrap was classified as a plant or as	but it seemed to have characteristics of both.	False	n/a	n/a
1255.06	0.0	1255060	164	item_marker	132	64	2	delong	unexpected	a	an	name	idea	68	11	5.67	5.77	The guys didn't know what to call their band so Trent told everyone to come up with	and they would vote.	True	Did Trent suggest to vote?	yes
1255.261	0.2	1255261	206	noun_unexpected	132	64	2	delong	unexpected	a	an	name	idea	68	11	5.67	5.77	The guys didn't know what to call their band so Trent told everyone to come up with	and they would vote.	True	Did Trent suggest to vote?	yes
1255.311	0.0	1255311	77	cloze_marker	132	64	2	delong	unexpected	a	an	name	idea	68	11	5.67	5.77	The guys didn't know what to call their band so Trent told everyone to come up with	and they would vote.	True	Did Trent suggest to vote?	yes
1255.546	0.0	1255546	164	item_marker	133	64	2	delong	unexpected	a	an	name	idea	68	11	5.67	5.77	The guys didn't know what to call their band so Trent told everyone to come up with	and they would vote.	True	Did Trent suggest to vote?	yes
1255.746	0.2	1255746	255	filler_word	133	64	2	delong	unexpected	a	an	name	idea	68	11	5.67	5.77	The guys didn't know what to call their band so Trent told everyone to come up with	and they would vote.	True	Did Trent suggest to vote?	yes
1256.232	0.2	1256232	255	filler_word	133	64	2	delong	unexpected	a	an	name	idea	68	11	5.67	5.77	The guys didn't know what to call their band so Trent told everyone to come up with	and they would vote.	True	Did Trent suggest to vote?	yes
1256.717	0.2	1256717	255	filler_word	133	64	2	delong	unexpected	a	an	name	idea	68	11	5.67	5.77	The guys didn't know what to call their band so Trent told everyone to come up with	and they would vote.	True	Did Trent suggest to vote?	yes
1257.202	0.2	1257202	208	final_unexpected	133	64	2	delong	unexpected	a	an	name	idea	68	11	5.67	5.77	The guys didn't know what to call their band so Trent told everyone to come up with	and they would vote.	True	Did Trent suggest to vote?	yes
1263.426	0.2	1263426	255	filler_word	133	64	2	delong	unexpected	a	an	name	idea	68	11	5.67	5.77	The guys didn't know what to call their band so Trent told everyone to come up with	and they would vote.	True	Did Trent suggest to vote?	yes
1263.911	0.2	1263911	255	filler_word	133	64	2	delong	unexpected	a	an	name	idea	68	11	5.67	5.77	The guys didn't know what to call their band so Trent told everyone to come up with	and they would vote.	True	Did Trent suggest to vote?	yes
1264.396	0.2	1264396	255	filler_word	133	64	2	delong	unexpected	a	an	name	idea	68	11	5.67	5.77	The guys didn't know what to call their band so Trent told everyone to come up with	and they would vote.	True	Did Trent suggest to vote?	yes
1264.881	0.2	1264881	255	filler_word	133	64	2	delong	unexpected	a	an	name	idea	68	11	5.67	5.77	The guys didn't know what to call their band so Trent told everyone to come up with	and they would vote.	True	Did Trent suggest to vote?	yes
1265.366	0.2	1265366	255	filler_word	133	64	2	delong	unexpected	a	an	name	idea	68	11	5.67	5.77	The guys didn't know what to call their band so Trent told everyone to come up with	and they would vote.	True	Did Trent suggest to vote?	yes
1265.852	0.2	1265852	255	filler_word	133	64	2	delong	unexpected	a	an	name	idea	68	11	5.67	5.77	The guys didn't know what to call their band so Trent told everyone to come up with	and they would vote.	True	Did Trent suggest to vote?	yes
1266.337	0.2	1266337	255	filler_word	133	64	2	delong	unexpected	a	an	name	idea	68	11	5.67	5.77	The guys didn't know what to call their band so Trent told everyone to come up with	and they would vote.	True	Did Trent suggest to vote?	yes
1266.822	0.2	1266822	255	filler_word	133	64	2	delong	unexpected	a	an	name	idea	68	11	5.67	5.77	The guys didn't know what to call their band so Trent told everyone to come up with	and they would vote.	True	Did Trent suggest to vote?	yes
1267.307	0.2	1267307	255	filler_word	133	64	2	delong	unexpected	a	an	name	idea	68	11	5.67	5.77	The guys didn't know what to call their band so Trent told everyone to come up with	and they would vote.	True	Did Trent suggest to vote?	yes
1267.792	0.2	1267792	255	filler_word	133	64	2	delong	unexpected	a	an	name	idea	68	11	5.67	5.77	The guys didn't know what to call their band so Trent told everyone to come up with	and they would vote.	True	Did Trent suggest to vote?	yes
1268.277	0.2	1268277	255	filler_word	133	64	2	delong	unexpected	a	an	name	idea	68	11	5.67	5.77	The guys didn't know what to call their band so Trent told everyone to come up with	and they would vote.	True	Did Trent suggest to vote?	yes
1268.763	0.2	1268763	255	filler_word	133	64	2	delong	unexpected	a	an	name	idea	68	11	5.67	5.77	The guys didn't know what to call their band so Trent told everyone to come up with	and they would vote.	True	Did Trent suggest to vote?	yes
1269.248	0.2	1269248	255	filler_word	133	64	2	delong	unexpected	a	an	name	idea	68	11	5.67	5.77	The guys didn't know what to call their band so Trent told everyone to come up with	and they would vote.	True	Did Trent suggest to vote?	yes
1269.733	0.2	1269733	255	filler_word	133	64	2	delong	unexpected	a	an	name	idea	68	11	5.67	5.77	The guys didn't know what to call their band so Trent told everyone to come up with	and they would vote.	True	Did Trent suggest to vote?	yes
1270.218	0.2	1270218	255	filler_word	133	64	2	delong	unexpected	a	an	name	idea	68	11	5.67	5.77	The guys didn't know what to call their band so Trent told everyone to come up with	and they would vote.	True	Did Trent suggest to vote?	yes
1270.703	0.2	1270703	255	filler_word	133	64	2	delong	unexpected	a	an	name	idea	68	11	5.67	5.77	The guys didn't know what to call their band so Trent told everyone to come up with	and they would vote.	True	Did Trent suggest to vote?	yes
1271.189	0.2	1271189	255	filler_word	133	64	2	delong	unexpected	a	an	name	idea	68	11	5.67	5.77	The guys didn't know what to call their band so Trent told everyone to come up with	and they would vote.	True	Did Trent suggest to vote?	yes
1271.674	0.2	1271674	255	filler_word	133	64	2	delong	unexpected	a	an	name	idea	68	11	5.67	5.77	The guys didn't know what to call their band so Trent told everyone to come up with	and they would vote.	True	Did Trent suggest to vote?	yes
1272.159	0.2	1272159	255	filler_word	133	64	2	delong	unexpected	a	an	name	idea	68	11	5.67	5.77	The guys didn't know what to call their band so Trent told everyone to come up with	and they would vote.	True	Did Trent suggest to vote?	yes
1272.644	0.2	1272644	255	filler_word	133	64	2	delong	unexpected	a	an	name	idea	68	11	5.67	5.77	The guys didn't know what to call their band so Trent told everyone to come up with	and they would vote.	True	Did Trent suggest to vote?	yes
1273.129	0.2	1273129	255	filler_word	133	64	2	delong	unexpected	a	an	name	idea	68	11	5.67	5.77	The guys didn't know what to call their band so Trent told everyone to come up with	and they would vote.	True	Did Trent suggest to vote?	yes
1273.614	0.2	1273614	255	filler_word	133	64	2	delong	unexpected	a	an	name	idea	68	11	5.67	5.77	The guys didn't know what to call their band so Trent told everyone to come up with	and they would vote.	True	Did Trent suggest to vote?	yes
1274.1	0.2	1274100	255	filler_word	133	64	2	delong	unexpected	a	an	name	idea	68	11	5.67	5.77	The guys didn't know what to call their band so Trent told everyone to come up with	and they would vote.	True	Did Trent suggest to vote?	yes
1274.585	0.2	1274585	255	filler_word	133	64	2	delong	unexpected	a	an	name	idea	68	11	5.67	5.77	The guys didn't know what to call their band so Trent told everyone to come up with	and they would vote.	True	Did Trent suggest to vote?	yes
1275.07	0.2	1275070	203	a_unexpected	133	64	2	delong	unexpected	a	an	name	idea	68	11	5.67	5.77	The guys didn't know what to call their band so Trent told everyone to come up with	and they would vote.	True	Did Trent suggest to vote?	yes
1275.12	0.0	1275120	200	cloze_marker	133	64	2	delong	unexpected	a	an	name	idea	68	11	5.67	5.77	The guys didn't know what to call their band so Trent told everyone to come up with	and they would vote.	True	Did Trent suggest to vote?	yes
1275.354	0.0	1275354	171	item_marker	134	71	2	delong	unexpected	an	a	order	compliment	57	0	5.8	3.16	The waitress at the next table was trying to scribble everything down but it was obvious that she did not know how to take	from her customers.	False	n/a	n/a
1275.555	0.2	1275555	206	noun_unexpected	134	71	2	delong	unexpected	an	a	order	compliment	57	0	5.8	3.16	The waitress at the next table was trying to scribble everything down but it was obvious that she did not know how to take	from her customers.	False	n/a	n/a
1275.605	0.0	1275605	200	cloze_marker	134	71	2	delong	unexpected	an	a	order	compliment	57	0	5.8	3.16	The waitress at the next table was trying to scribble everything down but it was obvious that she did not know how to take	from her customers.	False	n/a	n/a
1275.84	0.0	1275840	171	item_marker	135	71	2	delong	unexpected	an	a	order	compliment	57	0	5.8	3.16	The waitress at the next table was trying to scribble everything down but it was obvious that she did not know how to take	from her customers.	False	n/a	n/a
1276.04	0.2	1276040	255	filler_word	135	71	2	delong	unexpected	an	a	order	compliment	57	0	5.8	3.16	The waitress at the next table was trying to scribble everything down but it was obvious that she did not know how to take	from her customers.	False	n/a	n/a
1276.526	0.2	1276526	255	filler_word	135	71	2	delong	unexpected	an	a	order	compliment	57	0	5.8	3.16	The waitress at the next table was trying to scribble everything down but it was obvious that she did not know how to take	from her customers.	False	n/a	n/a
1277.011	0.2	1277011	208	final_unexpected	135	71	2	delong	unexpected	an	a	order	compliment	57	0	5.8	3.16	The waitress at the next table was trying to scribble everything down but it was obvious that she did not know how to take	from her customers.	False	n/a	n/a
1283.552	0.2	1283552	255	filler_word	135	71	2	delong	unexpected	an	a	order	compliment	57	0	5.8	3.16	The waitress at the next table was trying to scribble everything down but it was obvious that she did not know how to take	from her customers.	False	n/a	n/a
1284.038	0.2	1284038	255	filler_word	135	71	2	delong	unexpected	an	a	order	compliment	57	0	5.8	3.16	The waitress at the next table was trying to scribble everything down but it was obvious that she did not know how to take	from her customers.	False	n/a	n/a
1284.523	0.2	1284523	255	filler_word	135	71	2	delong	unexpected	an	a	order	compliment	57	0	5.8	3.16	The waitress at the next table was trying to scribble everything down but it was obvious that she did not know how to take	from her customers.	False	n/a	n/a
1285.008	0.2	1285008	255	filler_word	135	71	2	delong	unexpected	an	a	order	compliment	57	0	5.8	3.16	The waitress at the next table was trying to scribble everything down but it was obvious that she did not know how to take	from her customers.	False	n/a	n/a
1285.493	0.2	1285493	255	filler_word	135	71	2	delong	unexpected	an	a	order	compliment	57	0	5.8	3.16	The waitress at the next table was trying to scribble everything down but it was obvious that she did not know how to take	from her customers.	False	n/a	n/a
1285.978	0.2	1285978	255	filler_word	135	71	2	delong	unexpected	an	a	order	compliment	57	0	5.8	3.16	The waitress at the next table was trying to scribble everything down but it was obvious that she did not know how to take	from her customers.	False	n/a	n/a
1286.463	0.2	1286463	255	filler_word	135	71	2	delong	unexpected	an	a	order	compliment	57	0	5.8	3.16	The waitress at the next table was trying to scribble everything down but it was obvious that she did not know how to take	from her customers.	False	n/a	n/a
1286.949	0.2	1286949	255	filler_word	135	71	2	delong	unexpected	an	a	order	compliment	57	0	5.8	3.16	The waitress at the next table was trying to scribble everything down but it was obvious that she did not know how to take	from her customers.	False	n/a	n/a
1287.434	0.2	1287434	255	filler_word	135	71	2	delong	unexpected	an	a	order	compliment	57	0	5.8	3.16	The waitress at the next table was trying to scribble everything down but it was obvious that she did not know how to take	from her customers.	False	n/a	n/a
1287.919	0.2	1287919	255	filler_word	135	71	2	delong	unexpected	an	a	order	compliment	57	0	5.8	3.16	The waitress at the next table was trying to scribble everything down but it was obvious that she did not know how to take	from her customers.	False	n/a	n/a
1288.404	0.2	1288404	255	filler_word	135	71	2	delong	unexpected	an	a	order	compliment	57	0	5.8	3.16	The waitress at the next table was trying to scribble everything down but it was obvious that she did not know how to take	from her customers.	False	n/a	n/a
1288.889	0.2	1288889	255	filler_word	135	71	2	delong	unexpected	an	a	order	compliment	57	0	5.8	3.16	The waitress at the next table was trying to scribble everything down but it was obvious that she did not know how to take	from her customers.	False	n/a	n/a
1289.375	0.2	1289375	255	filler_word	135	71	2	delong	unexpected	an	a	order	compliment	57	0	5.8	3.16	The waitress at the next table was trying to scribble everything down but it was obvious that she did not know how to take	from her customers.	False	n/a	n/a
1289.86	0.2	1289860	255	filler_word	135	71	2	delong	unexpected	an	a	order	compliment	57	0	5.8	3.16	The waitress at the next table was trying to scribble everything down but it was obvious that she did not know how to take	from her customers.	False	n/a	n/a
1290.345	0.2	1290345	255	filler_word	135	71	2	delong	unexpected	an	a	order	compliment	57	0	5.8	3.16	The waitress at the next table was trying to scribble everything down but it was obvious that she did not know how to take	from her customers.	False	n/a	n/a
1290.83	0.2	1290830	255	filler_word	135	71	2	delong	unexpected	an	a	order	compliment	57	0	5.8	3.16	The waitress at the next table was trying to scribble everything down but it was obvious that she did not know how to take	from her customers.	False	n/a	n/a
1291.315	0.2	1291315	255	filler_word	135	71	2	delong	unexpected	an	a	order	compliment	57	0	5.8	3.16	The waitress at the next table was trying to scribble everything down but it was obvious that she did not know how to take	from her customers.	False	n/a	n/a
1291.8	0.2	1291800	255	filler_word	135	71	2	delong	unexpected	an	a	order	compliment	57	0	5.8	3.16	The waitress at the next table was trying to scribble everything down but it was obvious that she did not know how to take	from her customers.	False	n/a	n/a
1292.286	0.2	1292286	255	filler_word	135	71	2	delong	unexpected	an	a	order	compliment	57	0	5.8	3.16	The waitress at the next table was trying to scribble everything down but it was obvious that she did not know how to take	from her customers.	False	n/a	n/a
1292.771	0.2	1292771	255	filler_word	135	71	2	delong	unexpected	an	a	order	compliment	57	0	5.8	3.16	The waitress at the next table was trying to scribble everything down but it was obvious that she did not know how to take	from her customers.	False	n/a	n/a
1293.256	0.2	1293256	255	filler_word	135	71	2	delong	unexpected	an	a	order	compliment	57	0	5.8	3.16	The waitress at the next table was trying to scribble everything down but it was obvious that she did not know how to take	from her customers.	False	n/a	n/a
1293.741	0.2	1293741	255	filler_word	135	71	2	delong	unexpected	an	a	order	compliment	57	0	5.8	3.16	The waitress at the next table was trying to scribble everything down but it was obvious that she did not know how to take	from her customers.	False	n/a	n/a
1294.226	0.2	1294226	255	filler_word	135	71	2	delong	unexpected	an	a	order	compliment	57	0	5.8	3.16	The waitress at the next table was trying to scribble everything down but it was obvious that she did not know how to take	from her customers.	False	n/a	n/a
1294.712	0.2	1294712	204	an_unexpected	135	71	2	delong	unexpected	an	a	order	compliment	57	0	5.8	3.16	The waitress at the next table was trying to scribble everything down but it was obvious that she did not know how to take	from her customers.	False	n/a	n/a
1294.761	0.0	1294761	5	cloze_marker	135	71	2	delong	unexpected	an	a	order	compliment	57	0	5.8	3.16	The waitress at the next table was trying to scribble everything down but it was obvious that she did not know how to take	from her customers.	False	n/a	n/a
1294.996	0.0	1294996	180	item_marker	136	80	2	delong	unexpected	a	an	tourist	alien	95	5	5.9	2.07	With his khaki shorts and his loud Hawaiian shirt and the camera around his neck you could definitely tell that the man was	in the country.	False	n/a	n/a
1295.197	0.2	1295197	206	noun_unexpected	136	80	2	delong	unexpected	a	an	tourist	alien	95	5	5.9	2.07	With his khaki shorts and his loud Hawaiian shirt and the camera around his neck you could definitely tell that the man was	in the country.	False	n/a	n/a
1295.247	0.0	1295247	200	cloze_marker	136	80	2	delong	unexpected	a	an	tourist	alien	95	5	5.9	2.07	With his khaki shorts and his loud Hawaiian shirt and the camera around his neck you could definitely tell that the man was	in the country.	False	n/a	n/a
1295.481	0.0	1295481	180	item_marker	137	80	2	delong	unexpected	a	an	tourist	alien	95	5	5.9	2.07	With his khaki shorts and his loud Hawaiian shirt and the camera around his neck you could definitely tell that the man was	in the country.	False	n/a	n/a
1295.682	0.2	1295682	255	filler_word	137	80	2	delong	unexpected	a	an	tourist	alien	95	5	5.9	2.07	With his khaki shorts and his loud Hawaiian shirt and the camera around his neck you could definitely tell that the man was	in the country.	False	n/a	n/a
1296.167	0.2	1296167	255	filler_word	137	80	2	delong	unexpected	a	an	tourist	alien	95	5	5.9	2.07	With his khaki shorts and his loud Hawaiian shirt and the camera around his neck you could definitely tell that the man was	in the country.	False	n/a	n/a
1296.652	0.2	1296652	208	final_unexpected	137	80	2	delong	unexpected	a	an	tourist	alien	95	5	5.9	2.07	With his khaki shorts and his loud Hawaiian shirt and the camera around his neck you could definitely tell that the man was	in the country.	False	n/a	n/a
1299.731	0.2	1299731	255	filler_word	137	80	2	delong	unexpected	a	an	tourist	alien	95	5	5.9	2.07	With his khaki shorts and his loud Hawaiian shirt and the camera around his neck you could definitely tell that the man was	in the country.	False	n/a	n/a
1300.216	0.2	1300216	255	filler_word	137	80	2	delong	unexpected	a	an	tourist	alien	95	5	5.9	2.07	With his khaki shorts and his loud Hawaiian shirt and the camera around his neck you could definitely tell that the man was	in the country.	False	n/a	n/a
1300.701	0.2	1300701	255	filler_word	137	80	2	delong	unexpected	a	an	tourist	alien	95	5	5.9	2.07	With his khaki shorts and his loud Hawaiian shirt and the camera around his neck you could definitely tell that the man was	in the country.	False	n/a	n/a
1301.186	0.2	1301186	255	filler_word	137	80	2	delong	unexpected	a	an	tourist	alien	95	5	5.9	2.07	With his khaki shorts and his loud Hawaiian shirt and the camera around his neck you could definitely tell that the man was	in the country.	False	n/a	n/a
1301.671	0.2	1301671	255	filler_word	137	80	2	delong	unexpected	a	an	tourist	alien	95	5	5.9	2.07	With his khaki shorts and his loud Hawaiian shirt and the camera around his neck you could definitely tell that the man was	in the country.	False	n/a	n/a
1302.157	0.2	1302157	255	filler_word	137	80	2	delong	unexpected	a	an	tourist	alien	95	5	5.9	2.07	With his khaki shorts and his loud Hawaiian shirt and the camera around his neck you could definitely tell that the man was	in the country.	False	n/a	n/a
1302.642	0.2	1302642	255	filler_word	137	80	2	delong	unexpected	a	an	tourist	alien	95	5	5.9	2.07	With his khaki shorts and his loud Hawaiian shirt and the camera around his neck you could definitely tell that the man was	in the country.	False	n/a	n/a
1303.127	0.2	1303127	255	filler_word	137	80	2	delong	unexpected	a	an	tourist	alien	95	5	5.9	2.07	With his khaki shorts and his loud Hawaiian shirt and the camera around his neck you could definitely tell that the man was	in the country.	False	n/a	n/a
1303.612	0.2	1303612	255	filler_word	137	80	2	delong	unexpected	a	an	tourist	alien	95	5	5.9	2.07	With his khaki shorts and his loud Hawaiian shirt and the camera around his neck you could definitely tell that the man was	in the country.	False	n/a	n/a
1304.097	0.2	1304097	255	filler_word	137	80	2	delong	unexpected	a	an	tourist	alien	95	5	5.9	2.07	With his khaki shorts and his loud Hawaiian shirt and the camera around his neck you could definitely tell that the man was	in the country.	False	n/a	n/a
1304.582	0.2	1304582	255	filler_word	137	80	2	delong	unexpected	a	an	tourist	alien	95	5	5.9	2.07	With his khaki shorts and his loud Hawaiian shirt and the camera around his neck you could definitely tell that the man was	in the country.	False	n/a	n/a
1305.068	0.2	1305068	255	filler_word	137	80	2	delong	unexpected	a	an	tourist	alien	95	5	5.9	2.07	With his khaki shorts and his loud Hawaiian shirt and the camera around his neck you could definitely tell that the man was	in the country.	False	n/a	n/a
1305.553	0.2	1305553	255	filler_word	137	80	2	delong	unexpected	a	an	tourist	alien	95	5	5.9	2.07	With his khaki shorts and his loud Hawaiian shirt and the camera around his neck you could definitely tell that the man was	in the country.	False	n/a	n/a
1306.038	0.2	1306038	255	filler_word	137	80	2	delong	unexpected	a	an	tourist	alien	95	5	5.9	2.07	With his khaki shorts and his loud Hawaiian shirt and the camera around his neck you could definitely tell that the man was	in the country.	False	n/a	n/a
1306.523	0.2	1306523	255	filler_word	137	80	2	delong	unexpected	a	an	tourist	alien	95	5	5.9	2.07	With his khaki shorts and his loud Hawaiian shirt and the camera around his neck you could definitely tell that the man was	in the country.	False	n/a	n/a
1307.008	0.2	1307008	255	filler_word	137	80	2	delong	unexpected	a	an	tourist	alien	95	5	5.9	2.07	With his khaki shorts and his loud Hawaiian shirt and the camera around his neck you could definitely tell that the man was	in the country.	False	n/a	n/a
1307.494	0.2	1307494	255	filler_word	137	80	2	delong	unexpected	a	an	tourist	alien	95	5	5.9	2.07	With his khaki shorts and his loud Hawaiian shirt and the camera around his neck you could definitely tell that the man was	in the country.	False	n/a	n/a
1307.979	0.2	1307979	255	filler_word	137	80	2	delong	unexpected	a	an	tourist	alien	95	5	5.9	2.07	With his khaki shorts and his loud Hawaiian shirt and the camera around his neck you could definitely tell that the man was	in the country.	False	n/a	n/a
1308.464	0.2	1308464	255	filler_word	137	80	2	delong	unexpected	a	an	tourist	alien	95	5	5.9	2.07	With his khaki shorts and his loud Hawaiian shirt and the camera around his neck you could definitely tell that the man was	in the country.	False	n/a	n/a
1308.949	0.2	1308949	255	filler_word	137	80	2	delong	unexpected	a	an	tourist	alien	95	5	5.9	2.07	With his khaki shorts and his loud Hawaiian shirt and the camera around his neck you could definitely tell that the man was	in the country.	False	n/a	n/a
1309.434	0.2	1309434	255	filler_word	137	80	2	delong	unexpected	a	an	tourist	alien	95	5	5.9	2.07	With his khaki shorts and his loud Hawaiian shirt and the camera around his neck you could definitely tell that the man was	in the country.	False	n/a	n/a
1309.919	0.2	1309919	255	filler_word	137	80	2	delong	unexpected	a	an	tourist	alien	95	5	5.9	2.07	With his khaki shorts and his loud Hawaiian shirt and the camera around his neck you could definitely tell that the man was	in the country.	False	n/a	n/a
1310.405	0.2	1310405	255	filler_word	137	80	2	delong	unexpected	a	an	tourist	alien	95	5	5.9	2.07	With his khaki shorts and his loud Hawaiian shirt and the camera around his neck you could definitely tell that the man was	in the country.	False	n/a	n/a
1310.89	0.2	1310890	255	filler_word	137	80	2	delong	unexpected	a	an	tourist	alien	95	5	5.9	2.07	With his khaki shorts and his loud Hawaiian shirt and the camera around his neck you could definitely tell that the man was	in the country.	False	n/a	n/a
1311.375	0.2	1311375	202	an_expected	137	80	2	delong	unexpected	a	an	tourist	alien	95	5	5.9	2.07	With his khaki shorts and his loud Hawaiian shirt and the camera around his neck you could definitely tell that the man was	in the country.	False	n/a	n/a
1311.425	0.0	1311425	73	cloze_marker	137	80	2	delong	unexpected	a	an	tourist	alien	95	5	5.9	2.07	With his khaki shorts and his loud Hawaiian shirt and the camera around his neck you could definitely tell that the man was	in the country.	False	n/a	n/a
1311.659	0.0	1311659	169	item_marker	138	69	2	delong	expected	an	a	ocean	mirage	73	5	5.77	2.7	The first time Timmy saw the Pacific he thought it was a lake but his brother laughed and explained to him that it was	and he should be careful of the waves.	False	n/a	n/a
1311.86	0.2	1311860	205	noun_expected	138	69	2	delong	expected	an	a	ocean	mirage	73	5	5.77	2.7	The first time Timmy saw the Pacific he thought it was a lake but his brother laughed and explained to him that it was	and he should be careful of the waves.	False	n/a	n/a
1311.91	0.0	1311910	93	cloze_marker	138	69	2	delong	expected	an	a	ocean	mirage	73	5	5.77	2.7	The first time Timmy saw the Pacific he thought it was a lake but his brother laughed and explained to him that it was	and he should be careful of the waves.	False	n/a	n/a
1312.145	0.0	1312145	169	item_marker	139	69	2	delong	expected	an	a	ocean	mirage	73	5	5.77	2.7	The first time Timmy saw the Pacific he thought it was a lake but his brother laughed and explained to him that it was	and he should be careful of the waves.	False	n/a	n/a
1312.345	0.2	1312345	255	filler_word	139	69	2	delong	expected	an	a	ocean	mirage	73	5	5.77	2.7	The first time Timmy saw the Pacific he thought it was a lake but his brother laughed and explained to him that it was	and he should be careful of the waves.	False	n/a	n/a
1312.831	0.2	1312831	255	filler_word	139	69	2	delong	expected	an	a	ocean	mirage	73	5	5.77	2.7	The first time Timmy saw the Pacific he thought it was a lake but his brother laughed and explained to him that it was	and he should be careful of the waves.	False	n/a	n/a
1313.316	0.2	1313316	255	filler_word	139	69	2	delong	expected	an	a	ocean	mirage	73	5	5.77	2.7	The first time Timmy saw the Pacific he thought it was a lake but his brother laughed and explained to him that it was	and he should be careful of the waves.	False	n/a	n/a
1313.801	0.2	1313801	255	filler_word	139	69	2	delong	expected	an	a	ocean	mirage	73	5	5.77	2.7	The first time Timmy saw the Pacific he thought it was a lake but his brother laughed and explained to him that it was	and he should be careful of the waves.	False	n/a	n/a
1314.286	0.2	1314286	255	filler_word	139	69	2	delong	expected	an	a	ocean	mirage	73	5	5.77	2.7	The first time Timmy saw the Pacific he thought it was a lake but his brother laughed and explained to him that it was	and he should be careful of the waves.	False	n/a	n/a
1314.771	0.2	1314771	255	filler_word	139	69	2	delong	expected	an	a	ocean	mirage	73	5	5.77	2.7	The first time Timmy saw the Pacific he thought it was a lake but his brother laughed and explained to him that it was	and he should be careful of the waves.	False	n/a	n/a
1315.256	0.2	1315256	255	filler_word	139	69	2	delong	expected	an	a	ocean	mirage	73	5	5.77	2.7	The first time Timmy saw the Pacific he thought it was a lake but his brother laughed and explained to him that it was	and he should be careful of the waves.	False	n/a	n/a
1315.742	0.2	1315742	207	final_expected	139	69	2	delong	expected	an	a	ocean	mirage	73	5	5.77	2.7	The first time Timmy saw the Pacific he thought it was a lake but his brother laughed and explained to him that it was	and he should be careful of the waves.	False	n/a	n/a
1322.651	0.2	1322651	255	filler_word	139	69	2	delong	expected	an	a	ocean	mirage	73	5	5.77	2.7	The first time Timmy saw the Pacific he thought it was a lake but his brother laughed and explained to him that it was	and he should be careful of the waves.	False	n/a	n/a
1323.136	0.2	1323136	255	filler_word	139	69	2	delong	expected	an	a	ocean	mirage	73	5	5.77	2.7	The first time Timmy saw the Pacific he thought it was a lake but his brother laughed and explained to him that it was	and he should be careful of the waves.	False	n/a	n/a
1323.622	0.2	1323622	255	filler_word	139	69	2	delong	expected	an	a	ocean	mirage	73	5	5.77	2.7	The first time Timmy saw the Pacific he thought it was a lake but his brother laughed and explained to him that it was	and he should be careful of the waves.	False	n/a	n/a
1324.107	0.2	1324107	255	filler_word	139	69	2	delong	expected	an	a	ocean	mirage	73	5	5.77	2.7	The first time Timmy saw the Pacific he thought it was a lake but his brother laughed and explained to him that it was	and he should be careful of the waves.	False	n/a	n/a
1324.592	0.2	1324592	255	filler_word	139	69	2	delong	expected	an	a	ocean	mirage	73	5	5.77	2.7	The first time Timmy saw the Pacific he thought it was a lake but his brother laughed and explained to him that it was	and he should be careful of the waves.	False	n/a	n/a
1325.077	0.2	1325077	255	filler_word	139	69	2	delong	expected	an	a	ocean	mirage	73	5	5.77	2.7	The first time Timmy saw the Pacific he thought it was a lake but his brother laughed and explained to him that it was	and he should be careful of the waves.	False	n/a	n/a
1325.562	0.2	1325562	255	filler_word	139	69	2	delong	expected	an	a	ocean	mirage	73	5	5.77	2.7	The first time Timmy saw the Pacific he thought it was a lake but his brother laughed and explained to him that it was	and he should be careful of the waves.	False	n/a	n/a
1326.048	0.2	1326048	255	filler_word	139	69	2	delong	expected	an	a	ocean	mirage	73	5	5.77	2.7	The first time Timmy saw the Pacific he thought it was a lake but his brother laughed and explained to him that it was	and he should be careful of the waves.	False	n/a	n/a
1326.533	0.2	1326533	255	filler_word	139	69	2	delong	expected	an	a	ocean	mirage	73	5	5.77	2.7	The first time Timmy saw the Pacific he thought it was a lake but his brother laughed and explained to him that it was	and he should be careful of the waves.	False	n/a	n/a
1327.018	0.2	1327018	255	filler_word	139	69	2	delong	expected	an	a	ocean	mirage	73	5	5.77	2.7	The first time Timmy saw the Pacific he thought it was a lake but his brother laughed and explained to him that it was	and he should be careful of the waves.	False	n/a	n/a
1327.503	0.2	1327503	255	filler_word	139	69	2	delong	expected	an	a	ocean	mirage	73	5	5.77	2.7	The first time Timmy saw the Pacific he thought it was a lake but his brother laughed and explained to him that it was	and he should be careful of the waves.	False	n/a	n/a
1327.988	0.2	1327988	255	filler_word	139	69	2	delong	expected	an	a	ocean	mirage	73	5	5.77	2.7	The first time Timmy saw the Pacific he thought it was a lake but his brother laughed and explained to him that it was	and he should be careful of the waves.	False	n/a	n/a
1328.473	0.2	1328473	255	filler_word	139	69	2	delong	expected	an	a	ocean	mirage	73	5	5.77	2.7	The first time Timmy saw the Pacific he thought it was a lake but his brother laughed and explained to him that it was	and he should be careful of the waves.	False	n/a	n/a
1328.959	0.2	1328959	201	a_expected	139	69	2	delong	expected	an	a	ocean	mirage	73	5	5.77	2.7	The first time Timmy saw the Pacific he thought it was a lake but his brother laughed and explained to him that it was	and he should be careful of the waves.	False	n/a	n/a
1329.009	0.0	1329009	98	cloze_marker	139	69	2	delong	expected	an	a	ocean	mirage	73	5	5.77	2.7	The first time Timmy saw the Pacific he thought it was a lake but his brother laughed and explained to him that it was	and he should be careful of the waves.	False	n/a	n/a
1329.243	0.0	1329243	162	item_marker	140	62	2	delong	expected	a	an	coach	offense	98	0	6.0	3.3	Ever since Mr.Barnes had moved away Bobby's football team had been left without	and thus lost all their games.	False	n/a	n/a
1329.444	0.2	1329444	205	noun_expected	140	62	2	delong	expected	a	an	coach	offense	98	0	6.0	3.3	Ever since Mr.Barnes had moved away Bobby's football team had been left without	and thus lost all their games.	False	n/a	n/a
1329.494	0.0	1329494	70	cloze_marker	140	62	2	delong	expected	a	an	coach	offense	98	0	6.0	3.3	Ever since Mr.Barnes had moved away Bobby's football team had been left without	and thus lost all their games.	False	n/a	n/a
1329.728	0.0	1329728	162	item_marker	141	62	2	delong	expected	a	an	coach	offense	98	0	6.0	3.3	Ever since Mr.Barnes had moved away Bobby's football team had been left without	and thus lost all their games.	False	n/a	n/a
1329.929	0.2	1329929	255	filler_word	141	62	2	delong	expected	a	an	coach	offense	98	0	6.0	3.3	Ever since Mr.Barnes had moved away Bobby's football team had been left without	and thus lost all their games.	False	n/a	n/a
1330.414	0.2	1330414	255	filler_word	141	62	2	delong	expected	a	an	coach	offense	98	0	6.0	3.3	Ever since Mr.Barnes had moved away Bobby's football team had been left without	and thus lost all their games.	False	n/a	n/a
1330.899	0.2	1330899	255	filler_word	141	62	2	delong	expected	a	an	coach	offense	98	0	6.0	3.3	Ever since Mr.Barnes had moved away Bobby's football team had been left without	and thus lost all their games.	False	n/a	n/a
1331.385	0.2	1331385	255	filler_word	141	62	2	delong	expected	a	an	coach	offense	98	0	6.0	3.3	Ever since Mr.Barnes had moved away Bobby's football team had been left without	and thus lost all their games.	False	n/a	n/a
1331.87	0.2	1331870	255	filler_word	141	62	2	delong	expected	a	an	coach	offense	98	0	6.0	3.3	Ever since Mr.Barnes had moved away Bobby's football team had been left without	and thus lost all their games.	False	n/a	n/a
1332.355	0.2	1332355	207	final_expected	141	62	2	delong	expected	a	an	coach	offense	98	0	6.0	3.3	Ever since Mr.Barnes had moved away Bobby's football team had been left without	and thus lost all their games.	False	n/a	n/a
1336.153	0.2	1336153	255	filler_word	141	62	2	delong	expected	a	an	coach	offense	98	0	6.0	3.3	Ever since Mr.Barnes had moved away Bobby's football team had been left without	and thus lost all their games.	False	n/a	n/a
1336.638	0.2	1336638	255	filler_word	141	62	2	delong	expected	a	an	coach	offense	98	0	6.0	3.3	Ever since Mr.Barnes had moved away Bobby's football team had been left without	and thus lost all their games.	False	n/a	n/a
1337.123	0.2	1337123	255	filler_word	141	62	2	delong	expected	a	an	coach	offense	98	0	6.0	3.3	Ever since Mr.Barnes had moved away Bobby's football team had been left without	and thus lost all their games.	False	n/a	n/a
1337.608	0.2	1337608	255	filler_word	141	62	2	delong	expected	a	an	coach	offense	98	0	6.0	3.3	Ever since Mr.Barnes had moved away Bobby's football team had been left without	and thus lost all their games.	False	n/a	n/a
1338.093	0.2	1338093	255	filler_word	141	62	2	delong	expected	a	an	coach	offense	98	0	6.0	3.3	Ever since Mr.Barnes had moved away Bobby's football team had been left without	and thus lost all their games.	False	n/a	n/a
1338.579	0.2	1338579	255	filler_word	141	62	2	delong	expected	a	an	coach	offense	98	0	6.0	3.3	Ever since Mr.Barnes had moved away Bobby's football team had been left without	and thus lost all their games.	False	n/a	n/a
1339.064	0.2	1339064	255	filler_word	141	62	2	delong	expected	a	an	coach	offense	98	0	6.0	3.3	Ever since Mr.Barnes had moved away Bobby's football team had been left without	and thus lost all their games.	False	n/a	n/a
1339.549	0.2	1339549	255	filler_word	141	62	2	delong	expected	a	an	coach	offense	98	0	6.0	3.3	Ever since Mr.Barnes had moved away Bobby's football team had been left without	and thus lost all their games.	False	n/a	n/a
1340.034	0.2	1340034	255	filler_word	141	62	2	delong	expected	a	an	coach	offense	98	0	6.0	3.3	Ever since Mr.Barnes had moved away Bobby's football team had been left without	and thus lost all their games.	False	n/a	n/a
1340.519	0.2	1340519	255	filler_word	141	62	2	delong	expected	a	an	coach	offense	98	0	6.0	3.3	Ever since Mr.Barnes had moved away Bobby's football team had been left without	and thus lost all their games.	False	n/a	n/a
1341.005	0.2	1341005	255	filler_word	141	62	2	delong	expected	a	an	coach	offense	98	0	6.0	3.3	Ever since Mr.Barnes had moved away Bobby's football team had been left without	and thus lost all their games.	False	n/a	n/a
1341.49	0.2	1341490	255	filler_word	141	62	2	delong	expected	a	an	coach	offense	98	0	6.0	3.3	Ever since Mr.Barnes had moved away Bobby's football team had been left without	and thus lost all their games.	False	n/a	n/a
1341.975	0.2	1341975	255	filler_word	141	62	2	delong	expected	a	an	coach	offense	98	0	6.0	3.3	Ever since Mr.Barnes had moved away Bobby's football team had been left without	and thus lost all their games.	False	n/a	n/a
1342.46	0.2	1342460	255	filler_word	141	62	2	delong	expected	a	an	coach	offense	98	0	6.0	3.3	Ever since Mr.Barnes had moved away Bobby's football team had been left without	and thus lost all their games.	False	n/a	n/a
1342.945	0.2	1342945	255	filler_word	141	62	2	delong	expected	a	an	coach	offense	98	0	6.0	3.3	Ever since Mr.Barnes had moved away Bobby's football team had been left without	and thus lost all their games.	False	n/a	n/a
1343.43	0.2	1343430	255	filler_word	141	62	2	delong	expected	a	an	coach	offense	98	0	6.0	3.3	Ever since Mr.Barnes had moved away Bobby's football team had been left without	and thus lost all their games.	False	n/a	n/a
1343.916	0.2	1343916	255	filler_word	141	62	2	delong	expected	a	an	coach	offense	98	0	6.0	3.3	Ever since Mr.Barnes had moved away Bobby's football team had been left without	and thus lost all their games.	False	n/a	n/a
1344.401	0.2	1344401	255	filler_word	141	62	2	delong	expected	a	an	coach	offense	98	0	6.0	3.3	Ever since Mr.Barnes had moved away Bobby's football team had been left without	and thus lost all their games.	False	n/a	n/a
1344.886	0.2	1344886	255	filler_word	141	62	2	delong	expected	a	an	coach	offense	98	0	6.0	3.3	Ever since Mr.Barnes had moved away Bobby's football team had been left without	and thus lost all their games.	False	n/a	n/a
1345.371	0.2	1345371	204	an_unexpected	141	62	2	delong	expected	a	an	coach	offense	98	0	6.0	3.3	Ever since Mr.Barnes had moved away Bobby's football team had been left without	and thus lost all their games.	False	n/a	n/a
1345.421	0.0	1345421	18	cloze_marker	141	62	2	delong	expected	a	an	coach	offense	98	0	6.0	3.3	Ever since Mr.Barnes had moved away Bobby's football team had been left without	and thus lost all their games.	False	n/a	n/a
1345.656	0.0	1345656	168	item_marker	142	68	2	delong	unexpected	a	an	cat	owl	82	18	6.1	4.3	Every time they went for walks Sylvia's dog Rex would break into a run as soon as he spotted	but luckily Rex couldn't climb trees.	False	n/a	n/a
1345.856	0.2	1345856	206	noun_unexpected	142	68	2	delong	unexpected	a	an	cat	owl	82	18	6.1	4.3	Every time they went for walks Sylvia's dog Rex would break into a run as soon as he spotted	but luckily Rex couldn't climb trees.	False	n/a	n/a
1345.906	0.0	1345906	10	cloze_marker	142	68	2	delong	unexpected	a	an	cat	owl	82	18	6.1	4.3	Every time they went for walks Sylvia's dog Rex would break into a run as soon as he spotted	but luckily Rex couldn't climb trees.	False	n/a	n/a
1346.141	0.0	1346141	168	item_marker	143	68	2	delong	unexpected	a	an	cat	owl	82	18	6.1	4.3	Every time they went for walks Sylvia's dog Rex would break into a run as soon as he spotted	but luckily Rex couldn't climb trees.	False	n/a	n/a
1346.342	0.2	1346342	255	filler_word	143	68	2	delong	unexpected	a	an	cat	owl	82	18	6.1	4.3	Every time they went for walks Sylvia's dog Rex would break into a run as soon as he spotted	but luckily Rex couldn't climb trees.	False	n/a	n/a
1346.827	0.2	1346827	255	filler_word	143	68	2	delong	unexpected	a	an	cat	owl	82	18	6.1	4.3	Every time they went for walks Sylvia's dog Rex would break into a run as soon as he spotted	but luckily Rex couldn't climb trees.	False	n/a	n/a
1347.312	0.2	1347312	255	filler_word	143	68	2	delong	unexpected	a	an	cat	owl	82	18	6.1	4.3	Every time they went for walks Sylvia's dog Rex would break into a run as soon as he spotted	but luckily Rex couldn't climb trees.	False	n/a	n/a
1347.797	0.2	1347797	255	filler_word	143	68	2	delong	unexpected	a	an	cat	owl	82	18	6.1	4.3	Every time they went for walks Sylvia's dog Rex would break into a run as soon as he spotted	but luckily Rex couldn't climb trees.	False	n/a	n/a
1348.282	0.2	1348282	255	filler_word	143	68	2	delong	unexpected	a	an	cat	owl	82	18	6.1	4.3	Every time they went for walks Sylvia's dog Rex would break into a run as soon as he spotted	but luckily Rex couldn't climb trees.	False	n/a	n/a
1348.767	0.2	1348767	208	final_unexpected	143	68	2	delong	unexpected	a	an	cat	owl	82	18	6.1	4.3	Every time they went for walks Sylvia's dog Rex would break into a run as soon as he spotted	but luckily Rex couldn't climb trees.	False	n/a	n/a
1351.896	0.2	1351896	255	filler_word	143	68	2	delong	unexpected	a	an	cat	owl	82	18	6.1	4.3	Every time they went for walks Sylvia's dog Rex would break into a run as soon as he spotted	but luckily Rex couldn't climb trees.	False	n/a	n/a
1352.381	0.2	1352381	255	filler_word	143	68	2	delong	unexpected	a	an	cat	owl	82	18	6.1	4.3	Every time they went for walks Sylvia's dog Rex would break into a run as soon as he spotted	but luckily Rex couldn't climb trees.	False	n/a	n/a
1352.866	0.2	1352866	255	filler_word	143	68	2	delong	unexpected	a	an	cat	owl	82	18	6.1	4.3	Every time they went for walks Sylvia's dog Rex would break into a run as soon as he spotted	but luckily Rex couldn't climb trees.	False	n/a	n/a
1353.352	0.2	1353352	255	filler_word	143	68	2	delong	unexpected	a	an	cat	owl	82	18	6.1	4.3	Every time they went for walks Sylvia's dog Rex would break into a run as soon as he spotted	but luckily Rex couldn't climb trees.	False	n/a	n/a
1353.837	0.2	1353837	255	filler_word	143	68	2	delong	unexpected	a	an	cat	owl	82	18	6.1	4.3	Every time they went for walks Sylvia's dog Rex would break into a run as soon as he spotted	but luckily Rex couldn't climb trees.	False	n/a	n/a
1354.322	0.2	1354322	255	filler_word	143	68	2	delong	unexpected	a	an	cat	owl	82	18	6.1	4.3	Every time they went for walks Sylvia's dog Rex would break into a run as soon as he spotted	but luckily Rex couldn't climb trees.	False	n/a	n/a
1354.807	0.2	1354807	255	filler_word	143	68	2	delong	unexpected	a	an	cat	owl	82	18	6.1	4.3	Every time they went for walks Sylvia's dog Rex would break into a run as soon as he spotted	but luckily Rex couldn't climb trees.	False	n/a	n/a
1355.292	0.2	1355292	255	filler_word	143	68	2	delong	unexpected	a	an	cat	owl	82	18	6.1	4.3	Every time they went for walks Sylvia's dog Rex would break into a run as soon as he spotted	but luckily Rex couldn't climb trees.	False	n/a	n/a
1355.777	0.2	1355777	255	filler_word	143	68	2	delong	unexpected	a	an	cat	owl	82	18	6.1	4.3	Every time they went for walks Sylvia's dog Rex would break into a run as soon as he spotted	but luckily Rex couldn't climb trees.	False	n/a	n/a
1356.263	0.2	1356263	255	filler_word	143	68	2	delong	unexpected	a	an	cat	owl	82	18	6.1	4.3	Every time they went for walks Sylvia's dog Rex would break into a run as soon as he spotted	but luckily Rex couldn't climb trees.	False	n/a	n/a
1356.748	0.2	1356748	255	filler_word	143	68	2	delong	unexpected	a	an	cat	owl	82	18	6.1	4.3	Every time they went for walks Sylvia's dog Rex would break into a run as soon as he spotted	but luckily Rex couldn't climb trees.	False	n/a	n/a
1357.233	0.2	1357233	255	filler_word	143	68	2	delong	unexpected	a	an	cat	owl	82	18	6.1	4.3	Every time they went for walks Sylvia's dog Rex would break into a run as soon as he spotted	but luckily Rex couldn't climb trees.	False	n/a	n/a
1357.718	0.2	1357718	255	filler_word	143	68	2	delong	unexpected	a	an	cat	owl	82	18	6.1	4.3	Every time they went for walks Sylvia's dog Rex would break into a run as soon as he spotted	but luckily Rex couldn't climb trees.	False	n/a	n/a
1358.203	0.2	1358203	255	filler_word	143	68	2	delong	unexpected	a	an	cat	owl	82	18	6.1	4.3	Every time they went for walks Sylvia's dog Rex would break into a run as soon as he spotted	but luckily Rex couldn't climb trees.	False	n/a	n/a
1358.689	0.2	1358689	255	filler_word	143	68	2	delong	unexpected	a	an	cat	owl	82	18	6.1	4.3	Every time they went for walks Sylvia's dog Rex would break into a run as soon as he spotted	but luckily Rex couldn't climb trees.	False	n/a	n/a
1359.174	0.2	1359174	255	filler_word	143	68	2	delong	unexpected	a	an	cat	owl	82	18	6.1	4.3	Every time they went for walks Sylvia's dog Rex would break into a run as soon as he spotted	but luckily Rex couldn't climb trees.	False	n/a	n/a
1359.659	0.2	1359659	255	filler_word	143	68	2	delong	unexpected	a	an	cat	owl	82	18	6.1	4.3	Every time they went for walks Sylvia's dog Rex would break into a run as soon as he spotted	but luckily Rex couldn't climb trees.	False	n/a	n/a
1360.144	0.2	1360144	255	filler_word	143	68	2	delong	unexpected	a	an	cat	owl	82	18	6.1	4.3	Every time they went for walks Sylvia's dog Rex would break into a run as soon as he spotted	but luckily Rex couldn't climb trees.	False	n/a	n/a
1360.629	0.2	1360629	255	filler_word	143	68	2	delong	unexpected	a	an	cat	owl	82	18	6.1	4.3	Every time they went for walks Sylvia's dog Rex would break into a run as soon as he spotted	but luckily Rex couldn't climb trees.	False	n/a	n/a
1361.114	0.2	1361114	255	filler_word	143	68	2	delong	unexpected	a	an	cat	owl	82	18	6.1	4.3	Every time they went for walks Sylvia's dog Rex would break into a run as soon as he spotted	but luckily Rex couldn't climb trees.	False	n/a	n/a
1361.6	0.2	1361600	255	filler_word	143	68	2	delong	unexpected	a	an	cat	owl	82	18	6.1	4.3	Every time they went for walks Sylvia's dog Rex would break into a run as soon as he spotted	but luckily Rex couldn't climb trees.	False	n/a	n/a
1362.085	0.2	1362085	255	filler_word	143	68	2	delong	unexpected	a	an	cat	owl	82	18	6.1	4.3	Every time they went for walks Sylvia's dog Rex would break into a run as soon as he spotted	but luckily Rex couldn't climb trees.	False	n/a	n/a
1362.57	0.2	1362570	203	a_unexpected	143	68	2	delong	unexpected	a	an	cat	owl	82	18	6.1	4.3	Every time they went for walks Sylvia's dog Rex would break into a run as soon as he spotted	but luckily Rex couldn't climb trees.	False	n/a	n/a
1362.62	0.0	1362620	14	cloze_marker	143	68	2	delong	unexpected	a	an	cat	owl	82	18	6.1	4.3	Every time they went for walks Sylvia's dog Rex would break into a run as soon as he spotted	but luckily Rex couldn't climb trees.	False	n/a	n/a
1362.854	0.0	1362854	167	item_marker	144	67	2	delong	unexpected	an	a	owl	cat	86	14	6.13	2.47	As Elizabeth climbed the ladder in the barn she heard a hooting sound coming from the rafters and looked up to see	staring down at her.	False	n/a	n/a
1363.055	0.2	1363055	206	noun_unexpected	144	67	2	delong	unexpected	an	a	owl	cat	86	14	6.13	2.47	As Elizabeth climbed the ladder in the barn she heard a hooting sound coming from the rafters and looked up to see	staring down at her.	False	n/a	n/a
1363.105	0.0	1363105	200	cloze_marker	144	67	2	delong	unexpected	an	a	owl	cat	86	14	6.13	2.47	As Elizabeth climbed the ladder in the barn she heard a hooting sound coming from the rafters and looked up to see	staring down at her.	False	n/a	n/a
1363.34	0.0	1363340	167	item_marker	145	67	2	delong	unexpected	an	a	owl	cat	86	14	6.13	2.47	As Elizabeth climbed the ladder in the barn she heard a hooting sound coming from the rafters and looked up to see	staring down at her.	False	n/a	n/a
1363.54	0.2	1363540	255	filler_word	145	67	2	delong	unexpected	an	a	owl	cat	86	14	6.13	2.47	As Elizabeth climbed the ladder in the barn she heard a hooting sound coming from the rafters and looked up to see	staring down at her.	False	n/a	n/a
1364.026	0.2	1364026	255	filler_word	145	67	2	delong	unexpected	an	a	owl	cat	86	14	6.13	2.47	As Elizabeth climbed the ladder in the barn she heard a hooting sound coming from the rafters and looked up to see	staring down at her.	False	n/a	n/a
1364.511	0.2	1364511	255	filler_word	145	67	2	delong	unexpected	an	a	owl	cat	86	14	6.13	2.47	As Elizabeth climbed the ladder in the barn she heard a hooting sound coming from the rafters and looked up to see	staring down at her.	False	n/a	n/a
1364.996	0.2	1364996	208	final_unexpected	145	67	2	delong	unexpected	an	a	owl	cat	86	14	6.13	2.47	As Elizabeth climbed the ladder in the barn she heard a hooting sound coming from the rafters and looked up to see	staring down at her.	False	n/a	n/a
1369.831	0.2	1369831	255	filler_word	145	67	2	delong	unexpected	an	a	owl	cat	86	14	6.13	2.47	As Elizabeth climbed the ladder in the barn she heard a hooting sound coming from the rafters and looked up to see	staring down at her.	False	n/a	n/a
1370.316	0.2	1370316	255	filler_word	145	67	2	delong	unexpected	an	a	owl	cat	86	14	6.13	2.47	As Elizabeth climbed the ladder in the barn she heard a hooting sound coming from the rafters and looked up to see	staring down at her.	False	n/a	n/a
1370.801	0.2	1370801	255	filler_word	145	67	2	delong	unexpected	an	a	owl	cat	86	14	6.13	2.47	As Elizabeth climbed the ladder in the barn she heard a hooting sound coming from the rafters and looked up to see	staring down at her.	False	n/a	n/a
1371.287	0.2	1371287	255	filler_word	145	67	2	delong	unexpected	an	a	owl	cat	86	14	6.13	2.47	As Elizabeth climbed the ladder in the barn she heard a hooting sound coming from the rafters and looked up to see	staring down at her.	False	n/a	n/a
1371.772	0.2	1371772	255	filler_word	145	67	2	delong	unexpected	an	a	owl	cat	86	14	6.13	2.47	As Elizabeth climbed the ladder in the barn she heard a hooting sound coming from the rafters and looked up to see	staring down at her.	False	n/a	n/a
1372.257	0.2	1372257	255	filler_word	145	67	2	delong	unexpected	an	a	owl	cat	86	14	6.13	2.47	As Elizabeth climbed the ladder in the barn she heard a hooting sound coming from the rafters and looked up to see	staring down at her.	False	n/a	n/a
1372.742	0.2	1372742	255	filler_word	145	67	2	delong	unexpected	an	a	owl	cat	86	14	6.13	2.47	As Elizabeth climbed the ladder in the barn she heard a hooting sound coming from the rafters and looked up to see	staring down at her.	False	n/a	n/a
1373.227	0.2	1373227	255	filler_word	145	67	2	delong	unexpected	an	a	owl	cat	86	14	6.13	2.47	As Elizabeth climbed the ladder in the barn she heard a hooting sound coming from the rafters and looked up to see	staring down at her.	False	n/a	n/a
1373.712	0.2	1373712	255	filler_word	145	67	2	delong	unexpected	an	a	owl	cat	86	14	6.13	2.47	As Elizabeth climbed the ladder in the barn she heard a hooting sound coming from the rafters and looked up to see	staring down at her.	False	n/a	n/a
1374.198	0.2	1374198	255	filler_word	145	67	2	delong	unexpected	an	a	owl	cat	86	14	6.13	2.47	As Elizabeth climbed the ladder in the barn she heard a hooting sound coming from the rafters and looked up to see	staring down at her.	False	n/a	n/a
1374.683	0.2	1374683	255	filler_word	145	67	2	delong	unexpected	an	a	owl	cat	86	14	6.13	2.47	As Elizabeth climbed the ladder in the barn she heard a hooting sound coming from the rafters and looked up to see	staring down at her.	False	n/a	n/a
1375.168	0.2	1375168	255	filler_word	145	67	2	delong	unexpected	an	a	owl	cat	86	14	6.13	2.47	As Elizabeth climbed the ladder in the barn she heard a hooting sound coming from the rafters and looked up to see	staring down at her.	False	n/a	n/a
1375.653	0.2	1375653	255	filler_word	145	67	2	delong	unexpected	an	a	owl	cat	86	14	6.13	2.47	As Elizabeth climbed the ladder in the barn she heard a hooting sound coming from the rafters and looked up to see	staring down at her.	False	n/a	n/a
1376.138	0.2	1376138	255	filler_word	145	67	2	delong	unexpected	an	a	owl	cat	86	14	6.13	2.47	As Elizabeth climbed the ladder in the barn she heard a hooting sound coming from the rafters and looked up to see	staring down at her.	False	n/a	n/a
1376.624	0.2	1376624	255	filler_word	145	67	2	delong	unexpected	an	a	owl	cat	86	14	6.13	2.47	As Elizabeth climbed the ladder in the barn she heard a hooting sound coming from the rafters and looked up to see	staring down at her.	False	n/a	n/a
1377.109	0.2	1377109	202	an_expected	145	67	2	delong	unexpected	an	a	owl	cat	86	14	6.13	2.47	As Elizabeth climbed the ladder in the barn she heard a hooting sound coming from the rafters and looked up to see	staring down at her.	False	n/a	n/a
1377.159	0.0	1377159	70	cloze_marker	145	67	2	delong	unexpected	an	a	owl	cat	86	14	6.13	2.47	As Elizabeth climbed the ladder in the barn she heard a hooting sound coming from the rafters and looked up to see	staring down at her.	False	n/a	n/a
1377.393	0.0	1377393	161	item_marker	146	61	2	delong	expected	an	a	offense	coach	70	18	5.32	3.33	Although the basketball team's defence was very strong they did not have so much of	since the middle of the season.	False	n/a	n/a
1377.594	0.2	1377594	205	noun_expected	146	61	2	delong	expected	an	a	offense	coach	70	18	5.32	3.33	Although the basketball team's defence was very strong they did not have so much of	since the middle of the season.	False	n/a	n/a
1377.644	0.0	1377644	34	cloze_marker	146	61	2	delong	expected	an	a	offense	coach	70	18	5.32	3.33	Although the basketball team's defence was very strong they did not have so much of	since the middle of the season.	False	n/a	n/a
1377.878	0.0	1377878	161	item_marker	147	61	2	delong	expected	an	a	offense	coach	70	18	5.32	3.33	Although the basketball team's defence was very strong they did not have so much of	since the middle of the season.	False	n/a	n/a
1378.079	0.2	1378079	255	filler_word	147	61	2	delong	expected	an	a	offense	coach	70	18	5.32	3.33	Although the basketball team's defence was very strong they did not have so much of	since the middle of the season.	False	n/a	n/a
1378.564	0.2	1378564	255	filler_word	147	61	2	delong	expected	an	a	offense	coach	70	18	5.32	3.33	Although the basketball team's defence was very strong they did not have so much of	since the middle of the season.	False	n/a	n/a
1379.049	0.2	1379049	255	filler_word	147	61	2	delong	expected	an	a	offense	coach	70	18	5.32	3.33	Although the basketball team's defence was very strong they did not have so much of	since the middle of the season.	False	n/a	n/a
1379.535	0.2	1379535	255	filler_word	147	61	2	delong	expected	an	a	offense	coach	70	18	5.32	3.33	Although the basketball team's defence was very strong they did not have so much of	since the middle of the season.	False	n/a	n/a
1380.02	0.2	1380020	255	filler_word	147	61	2	delong	expected	an	a	offense	coach	70	18	5.32	3.33	Although the basketball team's defence was very strong they did not have so much of	since the middle of the season.	False	n/a	n/a
1380.505	0.2	1380505	207	final_expected	147	61	2	delong	expected	an	a	offense	coach	70	18	5.32	3.33	Although the basketball team's defence was very strong they did not have so much of	since the middle of the season.	False	n/a	n/a
1383.634	0.2	1383634	255	filler_word	147	61	2	delong	expected	an	a	offense	coach	70	18	5.32	3.33	Although the basketball team's defence was very strong they did not have so much of	since the middle of the season.	False	n/a	n/a
1384.119	0.2	1384119	255	filler_word	147	61	2	delong	expected	an	a	offense	coach	70	18	5.32	3.33	Although the basketball team's defence was very strong they did not have so much of	since the middle of the season.	False	n/a	n/a
1384.604	0.2	1384604	255	filler_word	147	61	2	delong	expected	an	a	offense	coach	70	18	5.32	3.33	Although the basketball team's defence was very strong they did not have so much of	since the middle of the season.	False	n/a	n/a
1385.089	0.2	1385089	255	filler_word	147	61	2	delong	expected	an	a	offense	coach	70	18	5.32	3.33	Although the basketball team's defence was very strong they did not have so much of	since the middle of the season.	False	n/a	n/a
1385.574	0.2	1385574	255	filler_word	147	61	2	delong	expected	an	a	offense	coach	70	18	5.32	3.33	Although the basketball team's defence was very strong they did not have so much of	since the middle of the season.	False	n/a	n/a
1386.06	0.2	1386060	255	filler_word	147	61	2	delong	expected	an	a	offense	coach	70	18	5.32	3.33	Although the basketball team's defence was very strong they did not have so much of	since the middle of the season.	False	n/a	n/a
1386.545	0.2	1386545	255	filler_word	147	61	2	delong	expected	an	a	offense	coach	70	18	5.32	3.33	Although the basketball team's defence was very strong they did not have so much of	since the middle of the season.	False	n/a	n/a
1387.03	0.2	1387030	255	filler_word	147	61	2	delong	expected	an	a	offense	coach	70	18	5.32	3.33	Although the basketball team's defence was very strong they did not have so much of	since the middle of the season.	False	n/a	n/a
1387.515	0.2	1387515	255	filler_word	147	61	2	delong	expected	an	a	offense	coach	70	18	5.32	3.33	Although the basketball team's defence was very strong they did not have so much of	since the middle of the season.	False	n/a	n/a
1388.0	0.2	1388000	255	filler_word	147	61	2	delong	expected	an	a	offense	coach	70	18	5.32	3.33	Although the basketball team's defence was very strong they did not have so much of	since the middle of the season.	False	n/a	n/a
1388.485	0.2	1388485	255	filler_word	147	61	2	delong	expected	an	a	offense	coach	70	18	5.32	3.33	Although the basketball team's defence was very strong they did not have so much of	since the middle of the season.	False	n/a	n/a
1388.971	0.2	1388971	255	filler_word	147	61	2	delong	expected	an	a	offense	coach	70	18	5.32	3.33	Although the basketball team's defence was very strong they did not have so much of	since the middle of the season.	False	n/a	n/a
1389.456	0.2	1389456	255	filler_word	147	61	2	delong	expected	an	a	offense	coach	70	18	5.32	3.33	Although the basketball team's defence was very strong they did not have so much of	since the middle of the season.	False	n/a	n/a
1389.941	0.2	1389941	255	filler_word	147	61	2	delong	expected	an	a	offense	coach	70	18	5.32	3.33	Although the basketball team's defence was very strong they did not have so much of	since the middle of the season.	False	n/a	n/a
1390.426	0.2	1390426	255	filler_word	147	61	2	delong	expected	an	a	offense	coach	70	18	5.32	3.33	Although the basketball team's defence was very strong they did not have so much of	since the middle of the season.	False	n/a	n/a
1390.911	0.2	1390911	255	filler_word	147	61	2	delong	expected	an	a	offense	coach	70	18	5.32	3.33	Although the basketball team's defence was very strong they did not have so much of	since the middle of the season.	False	n/a	n/a
1391.397	0.2	1391397	255	filler_word	147	61	2	delong	expected	an	a	offense	coach	70	18	5.32	3.33	Although the basketball team's defence was very strong they did not have so much of	since the middle of the season.	False	n/a	n/a
1391.882	0.2	1391882	255	filler_word	147	61	2	delong	expected	an	a	offense	coach	70	18	5.32	3.33	Although the basketball team's defence was very strong they did not have so much of	since the middle of the season.	False	n/a	n/a
1392.367	0.2	1392367	255	filler_word	147	61	2	delong	expected	an	a	offense	coach	70	18	5.32	3.33	Although the basketball team's defence was very strong they did not have so much of	since the middle of the season.	False	n/a	n/a
1392.852	0.2	1392852	202	an_expected	147	61	2	delong	expected	an	a	offense	coach	70	18	5.32	3.33	Although the basketball team's defence was very strong they did not have so much of	since the middle of the season.	False	n/a	n/a
1392.902	0.0	1392902	70	cloze_marker	147	61	2	delong	expected	an	a	offense	coach	70	18	5.32	3.33	Although the basketball team's defence was very strong they did not have so much of	since the middle of the season.	False	n/a	n/a
1393.136	0.0	1393136	177	item_marker	148	77	2	delong	expected	an	a	egg	window	70	0	6.07	1.84	Violet was just learning how to make an omelette so her father began by showing her how to crack	in the kitchen.	False	n/a	n/a
1393.337	0.2	1393337	205	noun_expected	148	77	2	delong	expected	an	a	egg	window	70	0	6.07	1.84	Violet was just learning how to make an omelette so her father began by showing her how to crack	in the kitchen.	False	n/a	n/a
1393.387	0.0	1393387	100	cloze_marker	148	77	2	delong	expected	an	a	egg	window	70	0	6.07	1.84	Violet was just learning how to make an omelette so her father began by showing her how to crack	in the kitchen.	False	n/a	n/a
1393.622	0.0	1393622	177	item_marker	149	77	2	delong	expected	an	a	egg	window	70	0	6.07	1.84	Violet was just learning how to make an omelette so her father began by showing her how to crack	in the kitchen.	False	n/a	n/a
1393.822	0.2	1393822	255	filler_word	149	77	2	delong	expected	an	a	egg	window	70	0	6.07	1.84	Violet was just learning how to make an omelette so her father began by showing her how to crack	in the kitchen.	False	n/a	n/a
1394.308	0.2	1394308	255	filler_word	149	77	2	delong	expected	an	a	egg	window	70	0	6.07	1.84	Violet was just learning how to make an omelette so her father began by showing her how to crack	in the kitchen.	False	n/a	n/a
1394.793	0.2	1394793	207	final_expected	149	77	2	delong	expected	an	a	egg	window	70	0	6.07	1.84	Violet was just learning how to make an omelette so her father began by showing her how to crack	in the kitchen.	False	n/a	n/a
1397.771	0.2	1397771	255	filler_word	149	77	2	delong	expected	an	a	egg	window	70	0	6.07	1.84	Violet was just learning how to make an omelette so her father began by showing her how to crack	in the kitchen.	False	n/a	n/a
1398.256	0.2	1398256	255	filler_word	149	77	2	delong	expected	an	a	egg	window	70	0	6.07	1.84	Violet was just learning how to make an omelette so her father began by showing her how to crack	in the kitchen.	False	n/a	n/a
1398.741	0.2	1398741	255	filler_word	149	77	2	delong	expected	an	a	egg	window	70	0	6.07	1.84	Violet was just learning how to make an omelette so her father began by showing her how to crack	in the kitchen.	False	n/a	n/a
1399.226	0.2	1399226	255	filler_word	149	77	2	delong	expected	an	a	egg	window	70	0	6.07	1.84	Violet was just learning how to make an omelette so her father began by showing her how to crack	in the kitchen.	False	n/a	n/a
1399.712	0.2	1399712	255	filler_word	149	77	2	delong	expected	an	a	egg	window	70	0	6.07	1.84	Violet was just learning how to make an omelette so her father began by showing her how to crack	in the kitchen.	False	n/a	n/a
1400.197	0.2	1400197	255	filler_word	149	77	2	delong	expected	an	a	egg	window	70	0	6.07	1.84	Violet was just learning how to make an omelette so her father began by showing her how to crack	in the kitchen.	False	n/a	n/a
1400.682	0.2	1400682	255	filler_word	149	77	2	delong	expected	an	a	egg	window	70	0	6.07	1.84	Violet was just learning how to make an omelette so her father began by showing her how to crack	in the kitchen.	False	n/a	n/a
1401.167	0.2	1401167	255	filler_word	149	77	2	delong	expected	an	a	egg	window	70	0	6.07	1.84	Violet was just learning how to make an omelette so her father began by showing her how to crack	in the kitchen.	False	n/a	n/a
1401.652	0.2	1401652	255	filler_word	149	77	2	delong	expected	an	a	egg	window	70	0	6.07	1.84	Violet was just learning how to make an omelette so her father began by showing her how to crack	in the kitchen.	False	n/a	n/a
1402.137	0.2	1402137	255	filler_word	149	77	2	delong	expected	an	a	egg	window	70	0	6.07	1.84	Violet was just learning how to make an omelette so her father began by showing her how to crack	in the kitchen.	False	n/a	n/a
1402.623	0.2	1402623	255	filler_word	149	77	2	delong	expected	an	a	egg	window	70	0	6.07	1.84	Violet was just learning how to make an omelette so her father began by showing her how to crack	in the kitchen.	False	n/a	n/a
1403.108	0.2	1403108	255	filler_word	149	77	2	delong	expected	an	a	egg	window	70	0	6.07	1.84	Violet was just learning how to make an omelette so her father began by showing her how to crack	in the kitchen.	False	n/a	n/a
1403.593	0.2	1403593	255	filler_word	149	77	2	delong	expected	an	a	egg	window	70	0	6.07	1.84	Violet was just learning how to make an omelette so her father began by showing her how to crack	in the kitchen.	False	n/a	n/a
1404.078	0.2	1404078	255	filler_word	149	77	2	delong	expected	an	a	egg	window	70	0	6.07	1.84	Violet was just learning how to make an omelette so her father began by showing her how to crack	in the kitchen.	False	n/a	n/a
1404.563	0.2	1404563	203	a_unexpected	149	77	2	delong	expected	an	a	egg	window	70	0	6.07	1.84	Violet was just learning how to make an omelette so her father began by showing her how to crack	in the kitchen.	False	n/a	n/a
1404.613	0.0	1404613	200	cloze_marker	149	77	2	delong	expected	an	a	egg	window	70	0	6.07	1.84	Violet was just learning how to make an omelette so her father began by showing her how to crack	in the kitchen.	False	n/a	n/a
1404.848	0.0	1404848	179	item_marker	150	79	2	delong	unexpected	an	a	alien	tourist	95	0	4.97	2.03	Bob claims to be from outer space but nobody believes that he is actually	from another planet.	True	Does Bob claim to be from Canada?	no
1405.049	0.2	1405049	206	noun_unexpected	150	79	2	delong	unexpected	an	a	alien	tourist	95	0	4.97	2.03	Bob claims to be from outer space but nobody believes that he is actually	from another planet.	True	Does Bob claim to be from Canada?	no
1405.099	0.0	1405099	200	cloze_marker	150	79	2	delong	unexpected	an	a	alien	tourist	95	0	4.97	2.03	Bob claims to be from outer space but nobody believes that he is actually	from another planet.	True	Does Bob claim to be from Canada?	no
1405.333	0.0	1405333	179	item_marker	151	79	2	delong	unexpected	an	a	alien	tourist	95	0	4.97	2.03	Bob claims to be from outer space but nobody believes that he is actually	from another planet.	True	Does Bob claim to be from Canada?	no
1405.534	0.2	1405534	255	filler_word	151	79	2	delong	unexpected	an	a	alien	tourist	95	0	4.97	2.03	Bob claims to be from outer space but nobody believes that he is actually	from another planet.	True	Does Bob claim to be from Canada?	no
1406.019	0.2	1406019	255	filler_word	151	79	2	delong	unexpected	an	a	alien	tourist	95	0	4.97	2.03	Bob claims to be from outer space but nobody believes that he is actually	from another planet.	True	Does Bob claim to be from Canada?	no
1406.504	0.2	1406504	208	final_unexpected	151	79	2	delong	unexpected	an	a	alien	tourist	95	0	4.97	2.03	Bob claims to be from outer space but nobody believes that he is actually	from another planet.	True	Does Bob claim to be from Canada?	no
1417.78	0.2	1417780	255	filler_word	151	79	2	delong	unexpected	an	a	alien	tourist	95	0	4.97	2.03	Bob claims to be from outer space but nobody believes that he is actually	from another planet.	True	Does Bob claim to be from Canada?	no
1418.266	0.2	1418266	255	filler_word	151	79	2	delong	unexpected	an	a	alien	tourist	95	0	4.97	2.03	Bob claims to be from outer space but nobody believes that he is actually	from another planet.	True	Does Bob claim to be from Canada?	no
1418.751	0.2	1418751	255	filler_word	151	79	2	delong	unexpected	an	a	alien	tourist	95	0	4.97	2.03	Bob claims to be from outer space but nobody believes that he is actually	from another planet.	True	Does Bob claim to be from Canada?	no
1419.236	0.2	1419236	255	filler_word	151	79	2	delong	unexpected	an	a	alien	tourist	95	0	4.97	2.03	Bob claims to be from outer space but nobody believes that he is actually	from another planet.	True	Does Bob claim to be from Canada?	no
1419.721	0.2	1419721	255	filler_word	151	79	2	delong	unexpected	an	a	alien	tourist	95	0	4.97	2.03	Bob claims to be from outer space but nobody believes that he is actually	from another planet.	True	Does Bob claim to be from Canada?	no
1420.206	0.2	1420206	255	filler_word	151	79	2	delong	unexpected	an	a	alien	tourist	95	0	4.97	2.03	Bob claims to be from outer space but nobody believes that he is actually	from another planet.	True	Does Bob claim to be from Canada?	no
1420.691	0.2	1420691	255	filler_word	151	79	2	delong	unexpected	an	a	alien	tourist	95	0	4.97	2.03	Bob claims to be from outer space but nobody believes that he is actually	from another planet.	True	Does Bob claim to be from Canada?	no
1421.177	0.2	1421177	255	filler_word	151	79	2	delong	unexpected	an	a	alien	tourist	95	0	4.97	2.03	Bob claims to be from outer space but nobody believes that he is actually	from another planet.	True	Does Bob claim to be from Canada?	no
1421.662	0.2	1421662	255	filler_word	151	79	2	delong	unexpected	an	a	alien	tourist	95	0	4.97	2.03	Bob claims to be from outer space but nobody believes that he is actually	from another planet.	True	Does Bob claim to be from Canada?	no
1422.147	0.2	1422147	255	filler_word	151	79	2	delong	unexpected	an	a	alien	tourist	95	0	4.97	2.03	Bob claims to be from outer space but nobody believes that he is actually	from another planet.	True	Does Bob claim to be from Canada?	no
1422.632	0.2	1422632	255	filler_word	151	79	2	delong	unexpected	an	a	alien	tourist	95	0	4.97	2.03	Bob claims to be from outer space but nobody believes that he is actually	from another planet.	True	Does Bob claim to be from Canada?	no
1423.117	0.2	1423117	255	filler_word	151	79	2	delong	unexpected	an	a	alien	tourist	95	0	4.97	2.03	Bob claims to be from outer space but nobody believes that he is actually	from another planet.	True	Does Bob claim to be from Canada?	no
1423.603	0.2	1423603	255	filler_word	151	79	2	delong	unexpected	an	a	alien	tourist	95	0	4.97	2.03	Bob claims to be from outer space but nobody believes that he is actually	from another planet.	True	Does Bob claim to be from Canada?	no
1424.088	0.2	1424088	255	filler_word	151	79	2	delong	unexpected	an	a	alien	tourist	95	0	4.97	2.03	Bob claims to be from outer space but nobody believes that he is actually	from another planet.	True	Does Bob claim to be from Canada?	no
1424.573	0.2	1424573	255	filler_word	151	79	2	delong	unexpected	an	a	alien	tourist	95	0	4.97	2.03	Bob claims to be from outer space but nobody believes that he is actually	from another planet.	True	Does Bob claim to be from Canada?	no
1425.058	0.2	1425058	255	filler_word	151	79	2	delong	unexpected	an	a	alien	tourist	95	0	4.97	2.03	Bob claims to be from outer space but nobody believes that he is actually	from another planet.	True	Does Bob claim to be from Canada?	no
1425.543	0.2	1425543	255	filler_word	151	79	2	delong	unexpected	an	a	alien	tourist	95	0	4.97	2.03	Bob claims to be from outer space but nobody believes that he is actually	from another planet.	True	Does Bob claim to be from Canada?	no
1426.028	0.2	1426028	255	filler_word	151	79	2	delong	unexpected	an	a	alien	tourist	95	0	4.97	2.03	Bob claims to be from outer space but nobody believes that he is actually	from another planet.	True	Does Bob claim to be from Canada?	no
1426.514	0.2	1426514	255	filler_word	151	79	2	delong	unexpected	an	a	alien	tourist	95	0	4.97	2.03	Bob claims to be from outer space but nobody believes that he is actually	from another planet.	True	Does Bob claim to be from Canada?	no
1426.999	0.2	1426999	203	a_unexpected	151	79	2	delong	unexpected	an	a	alien	tourist	95	0	4.97	2.03	Bob claims to be from outer space but nobody believes that he is actually	from another planet.	True	Does Bob claim to be from Canada?	no
1427.049	0.0	1427049	30	cloze_marker	151	79	2	delong	unexpected	an	a	alien	tourist	95	0	4.97	2.03	Bob claims to be from outer space but nobody believes that he is actually	from another planet.	True	Does Bob claim to be from Canada?	no
1427.283	0.0	1427283	175	item_marker	152	75	2	delong	unexpected	an	a	element	liquid	68	30	6.26	2.8	The chemistry teacher explained to the class that water and salt were both compounds but that nitrogen was just	that hadn't been combined.	False	n/a	n/a
1427.484	0.2	1427484	206	noun_unexpected	152	75	2	delong	unexpected	an	a	element	liquid	68	30	6.26	2.8	The chemistry teacher explained to the class that water and salt were both compounds but that nitrogen was just	that hadn't been combined.	False	n/a	n/a
1427.534	0.0	1427534	200	cloze_marker	152	75	2	delong	unexpected	an	a	element	liquid	68	30	6.26	2.8	The chemistry teacher explained to the class that water and salt were both compounds but that nitrogen was just	that hadn't been combined.	False	n/a	n/a
1427.768	0.0	1427768	175	item_marker	153	75	2	delong	unexpected	an	a	element	liquid	68	30	6.26	2.8	The chemistry teacher explained to the class that water and salt were both compounds but that nitrogen was just	that hadn't been combined.	False	n/a	n/a
1427.969	0.2	1427969	255	filler_word	153	75	2	delong	unexpected	an	a	element	liquid	68	30	6.26	2.8	The chemistry teacher explained to the class that water and salt were both compounds but that nitrogen was just	that hadn't been combined.	False	n/a	n/a
1428.454	0.2	1428454	255	filler_word	153	75	2	delong	unexpected	an	a	element	liquid	68	30	6.26	2.8	The chemistry teacher explained to the class that water and salt were both compounds but that nitrogen was just	that hadn't been combined.	False	n/a	n/a
1428.94	0.2	1428940	255	filler_word	153	75	2	delong	unexpected	an	a	element	liquid	68	30	6.26	2.8	The chemistry teacher explained to the class that water and salt were both compounds but that nitrogen was just	that hadn't been combined.	False	n/a	n/a
1429.425	0.2	1429425	208	final_unexpected	153	75	2	delong	unexpected	an	a	element	liquid	68	30	6.26	2.8	The chemistry teacher explained to the class that water and salt were both compounds but that nitrogen was just	that hadn't been combined.	False	n/a	n/a
1432.972	0.2	1432972	255	filler_word	153	75	2	delong	unexpected	an	a	element	liquid	68	30	6.26	2.8	The chemistry teacher explained to the class that water and salt were both compounds but that nitrogen was just	that hadn't been combined.	False	n/a	n/a
1433.457	0.2	1433457	255	filler_word	153	75	2	delong	unexpected	an	a	element	liquid	68	30	6.26	2.8	The chemistry teacher explained to the class that water and salt were both compounds but that nitrogen was just	that hadn't been combined.	False	n/a	n/a
1433.942	0.2	1433942	255	filler_word	153	75	2	delong	unexpected	an	a	element	liquid	68	30	6.26	2.8	The chemistry teacher explained to the class that water and salt were both compounds but that nitrogen was just	that hadn't been combined.	False	n/a	n/a
1434.427	0.2	1434427	255	filler_word	153	75	2	delong	unexpected	an	a	element	liquid	68	30	6.26	2.8	The chemistry teacher explained to the class that water and salt were both compounds but that nitrogen was just	that hadn't been combined.	False	n/a	n/a
1434.912	0.2	1434912	255	filler_word	153	75	2	delong	unexpected	an	a	element	liquid	68	30	6.26	2.8	The chemistry teacher explained to the class that water and salt were both compounds but that nitrogen was just	that hadn't been combined.	False	n/a	n/a
1435.397	0.2	1435397	255	filler_word	153	75	2	delong	unexpected	an	a	element	liquid	68	30	6.26	2.8	The chemistry teacher explained to the class that water and salt were both compounds but that nitrogen was just	that hadn't been combined.	False	n/a	n/a
1435.883	0.2	1435883	255	filler_word	153	75	2	delong	unexpected	an	a	element	liquid	68	30	6.26	2.8	The chemistry teacher explained to the class that water and salt were both compounds but that nitrogen was just	that hadn't been combined.	False	n/a	n/a
1436.368	0.2	1436368	255	filler_word	153	75	2	delong	unexpected	an	a	element	liquid	68	30	6.26	2.8	The chemistry teacher explained to the class that water and salt were both compounds but that nitrogen was just	that hadn't been combined.	False	n/a	n/a
1436.853	0.2	1436853	255	filler_word	153	75	2	delong	unexpected	an	a	element	liquid	68	30	6.26	2.8	The chemistry teacher explained to the class that water and salt were both compounds but that nitrogen was just	that hadn't been combined.	False	n/a	n/a
1437.338	0.2	1437338	255	filler_word	153	75	2	delong	unexpected	an	a	element	liquid	68	30	6.26	2.8	The chemistry teacher explained to the class that water and salt were both compounds but that nitrogen was just	that hadn't been combined.	False	n/a	n/a
1437.823	0.2	1437823	255	filler_word	153	75	2	delong	unexpected	an	a	element	liquid	68	30	6.26	2.8	The chemistry teacher explained to the class that water and salt were both compounds but that nitrogen was just	that hadn't been combined.	False	n/a	n/a
1438.309	0.2	1438309	255	filler_word	153	75	2	delong	unexpected	an	a	element	liquid	68	30	6.26	2.8	The chemistry teacher explained to the class that water and salt were both compounds but that nitrogen was just	that hadn't been combined.	False	n/a	n/a
1438.794	0.2	1438794	255	filler_word	153	75	2	delong	unexpected	an	a	element	liquid	68	30	6.26	2.8	The chemistry teacher explained to the class that water and salt were both compounds but that nitrogen was just	that hadn't been combined.	False	n/a	n/a
1439.279	0.2	1439279	255	filler_word	153	75	2	delong	unexpected	an	a	element	liquid	68	30	6.26	2.8	The chemistry teacher explained to the class that water and salt were both compounds but that nitrogen was just	that hadn't been combined.	False	n/a	n/a
1439.764	0.2	1439764	255	filler_word	153	75	2	delong	unexpected	an	a	element	liquid	68	30	6.26	2.8	The chemistry teacher explained to the class that water and salt were both compounds but that nitrogen was just	that hadn't been combined.	False	n/a	n/a
1440.249	0.2	1440249	255	filler_word	153	75	2	delong	unexpected	an	a	element	liquid	68	30	6.26	2.8	The chemistry teacher explained to the class that water and salt were both compounds but that nitrogen was just	that hadn't been combined.	False	n/a	n/a
1440.734	0.2	1440734	255	filler_word	153	75	2	delong	unexpected	an	a	element	liquid	68	30	6.26	2.8	The chemistry teacher explained to the class that water and salt were both compounds but that nitrogen was just	that hadn't been combined.	False	n/a	n/a
1441.22	0.2	1441220	255	filler_word	153	75	2	delong	unexpected	an	a	element	liquid	68	30	6.26	2.8	The chemistry teacher explained to the class that water and salt were both compounds but that nitrogen was just	that hadn't been combined.	False	n/a	n/a
1441.705	0.2	1441705	255	filler_word	153	75	2	delong	unexpected	an	a	element	liquid	68	30	6.26	2.8	The chemistry teacher explained to the class that water and salt were both compounds but that nitrogen was just	that hadn't been combined.	False	n/a	n/a
1442.19	0.2	1442190	255	filler_word	153	75	2	delong	unexpected	an	a	element	liquid	68	30	6.26	2.8	The chemistry teacher explained to the class that water and salt were both compounds but that nitrogen was just	that hadn't been combined.	False	n/a	n/a
1442.675	0.2	1442675	255	filler_word	153	75	2	delong	unexpected	an	a	element	liquid	68	30	6.26	2.8	The chemistry teacher explained to the class that water and salt were both compounds but that nitrogen was just	that hadn't been combined.	False	n/a	n/a
1443.16	0.2	1443160	204	an_unexpected	153	75	2	delong	unexpected	an	a	element	liquid	68	30	6.26	2.8	The chemistry teacher explained to the class that water and salt were both compounds but that nitrogen was just	that hadn't been combined.	False	n/a	n/a
1443.21	0.0	1443210	200	cloze_marker	153	75	2	delong	unexpected	an	a	element	liquid	68	30	6.26	2.8	The chemistry teacher explained to the class that water and salt were both compounds but that nitrogen was just	that hadn't been combined.	False	n/a	n/a
1443.445	0.0	1443445	176	item_marker	154	76	2	delong	unexpected	a	an	liquid	element	73	0	4.65	2.23	Orlando thought that glass was a solid but when he held it under the Bunsen burner it melted and turned into	that could be sculpted.	False	n/a	n/a
1443.646	0.2	1443646	206	noun_unexpected	154	76	2	delong	unexpected	a	an	liquid	element	73	0	4.65	2.23	Orlando thought that glass was a solid but when he held it under the Bunsen burner it melted and turned into	that could be sculpted.	False	n/a	n/a
1443.696	0.0	1443696	200	cloze_marker	154	76	2	delong	unexpected	a	an	liquid	element	73	0	4.65	2.23	Orlando thought that glass was a solid but when he held it under the Bunsen burner it melted and turned into	that could be sculpted.	False	n/a	n/a
1443.93	0.0	1443930	176	item_marker	155	76	2	delong	unexpected	a	an	liquid	element	73	0	4.65	2.23	Orlando thought that glass was a solid but when he held it under the Bunsen burner it melted and turned into	that could be sculpted.	False	n/a	n/a
1444.131	0.2	1444131	255	filler_word	155	76	2	delong	unexpected	a	an	liquid	element	73	0	4.65	2.23	Orlando thought that glass was a solid but when he held it under the Bunsen burner it melted and turned into	that could be sculpted.	False	n/a	n/a
1444.616	0.2	1444616	255	filler_word	155	76	2	delong	unexpected	a	an	liquid	element	73	0	4.65	2.23	Orlando thought that glass was a solid but when he held it under the Bunsen burner it melted and turned into	that could be sculpted.	False	n/a	n/a
1445.101	0.2	1445101	255	filler_word	155	76	2	delong	unexpected	a	an	liquid	element	73	0	4.65	2.23	Orlando thought that glass was a solid but when he held it under the Bunsen burner it melted and turned into	that could be sculpted.	False	n/a	n/a
1445.586	0.2	1445586	208	final_unexpected	155	76	2	delong	unexpected	a	an	liquid	element	73	0	4.65	2.23	Orlando thought that glass was a solid but when he held it under the Bunsen burner it melted and turned into	that could be sculpted.	False	n/a	n/a
1450.739	0.2	1450739	255	filler_word	155	76	2	delong	unexpected	a	an	liquid	element	73	0	4.65	2.23	Orlando thought that glass was a solid but when he held it under the Bunsen burner it melted and turned into	that could be sculpted.	False	n/a	n/a
1451.224	0.2	1451224	255	filler_word	155	76	2	delong	unexpected	a	an	liquid	element	73	0	4.65	2.23	Orlando thought that glass was a solid but when he held it under the Bunsen burner it melted and turned into	that could be sculpted.	False	n/a	n/a
1451.71	0.2	1451710	255	filler_word	155	76	2	delong	unexpected	a	an	liquid	element	73	0	4.65	2.23	Orlando thought that glass was a solid but when he held it under the Bunsen burner it melted and turned into	that could be sculpted.	False	n/a	n/a
1452.195	0.2	1452195	255	filler_word	155	76	2	delong	unexpected	a	an	liquid	element	73	0	4.65	2.23	Orlando thought that glass was a solid but when he held it under the Bunsen burner it melted and turned into	that could be sculpted.	False	n/a	n/a
1452.68	0.2	1452680	255	filler_word	155	76	2	delong	unexpected	a	an	liquid	element	73	0	4.65	2.23	Orlando thought that glass was a solid but when he held it under the Bunsen burner it melted and turned into	that could be sculpted.	False	n/a	n/a
1453.165	0.2	1453165	255	filler_word	155	76	2	delong	unexpected	a	an	liquid	element	73	0	4.65	2.23	Orlando thought that glass was a solid but when he held it under the Bunsen burner it melted and turned into	that could be sculpted.	False	n/a	n/a
1453.65	0.2	1453650	255	filler_word	155	76	2	delong	unexpected	a	an	liquid	element	73	0	4.65	2.23	Orlando thought that glass was a solid but when he held it under the Bunsen burner it melted and turned into	that could be sculpted.	False	n/a	n/a
1454.136	0.2	1454136	255	filler_word	155	76	2	delong	unexpected	a	an	liquid	element	73	0	4.65	2.23	Orlando thought that glass was a solid but when he held it under the Bunsen burner it melted and turned into	that could be sculpted.	False	n/a	n/a
1454.621	0.2	1454621	255	filler_word	155	76	2	delong	unexpected	a	an	liquid	element	73	0	4.65	2.23	Orlando thought that glass was a solid but when he held it under the Bunsen burner it melted and turned into	that could be sculpted.	False	n/a	n/a
1455.106	0.2	1455106	255	filler_word	155	76	2	delong	unexpected	a	an	liquid	element	73	0	4.65	2.23	Orlando thought that glass was a solid but when he held it under the Bunsen burner it melted and turned into	that could be sculpted.	False	n/a	n/a
1455.591	0.2	1455591	255	filler_word	155	76	2	delong	unexpected	a	an	liquid	element	73	0	4.65	2.23	Orlando thought that glass was a solid but when he held it under the Bunsen burner it melted and turned into	that could be sculpted.	False	n/a	n/a
1456.076	0.2	1456076	255	filler_word	155	76	2	delong	unexpected	a	an	liquid	element	73	0	4.65	2.23	Orlando thought that glass was a solid but when he held it under the Bunsen burner it melted and turned into	that could be sculpted.	False	n/a	n/a
1456.561	0.2	1456561	255	filler_word	155	76	2	delong	unexpected	a	an	liquid	element	73	0	4.65	2.23	Orlando thought that glass was a solid but when he held it under the Bunsen burner it melted and turned into	that could be sculpted.	False	n/a	n/a
1457.047	0.2	1457047	255	filler_word	155	76	2	delong	unexpected	a	an	liquid	element	73	0	4.65	2.23	Orlando thought that glass was a solid but when he held it under the Bunsen burner it melted and turned into	that could be sculpted.	False	n/a	n/a
1457.532	0.2	1457532	255	filler_word	155	76	2	delong	unexpected	a	an	liquid	element	73	0	4.65	2.23	Orlando thought that glass was a solid but when he held it under the Bunsen burner it melted and turned into	that could be sculpted.	False	n/a	n/a
1458.017	0.2	1458017	204	an_unexpected	155	76	2	delong	unexpected	a	an	liquid	element	73	0	4.65	2.23	Orlando thought that glass was a solid but when he held it under the Bunsen burner it melted and turned into	that could be sculpted.	False	n/a	n/a
1458.067	0.0	1458067	200	cloze_marker	155	76	2	delong	unexpected	a	an	liquid	element	73	0	4.65	2.23	Orlando thought that glass was a solid but when he held it under the Bunsen burner it melted and turned into	that could be sculpted.	False	n/a	n/a
1458.301	0.0	1458301	172	item_marker	156	72	2	delong	unexpected	a	an	compliment	order	73	0	5.97	3.68	Marcy did not deal well with praise and had never really learned how to take	even from her friends.	False	n/a	n/a
1458.502	0.2	1458502	206	noun_unexpected	156	72	2	delong	unexpected	a	an	compliment	order	73	0	5.97	3.68	Marcy did not deal well with praise and had never really learned how to take	even from her friends.	False	n/a	n/a
1458.552	0.0	1458552	200	cloze_marker	156	72	2	delong	unexpected	a	an	compliment	order	73	0	5.97	3.68	Marcy did not deal well with praise and had never really learned how to take	even from her friends.	False	n/a	n/a
1458.787	0.0	1458787	172	item_marker	157	72	2	delong	unexpected	a	an	compliment	order	73	0	5.97	3.68	Marcy did not deal well with praise and had never really learned how to take	even from her friends.	False	n/a	n/a
1458.987	0.2	1458987	255	filler_word	157	72	2	delong	unexpected	a	an	compliment	order	73	0	5.97	3.68	Marcy did not deal well with praise and had never really learned how to take	even from her friends.	False	n/a	n/a
1459.473	0.2	1459473	255	filler_word	157	72	2	delong	unexpected	a	an	compliment	order	73	0	5.97	3.68	Marcy did not deal well with praise and had never really learned how to take	even from her friends.	False	n/a	n/a
1459.958	0.2	1459958	255	filler_word	157	72	2	delong	unexpected	a	an	compliment	order	73	0	5.97	3.68	Marcy did not deal well with praise and had never really learned how to take	even from her friends.	False	n/a	n/a
1460.443	0.2	1460443	208	final_unexpected	157	72	2	delong	unexpected	a	an	compliment	order	73	0	5.97	3.68	Marcy did not deal well with praise and had never really learned how to take	even from her friends.	False	n/a	n/a
1463.438	0.2	1463438	255	filler_word	157	72	2	delong	unexpected	a	an	compliment	order	73	0	5.97	3.68	Marcy did not deal well with praise and had never really learned how to take	even from her friends.	False	n/a	n/a
1463.923	0.2	1463923	255	filler_word	157	72	2	delong	unexpected	a	an	compliment	order	73	0	5.97	3.68	Marcy did not deal well with praise and had never really learned how to take	even from her friends.	False	n/a	n/a
1464.408	0.2	1464408	255	filler_word	157	72	2	delong	unexpected	a	an	compliment	order	73	0	5.97	3.68	Marcy did not deal well with praise and had never really learned how to take	even from her friends.	False	n/a	n/a
1464.893	0.2	1464893	255	filler_word	157	72	2	delong	unexpected	a	an	compliment	order	73	0	5.97	3.68	Marcy did not deal well with praise and had never really learned how to take	even from her friends.	False	n/a	n/a
1465.378	0.2	1465378	255	filler_word	157	72	2	delong	unexpected	a	an	compliment	order	73	0	5.97	3.68	Marcy did not deal well with praise and had never really learned how to take	even from her friends.	False	n/a	n/a
1465.864	0.2	1465864	255	filler_word	157	72	2	delong	unexpected	a	an	compliment	order	73	0	5.97	3.68	Marcy did not deal well with praise and had never really learned how to take	even from her friends.	False	n/a	n/a
1466.349	0.2	1466349	255	filler_word	157	72	2	delong	unexpected	a	an	compliment	order	73	0	5.97	3.68	Marcy did not deal well with praise and had never really learned how to take	even from her friends.	False	n/a	n/a
1466.834	0.2	1466834	255	filler_word	157	72	2	delong	unexpected	a	an	compliment	order	73	0	5.97	3.68	Marcy did not deal well with praise and had never really learned how to take	even from her friends.	False	n/a	n/a
1467.319	0.2	1467319	255	filler_word	157	72	2	delong	unexpected	a	an	compliment	order	73	0	5.97	3.68	Marcy did not deal well with praise and had never really learned how to take	even from her friends.	False	n/a	n/a
1467.804	0.2	1467804	255	filler_word	157	72	2	delong	unexpected	a	an	compliment	order	73	0	5.97	3.68	Marcy did not deal well with praise and had never really learned how to take	even from her friends.	False	n/a	n/a
1468.289	0.2	1468289	255	filler_word	157	72	2	delong	unexpected	a	an	compliment	order	73	0	5.97	3.68	Marcy did not deal well with praise and had never really learned how to take	even from her friends.	False	n/a	n/a
1468.775	0.2	1468775	255	filler_word	157	72	2	delong	unexpected	a	an	compliment	order	73	0	5.97	3.68	Marcy did not deal well with praise and had never really learned how to take	even from her friends.	False	n/a	n/a
1469.26	0.2	1469260	255	filler_word	157	72	2	delong	unexpected	a	an	compliment	order	73	0	5.97	3.68	Marcy did not deal well with praise and had never really learned how to take	even from her friends.	False	n/a	n/a
1469.745	0.2	1469745	201	a_expected	157	72	2	delong	unexpected	a	an	compliment	order	73	0	5.97	3.68	Marcy did not deal well with praise and had never really learned how to take	even from her friends.	False	n/a	n/a
1469.795	0.0	1469795	80	cloze_marker	157	72	2	delong	unexpected	a	an	compliment	order	73	0	5.97	3.68	Marcy did not deal well with praise and had never really learned how to take	even from her friends.	False	n/a	n/a
1470.029	0.0	1470029	174	item_marker	158	74	2	delong	expected	a	an	flower	animal	80	0	6.27	2.58	While Natasha was strolling through the colourful gardens she reached down and picked	up off the ground.	True	Was Natasha in the gardens? 	yes
1470.23	0.2	1470230	205	noun_expected	158	74	2	delong	expected	a	an	flower	animal	80	0	6.27	2.58	While Natasha was strolling through the colourful gardens she reached down and picked	up off the ground.	True	Was Natasha in the gardens? 	yes
1470.28	0.0	1470280	93	cloze_marker	158	74	2	delong	expected	a	an	flower	animal	80	0	6.27	2.58	While Natasha was strolling through the colourful gardens she reached down and picked	up off the ground.	True	Was Natasha in the gardens? 	yes
1470.515	0.0	1470515	174	item_marker	159	74	2	delong	expected	a	an	flower	animal	80	0	6.27	2.58	While Natasha was strolling through the colourful gardens she reached down and picked	up off the ground.	True	Was Natasha in the gardens? 	yes
1470.715	0.2	1470715	255	filler_word	159	74	2	delong	expected	a	an	flower	animal	80	0	6.27	2.58	While Natasha was strolling through the colourful gardens she reached down and picked	up off the ground.	True	Was Natasha in the gardens? 	yes
1471.201	0.2	1471201	255	filler_word	159	74	2	delong	expected	a	an	flower	animal	80	0	6.27	2.58	While Natasha was strolling through the colourful gardens she reached down and picked	up off the ground.	True	Was Natasha in the gardens? 	yes
1471.686	0.2	1471686	255	filler_word	159	74	2	delong	expected	a	an	flower	animal	80	0	6.27	2.58	While Natasha was strolling through the colourful gardens she reached down and picked	up off the ground.	True	Was Natasha in the gardens? 	yes
1472.171	0.2	1472171	207	final_expected	159	74	2	delong	expected	a	an	flower	animal	80	0	6.27	2.58	While Natasha was strolling through the colourful gardens she reached down and picked	up off the ground.	True	Was Natasha in the gardens? 	yes
