onset	duration	sample	value	trial_type	sequence_id	item_number	list	task_type	condition	expected_article	unexpected_article	expected_noun	unexpected_noun	expected_cloze	unexpected_cloze	plausibility_expected	plausibility_unexpected	sentence_context	sentence_ending	has_question	question_text	question_answer
393.849609375	0.2	201651	255	filler_word	n/a	n/a	n/a	delong	n/a	n/a	n/a	n/a	n/a	n/a	n/a	n/a	n/a	n/a	n/a	n/a	n/a	n/a
394.380859375	0.2	201923	255	filler_word	n/a	n/a	n/a	delong	n/a	n/a	n/a	n/a	n/a	n/a	n/a	n/a	n/a	n/a	n/a	n/a	n/a	n/a
394.912109375	0.2	202195	255	filler_word	n/a	n/a	n/a	delong	n/a	n/a	n/a	n/a	n/a	n/a	n/a	n/a	n/a	n/a	n/a	n/a	n/a	n/a
395.44140625	0.2	202466	255	filler_word	n/a	n/a	n/a	delong	n/a	n/a	n/a	n/a	n/a	n/a	n/a	n/a	n/a	n/a	n/a	n/a	n/a	n/a
395.97265625	0.2	202738	255	filler_word	n/a	n/a	n/a	delong	n/a	n/a	n/a	n/a	n/a	n/a	n/a	n/a	n/a	n/a	n/a	n/a	n/a	n/a
396.501953125	0.2	203009	255	filler_word	n/a	n/a	n/a	delong	n/a	n/a	n/a	n/a	n/a	n/a	n/a	n/a	n/a	n/a	n/a	n/a	n/a	n/a
397.033203125	0.2	203281	255	filler_word	n/a	n/a	n/a	delong	n/a	n/a	n/a	n/a	n/a	n/a	n/a	n/a	n/a	n/a	n/a	n/a	n/a	n/a
397.5625	0.2	203552	255	filler_word	n/a	n/a	n/a	delong	n/a	n/a	n/a	n/a	n/a	n/a	n/a	n/a	n/a	n/a	n/a	n/a	n/a	n/a
398.09375	0.2	203824	255	filler_word	n/a	n/a	n/a	delong	n/a	n/a	n/a	n/a	n/a	n/a	n/a	n/a	n/a	n/a	n/a	n/a	n/a	n/a
404.130859375	0.0	206915	251	question	n/a	n/a	n/a	delong	n/a	n/a	n/a	n/a	n/a	n/a	n/a	n/a	n/a	n/a	n/a	n/a	n/a	n/a
418.38671875	0.2	214214	255	filler_word	n/a	n/a	n/a	delong	n/a	n/a	n/a	n/a	n/a	n/a	n/a	n/a	n/a	n/a	n/a	n/a	n/a	n/a
418.91796875	0.2	214486	255	filler_word	n/a	n/a	n/a	delong	n/a	n/a	n/a	n/a	n/a	n/a	n/a	n/a	n/a	n/a	n/a	n/a	n/a	n/a
419.44921875	0.2	214758	255	filler_word	n/a	n/a	n/a	delong	n/a	n/a	n/a	n/a	n/a	n/a	n/a	n/a	n/a	n/a	n/a	n/a	n/a	n/a
419.978515625	0.2	215029	255	filler_word	n/a	n/a	n/a	delong	n/a	n/a	n/a	n/a	n/a	n/a	n/a	n/a	n/a	n/a	n/a	n/a	n/a	n/a
420.509765625	0.2	215301	255	filler_word	n/a	n/a	n/a	delong	n/a	n/a	n/a	n/a	n/a	n/a	n/a	n/a	n/a	n/a	n/a	n/a	n/a	n/a
421.0390625	0.2	215572	255	filler_word	n/a	n/a	n/a	delong	n/a	n/a	n/a	n/a	n/a	n/a	n/a	n/a	n/a	n/a	n/a	n/a	n/a	n/a
421.5703125	0.2	215844	255	filler_word	n/a	n/a	n/a	delong	n/a	n/a	n/a	n/a	n/a	n/a	n/a	n/a	n/a	n/a	n/a	n/a	n/a	n/a
422.099609375	0.2	216115	255	filler_word	n/a	n/a	n/a	delong	n/a	n/a	n/a	n/a	n/a	n/a	n/a	n/a	n/a	n/a	n/a	n/a	n/a	n/a
422.630859375	0.2	216387	255	filler_word	n/a	n/a	n/a	delong	n/a	n/a	n/a	n/a	n/a	n/a	n/a	n/a	n/a	n/a	n/a	n/a	n/a	n/a
423.162109375	0.2	216659	255	filler_word	n/a	n/a	n/a	delong	n/a	n/a	n/a	n/a	n/a	n/a	n/a	n/a	n/a	n/a	n/a	n/a	n/a	n/a
423.693359375	0.2	216931	255	filler_word	n/a	n/a	n/a	delong	n/a	n/a	n/a	n/a	n/a	n/a	n/a	n/a	n/a	n/a	n/a	n/a	n/a	n/a
424.22265625	0.2	217202	255	filler_word	n/a	n/a	n/a	delong	n/a	n/a	n/a	n/a	n/a	n/a	n/a	n/a	n/a	n/a	n/a	n/a	n/a	n/a
424.75390625	0.2	217474	255	filler_word	n/a	n/a	n/a	delong	n/a	n/a	n/a	n/a	n/a	n/a	n/a	n/a	n/a	n/a	n/a	n/a	n/a	n/a
429.013671875	0.2	219655	255	filler_word	n/a	n/a	n/a	delong	n/a	n/a	n/a	n/a	n/a	n/a	n/a	n/a	n/a	n/a	n/a	n/a	n/a	n/a
429.544921875	0.2	219927	255	filler_word	n/a	n/a	n/a	delong	n/a	n/a	n/a	n/a	n/a	n/a	n/a	n/a	n/a	n/a	n/a	n/a	n/a	n/a
430.076171875	0.2	220199	255	filler_word	n/a	n/a	n/a	delong	n/a	n/a	n/a	n/a	n/a	n/a	n/a	n/a	n/a	n/a	n/a	n/a	n/a	n/a
430.60546875	0.2	220470	255	filler_word	n/a	n/a	n/a	delong	n/a	n/a	n/a	n/a	n/a	n/a	n/a	n/a	n/a	n/a	n/a	n/a	n/a	n/a
431.13671875	0.2	220742	255	filler_word	n/a	n/a	n/a	delong	n/a	n/a	n/a	n/a	n/a	n/a	n/a	n/a	n/a	n/a	n/a	n/a	n/a	n/a
431.666015625	0.2	221013	255	filler_word	n/a	n/a	n/a	delong	n/a	n/a	n/a	n/a	n/a	n/a	n/a	n/a	n/a	n/a	n/a	n/a	n/a	n/a
432.197265625	0.2	221285	255	filler_word	n/a	n/a	n/a	delong	n/a	n/a	n/a	n/a	n/a	n/a	n/a	n/a	n/a	n/a	n/a	n/a	n/a	n/a
432.7265625	0.2	221556	255	filler_word	n/a	n/a	n/a	delong	n/a	n/a	n/a	n/a	n/a	n/a	n/a	n/a	n/a	n/a	n/a	n/a	n/a	n/a
433.2578125	0.2	221828	255	filler_word	n/a	n/a	n/a	delong	n/a	n/a	n/a	n/a	n/a	n/a	n/a	n/a	n/a	n/a	n/a	n/a	n/a	n/a
433.7890625	0.2	222100	255	filler_word	n/a	n/a	n/a	delong	n/a	n/a	n/a	n/a	n/a	n/a	n/a	n/a	n/a	n/a	n/a	n/a	n/a	n/a
442.294921875	0.0	226455	251	question	n/a	n/a	n/a	delong	n/a	n/a	n/a	n/a	n/a	n/a	n/a	n/a	n/a	n/a	n/a	n/a	n/a	n/a
448.080078125	0.2	229417	255	filler_word	n/a	n/a	n/a	delong	n/a	n/a	n/a	n/a	n/a	n/a	n/a	n/a	n/a	n/a	n/a	n/a	n/a	n/a
448.611328125	0.2	229689	255	filler_word	n/a	n/a	n/a	delong	n/a	n/a	n/a	n/a	n/a	n/a	n/a	n/a	n/a	n/a	n/a	n/a	n/a	n/a
449.140625	0.2	229960	255	filler_word	n/a	n/a	n/a	delong	n/a	n/a	n/a	n/a	n/a	n/a	n/a	n/a	n/a	n/a	n/a	n/a	n/a	n/a
449.671875	0.2	230232	255	filler_word	n/a	n/a	n/a	delong	n/a	n/a	n/a	n/a	n/a	n/a	n/a	n/a	n/a	n/a	n/a	n/a	n/a	n/a
450.201171875	0.2	230503	255	filler_word	n/a	n/a	n/a	delong	n/a	n/a	n/a	n/a	n/a	n/a	n/a	n/a	n/a	n/a	n/a	n/a	n/a	n/a
450.732421875	0.2	230775	255	filler_word	n/a	n/a	n/a	delong	n/a	n/a	n/a	n/a	n/a	n/a	n/a	n/a	n/a	n/a	n/a	n/a	n/a	n/a
451.26171875	0.2	231046	255	filler_word	n/a	n/a	n/a	delong	n/a	n/a	n/a	n/a	n/a	n/a	n/a	n/a	n/a	n/a	n/a	n/a	n/a	n/a
451.79296875	0.2	231318	255	filler_word	n/a	n/a	n/a	delong	n/a	n/a	n/a	n/a	n/a	n/a	n/a	n/a	n/a	n/a	n/a	n/a	n/a	n/a
521.873046875	0.2	267199	255	filler_word	n/a	n/a	n/a	delong	n/a	n/a	n/a	n/a	n/a	n/a	n/a	n/a	n/a	n/a	n/a	n/a	n/a	n/a
522.40234375	0.2	267470	255	filler_word	n/a	n/a	n/a	delong	n/a	n/a	n/a	n/a	n/a	n/a	n/a	n/a	n/a	n/a	n/a	n/a	n/a	n/a
522.93359375	0.2	267742	255	filler_word	n/a	n/a	n/a	delong	n/a	n/a	n/a	n/a	n/a	n/a	n/a	n/a	n/a	n/a	n/a	n/a	n/a	n/a
523.46484375	0.2	268014	255	filler_word	n/a	n/a	n/a	delong	n/a	n/a	n/a	n/a	n/a	n/a	n/a	n/a	n/a	n/a	n/a	n/a	n/a	n/a
523.994140625	0.2	268285	255	filler_word	n/a	n/a	n/a	delong	n/a	n/a	n/a	n/a	n/a	n/a	n/a	n/a	n/a	n/a	n/a	n/a	n/a	n/a
524.525390625	0.2	268557	255	filler_word	n/a	n/a	n/a	delong	n/a	n/a	n/a	n/a	n/a	n/a	n/a	n/a	n/a	n/a	n/a	n/a	n/a	n/a
525.056640625	0.2	268829	255	filler_word	n/a	n/a	n/a	delong	n/a	n/a	n/a	n/a	n/a	n/a	n/a	n/a	n/a	n/a	n/a	n/a	n/a	n/a
525.5859375	0.2	269100	255	filler_word	n/a	n/a	n/a	delong	n/a	n/a	n/a	n/a	n/a	n/a	n/a	n/a	n/a	n/a	n/a	n/a	n/a	n/a
526.1171875	0.2	269372	255	filler_word	n/a	n/a	n/a	delong	n/a	n/a	n/a	n/a	n/a	n/a	n/a	n/a	n/a	n/a	n/a	n/a	n/a	n/a
526.646484375	0.2	269643	255	filler_word	n/a	n/a	n/a	delong	n/a	n/a	n/a	n/a	n/a	n/a	n/a	n/a	n/a	n/a	n/a	n/a	n/a	n/a
527.177734375	0.2	269915	255	filler_word	n/a	n/a	n/a	delong	n/a	n/a	n/a	n/a	n/a	n/a	n/a	n/a	n/a	n/a	n/a	n/a	n/a	n/a
527.70703125	0.2	270186	255	filler_word	n/a	n/a	n/a	delong	n/a	n/a	n/a	n/a	n/a	n/a	n/a	n/a	n/a	n/a	n/a	n/a	n/a	n/a
528.23828125	0.2	270458	255	filler_word	n/a	n/a	n/a	delong	n/a	n/a	n/a	n/a	n/a	n/a	n/a	n/a	n/a	n/a	n/a	n/a	n/a	n/a
528.76953125	0.2	270730	255	filler_word	n/a	n/a	n/a	delong	n/a	n/a	n/a	n/a	n/a	n/a	n/a	n/a	n/a	n/a	n/a	n/a	n/a	n/a
529.30078125	0.2	271002	255	filler_word	n/a	n/a	n/a	delong	n/a	n/a	n/a	n/a	n/a	n/a	n/a	n/a	n/a	n/a	n/a	n/a	n/a	n/a
529.830078125	0.2	271273	204	an_unexpected	n/a	n/a	n/a	delong	n/a	n/a	n/a	n/a	n/a	n/a	n/a	n/a	n/a	n/a	n/a	n/a	n/a	n/a
530.146484375	0.0	271435	116	item_marker	0	16	2	delong	unexpected	a	an	book	education	75	2	6.48	2.27	James is an avid reader, so for his birthday his sister decided to give him	about Africa.	False	n/a	n/a
530.201171875	0.0	271463	2	cloze_marker	0	16	2	delong	unexpected	a	an	book	education	75	2	6.48	2.27	James is an avid reader, so for his birthday his sister decided to give him	about Africa.	False	n/a	n/a
530.41015625	0.2	271570	206	noun_unexpected	0	16	2	delong	unexpected	a	an	book	education	75	2	6.48	2.27	James is an avid reader, so for his birthday his sister decided to give him	about Africa.	False	n/a	n/a
530.7265625	0.0	271732	116	item_marker	1	16	2	delong	unexpected	a	an	book	education	75	2	6.48	2.27	James is an avid reader, so for his birthday his sister decided to give him	about Africa.	False	n/a	n/a
530.78125	0.0	271760	200	cloze_marker	1	16	2	delong	unexpected	a	an	book	education	75	2	6.48	2.27	James is an avid reader, so for his birthday his sister decided to give him	about Africa.	False	n/a	n/a
530.990234375	0.2	271867	255	filler_word	1	16	2	delong	unexpected	a	an	book	education	75	2	6.48	2.27	James is an avid reader, so for his birthday his sister decided to give him	about Africa.	False	n/a	n/a
531.521484375	0.2	272139	208	final_unexpected	1	16	2	delong	unexpected	a	an	book	education	75	2	6.48	2.27	James is an avid reader, so for his birthday his sister decided to give him	about Africa.	False	n/a	n/a
536.79296875	0.2	274838	255	filler_word	1	16	2	delong	unexpected	a	an	book	education	75	2	6.48	2.27	James is an avid reader, so for his birthday his sister decided to give him	about Africa.	False	n/a	n/a
537.32421875	0.2	275110	255	filler_word	1	16	2	delong	unexpected	a	an	book	education	75	2	6.48	2.27	James is an avid reader, so for his birthday his sister decided to give him	about Africa.	False	n/a	n/a
537.85546875	0.2	275382	255	filler_word	1	16	2	delong	unexpected	a	an	book	education	75	2	6.48	2.27	James is an avid reader, so for his birthday his sister decided to give him	about Africa.	False	n/a	n/a
538.384765625	0.2	275653	255	filler_word	1	16	2	delong	unexpected	a	an	book	education	75	2	6.48	2.27	James is an avid reader, so for his birthday his sister decided to give him	about Africa.	False	n/a	n/a
538.916015625	0.2	275925	255	filler_word	1	16	2	delong	unexpected	a	an	book	education	75	2	6.48	2.27	James is an avid reader, so for his birthday his sister decided to give him	about Africa.	False	n/a	n/a
539.4453125	0.2	276196	255	filler_word	1	16	2	delong	unexpected	a	an	book	education	75	2	6.48	2.27	James is an avid reader, so for his birthday his sister decided to give him	about Africa.	False	n/a	n/a
539.9765625	0.2	276468	255	filler_word	1	16	2	delong	unexpected	a	an	book	education	75	2	6.48	2.27	James is an avid reader, so for his birthday his sister decided to give him	about Africa.	False	n/a	n/a
540.5078125	0.2	276740	255	filler_word	1	16	2	delong	unexpected	a	an	book	education	75	2	6.48	2.27	James is an avid reader, so for his birthday his sister decided to give him	about Africa.	False	n/a	n/a
541.037109375	0.2	277011	255	filler_word	1	16	2	delong	unexpected	a	an	book	education	75	2	6.48	2.27	James is an avid reader, so for his birthday his sister decided to give him	about Africa.	False	n/a	n/a
541.568359375	0.2	277283	255	filler_word	1	16	2	delong	unexpected	a	an	book	education	75	2	6.48	2.27	James is an avid reader, so for his birthday his sister decided to give him	about Africa.	False	n/a	n/a
542.099609375	0.2	277555	255	filler_word	1	16	2	delong	unexpected	a	an	book	education	75	2	6.48	2.27	James is an avid reader, so for his birthday his sister decided to give him	about Africa.	False	n/a	n/a
542.62890625	0.2	277826	255	filler_word	1	16	2	delong	unexpected	a	an	book	education	75	2	6.48	2.27	James is an avid reader, so for his birthday his sister decided to give him	about Africa.	False	n/a	n/a
543.16015625	0.2	278098	255	filler_word	1	16	2	delong	unexpected	a	an	book	education	75	2	6.48	2.27	James is an avid reader, so for his birthday his sister decided to give him	about Africa.	False	n/a	n/a
543.689453125	0.2	278369	255	filler_word	1	16	2	delong	unexpected	a	an	book	education	75	2	6.48	2.27	James is an avid reader, so for his birthday his sister decided to give him	about Africa.	False	n/a	n/a
544.220703125	0.2	278641	255	filler_word	1	16	2	delong	unexpected	a	an	book	education	75	2	6.48	2.27	James is an avid reader, so for his birthday his sister decided to give him	about Africa.	False	n/a	n/a
544.751953125	0.2	278913	255	filler_word	1	16	2	delong	unexpected	a	an	book	education	75	2	6.48	2.27	James is an avid reader, so for his birthday his sister decided to give him	about Africa.	False	n/a	n/a
545.28125	0.2	279184	255	filler_word	1	16	2	delong	unexpected	a	an	book	education	75	2	6.48	2.27	James is an avid reader, so for his birthday his sister decided to give him	about Africa.	False	n/a	n/a
545.8125	0.2	279456	203	a_unexpected	1	16	2	delong	unexpected	a	an	book	education	75	2	6.48	2.27	James is an avid reader, so for his birthday his sister decided to give him	about Africa.	False	n/a	n/a
546.126953125	0.0	279617	111	item_marker	2	11	2	delong	unexpected	an	a	octopus	fish	84	9	5.73	3.0	When the scuba diver saw the tentacle, he quickly realized that the creature under the rock was	in hiding.	True	Did the diver see a treasure?	no
546.18359375	0.0	279646	9	cloze_marker	2	11	2	delong	unexpected	an	a	octopus	fish	84	9	5.73	3.0	When the scuba diver saw the tentacle, he quickly realized that the creature under the rock was	in hiding.	True	Did the diver see a treasure?	no
546.392578125	0.2	279753	206	noun_unexpected	2	11	2	delong	unexpected	an	a	octopus	fish	84	9	5.73	3.0	When the scuba diver saw the tentacle, he quickly realized that the creature under the rock was	in hiding.	True	Did the diver see a treasure?	no
546.70703125	0.0	279914	111	item_marker	3	11	2	delong	unexpected	an	a	octopus	fish	84	9	5.73	3.0	When the scuba diver saw the tentacle, he quickly realized that the creature under the rock was	in hiding.	True	Did the diver see a treasure?	no
546.763671875	0.0	279943	7	cloze_marker	3	11	2	delong	unexpected	an	a	octopus	fish	84	9	5.73	3.0	When the scuba diver saw the tentacle, he quickly realized that the creature under the rock was	in hiding.	True	Did the diver see a treasure?	no
546.97265625	0.2	280050	255	filler_word	3	11	2	delong	unexpected	an	a	octopus	fish	84	9	5.73	3.0	When the scuba diver saw the tentacle, he quickly realized that the creature under the rock was	in hiding.	True	Did the diver see a treasure?	no
547.50390625	0.2	280322	208	final_unexpected	3	11	2	delong	unexpected	an	a	octopus	fish	84	9	5.73	3.0	When the scuba diver saw the tentacle, he quickly realized that the creature under the rock was	in hiding.	True	Did the diver see a treasure?	no
551.333984375	0.2	282283	255	filler_word	3	11	2	delong	unexpected	an	a	octopus	fish	84	9	5.73	3.0	When the scuba diver saw the tentacle, he quickly realized that the creature under the rock was	in hiding.	True	Did the diver see a treasure?	no
551.86328125	0.2	282554	255	filler_word	3	11	2	delong	unexpected	an	a	octopus	fish	84	9	5.73	3.0	When the scuba diver saw the tentacle, he quickly realized that the creature under the rock was	in hiding.	True	Did the diver see a treasure?	no
552.39453125	0.2	282826	255	filler_word	3	11	2	delong	unexpected	an	a	octopus	fish	84	9	5.73	3.0	When the scuba diver saw the tentacle, he quickly realized that the creature under the rock was	in hiding.	True	Did the diver see a treasure?	no
552.92578125	0.2	283098	255	filler_word	3	11	2	delong	unexpected	an	a	octopus	fish	84	9	5.73	3.0	When the scuba diver saw the tentacle, he quickly realized that the creature under the rock was	in hiding.	True	Did the diver see a treasure?	no
553.455078125	0.2	283369	255	filler_word	3	11	2	delong	unexpected	an	a	octopus	fish	84	9	5.73	3.0	When the scuba diver saw the tentacle, he quickly realized that the creature under the rock was	in hiding.	True	Did the diver see a treasure?	no
553.986328125	0.2	283641	255	filler_word	3	11	2	delong	unexpected	an	a	octopus	fish	84	9	5.73	3.0	When the scuba diver saw the tentacle, he quickly realized that the creature under the rock was	in hiding.	True	Did the diver see a treasure?	no
554.515625	0.2	283912	255	filler_word	3	11	2	delong	unexpected	an	a	octopus	fish	84	9	5.73	3.0	When the scuba diver saw the tentacle, he quickly realized that the creature under the rock was	in hiding.	True	Did the diver see a treasure?	no
555.046875	0.2	284184	255	filler_word	3	11	2	delong	unexpected	an	a	octopus	fish	84	9	5.73	3.0	When the scuba diver saw the tentacle, he quickly realized that the creature under the rock was	in hiding.	True	Did the diver see a treasure?	no
555.576171875	0.2	284455	255	filler_word	3	11	2	delong	unexpected	an	a	octopus	fish	84	9	5.73	3.0	When the scuba diver saw the tentacle, he quickly realized that the creature under the rock was	in hiding.	True	Did the diver see a treasure?	no
556.107421875	0.2	284727	255	filler_word	3	11	2	delong	unexpected	an	a	octopus	fish	84	9	5.73	3.0	When the scuba diver saw the tentacle, he quickly realized that the creature under the rock was	in hiding.	True	Did the diver see a treasure?	no
556.638671875	0.2	284999	255	filler_word	3	11	2	delong	unexpected	an	a	octopus	fish	84	9	5.73	3.0	When the scuba diver saw the tentacle, he quickly realized that the creature under the rock was	in hiding.	True	Did the diver see a treasure?	no
557.169921875	0.2	285271	255	filler_word	3	11	2	delong	unexpected	an	a	octopus	fish	84	9	5.73	3.0	When the scuba diver saw the tentacle, he quickly realized that the creature under the rock was	in hiding.	True	Did the diver see a treasure?	no
557.69921875	0.2	285542	255	filler_word	3	11	2	delong	unexpected	an	a	octopus	fish	84	9	5.73	3.0	When the scuba diver saw the tentacle, he quickly realized that the creature under the rock was	in hiding.	True	Did the diver see a treasure?	no
558.23046875	0.2	285814	255	filler_word	3	11	2	delong	unexpected	an	a	octopus	fish	84	9	5.73	3.0	When the scuba diver saw the tentacle, he quickly realized that the creature under the rock was	in hiding.	True	Did the diver see a treasure?	no
558.759765625	0.2	286085	255	filler_word	3	11	2	delong	unexpected	an	a	octopus	fish	84	9	5.73	3.0	When the scuba diver saw the tentacle, he quickly realized that the creature under the rock was	in hiding.	True	Did the diver see a treasure?	no
559.291015625	0.2	286357	255	filler_word	3	11	2	delong	unexpected	an	a	octopus	fish	84	9	5.73	3.0	When the scuba diver saw the tentacle, he quickly realized that the creature under the rock was	in hiding.	True	Did the diver see a treasure?	no
559.822265625	0.2	286629	255	filler_word	3	11	2	delong	unexpected	an	a	octopus	fish	84	9	5.73	3.0	When the scuba diver saw the tentacle, he quickly realized that the creature under the rock was	in hiding.	True	Did the diver see a treasure?	no
560.3515625	0.2	286900	255	filler_word	3	11	2	delong	unexpected	an	a	octopus	fish	84	9	5.73	3.0	When the scuba diver saw the tentacle, he quickly realized that the creature under the rock was	in hiding.	True	Did the diver see a treasure?	no
560.8828125	0.2	287172	202	an_expected	3	11	2	delong	unexpected	an	a	octopus	fish	84	9	5.73	3.0	When the scuba diver saw the tentacle, he quickly realized that the creature under the rock was	in hiding.	True	Did the diver see a treasure?	no
561.197265625	0.0	287333	101	item_marker	4	1	2	delong	expected	an	a	apple	carrot	82	0	4.87	2.23	The old wives' tale says that if you want to keep the doctor away then you should eat	a day.	False	n/a	n/a
561.25390625	0.0	287362	82	cloze_marker	4	1	2	delong	expected	an	a	apple	carrot	82	0	4.87	2.23	The old wives' tale says that if you want to keep the doctor away then you should eat	a day.	False	n/a	n/a
561.462890625	0.2	287469	205	noun_expected	4	1	2	delong	expected	an	a	apple	carrot	82	0	4.87	2.23	The old wives' tale says that if you want to keep the doctor away then you should eat	a day.	False	n/a	n/a
561.77734375	0.0	287630	101	item_marker	5	1	2	delong	expected	an	a	apple	carrot	82	0	4.87	2.23	The old wives' tale says that if you want to keep the doctor away then you should eat	a day.	False	n/a	n/a
561.833984375	0.0	287659	97	cloze_marker	5	1	2	delong	expected	an	a	apple	carrot	82	0	4.87	2.23	The old wives' tale says that if you want to keep the doctor away then you should eat	a day.	False	n/a	n/a
562.04296875	0.2	287766	255	filler_word	5	1	2	delong	expected	an	a	apple	carrot	82	0	4.87	2.23	The old wives' tale says that if you want to keep the doctor away then you should eat	a day.	False	n/a	n/a
562.57421875	0.2	288038	207	final_expected	5	1	2	delong	expected	an	a	apple	carrot	82	0	4.87	2.23	The old wives' tale says that if you want to keep the doctor away then you should eat	a day.	False	n/a	n/a
568.310546875	0.2	290975	255	filler_word	5	1	2	delong	expected	an	a	apple	carrot	82	0	4.87	2.23	The old wives' tale says that if you want to keep the doctor away then you should eat	a day.	False	n/a	n/a
568.83984375	0.2	291246	255	filler_word	5	1	2	delong	expected	an	a	apple	carrot	82	0	4.87	2.23	The old wives' tale says that if you want to keep the doctor away then you should eat	a day.	False	n/a	n/a
569.37109375	0.2	291518	255	filler_word	5	1	2	delong	expected	an	a	apple	carrot	82	0	4.87	2.23	The old wives' tale says that if you want to keep the doctor away then you should eat	a day.	False	n/a	n/a
569.900390625	0.2	291789	255	filler_word	5	1	2	delong	expected	an	a	apple	carrot	82	0	4.87	2.23	The old wives' tale says that if you want to keep the doctor away then you should eat	a day.	False	n/a	n/a
570.431640625	0.2	292061	255	filler_word	5	1	2	delong	expected	an	a	apple	carrot	82	0	4.87	2.23	The old wives' tale says that if you want to keep the doctor away then you should eat	a day.	False	n/a	n/a
570.962890625	0.2	292333	255	filler_word	5	1	2	delong	expected	an	a	apple	carrot	82	0	4.87	2.23	The old wives' tale says that if you want to keep the doctor away then you should eat	a day.	False	n/a	n/a
571.4921875	0.2	292604	255	filler_word	5	1	2	delong	expected	an	a	apple	carrot	82	0	4.87	2.23	The old wives' tale says that if you want to keep the doctor away then you should eat	a day.	False	n/a	n/a
572.0234375	0.2	292876	255	filler_word	5	1	2	delong	expected	an	a	apple	carrot	82	0	4.87	2.23	The old wives' tale says that if you want to keep the doctor away then you should eat	a day.	False	n/a	n/a
572.5546875	0.2	293148	255	filler_word	5	1	2	delong	expected	an	a	apple	carrot	82	0	4.87	2.23	The old wives' tale says that if you want to keep the doctor away then you should eat	a day.	False	n/a	n/a
573.0859375	0.2	293420	255	filler_word	5	1	2	delong	expected	an	a	apple	carrot	82	0	4.87	2.23	The old wives' tale says that if you want to keep the doctor away then you should eat	a day.	False	n/a	n/a
573.615234375	0.2	293691	255	filler_word	5	1	2	delong	expected	an	a	apple	carrot	82	0	4.87	2.23	The old wives' tale says that if you want to keep the doctor away then you should eat	a day.	False	n/a	n/a
574.146484375	0.2	293963	255	filler_word	5	1	2	delong	expected	an	a	apple	carrot	82	0	4.87	2.23	The old wives' tale says that if you want to keep the doctor away then you should eat	a day.	False	n/a	n/a
574.67578125	0.2	294234	202	an_expected	5	1	2	delong	expected	an	a	apple	carrot	82	0	4.87	2.23	The old wives' tale says that if you want to keep the doctor away then you should eat	a day.	False	n/a	n/a
574.9921875	0.0	294396	113	item_marker	6	13	2	delong	expected	an	a	artist	student	61	36	5.73	5.23	On a street corner in Paris Kim had her portrait painted by	for three euros.	False	n/a	n/a
575.046875	0.0	294424	61	cloze_marker	6	13	2	delong	expected	an	a	artist	student	61	36	5.73	5.23	On a street corner in Paris Kim had her portrait painted by	for three euros.	False	n/a	n/a
575.255859375	0.2	294531	205	noun_expected	6	13	2	delong	expected	an	a	artist	student	61	36	5.73	5.23	On a street corner in Paris Kim had her portrait painted by	for three euros.	False	n/a	n/a
575.572265625	0.0	294693	113	item_marker	7	13	2	delong	expected	an	a	artist	student	61	36	5.73	5.23	On a street corner in Paris Kim had her portrait painted by	for three euros.	False	n/a	n/a
575.626953125	0.0	294721	97	cloze_marker	7	13	2	delong	expected	an	a	artist	student	61	36	5.73	5.23	On a street corner in Paris Kim had her portrait painted by	for three euros.	False	n/a	n/a
575.837890625	0.2	294829	255	filler_word	7	13	2	delong	expected	an	a	artist	student	61	36	5.73	5.23	On a street corner in Paris Kim had her portrait painted by	for three euros.	False	n/a	n/a
576.3671875	0.2	295100	255	filler_word	7	13	2	delong	expected	an	a	artist	student	61	36	5.73	5.23	On a street corner in Paris Kim had her portrait painted by	for three euros.	False	n/a	n/a
576.8984375	0.2	295372	207	final_expected	7	13	2	delong	expected	an	a	artist	student	61	36	5.73	5.23	On a street corner in Paris Kim had her portrait painted by	for three euros.	False	n/a	n/a
586.166015625	0.2	300117	255	filler_word	7	13	2	delong	expected	an	a	artist	student	61	36	5.73	5.23	On a street corner in Paris Kim had her portrait painted by	for three euros.	False	n/a	n/a
586.6953125	0.2	300388	255	filler_word	7	13	2	delong	expected	an	a	artist	student	61	36	5.73	5.23	On a street corner in Paris Kim had her portrait painted by	for three euros.	False	n/a	n/a
587.2265625	0.2	300660	255	filler_word	7	13	2	delong	expected	an	a	artist	student	61	36	5.73	5.23	On a street corner in Paris Kim had her portrait painted by	for three euros.	False	n/a	n/a
587.7578125	0.2	300932	255	filler_word	7	13	2	delong	expected	an	a	artist	student	61	36	5.73	5.23	On a street corner in Paris Kim had her portrait painted by	for three euros.	False	n/a	n/a
588.287109375	0.2	301203	255	filler_word	7	13	2	delong	expected	an	a	artist	student	61	36	5.73	5.23	On a street corner in Paris Kim had her portrait painted by	for three euros.	False	n/a	n/a
588.818359375	0.2	301475	255	filler_word	7	13	2	delong	expected	an	a	artist	student	61	36	5.73	5.23	On a street corner in Paris Kim had her portrait painted by	for three euros.	False	n/a	n/a
589.34765625	0.2	301746	255	filler_word	7	13	2	delong	expected	an	a	artist	student	61	36	5.73	5.23	On a street corner in Paris Kim had her portrait painted by	for three euros.	False	n/a	n/a
589.87890625	0.2	302018	201	a_expected	7	13	2	delong	expected	an	a	artist	student	61	36	5.73	5.23	On a street corner in Paris Kim had her portrait painted by	for three euros.	False	n/a	n/a
590.1953125	0.0	302180	110	item_marker	8	10	2	delong	expected	a	an	bird	echo	25	0	6.39	3.87	The tweeting in the treetops sounded like	to Melissa.	False	n/a	n/a
590.25	0.0	302208	25	cloze_marker	8	10	2	delong	expected	a	an	bird	echo	25	0	6.39	3.87	The tweeting in the treetops sounded like	to Melissa.	False	n/a	n/a
590.458984375	0.2	302315	205	noun_expected	8	10	2	delong	expected	a	an	bird	echo	25	0	6.39	3.87	The tweeting in the treetops sounded like	to Melissa.	False	n/a	n/a
590.775390625	0.0	302477	110	item_marker	9	10	2	delong	expected	a	an	bird	echo	25	0	6.39	3.87	The tweeting in the treetops sounded like	to Melissa.	False	n/a	n/a
590.830078125	0.0	302505	80	cloze_marker	9	10	2	delong	expected	a	an	bird	echo	25	0	6.39	3.87	The tweeting in the treetops sounded like	to Melissa.	False	n/a	n/a
591.0390625	0.2	302612	255	filler_word	9	10	2	delong	expected	a	an	bird	echo	25	0	6.39	3.87	The tweeting in the treetops sounded like	to Melissa.	False	n/a	n/a
591.5703125	0.2	302884	207	final_expected	9	10	2	delong	expected	a	an	bird	echo	25	0	6.39	3.87	The tweeting in the treetops sounded like	to Melissa.	False	n/a	n/a
594.787109375	0.2	304531	255	filler_word	9	10	2	delong	expected	a	an	bird	echo	25	0	6.39	3.87	The tweeting in the treetops sounded like	to Melissa.	False	n/a	n/a
595.31640625	0.2	304802	255	filler_word	9	10	2	delong	expected	a	an	bird	echo	25	0	6.39	3.87	The tweeting in the treetops sounded like	to Melissa.	False	n/a	n/a
595.84765625	0.2	305074	255	filler_word	9	10	2	delong	expected	a	an	bird	echo	25	0	6.39	3.87	The tweeting in the treetops sounded like	to Melissa.	False	n/a	n/a
596.37890625	0.2	305346	255	filler_word	9	10	2	delong	expected	a	an	bird	echo	25	0	6.39	3.87	The tweeting in the treetops sounded like	to Melissa.	False	n/a	n/a
596.908203125	0.2	305617	255	filler_word	9	10	2	delong	expected	a	an	bird	echo	25	0	6.39	3.87	The tweeting in the treetops sounded like	to Melissa.	False	n/a	n/a
597.439453125	0.2	305889	255	filler_word	9	10	2	delong	expected	a	an	bird	echo	25	0	6.39	3.87	The tweeting in the treetops sounded like	to Melissa.	False	n/a	n/a
597.96875	0.2	306160	255	filler_word	9	10	2	delong	expected	a	an	bird	echo	25	0	6.39	3.87	The tweeting in the treetops sounded like	to Melissa.	False	n/a	n/a
598.5	0.2	306432	255	filler_word	9	10	2	delong	expected	a	an	bird	echo	25	0	6.39	3.87	The tweeting in the treetops sounded like	to Melissa.	False	n/a	n/a
599.029296875	0.2	306703	255	filler_word	9	10	2	delong	expected	a	an	bird	echo	25	0	6.39	3.87	The tweeting in the treetops sounded like	to Melissa.	False	n/a	n/a
599.560546875	0.2	306975	255	filler_word	9	10	2	delong	expected	a	an	bird	echo	25	0	6.39	3.87	The tweeting in the treetops sounded like	to Melissa.	False	n/a	n/a
600.091796875	0.2	307247	255	filler_word	9	10	2	delong	expected	a	an	bird	echo	25	0	6.39	3.87	The tweeting in the treetops sounded like	to Melissa.	False	n/a	n/a
600.623046875	0.2	307519	255	filler_word	9	10	2	delong	expected	a	an	bird	echo	25	0	6.39	3.87	The tweeting in the treetops sounded like	to Melissa.	False	n/a	n/a
601.15234375	0.2	307790	255	filler_word	9	10	2	delong	expected	a	an	bird	echo	25	0	6.39	3.87	The tweeting in the treetops sounded like	to Melissa.	False	n/a	n/a
601.68359375	0.2	308062	255	filler_word	9	10	2	delong	expected	a	an	bird	echo	25	0	6.39	3.87	The tweeting in the treetops sounded like	to Melissa.	False	n/a	n/a
602.21484375	0.2	308334	255	filler_word	9	10	2	delong	expected	a	an	bird	echo	25	0	6.39	3.87	The tweeting in the treetops sounded like	to Melissa.	False	n/a	n/a
602.744140625	0.2	308605	204	an_unexpected	9	10	2	delong	expected	a	an	bird	echo	25	0	6.39	3.87	The tweeting in the treetops sounded like	to Melissa.	False	n/a	n/a
603.060546875	0.0	308767	104	item_marker	10	4	2	delong	unexpected	a	an	lisp	accent	86	0	5.97	4.16	Katie did not like to say words with the letter s because she spoke with	and was embarrassed.	False	n/a	n/a
603.115234375	0.0	308795	200	cloze_marker	10	4	2	delong	unexpected	a	an	lisp	accent	86	0	5.97	4.16	Katie did not like to say words with the letter s because she spoke with	and was embarrassed.	False	n/a	n/a
603.32421875	0.2	308902	206	noun_unexpected	10	4	2	delong	unexpected	a	an	lisp	accent	86	0	5.97	4.16	Katie did not like to say words with the letter s because she spoke with	and was embarrassed.	False	n/a	n/a
603.640625	0.0	309064	104	item_marker	11	4	2	delong	unexpected	a	an	lisp	accent	86	0	5.97	4.16	Katie did not like to say words with the letter s because she spoke with	and was embarrassed.	False	n/a	n/a
603.6953125	0.0	309092	20	cloze_marker	11	4	2	delong	unexpected	a	an	lisp	accent	86	0	5.97	4.16	Katie did not like to say words with the letter s because she spoke with	and was embarrassed.	False	n/a	n/a
603.904296875	0.2	309199	255	filler_word	11	4	2	delong	unexpected	a	an	lisp	accent	86	0	5.97	4.16	Katie did not like to say words with the letter s because she spoke with	and was embarrassed.	False	n/a	n/a
604.435546875	0.2	309471	255	filler_word	11	4	2	delong	unexpected	a	an	lisp	accent	86	0	5.97	4.16	Katie did not like to say words with the letter s because she spoke with	and was embarrassed.	False	n/a	n/a
604.966796875	0.2	309743	208	final_unexpected	11	4	2	delong	unexpected	a	an	lisp	accent	86	0	5.97	4.16	Katie did not like to say words with the letter s because she spoke with	and was embarrassed.	False	n/a	n/a
609.42578125	0.2	312026	255	filler_word	11	4	2	delong	unexpected	a	an	lisp	accent	86	0	5.97	4.16	Katie did not like to say words with the letter s because she spoke with	and was embarrassed.	False	n/a	n/a
609.95703125	0.2	312298	255	filler_word	11	4	2	delong	unexpected	a	an	lisp	accent	86	0	5.97	4.16	Katie did not like to say words with the letter s because she spoke with	and was embarrassed.	False	n/a	n/a
610.486328125	0.2	312569	255	filler_word	11	4	2	delong	unexpected	a	an	lisp	accent	86	0	5.97	4.16	Katie did not like to say words with the letter s because she spoke with	and was embarrassed.	False	n/a	n/a
611.017578125	0.2	312841	255	filler_word	11	4	2	delong	unexpected	a	an	lisp	accent	86	0	5.97	4.16	Katie did not like to say words with the letter s because she spoke with	and was embarrassed.	False	n/a	n/a
611.548828125	0.2	313113	255	filler_word	11	4	2	delong	unexpected	a	an	lisp	accent	86	0	5.97	4.16	Katie did not like to say words with the letter s because she spoke with	and was embarrassed.	False	n/a	n/a
612.078125	0.2	313384	255	filler_word	11	4	2	delong	unexpected	a	an	lisp	accent	86	0	5.97	4.16	Katie did not like to say words with the letter s because she spoke with	and was embarrassed.	False	n/a	n/a
612.609375	0.2	313656	255	filler_word	11	4	2	delong	unexpected	a	an	lisp	accent	86	0	5.97	4.16	Katie did not like to say words with the letter s because she spoke with	and was embarrassed.	False	n/a	n/a
613.138671875	0.2	313927	255	filler_word	11	4	2	delong	unexpected	a	an	lisp	accent	86	0	5.97	4.16	Katie did not like to say words with the letter s because she spoke with	and was embarrassed.	False	n/a	n/a
613.669921875	0.2	314199	255	filler_word	11	4	2	delong	unexpected	a	an	lisp	accent	86	0	5.97	4.16	Katie did not like to say words with the letter s because she spoke with	and was embarrassed.	False	n/a	n/a
614.201171875	0.2	314471	255	filler_word	11	4	2	delong	unexpected	a	an	lisp	accent	86	0	5.97	4.16	Katie did not like to say words with the letter s because she spoke with	and was embarrassed.	False	n/a	n/a
614.73046875	0.2	314742	255	filler_word	11	4	2	delong	unexpected	a	an	lisp	accent	86	0	5.97	4.16	Katie did not like to say words with the letter s because she spoke with	and was embarrassed.	False	n/a	n/a
615.26171875	0.2	315014	255	filler_word	11	4	2	delong	unexpected	a	an	lisp	accent	86	0	5.97	4.16	Katie did not like to say words with the letter s because she spoke with	and was embarrassed.	False	n/a	n/a
615.79296875	0.2	315286	255	filler_word	11	4	2	delong	unexpected	a	an	lisp	accent	86	0	5.97	4.16	Katie did not like to say words with the letter s because she spoke with	and was embarrassed.	False	n/a	n/a
616.322265625	0.2	315557	201	a_expected	11	4	2	delong	unexpected	a	an	lisp	accent	86	0	5.97	4.16	Katie did not like to say words with the letter s because she spoke with	and was embarrassed.	False	n/a	n/a
616.638671875	0.0	315719	106	item_marker	12	6	2	delong	expected	a	an	cheque	apology	93	0	4.53	2.32	The bakery did not accept credit cards so Peter would have to write	to the owner.	False	n/a	n/a
616.693359375	0.0	315747	93	cloze_marker	12	6	2	delong	expected	a	an	cheque	apology	93	0	4.53	2.32	The bakery did not accept credit cards so Peter would have to write	to the owner.	False	n/a	n/a
616.90234375	0.2	315854	205	noun_expected	12	6	2	delong	expected	a	an	cheque	apology	93	0	4.53	2.32	The bakery did not accept credit cards so Peter would have to write	to the owner.	False	n/a	n/a
617.21875	0.0	316016	106	item_marker	13	6	2	delong	expected	a	an	cheque	apology	93	0	4.53	2.32	The bakery did not accept credit cards so Peter would have to write	to the owner.	False	n/a	n/a
617.2734375	0.0	316044	100	cloze_marker	13	6	2	delong	expected	a	an	cheque	apology	93	0	4.53	2.32	The bakery did not accept credit cards so Peter would have to write	to the owner.	False	n/a	n/a
617.482421875	0.2	316151	255	filler_word	13	6	2	delong	expected	a	an	cheque	apology	93	0	4.53	2.32	The bakery did not accept credit cards so Peter would have to write	to the owner.	False	n/a	n/a
618.013671875	0.2	316423	255	filler_word	13	6	2	delong	expected	a	an	cheque	apology	93	0	4.53	2.32	The bakery did not accept credit cards so Peter would have to write	to the owner.	False	n/a	n/a
618.544921875	0.2	316695	207	final_expected	13	6	2	delong	expected	a	an	cheque	apology	93	0	4.53	2.32	The bakery did not accept credit cards so Peter would have to write	to the owner.	False	n/a	n/a
623.583984375	0.2	319275	255	filler_word	13	6	2	delong	expected	a	an	cheque	apology	93	0	4.53	2.32	The bakery did not accept credit cards so Peter would have to write	to the owner.	False	n/a	n/a
624.115234375	0.2	319547	255	filler_word	13	6	2	delong	expected	a	an	cheque	apology	93	0	4.53	2.32	The bakery did not accept credit cards so Peter would have to write	to the owner.	False	n/a	n/a
624.64453125	0.2	319818	255	filler_word	13	6	2	delong	expected	a	an	cheque	apology	93	0	4.53	2.32	The bakery did not accept credit cards so Peter would have to write	to the owner.	False	n/a	n/a
625.17578125	0.2	320090	255	filler_word	13	6	2	delong	expected	a	an	cheque	apology	93	0	4.53	2.32	The bakery did not accept credit cards so Peter would have to write	to the owner.	False	n/a	n/a
625.70703125	0.2	320362	255	filler_word	13	6	2	delong	expected	a	an	cheque	apology	93	0	4.53	2.32	The bakery did not accept credit cards so Peter would have to write	to the owner.	False	n/a	n/a
626.236328125	0.2	320633	255	filler_word	13	6	2	delong	expected	a	an	cheque	apology	93	0	4.53	2.32	The bakery did not accept credit cards so Peter would have to write	to the owner.	False	n/a	n/a
626.767578125	0.2	320905	255	filler_word	13	6	2	delong	expected	a	an	cheque	apology	93	0	4.53	2.32	The bakery did not accept credit cards so Peter would have to write	to the owner.	False	n/a	n/a
627.296875	0.2	321176	255	filler_word	13	6	2	delong	expected	a	an	cheque	apology	93	0	4.53	2.32	The bakery did not accept credit cards so Peter would have to write	to the owner.	False	n/a	n/a
627.828125	0.2	321448	255	filler_word	13	6	2	delong	expected	a	an	cheque	apology	93	0	4.53	2.32	The bakery did not accept credit cards so Peter would have to write	to the owner.	False	n/a	n/a
628.357421875	0.2	321719	255	filler_word	13	6	2	delong	expected	a	an	cheque	apology	93	0	4.53	2.32	The bakery did not accept credit cards so Peter would have to write	to the owner.	False	n/a	n/a
628.888671875	0.2	321991	255	filler_word	13	6	2	delong	expected	a	an	cheque	apology	93	0	4.53	2.32	The bakery did not accept credit cards so Peter would have to write	to the owner.	False	n/a	n/a
629.419921875	0.2	322263	255	filler_word	13	6	2	delong	expected	a	an	cheque	apology	93	0	4.53	2.32	The bakery did not accept credit cards so Peter would have to write	to the owner.	False	n/a	n/a
629.951171875	0.2	322535	255	filler_word	13	6	2	delong	expected	a	an	cheque	apology	93	0	4.53	2.32	The bakery did not accept credit cards so Peter would have to write	to the owner.	False	n/a	n/a
630.48046875	0.2	322806	255	filler_word	13	6	2	delong	expected	a	an	cheque	apology	93	0	4.53	2.32	The bakery did not accept credit cards so Peter would have to write	to the owner.	False	n/a	n/a
631.01171875	0.2	323078	255	filler_word	13	6	2	delong	expected	a	an	cheque	apology	93	0	4.53	2.32	The bakery did not accept credit cards so Peter would have to write	to the owner.	False	n/a	n/a
631.54296875	0.2	323350	204	an_unexpected	13	6	2	delong	expected	a	an	cheque	apology	93	0	4.53	2.32	The bakery did not accept credit cards so Peter would have to write	to the owner.	False	n/a	n/a
631.857421875	0.0	323511	120	item_marker	14	20	2	delong	unexpected	a	an	fight	affair	75	9	6.19	3.2	Whenever Josh had too much to drink, he became belligerent and would try to start	with someone in the bar.	True	Would Josh sing if drunk?	no
631.912109375	0.0	323539	9	cloze_marker	14	20	2	delong	unexpected	a	an	fight	affair	75	9	6.19	3.2	Whenever Josh had too much to drink, he became belligerent and would try to start	with someone in the bar.	True	Would Josh sing if drunk?	no
632.123046875	0.2	323647	206	noun_unexpected	14	20	2	delong	unexpected	a	an	fight	affair	75	9	6.19	3.2	Whenever Josh had too much to drink, he became belligerent and would try to start	with someone in the bar.	True	Would Josh sing if drunk?	no
632.4375	0.0	323808	120	item_marker	15	20	2	delong	unexpected	a	an	fight	affair	75	9	6.19	3.2	Whenever Josh had too much to drink, he became belligerent and would try to start	with someone in the bar.	True	Would Josh sing if drunk?	no
632.4921875	0.0	323836	200	cloze_marker	15	20	2	delong	unexpected	a	an	fight	affair	75	9	6.19	3.2	Whenever Josh had too much to drink, he became belligerent and would try to start	with someone in the bar.	True	Would Josh sing if drunk?	no
632.703125	0.2	323944	255	filler_word	15	20	2	delong	unexpected	a	an	fight	affair	75	9	6.19	3.2	Whenever Josh had too much to drink, he became belligerent and would try to start	with someone in the bar.	True	Would Josh sing if drunk?	no
633.234375	0.2	324216	255	filler_word	15	20	2	delong	unexpected	a	an	fight	affair	75	9	6.19	3.2	Whenever Josh had too much to drink, he became belligerent and would try to start	with someone in the bar.	True	Would Josh sing if drunk?	no
633.763671875	0.2	324487	255	filler_word	15	20	2	delong	unexpected	a	an	fight	affair	75	9	6.19	3.2	Whenever Josh had too much to drink, he became belligerent and would try to start	with someone in the bar.	True	Would Josh sing if drunk?	no
634.294921875	0.2	324759	255	filler_word	15	20	2	delong	unexpected	a	an	fight	affair	75	9	6.19	3.2	Whenever Josh had too much to drink, he became belligerent and would try to start	with someone in the bar.	True	Would Josh sing if drunk?	no
634.82421875	0.2	325030	208	final_unexpected	15	20	2	delong	unexpected	a	an	fight	affair	75	9	6.19	3.2	Whenever Josh had too much to drink, he became belligerent and would try to start	with someone in the bar.	True	Would Josh sing if drunk?	no
640.611328125	0.0	327993	251	question	15	20	2	delong	unexpected	a	an	fight	affair	75	9	6.19	3.2	Whenever Josh had too much to drink, he became belligerent and would try to start	with someone in the bar.	True	Would Josh sing if drunk?	no
646.396484375	0.2	330955	255	filler_word	15	20	2	delong	unexpected	a	an	fight	affair	75	9	6.19	3.2	Whenever Josh had too much to drink, he became belligerent and would try to start	with someone in the bar.	True	Would Josh sing if drunk?	no
646.927734375	0.2	331227	255	filler_word	15	20	2	delong	unexpected	a	an	fight	affair	75	9	6.19	3.2	Whenever Josh had too much to drink, he became belligerent and would try to start	with someone in the bar.	True	Would Josh sing if drunk?	no
647.45703125	0.2	331498	255	filler_word	15	20	2	delong	unexpected	a	an	fight	affair	75	9	6.19	3.2	Whenever Josh had too much to drink, he became belligerent and would try to start	with someone in the bar.	True	Would Josh sing if drunk?	no
647.98828125	0.2	331770	255	filler_word	15	20	2	delong	unexpected	a	an	fight	affair	75	9	6.19	3.2	Whenever Josh had too much to drink, he became belligerent and would try to start	with someone in the bar.	True	Would Josh sing if drunk?	no
648.517578125	0.2	332041	255	filler_word	15	20	2	delong	unexpected	a	an	fight	affair	75	9	6.19	3.2	Whenever Josh had too much to drink, he became belligerent and would try to start	with someone in the bar.	True	Would Josh sing if drunk?	no
649.048828125	0.2	332313	255	filler_word	15	20	2	delong	unexpected	a	an	fight	affair	75	9	6.19	3.2	Whenever Josh had too much to drink, he became belligerent and would try to start	with someone in the bar.	True	Would Josh sing if drunk?	no
649.580078125	0.2	332585	255	filler_word	15	20	2	delong	unexpected	a	an	fight	affair	75	9	6.19	3.2	Whenever Josh had too much to drink, he became belligerent and would try to start	with someone in the bar.	True	Would Josh sing if drunk?	no
650.111328125	0.2	332857	255	filler_word	15	20	2	delong	unexpected	a	an	fight	affair	75	9	6.19	3.2	Whenever Josh had too much to drink, he became belligerent and would try to start	with someone in the bar.	True	Would Josh sing if drunk?	no
650.640625	0.2	333128	255	filler_word	15	20	2	delong	unexpected	a	an	fight	affair	75	9	6.19	3.2	Whenever Josh had too much to drink, he became belligerent and would try to start	with someone in the bar.	True	Would Josh sing if drunk?	no
651.171875	0.2	333400	255	filler_word	15	20	2	delong	unexpected	a	an	fight	affair	75	9	6.19	3.2	Whenever Josh had too much to drink, he became belligerent and would try to start	with someone in the bar.	True	Would Josh sing if drunk?	no
651.701171875	0.2	333671	255	filler_word	15	20	2	delong	unexpected	a	an	fight	affair	75	9	6.19	3.2	Whenever Josh had too much to drink, he became belligerent and would try to start	with someone in the bar.	True	Would Josh sing if drunk?	no
652.232421875	0.2	333943	255	filler_word	15	20	2	delong	unexpected	a	an	fight	affair	75	9	6.19	3.2	Whenever Josh had too much to drink, he became belligerent and would try to start	with someone in the bar.	True	Would Josh sing if drunk?	no
652.763671875	0.2	334215	255	filler_word	15	20	2	delong	unexpected	a	an	fight	affair	75	9	6.19	3.2	Whenever Josh had too much to drink, he became belligerent and would try to start	with someone in the bar.	True	Would Josh sing if drunk?	no
653.29296875	0.2	334486	255	filler_word	15	20	2	delong	unexpected	a	an	fight	affair	75	9	6.19	3.2	Whenever Josh had too much to drink, he became belligerent and would try to start	with someone in the bar.	True	Would Josh sing if drunk?	no
653.82421875	0.2	334758	255	filler_word	15	20	2	delong	unexpected	a	an	fight	affair	75	9	6.19	3.2	Whenever Josh had too much to drink, he became belligerent and would try to start	with someone in the bar.	True	Would Josh sing if drunk?	no
654.35546875	0.2	335030	255	filler_word	15	20	2	delong	unexpected	a	an	fight	affair	75	9	6.19	3.2	Whenever Josh had too much to drink, he became belligerent and would try to start	with someone in the bar.	True	Would Josh sing if drunk?	no
654.884765625	0.2	335301	202	an_expected	15	20	2	delong	unexpected	a	an	fight	affair	75	9	6.19	3.2	Whenever Josh had too much to drink, he became belligerent and would try to start	with someone in the bar.	True	Would Josh sing if drunk?	no
655.201171875	0.0	335463	117	item_marker	16	17	2	delong	expected	an	a	election	parade	70	20	5.63	4.58	When the representative retired in the middle of his term, the state was forced to hold	in his district.	False	n/a	n/a
655.255859375	0.0	335491	70	cloze_marker	16	17	2	delong	expected	an	a	election	parade	70	20	5.63	4.58	When the representative retired in the middle of his term, the state was forced to hold	in his district.	False	n/a	n/a
655.46484375	0.2	335598	205	noun_expected	16	17	2	delong	expected	an	a	election	parade	70	20	5.63	4.58	When the representative retired in the middle of his term, the state was forced to hold	in his district.	False	n/a	n/a
655.78125	0.0	335760	117	item_marker	17	17	2	delong	expected	an	a	election	parade	70	20	5.63	4.58	When the representative retired in the middle of his term, the state was forced to hold	in his district.	False	n/a	n/a
655.8359375	0.0	335788	62	cloze_marker	17	17	2	delong	expected	an	a	election	parade	70	20	5.63	4.58	When the representative retired in the middle of his term, the state was forced to hold	in his district.	False	n/a	n/a
656.044921875	0.2	335895	255	filler_word	17	17	2	delong	expected	an	a	election	parade	70	20	5.63	4.58	When the representative retired in the middle of his term, the state was forced to hold	in his district.	False	n/a	n/a
656.576171875	0.2	336167	255	filler_word	17	17	2	delong	expected	an	a	election	parade	70	20	5.63	4.58	When the representative retired in the middle of his term, the state was forced to hold	in his district.	False	n/a	n/a
657.107421875	0.2	336439	207	final_expected	17	17	2	delong	expected	an	a	election	parade	70	20	5.63	4.58	When the representative retired in the middle of his term, the state was forced to hold	in his district.	False	n/a	n/a
660.5546875	0.2	338204	255	filler_word	17	17	2	delong	expected	an	a	election	parade	70	20	5.63	4.58	When the representative retired in the middle of his term, the state was forced to hold	in his district.	False	n/a	n/a
661.0859375	0.2	338476	255	filler_word	17	17	2	delong	expected	an	a	election	parade	70	20	5.63	4.58	When the representative retired in the middle of his term, the state was forced to hold	in his district.	False	n/a	n/a
661.6171875	0.2	338748	255	filler_word	17	17	2	delong	expected	an	a	election	parade	70	20	5.63	4.58	When the representative retired in the middle of his term, the state was forced to hold	in his district.	False	n/a	n/a
662.146484375	0.2	339019	255	filler_word	17	17	2	delong	expected	an	a	election	parade	70	20	5.63	4.58	When the representative retired in the middle of his term, the state was forced to hold	in his district.	False	n/a	n/a
662.677734375	0.2	339291	255	filler_word	17	17	2	delong	expected	an	a	election	parade	70	20	5.63	4.58	When the representative retired in the middle of his term, the state was forced to hold	in his district.	False	n/a	n/a
663.20703125	0.2	339562	255	filler_word	17	17	2	delong	expected	an	a	election	parade	70	20	5.63	4.58	When the representative retired in the middle of his term, the state was forced to hold	in his district.	False	n/a	n/a
663.73828125	0.2	339834	255	filler_word	17	17	2	delong	expected	an	a	election	parade	70	20	5.63	4.58	When the representative retired in the middle of his term, the state was forced to hold	in his district.	False	n/a	n/a
664.267578125	0.2	340105	255	filler_word	17	17	2	delong	expected	an	a	election	parade	70	20	5.63	4.58	When the representative retired in the middle of his term, the state was forced to hold	in his district.	False	n/a	n/a
664.798828125	0.2	340377	255	filler_word	17	17	2	delong	expected	an	a	election	parade	70	20	5.63	4.58	When the representative retired in the middle of his term, the state was forced to hold	in his district.	False	n/a	n/a
665.330078125	0.2	340649	255	filler_word	17	17	2	delong	expected	an	a	election	parade	70	20	5.63	4.58	When the representative retired in the middle of his term, the state was forced to hold	in his district.	False	n/a	n/a
665.861328125	0.2	340921	255	filler_word	17	17	2	delong	expected	an	a	election	parade	70	20	5.63	4.58	When the representative retired in the middle of his term, the state was forced to hold	in his district.	False	n/a	n/a
666.390625	0.2	341192	255	filler_word	17	17	2	delong	expected	an	a	election	parade	70	20	5.63	4.58	When the representative retired in the middle of his term, the state was forced to hold	in his district.	False	n/a	n/a
666.921875	0.2	341464	255	filler_word	17	17	2	delong	expected	an	a	election	parade	70	20	5.63	4.58	When the representative retired in the middle of his term, the state was forced to hold	in his district.	False	n/a	n/a
667.451171875	0.2	341735	255	filler_word	17	17	2	delong	expected	an	a	election	parade	70	20	5.63	4.58	When the representative retired in the middle of his term, the state was forced to hold	in his district.	False	n/a	n/a
667.982421875	0.2	342007	255	filler_word	17	17	2	delong	expected	an	a	election	parade	70	20	5.63	4.58	When the representative retired in the middle of his term, the state was forced to hold	in his district.	False	n/a	n/a
668.51171875	0.2	342278	255	filler_word	17	17	2	delong	expected	an	a	election	parade	70	20	5.63	4.58	When the representative retired in the middle of his term, the state was forced to hold	in his district.	False	n/a	n/a
669.04296875	0.2	342550	255	filler_word	17	17	2	delong	expected	an	a	election	parade	70	20	5.63	4.58	When the representative retired in the middle of his term, the state was forced to hold	in his district.	False	n/a	n/a
669.57421875	0.2	342822	255	filler_word	17	17	2	delong	expected	an	a	election	parade	70	20	5.63	4.58	When the representative retired in the middle of his term, the state was forced to hold	in his district.	False	n/a	n/a
670.10546875	0.2	343094	201	a_expected	17	17	2	delong	expected	an	a	election	parade	70	20	5.63	4.58	When the representative retired in the middle of his term, the state was forced to hold	in his district.	False	n/a	n/a
670.419921875	0.0	343255	114	item_marker	18	14	2	delong	expected	a	an	student	artist	73	5	5.67	3.81	Betsy had no desire to enter the working world, so decided to stay at the university and remain	for a few more semesters.	True	Did Betsy find a job?	no
670.474609375	0.0	343283	73	cloze_marker	18	14	2	delong	expected	a	an	student	artist	73	5	5.67	3.81	Betsy had no desire to enter the working world, so decided to stay at the university and remain	for a few more semesters.	True	Did Betsy find a job?	no
670.685546875	0.2	343391	205	noun_expected	18	14	2	delong	expected	a	an	student	artist	73	5	5.67	3.81	Betsy had no desire to enter the working world, so decided to stay at the university and remain	for a few more semesters.	True	Did Betsy find a job?	no
671.0	0.0	343552	114	item_marker	19	14	2	delong	expected	a	an	student	artist	73	5	5.67	3.81	Betsy had no desire to enter the working world, so decided to stay at the university and remain	for a few more semesters.	True	Did Betsy find a job?	no
671.0546875	0.0	343580	90	cloze_marker	19	14	2	delong	expected	a	an	student	artist	73	5	5.67	3.81	Betsy had no desire to enter the working world, so decided to stay at the university and remain	for a few more semesters.	True	Did Betsy find a job?	no
671.265625	0.2	343688	255	filler_word	19	14	2	delong	expected	a	an	student	artist	73	5	5.67	3.81	Betsy had no desire to enter the working world, so decided to stay at the university and remain	for a few more semesters.	True	Did Betsy find a job?	no
671.794921875	0.2	343959	255	filler_word	19	14	2	delong	expected	a	an	student	artist	73	5	5.67	3.81	Betsy had no desire to enter the working world, so decided to stay at the university and remain	for a few more semesters.	True	Did Betsy find a job?	no
672.326171875	0.2	344231	255	filler_word	19	14	2	delong	expected	a	an	student	artist	73	5	5.67	3.81	Betsy had no desire to enter the working world, so decided to stay at the university and remain	for a few more semesters.	True	Did Betsy find a job?	no
672.857421875	0.2	344503	255	filler_word	19	14	2	delong	expected	a	an	student	artist	73	5	5.67	3.81	Betsy had no desire to enter the working world, so decided to stay at the university and remain	for a few more semesters.	True	Did Betsy find a job?	no
673.38671875	0.2	344774	207	final_expected	19	14	2	delong	expected	a	an	student	artist	73	5	5.67	3.81	Betsy had no desire to enter the working world, so decided to stay at the university and remain	for a few more semesters.	True	Did Betsy find a job?	no
681.09765625	0.0	348722	251	question	19	14	2	delong	expected	a	an	student	artist	73	5	5.67	3.81	Betsy had no desire to enter the working world, so decided to stay at the university and remain	for a few more semesters.	True	Did Betsy find a job?	no
684.296875	0.2	350360	255	filler_word	19	14	2	delong	expected	a	an	student	artist	73	5	5.67	3.81	Betsy had no desire to enter the working world, so decided to stay at the university and remain	for a few more semesters.	True	Did Betsy find a job?	no
684.826171875	0.2	350631	255	filler_word	19	14	2	delong	expected	a	an	student	artist	73	5	5.67	3.81	Betsy had no desire to enter the working world, so decided to stay at the university and remain	for a few more semesters.	True	Did Betsy find a job?	no
685.357421875	0.2	350903	255	filler_word	19	14	2	delong	expected	a	an	student	artist	73	5	5.67	3.81	Betsy had no desire to enter the working world, so decided to stay at the university and remain	for a few more semesters.	True	Did Betsy find a job?	no
685.88671875	0.2	351174	255	filler_word	19	14	2	delong	expected	a	an	student	artist	73	5	5.67	3.81	Betsy had no desire to enter the working world, so decided to stay at the university and remain	for a few more semesters.	True	Did Betsy find a job?	no
686.41796875	0.2	351446	255	filler_word	19	14	2	delong	expected	a	an	student	artist	73	5	5.67	3.81	Betsy had no desire to enter the working world, so decided to stay at the university and remain	for a few more semesters.	True	Did Betsy find a job?	no
686.94921875	0.2	351718	255	filler_word	19	14	2	delong	expected	a	an	student	artist	73	5	5.67	3.81	Betsy had no desire to enter the working world, so decided to stay at the university and remain	for a few more semesters.	True	Did Betsy find a job?	no
687.48046875	0.2	351990	255	filler_word	19	14	2	delong	expected	a	an	student	artist	73	5	5.67	3.81	Betsy had no desire to enter the working world, so decided to stay at the university and remain	for a few more semesters.	True	Did Betsy find a job?	no
688.009765625	0.2	352261	255	filler_word	19	14	2	delong	expected	a	an	student	artist	73	5	5.67	3.81	Betsy had no desire to enter the working world, so decided to stay at the university and remain	for a few more semesters.	True	Did Betsy find a job?	no
688.541015625	0.2	352533	255	filler_word	19	14	2	delong	expected	a	an	student	artist	73	5	5.67	3.81	Betsy had no desire to enter the working world, so decided to stay at the university and remain	for a few more semesters.	True	Did Betsy find a job?	no
689.0703125	0.2	352804	255	filler_word	19	14	2	delong	expected	a	an	student	artist	73	5	5.67	3.81	Betsy had no desire to enter the working world, so decided to stay at the university and remain	for a few more semesters.	True	Did Betsy find a job?	no
689.6015625	0.2	353076	255	filler_word	19	14	2	delong	expected	a	an	student	artist	73	5	5.67	3.81	Betsy had no desire to enter the working world, so decided to stay at the university and remain	for a few more semesters.	True	Did Betsy find a job?	no
690.130859375	0.2	353347	203	a_unexpected	19	14	2	delong	expected	a	an	student	artist	73	5	5.67	3.81	Betsy had no desire to enter the working world, so decided to stay at the university and remain	for a few more semesters.	True	Did Betsy find a job?	no
690.447265625	0.0	353509	103	item_marker	20	3	2	delong	unexpected	an	a	accent	lisp	55	39	6.13	6.0	It was difficult to understand the foreign professor because he had	when he spoke.	False	n/a	n/a
690.501953125	0.0	353537	39	cloze_marker	20	3	2	delong	unexpected	an	a	accent	lisp	55	39	6.13	6.0	It was difficult to understand the foreign professor because he had	when he spoke.	False	n/a	n/a
690.7109375	0.2	353644	206	noun_unexpected	20	3	2	delong	unexpected	an	a	accent	lisp	55	39	6.13	6.0	It was difficult to understand the foreign professor because he had	when he spoke.	False	n/a	n/a
691.02734375	0.0	353806	103	item_marker	21	3	2	delong	unexpected	an	a	accent	lisp	55	39	6.13	6.0	It was difficult to understand the foreign professor because he had	when he spoke.	False	n/a	n/a
691.08203125	0.0	353834	7	cloze_marker	21	3	2	delong	unexpected	an	a	accent	lisp	55	39	6.13	6.0	It was difficult to understand the foreign professor because he had	when he spoke.	False	n/a	n/a
691.29296875	0.2	353942	255	filler_word	21	3	2	delong	unexpected	an	a	accent	lisp	55	39	6.13	6.0	It was difficult to understand the foreign professor because he had	when he spoke.	False	n/a	n/a
691.822265625	0.2	354213	255	filler_word	21	3	2	delong	unexpected	an	a	accent	lisp	55	39	6.13	6.0	It was difficult to understand the foreign professor because he had	when he spoke.	False	n/a	n/a
692.353515625	0.2	354485	208	final_unexpected	21	3	2	delong	unexpected	an	a	accent	lisp	55	39	6.13	6.0	It was difficult to understand the foreign professor because he had	when he spoke.	False	n/a	n/a
695.96875	0.2	356336	255	filler_word	21	3	2	delong	unexpected	an	a	accent	lisp	55	39	6.13	6.0	It was difficult to understand the foreign professor because he had	when he spoke.	False	n/a	n/a
696.498046875	0.2	356607	255	filler_word	21	3	2	delong	unexpected	an	a	accent	lisp	55	39	6.13	6.0	It was difficult to understand the foreign professor because he had	when he spoke.	False	n/a	n/a
697.029296875	0.2	356879	255	filler_word	21	3	2	delong	unexpected	an	a	accent	lisp	55	39	6.13	6.0	It was difficult to understand the foreign professor because he had	when he spoke.	False	n/a	n/a
697.560546875	0.2	357151	255	filler_word	21	3	2	delong	unexpected	an	a	accent	lisp	55	39	6.13	6.0	It was difficult to understand the foreign professor because he had	when he spoke.	False	n/a	n/a
698.08984375	0.2	357422	255	filler_word	21	3	2	delong	unexpected	an	a	accent	lisp	55	39	6.13	6.0	It was difficult to understand the foreign professor because he had	when he spoke.	False	n/a	n/a
698.62109375	0.2	357694	255	filler_word	21	3	2	delong	unexpected	an	a	accent	lisp	55	39	6.13	6.0	It was difficult to understand the foreign professor because he had	when he spoke.	False	n/a	n/a
699.150390625	0.2	357965	255	filler_word	21	3	2	delong	unexpected	an	a	accent	lisp	55	39	6.13	6.0	It was difficult to understand the foreign professor because he had	when he spoke.	False	n/a	n/a
699.681640625	0.2	358237	255	filler_word	21	3	2	delong	unexpected	an	a	accent	lisp	55	39	6.13	6.0	It was difficult to understand the foreign professor because he had	when he spoke.	False	n/a	n/a
700.2109375	0.2	358508	255	filler_word	21	3	2	delong	unexpected	an	a	accent	lisp	55	39	6.13	6.0	It was difficult to understand the foreign professor because he had	when he spoke.	False	n/a	n/a
700.7421875	0.2	358780	255	filler_word	21	3	2	delong	unexpected	an	a	accent	lisp	55	39	6.13	6.0	It was difficult to understand the foreign professor because he had	when he spoke.	False	n/a	n/a
701.2734375	0.2	359052	255	filler_word	21	3	2	delong	unexpected	an	a	accent	lisp	55	39	6.13	6.0	It was difficult to understand the foreign professor because he had	when he spoke.	False	n/a	n/a
701.8046875	0.2	359324	255	filler_word	21	3	2	delong	unexpected	an	a	accent	lisp	55	39	6.13	6.0	It was difficult to understand the foreign professor because he had	when he spoke.	False	n/a	n/a
702.333984375	0.2	359595	255	filler_word	21	3	2	delong	unexpected	an	a	accent	lisp	55	39	6.13	6.0	It was difficult to understand the foreign professor because he had	when he spoke.	False	n/a	n/a
702.865234375	0.2	359867	255	filler_word	21	3	2	delong	unexpected	an	a	accent	lisp	55	39	6.13	6.0	It was difficult to understand the foreign professor because he had	when he spoke.	False	n/a	n/a
703.39453125	0.2	360138	255	filler_word	21	3	2	delong	unexpected	an	a	accent	lisp	55	39	6.13	6.0	It was difficult to understand the foreign professor because he had	when he spoke.	False	n/a	n/a
703.92578125	0.2	360410	255	filler_word	21	3	2	delong	unexpected	an	a	accent	lisp	55	39	6.13	6.0	It was difficult to understand the foreign professor because he had	when he spoke.	False	n/a	n/a
704.455078125	0.2	360681	204	an_unexpected	21	3	2	delong	unexpected	an	a	accent	lisp	55	39	6.13	6.0	It was difficult to understand the foreign professor because he had	when he spoke.	False	n/a	n/a
704.771484375	0.0	360843	112	item_marker	22	12	2	delong	unexpected	a	an	fish	octopus	66	2	5.8	4.0	Marge hated baiting the hook, but she knew that it was the only way to catch	without using a lure.	False	n/a	n/a
704.826171875	0.0	360871	2	cloze_marker	22	12	2	delong	unexpected	a	an	fish	octopus	66	2	5.8	4.0	Marge hated baiting the hook, but she knew that it was the only way to catch	without using a lure.	False	n/a	n/a
705.037109375	0.2	360979	206	noun_unexpected	22	12	2	delong	unexpected	a	an	fish	octopus	66	2	5.8	4.0	Marge hated baiting the hook, but she knew that it was the only way to catch	without using a lure.	False	n/a	n/a
705.3515625	0.0	361140	112	item_marker	23	12	2	delong	unexpected	a	an	fish	octopus	66	2	5.8	4.0	Marge hated baiting the hook, but she knew that it was the only way to catch	without using a lure.	False	n/a	n/a
705.40625	0.0	361168	13	cloze_marker	23	12	2	delong	unexpected	a	an	fish	octopus	66	2	5.8	4.0	Marge hated baiting the hook, but she knew that it was the only way to catch	without using a lure.	False	n/a	n/a
705.6171875	0.2	361276	255	filler_word	23	12	2	delong	unexpected	a	an	fish	octopus	66	2	5.8	4.0	Marge hated baiting the hook, but she knew that it was the only way to catch	without using a lure.	False	n/a	n/a
706.146484375	0.2	361547	255	filler_word	23	12	2	delong	unexpected	a	an	fish	octopus	66	2	5.8	4.0	Marge hated baiting the hook, but she knew that it was the only way to catch	without using a lure.	False	n/a	n/a
706.677734375	0.2	361819	255	filler_word	23	12	2	delong	unexpected	a	an	fish	octopus	66	2	5.8	4.0	Marge hated baiting the hook, but she knew that it was the only way to catch	without using a lure.	False	n/a	n/a
707.20703125	0.2	362090	208	final_unexpected	23	12	2	delong	unexpected	a	an	fish	octopus	66	2	5.8	4.0	Marge hated baiting the hook, but she knew that it was the only way to catch	without using a lure.	False	n/a	n/a
712.74609375	0.2	364926	255	filler_word	23	12	2	delong	unexpected	a	an	fish	octopus	66	2	5.8	4.0	Marge hated baiting the hook, but she knew that it was the only way to catch	without using a lure.	False	n/a	n/a
713.275390625	0.2	365197	255	filler_word	23	12	2	delong	unexpected	a	an	fish	octopus	66	2	5.8	4.0	Marge hated baiting the hook, but she knew that it was the only way to catch	without using a lure.	False	n/a	n/a
713.806640625	0.2	365469	255	filler_word	23	12	2	delong	unexpected	a	an	fish	octopus	66	2	5.8	4.0	Marge hated baiting the hook, but she knew that it was the only way to catch	without using a lure.	False	n/a	n/a
714.3359375	0.2	365740	255	filler_word	23	12	2	delong	unexpected	a	an	fish	octopus	66	2	5.8	4.0	Marge hated baiting the hook, but she knew that it was the only way to catch	without using a lure.	False	n/a	n/a
714.8671875	0.2	366012	255	filler_word	23	12	2	delong	unexpected	a	an	fish	octopus	66	2	5.8	4.0	Marge hated baiting the hook, but she knew that it was the only way to catch	without using a lure.	False	n/a	n/a
715.3984375	0.2	366284	255	filler_word	23	12	2	delong	unexpected	a	an	fish	octopus	66	2	5.8	4.0	Marge hated baiting the hook, but she knew that it was the only way to catch	without using a lure.	False	n/a	n/a
715.9296875	0.2	366556	255	filler_word	23	12	2	delong	unexpected	a	an	fish	octopus	66	2	5.8	4.0	Marge hated baiting the hook, but she knew that it was the only way to catch	without using a lure.	False	n/a	n/a
716.458984375	0.2	366827	255	filler_word	23	12	2	delong	unexpected	a	an	fish	octopus	66	2	5.8	4.0	Marge hated baiting the hook, but she knew that it was the only way to catch	without using a lure.	False	n/a	n/a
716.990234375	0.2	367099	255	filler_word	23	12	2	delong	unexpected	a	an	fish	octopus	66	2	5.8	4.0	Marge hated baiting the hook, but she knew that it was the only way to catch	without using a lure.	False	n/a	n/a
717.51953125	0.2	367370	255	filler_word	23	12	2	delong	unexpected	a	an	fish	octopus	66	2	5.8	4.0	Marge hated baiting the hook, but she knew that it was the only way to catch	without using a lure.	False	n/a	n/a
718.05078125	0.2	367642	202	an_expected	23	12	2	delong	unexpected	a	an	fish	octopus	66	2	5.8	4.0	Marge hated baiting the hook, but she knew that it was the only way to catch	without using a lure.	False	n/a	n/a
718.3671875	0.0	367804	109	item_marker	24	9	2	delong	expected	an	a	echo	bird	75	2	5.9	3.83	Surrounded by mountains, Lola shouted across the valley and heard	in the distance.	False	n/a	n/a
718.421875	0.0	367832	75	cloze_marker	24	9	2	delong	expected	an	a	echo	bird	75	2	5.9	3.83	Surrounded by mountains, Lola shouted across the valley and heard	in the distance.	False	n/a	n/a
718.630859375	0.2	367939	205	noun_expected	24	9	2	delong	expected	an	a	echo	bird	75	2	5.9	3.83	Surrounded by mountains, Lola shouted across the valley and heard	in the distance.	False	n/a	n/a
718.947265625	0.0	368101	109	item_marker	25	9	2	delong	expected	an	a	echo	bird	75	2	5.9	3.83	Surrounded by mountains, Lola shouted across the valley and heard	in the distance.	False	n/a	n/a
719.001953125	0.0	368129	93	cloze_marker	25	9	2	delong	expected	an	a	echo	bird	75	2	5.9	3.83	Surrounded by mountains, Lola shouted across the valley and heard	in the distance.	False	n/a	n/a
719.2109375	0.2	368236	255	filler_word	25	9	2	delong	expected	an	a	echo	bird	75	2	5.9	3.83	Surrounded by mountains, Lola shouted across the valley and heard	in the distance.	False	n/a	n/a
719.7421875	0.2	368508	255	filler_word	25	9	2	delong	expected	an	a	echo	bird	75	2	5.9	3.83	Surrounded by mountains, Lola shouted across the valley and heard	in the distance.	False	n/a	n/a
720.2734375	0.2	368780	207	final_expected	25	9	2	delong	expected	an	a	echo	bird	75	2	5.9	3.83	Surrounded by mountains, Lola shouted across the valley and heard	in the distance.	False	n/a	n/a
725.958984375	0.2	371691	255	filler_word	25	9	2	delong	expected	an	a	echo	bird	75	2	5.9	3.83	Surrounded by mountains, Lola shouted across the valley and heard	in the distance.	False	n/a	n/a
726.490234375	0.2	371963	255	filler_word	25	9	2	delong	expected	an	a	echo	bird	75	2	5.9	3.83	Surrounded by mountains, Lola shouted across the valley and heard	in the distance.	False	n/a	n/a
727.01953125	0.2	372234	255	filler_word	25	9	2	delong	expected	an	a	echo	bird	75	2	5.9	3.83	Surrounded by mountains, Lola shouted across the valley and heard	in the distance.	False	n/a	n/a
727.55078125	0.2	372506	255	filler_word	25	9	2	delong	expected	an	a	echo	bird	75	2	5.9	3.83	Surrounded by mountains, Lola shouted across the valley and heard	in the distance.	False	n/a	n/a
728.080078125	0.2	372777	255	filler_word	25	9	2	delong	expected	an	a	echo	bird	75	2	5.9	3.83	Surrounded by mountains, Lola shouted across the valley and heard	in the distance.	False	n/a	n/a
728.611328125	0.2	373049	255	filler_word	25	9	2	delong	expected	an	a	echo	bird	75	2	5.9	3.83	Surrounded by mountains, Lola shouted across the valley and heard	in the distance.	False	n/a	n/a
729.142578125	0.2	373321	255	filler_word	25	9	2	delong	expected	an	a	echo	bird	75	2	5.9	3.83	Surrounded by mountains, Lola shouted across the valley and heard	in the distance.	False	n/a	n/a
729.671875	0.2	373592	255	filler_word	25	9	2	delong	expected	an	a	echo	bird	75	2	5.9	3.83	Surrounded by mountains, Lola shouted across the valley and heard	in the distance.	False	n/a	n/a
730.203125	0.2	373864	255	filler_word	25	9	2	delong	expected	an	a	echo	bird	75	2	5.9	3.83	Surrounded by mountains, Lola shouted across the valley and heard	in the distance.	False	n/a	n/a
730.734375	0.2	374136	255	filler_word	25	9	2	delong	expected	an	a	echo	bird	75	2	5.9	3.83	Surrounded by mountains, Lola shouted across the valley and heard	in the distance.	False	n/a	n/a
731.263671875	0.2	374407	255	filler_word	25	9	2	delong	expected	an	a	echo	bird	75	2	5.9	3.83	Surrounded by mountains, Lola shouted across the valley and heard	in the distance.	False	n/a	n/a
731.794921875	0.2	374679	255	filler_word	25	9	2	delong	expected	an	a	echo	bird	75	2	5.9	3.83	Surrounded by mountains, Lola shouted across the valley and heard	in the distance.	False	n/a	n/a
732.32421875	0.2	374950	255	filler_word	25	9	2	delong	expected	an	a	echo	bird	75	2	5.9	3.83	Surrounded by mountains, Lola shouted across the valley and heard	in the distance.	False	n/a	n/a
732.85546875	0.2	375222	255	filler_word	25	9	2	delong	expected	an	a	echo	bird	75	2	5.9	3.83	Surrounded by mountains, Lola shouted across the valley and heard	in the distance.	False	n/a	n/a
733.38671875	0.2	375494	255	filler_word	25	9	2	delong	expected	an	a	echo	bird	75	2	5.9	3.83	Surrounded by mountains, Lola shouted across the valley and heard	in the distance.	False	n/a	n/a
733.916015625	0.2	375765	255	filler_word	25	9	2	delong	expected	an	a	echo	bird	75	2	5.9	3.83	Surrounded by mountains, Lola shouted across the valley and heard	in the distance.	False	n/a	n/a
734.447265625	0.2	376037	255	filler_word	25	9	2	delong	expected	an	a	echo	bird	75	2	5.9	3.83	Surrounded by mountains, Lola shouted across the valley and heard	in the distance.	False	n/a	n/a
734.978515625	0.2	376309	255	filler_word	25	9	2	delong	expected	an	a	echo	bird	75	2	5.9	3.83	Surrounded by mountains, Lola shouted across the valley and heard	in the distance.	False	n/a	n/a
735.509765625	0.2	376581	255	filler_word	25	9	2	delong	expected	an	a	echo	bird	75	2	5.9	3.83	Surrounded by mountains, Lola shouted across the valley and heard	in the distance.	False	n/a	n/a
736.0390625	0.2	376852	255	filler_word	25	9	2	delong	expected	an	a	echo	bird	75	2	5.9	3.83	Surrounded by mountains, Lola shouted across the valley and heard	in the distance.	False	n/a	n/a
736.5703125	0.2	377124	255	filler_word	25	9	2	delong	expected	an	a	echo	bird	75	2	5.9	3.83	Surrounded by mountains, Lola shouted across the valley and heard	in the distance.	False	n/a	n/a
737.099609375	0.2	377395	255	filler_word	25	9	2	delong	expected	an	a	echo	bird	75	2	5.9	3.83	Surrounded by mountains, Lola shouted across the valley and heard	in the distance.	False	n/a	n/a
737.630859375	0.2	377667	255	filler_word	25	9	2	delong	expected	an	a	echo	bird	75	2	5.9	3.83	Surrounded by mountains, Lola shouted across the valley and heard	in the distance.	False	n/a	n/a
738.16015625	0.2	377938	203	a_unexpected	25	9	2	delong	expected	an	a	echo	bird	75	2	5.9	3.83	Surrounded by mountains, Lola shouted across the valley and heard	in the distance.	False	n/a	n/a
738.4765625	0.0	378100	115	item_marker	26	15	2	delong	unexpected	an	a	education	book	59	27	6.23	3.17	Her grandfather always stressed how important it was for Sophia to go to school, because he had never had the opportunity to receive	while growing up.	False	n/a	n/a
738.53125	0.0	378128	27	cloze_marker	26	15	2	delong	unexpected	an	a	education	book	59	27	6.23	3.17	Her grandfather always stressed how important it was for Sophia to go to school, because he had never had the opportunity to receive	while growing up.	False	n/a	n/a
738.740234375	0.2	378235	206	noun_unexpected	26	15	2	delong	unexpected	an	a	education	book	59	27	6.23	3.17	Her grandfather always stressed how important it was for Sophia to go to school, because he had never had the opportunity to receive	while growing up.	False	n/a	n/a
739.056640625	0.0	378397	115	item_marker	27	15	2	delong	unexpected	an	a	education	book	59	27	6.23	3.17	Her grandfather always stressed how important it was for Sophia to go to school, because he had never had the opportunity to receive	while growing up.	False	n/a	n/a
739.111328125	0.0	378425	200	cloze_marker	27	15	2	delong	unexpected	an	a	education	book	59	27	6.23	3.17	Her grandfather always stressed how important it was for Sophia to go to school, because he had never had the opportunity to receive	while growing up.	False	n/a	n/a
739.322265625	0.2	378533	255	filler_word	27	15	2	delong	unexpected	an	a	education	book	59	27	6.23	3.17	Her grandfather always stressed how important it was for Sophia to go to school, because he had never had the opportunity to receive	while growing up.	False	n/a	n/a
739.8515625	0.2	378804	255	filler_word	27	15	2	delong	unexpected	an	a	education	book	59	27	6.23	3.17	Her grandfather always stressed how important it was for Sophia to go to school, because he had never had the opportunity to receive	while growing up.	False	n/a	n/a
740.3828125	0.2	379076	208	final_unexpected	27	15	2	delong	unexpected	an	a	education	book	59	27	6.23	3.17	Her grandfather always stressed how important it was for Sophia to go to school, because he had never had the opportunity to receive	while growing up.	False	n/a	n/a
743.71484375	0.2	380782	255	filler_word	27	15	2	delong	unexpected	an	a	education	book	59	27	6.23	3.17	Her grandfather always stressed how important it was for Sophia to go to school, because he had never had the opportunity to receive	while growing up.	False	n/a	n/a
744.24609375	0.2	381054	255	filler_word	27	15	2	delong	unexpected	an	a	education	book	59	27	6.23	3.17	Her grandfather always stressed how important it was for Sophia to go to school, because he had never had the opportunity to receive	while growing up.	False	n/a	n/a
744.775390625	0.2	381325	255	filler_word	27	15	2	delong	unexpected	an	a	education	book	59	27	6.23	3.17	Her grandfather always stressed how important it was for Sophia to go to school, because he had never had the opportunity to receive	while growing up.	False	n/a	n/a
745.306640625	0.2	381597	255	filler_word	27	15	2	delong	unexpected	an	a	education	book	59	27	6.23	3.17	Her grandfather always stressed how important it was for Sophia to go to school, because he had never had the opportunity to receive	while growing up.	False	n/a	n/a
745.837890625	0.2	381869	255	filler_word	27	15	2	delong	unexpected	an	a	education	book	59	27	6.23	3.17	Her grandfather always stressed how important it was for Sophia to go to school, because he had never had the opportunity to receive	while growing up.	False	n/a	n/a
746.3671875	0.2	382140	255	filler_word	27	15	2	delong	unexpected	an	a	education	book	59	27	6.23	3.17	Her grandfather always stressed how important it was for Sophia to go to school, because he had never had the opportunity to receive	while growing up.	False	n/a	n/a
746.8984375	0.2	382412	255	filler_word	27	15	2	delong	unexpected	an	a	education	book	59	27	6.23	3.17	Her grandfather always stressed how important it was for Sophia to go to school, because he had never had the opportunity to receive	while growing up.	False	n/a	n/a
747.4296875	0.2	382684	255	filler_word	27	15	2	delong	unexpected	an	a	education	book	59	27	6.23	3.17	Her grandfather always stressed how important it was for Sophia to go to school, because he had never had the opportunity to receive	while growing up.	False	n/a	n/a
747.958984375	0.2	382955	255	filler_word	27	15	2	delong	unexpected	an	a	education	book	59	27	6.23	3.17	Her grandfather always stressed how important it was for Sophia to go to school, because he had never had the opportunity to receive	while growing up.	False	n/a	n/a
748.490234375	0.2	383227	255	filler_word	27	15	2	delong	unexpected	an	a	education	book	59	27	6.23	3.17	Her grandfather always stressed how important it was for Sophia to go to school, because he had never had the opportunity to receive	while growing up.	False	n/a	n/a
749.01953125	0.2	383498	255	filler_word	27	15	2	delong	unexpected	an	a	education	book	59	27	6.23	3.17	Her grandfather always stressed how important it was for Sophia to go to school, because he had never had the opportunity to receive	while growing up.	False	n/a	n/a
749.55078125	0.2	383770	204	an_unexpected	27	15	2	delong	unexpected	an	a	education	book	59	27	6.23	3.17	Her grandfather always stressed how important it was for Sophia to go to school, because he had never had the opportunity to receive	while growing up.	False	n/a	n/a
749.865234375	0.0	383931	108	item_marker	28	8	2	delong	unexpected	a	an	kite	aeroplane	61	0	6.06	2.93	The day was breezy so the boy went outside to fly	in the park.	True	Was the day breezy?	yes
749.921875	0.0	383960	200	cloze_marker	28	8	2	delong	unexpected	a	an	kite	aeroplane	61	0	6.06	2.93	The day was breezy so the boy went outside to fly	in the park.	True	Was the day breezy?	yes
750.130859375	0.2	384067	206	noun_unexpected	28	8	2	delong	unexpected	a	an	kite	aeroplane	61	0	6.06	2.93	The day was breezy so the boy went outside to fly	in the park.	True	Was the day breezy?	yes
750.447265625	0.0	384229	108	item_marker	29	8	2	delong	unexpected	a	an	kite	aeroplane	61	0	6.06	2.93	The day was breezy so the boy went outside to fly	in the park.	True	Was the day breezy?	yes
750.501953125	0.0	384257	34	cloze_marker	29	8	2	delong	unexpected	a	an	kite	aeroplane	61	0	6.06	2.93	The day was breezy so the boy went outside to fly	in the park.	True	Was the day breezy?	yes
750.7109375	0.2	384364	255	filler_word	29	8	2	delong	unexpected	a	an	kite	aeroplane	61	0	6.06	2.93	The day was breezy so the boy went outside to fly	in the park.	True	Was the day breezy?	yes
751.2421875	0.2	384636	255	filler_word	29	8	2	delong	unexpected	a	an	kite	aeroplane	61	0	6.06	2.93	The day was breezy so the boy went outside to fly	in the park.	True	Was the day breezy?	yes
751.771484375	0.2	384907	208	final_unexpected	29	8	2	delong	unexpected	a	an	kite	aeroplane	61	0	6.06	2.93	The day was breezy so the boy went outside to fly	in the park.	True	Was the day breezy?	yes
763.328125	0.0	390824	252	unknown_trigger	29	8	2	delong	unexpected	a	an	kite	aeroplane	61	0	6.06	2.93	The day was breezy so the boy went outside to fly	in the park.	True	Was the day breezy?	yes
769.181640625	0.2	393821	255	filler_word	29	8	2	delong	unexpected	a	an	kite	aeroplane	61	0	6.06	2.93	The day was breezy so the boy went outside to fly	in the park.	True	Was the day breezy?	yes
769.7109375	0.2	394092	255	filler_word	29	8	2	delong	unexpected	a	an	kite	aeroplane	61	0	6.06	2.93	The day was breezy so the boy went outside to fly	in the park.	True	Was the day breezy?	yes
770.240234375	0.2	394363	255	filler_word	29	8	2	delong	unexpected	a	an	kite	aeroplane	61	0	6.06	2.93	The day was breezy so the boy went outside to fly	in the park.	True	Was the day breezy?	yes
770.771484375	0.2	394635	255	filler_word	29	8	2	delong	unexpected	a	an	kite	aeroplane	61	0	6.06	2.93	The day was breezy so the boy went outside to fly	in the park.	True	Was the day breezy?	yes
771.302734375	0.2	394907	255	filler_word	29	8	2	delong	unexpected	a	an	kite	aeroplane	61	0	6.06	2.93	The day was breezy so the boy went outside to fly	in the park.	True	Was the day breezy?	yes
771.833984375	0.2	395179	255	filler_word	29	8	2	delong	unexpected	a	an	kite	aeroplane	61	0	6.06	2.93	The day was breezy so the boy went outside to fly	in the park.	True	Was the day breezy?	yes
772.36328125	0.2	395450	255	filler_word	29	8	2	delong	unexpected	a	an	kite	aeroplane	61	0	6.06	2.93	The day was breezy so the boy went outside to fly	in the park.	True	Was the day breezy?	yes
772.89453125	0.2	395722	255	filler_word	29	8	2	delong	unexpected	a	an	kite	aeroplane	61	0	6.06	2.93	The day was breezy so the boy went outside to fly	in the park.	True	Was the day breezy?	yes
773.423828125	0.2	395993	255	filler_word	29	8	2	delong	unexpected	a	an	kite	aeroplane	61	0	6.06	2.93	The day was breezy so the boy went outside to fly	in the park.	True	Was the day breezy?	yes
773.955078125	0.2	396265	255	filler_word	29	8	2	delong	unexpected	a	an	kite	aeroplane	61	0	6.06	2.93	The day was breezy so the boy went outside to fly	in the park.	True	Was the day breezy?	yes
774.484375	0.2	396536	255	filler_word	29	8	2	delong	unexpected	a	an	kite	aeroplane	61	0	6.06	2.93	The day was breezy so the boy went outside to fly	in the park.	True	Was the day breezy?	yes
775.015625	0.2	396808	255	filler_word	29	8	2	delong	unexpected	a	an	kite	aeroplane	61	0	6.06	2.93	The day was breezy so the boy went outside to fly	in the park.	True	Was the day breezy?	yes
775.546875	0.2	397080	255	filler_word	29	8	2	delong	unexpected	a	an	kite	aeroplane	61	0	6.06	2.93	The day was breezy so the boy went outside to fly	in the park.	True	Was the day breezy?	yes
776.076171875	0.2	397351	255	filler_word	29	8	2	delong	unexpected	a	an	kite	aeroplane	61	0	6.06	2.93	The day was breezy so the boy went outside to fly	in the park.	True	Was the day breezy?	yes
776.607421875	0.2	397623	255	filler_word	29	8	2	delong	unexpected	a	an	kite	aeroplane	61	0	6.06	2.93	The day was breezy so the boy went outside to fly	in the park.	True	Was the day breezy?	yes
777.138671875	0.2	397895	255	filler_word	29	8	2	delong	unexpected	a	an	kite	aeroplane	61	0	6.06	2.93	The day was breezy so the boy went outside to fly	in the park.	True	Was the day breezy?	yes
777.669921875	0.2	398167	255	filler_word	29	8	2	delong	unexpected	a	an	kite	aeroplane	61	0	6.06	2.93	The day was breezy so the boy went outside to fly	in the park.	True	Was the day breezy?	yes
778.19921875	0.2	398438	255	filler_word	29	8	2	delong	unexpected	a	an	kite	aeroplane	61	0	6.06	2.93	The day was breezy so the boy went outside to fly	in the park.	True	Was the day breezy?	yes
778.73046875	0.2	398710	255	filler_word	29	8	2	delong	unexpected	a	an	kite	aeroplane	61	0	6.06	2.93	The day was breezy so the boy went outside to fly	in the park.	True	Was the day breezy?	yes
779.259765625	0.2	398981	255	filler_word	29	8	2	delong	unexpected	a	an	kite	aeroplane	61	0	6.06	2.93	The day was breezy so the boy went outside to fly	in the park.	True	Was the day breezy?	yes
779.791015625	0.2	399253	203	a_unexpected	29	8	2	delong	unexpected	a	an	kite	aeroplane	61	0	6.06	2.93	The day was breezy so the boy went outside to fly	in the park.	True	Was the day breezy?	yes
780.10546875	0.0	399414	107	item_marker	30	7	2	delong	unexpected	an	a	aeroplane	kite	77	18	5.74	2.87	Although the idea of flight was as old as the hills, the Wright Brothers were the first people to build	that actually flew.	False	n/a	n/a
780.16015625	0.0	399442	18	cloze_marker	30	7	2	delong	unexpected	an	a	aeroplane	kite	77	18	5.74	2.87	Although the idea of flight was as old as the hills, the Wright Brothers were the first people to build	that actually flew.	False	n/a	n/a
780.37109375	0.2	399550	206	noun_unexpected	30	7	2	delong	unexpected	an	a	aeroplane	kite	77	18	5.74	2.87	Although the idea of flight was as old as the hills, the Wright Brothers were the first people to build	that actually flew.	False	n/a	n/a
780.685546875	0.0	399711	107	item_marker	31	7	2	delong	unexpected	an	a	aeroplane	kite	77	18	5.74	2.87	Although the idea of flight was as old as the hills, the Wright Brothers were the first people to build	that actually flew.	False	n/a	n/a
780.740234375	0.0	399739	200	cloze_marker	31	7	2	delong	unexpected	an	a	aeroplane	kite	77	18	5.74	2.87	Although the idea of flight was as old as the hills, the Wright Brothers were the first people to build	that actually flew.	False	n/a	n/a
780.951171875	0.2	399847	255	filler_word	31	7	2	delong	unexpected	an	a	aeroplane	kite	77	18	5.74	2.87	Although the idea of flight was as old as the hills, the Wright Brothers were the first people to build	that actually flew.	False	n/a	n/a
781.482421875	0.2	400119	255	filler_word	31	7	2	delong	unexpected	an	a	aeroplane	kite	77	18	5.74	2.87	Although the idea of flight was as old as the hills, the Wright Brothers were the first people to build	that actually flew.	False	n/a	n/a
782.01171875	0.2	400390	208	final_unexpected	31	7	2	delong	unexpected	an	a	aeroplane	kite	77	18	5.74	2.87	Although the idea of flight was as old as the hills, the Wright Brothers were the first people to build	that actually flew.	False	n/a	n/a
786.322265625	0.2	402597	255	filler_word	31	7	2	delong	unexpected	an	a	aeroplane	kite	77	18	5.74	2.87	Although the idea of flight was as old as the hills, the Wright Brothers were the first people to build	that actually flew.	False	n/a	n/a
786.853515625	0.2	402869	255	filler_word	31	7	2	delong	unexpected	an	a	aeroplane	kite	77	18	5.74	2.87	Although the idea of flight was as old as the hills, the Wright Brothers were the first people to build	that actually flew.	False	n/a	n/a
787.384765625	0.2	403141	255	filler_word	31	7	2	delong	unexpected	an	a	aeroplane	kite	77	18	5.74	2.87	Although the idea of flight was as old as the hills, the Wright Brothers were the first people to build	that actually flew.	False	n/a	n/a
787.9140625	0.2	403412	255	filler_word	31	7	2	delong	unexpected	an	a	aeroplane	kite	77	18	5.74	2.87	Although the idea of flight was as old as the hills, the Wright Brothers were the first people to build	that actually flew.	False	n/a	n/a
788.4453125	0.2	403684	255	filler_word	31	7	2	delong	unexpected	an	a	aeroplane	kite	77	18	5.74	2.87	Although the idea of flight was as old as the hills, the Wright Brothers were the first people to build	that actually flew.	False	n/a	n/a
788.974609375	0.2	403955	255	filler_word	31	7	2	delong	unexpected	an	a	aeroplane	kite	77	18	5.74	2.87	Although the idea of flight was as old as the hills, the Wright Brothers were the first people to build	that actually flew.	False	n/a	n/a
789.505859375	0.2	404227	255	filler_word	31	7	2	delong	unexpected	an	a	aeroplane	kite	77	18	5.74	2.87	Although the idea of flight was as old as the hills, the Wright Brothers were the first people to build	that actually flew.	False	n/a	n/a
790.03515625	0.2	404498	255	filler_word	31	7	2	delong	unexpected	an	a	aeroplane	kite	77	18	5.74	2.87	Although the idea of flight was as old as the hills, the Wright Brothers were the first people to build	that actually flew.	False	n/a	n/a
790.56640625	0.2	404770	255	filler_word	31	7	2	delong	unexpected	an	a	aeroplane	kite	77	18	5.74	2.87	Although the idea of flight was as old as the hills, the Wright Brothers were the first people to build	that actually flew.	False	n/a	n/a
791.09765625	0.2	405042	255	filler_word	31	7	2	delong	unexpected	an	a	aeroplane	kite	77	18	5.74	2.87	Although the idea of flight was as old as the hills, the Wright Brothers were the first people to build	that actually flew.	False	n/a	n/a
791.62890625	0.2	405314	255	filler_word	31	7	2	delong	unexpected	an	a	aeroplane	kite	77	18	5.74	2.87	Although the idea of flight was as old as the hills, the Wright Brothers were the first people to build	that actually flew.	False	n/a	n/a
792.158203125	0.2	405585	255	filler_word	31	7	2	delong	unexpected	an	a	aeroplane	kite	77	18	5.74	2.87	Although the idea of flight was as old as the hills, the Wright Brothers were the first people to build	that actually flew.	False	n/a	n/a
792.689453125	0.2	405857	255	filler_word	31	7	2	delong	unexpected	an	a	aeroplane	kite	77	18	5.74	2.87	Although the idea of flight was as old as the hills, the Wright Brothers were the first people to build	that actually flew.	False	n/a	n/a
793.21875	0.2	406128	255	filler_word	31	7	2	delong	unexpected	an	a	aeroplane	kite	77	18	5.74	2.87	Although the idea of flight was as old as the hills, the Wright Brothers were the first people to build	that actually flew.	False	n/a	n/a
793.75	0.2	406400	255	filler_word	31	7	2	delong	unexpected	an	a	aeroplane	kite	77	18	5.74	2.87	Although the idea of flight was as old as the hills, the Wright Brothers were the first people to build	that actually flew.	False	n/a	n/a
794.28125	0.2	406672	255	filler_word	31	7	2	delong	unexpected	an	a	aeroplane	kite	77	18	5.74	2.87	Although the idea of flight was as old as the hills, the Wright Brothers were the first people to build	that actually flew.	False	n/a	n/a
794.810546875	0.2	406943	255	filler_word	31	7	2	delong	unexpected	an	a	aeroplane	kite	77	18	5.74	2.87	Although the idea of flight was as old as the hills, the Wright Brothers were the first people to build	that actually flew.	False	n/a	n/a
795.341796875	0.2	407215	255	filler_word	31	7	2	delong	unexpected	an	a	aeroplane	kite	77	18	5.74	2.87	Although the idea of flight was as old as the hills, the Wright Brothers were the first people to build	that actually flew.	False	n/a	n/a
795.873046875	0.2	407487	255	filler_word	31	7	2	delong	unexpected	an	a	aeroplane	kite	77	18	5.74	2.87	Although the idea of flight was as old as the hills, the Wright Brothers were the first people to build	that actually flew.	False	n/a	n/a
796.40234375	0.2	407758	203	a_unexpected	31	7	2	delong	unexpected	an	a	aeroplane	kite	77	18	5.74	2.87	Although the idea of flight was as old as the hills, the Wright Brothers were the first people to build	that actually flew.	False	n/a	n/a
796.71875	0.0	407920	119	item_marker	32	19	2	delong	unexpected	an	a	affair	fight	98	2	6.52	2.07	When her husband started staying late at the office every night, Joanne began to suspect that he was having	with someone at work.	False	n/a	n/a
796.7734375	0.0	407948	2	cloze_marker	32	19	2	delong	unexpected	an	a	affair	fight	98	2	6.52	2.07	When her husband started staying late at the office every night, Joanne began to suspect that he was having	with someone at work.	False	n/a	n/a
796.982421875	0.2	408055	206	noun_unexpected	32	19	2	delong	unexpected	an	a	affair	fight	98	2	6.52	2.07	When her husband started staying late at the office every night, Joanne began to suspect that he was having	with someone at work.	False	n/a	n/a
797.298828125	0.0	408217	119	item_marker	33	19	2	delong	unexpected	an	a	affair	fight	98	2	6.52	2.07	When her husband started staying late at the office every night, Joanne began to suspect that he was having	with someone at work.	False	n/a	n/a
797.353515625	0.0	408245	200	cloze_marker	33	19	2	delong	unexpected	an	a	affair	fight	98	2	6.52	2.07	When her husband started staying late at the office every night, Joanne began to suspect that he was having	with someone at work.	False	n/a	n/a
797.5625	0.2	408352	255	filler_word	33	19	2	delong	unexpected	an	a	affair	fight	98	2	6.52	2.07	When her husband started staying late at the office every night, Joanne began to suspect that he was having	with someone at work.	False	n/a	n/a
798.09375	0.2	408624	255	filler_word	33	19	2	delong	unexpected	an	a	affair	fight	98	2	6.52	2.07	When her husband started staying late at the office every night, Joanne began to suspect that he was having	with someone at work.	False	n/a	n/a
798.625	0.2	408896	255	filler_word	33	19	2	delong	unexpected	an	a	affair	fight	98	2	6.52	2.07	When her husband started staying late at the office every night, Joanne began to suspect that he was having	with someone at work.	False	n/a	n/a
799.154296875	0.2	409167	208	final_unexpected	33	19	2	delong	unexpected	an	a	affair	fight	98	2	6.52	2.07	When her husband started staying late at the office every night, Joanne began to suspect that he was having	with someone at work.	False	n/a	n/a
802.5546875	0.2	410908	255	filler_word	33	19	2	delong	unexpected	an	a	affair	fight	98	2	6.52	2.07	When her husband started staying late at the office every night, Joanne began to suspect that he was having	with someone at work.	False	n/a	n/a
803.083984375	0.2	411179	255	filler_word	33	19	2	delong	unexpected	an	a	affair	fight	98	2	6.52	2.07	When her husband started staying late at the office every night, Joanne began to suspect that he was having	with someone at work.	False	n/a	n/a
803.61328125	0.2	411450	255	filler_word	33	19	2	delong	unexpected	an	a	affair	fight	98	2	6.52	2.07	When her husband started staying late at the office every night, Joanne began to suspect that he was having	with someone at work.	False	n/a	n/a
804.14453125	0.2	411722	255	filler_word	33	19	2	delong	unexpected	an	a	affair	fight	98	2	6.52	2.07	When her husband started staying late at the office every night, Joanne began to suspect that he was having	with someone at work.	False	n/a	n/a
804.67578125	0.2	411994	255	filler_word	33	19	2	delong	unexpected	an	a	affair	fight	98	2	6.52	2.07	When her husband started staying late at the office every night, Joanne began to suspect that he was having	with someone at work.	False	n/a	n/a
805.20703125	0.2	412266	255	filler_word	33	19	2	delong	unexpected	an	a	affair	fight	98	2	6.52	2.07	When her husband started staying late at the office every night, Joanne began to suspect that he was having	with someone at work.	False	n/a	n/a
805.736328125	0.2	412537	255	filler_word	33	19	2	delong	unexpected	an	a	affair	fight	98	2	6.52	2.07	When her husband started staying late at the office every night, Joanne began to suspect that he was having	with someone at work.	False	n/a	n/a
806.267578125	0.2	412809	255	filler_word	33	19	2	delong	unexpected	an	a	affair	fight	98	2	6.52	2.07	When her husband started staying late at the office every night, Joanne began to suspect that he was having	with someone at work.	False	n/a	n/a
806.798828125	0.2	413081	255	filler_word	33	19	2	delong	unexpected	an	a	affair	fight	98	2	6.52	2.07	When her husband started staying late at the office every night, Joanne began to suspect that he was having	with someone at work.	False	n/a	n/a
807.328125	0.2	413352	255	filler_word	33	19	2	delong	unexpected	an	a	affair	fight	98	2	6.52	2.07	When her husband started staying late at the office every night, Joanne began to suspect that he was having	with someone at work.	False	n/a	n/a
807.859375	0.2	413624	255	filler_word	33	19	2	delong	unexpected	an	a	affair	fight	98	2	6.52	2.07	When her husband started staying late at the office every night, Joanne began to suspect that he was having	with someone at work.	False	n/a	n/a
808.388671875	0.2	413895	255	filler_word	33	19	2	delong	unexpected	an	a	affair	fight	98	2	6.52	2.07	When her husband started staying late at the office every night, Joanne began to suspect that he was having	with someone at work.	False	n/a	n/a
808.919921875	0.2	414167	255	filler_word	33	19	2	delong	unexpected	an	a	affair	fight	98	2	6.52	2.07	When her husband started staying late at the office every night, Joanne began to suspect that he was having	with someone at work.	False	n/a	n/a
809.451171875	0.2	414439	255	filler_word	33	19	2	delong	unexpected	an	a	affair	fight	98	2	6.52	2.07	When her husband started staying late at the office every night, Joanne began to suspect that he was having	with someone at work.	False	n/a	n/a
809.98046875	0.2	414710	255	filler_word	33	19	2	delong	unexpected	an	a	affair	fight	98	2	6.52	2.07	When her husband started staying late at the office every night, Joanne began to suspect that he was having	with someone at work.	False	n/a	n/a
810.51171875	0.2	414982	255	filler_word	33	19	2	delong	unexpected	an	a	affair	fight	98	2	6.52	2.07	When her husband started staying late at the office every night, Joanne began to suspect that he was having	with someone at work.	False	n/a	n/a
811.04296875	0.2	415254	255	filler_word	33	19	2	delong	unexpected	an	a	affair	fight	98	2	6.52	2.07	When her husband started staying late at the office every night, Joanne began to suspect that he was having	with someone at work.	False	n/a	n/a
811.572265625	0.2	415525	255	filler_word	33	19	2	delong	unexpected	an	a	affair	fight	98	2	6.52	2.07	When her husband started staying late at the office every night, Joanne began to suspect that he was having	with someone at work.	False	n/a	n/a
812.103515625	0.2	415797	202	an_expected	33	19	2	delong	unexpected	an	a	affair	fight	98	2	6.52	2.07	When her husband started staying late at the office every night, Joanne began to suspect that he was having	with someone at work.	False	n/a	n/a
812.41796875	0.0	415958	105	item_marker	34	5	2	delong	expected	an	a	apology	cheque	89	0	6.23	3.77	Dale was very sorry for what he had said to Bernadette and he knew that he owed her	because she was still upset.	True	Was Dale sorry?	yes
812.47265625	0.0	415986	89	cloze_marker	34	5	2	delong	expected	an	a	apology	cheque	89	0	6.23	3.77	Dale was very sorry for what he had said to Bernadette and he knew that he owed her	because she was still upset.	True	Was Dale sorry?	yes
812.68359375	0.2	416094	205	noun_expected	34	5	2	delong	expected	an	a	apology	cheque	89	0	6.23	3.77	Dale was very sorry for what he had said to Bernadette and he knew that he owed her	because she was still upset.	True	Was Dale sorry?	yes
813.0	0.0	416256	105	item_marker	35	5	2	delong	expected	an	a	apology	cheque	89	0	6.23	3.77	Dale was very sorry for what he had said to Bernadette and he knew that he owed her	because she was still upset.	True	Was Dale sorry?	yes
813.0546875	0.0	416284	93	cloze_marker	35	5	2	delong	expected	an	a	apology	cheque	89	0	6.23	3.77	Dale was very sorry for what he had said to Bernadette and he knew that he owed her	because she was still upset.	True	Was Dale sorry?	yes
813.263671875	0.2	416391	255	filler_word	35	5	2	delong	expected	an	a	apology	cheque	89	0	6.23	3.77	Dale was very sorry for what he had said to Bernadette and he knew that he owed her	because she was still upset.	True	Was Dale sorry?	yes
813.794921875	0.2	416663	255	filler_word	35	5	2	delong	expected	an	a	apology	cheque	89	0	6.23	3.77	Dale was very sorry for what he had said to Bernadette and he knew that he owed her	because she was still upset.	True	Was Dale sorry?	yes
814.32421875	0.2	416934	255	filler_word	35	5	2	delong	expected	an	a	apology	cheque	89	0	6.23	3.77	Dale was very sorry for what he had said to Bernadette and he knew that he owed her	because she was still upset.	True	Was Dale sorry?	yes
814.85546875	0.2	417206	255	filler_word	35	5	2	delong	expected	an	a	apology	cheque	89	0	6.23	3.77	Dale was very sorry for what he had said to Bernadette and he knew that he owed her	because she was still upset.	True	Was Dale sorry?	yes
815.384765625	0.2	417477	207	final_expected	35	5	2	delong	expected	an	a	apology	cheque	89	0	6.23	3.77	Dale was very sorry for what he had said to Bernadette and he knew that he owed her	because she was still upset.	True	Was Dale sorry?	yes
828.451171875	0.0	424167	251	question	35	5	2	delong	expected	an	a	apology	cheque	89	0	6.23	3.77	Dale was very sorry for what he had said to Bernadette and he knew that he owed her	because she was still upset.	True	Was Dale sorry?	yes
830.556640625	0.2	425245	255	filler_word	35	5	2	delong	expected	an	a	apology	cheque	89	0	6.23	3.77	Dale was very sorry for what he had said to Bernadette and he knew that he owed her	because she was still upset.	True	Was Dale sorry?	yes
831.0859375	0.2	425516	255	filler_word	35	5	2	delong	expected	an	a	apology	cheque	89	0	6.23	3.77	Dale was very sorry for what he had said to Bernadette and he knew that he owed her	because she was still upset.	True	Was Dale sorry?	yes
831.6171875	0.2	425788	255	filler_word	35	5	2	delong	expected	an	a	apology	cheque	89	0	6.23	3.77	Dale was very sorry for what he had said to Bernadette and he knew that he owed her	because she was still upset.	True	Was Dale sorry?	yes
832.146484375	0.2	426059	255	filler_word	35	5	2	delong	expected	an	a	apology	cheque	89	0	6.23	3.77	Dale was very sorry for what he had said to Bernadette and he knew that he owed her	because she was still upset.	True	Was Dale sorry?	yes
832.677734375	0.2	426331	255	filler_word	35	5	2	delong	expected	an	a	apology	cheque	89	0	6.23	3.77	Dale was very sorry for what he had said to Bernadette and he knew that he owed her	because she was still upset.	True	Was Dale sorry?	yes
833.208984375	0.2	426603	255	filler_word	35	5	2	delong	expected	an	a	apology	cheque	89	0	6.23	3.77	Dale was very sorry for what he had said to Bernadette and he knew that he owed her	because she was still upset.	True	Was Dale sorry?	yes
833.73828125	0.2	426874	255	filler_word	35	5	2	delong	expected	an	a	apology	cheque	89	0	6.23	3.77	Dale was very sorry for what he had said to Bernadette and he knew that he owed her	because she was still upset.	True	Was Dale sorry?	yes
834.26953125	0.2	427146	255	filler_word	35	5	2	delong	expected	an	a	apology	cheque	89	0	6.23	3.77	Dale was very sorry for what he had said to Bernadette and he knew that he owed her	because she was still upset.	True	Was Dale sorry?	yes
834.798828125	0.2	427417	255	filler_word	35	5	2	delong	expected	an	a	apology	cheque	89	0	6.23	3.77	Dale was very sorry for what he had said to Bernadette and he knew that he owed her	because she was still upset.	True	Was Dale sorry?	yes
835.330078125	0.2	427689	255	filler_word	35	5	2	delong	expected	an	a	apology	cheque	89	0	6.23	3.77	Dale was very sorry for what he had said to Bernadette and he knew that he owed her	because she was still upset.	True	Was Dale sorry?	yes
835.859375	0.2	427960	255	filler_word	35	5	2	delong	expected	an	a	apology	cheque	89	0	6.23	3.77	Dale was very sorry for what he had said to Bernadette and he knew that he owed her	because she was still upset.	True	Was Dale sorry?	yes
836.390625	0.2	428232	255	filler_word	35	5	2	delong	expected	an	a	apology	cheque	89	0	6.23	3.77	Dale was very sorry for what he had said to Bernadette and he knew that he owed her	because she was still upset.	True	Was Dale sorry?	yes
836.921875	0.2	428504	255	filler_word	35	5	2	delong	expected	an	a	apology	cheque	89	0	6.23	3.77	Dale was very sorry for what he had said to Bernadette and he knew that he owed her	because she was still upset.	True	Was Dale sorry?	yes
837.453125	0.2	428776	255	filler_word	35	5	2	delong	expected	an	a	apology	cheque	89	0	6.23	3.77	Dale was very sorry for what he had said to Bernadette and he knew that he owed her	because she was still upset.	True	Was Dale sorry?	yes
837.982421875	0.2	429047	255	filler_word	35	5	2	delong	expected	an	a	apology	cheque	89	0	6.23	3.77	Dale was very sorry for what he had said to Bernadette and he knew that he owed her	because she was still upset.	True	Was Dale sorry?	yes
838.513671875	0.2	429319	255	filler_word	35	5	2	delong	expected	an	a	apology	cheque	89	0	6.23	3.77	Dale was very sorry for what he had said to Bernadette and he knew that he owed her	because she was still upset.	True	Was Dale sorry?	yes
839.04296875	0.2	429590	255	filler_word	35	5	2	delong	expected	an	a	apology	cheque	89	0	6.23	3.77	Dale was very sorry for what he had said to Bernadette and he knew that he owed her	because she was still upset.	True	Was Dale sorry?	yes
839.57421875	0.2	429862	201	a_expected	35	5	2	delong	expected	an	a	apology	cheque	89	0	6.23	3.77	Dale was very sorry for what he had said to Bernadette and he knew that he owed her	because she was still upset.	True	Was Dale sorry?	yes
839.888671875	0.0	430023	102	item_marker	36	2	2	delong	expected	a	an	carrot	apple	98	0	6.35	2.83	For the snowman's eyes the children used two pieces of coal, and for its nose they used	from the fridge.	True	Did they build a snowman?	yes
839.943359375	0.0	430051	98	cloze_marker	36	2	2	delong	expected	a	an	carrot	apple	98	0	6.35	2.83	For the snowman's eyes the children used two pieces of coal, and for its nose they used	from the fridge.	True	Did they build a snowman?	yes
840.154296875	0.2	430159	205	noun_expected	36	2	2	delong	expected	a	an	carrot	apple	98	0	6.35	2.83	For the snowman's eyes the children used two pieces of coal, and for its nose they used	from the fridge.	True	Did they build a snowman?	yes
840.470703125	0.0	430321	102	item_marker	37	2	2	delong	expected	a	an	carrot	apple	98	0	6.35	2.83	For the snowman's eyes the children used two pieces of coal, and for its nose they used	from the fridge.	True	Did they build a snowman?	yes
840.525390625	0.0	430349	100	cloze_marker	37	2	2	delong	expected	a	an	carrot	apple	98	0	6.35	2.83	For the snowman's eyes the children used two pieces of coal, and for its nose they used	from the fridge.	True	Did they build a snowman?	yes
840.734375	0.2	430456	255	filler_word	37	2	2	delong	expected	a	an	carrot	apple	98	0	6.35	2.83	For the snowman's eyes the children used two pieces of coal, and for its nose they used	from the fridge.	True	Did they build a snowman?	yes
841.265625	0.2	430728	255	filler_word	37	2	2	delong	expected	a	an	carrot	apple	98	0	6.35	2.83	For the snowman's eyes the children used two pieces of coal, and for its nose they used	from the fridge.	True	Did they build a snowman?	yes
841.794921875	0.2	430999	207	final_expected	37	2	2	delong	expected	a	an	carrot	apple	98	0	6.35	2.83	For the snowman's eyes the children used two pieces of coal, and for its nose they used	from the fridge.	True	Did they build a snowman?	yes
857.529296875	0.0	439055	251	question	37	2	2	delong	expected	a	an	carrot	apple	98	0	6.35	2.83	For the snowman's eyes the children used two pieces of coal, and for its nose they used	from the fridge.	True	Did they build a snowman?	yes
861.576171875	0.2	441127	255	filler_word	37	2	2	delong	expected	a	an	carrot	apple	98	0	6.35	2.83	For the snowman's eyes the children used two pieces of coal, and for its nose they used	from the fridge.	True	Did they build a snowman?	yes
862.10546875	0.2	441398	255	filler_word	37	2	2	delong	expected	a	an	carrot	apple	98	0	6.35	2.83	For the snowman's eyes the children used two pieces of coal, and for its nose they used	from the fridge.	True	Did they build a snowman?	yes
862.634765625	0.2	441669	255	filler_word	37	2	2	delong	expected	a	an	carrot	apple	98	0	6.35	2.83	For the snowman's eyes the children used two pieces of coal, and for its nose they used	from the fridge.	True	Did they build a snowman?	yes
863.166015625	0.2	441941	255	filler_word	37	2	2	delong	expected	a	an	carrot	apple	98	0	6.35	2.83	For the snowman's eyes the children used two pieces of coal, and for its nose they used	from the fridge.	True	Did they build a snowman?	yes
863.697265625	0.2	442213	255	filler_word	37	2	2	delong	expected	a	an	carrot	apple	98	0	6.35	2.83	For the snowman's eyes the children used two pieces of coal, and for its nose they used	from the fridge.	True	Did they build a snowman?	yes
864.2265625	0.2	442484	255	filler_word	37	2	2	delong	expected	a	an	carrot	apple	98	0	6.35	2.83	For the snowman's eyes the children used two pieces of coal, and for its nose they used	from the fridge.	True	Did they build a snowman?	yes
864.7578125	0.2	442756	255	filler_word	37	2	2	delong	expected	a	an	carrot	apple	98	0	6.35	2.83	For the snowman's eyes the children used two pieces of coal, and for its nose they used	from the fridge.	True	Did they build a snowman?	yes
865.2890625	0.2	443028	255	filler_word	37	2	2	delong	expected	a	an	carrot	apple	98	0	6.35	2.83	For the snowman's eyes the children used two pieces of coal, and for its nose they used	from the fridge.	True	Did they build a snowman?	yes
865.818359375	0.2	443299	255	filler_word	37	2	2	delong	expected	a	an	carrot	apple	98	0	6.35	2.83	For the snowman's eyes the children used two pieces of coal, and for its nose they used	from the fridge.	True	Did they build a snowman?	yes
866.349609375	0.2	443571	255	filler_word	37	2	2	delong	expected	a	an	carrot	apple	98	0	6.35	2.83	For the snowman's eyes the children used two pieces of coal, and for its nose they used	from the fridge.	True	Did they build a snowman?	yes
866.87890625	0.2	443842	255	filler_word	37	2	2	delong	expected	a	an	carrot	apple	98	0	6.35	2.83	For the snowman's eyes the children used two pieces of coal, and for its nose they used	from the fridge.	True	Did they build a snowman?	yes
867.41015625	0.2	444114	201	a_expected	37	2	2	delong	expected	a	an	carrot	apple	98	0	6.35	2.83	For the snowman's eyes the children used two pieces of coal, and for its nose they used	from the fridge.	True	Did they build a snowman?	yes
867.724609375	0.0	444275	118	item_marker	38	18	2	delong	expected	a	an	parade	election	95	0	5.77	3.52	Without the floats and the marching bands it wasn't much of	this year.	False	n/a	n/a
867.78125	0.0	444304	95	cloze_marker	38	18	2	delong	expected	a	an	parade	election	95	0	5.77	3.52	Without the floats and the marching bands it wasn't much of	this year.	False	n/a	n/a
867.990234375	0.2	444411	205	noun_expected	38	18	2	delong	expected	a	an	parade	election	95	0	5.77	3.52	Without the floats and the marching bands it wasn't much of	this year.	False	n/a	n/a
868.306640625	0.0	444573	118	item_marker	39	18	2	delong	expected	a	an	parade	election	95	0	5.77	3.52	Without the floats and the marching bands it wasn't much of	this year.	False	n/a	n/a
868.361328125	0.0	444601	87	cloze_marker	39	18	2	delong	expected	a	an	parade	election	95	0	5.77	3.52	Without the floats and the marching bands it wasn't much of	this year.	False	n/a	n/a
868.5703125	0.2	444708	255	filler_word	39	18	2	delong	expected	a	an	parade	election	95	0	5.77	3.52	Without the floats and the marching bands it wasn't much of	this year.	False	n/a	n/a
869.1015625	0.2	444980	207	final_expected	39	18	2	delong	expected	a	an	parade	election	95	0	5.77	3.52	Without the floats and the marching bands it wasn't much of	this year.	False	n/a	n/a
895.4453125	0.2	458468	255	filler_word	39	18	2	delong	expected	a	an	parade	election	95	0	5.77	3.52	Without the floats and the marching bands it wasn't much of	this year.	False	n/a	n/a
895.9765625	0.2	458740	255	filler_word	39	18	2	delong	expected	a	an	parade	election	95	0	5.77	3.52	Without the floats and the marching bands it wasn't much of	this year.	False	n/a	n/a
896.505859375	0.2	459011	255	filler_word	39	18	2	delong	expected	a	an	parade	election	95	0	5.77	3.52	Without the floats and the marching bands it wasn't much of	this year.	False	n/a	n/a
897.037109375	0.2	459283	255	filler_word	39	18	2	delong	expected	a	an	parade	election	95	0	5.77	3.52	Without the floats and the marching bands it wasn't much of	this year.	False	n/a	n/a
897.568359375	0.2	459555	255	filler_word	39	18	2	delong	expected	a	an	parade	election	95	0	5.77	3.52	Without the floats and the marching bands it wasn't much of	this year.	False	n/a	n/a
898.09765625	0.2	459826	255	filler_word	39	18	2	delong	expected	a	an	parade	election	95	0	5.77	3.52	Without the floats and the marching bands it wasn't much of	this year.	False	n/a	n/a
898.62890625	0.2	460098	255	filler_word	39	18	2	delong	expected	a	an	parade	election	95	0	5.77	3.52	Without the floats and the marching bands it wasn't much of	this year.	False	n/a	n/a
899.158203125	0.2	460369	255	filler_word	39	18	2	delong	expected	a	an	parade	election	95	0	5.77	3.52	Without the floats and the marching bands it wasn't much of	this year.	False	n/a	n/a
899.689453125	0.2	460641	255	filler_word	39	18	2	delong	expected	a	an	parade	election	95	0	5.77	3.52	Without the floats and the marching bands it wasn't much of	this year.	False	n/a	n/a
900.21875	0.2	460912	255	filler_word	39	18	2	delong	expected	a	an	parade	election	95	0	5.77	3.52	Without the floats and the marching bands it wasn't much of	this year.	False	n/a	n/a
900.75	0.2	461184	255	filler_word	39	18	2	delong	expected	a	an	parade	election	95	0	5.77	3.52	Without the floats and the marching bands it wasn't much of	this year.	False	n/a	n/a
901.28125	0.2	461456	255	filler_word	39	18	2	delong	expected	a	an	parade	election	95	0	5.77	3.52	Without the floats and the marching bands it wasn't much of	this year.	False	n/a	n/a
901.8125	0.2	461728	203	a_unexpected	39	18	2	delong	expected	a	an	parade	election	95	0	5.77	3.52	Without the floats and the marching bands it wasn't much of	this year.	False	n/a	n/a
902.126953125	0.0	461889	139	item_marker	40	39	2	delong	unexpected	an	a	infection	tattoo	93	2	6.52	1.8	Because Bart did not clean his wound properly he ended up getting	on his leg.	False	n/a	n/a
902.181640625	0.0	461917	2	cloze_marker	40	39	2	delong	unexpected	an	a	infection	tattoo	93	2	6.52	1.8	Because Bart did not clean his wound properly he ended up getting	on his leg.	False	n/a	n/a
902.392578125	0.2	462025	206	noun_unexpected	40	39	2	delong	unexpected	an	a	infection	tattoo	93	2	6.52	1.8	Because Bart did not clean his wound properly he ended up getting	on his leg.	False	n/a	n/a
902.70703125	0.0	462186	139	item_marker	41	39	2	delong	unexpected	an	a	infection	tattoo	93	2	6.52	1.8	Because Bart did not clean his wound properly he ended up getting	on his leg.	False	n/a	n/a
902.763671875	0.0	462215	200	cloze_marker	41	39	2	delong	unexpected	an	a	infection	tattoo	93	2	6.52	1.8	Because Bart did not clean his wound properly he ended up getting	on his leg.	False	n/a	n/a
902.970703125	0.2	462321	255	filler_word	41	39	2	delong	unexpected	an	a	infection	tattoo	93	2	6.52	1.8	Because Bart did not clean his wound properly he ended up getting	on his leg.	False	n/a	n/a
903.501953125	0.2	462593	255	filler_word	41	39	2	delong	unexpected	an	a	infection	tattoo	93	2	6.52	1.8	Because Bart did not clean his wound properly he ended up getting	on his leg.	False	n/a	n/a
904.033203125	0.2	462865	208	final_unexpected	41	39	2	delong	unexpected	an	a	infection	tattoo	93	2	6.52	1.8	Because Bart did not clean his wound properly he ended up getting	on his leg.	False	n/a	n/a
909.935546875	0.2	465887	255	filler_word	41	39	2	delong	unexpected	an	a	infection	tattoo	93	2	6.52	1.8	Because Bart did not clean his wound properly he ended up getting	on his leg.	False	n/a	n/a
910.46484375	0.2	466158	255	filler_word	41	39	2	delong	unexpected	an	a	infection	tattoo	93	2	6.52	1.8	Because Bart did not clean his wound properly he ended up getting	on his leg.	False	n/a	n/a
910.99609375	0.2	466430	255	filler_word	41	39	2	delong	unexpected	an	a	infection	tattoo	93	2	6.52	1.8	Because Bart did not clean his wound properly he ended up getting	on his leg.	False	n/a	n/a
911.52734375	0.2	466702	255	filler_word	41	39	2	delong	unexpected	an	a	infection	tattoo	93	2	6.52	1.8	Because Bart did not clean his wound properly he ended up getting	on his leg.	False	n/a	n/a
912.05859375	0.2	466974	255	filler_word	41	39	2	delong	unexpected	an	a	infection	tattoo	93	2	6.52	1.8	Because Bart did not clean his wound properly he ended up getting	on his leg.	False	n/a	n/a
912.587890625	0.2	467245	255	filler_word	41	39	2	delong	unexpected	an	a	infection	tattoo	93	2	6.52	1.8	Because Bart did not clean his wound properly he ended up getting	on his leg.	False	n/a	n/a
913.119140625	0.2	467517	255	filler_word	41	39	2	delong	unexpected	an	a	infection	tattoo	93	2	6.52	1.8	Because Bart did not clean his wound properly he ended up getting	on his leg.	False	n/a	n/a
913.6484375	0.2	467788	255	filler_word	41	39	2	delong	unexpected	an	a	infection	tattoo	93	2	6.52	1.8	Because Bart did not clean his wound properly he ended up getting	on his leg.	False	n/a	n/a
914.1796875	0.2	468060	255	filler_word	41	39	2	delong	unexpected	an	a	infection	tattoo	93	2	6.52	1.8	Because Bart did not clean his wound properly he ended up getting	on his leg.	False	n/a	n/a
914.708984375	0.2	468331	255	filler_word	41	39	2	delong	unexpected	an	a	infection	tattoo	93	2	6.52	1.8	Because Bart did not clean his wound properly he ended up getting	on his leg.	False	n/a	n/a
915.240234375	0.2	468603	255	filler_word	41	39	2	delong	unexpected	an	a	infection	tattoo	93	2	6.52	1.8	Because Bart did not clean his wound properly he ended up getting	on his leg.	False	n/a	n/a
915.771484375	0.2	468875	255	filler_word	41	39	2	delong	unexpected	an	a	infection	tattoo	93	2	6.52	1.8	Because Bart did not clean his wound properly he ended up getting	on his leg.	False	n/a	n/a
916.30078125	0.2	469146	255	filler_word	41	39	2	delong	unexpected	an	a	infection	tattoo	93	2	6.52	1.8	Because Bart did not clean his wound properly he ended up getting	on his leg.	False	n/a	n/a
916.83203125	0.2	469418	255	filler_word	41	39	2	delong	unexpected	an	a	infection	tattoo	93	2	6.52	1.8	Because Bart did not clean his wound properly he ended up getting	on his leg.	False	n/a	n/a
917.36328125	0.2	469690	255	filler_word	41	39	2	delong	unexpected	an	a	infection	tattoo	93	2	6.52	1.8	Because Bart did not clean his wound properly he ended up getting	on his leg.	False	n/a	n/a
917.892578125	0.2	469961	255	filler_word	41	39	2	delong	unexpected	an	a	infection	tattoo	93	2	6.52	1.8	Because Bart did not clean his wound properly he ended up getting	on his leg.	False	n/a	n/a
918.423828125	0.2	470233	255	filler_word	41	39	2	delong	unexpected	an	a	infection	tattoo	93	2	6.52	1.8	Because Bart did not clean his wound properly he ended up getting	on his leg.	False	n/a	n/a
918.953125	0.2	470504	255	filler_word	41	39	2	delong	unexpected	an	a	infection	tattoo	93	2	6.52	1.8	Because Bart did not clean his wound properly he ended up getting	on his leg.	False	n/a	n/a
919.484375	0.2	470776	255	filler_word	41	39	2	delong	unexpected	an	a	infection	tattoo	93	2	6.52	1.8	Because Bart did not clean his wound properly he ended up getting	on his leg.	False	n/a	n/a
920.015625	0.2	471048	255	filler_word	41	39	2	delong	unexpected	an	a	infection	tattoo	93	2	6.52	1.8	Because Bart did not clean his wound properly he ended up getting	on his leg.	False	n/a	n/a
920.544921875	0.2	471319	255	filler_word	41	39	2	delong	unexpected	an	a	infection	tattoo	93	2	6.52	1.8	Because Bart did not clean his wound properly he ended up getting	on his leg.	False	n/a	n/a
921.076171875	0.2	471591	255	filler_word	41	39	2	delong	unexpected	an	a	infection	tattoo	93	2	6.52	1.8	Because Bart did not clean his wound properly he ended up getting	on his leg.	False	n/a	n/a
921.607421875	0.2	471863	255	filler_word	41	39	2	delong	unexpected	an	a	infection	tattoo	93	2	6.52	1.8	Because Bart did not clean his wound properly he ended up getting	on his leg.	False	n/a	n/a
922.138671875	0.2	472135	204	an_unexpected	41	39	2	delong	unexpected	an	a	infection	tattoo	93	2	6.52	1.8	Because Bart did not clean his wound properly he ended up getting	on his leg.	False	n/a	n/a
922.453125	0.0	472296	136	item_marker	42	36	2	delong	unexpected	a	an	newspaper	umbrella	75	2	5.19	3.13	As he walked past the corner drugstore on his way to work Carl skimmed the headlines and decided to go ahead and buy	when he saw what the forecast was.	True	Was Carl going to work?	yes
922.5078125	0.0	472324	2	cloze_marker	42	36	2	delong	unexpected	a	an	newspaper	umbrella	75	2	5.19	3.13	As he walked past the corner drugstore on his way to work Carl skimmed the headlines and decided to go ahead and buy	when he saw what the forecast was.	True	Was Carl going to work?	yes
922.71875	0.2	472432	206	noun_unexpected	42	36	2	delong	unexpected	a	an	newspaper	umbrella	75	2	5.19	3.13	As he walked past the corner drugstore on his way to work Carl skimmed the headlines and decided to go ahead and buy	when he saw what the forecast was.	True	Was Carl going to work?	yes
923.033203125	0.0	472593	136	item_marker	43	36	2	delong	unexpected	a	an	newspaper	umbrella	75	2	5.19	3.13	As he walked past the corner drugstore on his way to work Carl skimmed the headlines and decided to go ahead and buy	when he saw what the forecast was.	True	Was Carl going to work?	yes
923.087890625	0.0	472621	7	cloze_marker	43	36	2	delong	unexpected	a	an	newspaper	umbrella	75	2	5.19	3.13	As he walked past the corner drugstore on his way to work Carl skimmed the headlines and decided to go ahead and buy	when he saw what the forecast was.	True	Was Carl going to work?	yes
923.296875	0.2	472728	255	filler_word	43	36	2	delong	unexpected	a	an	newspaper	umbrella	75	2	5.19	3.13	As he walked past the corner drugstore on his way to work Carl skimmed the headlines and decided to go ahead and buy	when he saw what the forecast was.	True	Was Carl going to work?	yes
923.828125	0.2	473000	255	filler_word	43	36	2	delong	unexpected	a	an	newspaper	umbrella	75	2	5.19	3.13	As he walked past the corner drugstore on his way to work Carl skimmed the headlines and decided to go ahead and buy	when he saw what the forecast was.	True	Was Carl going to work?	yes
924.359375	0.2	473272	255	filler_word	43	36	2	delong	unexpected	a	an	newspaper	umbrella	75	2	5.19	3.13	As he walked past the corner drugstore on his way to work Carl skimmed the headlines and decided to go ahead and buy	when he saw what the forecast was.	True	Was Carl going to work?	yes
924.890625	0.2	473544	255	filler_word	43	36	2	delong	unexpected	a	an	newspaper	umbrella	75	2	5.19	3.13	As he walked past the corner drugstore on his way to work Carl skimmed the headlines and decided to go ahead and buy	when he saw what the forecast was.	True	Was Carl going to work?	yes
925.419921875	0.2	473815	255	filler_word	43	36	2	delong	unexpected	a	an	newspaper	umbrella	75	2	5.19	3.13	As he walked past the corner drugstore on his way to work Carl skimmed the headlines and decided to go ahead and buy	when he saw what the forecast was.	True	Was Carl going to work?	yes
925.951171875	0.2	474087	255	filler_word	43	36	2	delong	unexpected	a	an	newspaper	umbrella	75	2	5.19	3.13	As he walked past the corner drugstore on his way to work Carl skimmed the headlines and decided to go ahead and buy	when he saw what the forecast was.	True	Was Carl going to work?	yes
926.48046875	0.2	474358	208	final_unexpected	43	36	2	delong	unexpected	a	an	newspaper	umbrella	75	2	5.19	3.13	As he walked past the corner drugstore on his way to work Carl skimmed the headlines and decided to go ahead and buy	when he saw what the forecast was.	True	Was Carl going to work?	yes
930.9921875	0.0	476668	251	question	43	36	2	delong	unexpected	a	an	newspaper	umbrella	75	2	5.19	3.13	As he walked past the corner drugstore on his way to work Carl skimmed the headlines and decided to go ahead and buy	when he saw what the forecast was.	True	Was Carl going to work?	yes
934.96875	0.2	478704	255	filler_word	43	36	2	delong	unexpected	a	an	newspaper	umbrella	75	2	5.19	3.13	As he walked past the corner drugstore on his way to work Carl skimmed the headlines and decided to go ahead and buy	when he saw what the forecast was.	True	Was Carl going to work?	yes
935.5	0.2	478976	255	filler_word	43	36	2	delong	unexpected	a	an	newspaper	umbrella	75	2	5.19	3.13	As he walked past the corner drugstore on his way to work Carl skimmed the headlines and decided to go ahead and buy	when he saw what the forecast was.	True	Was Carl going to work?	yes
936.03125	0.2	479248	255	filler_word	43	36	2	delong	unexpected	a	an	newspaper	umbrella	75	2	5.19	3.13	As he walked past the corner drugstore on his way to work Carl skimmed the headlines and decided to go ahead and buy	when he saw what the forecast was.	True	Was Carl going to work?	yes
936.560546875	0.2	479519	255	filler_word	43	36	2	delong	unexpected	a	an	newspaper	umbrella	75	2	5.19	3.13	As he walked past the corner drugstore on his way to work Carl skimmed the headlines and decided to go ahead and buy	when he saw what the forecast was.	True	Was Carl going to work?	yes
937.091796875	0.2	479791	255	filler_word	43	36	2	delong	unexpected	a	an	newspaper	umbrella	75	2	5.19	3.13	As he walked past the corner drugstore on his way to work Carl skimmed the headlines and decided to go ahead and buy	when he saw what the forecast was.	True	Was Carl going to work?	yes
937.62109375	0.2	480062	255	filler_word	43	36	2	delong	unexpected	a	an	newspaper	umbrella	75	2	5.19	3.13	As he walked past the corner drugstore on his way to work Carl skimmed the headlines and decided to go ahead and buy	when he saw what the forecast was.	True	Was Carl going to work?	yes
938.15234375	0.2	480334	255	filler_word	43	36	2	delong	unexpected	a	an	newspaper	umbrella	75	2	5.19	3.13	As he walked past the corner drugstore on his way to work Carl skimmed the headlines and decided to go ahead and buy	when he saw what the forecast was.	True	Was Carl going to work?	yes
938.68359375	0.2	480606	255	filler_word	43	36	2	delong	unexpected	a	an	newspaper	umbrella	75	2	5.19	3.13	As he walked past the corner drugstore on his way to work Carl skimmed the headlines and decided to go ahead and buy	when he saw what the forecast was.	True	Was Carl going to work?	yes
939.212890625	0.2	480877	255	filler_word	43	36	2	delong	unexpected	a	an	newspaper	umbrella	75	2	5.19	3.13	As he walked past the corner drugstore on his way to work Carl skimmed the headlines and decided to go ahead and buy	when he saw what the forecast was.	True	Was Carl going to work?	yes
939.744140625	0.2	481149	255	filler_word	43	36	2	delong	unexpected	a	an	newspaper	umbrella	75	2	5.19	3.13	As he walked past the corner drugstore on his way to work Carl skimmed the headlines and decided to go ahead and buy	when he saw what the forecast was.	True	Was Carl going to work?	yes
940.275390625	0.2	481421	255	filler_word	43	36	2	delong	unexpected	a	an	newspaper	umbrella	75	2	5.19	3.13	As he walked past the corner drugstore on his way to work Carl skimmed the headlines and decided to go ahead and buy	when he saw what the forecast was.	True	Was Carl going to work?	yes
940.8046875	0.2	481692	255	filler_word	43	36	2	delong	unexpected	a	an	newspaper	umbrella	75	2	5.19	3.13	As he walked past the corner drugstore on his way to work Carl skimmed the headlines and decided to go ahead and buy	when he saw what the forecast was.	True	Was Carl going to work?	yes
941.3359375	0.2	481964	255	filler_word	43	36	2	delong	unexpected	a	an	newspaper	umbrella	75	2	5.19	3.13	As he walked past the corner drugstore on his way to work Carl skimmed the headlines and decided to go ahead and buy	when he saw what the forecast was.	True	Was Carl going to work?	yes
941.865234375	0.2	482235	203	a_unexpected	43	36	2	delong	unexpected	a	an	newspaper	umbrella	75	2	5.19	3.13	As he walked past the corner drugstore on his way to work Carl skimmed the headlines and decided to go ahead and buy	when he saw what the forecast was.	True	Was Carl going to work?	yes
942.181640625	0.0	482397	135	item_marker	44	35	2	delong	unexpected	an	a	umbrella	newspaper	93	5	6.29	2.3	Because it frequently rains in London it's a good idea to always carry	with you.	False	n/a	n/a
942.236328125	0.0	482425	5	cloze_marker	44	35	2	delong	unexpected	an	a	umbrella	newspaper	93	5	6.29	2.3	Because it frequently rains in London it's a good idea to always carry	with you.	False	n/a	n/a
942.447265625	0.2	482533	206	noun_unexpected	44	35	2	delong	unexpected	an	a	umbrella	newspaper	93	5	6.29	2.3	Because it frequently rains in London it's a good idea to always carry	with you.	False	n/a	n/a
942.76171875	0.0	482694	135	item_marker	45	35	2	delong	unexpected	an	a	umbrella	newspaper	93	5	6.29	2.3	Because it frequently rains in London it's a good idea to always carry	with you.	False	n/a	n/a
942.81640625	0.0	482722	200	cloze_marker	45	35	2	delong	unexpected	an	a	umbrella	newspaper	93	5	6.29	2.3	Because it frequently rains in London it's a good idea to always carry	with you.	False	n/a	n/a
943.02734375	0.2	482830	255	filler_word	45	35	2	delong	unexpected	an	a	umbrella	newspaper	93	5	6.29	2.3	Because it frequently rains in London it's a good idea to always carry	with you.	False	n/a	n/a
943.556640625	0.2	483101	208	final_unexpected	45	35	2	delong	unexpected	an	a	umbrella	newspaper	93	5	6.29	2.3	Because it frequently rains in London it's a good idea to always carry	with you.	False	n/a	n/a
947.51953125	0.2	485130	255	filler_word	45	35	2	delong	unexpected	an	a	umbrella	newspaper	93	5	6.29	2.3	Because it frequently rains in London it's a good idea to always carry	with you.	False	n/a	n/a
948.05078125	0.2	485402	255	filler_word	45	35	2	delong	unexpected	an	a	umbrella	newspaper	93	5	6.29	2.3	Because it frequently rains in London it's a good idea to always carry	with you.	False	n/a	n/a
948.580078125	0.2	485673	255	filler_word	45	35	2	delong	unexpected	an	a	umbrella	newspaper	93	5	6.29	2.3	Because it frequently rains in London it's a good idea to always carry	with you.	False	n/a	n/a
949.111328125	0.2	485945	255	filler_word	45	35	2	delong	unexpected	an	a	umbrella	newspaper	93	5	6.29	2.3	Because it frequently rains in London it's a good idea to always carry	with you.	False	n/a	n/a
949.642578125	0.2	486217	255	filler_word	45	35	2	delong	unexpected	an	a	umbrella	newspaper	93	5	6.29	2.3	Because it frequently rains in London it's a good idea to always carry	with you.	False	n/a	n/a
950.171875	0.2	486488	255	filler_word	45	35	2	delong	unexpected	an	a	umbrella	newspaper	93	5	6.29	2.3	Because it frequently rains in London it's a good idea to always carry	with you.	False	n/a	n/a
950.703125	0.2	486760	255	filler_word	45	35	2	delong	unexpected	an	a	umbrella	newspaper	93	5	6.29	2.3	Because it frequently rains in London it's a good idea to always carry	with you.	False	n/a	n/a
951.232421875	0.2	487031	255	filler_word	45	35	2	delong	unexpected	an	a	umbrella	newspaper	93	5	6.29	2.3	Because it frequently rains in London it's a good idea to always carry	with you.	False	n/a	n/a
951.763671875	0.2	487303	255	filler_word	45	35	2	delong	unexpected	an	a	umbrella	newspaper	93	5	6.29	2.3	Because it frequently rains in London it's a good idea to always carry	with you.	False	n/a	n/a
952.29296875	0.2	487574	255	filler_word	45	35	2	delong	unexpected	an	a	umbrella	newspaper	93	5	6.29	2.3	Because it frequently rains in London it's a good idea to always carry	with you.	False	n/a	n/a
952.82421875	0.2	487846	255	filler_word	45	35	2	delong	unexpected	an	a	umbrella	newspaper	93	5	6.29	2.3	Because it frequently rains in London it's a good idea to always carry	with you.	False	n/a	n/a
953.35546875	0.2	488118	255	filler_word	45	35	2	delong	unexpected	an	a	umbrella	newspaper	93	5	6.29	2.3	Because it frequently rains in London it's a good idea to always carry	with you.	False	n/a	n/a
953.88671875	0.2	488390	255	filler_word	45	35	2	delong	unexpected	an	a	umbrella	newspaper	93	5	6.29	2.3	Because it frequently rains in London it's a good idea to always carry	with you.	False	n/a	n/a
954.416015625	0.2	488661	255	filler_word	45	35	2	delong	unexpected	an	a	umbrella	newspaper	93	5	6.29	2.3	Because it frequently rains in London it's a good idea to always carry	with you.	False	n/a	n/a
954.947265625	0.2	488933	255	filler_word	45	35	2	delong	unexpected	an	a	umbrella	newspaper	93	5	6.29	2.3	Because it frequently rains in London it's a good idea to always carry	with you.	False	n/a	n/a
955.478515625	0.2	489205	255	filler_word	45	35	2	delong	unexpected	an	a	umbrella	newspaper	93	5	6.29	2.3	Because it frequently rains in London it's a good idea to always carry	with you.	False	n/a	n/a
956.0078125	0.2	489476	255	filler_word	45	35	2	delong	unexpected	an	a	umbrella	newspaper	93	5	6.29	2.3	Because it frequently rains in London it's a good idea to always carry	with you.	False	n/a	n/a
956.5390625	0.2	489748	255	filler_word	45	35	2	delong	unexpected	an	a	umbrella	newspaper	93	5	6.29	2.3	Because it frequently rains in London it's a good idea to always carry	with you.	False	n/a	n/a
957.068359375	0.2	490019	255	filler_word	45	35	2	delong	unexpected	an	a	umbrella	newspaper	93	5	6.29	2.3	Because it frequently rains in London it's a good idea to always carry	with you.	False	n/a	n/a
957.599609375	0.2	490291	204	an_unexpected	45	35	2	delong	unexpected	an	a	umbrella	newspaper	93	5	6.29	2.3	Because it frequently rains in London it's a good idea to always carry	with you.	False	n/a	n/a
957.9140625	0.0	490452	140	item_marker	46	40	2	delong	unexpected	a	an	tattoo	infection	55	0	6.0	3.73	The Hell's Angel rolled up the sleeve of his leather jacket to show the girls where he had gotten	the previous night.	False	n/a	n/a
957.970703125	0.0	490481	200	cloze_marker	46	40	2	delong	unexpected	a	an	tattoo	infection	55	0	6.0	3.73	The Hell's Angel rolled up the sleeve of his leather jacket to show the girls where he had gotten	the previous night.	False	n/a	n/a
958.1796875	0.2	490588	206	noun_unexpected	46	40	2	delong	unexpected	a	an	tattoo	infection	55	0	6.0	3.73	The Hell's Angel rolled up the sleeve of his leather jacket to show the girls where he had gotten	the previous night.	False	n/a	n/a
958.494140625	0.0	490749	140	item_marker	47	40	2	delong	unexpected	a	an	tattoo	infection	55	0	6.0	3.73	The Hell's Angel rolled up the sleeve of his leather jacket to show the girls where he had gotten	the previous night.	False	n/a	n/a
958.55078125	0.0	490778	200	cloze_marker	47	40	2	delong	unexpected	a	an	tattoo	infection	55	0	6.0	3.73	The Hell's Angel rolled up the sleeve of his leather jacket to show the girls where he had gotten	the previous night.	False	n/a	n/a
958.759765625	0.2	490885	255	filler_word	47	40	2	delong	unexpected	a	an	tattoo	infection	55	0	6.0	3.73	The Hell's Angel rolled up the sleeve of his leather jacket to show the girls where he had gotten	the previous night.	False	n/a	n/a
959.291015625	0.2	491157	255	filler_word	47	40	2	delong	unexpected	a	an	tattoo	infection	55	0	6.0	3.73	The Hell's Angel rolled up the sleeve of his leather jacket to show the girls where he had gotten	the previous night.	False	n/a	n/a
959.8203125	0.2	491428	208	final_unexpected	47	40	2	delong	unexpected	a	an	tattoo	infection	55	0	6.0	3.73	The Hell's Angel rolled up the sleeve of his leather jacket to show the girls where he had gotten	the previous night.	False	n/a	n/a
965.7734375	0.2	494476	255	filler_word	47	40	2	delong	unexpected	a	an	tattoo	infection	55	0	6.0	3.73	The Hell's Angel rolled up the sleeve of his leather jacket to show the girls where he had gotten	the previous night.	False	n/a	n/a
966.3046875	0.2	494748	255	filler_word	47	40	2	delong	unexpected	a	an	tattoo	infection	55	0	6.0	3.73	The Hell's Angel rolled up the sleeve of his leather jacket to show the girls where he had gotten	the previous night.	False	n/a	n/a
966.833984375	0.2	495019	255	filler_word	47	40	2	delong	unexpected	a	an	tattoo	infection	55	0	6.0	3.73	The Hell's Angel rolled up the sleeve of his leather jacket to show the girls where he had gotten	the previous night.	False	n/a	n/a
967.365234375	0.2	495291	255	filler_word	47	40	2	delong	unexpected	a	an	tattoo	infection	55	0	6.0	3.73	The Hell's Angel rolled up the sleeve of his leather jacket to show the girls where he had gotten	the previous night.	False	n/a	n/a
967.89453125	0.2	495562	255	filler_word	47	40	2	delong	unexpected	a	an	tattoo	infection	55	0	6.0	3.73	The Hell's Angel rolled up the sleeve of his leather jacket to show the girls where he had gotten	the previous night.	False	n/a	n/a
968.42578125	0.2	495834	255	filler_word	47	40	2	delong	unexpected	a	an	tattoo	infection	55	0	6.0	3.73	The Hell's Angel rolled up the sleeve of his leather jacket to show the girls where he had gotten	the previous night.	False	n/a	n/a
968.955078125	0.2	496105	255	filler_word	47	40	2	delong	unexpected	a	an	tattoo	infection	55	0	6.0	3.73	The Hell's Angel rolled up the sleeve of his leather jacket to show the girls where he had gotten	the previous night.	False	n/a	n/a
969.486328125	0.2	496377	255	filler_word	47	40	2	delong	unexpected	a	an	tattoo	infection	55	0	6.0	3.73	The Hell's Angel rolled up the sleeve of his leather jacket to show the girls where he had gotten	the previous night.	False	n/a	n/a
970.017578125	0.2	496649	255	filler_word	47	40	2	delong	unexpected	a	an	tattoo	infection	55	0	6.0	3.73	The Hell's Angel rolled up the sleeve of his leather jacket to show the girls where he had gotten	the previous night.	False	n/a	n/a
970.548828125	0.2	496921	255	filler_word	47	40	2	delong	unexpected	a	an	tattoo	infection	55	0	6.0	3.73	The Hell's Angel rolled up the sleeve of his leather jacket to show the girls where he had gotten	the previous night.	False	n/a	n/a
971.078125	0.2	497192	255	filler_word	47	40	2	delong	unexpected	a	an	tattoo	infection	55	0	6.0	3.73	The Hell's Angel rolled up the sleeve of his leather jacket to show the girls where he had gotten	the previous night.	False	n/a	n/a
971.609375	0.2	497464	255	filler_word	47	40	2	delong	unexpected	a	an	tattoo	infection	55	0	6.0	3.73	The Hell's Angel rolled up the sleeve of his leather jacket to show the girls where he had gotten	the previous night.	False	n/a	n/a
972.138671875	0.2	497735	255	filler_word	47	40	2	delong	unexpected	a	an	tattoo	infection	55	0	6.0	3.73	The Hell's Angel rolled up the sleeve of his leather jacket to show the girls where he had gotten	the previous night.	False	n/a	n/a
972.669921875	0.2	498007	255	filler_word	47	40	2	delong	unexpected	a	an	tattoo	infection	55	0	6.0	3.73	The Hell's Angel rolled up the sleeve of his leather jacket to show the girls where he had gotten	the previous night.	False	n/a	n/a
973.19921875	0.2	498278	255	filler_word	47	40	2	delong	unexpected	a	an	tattoo	infection	55	0	6.0	3.73	The Hell's Angel rolled up the sleeve of his leather jacket to show the girls where he had gotten	the previous night.	False	n/a	n/a
973.73046875	0.2	498550	255	filler_word	47	40	2	delong	unexpected	a	an	tattoo	infection	55	0	6.0	3.73	The Hell's Angel rolled up the sleeve of his leather jacket to show the girls where he had gotten	the previous night.	False	n/a	n/a
974.26171875	0.2	498822	255	filler_word	47	40	2	delong	unexpected	a	an	tattoo	infection	55	0	6.0	3.73	The Hell's Angel rolled up the sleeve of his leather jacket to show the girls where he had gotten	the previous night.	False	n/a	n/a
974.791015625	0.2	499093	255	filler_word	47	40	2	delong	unexpected	a	an	tattoo	infection	55	0	6.0	3.73	The Hell's Angel rolled up the sleeve of his leather jacket to show the girls where he had gotten	the previous night.	False	n/a	n/a
975.322265625	0.2	499365	255	filler_word	47	40	2	delong	unexpected	a	an	tattoo	infection	55	0	6.0	3.73	The Hell's Angel rolled up the sleeve of his leather jacket to show the girls where he had gotten	the previous night.	False	n/a	n/a
975.853515625	0.2	499637	255	filler_word	47	40	2	delong	unexpected	a	an	tattoo	infection	55	0	6.0	3.73	The Hell's Angel rolled up the sleeve of his leather jacket to show the girls where he had gotten	the previous night.	False	n/a	n/a
976.384765625	0.2	499909	255	filler_word	47	40	2	delong	unexpected	a	an	tattoo	infection	55	0	6.0	3.73	The Hell's Angel rolled up the sleeve of his leather jacket to show the girls where he had gotten	the previous night.	False	n/a	n/a
976.9140625	0.2	500180	255	filler_word	47	40	2	delong	unexpected	a	an	tattoo	infection	55	0	6.0	3.73	The Hell's Angel rolled up the sleeve of his leather jacket to show the girls where he had gotten	the previous night.	False	n/a	n/a
977.4453125	0.2	500452	204	an_unexpected	47	40	2	delong	unexpected	a	an	tattoo	infection	55	0	6.0	3.73	The Hell's Angel rolled up the sleeve of his leather jacket to show the girls where he had gotten	the previous night.	False	n/a	n/a
977.759765625	0.0	500613	128	item_marker	48	28	2	delong	unexpected	a	an	race	accident	61	36	5.42	3.2	When we saw the finish line and the pylons sectioning off part of the road we knew that there must have been	earlier that day.	False	n/a	n/a
977.814453125	0.0	500641	36	cloze_marker	48	28	2	delong	unexpected	a	an	race	accident	61	36	5.42	3.2	When we saw the finish line and the pylons sectioning off part of the road we knew that there must have been	earlier that day.	False	n/a	n/a
978.025390625	0.2	500749	206	noun_unexpected	48	28	2	delong	unexpected	a	an	race	accident	61	36	5.42	3.2	When we saw the finish line and the pylons sectioning off part of the road we knew that there must have been	earlier that day.	False	n/a	n/a
978.33984375	0.0	500910	128	item_marker	49	28	2	delong	unexpected	a	an	race	accident	61	36	5.42	3.2	When we saw the finish line and the pylons sectioning off part of the road we knew that there must have been	earlier that day.	False	n/a	n/a
978.39453125	0.0	500938	67	cloze_marker	49	28	2	delong	unexpected	a	an	race	accident	61	36	5.42	3.2	When we saw the finish line and the pylons sectioning off part of the road we knew that there must have been	earlier that day.	False	n/a	n/a
978.60546875	0.2	501046	255	filler_word	49	28	2	delong	unexpected	a	an	race	accident	61	36	5.42	3.2	When we saw the finish line and the pylons sectioning off part of the road we knew that there must have been	earlier that day.	False	n/a	n/a
979.13671875	0.2	501318	255	filler_word	49	28	2	delong	unexpected	a	an	race	accident	61	36	5.42	3.2	When we saw the finish line and the pylons sectioning off part of the road we knew that there must have been	earlier that day.	False	n/a	n/a
979.666015625	0.2	501589	208	final_unexpected	49	28	2	delong	unexpected	a	an	race	accident	61	36	5.42	3.2	When we saw the finish line and the pylons sectioning off part of the road we knew that there must have been	earlier that day.	False	n/a	n/a
982.13671875	0.2	502854	255	filler_word	49	28	2	delong	unexpected	a	an	race	accident	61	36	5.42	3.2	When we saw the finish line and the pylons sectioning off part of the road we knew that there must have been	earlier that day.	False	n/a	n/a
982.666015625	0.2	503125	255	filler_word	49	28	2	delong	unexpected	a	an	race	accident	61	36	5.42	3.2	When we saw the finish line and the pylons sectioning off part of the road we knew that there must have been	earlier that day.	False	n/a	n/a
983.197265625	0.2	503397	255	filler_word	49	28	2	delong	unexpected	a	an	race	accident	61	36	5.42	3.2	When we saw the finish line and the pylons sectioning off part of the road we knew that there must have been	earlier that day.	False	n/a	n/a
983.728515625	0.2	503669	255	filler_word	49	28	2	delong	unexpected	a	an	race	accident	61	36	5.42	3.2	When we saw the finish line and the pylons sectioning off part of the road we knew that there must have been	earlier that day.	False	n/a	n/a
984.2578125	0.2	503940	255	filler_word	49	28	2	delong	unexpected	a	an	race	accident	61	36	5.42	3.2	When we saw the finish line and the pylons sectioning off part of the road we knew that there must have been	earlier that day.	False	n/a	n/a
984.7890625	0.2	504212	255	filler_word	49	28	2	delong	unexpected	a	an	race	accident	61	36	5.42	3.2	When we saw the finish line and the pylons sectioning off part of the road we knew that there must have been	earlier that day.	False	n/a	n/a
985.3203125	0.2	504484	255	filler_word	49	28	2	delong	unexpected	a	an	race	accident	61	36	5.42	3.2	When we saw the finish line and the pylons sectioning off part of the road we knew that there must have been	earlier that day.	False	n/a	n/a
985.849609375	0.2	504755	255	filler_word	49	28	2	delong	unexpected	a	an	race	accident	61	36	5.42	3.2	When we saw the finish line and the pylons sectioning off part of the road we knew that there must have been	earlier that day.	False	n/a	n/a
986.380859375	0.2	505027	255	filler_word	49	28	2	delong	unexpected	a	an	race	accident	61	36	5.42	3.2	When we saw the finish line and the pylons sectioning off part of the road we knew that there must have been	earlier that day.	False	n/a	n/a
986.91015625	0.2	505298	255	filler_word	49	28	2	delong	unexpected	a	an	race	accident	61	36	5.42	3.2	When we saw the finish line and the pylons sectioning off part of the road we knew that there must have been	earlier that day.	False	n/a	n/a
987.44140625	0.2	505570	255	filler_word	49	28	2	delong	unexpected	a	an	race	accident	61	36	5.42	3.2	When we saw the finish line and the pylons sectioning off part of the road we knew that there must have been	earlier that day.	False	n/a	n/a
987.97265625	0.2	505842	255	filler_word	49	28	2	delong	unexpected	a	an	race	accident	61	36	5.42	3.2	When we saw the finish line and the pylons sectioning off part of the road we knew that there must have been	earlier that day.	False	n/a	n/a
988.50390625	0.2	506114	255	filler_word	49	28	2	delong	unexpected	a	an	race	accident	61	36	5.42	3.2	When we saw the finish line and the pylons sectioning off part of the road we knew that there must have been	earlier that day.	False	n/a	n/a
989.033203125	0.2	506385	255	filler_word	49	28	2	delong	unexpected	a	an	race	accident	61	36	5.42	3.2	When we saw the finish line and the pylons sectioning off part of the road we knew that there must have been	earlier that day.	False	n/a	n/a
989.564453125	0.2	506657	255	filler_word	49	28	2	delong	unexpected	a	an	race	accident	61	36	5.42	3.2	When we saw the finish line and the pylons sectioning off part of the road we knew that there must have been	earlier that day.	False	n/a	n/a
990.09375	0.2	506928	203	a_unexpected	49	28	2	delong	unexpected	a	an	race	accident	61	36	5.42	3.2	When we saw the finish line and the pylons sectioning off part of the road we knew that there must have been	earlier that day.	False	n/a	n/a
990.41015625	0.0	507090	131	item_marker	50	31	2	delong	unexpected	an	a	invitation	message	73	11	5.5	4.74	Sue had wanted to go to Tim's birthday party but she was still waiting for	from him.	False	n/a	n/a
990.46484375	0.0	507118	11	cloze_marker	50	31	2	delong	unexpected	an	a	invitation	message	73	11	5.5	4.74	Sue had wanted to go to Tim's birthday party but she was still waiting for	from him.	False	n/a	n/a
990.673828125	0.2	507225	206	noun_unexpected	50	31	2	delong	unexpected	an	a	invitation	message	73	11	5.5	4.74	Sue had wanted to go to Tim's birthday party but she was still waiting for	from him.	False	n/a	n/a
990.990234375	0.0	507387	131	item_marker	51	31	2	delong	unexpected	an	a	invitation	message	73	11	5.5	4.74	Sue had wanted to go to Tim's birthday party but she was still waiting for	from him.	False	n/a	n/a
991.044921875	0.0	507415	200	cloze_marker	51	31	2	delong	unexpected	an	a	invitation	message	73	11	5.5	4.74	Sue had wanted to go to Tim's birthday party but she was still waiting for	from him.	False	n/a	n/a
991.255859375	0.2	507523	255	filler_word	51	31	2	delong	unexpected	an	a	invitation	message	73	11	5.5	4.74	Sue had wanted to go to Tim's birthday party but she was still waiting for	from him.	False	n/a	n/a
991.78515625	0.2	507794	208	final_unexpected	51	31	2	delong	unexpected	an	a	invitation	message	73	11	5.5	4.74	Sue had wanted to go to Tim's birthday party but she was still waiting for	from him.	False	n/a	n/a
995.99609375	0.2	509950	255	filler_word	51	31	2	delong	unexpected	an	a	invitation	message	73	11	5.5	4.74	Sue had wanted to go to Tim's birthday party but she was still waiting for	from him.	False	n/a	n/a
996.52734375	0.2	510222	255	filler_word	51	31	2	delong	unexpected	an	a	invitation	message	73	11	5.5	4.74	Sue had wanted to go to Tim's birthday party but she was still waiting for	from him.	False	n/a	n/a
997.056640625	0.2	510493	255	filler_word	51	31	2	delong	unexpected	an	a	invitation	message	73	11	5.5	4.74	Sue had wanted to go to Tim's birthday party but she was still waiting for	from him.	False	n/a	n/a
997.587890625	0.2	510765	255	filler_word	51	31	2	delong	unexpected	an	a	invitation	message	73	11	5.5	4.74	Sue had wanted to go to Tim's birthday party but she was still waiting for	from him.	False	n/a	n/a
998.1171875	0.2	511036	255	filler_word	51	31	2	delong	unexpected	an	a	invitation	message	73	11	5.5	4.74	Sue had wanted to go to Tim's birthday party but she was still waiting for	from him.	False	n/a	n/a
998.6484375	0.2	511308	255	filler_word	51	31	2	delong	unexpected	an	a	invitation	message	73	11	5.5	4.74	Sue had wanted to go to Tim's birthday party but she was still waiting for	from him.	False	n/a	n/a
999.1796875	0.2	511580	255	filler_word	51	31	2	delong	unexpected	an	a	invitation	message	73	11	5.5	4.74	Sue had wanted to go to Tim's birthday party but she was still waiting for	from him.	False	n/a	n/a
999.7109375	0.2	511852	255	filler_word	51	31	2	delong	unexpected	an	a	invitation	message	73	11	5.5	4.74	Sue had wanted to go to Tim's birthday party but she was still waiting for	from him.	False	n/a	n/a
1000.240234375	0.2	512123	255	filler_word	51	31	2	delong	unexpected	an	a	invitation	message	73	11	5.5	4.74	Sue had wanted to go to Tim's birthday party but she was still waiting for	from him.	False	n/a	n/a
1000.771484375	0.2	512395	255	filler_word	51	31	2	delong	unexpected	an	a	invitation	message	73	11	5.5	4.74	Sue had wanted to go to Tim's birthday party but she was still waiting for	from him.	False	n/a	n/a
1001.302734375	0.2	512667	255	filler_word	51	31	2	delong	unexpected	an	a	invitation	message	73	11	5.5	4.74	Sue had wanted to go to Tim's birthday party but she was still waiting for	from him.	False	n/a	n/a
1001.83203125	0.2	512938	255	filler_word	51	31	2	delong	unexpected	an	a	invitation	message	73	11	5.5	4.74	Sue had wanted to go to Tim's birthday party but she was still waiting for	from him.	False	n/a	n/a
1002.36328125	0.2	513210	255	filler_word	51	31	2	delong	unexpected	an	a	invitation	message	73	11	5.5	4.74	Sue had wanted to go to Tim's birthday party but she was still waiting for	from him.	False	n/a	n/a
1002.892578125	0.2	513481	255	filler_word	51	31	2	delong	unexpected	an	a	invitation	message	73	11	5.5	4.74	Sue had wanted to go to Tim's birthday party but she was still waiting for	from him.	False	n/a	n/a
1003.423828125	0.2	513753	255	filler_word	51	31	2	delong	unexpected	an	a	invitation	message	73	11	5.5	4.74	Sue had wanted to go to Tim's birthday party but she was still waiting for	from him.	False	n/a	n/a
1003.953125	0.2	514024	255	filler_word	51	31	2	delong	unexpected	an	a	invitation	message	73	11	5.5	4.74	Sue had wanted to go to Tim's birthday party but she was still waiting for	from him.	False	n/a	n/a
1004.484375	0.2	514296	255	filler_word	51	31	2	delong	unexpected	an	a	invitation	message	73	11	5.5	4.74	Sue had wanted to go to Tim's birthday party but she was still waiting for	from him.	False	n/a	n/a
1005.015625	0.2	514568	255	filler_word	51	31	2	delong	unexpected	an	a	invitation	message	73	11	5.5	4.74	Sue had wanted to go to Tim's birthday party but she was still waiting for	from him.	False	n/a	n/a
1005.546875	0.2	514840	201	a_expected	51	31	2	delong	unexpected	an	a	invitation	message	73	11	5.5	4.74	Sue had wanted to go to Tim's birthday party but she was still waiting for	from him.	False	n/a	n/a
1005.861328125	0.0	515001	130	item_marker	52	30	2	delong	expected	a	an	studio	apartment	77	0	5.9	3.37	Instead of recording a live album the band decided they would have more control if they recorded in	without a lot of background noise.	False	n/a	n/a
1005.916015625	0.0	515029	77	cloze_marker	52	30	2	delong	expected	a	an	studio	apartment	77	0	5.9	3.37	Instead of recording a live album the band decided they would have more control if they recorded in	without a lot of background noise.	False	n/a	n/a
1006.126953125	0.2	515137	205	noun_expected	52	30	2	delong	expected	a	an	studio	apartment	77	0	5.9	3.37	Instead of recording a live album the band decided they would have more control if they recorded in	without a lot of background noise.	False	n/a	n/a
1006.44140625	0.0	515298	130	item_marker	53	30	2	delong	expected	a	an	studio	apartment	77	0	5.9	3.37	Instead of recording a live album the band decided they would have more control if they recorded in	without a lot of background noise.	False	n/a	n/a
1006.49609375	0.0	515326	90	cloze_marker	53	30	2	delong	expected	a	an	studio	apartment	77	0	5.9	3.37	Instead of recording a live album the band decided they would have more control if they recorded in	without a lot of background noise.	False	n/a	n/a
1006.70703125	0.2	515434	255	filler_word	53	30	2	delong	expected	a	an	studio	apartment	77	0	5.9	3.37	Instead of recording a live album the band decided they would have more control if they recorded in	without a lot of background noise.	False	n/a	n/a
1007.236328125	0.2	515705	255	filler_word	53	30	2	delong	expected	a	an	studio	apartment	77	0	5.9	3.37	Instead of recording a live album the band decided they would have more control if they recorded in	without a lot of background noise.	False	n/a	n/a
1007.767578125	0.2	515977	255	filler_word	53	30	2	delong	expected	a	an	studio	apartment	77	0	5.9	3.37	Instead of recording a live album the band decided they would have more control if they recorded in	without a lot of background noise.	False	n/a	n/a
1008.298828125	0.2	516249	255	filler_word	53	30	2	delong	expected	a	an	studio	apartment	77	0	5.9	3.37	Instead of recording a live album the band decided they would have more control if they recorded in	without a lot of background noise.	False	n/a	n/a
1008.828125	0.2	516520	255	filler_word	53	30	2	delong	expected	a	an	studio	apartment	77	0	5.9	3.37	Instead of recording a live album the band decided they would have more control if they recorded in	without a lot of background noise.	False	n/a	n/a
1009.359375	0.2	516792	207	final_expected	53	30	2	delong	expected	a	an	studio	apartment	77	0	5.9	3.37	Instead of recording a live album the band decided they would have more control if they recorded in	without a lot of background noise.	False	n/a	n/a
1013.76953125	0.2	519050	255	filler_word	53	30	2	delong	expected	a	an	studio	apartment	77	0	5.9	3.37	Instead of recording a live album the band decided they would have more control if they recorded in	without a lot of background noise.	False	n/a	n/a
1014.298828125	0.2	519321	255	filler_word	53	30	2	delong	expected	a	an	studio	apartment	77	0	5.9	3.37	Instead of recording a live album the band decided they would have more control if they recorded in	without a lot of background noise.	False	n/a	n/a
1014.830078125	0.2	519593	255	filler_word	53	30	2	delong	expected	a	an	studio	apartment	77	0	5.9	3.37	Instead of recording a live album the band decided they would have more control if they recorded in	without a lot of background noise.	False	n/a	n/a
1015.359375	0.2	519864	255	filler_word	53	30	2	delong	expected	a	an	studio	apartment	77	0	5.9	3.37	Instead of recording a live album the band decided they would have more control if they recorded in	without a lot of background noise.	False	n/a	n/a
1015.890625	0.2	520136	255	filler_word	53	30	2	delong	expected	a	an	studio	apartment	77	0	5.9	3.37	Instead of recording a live album the band decided they would have more control if they recorded in	without a lot of background noise.	False	n/a	n/a
1016.421875	0.2	520408	255	filler_word	53	30	2	delong	expected	a	an	studio	apartment	77	0	5.9	3.37	Instead of recording a live album the band decided they would have more control if they recorded in	without a lot of background noise.	False	n/a	n/a
1016.951171875	0.2	520679	255	filler_word	53	30	2	delong	expected	a	an	studio	apartment	77	0	5.9	3.37	Instead of recording a live album the band decided they would have more control if they recorded in	without a lot of background noise.	False	n/a	n/a
1017.482421875	0.2	520951	255	filler_word	53	30	2	delong	expected	a	an	studio	apartment	77	0	5.9	3.37	Instead of recording a live album the band decided they would have more control if they recorded in	without a lot of background noise.	False	n/a	n/a
1018.013671875	0.2	521223	255	filler_word	53	30	2	delong	expected	a	an	studio	apartment	77	0	5.9	3.37	Instead of recording a live album the band decided they would have more control if they recorded in	without a lot of background noise.	False	n/a	n/a
1018.544921875	0.2	521495	255	filler_word	53	30	2	delong	expected	a	an	studio	apartment	77	0	5.9	3.37	Instead of recording a live album the band decided they would have more control if they recorded in	without a lot of background noise.	False	n/a	n/a
1019.07421875	0.2	521766	255	filler_word	53	30	2	delong	expected	a	an	studio	apartment	77	0	5.9	3.37	Instead of recording a live album the band decided they would have more control if they recorded in	without a lot of background noise.	False	n/a	n/a
1019.60546875	0.2	522038	255	filler_word	53	30	2	delong	expected	a	an	studio	apartment	77	0	5.9	3.37	Instead of recording a live album the band decided they would have more control if they recorded in	without a lot of background noise.	False	n/a	n/a
1020.134765625	0.2	522309	255	filler_word	53	30	2	delong	expected	a	an	studio	apartment	77	0	5.9	3.37	Instead of recording a live album the band decided they would have more control if they recorded in	without a lot of background noise.	False	n/a	n/a
1020.666015625	0.2	522581	255	filler_word	53	30	2	delong	expected	a	an	studio	apartment	77	0	5.9	3.37	Instead of recording a live album the band decided they would have more control if they recorded in	without a lot of background noise.	False	n/a	n/a
1021.1953125	0.2	522852	201	a_expected	53	30	2	delong	expected	a	an	studio	apartment	77	0	5.9	3.37	Instead of recording a live album the band decided they would have more control if they recorded in	without a lot of background noise.	False	n/a	n/a
1021.51171875	0.0	523014	126	item_marker	54	26	2	delong	expected	a	an	hanger	iron	84	0	5.73	2.1	I wanted to put my coat in the closet but I could not find	anywhere.	False	n/a	n/a
1021.56640625	0.0	523042	84	cloze_marker	54	26	2	delong	expected	a	an	hanger	iron	84	0	5.73	2.1	I wanted to put my coat in the closet but I could not find	anywhere.	False	n/a	n/a
1021.775390625	0.2	523149	205	noun_expected	54	26	2	delong	expected	a	an	hanger	iron	84	0	5.73	2.1	I wanted to put my coat in the closet but I could not find	anywhere.	False	n/a	n/a
1022.091796875	0.0	523311	126	item_marker	55	26	2	delong	expected	a	an	hanger	iron	84	0	5.73	2.1	I wanted to put my coat in the closet but I could not find	anywhere.	False	n/a	n/a
1022.146484375	0.0	523339	87	cloze_marker	55	26	2	delong	expected	a	an	hanger	iron	84	0	5.73	2.1	I wanted to put my coat in the closet but I could not find	anywhere.	False	n/a	n/a
1022.357421875	0.2	523447	207	final_expected	55	26	2	delong	expected	a	an	hanger	iron	84	0	5.73	2.1	I wanted to put my coat in the closet but I could not find	anywhere.	False	n/a	n/a
1025.408203125	0.2	525009	255	filler_word	55	26	2	delong	expected	a	an	hanger	iron	84	0	5.73	2.1	I wanted to put my coat in the closet but I could not find	anywhere.	False	n/a	n/a
1025.9375	0.2	525280	255	filler_word	55	26	2	delong	expected	a	an	hanger	iron	84	0	5.73	2.1	I wanted to put my coat in the closet but I could not find	anywhere.	False	n/a	n/a
1026.46875	0.2	525552	255	filler_word	55	26	2	delong	expected	a	an	hanger	iron	84	0	5.73	2.1	I wanted to put my coat in the closet but I could not find	anywhere.	False	n/a	n/a
1027.0	0.2	525824	255	filler_word	55	26	2	delong	expected	a	an	hanger	iron	84	0	5.73	2.1	I wanted to put my coat in the closet but I could not find	anywhere.	False	n/a	n/a
1027.529296875	0.2	526095	255	filler_word	55	26	2	delong	expected	a	an	hanger	iron	84	0	5.73	2.1	I wanted to put my coat in the closet but I could not find	anywhere.	False	n/a	n/a
1028.060546875	0.2	526367	255	filler_word	55	26	2	delong	expected	a	an	hanger	iron	84	0	5.73	2.1	I wanted to put my coat in the closet but I could not find	anywhere.	False	n/a	n/a
1028.58984375	0.2	526638	255	filler_word	55	26	2	delong	expected	a	an	hanger	iron	84	0	5.73	2.1	I wanted to put my coat in the closet but I could not find	anywhere.	False	n/a	n/a
1029.12109375	0.2	526910	255	filler_word	55	26	2	delong	expected	a	an	hanger	iron	84	0	5.73	2.1	I wanted to put my coat in the closet but I could not find	anywhere.	False	n/a	n/a
1029.650390625	0.2	527181	255	filler_word	55	26	2	delong	expected	a	an	hanger	iron	84	0	5.73	2.1	I wanted to put my coat in the closet but I could not find	anywhere.	False	n/a	n/a
1030.181640625	0.2	527453	255	filler_word	55	26	2	delong	expected	a	an	hanger	iron	84	0	5.73	2.1	I wanted to put my coat in the closet but I could not find	anywhere.	False	n/a	n/a
1030.712890625	0.2	527725	255	filler_word	55	26	2	delong	expected	a	an	hanger	iron	84	0	5.73	2.1	I wanted to put my coat in the closet but I could not find	anywhere.	False	n/a	n/a
1031.244140625	0.2	527997	255	filler_word	55	26	2	delong	expected	a	an	hanger	iron	84	0	5.73	2.1	I wanted to put my coat in the closet but I could not find	anywhere.	False	n/a	n/a
1031.7734375	0.2	528268	255	filler_word	55	26	2	delong	expected	a	an	hanger	iron	84	0	5.73	2.1	I wanted to put my coat in the closet but I could not find	anywhere.	False	n/a	n/a
1032.3046875	0.2	528540	255	filler_word	55	26	2	delong	expected	a	an	hanger	iron	84	0	5.73	2.1	I wanted to put my coat in the closet but I could not find	anywhere.	False	n/a	n/a
1032.833984375	0.2	528811	255	filler_word	55	26	2	delong	expected	a	an	hanger	iron	84	0	5.73	2.1	I wanted to put my coat in the closet but I could not find	anywhere.	False	n/a	n/a
1033.365234375	0.2	529083	255	filler_word	55	26	2	delong	expected	a	an	hanger	iron	84	0	5.73	2.1	I wanted to put my coat in the closet but I could not find	anywhere.	False	n/a	n/a
1033.896484375	0.2	529355	255	filler_word	55	26	2	delong	expected	a	an	hanger	iron	84	0	5.73	2.1	I wanted to put my coat in the closet but I could not find	anywhere.	False	n/a	n/a
1034.42578125	0.2	529626	204	an_unexpected	55	26	2	delong	expected	a	an	hanger	iron	84	0	5.73	2.1	I wanted to put my coat in the closet but I could not find	anywhere.	False	n/a	n/a
1034.7421875	0.0	529788	124	item_marker	56	24	2	delong	unexpected	a	an	fire	emergency	75	0	5.6	6.06	Harris saw smoke billowing out of his neighbours' home and immediately got on the phone to report	at their address.	True	Did Harris see smoke?	yes
1034.796875	0.0	529816	200	cloze_marker	56	24	2	delong	unexpected	a	an	fire	emergency	75	0	5.6	6.06	Harris saw smoke billowing out of his neighbours' home and immediately got on the phone to report	at their address.	True	Did Harris see smoke?	yes
1035.005859375	0.2	529923	206	noun_unexpected	56	24	2	delong	unexpected	a	an	fire	emergency	75	0	5.6	6.06	Harris saw smoke billowing out of his neighbours' home and immediately got on the phone to report	at their address.	True	Did Harris see smoke?	yes
1035.322265625	0.0	530085	124	item_marker	57	24	2	delong	unexpected	a	an	fire	emergency	75	0	5.6	6.06	Harris saw smoke billowing out of his neighbours' home and immediately got on the phone to report	at their address.	True	Did Harris see smoke?	yes
1035.376953125	0.0	530113	40	cloze_marker	57	24	2	delong	unexpected	a	an	fire	emergency	75	0	5.6	6.06	Harris saw smoke billowing out of his neighbours' home and immediately got on the phone to report	at their address.	True	Did Harris see smoke?	yes
1035.587890625	0.2	530221	255	filler_word	57	24	2	delong	unexpected	a	an	fire	emergency	75	0	5.6	6.06	Harris saw smoke billowing out of his neighbours' home and immediately got on the phone to report	at their address.	True	Did Harris see smoke?	yes
1036.1171875	0.2	530492	255	filler_word	57	24	2	delong	unexpected	a	an	fire	emergency	75	0	5.6	6.06	Harris saw smoke billowing out of his neighbours' home and immediately got on the phone to report	at their address.	True	Did Harris see smoke?	yes
1036.6484375	0.2	530764	208	final_unexpected	57	24	2	delong	unexpected	a	an	fire	emergency	75	0	5.6	6.06	Harris saw smoke billowing out of his neighbours' home and immediately got on the phone to report	at their address.	True	Did Harris see smoke?	yes
1042.68359375	0.0	533854	251	question	57	24	2	delong	unexpected	a	an	fire	emergency	75	0	5.6	6.06	Harris saw smoke billowing out of his neighbours' home and immediately got on the phone to report	at their address.	True	Did Harris see smoke?	yes
1045.55078125	0.2	535322	255	filler_word	57	24	2	delong	unexpected	a	an	fire	emergency	75	0	5.6	6.06	Harris saw smoke billowing out of his neighbours' home and immediately got on the phone to report	at their address.	True	Did Harris see smoke?	yes
1046.08203125	0.2	535594	255	filler_word	57	24	2	delong	unexpected	a	an	fire	emergency	75	0	5.6	6.06	Harris saw smoke billowing out of his neighbours' home and immediately got on the phone to report	at their address.	True	Did Harris see smoke?	yes
1046.611328125	0.2	535865	255	filler_word	57	24	2	delong	unexpected	a	an	fire	emergency	75	0	5.6	6.06	Harris saw smoke billowing out of his neighbours' home and immediately got on the phone to report	at their address.	True	Did Harris see smoke?	yes
1047.142578125	0.2	536137	255	filler_word	57	24	2	delong	unexpected	a	an	fire	emergency	75	0	5.6	6.06	Harris saw smoke billowing out of his neighbours' home and immediately got on the phone to report	at their address.	True	Did Harris see smoke?	yes
1047.673828125	0.2	536409	255	filler_word	57	24	2	delong	unexpected	a	an	fire	emergency	75	0	5.6	6.06	Harris saw smoke billowing out of his neighbours' home and immediately got on the phone to report	at their address.	True	Did Harris see smoke?	yes
1048.203125	0.2	536680	255	filler_word	57	24	2	delong	unexpected	a	an	fire	emergency	75	0	5.6	6.06	Harris saw smoke billowing out of his neighbours' home and immediately got on the phone to report	at their address.	True	Did Harris see smoke?	yes
1048.734375	0.2	536952	255	filler_word	57	24	2	delong	unexpected	a	an	fire	emergency	75	0	5.6	6.06	Harris saw smoke billowing out of his neighbours' home and immediately got on the phone to report	at their address.	True	Did Harris see smoke?	yes
1049.263671875	0.2	537223	255	filler_word	57	24	2	delong	unexpected	a	an	fire	emergency	75	0	5.6	6.06	Harris saw smoke billowing out of his neighbours' home and immediately got on the phone to report	at their address.	True	Did Harris see smoke?	yes
1049.794921875	0.2	537495	255	filler_word	57	24	2	delong	unexpected	a	an	fire	emergency	75	0	5.6	6.06	Harris saw smoke billowing out of his neighbours' home and immediately got on the phone to report	at their address.	True	Did Harris see smoke?	yes
1050.326171875	0.2	537767	255	filler_word	57	24	2	delong	unexpected	a	an	fire	emergency	75	0	5.6	6.06	Harris saw smoke billowing out of his neighbours' home and immediately got on the phone to report	at their address.	True	Did Harris see smoke?	yes
1050.85546875	0.2	538038	255	filler_word	57	24	2	delong	unexpected	a	an	fire	emergency	75	0	5.6	6.06	Harris saw smoke billowing out of his neighbours' home and immediately got on the phone to report	at their address.	True	Did Harris see smoke?	yes
1051.38671875	0.2	538310	255	filler_word	57	24	2	delong	unexpected	a	an	fire	emergency	75	0	5.6	6.06	Harris saw smoke billowing out of his neighbours' home and immediately got on the phone to report	at their address.	True	Did Harris see smoke?	yes
1051.91796875	0.2	538582	255	filler_word	57	24	2	delong	unexpected	a	an	fire	emergency	75	0	5.6	6.06	Harris saw smoke billowing out of his neighbours' home and immediately got on the phone to report	at their address.	True	Did Harris see smoke?	yes
1052.447265625	0.2	538853	255	filler_word	57	24	2	delong	unexpected	a	an	fire	emergency	75	0	5.6	6.06	Harris saw smoke billowing out of his neighbours' home and immediately got on the phone to report	at their address.	True	Did Harris see smoke?	yes
1052.978515625	0.2	539125	255	filler_word	57	24	2	delong	unexpected	a	an	fire	emergency	75	0	5.6	6.06	Harris saw smoke billowing out of his neighbours' home and immediately got on the phone to report	at their address.	True	Did Harris see smoke?	yes
1053.5078125	0.2	539396	255	filler_word	57	24	2	delong	unexpected	a	an	fire	emergency	75	0	5.6	6.06	Harris saw smoke billowing out of his neighbours' home and immediately got on the phone to report	at their address.	True	Did Harris see smoke?	yes
1054.0390625	0.2	539668	204	an_unexpected	57	24	2	delong	unexpected	a	an	fire	emergency	75	0	5.6	6.06	Harris saw smoke billowing out of his neighbours' home and immediately got on the phone to report	at their address.	True	Did Harris see smoke?	yes
1054.353515625	0.0	539829	132	item_marker	58	32	2	delong	unexpected	a	an	message	invitation	64	0	5.7	4.1	When I called his house Nolan was not home but his mother said she could relay	to him.	False	n/a	n/a
1054.41015625	0.0	539858	200	cloze_marker	58	32	2	delong	unexpected	a	an	message	invitation	64	0	5.7	4.1	When I called his house Nolan was not home but his mother said she could relay	to him.	False	n/a	n/a
1054.619140625	0.2	539965	206	noun_unexpected	58	32	2	delong	unexpected	a	an	message	invitation	64	0	5.7	4.1	When I called his house Nolan was not home but his mother said she could relay	to him.	False	n/a	n/a
1054.935546875	0.0	540127	132	item_marker	59	32	2	delong	unexpected	a	an	message	invitation	64	0	5.7	4.1	When I called his house Nolan was not home but his mother said she could relay	to him.	False	n/a	n/a
1054.990234375	0.0	540155	3	cloze_marker	59	32	2	delong	unexpected	a	an	message	invitation	64	0	5.7	4.1	When I called his house Nolan was not home but his mother said she could relay	to him.	False	n/a	n/a
1055.19921875	0.2	540262	255	filler_word	59	32	2	delong	unexpected	a	an	message	invitation	64	0	5.7	4.1	When I called his house Nolan was not home but his mother said she could relay	to him.	False	n/a	n/a
1055.73046875	0.2	540534	208	final_unexpected	59	32	2	delong	unexpected	a	an	message	invitation	64	0	5.7	4.1	When I called his house Nolan was not home but his mother said she could relay	to him.	False	n/a	n/a
1060.291015625	0.2	542869	255	filler_word	59	32	2	delong	unexpected	a	an	message	invitation	64	0	5.7	4.1	When I called his house Nolan was not home but his mother said she could relay	to him.	False	n/a	n/a
1060.8203125	0.2	543140	255	filler_word	59	32	2	delong	unexpected	a	an	message	invitation	64	0	5.7	4.1	When I called his house Nolan was not home but his mother said she could relay	to him.	False	n/a	n/a
1061.349609375	0.2	543411	255	filler_word	59	32	2	delong	unexpected	a	an	message	invitation	64	0	5.7	4.1	When I called his house Nolan was not home but his mother said she could relay	to him.	False	n/a	n/a
1061.880859375	0.2	543683	255	filler_word	59	32	2	delong	unexpected	a	an	message	invitation	64	0	5.7	4.1	When I called his house Nolan was not home but his mother said she could relay	to him.	False	n/a	n/a
1062.412109375	0.2	543955	255	filler_word	59	32	2	delong	unexpected	a	an	message	invitation	64	0	5.7	4.1	When I called his house Nolan was not home but his mother said she could relay	to him.	False	n/a	n/a
1062.94140625	0.2	544226	255	filler_word	59	32	2	delong	unexpected	a	an	message	invitation	64	0	5.7	4.1	When I called his house Nolan was not home but his mother said she could relay	to him.	False	n/a	n/a
1063.47265625	0.2	544498	255	filler_word	59	32	2	delong	unexpected	a	an	message	invitation	64	0	5.7	4.1	When I called his house Nolan was not home but his mother said she could relay	to him.	False	n/a	n/a
1064.00390625	0.2	544770	255	filler_word	59	32	2	delong	unexpected	a	an	message	invitation	64	0	5.7	4.1	When I called his house Nolan was not home but his mother said she could relay	to him.	False	n/a	n/a
1064.533203125	0.2	545041	255	filler_word	59	32	2	delong	unexpected	a	an	message	invitation	64	0	5.7	4.1	When I called his house Nolan was not home but his mother said she could relay	to him.	False	n/a	n/a
1065.064453125	0.2	545313	255	filler_word	59	32	2	delong	unexpected	a	an	message	invitation	64	0	5.7	4.1	When I called his house Nolan was not home but his mother said she could relay	to him.	False	n/a	n/a
1065.59375	0.2	545584	255	filler_word	59	32	2	delong	unexpected	a	an	message	invitation	64	0	5.7	4.1	When I called his house Nolan was not home but his mother said she could relay	to him.	False	n/a	n/a
1066.125	0.2	545856	255	filler_word	59	32	2	delong	unexpected	a	an	message	invitation	64	0	5.7	4.1	When I called his house Nolan was not home but his mother said she could relay	to him.	False	n/a	n/a
1066.65625	0.2	546128	255	filler_word	59	32	2	delong	unexpected	a	an	message	invitation	64	0	5.7	4.1	When I called his house Nolan was not home but his mother said she could relay	to him.	False	n/a	n/a
1067.185546875	0.2	546399	255	filler_word	59	32	2	delong	unexpected	a	an	message	invitation	64	0	5.7	4.1	When I called his house Nolan was not home but his mother said she could relay	to him.	False	n/a	n/a
1067.716796875	0.2	546671	255	filler_word	59	32	2	delong	unexpected	a	an	message	invitation	64	0	5.7	4.1	When I called his house Nolan was not home but his mother said she could relay	to him.	False	n/a	n/a
1068.248046875	0.2	546943	203	a_unexpected	59	32	2	delong	unexpected	a	an	message	invitation	64	0	5.7	4.1	When I called his house Nolan was not home but his mother said she could relay	to him.	False	n/a	n/a
1068.5625	0.0	547104	127	item_marker	60	27	2	delong	unexpected	an	a	accident	race	70	27	5.45	2.3	No matter how safely you drive your car chances are someday you'll be involved in	with another vehicle.	False	n/a	n/a
1068.6171875	0.0	547132	27	cloze_marker	60	27	2	delong	unexpected	an	a	accident	race	70	27	5.45	2.3	No matter how safely you drive your car chances are someday you'll be involved in	with another vehicle.	False	n/a	n/a
1068.828125	0.2	547240	206	noun_unexpected	60	27	2	delong	unexpected	an	a	accident	race	70	27	5.45	2.3	No matter how safely you drive your car chances are someday you'll be involved in	with another vehicle.	False	n/a	n/a
1069.142578125	0.0	547401	127	item_marker	61	27	2	delong	unexpected	an	a	accident	race	70	27	5.45	2.3	No matter how safely you drive your car chances are someday you'll be involved in	with another vehicle.	False	n/a	n/a
1069.19921875	0.0	547430	200	cloze_marker	61	27	2	delong	unexpected	an	a	accident	race	70	27	5.45	2.3	No matter how safely you drive your car chances are someday you'll be involved in	with another vehicle.	False	n/a	n/a
1069.408203125	0.2	547537	255	filler_word	61	27	2	delong	unexpected	an	a	accident	race	70	27	5.45	2.3	No matter how safely you drive your car chances are someday you'll be involved in	with another vehicle.	False	n/a	n/a
1069.9375	0.2	547808	255	filler_word	61	27	2	delong	unexpected	an	a	accident	race	70	27	5.45	2.3	No matter how safely you drive your car chances are someday you'll be involved in	with another vehicle.	False	n/a	n/a
1070.46875	0.2	548080	208	final_unexpected	61	27	2	delong	unexpected	an	a	accident	race	70	27	5.45	2.3	No matter how safely you drive your car chances are someday you'll be involved in	with another vehicle.	False	n/a	n/a
1075.078125	0.2	550440	255	filler_word	61	27	2	delong	unexpected	an	a	accident	race	70	27	5.45	2.3	No matter how safely you drive your car chances are someday you'll be involved in	with another vehicle.	False	n/a	n/a
1075.609375	0.2	550712	255	filler_word	61	27	2	delong	unexpected	an	a	accident	race	70	27	5.45	2.3	No matter how safely you drive your car chances are someday you'll be involved in	with another vehicle.	False	n/a	n/a
1076.138671875	0.2	550983	255	filler_word	61	27	2	delong	unexpected	an	a	accident	race	70	27	5.45	2.3	No matter how safely you drive your car chances are someday you'll be involved in	with another vehicle.	False	n/a	n/a
1076.669921875	0.2	551255	255	filler_word	61	27	2	delong	unexpected	an	a	accident	race	70	27	5.45	2.3	No matter how safely you drive your car chances are someday you'll be involved in	with another vehicle.	False	n/a	n/a
1077.19921875	0.2	551526	255	filler_word	61	27	2	delong	unexpected	an	a	accident	race	70	27	5.45	2.3	No matter how safely you drive your car chances are someday you'll be involved in	with another vehicle.	False	n/a	n/a
1077.73046875	0.2	551798	255	filler_word	61	27	2	delong	unexpected	an	a	accident	race	70	27	5.45	2.3	No matter how safely you drive your car chances are someday you'll be involved in	with another vehicle.	False	n/a	n/a
1078.259765625	0.2	552069	255	filler_word	61	27	2	delong	unexpected	an	a	accident	race	70	27	5.45	2.3	No matter how safely you drive your car chances are someday you'll be involved in	with another vehicle.	False	n/a	n/a
1078.791015625	0.2	552341	255	filler_word	61	27	2	delong	unexpected	an	a	accident	race	70	27	5.45	2.3	No matter how safely you drive your car chances are someday you'll be involved in	with another vehicle.	False	n/a	n/a
1079.322265625	0.2	552613	255	filler_word	61	27	2	delong	unexpected	an	a	accident	race	70	27	5.45	2.3	No matter how safely you drive your car chances are someday you'll be involved in	with another vehicle.	False	n/a	n/a
1079.8515625	0.2	552884	255	filler_word	61	27	2	delong	unexpected	an	a	accident	race	70	27	5.45	2.3	No matter how safely you drive your car chances are someday you'll be involved in	with another vehicle.	False	n/a	n/a
1080.3828125	0.2	553156	255	filler_word	61	27	2	delong	unexpected	an	a	accident	race	70	27	5.45	2.3	No matter how safely you drive your car chances are someday you'll be involved in	with another vehicle.	False	n/a	n/a
1080.9140625	0.2	553428	255	filler_word	61	27	2	delong	unexpected	an	a	accident	race	70	27	5.45	2.3	No matter how safely you drive your car chances are someday you'll be involved in	with another vehicle.	False	n/a	n/a
1081.4453125	0.2	553700	255	filler_word	61	27	2	delong	unexpected	an	a	accident	race	70	27	5.45	2.3	No matter how safely you drive your car chances are someday you'll be involved in	with another vehicle.	False	n/a	n/a
1081.974609375	0.2	553971	255	filler_word	61	27	2	delong	unexpected	an	a	accident	race	70	27	5.45	2.3	No matter how safely you drive your car chances are someday you'll be involved in	with another vehicle.	False	n/a	n/a
1082.505859375	0.2	554243	201	a_expected	61	27	2	delong	unexpected	an	a	accident	race	70	27	5.45	2.3	No matter how safely you drive your car chances are someday you'll be involved in	with another vehicle.	False	n/a	n/a
1082.8203125	0.0	554404	138	item_marker	62	38	2	delong	expected	a	an	plumber	architect	93	0	6.1	2.1	When the pipe broke in the bathroom Felicia looked through the phonebook to find	who could come and take a look at the job.	False	n/a	n/a
1082.875	0.0	554432	93	cloze_marker	62	38	2	delong	expected	a	an	plumber	architect	93	0	6.1	2.1	When the pipe broke in the bathroom Felicia looked through the phonebook to find	who could come and take a look at the job.	False	n/a	n/a
1083.0859375	0.2	554540	205	noun_expected	62	38	2	delong	expected	a	an	plumber	architect	93	0	6.1	2.1	When the pipe broke in the bathroom Felicia looked through the phonebook to find	who could come and take a look at the job.	False	n/a	n/a
1083.400390625	0.0	554701	138	item_marker	63	38	2	delong	expected	a	an	plumber	architect	93	0	6.1	2.1	When the pipe broke in the bathroom Felicia looked through the phonebook to find	who could come and take a look at the job.	False	n/a	n/a
1083.455078125	0.0	554729	93	cloze_marker	63	38	2	delong	expected	a	an	plumber	architect	93	0	6.1	2.1	When the pipe broke in the bathroom Felicia looked through the phonebook to find	who could come and take a look at the job.	False	n/a	n/a
1083.666015625	0.2	554837	255	filler_word	63	38	2	delong	expected	a	an	plumber	architect	93	0	6.1	2.1	When the pipe broke in the bathroom Felicia looked through the phonebook to find	who could come and take a look at the job.	False	n/a	n/a
1084.197265625	0.2	555109	255	filler_word	63	38	2	delong	expected	a	an	plumber	architect	93	0	6.1	2.1	When the pipe broke in the bathroom Felicia looked through the phonebook to find	who could come and take a look at the job.	False	n/a	n/a
1084.7265625	0.2	555380	255	filler_word	63	38	2	delong	expected	a	an	plumber	architect	93	0	6.1	2.1	When the pipe broke in the bathroom Felicia looked through the phonebook to find	who could come and take a look at the job.	False	n/a	n/a
1085.2578125	0.2	555652	255	filler_word	63	38	2	delong	expected	a	an	plumber	architect	93	0	6.1	2.1	When the pipe broke in the bathroom Felicia looked through the phonebook to find	who could come and take a look at the job.	False	n/a	n/a
1085.787109375	0.2	555923	255	filler_word	63	38	2	delong	expected	a	an	plumber	architect	93	0	6.1	2.1	When the pipe broke in the bathroom Felicia looked through the phonebook to find	who could come and take a look at the job.	False	n/a	n/a
1086.318359375	0.2	556195	255	filler_word	63	38	2	delong	expected	a	an	plumber	architect	93	0	6.1	2.1	When the pipe broke in the bathroom Felicia looked through the phonebook to find	who could come and take a look at the job.	False	n/a	n/a
1086.84765625	0.2	556466	255	filler_word	63	38	2	delong	expected	a	an	plumber	architect	93	0	6.1	2.1	When the pipe broke in the bathroom Felicia looked through the phonebook to find	who could come and take a look at the job.	False	n/a	n/a
1087.37890625	0.2	556738	255	filler_word	63	38	2	delong	expected	a	an	plumber	architect	93	0	6.1	2.1	When the pipe broke in the bathroom Felicia looked through the phonebook to find	who could come and take a look at the job.	False	n/a	n/a
1087.91015625	0.2	557010	255	filler_word	63	38	2	delong	expected	a	an	plumber	architect	93	0	6.1	2.1	When the pipe broke in the bathroom Felicia looked through the phonebook to find	who could come and take a look at the job.	False	n/a	n/a
1088.44140625	0.2	557282	207	final_expected	63	38	2	delong	expected	a	an	plumber	architect	93	0	6.1	2.1	When the pipe broke in the bathroom Felicia looked through the phonebook to find	who could come and take a look at the job.	False	n/a	n/a
1091.5234375	0.2	558860	255	filler_word	63	38	2	delong	expected	a	an	plumber	architect	93	0	6.1	2.1	When the pipe broke in the bathroom Felicia looked through the phonebook to find	who could come and take a look at the job.	False	n/a	n/a
1092.0546875	0.2	559132	255	filler_word	63	38	2	delong	expected	a	an	plumber	architect	93	0	6.1	2.1	When the pipe broke in the bathroom Felicia looked through the phonebook to find	who could come and take a look at the job.	False	n/a	n/a
1092.5859375	0.2	559404	255	filler_word	63	38	2	delong	expected	a	an	plumber	architect	93	0	6.1	2.1	When the pipe broke in the bathroom Felicia looked through the phonebook to find	who could come and take a look at the job.	False	n/a	n/a
1093.115234375	0.2	559675	255	filler_word	63	38	2	delong	expected	a	an	plumber	architect	93	0	6.1	2.1	When the pipe broke in the bathroom Felicia looked through the phonebook to find	who could come and take a look at the job.	False	n/a	n/a
1093.646484375	0.2	559947	255	filler_word	63	38	2	delong	expected	a	an	plumber	architect	93	0	6.1	2.1	When the pipe broke in the bathroom Felicia looked through the phonebook to find	who could come and take a look at the job.	False	n/a	n/a
1094.17578125	0.2	560218	255	filler_word	63	38	2	delong	expected	a	an	plumber	architect	93	0	6.1	2.1	When the pipe broke in the bathroom Felicia looked through the phonebook to find	who could come and take a look at the job.	False	n/a	n/a
1094.70703125	0.2	560490	255	filler_word	63	38	2	delong	expected	a	an	plumber	architect	93	0	6.1	2.1	When the pipe broke in the bathroom Felicia looked through the phonebook to find	who could come and take a look at the job.	False	n/a	n/a
1095.23828125	0.2	560762	255	filler_word	63	38	2	delong	expected	a	an	plumber	architect	93	0	6.1	2.1	When the pipe broke in the bathroom Felicia looked through the phonebook to find	who could come and take a look at the job.	False	n/a	n/a
1095.767578125	0.2	561033	255	filler_word	63	38	2	delong	expected	a	an	plumber	architect	93	0	6.1	2.1	When the pipe broke in the bathroom Felicia looked through the phonebook to find	who could come and take a look at the job.	False	n/a	n/a
1096.298828125	0.2	561305	255	filler_word	63	38	2	delong	expected	a	an	plumber	architect	93	0	6.1	2.1	When the pipe broke in the bathroom Felicia looked through the phonebook to find	who could come and take a look at the job.	False	n/a	n/a
1096.830078125	0.2	561577	255	filler_word	63	38	2	delong	expected	a	an	plumber	architect	93	0	6.1	2.1	When the pipe broke in the bathroom Felicia looked through the phonebook to find	who could come and take a look at the job.	False	n/a	n/a
1097.359375	0.2	561848	255	filler_word	63	38	2	delong	expected	a	an	plumber	architect	93	0	6.1	2.1	When the pipe broke in the bathroom Felicia looked through the phonebook to find	who could come and take a look at the job.	False	n/a	n/a
1097.890625	0.2	562120	255	filler_word	63	38	2	delong	expected	a	an	plumber	architect	93	0	6.1	2.1	When the pipe broke in the bathroom Felicia looked through the phonebook to find	who could come and take a look at the job.	False	n/a	n/a
1098.419921875	0.2	562391	202	an_expected	63	38	2	delong	expected	a	an	plumber	architect	93	0	6.1	2.1	When the pipe broke in the bathroom Felicia looked through the phonebook to find	who could come and take a look at the job.	False	n/a	n/a
1098.736328125	0.0	562553	133	item_marker	64	33	2	delong	expected	an	a	elephant	bicycle	73	11	6.43	4.48	The highlight of Jack's trip to India was when he got to ride	in the parade.	False	n/a	n/a
1098.791015625	0.0	562581	73	cloze_marker	64	33	2	delong	expected	an	a	elephant	bicycle	73	11	6.43	4.48	The highlight of Jack's trip to India was when he got to ride	in the parade.	False	n/a	n/a
1099.001953125	0.2	562689	205	noun_expected	64	33	2	delong	expected	an	a	elephant	bicycle	73	11	6.43	4.48	The highlight of Jack's trip to India was when he got to ride	in the parade.	False	n/a	n/a
1099.31640625	0.0	562850	133	item_marker	65	33	2	delong	expected	an	a	elephant	bicycle	73	11	6.43	4.48	The highlight of Jack's trip to India was when he got to ride	in the parade.	False	n/a	n/a
1099.37109375	0.0	562878	53	cloze_marker	65	33	2	delong	expected	an	a	elephant	bicycle	73	11	6.43	4.48	The highlight of Jack's trip to India was when he got to ride	in the parade.	False	n/a	n/a
1099.58203125	0.2	562986	255	filler_word	65	33	2	delong	expected	an	a	elephant	bicycle	73	11	6.43	4.48	The highlight of Jack's trip to India was when he got to ride	in the parade.	False	n/a	n/a
1100.111328125	0.2	563257	255	filler_word	65	33	2	delong	expected	an	a	elephant	bicycle	73	11	6.43	4.48	The highlight of Jack's trip to India was when he got to ride	in the parade.	False	n/a	n/a
1100.642578125	0.2	563529	207	final_expected	65	33	2	delong	expected	an	a	elephant	bicycle	73	11	6.43	4.48	The highlight of Jack's trip to India was when he got to ride	in the parade.	False	n/a	n/a
1103.12890625	0.2	564802	255	filler_word	65	33	2	delong	expected	an	a	elephant	bicycle	73	11	6.43	4.48	The highlight of Jack's trip to India was when he got to ride	in the parade.	False	n/a	n/a
1103.66015625	0.2	565074	255	filler_word	65	33	2	delong	expected	an	a	elephant	bicycle	73	11	6.43	4.48	The highlight of Jack's trip to India was when he got to ride	in the parade.	False	n/a	n/a
1104.19140625	0.2	565346	255	filler_word	65	33	2	delong	expected	an	a	elephant	bicycle	73	11	6.43	4.48	The highlight of Jack's trip to India was when he got to ride	in the parade.	False	n/a	n/a
1104.720703125	0.2	565617	255	filler_word	65	33	2	delong	expected	an	a	elephant	bicycle	73	11	6.43	4.48	The highlight of Jack's trip to India was when he got to ride	in the parade.	False	n/a	n/a
1105.251953125	0.2	565889	255	filler_word	65	33	2	delong	expected	an	a	elephant	bicycle	73	11	6.43	4.48	The highlight of Jack's trip to India was when he got to ride	in the parade.	False	n/a	n/a
1105.78125	0.2	566160	255	filler_word	65	33	2	delong	expected	an	a	elephant	bicycle	73	11	6.43	4.48	The highlight of Jack's trip to India was when he got to ride	in the parade.	False	n/a	n/a
1106.3125	0.2	566432	255	filler_word	65	33	2	delong	expected	an	a	elephant	bicycle	73	11	6.43	4.48	The highlight of Jack's trip to India was when he got to ride	in the parade.	False	n/a	n/a
1106.841796875	0.2	566703	255	filler_word	65	33	2	delong	expected	an	a	elephant	bicycle	73	11	6.43	4.48	The highlight of Jack's trip to India was when he got to ride	in the parade.	False	n/a	n/a
1107.373046875	0.2	566975	255	filler_word	65	33	2	delong	expected	an	a	elephant	bicycle	73	11	6.43	4.48	The highlight of Jack's trip to India was when he got to ride	in the parade.	False	n/a	n/a
1107.904296875	0.2	567247	255	filler_word	65	33	2	delong	expected	an	a	elephant	bicycle	73	11	6.43	4.48	The highlight of Jack's trip to India was when he got to ride	in the parade.	False	n/a	n/a
1108.43359375	0.2	567518	255	filler_word	65	33	2	delong	expected	an	a	elephant	bicycle	73	11	6.43	4.48	The highlight of Jack's trip to India was when he got to ride	in the parade.	False	n/a	n/a
1108.96484375	0.2	567790	255	filler_word	65	33	2	delong	expected	an	a	elephant	bicycle	73	11	6.43	4.48	The highlight of Jack's trip to India was when he got to ride	in the parade.	False	n/a	n/a
1109.49609375	0.2	568062	255	filler_word	65	33	2	delong	expected	an	a	elephant	bicycle	73	11	6.43	4.48	The highlight of Jack's trip to India was when he got to ride	in the parade.	False	n/a	n/a
1110.02734375	0.2	568334	255	filler_word	65	33	2	delong	expected	an	a	elephant	bicycle	73	11	6.43	4.48	The highlight of Jack's trip to India was when he got to ride	in the parade.	False	n/a	n/a
1110.556640625	0.2	568605	255	filler_word	65	33	2	delong	expected	an	a	elephant	bicycle	73	11	6.43	4.48	The highlight of Jack's trip to India was when he got to ride	in the parade.	False	n/a	n/a
1111.087890625	0.2	568877	255	filler_word	65	33	2	delong	expected	an	a	elephant	bicycle	73	11	6.43	4.48	The highlight of Jack's trip to India was when he got to ride	in the parade.	False	n/a	n/a
1111.6171875	0.2	569148	255	filler_word	65	33	2	delong	expected	an	a	elephant	bicycle	73	11	6.43	4.48	The highlight of Jack's trip to India was when he got to ride	in the parade.	False	n/a	n/a
1112.1484375	0.2	569420	255	filler_word	65	33	2	delong	expected	an	a	elephant	bicycle	73	11	6.43	4.48	The highlight of Jack's trip to India was when he got to ride	in the parade.	False	n/a	n/a
1112.677734375	0.2	569691	255	filler_word	65	33	2	delong	expected	an	a	elephant	bicycle	73	11	6.43	4.48	The highlight of Jack's trip to India was when he got to ride	in the parade.	False	n/a	n/a
1113.208984375	0.2	569963	255	filler_word	65	33	2	delong	expected	an	a	elephant	bicycle	73	11	6.43	4.48	The highlight of Jack's trip to India was when he got to ride	in the parade.	False	n/a	n/a
1113.740234375	0.2	570235	255	filler_word	65	33	2	delong	expected	an	a	elephant	bicycle	73	11	6.43	4.48	The highlight of Jack's trip to India was when he got to ride	in the parade.	False	n/a	n/a
1114.271484375	0.2	570507	255	filler_word	65	33	2	delong	expected	an	a	elephant	bicycle	73	11	6.43	4.48	The highlight of Jack's trip to India was when he got to ride	in the parade.	False	n/a	n/a
1114.80078125	0.2	570778	255	filler_word	65	33	2	delong	expected	an	a	elephant	bicycle	73	11	6.43	4.48	The highlight of Jack's trip to India was when he got to ride	in the parade.	False	n/a	n/a
1115.33203125	0.2	571050	255	filler_word	65	33	2	delong	expected	an	a	elephant	bicycle	73	11	6.43	4.48	The highlight of Jack's trip to India was when he got to ride	in the parade.	False	n/a	n/a
1115.861328125	0.2	571321	255	filler_word	65	33	2	delong	expected	an	a	elephant	bicycle	73	11	6.43	4.48	The highlight of Jack's trip to India was when he got to ride	in the parade.	False	n/a	n/a
1116.392578125	0.2	571593	255	filler_word	65	33	2	delong	expected	an	a	elephant	bicycle	73	11	6.43	4.48	The highlight of Jack's trip to India was when he got to ride	in the parade.	False	n/a	n/a
1116.921875	0.2	571864	255	filler_word	65	33	2	delong	expected	an	a	elephant	bicycle	73	11	6.43	4.48	The highlight of Jack's trip to India was when he got to ride	in the parade.	False	n/a	n/a
1117.453125	0.2	572136	255	filler_word	65	33	2	delong	expected	an	a	elephant	bicycle	73	11	6.43	4.48	The highlight of Jack's trip to India was when he got to ride	in the parade.	False	n/a	n/a
1117.984375	0.2	572408	255	filler_word	65	33	2	delong	expected	an	a	elephant	bicycle	73	11	6.43	4.48	The highlight of Jack's trip to India was when he got to ride	in the parade.	False	n/a	n/a
1118.515625	0.2	572680	202	an_expected	65	33	2	delong	expected	an	a	elephant	bicycle	73	11	6.43	4.48	The highlight of Jack's trip to India was when he got to ride	in the parade.	False	n/a	n/a
1118.830078125	0.0	572841	121	item_marker	66	21	2	delong	expected	an	a	allowance	pound	60	9	6.29	4.3	Instead of giving her money whenever she asked for it, Rachel's father thought that it would be a real lesson in economics for her if every week she received	to spend as she wished.	False	n/a	n/a
1118.884765625	0.0	572869	60	cloze_marker	66	21	2	delong	expected	an	a	allowance	pound	60	9	6.29	4.3	Instead of giving her money whenever she asked for it, Rachel's father thought that it would be a real lesson in economics for her if every week she received	to spend as she wished.	False	n/a	n/a
1119.09375	0.2	572976	205	noun_expected	66	21	2	delong	expected	an	a	allowance	pound	60	9	6.29	4.3	Instead of giving her money whenever she asked for it, Rachel's father thought that it would be a real lesson in economics for her if every week she received	to spend as she wished.	False	n/a	n/a
1119.41015625	0.0	573138	121	item_marker	67	21	2	delong	expected	an	a	allowance	pound	60	9	6.29	4.3	Instead of giving her money whenever she asked for it, Rachel's father thought that it would be a real lesson in economics for her if every week she received	to spend as she wished.	False	n/a	n/a
1119.46484375	0.0	573166	77	cloze_marker	67	21	2	delong	expected	an	a	allowance	pound	60	9	6.29	4.3	Instead of giving her money whenever she asked for it, Rachel's father thought that it would be a real lesson in economics for her if every week she received	to spend as she wished.	False	n/a	n/a
1119.673828125	0.2	573273	255	filler_word	67	21	2	delong	expected	an	a	allowance	pound	60	9	6.29	4.3	Instead of giving her money whenever she asked for it, Rachel's father thought that it would be a real lesson in economics for her if every week she received	to spend as she wished.	False	n/a	n/a
1120.205078125	0.2	573545	255	filler_word	67	21	2	delong	expected	an	a	allowance	pound	60	9	6.29	4.3	Instead of giving her money whenever she asked for it, Rachel's father thought that it would be a real lesson in economics for her if every week she received	to spend as she wished.	False	n/a	n/a
1120.736328125	0.2	573817	255	filler_word	67	21	2	delong	expected	an	a	allowance	pound	60	9	6.29	4.3	Instead of giving her money whenever she asked for it, Rachel's father thought that it would be a real lesson in economics for her if every week she received	to spend as she wished.	False	n/a	n/a
1121.265625	0.2	574088	255	filler_word	67	21	2	delong	expected	an	a	allowance	pound	60	9	6.29	4.3	Instead of giving her money whenever she asked for it, Rachel's father thought that it would be a real lesson in economics for her if every week she received	to spend as she wished.	False	n/a	n/a
1121.796875	0.2	574360	207	final_expected	67	21	2	delong	expected	an	a	allowance	pound	60	9	6.29	4.3	Instead of giving her money whenever she asked for it, Rachel's father thought that it would be a real lesson in economics for her if every week she received	to spend as she wished.	False	n/a	n/a
1124.5	0.2	575744	255	filler_word	67	21	2	delong	expected	an	a	allowance	pound	60	9	6.29	4.3	Instead of giving her money whenever she asked for it, Rachel's father thought that it would be a real lesson in economics for her if every week she received	to spend as she wished.	False	n/a	n/a
1125.029296875	0.2	576015	255	filler_word	67	21	2	delong	expected	an	a	allowance	pound	60	9	6.29	4.3	Instead of giving her money whenever she asked for it, Rachel's father thought that it would be a real lesson in economics for her if every week she received	to spend as she wished.	False	n/a	n/a
1125.560546875	0.2	576287	255	filler_word	67	21	2	delong	expected	an	a	allowance	pound	60	9	6.29	4.3	Instead of giving her money whenever she asked for it, Rachel's father thought that it would be a real lesson in economics for her if every week she received	to spend as she wished.	False	n/a	n/a
1126.08984375	0.2	576558	255	filler_word	67	21	2	delong	expected	an	a	allowance	pound	60	9	6.29	4.3	Instead of giving her money whenever she asked for it, Rachel's father thought that it would be a real lesson in economics for her if every week she received	to spend as she wished.	False	n/a	n/a
1126.62109375	0.2	576830	255	filler_word	67	21	2	delong	expected	an	a	allowance	pound	60	9	6.29	4.3	Instead of giving her money whenever she asked for it, Rachel's father thought that it would be a real lesson in economics for her if every week she received	to spend as she wished.	False	n/a	n/a
1127.15234375	0.2	577102	255	filler_word	67	21	2	delong	expected	an	a	allowance	pound	60	9	6.29	4.3	Instead of giving her money whenever she asked for it, Rachel's father thought that it would be a real lesson in economics for her if every week she received	to spend as she wished.	False	n/a	n/a
1127.68359375	0.2	577374	201	a_expected	67	21	2	delong	expected	an	a	allowance	pound	60	9	6.29	4.3	Instead of giving her money whenever she asked for it, Rachel's father thought that it would be a real lesson in economics for her if every week she received	to spend as she wished.	False	n/a	n/a
1127.998046875	0.0	577535	134	item_marker	68	34	2	delong	expected	a	an	bicycle	elephant	95	0	6.07	3.48	You never forget how to ride	once you've learned.	False	n/a	n/a
1128.052734375	0.0	577563	95	cloze_marker	68	34	2	delong	expected	a	an	bicycle	elephant	95	0	6.07	3.48	You never forget how to ride	once you've learned.	False	n/a	n/a
1128.263671875	0.2	577671	205	noun_expected	68	34	2	delong	expected	a	an	bicycle	elephant	95	0	6.07	3.48	You never forget how to ride	once you've learned.	False	n/a	n/a
1128.578125	0.0	577832	134	item_marker	69	34	2	delong	expected	a	an	bicycle	elephant	95	0	6.07	3.48	You never forget how to ride	once you've learned.	False	n/a	n/a
1128.6328125	0.0	577860	97	cloze_marker	69	34	2	delong	expected	a	an	bicycle	elephant	95	0	6.07	3.48	You never forget how to ride	once you've learned.	False	n/a	n/a
1128.84375	0.2	577968	255	filler_word	69	34	2	delong	expected	a	an	bicycle	elephant	95	0	6.07	3.48	You never forget how to ride	once you've learned.	False	n/a	n/a
1129.373046875	0.2	578239	255	filler_word	69	34	2	delong	expected	a	an	bicycle	elephant	95	0	6.07	3.48	You never forget how to ride	once you've learned.	False	n/a	n/a
1129.904296875	0.2	578511	207	final_expected	69	34	2	delong	expected	a	an	bicycle	elephant	95	0	6.07	3.48	You never forget how to ride	once you've learned.	False	n/a	n/a
1132.771484375	0.2	579979	255	filler_word	69	34	2	delong	expected	a	an	bicycle	elephant	95	0	6.07	3.48	You never forget how to ride	once you've learned.	False	n/a	n/a
1133.302734375	0.2	580251	255	filler_word	69	34	2	delong	expected	a	an	bicycle	elephant	95	0	6.07	3.48	You never forget how to ride	once you've learned.	False	n/a	n/a
1133.833984375	0.2	580523	255	filler_word	69	34	2	delong	expected	a	an	bicycle	elephant	95	0	6.07	3.48	You never forget how to ride	once you've learned.	False	n/a	n/a
1134.36328125	0.2	580794	255	filler_word	69	34	2	delong	expected	a	an	bicycle	elephant	95	0	6.07	3.48	You never forget how to ride	once you've learned.	False	n/a	n/a
1134.89453125	0.2	581066	255	filler_word	69	34	2	delong	expected	a	an	bicycle	elephant	95	0	6.07	3.48	You never forget how to ride	once you've learned.	False	n/a	n/a
1135.423828125	0.2	581337	255	filler_word	69	34	2	delong	expected	a	an	bicycle	elephant	95	0	6.07	3.48	You never forget how to ride	once you've learned.	False	n/a	n/a
1135.955078125	0.2	581609	255	filler_word	69	34	2	delong	expected	a	an	bicycle	elephant	95	0	6.07	3.48	You never forget how to ride	once you've learned.	False	n/a	n/a
1136.486328125	0.2	581881	255	filler_word	69	34	2	delong	expected	a	an	bicycle	elephant	95	0	6.07	3.48	You never forget how to ride	once you've learned.	False	n/a	n/a
1137.017578125	0.2	582153	255	filler_word	69	34	2	delong	expected	a	an	bicycle	elephant	95	0	6.07	3.48	You never forget how to ride	once you've learned.	False	n/a	n/a
1137.546875	0.2	582424	255	filler_word	69	34	2	delong	expected	a	an	bicycle	elephant	95	0	6.07	3.48	You never forget how to ride	once you've learned.	False	n/a	n/a
1138.078125	0.2	582696	255	filler_word	69	34	2	delong	expected	a	an	bicycle	elephant	95	0	6.07	3.48	You never forget how to ride	once you've learned.	False	n/a	n/a
1138.607421875	0.2	582967	255	filler_word	69	34	2	delong	expected	a	an	bicycle	elephant	95	0	6.07	3.48	You never forget how to ride	once you've learned.	False	n/a	n/a
1139.138671875	0.2	583239	255	filler_word	69	34	2	delong	expected	a	an	bicycle	elephant	95	0	6.07	3.48	You never forget how to ride	once you've learned.	False	n/a	n/a
1139.669921875	0.2	583511	255	filler_word	69	34	2	delong	expected	a	an	bicycle	elephant	95	0	6.07	3.48	You never forget how to ride	once you've learned.	False	n/a	n/a
1140.19921875	0.2	583782	255	filler_word	69	34	2	delong	expected	a	an	bicycle	elephant	95	0	6.07	3.48	You never forget how to ride	once you've learned.	False	n/a	n/a
1140.73046875	0.2	584054	255	filler_word	69	34	2	delong	expected	a	an	bicycle	elephant	95	0	6.07	3.48	You never forget how to ride	once you've learned.	False	n/a	n/a
1141.26171875	0.2	584326	201	a_expected	69	34	2	delong	expected	a	an	bicycle	elephant	95	0	6.07	3.48	You never forget how to ride	once you've learned.	False	n/a	n/a
1141.576171875	0.0	584487	122	item_marker	70	22	2	delong	expected	a	an	pound	allowance	52	2	5.19	3.9	Andrew complained that the only place he could afford was Poundland, after his grandmother gave him	for helping her.	False	n/a	n/a
1141.630859375	0.0	584515	52	cloze_marker	70	22	2	delong	expected	a	an	pound	allowance	52	2	5.19	3.9	Andrew complained that the only place he could afford was Poundland, after his grandmother gave him	for helping her.	False	n/a	n/a
1141.83984375	0.2	584622	205	noun_expected	70	22	2	delong	expected	a	an	pound	allowance	52	2	5.19	3.9	Andrew complained that the only place he could afford was Poundland, after his grandmother gave him	for helping her.	False	n/a	n/a
1142.15625	0.0	584784	122	item_marker	71	22	2	delong	expected	a	an	pound	allowance	52	2	5.19	3.9	Andrew complained that the only place he could afford was Poundland, after his grandmother gave him	for helping her.	False	n/a	n/a
1142.2109375	0.0	584812	53	cloze_marker	71	22	2	delong	expected	a	an	pound	allowance	52	2	5.19	3.9	Andrew complained that the only place he could afford was Poundland, after his grandmother gave him	for helping her.	False	n/a	n/a
1142.421875	0.2	584920	255	filler_word	71	22	2	delong	expected	a	an	pound	allowance	52	2	5.19	3.9	Andrew complained that the only place he could afford was Poundland, after his grandmother gave him	for helping her.	False	n/a	n/a
1142.951171875	0.2	585191	255	filler_word	71	22	2	delong	expected	a	an	pound	allowance	52	2	5.19	3.9	Andrew complained that the only place he could afford was Poundland, after his grandmother gave him	for helping her.	False	n/a	n/a
1143.482421875	0.2	585463	207	final_expected	71	22	2	delong	expected	a	an	pound	allowance	52	2	5.19	3.9	Andrew complained that the only place he could afford was Poundland, after his grandmother gave him	for helping her.	False	n/a	n/a
1147.759765625	0.2	587653	255	filler_word	71	22	2	delong	expected	a	an	pound	allowance	52	2	5.19	3.9	Andrew complained that the only place he could afford was Poundland, after his grandmother gave him	for helping her.	False	n/a	n/a
1148.291015625	0.2	587925	255	filler_word	71	22	2	delong	expected	a	an	pound	allowance	52	2	5.19	3.9	Andrew complained that the only place he could afford was Poundland, after his grandmother gave him	for helping her.	False	n/a	n/a
1148.8203125	0.2	588196	255	filler_word	71	22	2	delong	expected	a	an	pound	allowance	52	2	5.19	3.9	Andrew complained that the only place he could afford was Poundland, after his grandmother gave him	for helping her.	False	n/a	n/a
1149.3515625	0.2	588468	255	filler_word	71	22	2	delong	expected	a	an	pound	allowance	52	2	5.19	3.9	Andrew complained that the only place he could afford was Poundland, after his grandmother gave him	for helping her.	False	n/a	n/a
1149.880859375	0.2	588739	255	filler_word	71	22	2	delong	expected	a	an	pound	allowance	52	2	5.19	3.9	Andrew complained that the only place he could afford was Poundland, after his grandmother gave him	for helping her.	False	n/a	n/a
1150.412109375	0.2	589011	255	filler_word	71	22	2	delong	expected	a	an	pound	allowance	52	2	5.19	3.9	Andrew complained that the only place he could afford was Poundland, after his grandmother gave him	for helping her.	False	n/a	n/a
1150.943359375	0.2	589283	255	filler_word	71	22	2	delong	expected	a	an	pound	allowance	52	2	5.19	3.9	Andrew complained that the only place he could afford was Poundland, after his grandmother gave him	for helping her.	False	n/a	n/a
1151.474609375	0.2	589555	255	filler_word	71	22	2	delong	expected	a	an	pound	allowance	52	2	5.19	3.9	Andrew complained that the only place he could afford was Poundland, after his grandmother gave him	for helping her.	False	n/a	n/a
1152.00390625	0.2	589826	255	filler_word	71	22	2	delong	expected	a	an	pound	allowance	52	2	5.19	3.9	Andrew complained that the only place he could afford was Poundland, after his grandmother gave him	for helping her.	False	n/a	n/a
1152.53515625	0.2	590098	255	filler_word	71	22	2	delong	expected	a	an	pound	allowance	52	2	5.19	3.9	Andrew complained that the only place he could afford was Poundland, after his grandmother gave him	for helping her.	False	n/a	n/a
1153.064453125	0.2	590369	255	filler_word	71	22	2	delong	expected	a	an	pound	allowance	52	2	5.19	3.9	Andrew complained that the only place he could afford was Poundland, after his grandmother gave him	for helping her.	False	n/a	n/a
1153.595703125	0.2	590641	255	filler_word	71	22	2	delong	expected	a	an	pound	allowance	52	2	5.19	3.9	Andrew complained that the only place he could afford was Poundland, after his grandmother gave him	for helping her.	False	n/a	n/a
1154.125	0.2	590912	255	filler_word	71	22	2	delong	expected	a	an	pound	allowance	52	2	5.19	3.9	Andrew complained that the only place he could afford was Poundland, after his grandmother gave him	for helping her.	False	n/a	n/a
1154.65625	0.2	591184	202	an_expected	71	22	2	delong	expected	a	an	pound	allowance	52	2	5.19	3.9	Andrew complained that the only place he could afford was Poundland, after his grandmother gave him	for helping her.	False	n/a	n/a
1154.970703125	0.0	591345	137	item_marker	72	37	2	delong	expected	an	a	architect	plumber	82	11	5.87	3.39	Frank wanted to design a very modern house so he sought advice from	to select the fixtures.	False	n/a	n/a
1155.02734375	0.0	591374	82	cloze_marker	72	37	2	delong	expected	an	a	architect	plumber	82	11	5.87	3.39	Frank wanted to design a very modern house so he sought advice from	to select the fixtures.	False	n/a	n/a
1155.236328125	0.2	591481	205	noun_expected	72	37	2	delong	expected	an	a	architect	plumber	82	11	5.87	3.39	Frank wanted to design a very modern house so he sought advice from	to select the fixtures.	False	n/a	n/a
1155.552734375	0.0	591643	137	item_marker	73	37	2	delong	expected	an	a	architect	plumber	82	11	5.87	3.39	Frank wanted to design a very modern house so he sought advice from	to select the fixtures.	False	n/a	n/a
1155.607421875	0.0	591671	80	cloze_marker	73	37	2	delong	expected	an	a	architect	plumber	82	11	5.87	3.39	Frank wanted to design a very modern house so he sought advice from	to select the fixtures.	False	n/a	n/a
1155.81640625	0.2	591778	255	filler_word	73	37	2	delong	expected	an	a	architect	plumber	82	11	5.87	3.39	Frank wanted to design a very modern house so he sought advice from	to select the fixtures.	False	n/a	n/a
1156.34765625	0.2	592050	255	filler_word	73	37	2	delong	expected	an	a	architect	plumber	82	11	5.87	3.39	Frank wanted to design a very modern house so he sought advice from	to select the fixtures.	False	n/a	n/a
1156.876953125	0.2	592321	255	filler_word	73	37	2	delong	expected	an	a	architect	plumber	82	11	5.87	3.39	Frank wanted to design a very modern house so he sought advice from	to select the fixtures.	False	n/a	n/a
1157.408203125	0.2	592593	207	final_expected	73	37	2	delong	expected	an	a	architect	plumber	82	11	5.87	3.39	Frank wanted to design a very modern house so he sought advice from	to select the fixtures.	False	n/a	n/a
1176.126953125	0.2	602177	255	filler_word	73	37	2	delong	expected	an	a	architect	plumber	82	11	5.87	3.39	Frank wanted to design a very modern house so he sought advice from	to select the fixtures.	False	n/a	n/a
1176.65625	0.2	602448	255	filler_word	73	37	2	delong	expected	an	a	architect	plumber	82	11	5.87	3.39	Frank wanted to design a very modern house so he sought advice from	to select the fixtures.	False	n/a	n/a
1177.1875	0.2	602720	255	filler_word	73	37	2	delong	expected	an	a	architect	plumber	82	11	5.87	3.39	Frank wanted to design a very modern house so he sought advice from	to select the fixtures.	False	n/a	n/a
1177.71875	0.2	602992	255	filler_word	73	37	2	delong	expected	an	a	architect	plumber	82	11	5.87	3.39	Frank wanted to design a very modern house so he sought advice from	to select the fixtures.	False	n/a	n/a
1178.248046875	0.2	603263	255	filler_word	73	37	2	delong	expected	an	a	architect	plumber	82	11	5.87	3.39	Frank wanted to design a very modern house so he sought advice from	to select the fixtures.	False	n/a	n/a
1178.779296875	0.2	603535	255	filler_word	73	37	2	delong	expected	an	a	architect	plumber	82	11	5.87	3.39	Frank wanted to design a very modern house so he sought advice from	to select the fixtures.	False	n/a	n/a
1179.310546875	0.2	603807	255	filler_word	73	37	2	delong	expected	an	a	architect	plumber	82	11	5.87	3.39	Frank wanted to design a very modern house so he sought advice from	to select the fixtures.	False	n/a	n/a
1179.83984375	0.2	604078	255	filler_word	73	37	2	delong	expected	an	a	architect	plumber	82	11	5.87	3.39	Frank wanted to design a very modern house so he sought advice from	to select the fixtures.	False	n/a	n/a
1180.37109375	0.2	604350	255	filler_word	73	37	2	delong	expected	an	a	architect	plumber	82	11	5.87	3.39	Frank wanted to design a very modern house so he sought advice from	to select the fixtures.	False	n/a	n/a
1180.900390625	0.2	604621	255	filler_word	73	37	2	delong	expected	an	a	architect	plumber	82	11	5.87	3.39	Frank wanted to design a very modern house so he sought advice from	to select the fixtures.	False	n/a	n/a
1181.431640625	0.2	604893	255	filler_word	73	37	2	delong	expected	an	a	architect	plumber	82	11	5.87	3.39	Frank wanted to design a very modern house so he sought advice from	to select the fixtures.	False	n/a	n/a
1181.9609375	0.2	605164	255	filler_word	73	37	2	delong	expected	an	a	architect	plumber	82	11	5.87	3.39	Frank wanted to design a very modern house so he sought advice from	to select the fixtures.	False	n/a	n/a
1182.4921875	0.2	605436	255	filler_word	73	37	2	delong	expected	an	a	architect	plumber	82	11	5.87	3.39	Frank wanted to design a very modern house so he sought advice from	to select the fixtures.	False	n/a	n/a
1183.0234375	0.2	605708	255	filler_word	73	37	2	delong	expected	an	a	architect	plumber	82	11	5.87	3.39	Frank wanted to design a very modern house so he sought advice from	to select the fixtures.	False	n/a	n/a
1183.5546875	0.2	605980	255	filler_word	73	37	2	delong	expected	an	a	architect	plumber	82	11	5.87	3.39	Frank wanted to design a very modern house so he sought advice from	to select the fixtures.	False	n/a	n/a
1184.083984375	0.2	606251	255	filler_word	73	37	2	delong	expected	an	a	architect	plumber	82	11	5.87	3.39	Frank wanted to design a very modern house so he sought advice from	to select the fixtures.	False	n/a	n/a
1184.615234375	0.2	606523	201	a_expected	73	37	2	delong	expected	an	a	architect	plumber	82	11	5.87	3.39	Frank wanted to design a very modern house so he sought advice from	to select the fixtures.	False	n/a	n/a
1184.9296875	0.0	606684	129	item_marker	74	29	2	delong	expected	a	an	flat	apartment	66	11	6.26	6.03	Margot had finally decided to buy a house in the suburbs after a year of renting	in the city.	True	Did Margot want to buy a car?	no
1184.984375	0.0	606712	66	cloze_marker	74	29	2	delong	expected	a	an	flat	apartment	66	11	6.26	6.03	Margot had finally decided to buy a house in the suburbs after a year of renting	in the city.	True	Did Margot want to buy a car?	no
1185.1953125	0.2	606820	205	noun_expected	74	29	2	delong	expected	a	an	flat	apartment	66	11	6.26	6.03	Margot had finally decided to buy a house in the suburbs after a year of renting	in the city.	True	Did Margot want to buy a car?	no
1185.51171875	0.0	606982	129	item_marker	75	29	2	delong	expected	a	an	flat	apartment	66	11	6.26	6.03	Margot had finally decided to buy a house in the suburbs after a year of renting	in the city.	True	Did Margot want to buy a car?	no
1185.56640625	0.0	607010	90	cloze_marker	75	29	2	delong	expected	a	an	flat	apartment	66	11	6.26	6.03	Margot had finally decided to buy a house in the suburbs after a year of renting	in the city.	True	Did Margot want to buy a car?	no
1185.775390625	0.2	607117	255	filler_word	75	29	2	delong	expected	a	an	flat	apartment	66	11	6.26	6.03	Margot had finally decided to buy a house in the suburbs after a year of renting	in the city.	True	Did Margot want to buy a car?	no
1186.306640625	0.2	607389	255	filler_word	75	29	2	delong	expected	a	an	flat	apartment	66	11	6.26	6.03	Margot had finally decided to buy a house in the suburbs after a year of renting	in the city.	True	Did Margot want to buy a car?	no
1186.8359375	0.2	607660	207	final_expected	75	29	2	delong	expected	a	an	flat	apartment	66	11	6.26	6.03	Margot had finally decided to buy a house in the suburbs after a year of renting	in the city.	True	Did Margot want to buy a car?	no
1193.6171875	0.0	611132	251	question	75	29	2	delong	expected	a	an	flat	apartment	66	11	6.26	6.03	Margot had finally decided to buy a house in the suburbs after a year of renting	in the city.	True	Did Margot want to buy a car?	no
1197.662109375	0.2	613203	255	filler_word	75	29	2	delong	expected	a	an	flat	apartment	66	11	6.26	6.03	Margot had finally decided to buy a house in the suburbs after a year of renting	in the city.	True	Did Margot want to buy a car?	no
1198.193359375	0.2	613475	255	filler_word	75	29	2	delong	expected	a	an	flat	apartment	66	11	6.26	6.03	Margot had finally decided to buy a house in the suburbs after a year of renting	in the city.	True	Did Margot want to buy a car?	no
1198.72265625	0.2	613746	255	filler_word	75	29	2	delong	expected	a	an	flat	apartment	66	11	6.26	6.03	Margot had finally decided to buy a house in the suburbs after a year of renting	in the city.	True	Did Margot want to buy a car?	no
1199.25390625	0.2	614018	255	filler_word	75	29	2	delong	expected	a	an	flat	apartment	66	11	6.26	6.03	Margot had finally decided to buy a house in the suburbs after a year of renting	in the city.	True	Did Margot want to buy a car?	no
1199.783203125	0.2	614289	255	filler_word	75	29	2	delong	expected	a	an	flat	apartment	66	11	6.26	6.03	Margot had finally decided to buy a house in the suburbs after a year of renting	in the city.	True	Did Margot want to buy a car?	no
1200.314453125	0.2	614561	255	filler_word	75	29	2	delong	expected	a	an	flat	apartment	66	11	6.26	6.03	Margot had finally decided to buy a house in the suburbs after a year of renting	in the city.	True	Did Margot want to buy a car?	no
1200.845703125	0.2	614833	255	filler_word	75	29	2	delong	expected	a	an	flat	apartment	66	11	6.26	6.03	Margot had finally decided to buy a house in the suburbs after a year of renting	in the city.	True	Did Margot want to buy a car?	no
1201.375	0.2	615104	255	filler_word	75	29	2	delong	expected	a	an	flat	apartment	66	11	6.26	6.03	Margot had finally decided to buy a house in the suburbs after a year of renting	in the city.	True	Did Margot want to buy a car?	no
1201.90625	0.2	615376	255	filler_word	75	29	2	delong	expected	a	an	flat	apartment	66	11	6.26	6.03	Margot had finally decided to buy a house in the suburbs after a year of renting	in the city.	True	Did Margot want to buy a car?	no
1202.4375	0.2	615648	255	filler_word	75	29	2	delong	expected	a	an	flat	apartment	66	11	6.26	6.03	Margot had finally decided to buy a house in the suburbs after a year of renting	in the city.	True	Did Margot want to buy a car?	no
1202.96875	0.2	615920	255	filler_word	75	29	2	delong	expected	a	an	flat	apartment	66	11	6.26	6.03	Margot had finally decided to buy a house in the suburbs after a year of renting	in the city.	True	Did Margot want to buy a car?	no
1203.498046875	0.2	616191	255	filler_word	75	29	2	delong	expected	a	an	flat	apartment	66	11	6.26	6.03	Margot had finally decided to buy a house in the suburbs after a year of renting	in the city.	True	Did Margot want to buy a car?	no
1204.029296875	0.2	616463	255	filler_word	75	29	2	delong	expected	a	an	flat	apartment	66	11	6.26	6.03	Margot had finally decided to buy a house in the suburbs after a year of renting	in the city.	True	Did Margot want to buy a car?	no
1204.55859375	0.2	616734	255	filler_word	75	29	2	delong	expected	a	an	flat	apartment	66	11	6.26	6.03	Margot had finally decided to buy a house in the suburbs after a year of renting	in the city.	True	Did Margot want to buy a car?	no
1205.08984375	0.2	617006	255	filler_word	75	29	2	delong	expected	a	an	flat	apartment	66	11	6.26	6.03	Margot had finally decided to buy a house in the suburbs after a year of renting	in the city.	True	Did Margot want to buy a car?	no
1205.619140625	0.2	617277	255	filler_word	75	29	2	delong	expected	a	an	flat	apartment	66	11	6.26	6.03	Margot had finally decided to buy a house in the suburbs after a year of renting	in the city.	True	Did Margot want to buy a car?	no
1206.150390625	0.2	617549	255	filler_word	75	29	2	delong	expected	a	an	flat	apartment	66	11	6.26	6.03	Margot had finally decided to buy a house in the suburbs after a year of renting	in the city.	True	Did Margot want to buy a car?	no
1206.681640625	0.2	617821	255	filler_word	75	29	2	delong	expected	a	an	flat	apartment	66	11	6.26	6.03	Margot had finally decided to buy a house in the suburbs after a year of renting	in the city.	True	Did Margot want to buy a car?	no
1207.212890625	0.2	618093	255	filler_word	75	29	2	delong	expected	a	an	flat	apartment	66	11	6.26	6.03	Margot had finally decided to buy a house in the suburbs after a year of renting	in the city.	True	Did Margot want to buy a car?	no
1207.7421875	0.2	618364	255	filler_word	75	29	2	delong	expected	a	an	flat	apartment	66	11	6.26	6.03	Margot had finally decided to buy a house in the suburbs after a year of renting	in the city.	True	Did Margot want to buy a car?	no
1208.2734375	0.2	618636	255	filler_word	75	29	2	delong	expected	a	an	flat	apartment	66	11	6.26	6.03	Margot had finally decided to buy a house in the suburbs after a year of renting	in the city.	True	Did Margot want to buy a car?	no
1208.802734375	0.2	618907	255	filler_word	75	29	2	delong	expected	a	an	flat	apartment	66	11	6.26	6.03	Margot had finally decided to buy a house in the suburbs after a year of renting	in the city.	True	Did Margot want to buy a car?	no
1209.333984375	0.2	619179	202	an_expected	75	29	2	delong	expected	a	an	flat	apartment	66	11	6.26	6.03	Margot had finally decided to buy a house in the suburbs after a year of renting	in the city.	True	Did Margot want to buy a car?	no
1209.6484375	0.0	619340	125	item_marker	76	25	2	delong	expected	an	a	iron	hanger	59	2	6.27	4.48	Charlie's wife told him that she was tired of pressing his shirts and that he would have to learn how to use	one of these days.	False	n/a	n/a
1209.703125	0.0	619368	59	cloze_marker	76	25	2	delong	expected	an	a	iron	hanger	59	2	6.27	4.48	Charlie's wife told him that she was tired of pressing his shirts and that he would have to learn how to use	one of these days.	False	n/a	n/a
1209.9140625	0.2	619476	205	noun_expected	76	25	2	delong	expected	an	a	iron	hanger	59	2	6.27	4.48	Charlie's wife told him that she was tired of pressing his shirts and that he would have to learn how to use	one of these days.	False	n/a	n/a
1210.23046875	0.0	619638	125	item_marker	77	25	2	delong	expected	an	a	iron	hanger	59	2	6.27	4.48	Charlie's wife told him that she was tired of pressing his shirts and that he would have to learn how to use	one of these days.	False	n/a	n/a
1210.28515625	0.0	619666	97	cloze_marker	77	25	2	delong	expected	an	a	iron	hanger	59	2	6.27	4.48	Charlie's wife told him that she was tired of pressing his shirts and that he would have to learn how to use	one of these days.	False	n/a	n/a
1210.494140625	0.2	619773	255	filler_word	77	25	2	delong	expected	an	a	iron	hanger	59	2	6.27	4.48	Charlie's wife told him that she was tired of pressing his shirts and that he would have to learn how to use	one of these days.	False	n/a	n/a
1211.025390625	0.2	620045	255	filler_word	77	25	2	delong	expected	an	a	iron	hanger	59	2	6.27	4.48	Charlie's wife told him that she was tired of pressing his shirts and that he would have to learn how to use	one of these days.	False	n/a	n/a
1211.5546875	0.2	620316	255	filler_word	77	25	2	delong	expected	an	a	iron	hanger	59	2	6.27	4.48	Charlie's wife told him that she was tired of pressing his shirts and that he would have to learn how to use	one of these days.	False	n/a	n/a
1212.0859375	0.2	620588	207	final_expected	77	25	2	delong	expected	an	a	iron	hanger	59	2	6.27	4.48	Charlie's wife told him that she was tired of pressing his shirts and that he would have to learn how to use	one of these days.	False	n/a	n/a
1215.865234375	0.2	622523	255	filler_word	77	25	2	delong	expected	an	a	iron	hanger	59	2	6.27	4.48	Charlie's wife told him that she was tired of pressing his shirts and that he would have to learn how to use	one of these days.	False	n/a	n/a
1216.396484375	0.2	622795	255	filler_word	77	25	2	delong	expected	an	a	iron	hanger	59	2	6.27	4.48	Charlie's wife told him that she was tired of pressing his shirts and that he would have to learn how to use	one of these days.	False	n/a	n/a
1216.927734375	0.2	623067	255	filler_word	77	25	2	delong	expected	an	a	iron	hanger	59	2	6.27	4.48	Charlie's wife told him that she was tired of pressing his shirts and that he would have to learn how to use	one of these days.	False	n/a	n/a
1217.45703125	0.2	623338	255	filler_word	77	25	2	delong	expected	an	a	iron	hanger	59	2	6.27	4.48	Charlie's wife told him that she was tired of pressing his shirts and that he would have to learn how to use	one of these days.	False	n/a	n/a
1217.98828125	0.2	623610	255	filler_word	77	25	2	delong	expected	an	a	iron	hanger	59	2	6.27	4.48	Charlie's wife told him that she was tired of pressing his shirts and that he would have to learn how to use	one of these days.	False	n/a	n/a
1218.517578125	0.2	623881	255	filler_word	77	25	2	delong	expected	an	a	iron	hanger	59	2	6.27	4.48	Charlie's wife told him that she was tired of pressing his shirts and that he would have to learn how to use	one of these days.	False	n/a	n/a
1219.048828125	0.2	624153	255	filler_word	77	25	2	delong	expected	an	a	iron	hanger	59	2	6.27	4.48	Charlie's wife told him that she was tired of pressing his shirts and that he would have to learn how to use	one of these days.	False	n/a	n/a
1219.580078125	0.2	624425	255	filler_word	77	25	2	delong	expected	an	a	iron	hanger	59	2	6.27	4.48	Charlie's wife told him that she was tired of pressing his shirts and that he would have to learn how to use	one of these days.	False	n/a	n/a
1220.109375	0.2	624696	255	filler_word	77	25	2	delong	expected	an	a	iron	hanger	59	2	6.27	4.48	Charlie's wife told him that she was tired of pressing his shirts and that he would have to learn how to use	one of these days.	False	n/a	n/a
1220.640625	0.2	624968	255	filler_word	77	25	2	delong	expected	an	a	iron	hanger	59	2	6.27	4.48	Charlie's wife told him that she was tired of pressing his shirts and that he would have to learn how to use	one of these days.	False	n/a	n/a
1221.171875	0.2	625240	255	filler_word	77	25	2	delong	expected	an	a	iron	hanger	59	2	6.27	4.48	Charlie's wife told him that she was tired of pressing his shirts and that he would have to learn how to use	one of these days.	False	n/a	n/a
1221.701171875	0.2	625511	255	filler_word	77	25	2	delong	expected	an	a	iron	hanger	59	2	6.27	4.48	Charlie's wife told him that she was tired of pressing his shirts and that he would have to learn how to use	one of these days.	False	n/a	n/a
1222.232421875	0.2	625783	255	filler_word	77	25	2	delong	expected	an	a	iron	hanger	59	2	6.27	4.48	Charlie's wife told him that she was tired of pressing his shirts and that he would have to learn how to use	one of these days.	False	n/a	n/a
1222.763671875	0.2	626055	255	filler_word	77	25	2	delong	expected	an	a	iron	hanger	59	2	6.27	4.48	Charlie's wife told him that she was tired of pressing his shirts and that he would have to learn how to use	one of these days.	False	n/a	n/a
1223.29296875	0.2	626326	255	filler_word	77	25	2	delong	expected	an	a	iron	hanger	59	2	6.27	4.48	Charlie's wife told him that she was tired of pressing his shirts and that he would have to learn how to use	one of these days.	False	n/a	n/a
1223.82421875	0.2	626598	255	filler_word	77	25	2	delong	expected	an	a	iron	hanger	59	2	6.27	4.48	Charlie's wife told him that she was tired of pressing his shirts and that he would have to learn how to use	one of these days.	False	n/a	n/a
1224.353515625	0.2	626869	255	filler_word	77	25	2	delong	expected	an	a	iron	hanger	59	2	6.27	4.48	Charlie's wife told him that she was tired of pressing his shirts and that he would have to learn how to use	one of these days.	False	n/a	n/a
1224.884765625	0.2	627141	255	filler_word	77	25	2	delong	expected	an	a	iron	hanger	59	2	6.27	4.48	Charlie's wife told him that she was tired of pressing his shirts and that he would have to learn how to use	one of these days.	False	n/a	n/a
1225.4140625	0.2	627412	255	filler_word	77	25	2	delong	expected	an	a	iron	hanger	59	2	6.27	4.48	Charlie's wife told him that she was tired of pressing his shirts and that he would have to learn how to use	one of these days.	False	n/a	n/a
1225.9453125	0.2	627684	255	filler_word	77	25	2	delong	expected	an	a	iron	hanger	59	2	6.27	4.48	Charlie's wife told him that she was tired of pressing his shirts and that he would have to learn how to use	one of these days.	False	n/a	n/a
1226.4765625	0.2	627956	255	filler_word	77	25	2	delong	expected	an	a	iron	hanger	59	2	6.27	4.48	Charlie's wife told him that she was tired of pressing his shirts and that he would have to learn how to use	one of these days.	False	n/a	n/a
1227.0078125	0.2	628228	255	filler_word	77	25	2	delong	expected	an	a	iron	hanger	59	2	6.27	4.48	Charlie's wife told him that she was tired of pressing his shirts and that he would have to learn how to use	one of these days.	False	n/a	n/a
1227.537109375	0.2	628499	255	filler_word	77	25	2	delong	expected	an	a	iron	hanger	59	2	6.27	4.48	Charlie's wife told him that she was tired of pressing his shirts and that he would have to learn how to use	one of these days.	False	n/a	n/a
1228.068359375	0.2	628771	203	a_unexpected	77	25	2	delong	expected	an	a	iron	hanger	59	2	6.27	4.48	Charlie's wife told him that she was tired of pressing his shirts and that he would have to learn how to use	one of these days.	False	n/a	n/a
1228.3828125	0.0	628932	123	item_marker	78	23	2	delong	unexpected	an	a	emergency	fire	70	0	6.17	5.32	When she was filling out the paperwork, Merrill had to write down the name of someone who could be contacted in case of	while she was at work.	False	n/a	n/a
1228.4375	0.0	628960	200	cloze_marker	78	23	2	delong	unexpected	an	a	emergency	fire	70	0	6.17	5.32	When she was filling out the paperwork, Merrill had to write down the name of someone who could be contacted in case of	while she was at work.	False	n/a	n/a
1228.6484375	0.2	629068	206	noun_unexpected	78	23	2	delong	unexpected	an	a	emergency	fire	70	0	6.17	5.32	When she was filling out the paperwork, Merrill had to write down the name of someone who could be contacted in case of	while she was at work.	False	n/a	n/a
1228.96484375	0.0	629230	123	item_marker	79	23	2	delong	unexpected	an	a	emergency	fire	70	0	6.17	5.32	When she was filling out the paperwork, Merrill had to write down the name of someone who could be contacted in case of	while she was at work.	False	n/a	n/a
1229.01953125	0.0	629258	3	cloze_marker	79	23	2	delong	unexpected	an	a	emergency	fire	70	0	6.17	5.32	When she was filling out the paperwork, Merrill had to write down the name of someone who could be contacted in case of	while she was at work.	False	n/a	n/a
1229.228515625	0.2	629365	255	filler_word	79	23	2	delong	unexpected	an	a	emergency	fire	70	0	6.17	5.32	When she was filling out the paperwork, Merrill had to write down the name of someone who could be contacted in case of	while she was at work.	False	n/a	n/a
1229.759765625	0.2	629637	255	filler_word	79	23	2	delong	unexpected	an	a	emergency	fire	70	0	6.17	5.32	When she was filling out the paperwork, Merrill had to write down the name of someone who could be contacted in case of	while she was at work.	False	n/a	n/a
1230.2890625	0.2	629908	255	filler_word	79	23	2	delong	unexpected	an	a	emergency	fire	70	0	6.17	5.32	When she was filling out the paperwork, Merrill had to write down the name of someone who could be contacted in case of	while she was at work.	False	n/a	n/a
1230.8203125	0.2	630180	255	filler_word	79	23	2	delong	unexpected	an	a	emergency	fire	70	0	6.17	5.32	When she was filling out the paperwork, Merrill had to write down the name of someone who could be contacted in case of	while she was at work.	False	n/a	n/a
1231.3515625	0.2	630452	208	final_unexpected	79	23	2	delong	unexpected	an	a	emergency	fire	70	0	6.17	5.32	When she was filling out the paperwork, Merrill had to write down the name of someone who could be contacted in case of	while she was at work.	False	n/a	n/a
1253.732421875	0.2	641911	255	filler_word	79	23	2	delong	unexpected	an	a	emergency	fire	70	0	6.17	5.32	When she was filling out the paperwork, Merrill had to write down the name of someone who could be contacted in case of	while she was at work.	False	n/a	n/a
1254.26171875	0.2	642182	255	filler_word	79	23	2	delong	unexpected	an	a	emergency	fire	70	0	6.17	5.32	When she was filling out the paperwork, Merrill had to write down the name of someone who could be contacted in case of	while she was at work.	False	n/a	n/a
1254.79296875	0.2	642454	255	filler_word	79	23	2	delong	unexpected	an	a	emergency	fire	70	0	6.17	5.32	When she was filling out the paperwork, Merrill had to write down the name of someone who could be contacted in case of	while she was at work.	False	n/a	n/a
1255.32421875	0.2	642726	255	filler_word	79	23	2	delong	unexpected	an	a	emergency	fire	70	0	6.17	5.32	When she was filling out the paperwork, Merrill had to write down the name of someone who could be contacted in case of	while she was at work.	False	n/a	n/a
1255.853515625	0.2	642997	255	filler_word	79	23	2	delong	unexpected	an	a	emergency	fire	70	0	6.17	5.32	When she was filling out the paperwork, Merrill had to write down the name of someone who could be contacted in case of	while she was at work.	False	n/a	n/a
1256.384765625	0.2	643269	204	an_unexpected	79	23	2	delong	unexpected	an	a	emergency	fire	70	0	6.17	5.32	When she was filling out the paperwork, Merrill had to write down the name of someone who could be contacted in case of	while she was at work.	False	n/a	n/a
1256.69921875	0.0	643430	143	item_marker	80	43	2	delong	unexpected	a	an	stamp	envelope	86	2	4.67	3.74	Jeffrey mailed the letter without	so the post office would never deliver it.	True	Did Hannah mail the letter?	no
1256.755859375	0.0	643459	2	cloze_marker	80	43	2	delong	unexpected	a	an	stamp	envelope	86	2	4.67	3.74	Jeffrey mailed the letter without	so the post office would never deliver it.	True	Did Hannah mail the letter?	no
1256.96484375	0.2	643566	206	noun_unexpected	80	43	2	delong	unexpected	a	an	stamp	envelope	86	2	4.67	3.74	Jeffrey mailed the letter without	so the post office would never deliver it.	True	Did Hannah mail the letter?	no
1257.279296875	0.0	643727	143	item_marker	81	43	2	delong	unexpected	a	an	stamp	envelope	86	2	4.67	3.74	Jeffrey mailed the letter without	so the post office would never deliver it.	True	Did Hannah mail the letter?	no
1257.3359375	0.0	643756	40	cloze_marker	81	43	2	delong	unexpected	a	an	stamp	envelope	86	2	4.67	3.74	Jeffrey mailed the letter without	so the post office would never deliver it.	True	Did Hannah mail the letter?	no
1257.544921875	0.2	643863	255	filler_word	81	43	2	delong	unexpected	a	an	stamp	envelope	86	2	4.67	3.74	Jeffrey mailed the letter without	so the post office would never deliver it.	True	Did Hannah mail the letter?	no
1258.076171875	0.2	644135	255	filler_word	81	43	2	delong	unexpected	a	an	stamp	envelope	86	2	4.67	3.74	Jeffrey mailed the letter without	so the post office would never deliver it.	True	Did Hannah mail the letter?	no
1258.60546875	0.2	644406	255	filler_word	81	43	2	delong	unexpected	a	an	stamp	envelope	86	2	4.67	3.74	Jeffrey mailed the letter without	so the post office would never deliver it.	True	Did Hannah mail the letter?	no
1259.13671875	0.2	644678	255	filler_word	81	43	2	delong	unexpected	a	an	stamp	envelope	86	2	4.67	3.74	Jeffrey mailed the letter without	so the post office would never deliver it.	True	Did Hannah mail the letter?	no
1259.66796875	0.2	644950	255	filler_word	81	43	2	delong	unexpected	a	an	stamp	envelope	86	2	4.67	3.74	Jeffrey mailed the letter without	so the post office would never deliver it.	True	Did Hannah mail the letter?	no
1260.197265625	0.2	645221	255	filler_word	81	43	2	delong	unexpected	a	an	stamp	envelope	86	2	4.67	3.74	Jeffrey mailed the letter without	so the post office would never deliver it.	True	Did Hannah mail the letter?	no
1260.728515625	0.2	645493	255	filler_word	81	43	2	delong	unexpected	a	an	stamp	envelope	86	2	4.67	3.74	Jeffrey mailed the letter without	so the post office would never deliver it.	True	Did Hannah mail the letter?	no
1261.259765625	0.2	645765	208	final_unexpected	81	43	2	delong	unexpected	a	an	stamp	envelope	86	2	4.67	3.74	Jeffrey mailed the letter without	so the post office would never deliver it.	True	Did Hannah mail the letter?	no
1272.84765625	0.0	651698	251	question	81	43	2	delong	unexpected	a	an	stamp	envelope	86	2	4.67	3.74	Jeffrey mailed the letter without	so the post office would never deliver it.	True	Did Hannah mail the letter?	no
1276.412109375	0.2	653523	255	filler_word	81	43	2	delong	unexpected	a	an	stamp	envelope	86	2	4.67	3.74	Jeffrey mailed the letter without	so the post office would never deliver it.	True	Did Hannah mail the letter?	no
1276.94140625	0.2	653794	255	filler_word	81	43	2	delong	unexpected	a	an	stamp	envelope	86	2	4.67	3.74	Jeffrey mailed the letter without	so the post office would never deliver it.	True	Did Hannah mail the letter?	no
1277.47265625	0.2	654066	255	filler_word	81	43	2	delong	unexpected	a	an	stamp	envelope	86	2	4.67	3.74	Jeffrey mailed the letter without	so the post office would never deliver it.	True	Did Hannah mail the letter?	no
1278.00390625	0.2	654338	255	filler_word	81	43	2	delong	unexpected	a	an	stamp	envelope	86	2	4.67	3.74	Jeffrey mailed the letter without	so the post office would never deliver it.	True	Did Hannah mail the letter?	no
1278.53515625	0.2	654610	255	filler_word	81	43	2	delong	unexpected	a	an	stamp	envelope	86	2	4.67	3.74	Jeffrey mailed the letter without	so the post office would never deliver it.	True	Did Hannah mail the letter?	no
1279.064453125	0.2	654881	255	filler_word	81	43	2	delong	unexpected	a	an	stamp	envelope	86	2	4.67	3.74	Jeffrey mailed the letter without	so the post office would never deliver it.	True	Did Hannah mail the letter?	no
1279.595703125	0.2	655153	255	filler_word	81	43	2	delong	unexpected	a	an	stamp	envelope	86	2	4.67	3.74	Jeffrey mailed the letter without	so the post office would never deliver it.	True	Did Hannah mail the letter?	no
1280.125	0.2	655424	255	filler_word	81	43	2	delong	unexpected	a	an	stamp	envelope	86	2	4.67	3.74	Jeffrey mailed the letter without	so the post office would never deliver it.	True	Did Hannah mail the letter?	no
1280.65625	0.2	655696	255	filler_word	81	43	2	delong	unexpected	a	an	stamp	envelope	86	2	4.67	3.74	Jeffrey mailed the letter without	so the post office would never deliver it.	True	Did Hannah mail the letter?	no
1281.1875	0.2	655968	255	filler_word	81	43	2	delong	unexpected	a	an	stamp	envelope	86	2	4.67	3.74	Jeffrey mailed the letter without	so the post office would never deliver it.	True	Did Hannah mail the letter?	no
1281.716796875	0.2	656239	255	filler_word	81	43	2	delong	unexpected	a	an	stamp	envelope	86	2	4.67	3.74	Jeffrey mailed the letter without	so the post office would never deliver it.	True	Did Hannah mail the letter?	no
1282.248046875	0.2	656511	255	filler_word	81	43	2	delong	unexpected	a	an	stamp	envelope	86	2	4.67	3.74	Jeffrey mailed the letter without	so the post office would never deliver it.	True	Did Hannah mail the letter?	no
1282.77734375	0.2	656782	255	filler_word	81	43	2	delong	unexpected	a	an	stamp	envelope	86	2	4.67	3.74	Jeffrey mailed the letter without	so the post office would never deliver it.	True	Did Hannah mail the letter?	no
1283.30859375	0.2	657054	255	filler_word	81	43	2	delong	unexpected	a	an	stamp	envelope	86	2	4.67	3.74	Jeffrey mailed the letter without	so the post office would never deliver it.	True	Did Hannah mail the letter?	no
1283.83984375	0.2	657326	255	filler_word	81	43	2	delong	unexpected	a	an	stamp	envelope	86	2	4.67	3.74	Jeffrey mailed the letter without	so the post office would never deliver it.	True	Did Hannah mail the letter?	no
1284.37109375	0.2	657598	202	an_expected	81	43	2	delong	unexpected	a	an	stamp	envelope	86	2	4.67	3.74	Jeffrey mailed the letter without	so the post office would never deliver it.	True	Did Hannah mail the letter?	no
1284.685546875	0.0	657759	141	item_marker	82	41	2	delong	expected	an	a	adult	parent	91	9	5.58	4.7	In order to get into an R-rated movie children under 17 must be accompanied by	or legal guardian.	False	n/a	n/a
1284.740234375	0.0	657787	91	cloze_marker	82	41	2	delong	expected	an	a	adult	parent	91	9	5.58	4.7	In order to get into an R-rated movie children under 17 must be accompanied by	or legal guardian.	False	n/a	n/a
1284.951171875	0.2	657895	205	noun_expected	82	41	2	delong	expected	an	a	adult	parent	91	9	5.58	4.7	In order to get into an R-rated movie children under 17 must be accompanied by	or legal guardian.	False	n/a	n/a
1285.265625	0.0	658056	141	item_marker	83	41	2	delong	expected	an	a	adult	parent	91	9	5.58	4.7	In order to get into an R-rated movie children under 17 must be accompanied by	or legal guardian.	False	n/a	n/a
1285.3203125	0.0	658084	100	cloze_marker	83	41	2	delong	expected	an	a	adult	parent	91	9	5.58	4.7	In order to get into an R-rated movie children under 17 must be accompanied by	or legal guardian.	False	n/a	n/a
1285.53125	0.2	658192	255	filler_word	83	41	2	delong	expected	an	a	adult	parent	91	9	5.58	4.7	In order to get into an R-rated movie children under 17 must be accompanied by	or legal guardian.	False	n/a	n/a
1286.060546875	0.2	658463	255	filler_word	83	41	2	delong	expected	an	a	adult	parent	91	9	5.58	4.7	In order to get into an R-rated movie children under 17 must be accompanied by	or legal guardian.	False	n/a	n/a
1286.591796875	0.2	658735	207	final_expected	83	41	2	delong	expected	an	a	adult	parent	91	9	5.58	4.7	In order to get into an R-rated movie children under 17 must be accompanied by	or legal guardian.	False	n/a	n/a
1291.05078125	0.2	661018	255	filler_word	83	41	2	delong	expected	an	a	adult	parent	91	9	5.58	4.7	In order to get into an R-rated movie children under 17 must be accompanied by	or legal guardian.	False	n/a	n/a
1291.58203125	0.2	661290	255	filler_word	83	41	2	delong	expected	an	a	adult	parent	91	9	5.58	4.7	In order to get into an R-rated movie children under 17 must be accompanied by	or legal guardian.	False	n/a	n/a
1292.11328125	0.2	661562	255	filler_word	83	41	2	delong	expected	an	a	adult	parent	91	9	5.58	4.7	In order to get into an R-rated movie children under 17 must be accompanied by	or legal guardian.	False	n/a	n/a
1292.642578125	0.2	661833	255	filler_word	83	41	2	delong	expected	an	a	adult	parent	91	9	5.58	4.7	In order to get into an R-rated movie children under 17 must be accompanied by	or legal guardian.	False	n/a	n/a
1293.173828125	0.2	662105	255	filler_word	83	41	2	delong	expected	an	a	adult	parent	91	9	5.58	4.7	In order to get into an R-rated movie children under 17 must be accompanied by	or legal guardian.	False	n/a	n/a
1293.705078125	0.2	662377	255	filler_word	83	41	2	delong	expected	an	a	adult	parent	91	9	5.58	4.7	In order to get into an R-rated movie children under 17 must be accompanied by	or legal guardian.	False	n/a	n/a
1294.234375	0.2	662648	255	filler_word	83	41	2	delong	expected	an	a	adult	parent	91	9	5.58	4.7	In order to get into an R-rated movie children under 17 must be accompanied by	or legal guardian.	False	n/a	n/a
1294.765625	0.2	662920	255	filler_word	83	41	2	delong	expected	an	a	adult	parent	91	9	5.58	4.7	In order to get into an R-rated movie children under 17 must be accompanied by	or legal guardian.	False	n/a	n/a
1295.294921875	0.2	663191	255	filler_word	83	41	2	delong	expected	an	a	adult	parent	91	9	5.58	4.7	In order to get into an R-rated movie children under 17 must be accompanied by	or legal guardian.	False	n/a	n/a
1295.826171875	0.2	663463	255	filler_word	83	41	2	delong	expected	an	a	adult	parent	91	9	5.58	4.7	In order to get into an R-rated movie children under 17 must be accompanied by	or legal guardian.	False	n/a	n/a
1296.35546875	0.2	663734	255	filler_word	83	41	2	delong	expected	an	a	adult	parent	91	9	5.58	4.7	In order to get into an R-rated movie children under 17 must be accompanied by	or legal guardian.	False	n/a	n/a
1296.88671875	0.2	664006	255	filler_word	83	41	2	delong	expected	an	a	adult	parent	91	9	5.58	4.7	In order to get into an R-rated movie children under 17 must be accompanied by	or legal guardian.	False	n/a	n/a
1297.41796875	0.2	664278	255	filler_word	83	41	2	delong	expected	an	a	adult	parent	91	9	5.58	4.7	In order to get into an R-rated movie children under 17 must be accompanied by	or legal guardian.	False	n/a	n/a
1297.94921875	0.2	664550	255	filler_word	83	41	2	delong	expected	an	a	adult	parent	91	9	5.58	4.7	In order to get into an R-rated movie children under 17 must be accompanied by	or legal guardian.	False	n/a	n/a
1298.478515625	0.2	664821	255	filler_word	83	41	2	delong	expected	an	a	adult	parent	91	9	5.58	4.7	In order to get into an R-rated movie children under 17 must be accompanied by	or legal guardian.	False	n/a	n/a
1299.009765625	0.2	665093	255	filler_word	83	41	2	delong	expected	an	a	adult	parent	91	9	5.58	4.7	In order to get into an R-rated movie children under 17 must be accompanied by	or legal guardian.	False	n/a	n/a
1299.5390625	0.2	665364	204	an_unexpected	83	41	2	delong	expected	an	a	adult	parent	91	9	5.58	4.7	In order to get into an R-rated movie children under 17 must be accompanied by	or legal guardian.	False	n/a	n/a
1299.85546875	0.0	665526	160	item_marker	84	60	2	delong	unexpected	a	an	city	airport	16	0	6.45	4.77	Hannah wanted to live in a small town but her husband preferred to live closer to	because of his job.	False	n/a	n/a
1299.91015625	0.0	665554	200	cloze_marker	84	60	2	delong	unexpected	a	an	city	airport	16	0	6.45	4.77	Hannah wanted to live in a small town but her husband preferred to live closer to	because of his job.	False	n/a	n/a
1300.12109375	0.2	665662	206	noun_unexpected	84	60	2	delong	unexpected	a	an	city	airport	16	0	6.45	4.77	Hannah wanted to live in a small town but her husband preferred to live closer to	because of his job.	False	n/a	n/a
1300.435546875	0.0	665823	160	item_marker	85	60	2	delong	unexpected	a	an	city	airport	16	0	6.45	4.77	Hannah wanted to live in a small town but her husband preferred to live closer to	because of his job.	False	n/a	n/a
1300.490234375	0.0	665851	27	cloze_marker	85	60	2	delong	unexpected	a	an	city	airport	16	0	6.45	4.77	Hannah wanted to live in a small town but her husband preferred to live closer to	because of his job.	False	n/a	n/a
1300.701171875	0.2	665959	255	filler_word	85	60	2	delong	unexpected	a	an	city	airport	16	0	6.45	4.77	Hannah wanted to live in a small town but her husband preferred to live closer to	because of his job.	False	n/a	n/a
1301.23046875	0.2	666230	255	filler_word	85	60	2	delong	unexpected	a	an	city	airport	16	0	6.45	4.77	Hannah wanted to live in a small town but her husband preferred to live closer to	because of his job.	False	n/a	n/a
1301.76171875	0.2	666502	255	filler_word	85	60	2	delong	unexpected	a	an	city	airport	16	0	6.45	4.77	Hannah wanted to live in a small town but her husband preferred to live closer to	because of his job.	False	n/a	n/a
1302.291015625	0.2	666773	208	final_unexpected	85	60	2	delong	unexpected	a	an	city	airport	16	0	6.45	4.77	Hannah wanted to live in a small town but her husband preferred to live closer to	because of his job.	False	n/a	n/a
1305.95703125	0.2	668650	255	filler_word	85	60	2	delong	unexpected	a	an	city	airport	16	0	6.45	4.77	Hannah wanted to live in a small town but her husband preferred to live closer to	because of his job.	False	n/a	n/a
1306.486328125	0.2	668921	255	filler_word	85	60	2	delong	unexpected	a	an	city	airport	16	0	6.45	4.77	Hannah wanted to live in a small town but her husband preferred to live closer to	because of his job.	False	n/a	n/a
1307.015625	0.2	669192	255	filler_word	85	60	2	delong	unexpected	a	an	city	airport	16	0	6.45	4.77	Hannah wanted to live in a small town but her husband preferred to live closer to	because of his job.	False	n/a	n/a
1307.546875	0.2	669464	255	filler_word	85	60	2	delong	unexpected	a	an	city	airport	16	0	6.45	4.77	Hannah wanted to live in a small town but her husband preferred to live closer to	because of his job.	False	n/a	n/a
1308.078125	0.2	669736	255	filler_word	85	60	2	delong	unexpected	a	an	city	airport	16	0	6.45	4.77	Hannah wanted to live in a small town but her husband preferred to live closer to	because of his job.	False	n/a	n/a
1308.609375	0.2	670008	255	filler_word	85	60	2	delong	unexpected	a	an	city	airport	16	0	6.45	4.77	Hannah wanted to live in a small town but her husband preferred to live closer to	because of his job.	False	n/a	n/a
1309.138671875	0.2	670279	255	filler_word	85	60	2	delong	unexpected	a	an	city	airport	16	0	6.45	4.77	Hannah wanted to live in a small town but her husband preferred to live closer to	because of his job.	False	n/a	n/a
1309.669921875	0.2	670551	255	filler_word	85	60	2	delong	unexpected	a	an	city	airport	16	0	6.45	4.77	Hannah wanted to live in a small town but her husband preferred to live closer to	because of his job.	False	n/a	n/a
1310.19921875	0.2	670822	255	filler_word	85	60	2	delong	unexpected	a	an	city	airport	16	0	6.45	4.77	Hannah wanted to live in a small town but her husband preferred to live closer to	because of his job.	False	n/a	n/a
1310.73046875	0.2	671094	255	filler_word	85	60	2	delong	unexpected	a	an	city	airport	16	0	6.45	4.77	Hannah wanted to live in a small town but her husband preferred to live closer to	because of his job.	False	n/a	n/a
1311.26171875	0.2	671366	255	filler_word	85	60	2	delong	unexpected	a	an	city	airport	16	0	6.45	4.77	Hannah wanted to live in a small town but her husband preferred to live closer to	because of his job.	False	n/a	n/a
1311.791015625	0.2	671637	255	filler_word	85	60	2	delong	unexpected	a	an	city	airport	16	0	6.45	4.77	Hannah wanted to live in a small town but her husband preferred to live closer to	because of his job.	False	n/a	n/a
1312.322265625	0.2	671909	255	filler_word	85	60	2	delong	unexpected	a	an	city	airport	16	0	6.45	4.77	Hannah wanted to live in a small town but her husband preferred to live closer to	because of his job.	False	n/a	n/a
1312.8515625	0.2	672180	255	filler_word	85	60	2	delong	unexpected	a	an	city	airport	16	0	6.45	4.77	Hannah wanted to live in a small town but her husband preferred to live closer to	because of his job.	False	n/a	n/a
1313.3828125	0.2	672452	255	filler_word	85	60	2	delong	unexpected	a	an	city	airport	16	0	6.45	4.77	Hannah wanted to live in a small town but her husband preferred to live closer to	because of his job.	False	n/a	n/a
1313.9140625	0.2	672724	255	filler_word	85	60	2	delong	unexpected	a	an	city	airport	16	0	6.45	4.77	Hannah wanted to live in a small town but her husband preferred to live closer to	because of his job.	False	n/a	n/a
1314.4453125	0.2	672996	255	filler_word	85	60	2	delong	unexpected	a	an	city	airport	16	0	6.45	4.77	Hannah wanted to live in a small town but her husband preferred to live closer to	because of his job.	False	n/a	n/a
1314.974609375	0.2	673267	255	filler_word	85	60	2	delong	unexpected	a	an	city	airport	16	0	6.45	4.77	Hannah wanted to live in a small town but her husband preferred to live closer to	because of his job.	False	n/a	n/a
1315.505859375	0.2	673539	255	filler_word	85	60	2	delong	unexpected	a	an	city	airport	16	0	6.45	4.77	Hannah wanted to live in a small town but her husband preferred to live closer to	because of his job.	False	n/a	n/a
1316.03515625	0.2	673810	255	filler_word	85	60	2	delong	unexpected	a	an	city	airport	16	0	6.45	4.77	Hannah wanted to live in a small town but her husband preferred to live closer to	because of his job.	False	n/a	n/a
1316.56640625	0.2	674082	255	filler_word	85	60	2	delong	unexpected	a	an	city	airport	16	0	6.45	4.77	Hannah wanted to live in a small town but her husband preferred to live closer to	because of his job.	False	n/a	n/a
1317.095703125	0.2	674353	255	filler_word	85	60	2	delong	unexpected	a	an	city	airport	16	0	6.45	4.77	Hannah wanted to live in a small town but her husband preferred to live closer to	because of his job.	False	n/a	n/a
1317.626953125	0.2	674625	255	filler_word	85	60	2	delong	unexpected	a	an	city	airport	16	0	6.45	4.77	Hannah wanted to live in a small town but her husband preferred to live closer to	because of his job.	False	n/a	n/a
1318.158203125	0.2	674897	202	an_expected	85	60	2	delong	unexpected	a	an	city	airport	16	0	6.45	4.77	Hannah wanted to live in a small town but her husband preferred to live closer to	because of his job.	False	n/a	n/a
1318.47265625	0.0	675058	149	item_marker	86	49	2	delong	expected	an	a	onion	finger	20	2	5.94	5.87	At first Victoria did not know why her brother was crying over the sink but then she noticed that he had just sliced	with his knife.	False	n/a	n/a
1318.529296875	0.0	675087	20	cloze_marker	86	49	2	delong	expected	an	a	onion	finger	20	2	5.94	5.87	At first Victoria did not know why her brother was crying over the sink but then she noticed that he had just sliced	with his knife.	False	n/a	n/a
1318.73828125	0.2	675194	205	noun_expected	86	49	2	delong	expected	an	a	onion	finger	20	2	5.94	5.87	At first Victoria did not know why her brother was crying over the sink but then she noticed that he had just sliced	with his knife.	False	n/a	n/a
1319.052734375	0.0	675355	149	item_marker	87	49	2	delong	expected	an	a	onion	finger	20	2	5.94	5.87	At first Victoria did not know why her brother was crying over the sink but then she noticed that he had just sliced	with his knife.	False	n/a	n/a
1319.109375	0.0	675384	40	cloze_marker	87	49	2	delong	expected	an	a	onion	finger	20	2	5.94	5.87	At first Victoria did not know why her brother was crying over the sink but then she noticed that he had just sliced	with his knife.	False	n/a	n/a
1319.318359375	0.2	675491	255	filler_word	87	49	2	delong	expected	an	a	onion	finger	20	2	5.94	5.87	At first Victoria did not know why her brother was crying over the sink but then she noticed that he had just sliced	with his knife.	False	n/a	n/a
1319.84765625	0.2	675762	255	filler_word	87	49	2	delong	expected	an	a	onion	finger	20	2	5.94	5.87	At first Victoria did not know why her brother was crying over the sink but then she noticed that he had just sliced	with his knife.	False	n/a	n/a
1320.37890625	0.2	676034	207	final_expected	87	49	2	delong	expected	an	a	onion	finger	20	2	5.94	5.87	At first Victoria did not know why her brother was crying over the sink but then she noticed that he had just sliced	with his knife.	False	n/a	n/a
1322.8671875	0.2	677308	255	filler_word	87	49	2	delong	expected	an	a	onion	finger	20	2	5.94	5.87	At first Victoria did not know why her brother was crying over the sink but then she noticed that he had just sliced	with his knife.	False	n/a	n/a
1323.396484375	0.2	677579	255	filler_word	87	49	2	delong	expected	an	a	onion	finger	20	2	5.94	5.87	At first Victoria did not know why her brother was crying over the sink but then she noticed that he had just sliced	with his knife.	False	n/a	n/a
1323.927734375	0.2	677851	255	filler_word	87	49	2	delong	expected	an	a	onion	finger	20	2	5.94	5.87	At first Victoria did not know why her brother was crying over the sink but then she noticed that he had just sliced	with his knife.	False	n/a	n/a
1324.45703125	0.2	678122	255	filler_word	87	49	2	delong	expected	an	a	onion	finger	20	2	5.94	5.87	At first Victoria did not know why her brother was crying over the sink but then she noticed that he had just sliced	with his knife.	False	n/a	n/a
1324.98828125	0.2	678394	255	filler_word	87	49	2	delong	expected	an	a	onion	finger	20	2	5.94	5.87	At first Victoria did not know why her brother was crying over the sink but then she noticed that he had just sliced	with his knife.	False	n/a	n/a
1325.517578125	0.2	678665	255	filler_word	87	49	2	delong	expected	an	a	onion	finger	20	2	5.94	5.87	At first Victoria did not know why her brother was crying over the sink but then she noticed that he had just sliced	with his knife.	False	n/a	n/a
1326.048828125	0.2	678937	255	filler_word	87	49	2	delong	expected	an	a	onion	finger	20	2	5.94	5.87	At first Victoria did not know why her brother was crying over the sink but then she noticed that he had just sliced	with his knife.	False	n/a	n/a
1326.580078125	0.2	679209	255	filler_word	87	49	2	delong	expected	an	a	onion	finger	20	2	5.94	5.87	At first Victoria did not know why her brother was crying over the sink but then she noticed that he had just sliced	with his knife.	False	n/a	n/a
1327.111328125	0.2	679481	255	filler_word	87	49	2	delong	expected	an	a	onion	finger	20	2	5.94	5.87	At first Victoria did not know why her brother was crying over the sink but then she noticed that he had just sliced	with his knife.	False	n/a	n/a
1327.640625	0.2	679752	202	an_expected	87	49	2	delong	expected	an	a	onion	finger	20	2	5.94	5.87	At first Victoria did not know why her brother was crying over the sink but then she noticed that he had just sliced	with his knife.	False	n/a	n/a
1327.95703125	0.0	679914	153	item_marker	88	53	2	delong	expected	an	a	actor	director	70	25	6.33	5.68	Lance had moved to Hollywood in hopes of becoming	but so far he had only done a few commercials.	False	n/a	n/a
1328.01171875	0.0	679942	70	cloze_marker	88	53	2	delong	expected	an	a	actor	director	70	25	6.33	5.68	Lance had moved to Hollywood in hopes of becoming	but so far he had only done a few commercials.	False	n/a	n/a
1328.220703125	0.2	680049	205	noun_expected	88	53	2	delong	expected	an	a	actor	director	70	25	6.33	5.68	Lance had moved to Hollywood in hopes of becoming	but so far he had only done a few commercials.	False	n/a	n/a
1328.537109375	0.0	680211	153	item_marker	89	53	2	delong	expected	an	a	actor	director	70	25	6.33	5.68	Lance had moved to Hollywood in hopes of becoming	but so far he had only done a few commercials.	False	n/a	n/a
1328.591796875	0.0	680239	93	cloze_marker	89	53	2	delong	expected	an	a	actor	director	70	25	6.33	5.68	Lance had moved to Hollywood in hopes of becoming	but so far he had only done a few commercials.	False	n/a	n/a
1328.80078125	0.2	680346	255	filler_word	89	53	2	delong	expected	an	a	actor	director	70	25	6.33	5.68	Lance had moved to Hollywood in hopes of becoming	but so far he had only done a few commercials.	False	n/a	n/a
1329.33203125	0.2	680618	255	filler_word	89	53	2	delong	expected	an	a	actor	director	70	25	6.33	5.68	Lance had moved to Hollywood in hopes of becoming	but so far he had only done a few commercials.	False	n/a	n/a
1329.86328125	0.2	680890	255	filler_word	89	53	2	delong	expected	an	a	actor	director	70	25	6.33	5.68	Lance had moved to Hollywood in hopes of becoming	but so far he had only done a few commercials.	False	n/a	n/a
1330.392578125	0.2	681161	255	filler_word	89	53	2	delong	expected	an	a	actor	director	70	25	6.33	5.68	Lance had moved to Hollywood in hopes of becoming	but so far he had only done a few commercials.	False	n/a	n/a
1330.923828125	0.2	681433	255	filler_word	89	53	2	delong	expected	an	a	actor	director	70	25	6.33	5.68	Lance had moved to Hollywood in hopes of becoming	but so far he had only done a few commercials.	False	n/a	n/a
1331.455078125	0.2	681705	255	filler_word	89	53	2	delong	expected	an	a	actor	director	70	25	6.33	5.68	Lance had moved to Hollywood in hopes of becoming	but so far he had only done a few commercials.	False	n/a	n/a
1331.984375	0.2	681976	255	filler_word	89	53	2	delong	expected	an	a	actor	director	70	25	6.33	5.68	Lance had moved to Hollywood in hopes of becoming	but so far he had only done a few commercials.	False	n/a	n/a
1332.515625	0.2	682248	255	filler_word	89	53	2	delong	expected	an	a	actor	director	70	25	6.33	5.68	Lance had moved to Hollywood in hopes of becoming	but so far he had only done a few commercials.	False	n/a	n/a
1333.044921875	0.2	682519	255	filler_word	89	53	2	delong	expected	an	a	actor	director	70	25	6.33	5.68	Lance had moved to Hollywood in hopes of becoming	but so far he had only done a few commercials.	False	n/a	n/a
1333.576171875	0.2	682791	207	final_expected	89	53	2	delong	expected	an	a	actor	director	70	25	6.33	5.68	Lance had moved to Hollywood in hopes of becoming	but so far he had only done a few commercials.	False	n/a	n/a
1337.919921875	0.2	685015	255	filler_word	89	53	2	delong	expected	an	a	actor	director	70	25	6.33	5.68	Lance had moved to Hollywood in hopes of becoming	but so far he had only done a few commercials.	False	n/a	n/a
1338.451171875	0.2	685287	255	filler_word	89	53	2	delong	expected	an	a	actor	director	70	25	6.33	5.68	Lance had moved to Hollywood in hopes of becoming	but so far he had only done a few commercials.	False	n/a	n/a
1338.98046875	0.2	685558	255	filler_word	89	53	2	delong	expected	an	a	actor	director	70	25	6.33	5.68	Lance had moved to Hollywood in hopes of becoming	but so far he had only done a few commercials.	False	n/a	n/a
1339.51171875	0.2	685830	255	filler_word	89	53	2	delong	expected	an	a	actor	director	70	25	6.33	5.68	Lance had moved to Hollywood in hopes of becoming	but so far he had only done a few commercials.	False	n/a	n/a
1340.041015625	0.2	686101	255	filler_word	89	53	2	delong	expected	an	a	actor	director	70	25	6.33	5.68	Lance had moved to Hollywood in hopes of becoming	but so far he had only done a few commercials.	False	n/a	n/a
1340.572265625	0.2	686373	255	filler_word	89	53	2	delong	expected	an	a	actor	director	70	25	6.33	5.68	Lance had moved to Hollywood in hopes of becoming	but so far he had only done a few commercials.	False	n/a	n/a
1341.103515625	0.2	686645	255	filler_word	89	53	2	delong	expected	an	a	actor	director	70	25	6.33	5.68	Lance had moved to Hollywood in hopes of becoming	but so far he had only done a few commercials.	False	n/a	n/a
1341.6328125	0.2	686916	255	filler_word	89	53	2	delong	expected	an	a	actor	director	70	25	6.33	5.68	Lance had moved to Hollywood in hopes of becoming	but so far he had only done a few commercials.	False	n/a	n/a
1342.1640625	0.2	687188	255	filler_word	89	53	2	delong	expected	an	a	actor	director	70	25	6.33	5.68	Lance had moved to Hollywood in hopes of becoming	but so far he had only done a few commercials.	False	n/a	n/a
1342.6953125	0.2	687460	255	filler_word	89	53	2	delong	expected	an	a	actor	director	70	25	6.33	5.68	Lance had moved to Hollywood in hopes of becoming	but so far he had only done a few commercials.	False	n/a	n/a
1343.2265625	0.2	687732	204	an_unexpected	89	53	2	delong	expected	an	a	actor	director	70	25	6.33	5.68	Lance had moved to Hollywood in hopes of becoming	but so far he had only done a few commercials.	False	n/a	n/a
1343.541015625	0.0	687893	148	item_marker	90	48	2	delong	unexpected	a	an	story	excuse	89	0	6.55	2.4	Before little Gloria went to sleep she wanted to hear	from her mother.	False	n/a	n/a
1343.595703125	0.0	687921	200	cloze_marker	90	48	2	delong	unexpected	a	an	story	excuse	89	0	6.55	2.4	Before little Gloria went to sleep she wanted to hear	from her mother.	False	n/a	n/a
1343.8046875	0.2	688028	206	noun_unexpected	90	48	2	delong	unexpected	a	an	story	excuse	89	0	6.55	2.4	Before little Gloria went to sleep she wanted to hear	from her mother.	False	n/a	n/a
1344.12109375	0.0	688190	148	item_marker	91	48	2	delong	unexpected	a	an	story	excuse	89	0	6.55	2.4	Before little Gloria went to sleep she wanted to hear	from her mother.	False	n/a	n/a
1344.17578125	0.0	688218	200	cloze_marker	91	48	2	delong	unexpected	a	an	story	excuse	89	0	6.55	2.4	Before little Gloria went to sleep she wanted to hear	from her mother.	False	n/a	n/a
1344.384765625	0.2	688325	255	filler_word	91	48	2	delong	unexpected	a	an	story	excuse	89	0	6.55	2.4	Before little Gloria went to sleep she wanted to hear	from her mother.	False	n/a	n/a
1344.916015625	0.2	688597	255	filler_word	91	48	2	delong	unexpected	a	an	story	excuse	89	0	6.55	2.4	Before little Gloria went to sleep she wanted to hear	from her mother.	False	n/a	n/a
1345.447265625	0.2	688869	208	final_unexpected	91	48	2	delong	unexpected	a	an	story	excuse	89	0	6.55	2.4	Before little Gloria went to sleep she wanted to hear	from her mother.	False	n/a	n/a
1348.99609375	0.2	690686	255	filler_word	91	48	2	delong	unexpected	a	an	story	excuse	89	0	6.55	2.4	Before little Gloria went to sleep she wanted to hear	from her mother.	False	n/a	n/a
1349.525390625	0.2	690957	255	filler_word	91	48	2	delong	unexpected	a	an	story	excuse	89	0	6.55	2.4	Before little Gloria went to sleep she wanted to hear	from her mother.	False	n/a	n/a
1350.0546875	0.2	691228	255	filler_word	91	48	2	delong	unexpected	a	an	story	excuse	89	0	6.55	2.4	Before little Gloria went to sleep she wanted to hear	from her mother.	False	n/a	n/a
1350.5859375	0.2	691500	255	filler_word	91	48	2	delong	unexpected	a	an	story	excuse	89	0	6.55	2.4	Before little Gloria went to sleep she wanted to hear	from her mother.	False	n/a	n/a
1351.1171875	0.2	691772	255	filler_word	91	48	2	delong	unexpected	a	an	story	excuse	89	0	6.55	2.4	Before little Gloria went to sleep she wanted to hear	from her mother.	False	n/a	n/a
1351.6484375	0.2	692044	255	filler_word	91	48	2	delong	unexpected	a	an	story	excuse	89	0	6.55	2.4	Before little Gloria went to sleep she wanted to hear	from her mother.	False	n/a	n/a
1352.177734375	0.2	692315	255	filler_word	91	48	2	delong	unexpected	a	an	story	excuse	89	0	6.55	2.4	Before little Gloria went to sleep she wanted to hear	from her mother.	False	n/a	n/a
1352.708984375	0.2	692587	255	filler_word	91	48	2	delong	unexpected	a	an	story	excuse	89	0	6.55	2.4	Before little Gloria went to sleep she wanted to hear	from her mother.	False	n/a	n/a
1353.23828125	0.2	692858	255	filler_word	91	48	2	delong	unexpected	a	an	story	excuse	89	0	6.55	2.4	Before little Gloria went to sleep she wanted to hear	from her mother.	False	n/a	n/a
1353.76953125	0.2	693130	255	filler_word	91	48	2	delong	unexpected	a	an	story	excuse	89	0	6.55	2.4	Before little Gloria went to sleep she wanted to hear	from her mother.	False	n/a	n/a
1354.298828125	0.2	693401	255	filler_word	91	48	2	delong	unexpected	a	an	story	excuse	89	0	6.55	2.4	Before little Gloria went to sleep she wanted to hear	from her mother.	False	n/a	n/a
1354.830078125	0.2	693673	255	filler_word	91	48	2	delong	unexpected	a	an	story	excuse	89	0	6.55	2.4	Before little Gloria went to sleep she wanted to hear	from her mother.	False	n/a	n/a
1355.361328125	0.2	693945	255	filler_word	91	48	2	delong	unexpected	a	an	story	excuse	89	0	6.55	2.4	Before little Gloria went to sleep she wanted to hear	from her mother.	False	n/a	n/a
1355.890625	0.2	694216	255	filler_word	91	48	2	delong	unexpected	a	an	story	excuse	89	0	6.55	2.4	Before little Gloria went to sleep she wanted to hear	from her mother.	False	n/a	n/a
1356.421875	0.2	694488	255	filler_word	91	48	2	delong	unexpected	a	an	story	excuse	89	0	6.55	2.4	Before little Gloria went to sleep she wanted to hear	from her mother.	False	n/a	n/a
1356.953125	0.2	694760	255	filler_word	91	48	2	delong	unexpected	a	an	story	excuse	89	0	6.55	2.4	Before little Gloria went to sleep she wanted to hear	from her mother.	False	n/a	n/a
1357.482421875	0.2	695031	255	filler_word	91	48	2	delong	unexpected	a	an	story	excuse	89	0	6.55	2.4	Before little Gloria went to sleep she wanted to hear	from her mother.	False	n/a	n/a
1358.013671875	0.2	695303	255	filler_word	91	48	2	delong	unexpected	a	an	story	excuse	89	0	6.55	2.4	Before little Gloria went to sleep she wanted to hear	from her mother.	False	n/a	n/a
1358.54296875	0.2	695574	255	filler_word	91	48	2	delong	unexpected	a	an	story	excuse	89	0	6.55	2.4	Before little Gloria went to sleep she wanted to hear	from her mother.	False	n/a	n/a
1359.07421875	0.2	695846	203	a_unexpected	91	48	2	delong	unexpected	a	an	story	excuse	89	0	6.55	2.4	Before little Gloria went to sleep she wanted to hear	from her mother.	False	n/a	n/a
1359.388671875	0.0	696007	159	item_marker	92	59	2	delong	unexpected	an	a	airport	city	52	16	6.03	4.9	The pilot had to make an emergency landing in the middle of the desert because he was nowhere near	or a safe place to land.	False	n/a	n/a
1359.4453125	0.0	696036	16	cloze_marker	92	59	2	delong	unexpected	an	a	airport	city	52	16	6.03	4.9	The pilot had to make an emergency landing in the middle of the desert because he was nowhere near	or a safe place to land.	False	n/a	n/a
1359.654296875	0.2	696143	206	noun_unexpected	92	59	2	delong	unexpected	an	a	airport	city	52	16	6.03	4.9	The pilot had to make an emergency landing in the middle of the desert because he was nowhere near	or a safe place to land.	False	n/a	n/a
1359.970703125	0.0	696305	159	item_marker	93	59	2	delong	unexpected	an	a	airport	city	52	16	6.03	4.9	The pilot had to make an emergency landing in the middle of the desert because he was nowhere near	or a safe place to land.	False	n/a	n/a
1360.025390625	0.0	696333	7	cloze_marker	93	59	2	delong	unexpected	an	a	airport	city	52	16	6.03	4.9	The pilot had to make an emergency landing in the middle of the desert because he was nowhere near	or a safe place to land.	False	n/a	n/a
1360.234375	0.2	696440	255	filler_word	93	59	2	delong	unexpected	an	a	airport	city	52	16	6.03	4.9	The pilot had to make an emergency landing in the middle of the desert because he was nowhere near	or a safe place to land.	False	n/a	n/a
1360.765625	0.2	696712	255	filler_word	93	59	2	delong	unexpected	an	a	airport	city	52	16	6.03	4.9	The pilot had to make an emergency landing in the middle of the desert because he was nowhere near	or a safe place to land.	False	n/a	n/a
1361.294921875	0.2	696983	255	filler_word	93	59	2	delong	unexpected	an	a	airport	city	52	16	6.03	4.9	The pilot had to make an emergency landing in the middle of the desert because he was nowhere near	or a safe place to land.	False	n/a	n/a
1361.826171875	0.2	697255	255	filler_word	93	59	2	delong	unexpected	an	a	airport	city	52	16	6.03	4.9	The pilot had to make an emergency landing in the middle of the desert because he was nowhere near	or a safe place to land.	False	n/a	n/a
1362.357421875	0.2	697527	255	filler_word	93	59	2	delong	unexpected	an	a	airport	city	52	16	6.03	4.9	The pilot had to make an emergency landing in the middle of the desert because he was nowhere near	or a safe place to land.	False	n/a	n/a
1362.88671875	0.2	697798	208	final_unexpected	93	59	2	delong	unexpected	an	a	airport	city	52	16	6.03	4.9	The pilot had to make an emergency landing in the middle of the desert because he was nowhere near	or a safe place to land.	False	n/a	n/a
1366.966796875	0.2	699887	255	filler_word	93	59	2	delong	unexpected	an	a	airport	city	52	16	6.03	4.9	The pilot had to make an emergency landing in the middle of the desert because he was nowhere near	or a safe place to land.	False	n/a	n/a
1367.49609375	0.2	700158	255	filler_word	93	59	2	delong	unexpected	an	a	airport	city	52	16	6.03	4.9	The pilot had to make an emergency landing in the middle of the desert because he was nowhere near	or a safe place to land.	False	n/a	n/a
1368.02734375	0.2	700430	255	filler_word	93	59	2	delong	unexpected	an	a	airport	city	52	16	6.03	4.9	The pilot had to make an emergency landing in the middle of the desert because he was nowhere near	or a safe place to land.	False	n/a	n/a
1368.55859375	0.2	700702	255	filler_word	93	59	2	delong	unexpected	an	a	airport	city	52	16	6.03	4.9	The pilot had to make an emergency landing in the middle of the desert because he was nowhere near	or a safe place to land.	False	n/a	n/a
1369.087890625	0.2	700973	255	filler_word	93	59	2	delong	unexpected	an	a	airport	city	52	16	6.03	4.9	The pilot had to make an emergency landing in the middle of the desert because he was nowhere near	or a safe place to land.	False	n/a	n/a
1369.619140625	0.2	701245	255	filler_word	93	59	2	delong	unexpected	an	a	airport	city	52	16	6.03	4.9	The pilot had to make an emergency landing in the middle of the desert because he was nowhere near	or a safe place to land.	False	n/a	n/a
1370.150390625	0.2	701517	255	filler_word	93	59	2	delong	unexpected	an	a	airport	city	52	16	6.03	4.9	The pilot had to make an emergency landing in the middle of the desert because he was nowhere near	or a safe place to land.	False	n/a	n/a
1370.6796875	0.2	701788	255	filler_word	93	59	2	delong	unexpected	an	a	airport	city	52	16	6.03	4.9	The pilot had to make an emergency landing in the middle of the desert because he was nowhere near	or a safe place to land.	False	n/a	n/a
1371.2109375	0.2	702060	255	filler_word	93	59	2	delong	unexpected	an	a	airport	city	52	16	6.03	4.9	The pilot had to make an emergency landing in the middle of the desert because he was nowhere near	or a safe place to land.	False	n/a	n/a
1371.740234375	0.2	702331	255	filler_word	93	59	2	delong	unexpected	an	a	airport	city	52	16	6.03	4.9	The pilot had to make an emergency landing in the middle of the desert because he was nowhere near	or a safe place to land.	False	n/a	n/a
1372.271484375	0.2	702603	204	an_unexpected	93	59	2	delong	unexpected	an	a	airport	city	52	16	6.03	4.9	The pilot had to make an emergency landing in the middle of the desert because he was nowhere near	or a safe place to land.	False	n/a	n/a
1372.5859375	0.0	702764	152	item_marker	94	52	2	delong	unexpected	a	an	success	author	86	5	5.8	2.87	Alicia's first client was a failure but her second was	and made her a lot of money.	False	n/a	n/a
1372.642578125	0.0	702793	5	cloze_marker	94	52	2	delong	unexpected	a	an	success	author	86	5	5.8	2.87	Alicia's first client was a failure but her second was	and made her a lot of money.	False	n/a	n/a
1372.8515625	0.2	702900	206	noun_unexpected	94	52	2	delong	unexpected	a	an	success	author	86	5	5.8	2.87	Alicia's first client was a failure but her second was	and made her a lot of money.	False	n/a	n/a
1373.166015625	0.0	703061	152	item_marker	95	52	2	delong	unexpected	a	an	success	author	86	5	5.8	2.87	Alicia's first client was a failure but her second was	and made her a lot of money.	False	n/a	n/a
1373.220703125	0.0	703089	200	cloze_marker	95	52	2	delong	unexpected	a	an	success	author	86	5	5.8	2.87	Alicia's first client was a failure but her second was	and made her a lot of money.	False	n/a	n/a
1373.431640625	0.2	703197	255	filler_word	95	52	2	delong	unexpected	a	an	success	author	86	5	5.8	2.87	Alicia's first client was a failure but her second was	and made her a lot of money.	False	n/a	n/a
1373.962890625	0.2	703469	255	filler_word	95	52	2	delong	unexpected	a	an	success	author	86	5	5.8	2.87	Alicia's first client was a failure but her second was	and made her a lot of money.	False	n/a	n/a
1374.4921875	0.2	703740	255	filler_word	95	52	2	delong	unexpected	a	an	success	author	86	5	5.8	2.87	Alicia's first client was a failure but her second was	and made her a lot of money.	False	n/a	n/a
1375.0234375	0.2	704012	255	filler_word	95	52	2	delong	unexpected	a	an	success	author	86	5	5.8	2.87	Alicia's first client was a failure but her second was	and made her a lot of money.	False	n/a	n/a
1375.552734375	0.2	704283	255	filler_word	95	52	2	delong	unexpected	a	an	success	author	86	5	5.8	2.87	Alicia's first client was a failure but her second was	and made her a lot of money.	False	n/a	n/a
1376.083984375	0.2	704555	255	filler_word	95	52	2	delong	unexpected	a	an	success	author	86	5	5.8	2.87	Alicia's first client was a failure but her second was	and made her a lot of money.	False	n/a	n/a
1376.615234375	0.2	704827	208	final_unexpected	95	52	2	delong	unexpected	a	an	success	author	86	5	5.8	2.87	Alicia's first client was a failure but her second was	and made her a lot of money.	False	n/a	n/a
1380.943359375	0.2	707043	255	filler_word	95	52	2	delong	unexpected	a	an	success	author	86	5	5.8	2.87	Alicia's first client was a failure but her second was	and made her a lot of money.	False	n/a	n/a
1381.47265625	0.2	707314	255	filler_word	95	52	2	delong	unexpected	a	an	success	author	86	5	5.8	2.87	Alicia's first client was a failure but her second was	and made her a lot of money.	False	n/a	n/a
1382.001953125	0.2	707585	255	filler_word	95	52	2	delong	unexpected	a	an	success	author	86	5	5.8	2.87	Alicia's first client was a failure but her second was	and made her a lot of money.	False	n/a	n/a
1382.533203125	0.2	707857	255	filler_word	95	52	2	delong	unexpected	a	an	success	author	86	5	5.8	2.87	Alicia's first client was a failure but her second was	and made her a lot of money.	False	n/a	n/a
1383.064453125	0.2	708129	255	filler_word	95	52	2	delong	unexpected	a	an	success	author	86	5	5.8	2.87	Alicia's first client was a failure but her second was	and made her a lot of money.	False	n/a	n/a
1383.595703125	0.2	708401	255	filler_word	95	52	2	delong	unexpected	a	an	success	author	86	5	5.8	2.87	Alicia's first client was a failure but her second was	and made her a lot of money.	False	n/a	n/a
1384.125	0.2	708672	255	filler_word	95	52	2	delong	unexpected	a	an	success	author	86	5	5.8	2.87	Alicia's first client was a failure but her second was	and made her a lot of money.	False	n/a	n/a
1384.65625	0.2	708944	255	filler_word	95	52	2	delong	unexpected	a	an	success	author	86	5	5.8	2.87	Alicia's first client was a failure but her second was	and made her a lot of money.	False	n/a	n/a
1385.1875	0.2	709216	255	filler_word	95	52	2	delong	unexpected	a	an	success	author	86	5	5.8	2.87	Alicia's first client was a failure but her second was	and made her a lot of money.	False	n/a	n/a
1385.716796875	0.2	709487	255	filler_word	95	52	2	delong	unexpected	a	an	success	author	86	5	5.8	2.87	Alicia's first client was a failure but her second was	and made her a lot of money.	False	n/a	n/a
1386.248046875	0.2	709759	255	filler_word	95	52	2	delong	unexpected	a	an	success	author	86	5	5.8	2.87	Alicia's first client was a failure but her second was	and made her a lot of money.	False	n/a	n/a
1386.77734375	0.2	710030	255	filler_word	95	52	2	delong	unexpected	a	an	success	author	86	5	5.8	2.87	Alicia's first client was a failure but her second was	and made her a lot of money.	False	n/a	n/a
1387.30859375	0.2	710302	255	filler_word	95	52	2	delong	unexpected	a	an	success	author	86	5	5.8	2.87	Alicia's first client was a failure but her second was	and made her a lot of money.	False	n/a	n/a
1387.837890625	0.2	710573	255	filler_word	95	52	2	delong	unexpected	a	an	success	author	86	5	5.8	2.87	Alicia's first client was a failure but her second was	and made her a lot of money.	False	n/a	n/a
1388.369140625	0.2	710845	255	filler_word	95	52	2	delong	unexpected	a	an	success	author	86	5	5.8	2.87	Alicia's first client was a failure but her second was	and made her a lot of money.	False	n/a	n/a
1388.900390625	0.2	711117	255	filler_word	95	52	2	delong	unexpected	a	an	success	author	86	5	5.8	2.87	Alicia's first client was a failure but her second was	and made her a lot of money.	False	n/a	n/a
1389.431640625	0.2	711389	201	a_expected	95	52	2	delong	unexpected	a	an	success	author	86	5	5.8	2.87	Alicia's first client was a failure but her second was	and made her a lot of money.	False	n/a	n/a
1389.74609375	0.0	711550	154	item_marker	96	54	2	delong	expected	a	an	director	actor	93	5	6.17	5.55	From a young age Steven had an interest in filmmaking and had always dreamed of being	when he grew up.	True	Was Steven interested in art?	no
1389.80078125	0.0	711578	93	cloze_marker	96	54	2	delong	expected	a	an	director	actor	93	5	6.17	5.55	From a young age Steven had an interest in filmmaking and had always dreamed of being	when he grew up.	True	Was Steven interested in art?	no
1390.01171875	0.2	711686	205	noun_expected	96	54	2	delong	expected	a	an	director	actor	93	5	6.17	5.55	From a young age Steven had an interest in filmmaking and had always dreamed of being	when he grew up.	True	Was Steven interested in art?	no
1390.326171875	0.0	711847	154	item_marker	97	54	2	delong	expected	a	an	director	actor	93	5	6.17	5.55	From a young age Steven had an interest in filmmaking and had always dreamed of being	when he grew up.	True	Was Steven interested in art?	no
1390.380859375	0.0	711875	77	cloze_marker	97	54	2	delong	expected	a	an	director	actor	93	5	6.17	5.55	From a young age Steven had an interest in filmmaking and had always dreamed of being	when he grew up.	True	Was Steven interested in art?	no
1390.58984375	0.2	711982	255	filler_word	97	54	2	delong	expected	a	an	director	actor	93	5	6.17	5.55	From a young age Steven had an interest in filmmaking and had always dreamed of being	when he grew up.	True	Was Steven interested in art?	no
1391.12109375	0.2	712254	255	filler_word	97	54	2	delong	expected	a	an	director	actor	93	5	6.17	5.55	From a young age Steven had an interest in filmmaking and had always dreamed of being	when he grew up.	True	Was Steven interested in art?	no
1391.65234375	0.2	712526	255	filler_word	97	54	2	delong	expected	a	an	director	actor	93	5	6.17	5.55	From a young age Steven had an interest in filmmaking and had always dreamed of being	when he grew up.	True	Was Steven interested in art?	no
1392.18359375	0.2	712798	207	final_expected	97	54	2	delong	expected	a	an	director	actor	93	5	6.17	5.55	From a young age Steven had an interest in filmmaking and had always dreamed of being	when he grew up.	True	Was Steven interested in art?	no
1405.728515625	0.0	719733	251	question	97	54	2	delong	expected	a	an	director	actor	93	5	6.17	5.55	From a young age Steven had an interest in filmmaking and had always dreamed of being	when he grew up.	True	Was Steven interested in art?	no
1413.072265625	0.2	723493	255	filler_word	97	54	2	delong	expected	a	an	director	actor	93	5	6.17	5.55	From a young age Steven had an interest in filmmaking and had always dreamed of being	when he grew up.	True	Was Steven interested in art?	no
1413.603515625	0.2	723765	255	filler_word	97	54	2	delong	expected	a	an	director	actor	93	5	6.17	5.55	From a young age Steven had an interest in filmmaking and had always dreamed of being	when he grew up.	True	Was Steven interested in art?	no
1414.1328125	0.2	724036	255	filler_word	97	54	2	delong	expected	a	an	director	actor	93	5	6.17	5.55	From a young age Steven had an interest in filmmaking and had always dreamed of being	when he grew up.	True	Was Steven interested in art?	no
1414.6640625	0.2	724308	255	filler_word	97	54	2	delong	expected	a	an	director	actor	93	5	6.17	5.55	From a young age Steven had an interest in filmmaking and had always dreamed of being	when he grew up.	True	Was Steven interested in art?	no
1415.193359375	0.2	724579	255	filler_word	97	54	2	delong	expected	a	an	director	actor	93	5	6.17	5.55	From a young age Steven had an interest in filmmaking and had always dreamed of being	when he grew up.	True	Was Steven interested in art?	no
1415.724609375	0.2	724851	255	filler_word	97	54	2	delong	expected	a	an	director	actor	93	5	6.17	5.55	From a young age Steven had an interest in filmmaking and had always dreamed of being	when he grew up.	True	Was Steven interested in art?	no
1416.25390625	0.2	725122	255	filler_word	97	54	2	delong	expected	a	an	director	actor	93	5	6.17	5.55	From a young age Steven had an interest in filmmaking and had always dreamed of being	when he grew up.	True	Was Steven interested in art?	no
1416.78515625	0.2	725394	255	filler_word	97	54	2	delong	expected	a	an	director	actor	93	5	6.17	5.55	From a young age Steven had an interest in filmmaking and had always dreamed of being	when he grew up.	True	Was Steven interested in art?	no
1417.31640625	0.2	725666	255	filler_word	97	54	2	delong	expected	a	an	director	actor	93	5	6.17	5.55	From a young age Steven had an interest in filmmaking and had always dreamed of being	when he grew up.	True	Was Steven interested in art?	no
1417.84765625	0.2	725938	255	filler_word	97	54	2	delong	expected	a	an	director	actor	93	5	6.17	5.55	From a young age Steven had an interest in filmmaking and had always dreamed of being	when he grew up.	True	Was Steven interested in art?	no
1418.376953125	0.2	726209	255	filler_word	97	54	2	delong	expected	a	an	director	actor	93	5	6.17	5.55	From a young age Steven had an interest in filmmaking and had always dreamed of being	when he grew up.	True	Was Steven interested in art?	no
1418.908203125	0.2	726481	255	filler_word	97	54	2	delong	expected	a	an	director	actor	93	5	6.17	5.55	From a young age Steven had an interest in filmmaking and had always dreamed of being	when he grew up.	True	Was Steven interested in art?	no
1419.4375	0.2	726752	204	an_unexpected	97	54	2	delong	expected	a	an	director	actor	93	5	6.17	5.55	From a young age Steven had an interest in filmmaking and had always dreamed of being	when he grew up.	True	Was Steven interested in art?	no
1419.75390625	0.0	726914	156	item_marker	98	56	2	delong	unexpected	a	an	crowd	audience	100	0	6.06	2.9	Carrie's father had always joked that two is company but three is	for him.	False	n/a	n/a
1419.80859375	0.0	726942	200	cloze_marker	98	56	2	delong	unexpected	a	an	crowd	audience	100	0	6.06	2.9	Carrie's father had always joked that two is company but three is	for him.	False	n/a	n/a
1420.01953125	0.2	727050	206	noun_unexpected	98	56	2	delong	unexpected	a	an	crowd	audience	100	0	6.06	2.9	Carrie's father had always joked that two is company but three is	for him.	False	n/a	n/a
1420.333984375	0.0	727211	156	item_marker	99	56	2	delong	unexpected	a	an	crowd	audience	100	0	6.06	2.9	Carrie's father had always joked that two is company but three is	for him.	False	n/a	n/a
1420.388671875	0.0	727239	200	cloze_marker	99	56	2	delong	unexpected	a	an	crowd	audience	100	0	6.06	2.9	Carrie's father had always joked that two is company but three is	for him.	False	n/a	n/a
1420.599609375	0.2	727347	255	filler_word	99	56	2	delong	unexpected	a	an	crowd	audience	100	0	6.06	2.9	Carrie's father had always joked that two is company but three is	for him.	False	n/a	n/a
1421.12890625	0.2	727618	208	final_unexpected	99	56	2	delong	unexpected	a	an	crowd	audience	100	0	6.06	2.9	Carrie's father had always joked that two is company but three is	for him.	False	n/a	n/a
1423.798828125	0.2	728985	255	filler_word	99	56	2	delong	unexpected	a	an	crowd	audience	100	0	6.06	2.9	Carrie's father had always joked that two is company but three is	for him.	False	n/a	n/a
1424.328125	0.2	729256	255	filler_word	99	56	2	delong	unexpected	a	an	crowd	audience	100	0	6.06	2.9	Carrie's father had always joked that two is company but three is	for him.	False	n/a	n/a
1424.859375	0.2	729528	255	filler_word	99	56	2	delong	unexpected	a	an	crowd	audience	100	0	6.06	2.9	Carrie's father had always joked that two is company but three is	for him.	False	n/a	n/a
1425.390625	0.2	729800	255	filler_word	99	56	2	delong	unexpected	a	an	crowd	audience	100	0	6.06	2.9	Carrie's father had always joked that two is company but three is	for him.	False	n/a	n/a
1425.919921875	0.2	730071	255	filler_word	99	56	2	delong	unexpected	a	an	crowd	audience	100	0	6.06	2.9	Carrie's father had always joked that two is company but three is	for him.	False	n/a	n/a
1426.451171875	0.2	730343	255	filler_word	99	56	2	delong	unexpected	a	an	crowd	audience	100	0	6.06	2.9	Carrie's father had always joked that two is company but three is	for him.	False	n/a	n/a
1426.982421875	0.2	730615	255	filler_word	99	56	2	delong	unexpected	a	an	crowd	audience	100	0	6.06	2.9	Carrie's father had always joked that two is company but three is	for him.	False	n/a	n/a
1427.51171875	0.2	730886	255	filler_word	99	56	2	delong	unexpected	a	an	crowd	audience	100	0	6.06	2.9	Carrie's father had always joked that two is company but three is	for him.	False	n/a	n/a
1428.04296875	0.2	731158	255	filler_word	99	56	2	delong	unexpected	a	an	crowd	audience	100	0	6.06	2.9	Carrie's father had always joked that two is company but three is	for him.	False	n/a	n/a
1428.572265625	0.2	731429	255	filler_word	99	56	2	delong	unexpected	a	an	crowd	audience	100	0	6.06	2.9	Carrie's father had always joked that two is company but three is	for him.	False	n/a	n/a
1429.103515625	0.2	731701	255	filler_word	99	56	2	delong	unexpected	a	an	crowd	audience	100	0	6.06	2.9	Carrie's father had always joked that two is company but three is	for him.	False	n/a	n/a
1429.634765625	0.2	731973	255	filler_word	99	56	2	delong	unexpected	a	an	crowd	audience	100	0	6.06	2.9	Carrie's father had always joked that two is company but three is	for him.	False	n/a	n/a
1430.1640625	0.2	732244	255	filler_word	99	56	2	delong	unexpected	a	an	crowd	audience	100	0	6.06	2.9	Carrie's father had always joked that two is company but three is	for him.	False	n/a	n/a
1430.6953125	0.2	732516	255	filler_word	99	56	2	delong	unexpected	a	an	crowd	audience	100	0	6.06	2.9	Carrie's father had always joked that two is company but three is	for him.	False	n/a	n/a
1431.2265625	0.2	732788	255	filler_word	99	56	2	delong	unexpected	a	an	crowd	audience	100	0	6.06	2.9	Carrie's father had always joked that two is company but three is	for him.	False	n/a	n/a
1431.7578125	0.2	733060	255	filler_word	99	56	2	delong	unexpected	a	an	crowd	audience	100	0	6.06	2.9	Carrie's father had always joked that two is company but three is	for him.	False	n/a	n/a
1432.287109375	0.2	733331	201	a_expected	99	56	2	delong	unexpected	a	an	crowd	audience	100	0	6.06	2.9	Carrie's father had always joked that two is company but three is	for him.	False	n/a	n/a
1432.603515625	0.0	733493	146	item_marker	100	46	2	delong	expected	a	an	beginner	amateur	82	16	6.17	6.16	There are always ways to improve your game whether you're an advanced tennis player or merely	you just need to practice a lot.	False	n/a	n/a
1432.658203125	0.0	733521	82	cloze_marker	100	46	2	delong	expected	a	an	beginner	amateur	82	16	6.17	6.16	There are always ways to improve your game whether you're an advanced tennis player or merely	you just need to practice a lot.	False	n/a	n/a
1432.8671875	0.2	733628	205	noun_expected	100	46	2	delong	expected	a	an	beginner	amateur	82	16	6.17	6.16	There are always ways to improve your game whether you're an advanced tennis player or merely	you just need to practice a lot.	False	n/a	n/a
1433.18359375	0.0	733790	146	item_marker	101	46	2	delong	expected	a	an	beginner	amateur	82	16	6.17	6.16	There are always ways to improve your game whether you're an advanced tennis player or merely	you just need to practice a lot.	False	n/a	n/a
1433.23828125	0.0	733818	63	cloze_marker	101	46	2	delong	expected	a	an	beginner	amateur	82	16	6.17	6.16	There are always ways to improve your game whether you're an advanced tennis player or merely	you just need to practice a lot.	False	n/a	n/a
1433.447265625	0.2	733925	255	filler_word	101	46	2	delong	expected	a	an	beginner	amateur	82	16	6.17	6.16	There are always ways to improve your game whether you're an advanced tennis player or merely	you just need to practice a lot.	False	n/a	n/a
1433.978515625	0.2	734197	255	filler_word	101	46	2	delong	expected	a	an	beginner	amateur	82	16	6.17	6.16	There are always ways to improve your game whether you're an advanced tennis player or merely	you just need to practice a lot.	False	n/a	n/a
1434.509765625	0.2	734469	255	filler_word	101	46	2	delong	expected	a	an	beginner	amateur	82	16	6.17	6.16	There are always ways to improve your game whether you're an advanced tennis player or merely	you just need to practice a lot.	False	n/a	n/a
1435.0390625	0.2	734740	255	filler_word	101	46	2	delong	expected	a	an	beginner	amateur	82	16	6.17	6.16	There are always ways to improve your game whether you're an advanced tennis player or merely	you just need to practice a lot.	False	n/a	n/a
1435.5703125	0.2	735012	255	filler_word	101	46	2	delong	expected	a	an	beginner	amateur	82	16	6.17	6.16	There are always ways to improve your game whether you're an advanced tennis player or merely	you just need to practice a lot.	False	n/a	n/a
1436.099609375	0.2	735283	255	filler_word	101	46	2	delong	expected	a	an	beginner	amateur	82	16	6.17	6.16	There are always ways to improve your game whether you're an advanced tennis player or merely	you just need to practice a lot.	False	n/a	n/a
1436.630859375	0.2	735555	207	final_expected	101	46	2	delong	expected	a	an	beginner	amateur	82	16	6.17	6.16	There are always ways to improve your game whether you're an advanced tennis player or merely	you just need to practice a lot.	False	n/a	n/a
1443.12890625	0.2	738882	255	filler_word	101	46	2	delong	expected	a	an	beginner	amateur	82	16	6.17	6.16	There are always ways to improve your game whether you're an advanced tennis player or merely	you just need to practice a lot.	False	n/a	n/a
1443.66015625	0.2	739154	255	filler_word	101	46	2	delong	expected	a	an	beginner	amateur	82	16	6.17	6.16	There are always ways to improve your game whether you're an advanced tennis player or merely	you just need to practice a lot.	False	n/a	n/a
1444.19140625	0.2	739426	255	filler_word	101	46	2	delong	expected	a	an	beginner	amateur	82	16	6.17	6.16	There are always ways to improve your game whether you're an advanced tennis player or merely	you just need to practice a lot.	False	n/a	n/a
1444.720703125	0.2	739697	255	filler_word	101	46	2	delong	expected	a	an	beginner	amateur	82	16	6.17	6.16	There are always ways to improve your game whether you're an advanced tennis player or merely	you just need to practice a lot.	False	n/a	n/a
1445.251953125	0.2	739969	255	filler_word	101	46	2	delong	expected	a	an	beginner	amateur	82	16	6.17	6.16	There are always ways to improve your game whether you're an advanced tennis player or merely	you just need to practice a lot.	False	n/a	n/a
1445.78125	0.2	740240	255	filler_word	101	46	2	delong	expected	a	an	beginner	amateur	82	16	6.17	6.16	There are always ways to improve your game whether you're an advanced tennis player or merely	you just need to practice a lot.	False	n/a	n/a
1446.3125	0.2	740512	255	filler_word	101	46	2	delong	expected	a	an	beginner	amateur	82	16	6.17	6.16	There are always ways to improve your game whether you're an advanced tennis player or merely	you just need to practice a lot.	False	n/a	n/a
1446.84375	0.2	740784	255	filler_word	101	46	2	delong	expected	a	an	beginner	amateur	82	16	6.17	6.16	There are always ways to improve your game whether you're an advanced tennis player or merely	you just need to practice a lot.	False	n/a	n/a
1447.373046875	0.2	741055	255	filler_word	101	46	2	delong	expected	a	an	beginner	amateur	82	16	6.17	6.16	There are always ways to improve your game whether you're an advanced tennis player or merely	you just need to practice a lot.	False	n/a	n/a
1447.904296875	0.2	741327	255	filler_word	101	46	2	delong	expected	a	an	beginner	amateur	82	16	6.17	6.16	There are always ways to improve your game whether you're an advanced tennis player or merely	you just need to practice a lot.	False	n/a	n/a
1448.435546875	0.2	741599	255	filler_word	101	46	2	delong	expected	a	an	beginner	amateur	82	16	6.17	6.16	There are always ways to improve your game whether you're an advanced tennis player or merely	you just need to practice a lot.	False	n/a	n/a
1448.96484375	0.2	741870	255	filler_word	101	46	2	delong	expected	a	an	beginner	amateur	82	16	6.17	6.16	There are always ways to improve your game whether you're an advanced tennis player or merely	you just need to practice a lot.	False	n/a	n/a
1449.49609375	0.2	742142	255	filler_word	101	46	2	delong	expected	a	an	beginner	amateur	82	16	6.17	6.16	There are always ways to improve your game whether you're an advanced tennis player or merely	you just need to practice a lot.	False	n/a	n/a
1450.025390625	0.2	742413	203	a_unexpected	101	46	2	delong	expected	a	an	beginner	amateur	82	16	6.17	6.16	There are always ways to improve your game whether you're an advanced tennis player or merely	you just need to practice a lot.	False	n/a	n/a
1450.341796875	0.0	742575	151	item_marker	102	51	2	delong	unexpected	an	a	author	success	75	25	6.03	6.19	After Joanne's first book was published she finally felt she could call herself	in front of her peers.	True	Was this Joanne's first book?	yes
1450.396484375	0.0	742603	25	cloze_marker	102	51	2	delong	unexpected	an	a	author	success	75	25	6.03	6.19	After Joanne's first book was published she finally felt she could call herself	in front of her peers.	True	Was this Joanne's first book?	yes
1450.607421875	0.2	742711	206	noun_unexpected	102	51	2	delong	unexpected	an	a	author	success	75	25	6.03	6.19	After Joanne's first book was published she finally felt she could call herself	in front of her peers.	True	Was this Joanne's first book?	yes
1450.921875	0.0	742872	151	item_marker	103	51	2	delong	unexpected	an	a	author	success	75	25	6.03	6.19	After Joanne's first book was published she finally felt she could call herself	in front of her peers.	True	Was this Joanne's first book?	yes
1450.9765625	0.0	742900	3	cloze_marker	103	51	2	delong	unexpected	an	a	author	success	75	25	6.03	6.19	After Joanne's first book was published she finally felt she could call herself	in front of her peers.	True	Was this Joanne's first book?	yes
1451.1875	0.2	743008	255	filler_word	103	51	2	delong	unexpected	an	a	author	success	75	25	6.03	6.19	After Joanne's first book was published she finally felt she could call herself	in front of her peers.	True	Was this Joanne's first book?	yes
1451.716796875	0.2	743279	255	filler_word	103	51	2	delong	unexpected	an	a	author	success	75	25	6.03	6.19	After Joanne's first book was published she finally felt she could call herself	in front of her peers.	True	Was this Joanne's first book?	yes
1452.248046875	0.2	743551	255	filler_word	103	51	2	delong	unexpected	an	a	author	success	75	25	6.03	6.19	After Joanne's first book was published she finally felt she could call herself	in front of her peers.	True	Was this Joanne's first book?	yes
1452.779296875	0.2	743823	255	filler_word	103	51	2	delong	unexpected	an	a	author	success	75	25	6.03	6.19	After Joanne's first book was published she finally felt she could call herself	in front of her peers.	True	Was this Joanne's first book?	yes
1453.30859375	0.2	744094	208	final_unexpected	103	51	2	delong	unexpected	an	a	author	success	75	25	6.03	6.19	After Joanne's first book was published she finally felt she could call herself	in front of her peers.	True	Was this Joanne's first book?	yes
1465.1640625	0.0	750164	251	question	103	51	2	delong	unexpected	an	a	author	success	75	25	6.03	6.19	After Joanne's first book was published she finally felt she could call herself	in front of her peers.	True	Was this Joanne's first book?	yes
1471.513671875	0.2	753415	255	filler_word	103	51	2	delong	unexpected	an	a	author	success	75	25	6.03	6.19	After Joanne's first book was published she finally felt she could call herself	in front of her peers.	True	Was this Joanne's first book?	yes
1472.04296875	0.2	753686	255	filler_word	103	51	2	delong	unexpected	an	a	author	success	75	25	6.03	6.19	After Joanne's first book was published she finally felt she could call herself	in front of her peers.	True	Was this Joanne's first book?	yes
1472.57421875	0.2	753958	255	filler_word	103	51	2	delong	unexpected	an	a	author	success	75	25	6.03	6.19	After Joanne's first book was published she finally felt she could call herself	in front of her peers.	True	Was this Joanne's first book?	yes
1473.103515625	0.2	754229	255	filler_word	103	51	2	delong	unexpected	an	a	author	success	75	25	6.03	6.19	After Joanne's first book was published she finally felt she could call herself	in front of her peers.	True	Was this Joanne's first book?	yes
1473.634765625	0.2	754501	255	filler_word	103	51	2	delong	unexpected	an	a	author	success	75	25	6.03	6.19	After Joanne's first book was published she finally felt she could call herself	in front of her peers.	True	Was this Joanne's first book?	yes
1474.166015625	0.2	754773	255	filler_word	103	51	2	delong	unexpected	an	a	author	success	75	25	6.03	6.19	After Joanne's first book was published she finally felt she could call herself	in front of her peers.	True	Was this Joanne's first book?	yes
1474.6953125	0.2	755044	255	filler_word	103	51	2	delong	unexpected	an	a	author	success	75	25	6.03	6.19	After Joanne's first book was published she finally felt she could call herself	in front of her peers.	True	Was this Joanne's first book?	yes
1475.2265625	0.2	755316	255	filler_word	103	51	2	delong	unexpected	an	a	author	success	75	25	6.03	6.19	After Joanne's first book was published she finally felt she could call herself	in front of her peers.	True	Was this Joanne's first book?	yes
1475.7578125	0.2	755588	255	filler_word	103	51	2	delong	unexpected	an	a	author	success	75	25	6.03	6.19	After Joanne's first book was published she finally felt she could call herself	in front of her peers.	True	Was this Joanne's first book?	yes
1476.287109375	0.2	755859	255	filler_word	103	51	2	delong	unexpected	an	a	author	success	75	25	6.03	6.19	After Joanne's first book was published she finally felt she could call herself	in front of her peers.	True	Was this Joanne's first book?	yes
1476.818359375	0.2	756131	255	filler_word	103	51	2	delong	unexpected	an	a	author	success	75	25	6.03	6.19	After Joanne's first book was published she finally felt she could call herself	in front of her peers.	True	Was this Joanne's first book?	yes
1477.34765625	0.2	756402	255	filler_word	103	51	2	delong	unexpected	an	a	author	success	75	25	6.03	6.19	After Joanne's first book was published she finally felt she could call herself	in front of her peers.	True	Was this Joanne's first book?	yes
1477.87890625	0.2	756674	255	filler_word	103	51	2	delong	unexpected	an	a	author	success	75	25	6.03	6.19	After Joanne's first book was published she finally felt she could call herself	in front of her peers.	True	Was this Joanne's first book?	yes
1478.41015625	0.2	756946	255	filler_word	103	51	2	delong	unexpected	an	a	author	success	75	25	6.03	6.19	After Joanne's first book was published she finally felt she could call herself	in front of her peers.	True	Was this Joanne's first book?	yes
1478.939453125	0.2	757217	255	filler_word	103	51	2	delong	unexpected	an	a	author	success	75	25	6.03	6.19	After Joanne's first book was published she finally felt she could call herself	in front of her peers.	True	Was this Joanne's first book?	yes
1479.470703125	0.2	757489	201	a_expected	103	51	2	delong	unexpected	an	a	author	success	75	25	6.03	6.19	After Joanne's first book was published she finally felt she could call herself	in front of her peers.	True	Was this Joanne's first book?	yes
1479.78515625	0.0	757650	142	item_marker	104	42	2	delong	expected	a	an	parent	adult	91	0	5.74	4.2	Older children often have a harder time than younger children dealing with the loss of	who has cared for them.	False	n/a	n/a
1479.841796875	0.0	757679	91	cloze_marker	104	42	2	delong	expected	a	an	parent	adult	91	0	5.74	4.2	Older children often have a harder time than younger children dealing with the loss of	who has cared for them.	False	n/a	n/a
1480.05078125	0.2	757786	205	noun_expected	104	42	2	delong	expected	a	an	parent	adult	91	0	5.74	4.2	Older children often have a harder time than younger children dealing with the loss of	who has cared for them.	False	n/a	n/a
1480.365234375	0.0	757947	142	item_marker	105	42	2	delong	expected	a	an	parent	adult	91	0	5.74	4.2	Older children often have a harder time than younger children dealing with the loss of	who has cared for them.	False	n/a	n/a
1480.421875	0.0	757976	37	cloze_marker	105	42	2	delong	expected	a	an	parent	adult	91	0	5.74	4.2	Older children often have a harder time than younger children dealing with the loss of	who has cared for them.	False	n/a	n/a
1480.630859375	0.2	758083	255	filler_word	105	42	2	delong	expected	a	an	parent	adult	91	0	5.74	4.2	Older children often have a harder time than younger children dealing with the loss of	who has cared for them.	False	n/a	n/a
1481.16015625	0.2	758354	255	filler_word	105	42	2	delong	expected	a	an	parent	adult	91	0	5.74	4.2	Older children often have a harder time than younger children dealing with the loss of	who has cared for them.	False	n/a	n/a
1481.69140625	0.2	758626	255	filler_word	105	42	2	delong	expected	a	an	parent	adult	91	0	5.74	4.2	Older children often have a harder time than younger children dealing with the loss of	who has cared for them.	False	n/a	n/a
1482.22265625	0.2	758898	255	filler_word	105	42	2	delong	expected	a	an	parent	adult	91	0	5.74	4.2	Older children often have a harder time than younger children dealing with the loss of	who has cared for them.	False	n/a	n/a
1482.75390625	0.2	759170	207	final_expected	105	42	2	delong	expected	a	an	parent	adult	91	0	5.74	4.2	Older children often have a harder time than younger children dealing with the loss of	who has cared for them.	False	n/a	n/a
1485.224609375	0.2	760435	255	filler_word	105	42	2	delong	expected	a	an	parent	adult	91	0	5.74	4.2	Older children often have a harder time than younger children dealing with the loss of	who has cared for them.	False	n/a	n/a
1485.75390625	0.2	760706	255	filler_word	105	42	2	delong	expected	a	an	parent	adult	91	0	5.74	4.2	Older children often have a harder time than younger children dealing with the loss of	who has cared for them.	False	n/a	n/a
1486.283203125	0.2	760977	255	filler_word	105	42	2	delong	expected	a	an	parent	adult	91	0	5.74	4.2	Older children often have a harder time than younger children dealing with the loss of	who has cared for them.	False	n/a	n/a
1486.814453125	0.2	761249	255	filler_word	105	42	2	delong	expected	a	an	parent	adult	91	0	5.74	4.2	Older children often have a harder time than younger children dealing with the loss of	who has cared for them.	False	n/a	n/a
1487.345703125	0.2	761521	255	filler_word	105	42	2	delong	expected	a	an	parent	adult	91	0	5.74	4.2	Older children often have a harder time than younger children dealing with the loss of	who has cared for them.	False	n/a	n/a
1487.876953125	0.2	761793	255	filler_word	105	42	2	delong	expected	a	an	parent	adult	91	0	5.74	4.2	Older children often have a harder time than younger children dealing with the loss of	who has cared for them.	False	n/a	n/a
1488.40625	0.2	762064	255	filler_word	105	42	2	delong	expected	a	an	parent	adult	91	0	5.74	4.2	Older children often have a harder time than younger children dealing with the loss of	who has cared for them.	False	n/a	n/a
1488.9375	0.2	762336	255	filler_word	105	42	2	delong	expected	a	an	parent	adult	91	0	5.74	4.2	Older children often have a harder time than younger children dealing with the loss of	who has cared for them.	False	n/a	n/a
1489.466796875	0.2	762607	255	filler_word	105	42	2	delong	expected	a	an	parent	adult	91	0	5.74	4.2	Older children often have a harder time than younger children dealing with the loss of	who has cared for them.	False	n/a	n/a
1489.998046875	0.2	762879	255	filler_word	105	42	2	delong	expected	a	an	parent	adult	91	0	5.74	4.2	Older children often have a harder time than younger children dealing with the loss of	who has cared for them.	False	n/a	n/a
1490.529296875	0.2	763151	255	filler_word	105	42	2	delong	expected	a	an	parent	adult	91	0	5.74	4.2	Older children often have a harder time than younger children dealing with the loss of	who has cared for them.	False	n/a	n/a
1491.05859375	0.2	763422	255	filler_word	105	42	2	delong	expected	a	an	parent	adult	91	0	5.74	4.2	Older children often have a harder time than younger children dealing with the loss of	who has cared for them.	False	n/a	n/a
1491.58984375	0.2	763694	255	filler_word	105	42	2	delong	expected	a	an	parent	adult	91	0	5.74	4.2	Older children often have a harder time than younger children dealing with the loss of	who has cared for them.	False	n/a	n/a
1492.12109375	0.2	763966	255	filler_word	105	42	2	delong	expected	a	an	parent	adult	91	0	5.74	4.2	Older children often have a harder time than younger children dealing with the loss of	who has cared for them.	False	n/a	n/a
1492.650390625	0.2	764237	255	filler_word	105	42	2	delong	expected	a	an	parent	adult	91	0	5.74	4.2	Older children often have a harder time than younger children dealing with the loss of	who has cared for them.	False	n/a	n/a
1493.181640625	0.2	764509	255	filler_word	105	42	2	delong	expected	a	an	parent	adult	91	0	5.74	4.2	Older children often have a harder time than younger children dealing with the loss of	who has cared for them.	False	n/a	n/a
1493.712890625	0.2	764781	255	filler_word	105	42	2	delong	expected	a	an	parent	adult	91	0	5.74	4.2	Older children often have a harder time than younger children dealing with the loss of	who has cared for them.	False	n/a	n/a
1494.2421875	0.2	765052	255	filler_word	105	42	2	delong	expected	a	an	parent	adult	91	0	5.74	4.2	Older children often have a harder time than younger children dealing with the loss of	who has cared for them.	False	n/a	n/a
1494.7734375	0.2	765324	202	an_expected	105	42	2	delong	expected	a	an	parent	adult	91	0	5.74	4.2	Older children often have a harder time than younger children dealing with the loss of	who has cared for them.	False	n/a	n/a
1495.087890625	0.0	765485	145	item_marker	106	45	2	delong	expected	an	a	amateur	beginner	73	5	6.0	6.45	The professional photographer was disqualified from the photo contest because the rules explicitly state that you must be	in order to compete.	False	n/a	n/a
1495.142578125	0.0	765513	73	cloze_marker	106	45	2	delong	expected	an	a	amateur	beginner	73	5	6.0	6.45	The professional photographer was disqualified from the photo contest because the rules explicitly state that you must be	in order to compete.	False	n/a	n/a
1495.353515625	0.2	765621	205	noun_expected	106	45	2	delong	expected	an	a	amateur	beginner	73	5	6.0	6.45	The professional photographer was disqualified from the photo contest because the rules explicitly state that you must be	in order to compete.	False	n/a	n/a
1495.669921875	0.0	765783	145	item_marker	107	45	2	delong	expected	an	a	amateur	beginner	73	5	6.0	6.45	The professional photographer was disqualified from the photo contest because the rules explicitly state that you must be	in order to compete.	False	n/a	n/a
1495.724609375	0.0	765811	67	cloze_marker	107	45	2	delong	expected	an	a	amateur	beginner	73	5	6.0	6.45	The professional photographer was disqualified from the photo contest because the rules explicitly state that you must be	in order to compete.	False	n/a	n/a
1495.93359375	0.2	765918	255	filler_word	107	45	2	delong	expected	an	a	amateur	beginner	73	5	6.0	6.45	The professional photographer was disqualified from the photo contest because the rules explicitly state that you must be	in order to compete.	False	n/a	n/a
1496.46484375	0.2	766190	255	filler_word	107	45	2	delong	expected	an	a	amateur	beginner	73	5	6.0	6.45	The professional photographer was disqualified from the photo contest because the rules explicitly state that you must be	in order to compete.	False	n/a	n/a
1496.994140625	0.2	766461	255	filler_word	107	45	2	delong	expected	an	a	amateur	beginner	73	5	6.0	6.45	The professional photographer was disqualified from the photo contest because the rules explicitly state that you must be	in order to compete.	False	n/a	n/a
1497.525390625	0.2	766733	207	final_expected	107	45	2	delong	expected	an	a	amateur	beginner	73	5	6.0	6.45	The professional photographer was disqualified from the photo contest because the rules explicitly state that you must be	in order to compete.	False	n/a	n/a
1500.01171875	0.2	768006	255	filler_word	107	45	2	delong	expected	an	a	amateur	beginner	73	5	6.0	6.45	The professional photographer was disqualified from the photo contest because the rules explicitly state that you must be	in order to compete.	False	n/a	n/a
1500.54296875	0.2	768278	255	filler_word	107	45	2	delong	expected	an	a	amateur	beginner	73	5	6.0	6.45	The professional photographer was disqualified from the photo contest because the rules explicitly state that you must be	in order to compete.	False	n/a	n/a
1501.072265625	0.2	768549	255	filler_word	107	45	2	delong	expected	an	a	amateur	beginner	73	5	6.0	6.45	The professional photographer was disqualified from the photo contest because the rules explicitly state that you must be	in order to compete.	False	n/a	n/a
1501.603515625	0.2	768821	255	filler_word	107	45	2	delong	expected	an	a	amateur	beginner	73	5	6.0	6.45	The professional photographer was disqualified from the photo contest because the rules explicitly state that you must be	in order to compete.	False	n/a	n/a
1502.134765625	0.2	769093	255	filler_word	107	45	2	delong	expected	an	a	amateur	beginner	73	5	6.0	6.45	The professional photographer was disqualified from the photo contest because the rules explicitly state that you must be	in order to compete.	False	n/a	n/a
1502.6640625	0.2	769364	255	filler_word	107	45	2	delong	expected	an	a	amateur	beginner	73	5	6.0	6.45	The professional photographer was disqualified from the photo contest because the rules explicitly state that you must be	in order to compete.	False	n/a	n/a
1503.1953125	0.2	769636	255	filler_word	107	45	2	delong	expected	an	a	amateur	beginner	73	5	6.0	6.45	The professional photographer was disqualified from the photo contest because the rules explicitly state that you must be	in order to compete.	False	n/a	n/a
1503.724609375	0.2	769907	255	filler_word	107	45	2	delong	expected	an	a	amateur	beginner	73	5	6.0	6.45	The professional photographer was disqualified from the photo contest because the rules explicitly state that you must be	in order to compete.	False	n/a	n/a
1504.255859375	0.2	770179	255	filler_word	107	45	2	delong	expected	an	a	amateur	beginner	73	5	6.0	6.45	The professional photographer was disqualified from the photo contest because the rules explicitly state that you must be	in order to compete.	False	n/a	n/a
1504.787109375	0.2	770451	255	filler_word	107	45	2	delong	expected	an	a	amateur	beginner	73	5	6.0	6.45	The professional photographer was disqualified from the photo contest because the rules explicitly state that you must be	in order to compete.	False	n/a	n/a
1505.31640625	0.2	770722	255	filler_word	107	45	2	delong	expected	an	a	amateur	beginner	73	5	6.0	6.45	The professional photographer was disqualified from the photo contest because the rules explicitly state that you must be	in order to compete.	False	n/a	n/a
1505.84765625	0.2	770994	255	filler_word	107	45	2	delong	expected	an	a	amateur	beginner	73	5	6.0	6.45	The professional photographer was disqualified from the photo contest because the rules explicitly state that you must be	in order to compete.	False	n/a	n/a
1506.37890625	0.2	771266	255	filler_word	107	45	2	delong	expected	an	a	amateur	beginner	73	5	6.0	6.45	The professional photographer was disqualified from the photo contest because the rules explicitly state that you must be	in order to compete.	False	n/a	n/a
1506.908203125	0.2	771537	255	filler_word	107	45	2	delong	expected	an	a	amateur	beginner	73	5	6.0	6.45	The professional photographer was disqualified from the photo contest because the rules explicitly state that you must be	in order to compete.	False	n/a	n/a
1507.439453125	0.2	771809	255	filler_word	107	45	2	delong	expected	an	a	amateur	beginner	73	5	6.0	6.45	The professional photographer was disqualified from the photo contest because the rules explicitly state that you must be	in order to compete.	False	n/a	n/a
1507.96875	0.2	772080	255	filler_word	107	45	2	delong	expected	an	a	amateur	beginner	73	5	6.0	6.45	The professional photographer was disqualified from the photo contest because the rules explicitly state that you must be	in order to compete.	False	n/a	n/a
1508.5	0.2	772352	255	filler_word	107	45	2	delong	expected	an	a	amateur	beginner	73	5	6.0	6.45	The professional photographer was disqualified from the photo contest because the rules explicitly state that you must be	in order to compete.	False	n/a	n/a
1509.03125	0.2	772624	255	filler_word	107	45	2	delong	expected	an	a	amateur	beginner	73	5	6.0	6.45	The professional photographer was disqualified from the photo contest because the rules explicitly state that you must be	in order to compete.	False	n/a	n/a
1509.560546875	0.2	772895	255	filler_word	107	45	2	delong	expected	an	a	amateur	beginner	73	5	6.0	6.45	The professional photographer was disqualified from the photo contest because the rules explicitly state that you must be	in order to compete.	False	n/a	n/a
1510.091796875	0.2	773167	255	filler_word	107	45	2	delong	expected	an	a	amateur	beginner	73	5	6.0	6.45	The professional photographer was disqualified from the photo contest because the rules explicitly state that you must be	in order to compete.	False	n/a	n/a
1510.623046875	0.2	773439	203	a_unexpected	107	45	2	delong	expected	an	a	amateur	beginner	73	5	6.0	6.45	The professional photographer was disqualified from the photo contest because the rules explicitly state that you must be	in order to compete.	False	n/a	n/a
1510.9375	0.0	773600	147	item_marker	108	47	2	delong	unexpected	an	a	excuse	story	91	7	6.26	4.93	Amelia did not want to go to the bar with her friends after seeing the movie so she made up	for why she needed to go home early.	True	Did Amelia go home late?	no
1510.994140625	0.0	773629	7	cloze_marker	108	47	2	delong	unexpected	an	a	excuse	story	91	7	6.26	4.93	Amelia did not want to go to the bar with her friends after seeing the movie so she made up	for why she needed to go home early.	True	Did Amelia go home late?	no
1511.203125	0.2	773736	206	noun_unexpected	108	47	2	delong	unexpected	an	a	excuse	story	91	7	6.26	4.93	Amelia did not want to go to the bar with her friends after seeing the movie so she made up	for why she needed to go home early.	True	Did Amelia go home late?	no
1511.517578125	0.0	773897	147	item_marker	109	47	2	delong	unexpected	an	a	excuse	story	91	7	6.26	4.93	Amelia did not want to go to the bar with her friends after seeing the movie so she made up	for why she needed to go home early.	True	Did Amelia go home late?	no
1511.57421875	0.0	773926	13	cloze_marker	109	47	2	delong	unexpected	an	a	excuse	story	91	7	6.26	4.93	Amelia did not want to go to the bar with her friends after seeing the movie so she made up	for why she needed to go home early.	True	Did Amelia go home late?	no
1511.783203125	0.2	774033	255	filler_word	109	47	2	delong	unexpected	an	a	excuse	story	91	7	6.26	4.93	Amelia did not want to go to the bar with her friends after seeing the movie so she made up	for why she needed to go home early.	True	Did Amelia go home late?	no
1512.3125	0.2	774304	255	filler_word	109	47	2	delong	unexpected	an	a	excuse	story	91	7	6.26	4.93	Amelia did not want to go to the bar with her friends after seeing the movie so she made up	for why she needed to go home early.	True	Did Amelia go home late?	no
1512.84375	0.2	774576	255	filler_word	109	47	2	delong	unexpected	an	a	excuse	story	91	7	6.26	4.93	Amelia did not want to go to the bar with her friends after seeing the movie so she made up	for why she needed to go home early.	True	Did Amelia go home late?	no
1513.375	0.2	774848	255	filler_word	109	47	2	delong	unexpected	an	a	excuse	story	91	7	6.26	4.93	Amelia did not want to go to the bar with her friends after seeing the movie so she made up	for why she needed to go home early.	True	Did Amelia go home late?	no
1513.904296875	0.2	775119	255	filler_word	109	47	2	delong	unexpected	an	a	excuse	story	91	7	6.26	4.93	Amelia did not want to go to the bar with her friends after seeing the movie so she made up	for why she needed to go home early.	True	Did Amelia go home late?	no
1514.435546875	0.2	775391	255	filler_word	109	47	2	delong	unexpected	an	a	excuse	story	91	7	6.26	4.93	Amelia did not want to go to the bar with her friends after seeing the movie so she made up	for why she needed to go home early.	True	Did Amelia go home late?	no
1514.966796875	0.2	775663	255	filler_word	109	47	2	delong	unexpected	an	a	excuse	story	91	7	6.26	4.93	Amelia did not want to go to the bar with her friends after seeing the movie so she made up	for why she needed to go home early.	True	Did Amelia go home late?	no
1515.49609375	0.2	775934	208	final_unexpected	109	47	2	delong	unexpected	an	a	excuse	story	91	7	6.26	4.93	Amelia did not want to go to the bar with her friends after seeing the movie so she made up	for why she needed to go home early.	True	Did Amelia go home late?	no
1532.556640625	0.0	784669	251	question	109	47	2	delong	unexpected	an	a	excuse	story	91	7	6.26	4.93	Amelia did not want to go to the bar with her friends after seeing the movie so she made up	for why she needed to go home early.	True	Did Amelia go home late?	no
1534.91015625	0.2	785874	255	filler_word	109	47	2	delong	unexpected	an	a	excuse	story	91	7	6.26	4.93	Amelia did not want to go to the bar with her friends after seeing the movie so she made up	for why she needed to go home early.	True	Did Amelia go home late?	no
1535.44140625	0.2	786146	255	filler_word	109	47	2	delong	unexpected	an	a	excuse	story	91	7	6.26	4.93	Amelia did not want to go to the bar with her friends after seeing the movie so she made up	for why she needed to go home early.	True	Did Amelia go home late?	no
1535.970703125	0.2	786417	255	filler_word	109	47	2	delong	unexpected	an	a	excuse	story	91	7	6.26	4.93	Amelia did not want to go to the bar with her friends after seeing the movie so she made up	for why she needed to go home early.	True	Did Amelia go home late?	no
1536.501953125	0.2	786689	255	filler_word	109	47	2	delong	unexpected	an	a	excuse	story	91	7	6.26	4.93	Amelia did not want to go to the bar with her friends after seeing the movie so she made up	for why she needed to go home early.	True	Did Amelia go home late?	no
1537.033203125	0.2	786961	255	filler_word	109	47	2	delong	unexpected	an	a	excuse	story	91	7	6.26	4.93	Amelia did not want to go to the bar with her friends after seeing the movie so she made up	for why she needed to go home early.	True	Did Amelia go home late?	no
1537.5625	0.2	787232	255	filler_word	109	47	2	delong	unexpected	an	a	excuse	story	91	7	6.26	4.93	Amelia did not want to go to the bar with her friends after seeing the movie so she made up	for why she needed to go home early.	True	Did Amelia go home late?	no
1538.09375	0.2	787504	255	filler_word	109	47	2	delong	unexpected	an	a	excuse	story	91	7	6.26	4.93	Amelia did not want to go to the bar with her friends after seeing the movie so she made up	for why she needed to go home early.	True	Did Amelia go home late?	no
1538.625	0.2	787776	255	filler_word	109	47	2	delong	unexpected	an	a	excuse	story	91	7	6.26	4.93	Amelia did not want to go to the bar with her friends after seeing the movie so she made up	for why she needed to go home early.	True	Did Amelia go home late?	no
1539.154296875	0.2	788047	255	filler_word	109	47	2	delong	unexpected	an	a	excuse	story	91	7	6.26	4.93	Amelia did not want to go to the bar with her friends after seeing the movie so she made up	for why she needed to go home early.	True	Did Amelia go home late?	no
1539.685546875	0.2	788319	255	filler_word	109	47	2	delong	unexpected	an	a	excuse	story	91	7	6.26	4.93	Amelia did not want to go to the bar with her friends after seeing the movie so she made up	for why she needed to go home early.	True	Did Amelia go home late?	no
1540.21484375	0.2	788590	255	filler_word	109	47	2	delong	unexpected	an	a	excuse	story	91	7	6.26	4.93	Amelia did not want to go to the bar with her friends after seeing the movie so she made up	for why she needed to go home early.	True	Did Amelia go home late?	no
1540.74609375	0.2	788862	255	filler_word	109	47	2	delong	unexpected	an	a	excuse	story	91	7	6.26	4.93	Amelia did not want to go to the bar with her friends after seeing the movie so she made up	for why she needed to go home early.	True	Did Amelia go home late?	no
1541.27734375	0.2	789134	255	filler_word	109	47	2	delong	unexpected	an	a	excuse	story	91	7	6.26	4.93	Amelia did not want to go to the bar with her friends after seeing the movie so she made up	for why she needed to go home early.	True	Did Amelia go home late?	no
1541.806640625	0.2	789405	255	filler_word	109	47	2	delong	unexpected	an	a	excuse	story	91	7	6.26	4.93	Amelia did not want to go to the bar with her friends after seeing the movie so she made up	for why she needed to go home early.	True	Did Amelia go home late?	no
1542.337890625	0.2	789677	201	a_expected	109	47	2	delong	unexpected	an	a	excuse	story	91	7	6.26	4.93	Amelia did not want to go to the bar with her friends after seeing the movie so she made up	for why she needed to go home early.	True	Did Amelia go home late?	no
1542.65234375	0.0	789838	150	item_marker	110	50	2	delong	expected	a	an	finger	onion	27	0	5.35	3.13	Marie wanted to sample a tiny bit of the sauce so she daintily dipped	into the pot.	False	n/a	n/a
1542.708984375	0.0	789867	27	cloze_marker	110	50	2	delong	expected	a	an	finger	onion	27	0	5.35	3.13	Marie wanted to sample a tiny bit of the sauce so she daintily dipped	into the pot.	False	n/a	n/a
1542.91796875	0.2	789974	205	noun_expected	110	50	2	delong	expected	a	an	finger	onion	27	0	5.35	3.13	Marie wanted to sample a tiny bit of the sauce so she daintily dipped	into the pot.	False	n/a	n/a
1543.232421875	0.0	790135	150	item_marker	111	50	2	delong	expected	a	an	finger	onion	27	0	5.35	3.13	Marie wanted to sample a tiny bit of the sauce so she daintily dipped	into the pot.	False	n/a	n/a
1543.2890625	0.0	790164	37	cloze_marker	111	50	2	delong	expected	a	an	finger	onion	27	0	5.35	3.13	Marie wanted to sample a tiny bit of the sauce so she daintily dipped	into the pot.	False	n/a	n/a
1543.498046875	0.2	790271	255	filler_word	111	50	2	delong	expected	a	an	finger	onion	27	0	5.35	3.13	Marie wanted to sample a tiny bit of the sauce so she daintily dipped	into the pot.	False	n/a	n/a
1544.029296875	0.2	790543	255	filler_word	111	50	2	delong	expected	a	an	finger	onion	27	0	5.35	3.13	Marie wanted to sample a tiny bit of the sauce so she daintily dipped	into the pot.	False	n/a	n/a
1544.55859375	0.2	790814	207	final_expected	111	50	2	delong	expected	a	an	finger	onion	27	0	5.35	3.13	Marie wanted to sample a tiny bit of the sauce so she daintily dipped	into the pot.	False	n/a	n/a
1547.51171875	0.2	792326	255	filler_word	111	50	2	delong	expected	a	an	finger	onion	27	0	5.35	3.13	Marie wanted to sample a tiny bit of the sauce so she daintily dipped	into the pot.	False	n/a	n/a
1548.041015625	0.2	792597	255	filler_word	111	50	2	delong	expected	a	an	finger	onion	27	0	5.35	3.13	Marie wanted to sample a tiny bit of the sauce so she daintily dipped	into the pot.	False	n/a	n/a
1548.572265625	0.2	792869	255	filler_word	111	50	2	delong	expected	a	an	finger	onion	27	0	5.35	3.13	Marie wanted to sample a tiny bit of the sauce so she daintily dipped	into the pot.	False	n/a	n/a
1549.1015625	0.2	793140	255	filler_word	111	50	2	delong	expected	a	an	finger	onion	27	0	5.35	3.13	Marie wanted to sample a tiny bit of the sauce so she daintily dipped	into the pot.	False	n/a	n/a
1549.6328125	0.2	793412	255	filler_word	111	50	2	delong	expected	a	an	finger	onion	27	0	5.35	3.13	Marie wanted to sample a tiny bit of the sauce so she daintily dipped	into the pot.	False	n/a	n/a
1550.1640625	0.2	793684	255	filler_word	111	50	2	delong	expected	a	an	finger	onion	27	0	5.35	3.13	Marie wanted to sample a tiny bit of the sauce so she daintily dipped	into the pot.	False	n/a	n/a
1550.693359375	0.2	793955	255	filler_word	111	50	2	delong	expected	a	an	finger	onion	27	0	5.35	3.13	Marie wanted to sample a tiny bit of the sauce so she daintily dipped	into the pot.	False	n/a	n/a
1551.224609375	0.2	794227	202	an_expected	111	50	2	delong	expected	a	an	finger	onion	27	0	5.35	3.13	Marie wanted to sample a tiny bit of the sauce so she daintily dipped	into the pot.	False	n/a	n/a
1551.5390625	0.0	794388	157	item_marker	112	57	2	delong	expected	an	a	escalator	wheelchair	34	11	5.87	1.94	Damon preferred climbing stairs over going up	because it had given him the chance to get a little exercise.	True	Did Damon prefer stairs over lifts?	yes
1551.59375	0.0	794416	34	cloze_marker	112	57	2	delong	expected	an	a	escalator	wheelchair	34	11	5.87	1.94	Damon preferred climbing stairs over going up	because it had given him the chance to get a little exercise.	True	Did Damon prefer stairs over lifts?	yes
1551.8046875	0.2	794524	205	noun_expected	112	57	2	delong	expected	an	a	escalator	wheelchair	34	11	5.87	1.94	Damon preferred climbing stairs over going up	because it had given him the chance to get a little exercise.	True	Did Damon prefer stairs over lifts?	yes
1552.119140625	0.0	794685	157	item_marker	113	57	2	delong	expected	an	a	escalator	wheelchair	34	11	5.87	1.94	Damon preferred climbing stairs over going up	because it had given him the chance to get a little exercise.	True	Did Damon prefer stairs over lifts?	yes
1552.173828125	0.0	794713	69	cloze_marker	113	57	2	delong	expected	an	a	escalator	wheelchair	34	11	5.87	1.94	Damon preferred climbing stairs over going up	because it had given him the chance to get a little exercise.	True	Did Damon prefer stairs over lifts?	yes
1552.384765625	0.2	794821	255	filler_word	113	57	2	delong	expected	an	a	escalator	wheelchair	34	11	5.87	1.94	Damon preferred climbing stairs over going up	because it had given him the chance to get a little exercise.	True	Did Damon prefer stairs over lifts?	yes
1552.916015625	0.2	795093	255	filler_word	113	57	2	delong	expected	an	a	escalator	wheelchair	34	11	5.87	1.94	Damon preferred climbing stairs over going up	because it had given him the chance to get a little exercise.	True	Did Damon prefer stairs over lifts?	yes
1553.4453125	0.2	795364	255	filler_word	113	57	2	delong	expected	an	a	escalator	wheelchair	34	11	5.87	1.94	Damon preferred climbing stairs over going up	because it had given him the chance to get a little exercise.	True	Did Damon prefer stairs over lifts?	yes
1553.9765625	0.2	795636	255	filler_word	113	57	2	delong	expected	an	a	escalator	wheelchair	34	11	5.87	1.94	Damon preferred climbing stairs over going up	because it had given him the chance to get a little exercise.	True	Did Damon prefer stairs over lifts?	yes
1554.505859375	0.2	795907	255	filler_word	113	57	2	delong	expected	an	a	escalator	wheelchair	34	11	5.87	1.94	Damon preferred climbing stairs over going up	because it had given him the chance to get a little exercise.	True	Did Damon prefer stairs over lifts?	yes
1555.037109375	0.2	796179	255	filler_word	113	57	2	delong	expected	an	a	escalator	wheelchair	34	11	5.87	1.94	Damon preferred climbing stairs over going up	because it had given him the chance to get a little exercise.	True	Did Damon prefer stairs over lifts?	yes
1555.568359375	0.2	796451	255	filler_word	113	57	2	delong	expected	an	a	escalator	wheelchair	34	11	5.87	1.94	Damon preferred climbing stairs over going up	because it had given him the chance to get a little exercise.	True	Did Damon prefer stairs over lifts?	yes
1556.09765625	0.2	796722	255	filler_word	113	57	2	delong	expected	an	a	escalator	wheelchair	34	11	5.87	1.94	Damon preferred climbing stairs over going up	because it had given him the chance to get a little exercise.	True	Did Damon prefer stairs over lifts?	yes
1556.62890625	0.2	796994	255	filler_word	113	57	2	delong	expected	an	a	escalator	wheelchair	34	11	5.87	1.94	Damon preferred climbing stairs over going up	because it had given him the chance to get a little exercise.	True	Did Damon prefer stairs over lifts?	yes
1557.16015625	0.2	797266	255	filler_word	113	57	2	delong	expected	an	a	escalator	wheelchair	34	11	5.87	1.94	Damon preferred climbing stairs over going up	because it had given him the chance to get a little exercise.	True	Did Damon prefer stairs over lifts?	yes
1557.689453125	0.2	797537	255	filler_word	113	57	2	delong	expected	an	a	escalator	wheelchair	34	11	5.87	1.94	Damon preferred climbing stairs over going up	because it had given him the chance to get a little exercise.	True	Did Damon prefer stairs over lifts?	yes
1558.220703125	0.2	797809	207	final_expected	113	57	2	delong	expected	an	a	escalator	wheelchair	34	11	5.87	1.94	Damon preferred climbing stairs over going up	because it had given him the chance to get a little exercise.	True	Did Damon prefer stairs over lifts?	yes
1574.203125	0.0	805992	251	question	113	57	2	delong	expected	an	a	escalator	wheelchair	34	11	5.87	1.94	Damon preferred climbing stairs over going up	because it had given him the chance to get a little exercise.	True	Did Damon prefer stairs over lifts?	yes
1579.17578125	0.2	808538	255	filler_word	113	57	2	delong	expected	an	a	escalator	wheelchair	34	11	5.87	1.94	Damon preferred climbing stairs over going up	because it had given him the chance to get a little exercise.	True	Did Damon prefer stairs over lifts?	yes
1579.70703125	0.2	808810	255	filler_word	113	57	2	delong	expected	an	a	escalator	wheelchair	34	11	5.87	1.94	Damon preferred climbing stairs over going up	because it had given him the chance to get a little exercise.	True	Did Damon prefer stairs over lifts?	yes
1580.23828125	0.2	809082	255	filler_word	113	57	2	delong	expected	an	a	escalator	wheelchair	34	11	5.87	1.94	Damon preferred climbing stairs over going up	because it had given him the chance to get a little exercise.	True	Did Damon prefer stairs over lifts?	yes
1580.767578125	0.2	809353	255	filler_word	113	57	2	delong	expected	an	a	escalator	wheelchair	34	11	5.87	1.94	Damon preferred climbing stairs over going up	because it had given him the chance to get a little exercise.	True	Did Damon prefer stairs over lifts?	yes
1581.298828125	0.2	809625	255	filler_word	113	57	2	delong	expected	an	a	escalator	wheelchair	34	11	5.87	1.94	Damon preferred climbing stairs over going up	because it had given him the chance to get a little exercise.	True	Did Damon prefer stairs over lifts?	yes
1581.828125	0.2	809896	255	filler_word	113	57	2	delong	expected	an	a	escalator	wheelchair	34	11	5.87	1.94	Damon preferred climbing stairs over going up	because it had given him the chance to get a little exercise.	True	Did Damon prefer stairs over lifts?	yes
1582.359375	0.2	810168	255	filler_word	113	57	2	delong	expected	an	a	escalator	wheelchair	34	11	5.87	1.94	Damon preferred climbing stairs over going up	because it had given him the chance to get a little exercise.	True	Did Damon prefer stairs over lifts?	yes
1582.888671875	0.2	810439	255	filler_word	113	57	2	delong	expected	an	a	escalator	wheelchair	34	11	5.87	1.94	Damon preferred climbing stairs over going up	because it had given him the chance to get a little exercise.	True	Did Damon prefer stairs over lifts?	yes
1583.419921875	0.2	810711	255	filler_word	113	57	2	delong	expected	an	a	escalator	wheelchair	34	11	5.87	1.94	Damon preferred climbing stairs over going up	because it had given him the chance to get a little exercise.	True	Did Damon prefer stairs over lifts?	yes
1583.951171875	0.2	810983	255	filler_word	113	57	2	delong	expected	an	a	escalator	wheelchair	34	11	5.87	1.94	Damon preferred climbing stairs over going up	because it had given him the chance to get a little exercise.	True	Did Damon prefer stairs over lifts?	yes
1584.482421875	0.2	811255	255	filler_word	113	57	2	delong	expected	an	a	escalator	wheelchair	34	11	5.87	1.94	Damon preferred climbing stairs over going up	because it had given him the chance to get a little exercise.	True	Did Damon prefer stairs over lifts?	yes
1585.01171875	0.2	811526	255	filler_word	113	57	2	delong	expected	an	a	escalator	wheelchair	34	11	5.87	1.94	Damon preferred climbing stairs over going up	because it had given him the chance to get a little exercise.	True	Did Damon prefer stairs over lifts?	yes
1585.54296875	0.2	811798	255	filler_word	113	57	2	delong	expected	an	a	escalator	wheelchair	34	11	5.87	1.94	Damon preferred climbing stairs over going up	because it had given him the chance to get a little exercise.	True	Did Damon prefer stairs over lifts?	yes
1586.072265625	0.2	812069	255	filler_word	113	57	2	delong	expected	an	a	escalator	wheelchair	34	11	5.87	1.94	Damon preferred climbing stairs over going up	because it had given him the chance to get a little exercise.	True	Did Damon prefer stairs over lifts?	yes
1586.603515625	0.2	812341	255	filler_word	113	57	2	delong	expected	an	a	escalator	wheelchair	34	11	5.87	1.94	Damon preferred climbing stairs over going up	because it had given him the chance to get a little exercise.	True	Did Damon prefer stairs over lifts?	yes
1587.1328125	0.2	812612	255	filler_word	113	57	2	delong	expected	an	a	escalator	wheelchair	34	11	5.87	1.94	Damon preferred climbing stairs over going up	because it had given him the chance to get a little exercise.	True	Did Damon prefer stairs over lifts?	yes
1587.6640625	0.2	812884	255	filler_word	113	57	2	delong	expected	an	a	escalator	wheelchair	34	11	5.87	1.94	Damon preferred climbing stairs over going up	because it had given him the chance to get a little exercise.	True	Did Damon prefer stairs over lifts?	yes
1588.1953125	0.2	813156	255	filler_word	113	57	2	delong	expected	an	a	escalator	wheelchair	34	11	5.87	1.94	Damon preferred climbing stairs over going up	because it had given him the chance to get a little exercise.	True	Did Damon prefer stairs over lifts?	yes
1588.724609375	0.2	813427	255	filler_word	113	57	2	delong	expected	an	a	escalator	wheelchair	34	11	5.87	1.94	Damon preferred climbing stairs over going up	because it had given him the chance to get a little exercise.	True	Did Damon prefer stairs over lifts?	yes
1589.255859375	0.2	813699	255	filler_word	113	57	2	delong	expected	an	a	escalator	wheelchair	34	11	5.87	1.94	Damon preferred climbing stairs over going up	because it had given him the chance to get a little exercise.	True	Did Damon prefer stairs over lifts?	yes
1589.787109375	0.2	813971	201	a_expected	113	57	2	delong	expected	an	a	escalator	wheelchair	34	11	5.87	1.94	Damon preferred climbing stairs over going up	because it had given him the chance to get a little exercise.	True	Did Damon prefer stairs over lifts?	yes
1590.1015625	0.0	814132	158	item_marker	114	58	2	delong	expected	a	an	wheelchair	escalator	66	0	5.83	5.03	The doctors told Monica not to use her legs too much so soon after her surgery so she often used	when moving around to rest her legs.	True	Could Monica use stairs very often?	no
1590.158203125	0.0	814161	66	cloze_marker	114	58	2	delong	expected	a	an	wheelchair	escalator	66	0	5.83	5.03	The doctors told Monica not to use her legs too much so soon after her surgery so she often used	when moving around to rest her legs.	True	Could Monica use stairs very often?	no
1590.3671875	0.2	814268	205	noun_expected	114	58	2	delong	expected	a	an	wheelchair	escalator	66	0	5.83	5.03	The doctors told Monica not to use her legs too much so soon after her surgery so she often used	when moving around to rest her legs.	True	Could Monica use stairs very often?	no
1590.681640625	0.0	814429	158	item_marker	115	58	2	delong	expected	a	an	wheelchair	escalator	66	0	5.83	5.03	The doctors told Monica not to use her legs too much so soon after her surgery so she often used	when moving around to rest her legs.	True	Could Monica use stairs very often?	no
1590.73828125	0.0	814458	73	cloze_marker	115	58	2	delong	expected	a	an	wheelchair	escalator	66	0	5.83	5.03	The doctors told Monica not to use her legs too much so soon after her surgery so she often used	when moving around to rest her legs.	True	Could Monica use stairs very often?	no
1590.947265625	0.2	814565	255	filler_word	115	58	2	delong	expected	a	an	wheelchair	escalator	66	0	5.83	5.03	The doctors told Monica not to use her legs too much so soon after her surgery so she often used	when moving around to rest her legs.	True	Could Monica use stairs very often?	no
1591.478515625	0.2	814837	255	filler_word	115	58	2	delong	expected	a	an	wheelchair	escalator	66	0	5.83	5.03	The doctors told Monica not to use her legs too much so soon after her surgery so she often used	when moving around to rest her legs.	True	Could Monica use stairs very often?	no
1592.0078125	0.2	815108	255	filler_word	115	58	2	delong	expected	a	an	wheelchair	escalator	66	0	5.83	5.03	The doctors told Monica not to use her legs too much so soon after her surgery so she often used	when moving around to rest her legs.	True	Could Monica use stairs very often?	no
1592.5390625	0.2	815380	255	filler_word	115	58	2	delong	expected	a	an	wheelchair	escalator	66	0	5.83	5.03	The doctors told Monica not to use her legs too much so soon after her surgery so she often used	when moving around to rest her legs.	True	Could Monica use stairs very often?	no
1593.0703125	0.2	815652	255	filler_word	115	58	2	delong	expected	a	an	wheelchair	escalator	66	0	5.83	5.03	The doctors told Monica not to use her legs too much so soon after her surgery so she often used	when moving around to rest her legs.	True	Could Monica use stairs very often?	no
1593.599609375	0.2	815923	255	filler_word	115	58	2	delong	expected	a	an	wheelchair	escalator	66	0	5.83	5.03	The doctors told Monica not to use her legs too much so soon after her surgery so she often used	when moving around to rest her legs.	True	Could Monica use stairs very often?	no
1594.130859375	0.2	816195	207	final_expected	115	58	2	delong	expected	a	an	wheelchair	escalator	66	0	5.83	5.03	The doctors told Monica not to use her legs too much so soon after her surgery so she often used	when moving around to rest her legs.	True	Could Monica use stairs very often?	no
1606.814453125	0.0	822689	251	question	115	58	2	delong	expected	a	an	wheelchair	escalator	66	0	5.83	5.03	The doctors told Monica not to use her legs too much so soon after her surgery so she often used	when moving around to rest her legs.	True	Could Monica use stairs very often?	no
1608.736328125	0.2	823673	255	filler_word	115	58	2	delong	expected	a	an	wheelchair	escalator	66	0	5.83	5.03	The doctors told Monica not to use her legs too much so soon after her surgery so she often used	when moving around to rest her legs.	True	Could Monica use stairs very often?	no
1609.267578125	0.2	823945	255	filler_word	115	58	2	delong	expected	a	an	wheelchair	escalator	66	0	5.83	5.03	The doctors told Monica not to use her legs too much so soon after her surgery so she often used	when moving around to rest her legs.	True	Could Monica use stairs very often?	no
1609.796875	0.2	824216	255	filler_word	115	58	2	delong	expected	a	an	wheelchair	escalator	66	0	5.83	5.03	The doctors told Monica not to use her legs too much so soon after her surgery so she often used	when moving around to rest her legs.	True	Could Monica use stairs very often?	no
1610.328125	0.2	824488	255	filler_word	115	58	2	delong	expected	a	an	wheelchair	escalator	66	0	5.83	5.03	The doctors told Monica not to use her legs too much so soon after her surgery so she often used	when moving around to rest her legs.	True	Could Monica use stairs very often?	no
1610.859375	0.2	824760	255	filler_word	115	58	2	delong	expected	a	an	wheelchair	escalator	66	0	5.83	5.03	The doctors told Monica not to use her legs too much so soon after her surgery so she often used	when moving around to rest her legs.	True	Could Monica use stairs very often?	no
1611.388671875	0.2	825031	255	filler_word	115	58	2	delong	expected	a	an	wheelchair	escalator	66	0	5.83	5.03	The doctors told Monica not to use her legs too much so soon after her surgery so she often used	when moving around to rest her legs.	True	Could Monica use stairs very often?	no
1611.919921875	0.2	825303	255	filler_word	115	58	2	delong	expected	a	an	wheelchair	escalator	66	0	5.83	5.03	The doctors told Monica not to use her legs too much so soon after her surgery so she often used	when moving around to rest her legs.	True	Could Monica use stairs very often?	no
1612.44921875	0.2	825574	255	filler_word	115	58	2	delong	expected	a	an	wheelchair	escalator	66	0	5.83	5.03	The doctors told Monica not to use her legs too much so soon after her surgery so she often used	when moving around to rest her legs.	True	Could Monica use stairs very often?	no
1612.98046875	0.2	825846	255	filler_word	115	58	2	delong	expected	a	an	wheelchair	escalator	66	0	5.83	5.03	The doctors told Monica not to use her legs too much so soon after her surgery so she often used	when moving around to rest her legs.	True	Could Monica use stairs very often?	no
1613.509765625	0.2	826117	255	filler_word	115	58	2	delong	expected	a	an	wheelchair	escalator	66	0	5.83	5.03	The doctors told Monica not to use her legs too much so soon after her surgery so she often used	when moving around to rest her legs.	True	Could Monica use stairs very often?	no
1614.041015625	0.2	826389	255	filler_word	115	58	2	delong	expected	a	an	wheelchair	escalator	66	0	5.83	5.03	The doctors told Monica not to use her legs too much so soon after her surgery so she often used	when moving around to rest her legs.	True	Could Monica use stairs very often?	no
1614.572265625	0.2	826661	255	filler_word	115	58	2	delong	expected	a	an	wheelchair	escalator	66	0	5.83	5.03	The doctors told Monica not to use her legs too much so soon after her surgery so she often used	when moving around to rest her legs.	True	Could Monica use stairs very often?	no
1615.103515625	0.2	826933	255	filler_word	115	58	2	delong	expected	a	an	wheelchair	escalator	66	0	5.83	5.03	The doctors told Monica not to use her legs too much so soon after her surgery so she often used	when moving around to rest her legs.	True	Could Monica use stairs very often?	no
1615.6328125	0.2	827204	255	filler_word	115	58	2	delong	expected	a	an	wheelchair	escalator	66	0	5.83	5.03	The doctors told Monica not to use her legs too much so soon after her surgery so she often used	when moving around to rest her legs.	True	Could Monica use stairs very often?	no
1616.1640625	0.2	827476	255	filler_word	115	58	2	delong	expected	a	an	wheelchair	escalator	66	0	5.83	5.03	The doctors told Monica not to use her legs too much so soon after her surgery so she often used	when moving around to rest her legs.	True	Could Monica use stairs very often?	no
1616.6953125	0.2	827748	255	filler_word	115	58	2	delong	expected	a	an	wheelchair	escalator	66	0	5.83	5.03	The doctors told Monica not to use her legs too much so soon after her surgery so she often used	when moving around to rest her legs.	True	Could Monica use stairs very often?	no
1617.224609375	0.2	828019	255	filler_word	115	58	2	delong	expected	a	an	wheelchair	escalator	66	0	5.83	5.03	The doctors told Monica not to use her legs too much so soon after her surgery so she often used	when moving around to rest her legs.	True	Could Monica use stairs very often?	no
1617.755859375	0.2	828291	255	filler_word	115	58	2	delong	expected	a	an	wheelchair	escalator	66	0	5.83	5.03	The doctors told Monica not to use her legs too much so soon after her surgery so she often used	when moving around to rest her legs.	True	Could Monica use stairs very often?	no
1618.28515625	0.2	828562	203	a_unexpected	115	58	2	delong	expected	a	an	wheelchair	escalator	66	0	5.83	5.03	The doctors told Monica not to use her legs too much so soon after her surgery so she often used	when moving around to rest her legs.	True	Could Monica use stairs very often?	no
1618.6015625	0.0	828724	155	item_marker	116	55	2	delong	unexpected	an	a	audience	crowd	68	25	6.61	6.07	Dana enjoyed singing in private but was scared to death at the thought of performing in front of	at the concert.	False	n/a	n/a
1618.65625	0.0	828752	25	cloze_marker	116	55	2	delong	unexpected	an	a	audience	crowd	68	25	6.61	6.07	Dana enjoyed singing in private but was scared to death at the thought of performing in front of	at the concert.	False	n/a	n/a
1618.865234375	0.2	828859	206	noun_unexpected	116	55	2	delong	unexpected	an	a	audience	crowd	68	25	6.61	6.07	Dana enjoyed singing in private but was scared to death at the thought of performing in front of	at the concert.	False	n/a	n/a
1619.181640625	0.0	829021	155	item_marker	117	55	2	delong	unexpected	an	a	audience	crowd	68	25	6.61	6.07	Dana enjoyed singing in private but was scared to death at the thought of performing in front of	at the concert.	False	n/a	n/a
1619.236328125	0.0	829049	60	cloze_marker	117	55	2	delong	unexpected	an	a	audience	crowd	68	25	6.61	6.07	Dana enjoyed singing in private but was scared to death at the thought of performing in front of	at the concert.	False	n/a	n/a
1619.447265625	0.2	829157	255	filler_word	117	55	2	delong	unexpected	an	a	audience	crowd	68	25	6.61	6.07	Dana enjoyed singing in private but was scared to death at the thought of performing in front of	at the concert.	False	n/a	n/a
1619.9765625	0.2	829428	255	filler_word	117	55	2	delong	unexpected	an	a	audience	crowd	68	25	6.61	6.07	Dana enjoyed singing in private but was scared to death at the thought of performing in front of	at the concert.	False	n/a	n/a
1620.5078125	0.2	829700	208	final_unexpected	117	55	2	delong	unexpected	an	a	audience	crowd	68	25	6.61	6.07	Dana enjoyed singing in private but was scared to death at the thought of performing in front of	at the concert.	False	n/a	n/a
1625.962890625	0.2	832493	255	filler_word	117	55	2	delong	unexpected	an	a	audience	crowd	68	25	6.61	6.07	Dana enjoyed singing in private but was scared to death at the thought of performing in front of	at the concert.	False	n/a	n/a
1626.4921875	0.2	832764	255	filler_word	117	55	2	delong	unexpected	an	a	audience	crowd	68	25	6.61	6.07	Dana enjoyed singing in private but was scared to death at the thought of performing in front of	at the concert.	False	n/a	n/a
1627.0234375	0.2	833036	255	filler_word	117	55	2	delong	unexpected	an	a	audience	crowd	68	25	6.61	6.07	Dana enjoyed singing in private but was scared to death at the thought of performing in front of	at the concert.	False	n/a	n/a
1627.5546875	0.2	833308	255	filler_word	117	55	2	delong	unexpected	an	a	audience	crowd	68	25	6.61	6.07	Dana enjoyed singing in private but was scared to death at the thought of performing in front of	at the concert.	False	n/a	n/a
1628.083984375	0.2	833579	255	filler_word	117	55	2	delong	unexpected	an	a	audience	crowd	68	25	6.61	6.07	Dana enjoyed singing in private but was scared to death at the thought of performing in front of	at the concert.	False	n/a	n/a
1628.615234375	0.2	833851	255	filler_word	117	55	2	delong	unexpected	an	a	audience	crowd	68	25	6.61	6.07	Dana enjoyed singing in private but was scared to death at the thought of performing in front of	at the concert.	False	n/a	n/a
1629.14453125	0.2	834122	255	filler_word	117	55	2	delong	unexpected	an	a	audience	crowd	68	25	6.61	6.07	Dana enjoyed singing in private but was scared to death at the thought of performing in front of	at the concert.	False	n/a	n/a
1629.67578125	0.2	834394	255	filler_word	117	55	2	delong	unexpected	an	a	audience	crowd	68	25	6.61	6.07	Dana enjoyed singing in private but was scared to death at the thought of performing in front of	at the concert.	False	n/a	n/a
1630.205078125	0.2	834665	255	filler_word	117	55	2	delong	unexpected	an	a	audience	crowd	68	25	6.61	6.07	Dana enjoyed singing in private but was scared to death at the thought of performing in front of	at the concert.	False	n/a	n/a
1630.736328125	0.2	834937	255	filler_word	117	55	2	delong	unexpected	an	a	audience	crowd	68	25	6.61	6.07	Dana enjoyed singing in private but was scared to death at the thought of performing in front of	at the concert.	False	n/a	n/a
1631.267578125	0.2	835209	255	filler_word	117	55	2	delong	unexpected	an	a	audience	crowd	68	25	6.61	6.07	Dana enjoyed singing in private but was scared to death at the thought of performing in front of	at the concert.	False	n/a	n/a
1631.796875	0.2	835480	255	filler_word	117	55	2	delong	unexpected	an	a	audience	crowd	68	25	6.61	6.07	Dana enjoyed singing in private but was scared to death at the thought of performing in front of	at the concert.	False	n/a	n/a
1632.328125	0.2	835752	255	filler_word	117	55	2	delong	unexpected	an	a	audience	crowd	68	25	6.61	6.07	Dana enjoyed singing in private but was scared to death at the thought of performing in front of	at the concert.	False	n/a	n/a
1632.859375	0.2	836024	255	filler_word	117	55	2	delong	unexpected	an	a	audience	crowd	68	25	6.61	6.07	Dana enjoyed singing in private but was scared to death at the thought of performing in front of	at the concert.	False	n/a	n/a
1633.388671875	0.2	836295	255	filler_word	117	55	2	delong	unexpected	an	a	audience	crowd	68	25	6.61	6.07	Dana enjoyed singing in private but was scared to death at the thought of performing in front of	at the concert.	False	n/a	n/a
1633.919921875	0.2	836567	255	filler_word	117	55	2	delong	unexpected	an	a	audience	crowd	68	25	6.61	6.07	Dana enjoyed singing in private but was scared to death at the thought of performing in front of	at the concert.	False	n/a	n/a
1634.44921875	0.2	836838	255	filler_word	117	55	2	delong	unexpected	an	a	audience	crowd	68	25	6.61	6.07	Dana enjoyed singing in private but was scared to death at the thought of performing in front of	at the concert.	False	n/a	n/a
1634.98046875	0.2	837110	255	filler_word	117	55	2	delong	unexpected	an	a	audience	crowd	68	25	6.61	6.07	Dana enjoyed singing in private but was scared to death at the thought of performing in front of	at the concert.	False	n/a	n/a
1635.51171875	0.2	837382	255	filler_word	117	55	2	delong	unexpected	an	a	audience	crowd	68	25	6.61	6.07	Dana enjoyed singing in private but was scared to death at the thought of performing in front of	at the concert.	False	n/a	n/a
1636.041015625	0.2	837653	255	filler_word	117	55	2	delong	unexpected	an	a	audience	crowd	68	25	6.61	6.07	Dana enjoyed singing in private but was scared to death at the thought of performing in front of	at the concert.	False	n/a	n/a
1636.572265625	0.2	837925	203	a_unexpected	117	55	2	delong	unexpected	an	a	audience	crowd	68	25	6.61	6.07	Dana enjoyed singing in private but was scared to death at the thought of performing in front of	at the concert.	False	n/a	n/a
1636.88671875	0.0	838086	144	item_marker	118	44	2	delong	unexpected	an	a	envelope	stamp	77	0	5.87	5.06	When Wendy went to pay for the birthday card the clerk pointed out that she had forgotten to pick up	along with it.	False	n/a	n/a
1636.943359375	0.0	838115	200	cloze_marker	118	44	2	delong	unexpected	an	a	envelope	stamp	77	0	5.87	5.06	When Wendy went to pay for the birthday card the clerk pointed out that she had forgotten to pick up	along with it.	False	n/a	n/a
1637.15234375	0.2	838222	206	noun_unexpected	118	44	2	delong	unexpected	an	a	envelope	stamp	77	0	5.87	5.06	When Wendy went to pay for the birthday card the clerk pointed out that she had forgotten to pick up	along with it.	False	n/a	n/a
1637.466796875	0.0	838383	144	item_marker	119	44	2	delong	unexpected	an	a	envelope	stamp	77	0	5.87	5.06	When Wendy went to pay for the birthday card the clerk pointed out that she had forgotten to pick up	along with it.	False	n/a	n/a
1637.5234375	0.0	838412	47	cloze_marker	119	44	2	delong	unexpected	an	a	envelope	stamp	77	0	5.87	5.06	When Wendy went to pay for the birthday card the clerk pointed out that she had forgotten to pick up	along with it.	False	n/a	n/a
1637.732421875	0.2	838519	255	filler_word	119	44	2	delong	unexpected	an	a	envelope	stamp	77	0	5.87	5.06	When Wendy went to pay for the birthday card the clerk pointed out that she had forgotten to pick up	along with it.	False	n/a	n/a
1638.263671875	0.2	838791	255	filler_word	119	44	2	delong	unexpected	an	a	envelope	stamp	77	0	5.87	5.06	When Wendy went to pay for the birthday card the clerk pointed out that she had forgotten to pick up	along with it.	False	n/a	n/a
1638.79296875	0.2	839062	208	final_unexpected	119	44	2	delong	unexpected	an	a	envelope	stamp	77	0	5.87	5.06	When Wendy went to pay for the birthday card the clerk pointed out that she had forgotten to pick up	along with it.	False	n/a	n/a
1665.13671875	0.2	852550	255	filler_word	119	44	2	delong	unexpected	an	a	envelope	stamp	77	0	5.87	5.06	When Wendy went to pay for the birthday card the clerk pointed out that she had forgotten to pick up	along with it.	False	n/a	n/a
1665.66796875	0.2	852822	255	filler_word	119	44	2	delong	unexpected	an	a	envelope	stamp	77	0	5.87	5.06	When Wendy went to pay for the birthday card the clerk pointed out that she had forgotten to pick up	along with it.	False	n/a	n/a
1666.19921875	0.2	853094	255	filler_word	119	44	2	delong	unexpected	an	a	envelope	stamp	77	0	5.87	5.06	When Wendy went to pay for the birthday card the clerk pointed out that she had forgotten to pick up	along with it.	False	n/a	n/a
1666.728515625	0.2	853365	255	filler_word	119	44	2	delong	unexpected	an	a	envelope	stamp	77	0	5.87	5.06	When Wendy went to pay for the birthday card the clerk pointed out that she had forgotten to pick up	along with it.	False	n/a	n/a
1667.259765625	0.2	853637	255	filler_word	119	44	2	delong	unexpected	an	a	envelope	stamp	77	0	5.87	5.06	When Wendy went to pay for the birthday card the clerk pointed out that she had forgotten to pick up	along with it.	False	n/a	n/a
1667.791015625	0.2	853909	255	filler_word	119	44	2	delong	unexpected	an	a	envelope	stamp	77	0	5.87	5.06	When Wendy went to pay for the birthday card the clerk pointed out that she had forgotten to pick up	along with it.	False	n/a	n/a
1668.3203125	0.2	854180	255	filler_word	119	44	2	delong	unexpected	an	a	envelope	stamp	77	0	5.87	5.06	When Wendy went to pay for the birthday card the clerk pointed out that she had forgotten to pick up	along with it.	False	n/a	n/a
1668.8515625	0.2	854452	255	filler_word	119	44	2	delong	unexpected	an	a	envelope	stamp	77	0	5.87	5.06	When Wendy went to pay for the birthday card the clerk pointed out that she had forgotten to pick up	along with it.	False	n/a	n/a
1669.3828125	0.2	854724	255	filler_word	119	44	2	delong	unexpected	an	a	envelope	stamp	77	0	5.87	5.06	When Wendy went to pay for the birthday card the clerk pointed out that she had forgotten to pick up	along with it.	False	n/a	n/a
1669.912109375	0.2	854995	255	filler_word	119	44	2	delong	unexpected	an	a	envelope	stamp	77	0	5.87	5.06	When Wendy went to pay for the birthday card the clerk pointed out that she had forgotten to pick up	along with it.	False	n/a	n/a
1670.443359375	0.2	855267	255	filler_word	119	44	2	delong	unexpected	an	a	envelope	stamp	77	0	5.87	5.06	When Wendy went to pay for the birthday card the clerk pointed out that she had forgotten to pick up	along with it.	False	n/a	n/a
1670.974609375	0.2	855539	255	filler_word	119	44	2	delong	unexpected	an	a	envelope	stamp	77	0	5.87	5.06	When Wendy went to pay for the birthday card the clerk pointed out that she had forgotten to pick up	along with it.	False	n/a	n/a
1671.50390625	0.2	855810	255	filler_word	119	44	2	delong	unexpected	an	a	envelope	stamp	77	0	5.87	5.06	When Wendy went to pay for the birthday card the clerk pointed out that she had forgotten to pick up	along with it.	False	n/a	n/a
1672.03515625	0.2	856082	255	filler_word	119	44	2	delong	unexpected	an	a	envelope	stamp	77	0	5.87	5.06	When Wendy went to pay for the birthday card the clerk pointed out that she had forgotten to pick up	along with it.	False	n/a	n/a
1672.564453125	0.2	856353	202	an_expected	119	44	2	delong	unexpected	an	a	envelope	stamp	77	0	5.87	5.06	When Wendy went to pay for the birthday card the clerk pointed out that she had forgotten to pick up	along with it.	False	n/a	n/a
1672.880859375	0.0	856515	165	item_marker	120	65	2	delong	expected	an	a	island	ship	73	14	5.53	5.26	Being from the mainland Karen never got used to the feeling of living on	and being so removed from everything.	True	Was Karen from the mainland?	yes
1672.935546875	0.0	856543	73	cloze_marker	120	65	2	delong	expected	an	a	island	ship	73	14	5.53	5.26	Being from the mainland Karen never got used to the feeling of living on	and being so removed from everything.	True	Was Karen from the mainland?	yes
1673.14453125	0.2	856650	205	noun_expected	120	65	2	delong	expected	an	a	island	ship	73	14	5.53	5.26	Being from the mainland Karen never got used to the feeling of living on	and being so removed from everything.	True	Was Karen from the mainland?	yes
1673.4609375	0.0	856812	165	item_marker	121	65	2	delong	expected	an	a	island	ship	73	14	5.53	5.26	Being from the mainland Karen never got used to the feeling of living on	and being so removed from everything.	True	Was Karen from the mainland?	yes
1673.515625	0.0	856840	93	cloze_marker	121	65	2	delong	expected	an	a	island	ship	73	14	5.53	5.26	Being from the mainland Karen never got used to the feeling of living on	and being so removed from everything.	True	Was Karen from the mainland?	yes
1673.7265625	0.2	856948	255	filler_word	121	65	2	delong	expected	an	a	island	ship	73	14	5.53	5.26	Being from the mainland Karen never got used to the feeling of living on	and being so removed from everything.	True	Was Karen from the mainland?	yes
1674.255859375	0.2	857219	255	filler_word	121	65	2	delong	expected	an	a	island	ship	73	14	5.53	5.26	Being from the mainland Karen never got used to the feeling of living on	and being so removed from everything.	True	Was Karen from the mainland?	yes
1674.787109375	0.2	857491	255	filler_word	121	65	2	delong	expected	an	a	island	ship	73	14	5.53	5.26	Being from the mainland Karen never got used to the feeling of living on	and being so removed from everything.	True	Was Karen from the mainland?	yes
1675.31640625	0.2	857762	255	filler_word	121	65	2	delong	expected	an	a	island	ship	73	14	5.53	5.26	Being from the mainland Karen never got used to the feeling of living on	and being so removed from everything.	True	Was Karen from the mainland?	yes
1675.84765625	0.2	858034	255	filler_word	121	65	2	delong	expected	an	a	island	ship	73	14	5.53	5.26	Being from the mainland Karen never got used to the feeling of living on	and being so removed from everything.	True	Was Karen from the mainland?	yes
1676.37890625	0.2	858306	207	final_expected	121	65	2	delong	expected	an	a	island	ship	73	14	5.53	5.26	Being from the mainland Karen never got used to the feeling of living on	and being so removed from everything.	True	Was Karen from the mainland?	yes
1683.740234375	0.0	862075	251	question	121	65	2	delong	expected	an	a	island	ship	73	14	5.53	5.26	Being from the mainland Karen never got used to the feeling of living on	and being so removed from everything.	True	Was Karen from the mainland?	yes
1687.3359375	0.2	863916	255	filler_word	121	65	2	delong	expected	an	a	island	ship	73	14	5.53	5.26	Being from the mainland Karen never got used to the feeling of living on	and being so removed from everything.	True	Was Karen from the mainland?	yes
1687.8671875	0.2	864188	255	filler_word	121	65	2	delong	expected	an	a	island	ship	73	14	5.53	5.26	Being from the mainland Karen never got used to the feeling of living on	and being so removed from everything.	True	Was Karen from the mainland?	yes
1688.3984375	0.2	864460	255	filler_word	121	65	2	delong	expected	an	a	island	ship	73	14	5.53	5.26	Being from the mainland Karen never got used to the feeling of living on	and being so removed from everything.	True	Was Karen from the mainland?	yes
1688.927734375	0.2	864731	255	filler_word	121	65	2	delong	expected	an	a	island	ship	73	14	5.53	5.26	Being from the mainland Karen never got used to the feeling of living on	and being so removed from everything.	True	Was Karen from the mainland?	yes
1689.458984375	0.2	865003	255	filler_word	121	65	2	delong	expected	an	a	island	ship	73	14	5.53	5.26	Being from the mainland Karen never got used to the feeling of living on	and being so removed from everything.	True	Was Karen from the mainland?	yes
1689.990234375	0.2	865275	255	filler_word	121	65	2	delong	expected	an	a	island	ship	73	14	5.53	5.26	Being from the mainland Karen never got used to the feeling of living on	and being so removed from everything.	True	Was Karen from the mainland?	yes
1690.51953125	0.2	865546	255	filler_word	121	65	2	delong	expected	an	a	island	ship	73	14	5.53	5.26	Being from the mainland Karen never got used to the feeling of living on	and being so removed from everything.	True	Was Karen from the mainland?	yes
1691.05078125	0.2	865818	255	filler_word	121	65	2	delong	expected	an	a	island	ship	73	14	5.53	5.26	Being from the mainland Karen never got used to the feeling of living on	and being so removed from everything.	True	Was Karen from the mainland?	yes
1691.580078125	0.2	866089	255	filler_word	121	65	2	delong	expected	an	a	island	ship	73	14	5.53	5.26	Being from the mainland Karen never got used to the feeling of living on	and being so removed from everything.	True	Was Karen from the mainland?	yes
1692.111328125	0.2	866361	255	filler_word	121	65	2	delong	expected	an	a	island	ship	73	14	5.53	5.26	Being from the mainland Karen never got used to the feeling of living on	and being so removed from everything.	True	Was Karen from the mainland?	yes
1692.642578125	0.2	866633	255	filler_word	121	65	2	delong	expected	an	a	island	ship	73	14	5.53	5.26	Being from the mainland Karen never got used to the feeling of living on	and being so removed from everything.	True	Was Karen from the mainland?	yes
1693.173828125	0.2	866905	255	filler_word	121	65	2	delong	expected	an	a	island	ship	73	14	5.53	5.26	Being from the mainland Karen never got used to the feeling of living on	and being so removed from everything.	True	Was Karen from the mainland?	yes
1693.703125	0.2	867176	255	filler_word	121	65	2	delong	expected	an	a	island	ship	73	14	5.53	5.26	Being from the mainland Karen never got used to the feeling of living on	and being so removed from everything.	True	Was Karen from the mainland?	yes
1694.234375	0.2	867448	255	filler_word	121	65	2	delong	expected	an	a	island	ship	73	14	5.53	5.26	Being from the mainland Karen never got used to the feeling of living on	and being so removed from everything.	True	Was Karen from the mainland?	yes
1694.763671875	0.2	867719	255	filler_word	121	65	2	delong	expected	an	a	island	ship	73	14	5.53	5.26	Being from the mainland Karen never got used to the feeling of living on	and being so removed from everything.	True	Was Karen from the mainland?	yes
1695.294921875	0.2	867991	201	a_expected	121	65	2	delong	expected	an	a	island	ship	73	14	5.53	5.26	Being from the mainland Karen never got used to the feeling of living on	and being so removed from everything.	True	Was Karen from the mainland?	yes
1695.609375	0.0	868152	178	item_marker	122	78	2	delong	expected	a	an	window	egg	75	0	6.13	2.52	Because they were playing baseball so close to the house the children ended up shattering	and destroying a nest that some birds had built on the sill.	False	n/a	n/a
1695.6640625	0.0	868180	75	cloze_marker	122	78	2	delong	expected	a	an	window	egg	75	0	6.13	2.52	Because they were playing baseball so close to the house the children ended up shattering	and destroying a nest that some birds had built on the sill.	False	n/a	n/a
1695.875	0.2	868288	205	noun_expected	122	78	2	delong	expected	a	an	window	egg	75	0	6.13	2.52	Because they were playing baseball so close to the house the children ended up shattering	and destroying a nest that some birds had built on the sill.	False	n/a	n/a
1696.19140625	0.0	868450	178	item_marker	123	78	2	delong	expected	a	an	window	egg	75	0	6.13	2.52	Because they were playing baseball so close to the house the children ended up shattering	and destroying a nest that some birds had built on the sill.	False	n/a	n/a
1696.24609375	0.0	868478	97	cloze_marker	123	78	2	delong	expected	a	an	window	egg	75	0	6.13	2.52	Because they were playing baseball so close to the house the children ended up shattering	and destroying a nest that some birds had built on the sill.	False	n/a	n/a
1696.455078125	0.2	868585	255	filler_word	123	78	2	delong	expected	a	an	window	egg	75	0	6.13	2.52	Because they were playing baseball so close to the house the children ended up shattering	and destroying a nest that some birds had built on the sill.	False	n/a	n/a
1696.986328125	0.2	868857	255	filler_word	123	78	2	delong	expected	a	an	window	egg	75	0	6.13	2.52	Because they were playing baseball so close to the house the children ended up shattering	and destroying a nest that some birds had built on the sill.	False	n/a	n/a
1697.515625	0.2	869128	255	filler_word	123	78	2	delong	expected	a	an	window	egg	75	0	6.13	2.52	Because they were playing baseball so close to the house the children ended up shattering	and destroying a nest that some birds had built on the sill.	False	n/a	n/a
1698.046875	0.2	869400	255	filler_word	123	78	2	delong	expected	a	an	window	egg	75	0	6.13	2.52	Because they were playing baseball so close to the house the children ended up shattering	and destroying a nest that some birds had built on the sill.	False	n/a	n/a
1698.576171875	0.2	869671	255	filler_word	123	78	2	delong	expected	a	an	window	egg	75	0	6.13	2.52	Because they were playing baseball so close to the house the children ended up shattering	and destroying a nest that some birds had built on the sill.	False	n/a	n/a
1699.107421875	0.2	869943	255	filler_word	123	78	2	delong	expected	a	an	window	egg	75	0	6.13	2.52	Because they were playing baseball so close to the house the children ended up shattering	and destroying a nest that some birds had built on the sill.	False	n/a	n/a
1699.638671875	0.2	870215	255	filler_word	123	78	2	delong	expected	a	an	window	egg	75	0	6.13	2.52	Because they were playing baseball so close to the house the children ended up shattering	and destroying a nest that some birds had built on the sill.	False	n/a	n/a
1700.169921875	0.2	870487	255	filler_word	123	78	2	delong	expected	a	an	window	egg	75	0	6.13	2.52	Because they were playing baseball so close to the house the children ended up shattering	and destroying a nest that some birds had built on the sill.	False	n/a	n/a
1700.69921875	0.2	870758	255	filler_word	123	78	2	delong	expected	a	an	window	egg	75	0	6.13	2.52	Because they were playing baseball so close to the house the children ended up shattering	and destroying a nest that some birds had built on the sill.	False	n/a	n/a
1701.23046875	0.2	871030	255	filler_word	123	78	2	delong	expected	a	an	window	egg	75	0	6.13	2.52	Because they were playing baseball so close to the house the children ended up shattering	and destroying a nest that some birds had built on the sill.	False	n/a	n/a
1701.76171875	0.2	871302	255	filler_word	123	78	2	delong	expected	a	an	window	egg	75	0	6.13	2.52	Because they were playing baseball so close to the house the children ended up shattering	and destroying a nest that some birds had built on the sill.	False	n/a	n/a
1702.291015625	0.2	871573	207	final_expected	123	78	2	delong	expected	a	an	window	egg	75	0	6.13	2.52	Because they were playing baseball so close to the house the children ended up shattering	and destroying a nest that some birds had built on the sill.	False	n/a	n/a
1706.6015625	0.2	873780	255	filler_word	123	78	2	delong	expected	a	an	window	egg	75	0	6.13	2.52	Because they were playing baseball so close to the house the children ended up shattering	and destroying a nest that some birds had built on the sill.	False	n/a	n/a
1707.1328125	0.2	874052	255	filler_word	123	78	2	delong	expected	a	an	window	egg	75	0	6.13	2.52	Because they were playing baseball so close to the house the children ended up shattering	and destroying a nest that some birds had built on the sill.	False	n/a	n/a
1707.662109375	0.2	874323	255	filler_word	123	78	2	delong	expected	a	an	window	egg	75	0	6.13	2.52	Because they were playing baseball so close to the house the children ended up shattering	and destroying a nest that some birds had built on the sill.	False	n/a	n/a
1708.193359375	0.2	874595	255	filler_word	123	78	2	delong	expected	a	an	window	egg	75	0	6.13	2.52	Because they were playing baseball so close to the house the children ended up shattering	and destroying a nest that some birds had built on the sill.	False	n/a	n/a
1708.724609375	0.2	874867	255	filler_word	123	78	2	delong	expected	a	an	window	egg	75	0	6.13	2.52	Because they were playing baseball so close to the house the children ended up shattering	and destroying a nest that some birds had built on the sill.	False	n/a	n/a
1709.25390625	0.2	875138	255	filler_word	123	78	2	delong	expected	a	an	window	egg	75	0	6.13	2.52	Because they were playing baseball so close to the house the children ended up shattering	and destroying a nest that some birds had built on the sill.	False	n/a	n/a
1709.78515625	0.2	875410	255	filler_word	123	78	2	delong	expected	a	an	window	egg	75	0	6.13	2.52	Because they were playing baseball so close to the house the children ended up shattering	and destroying a nest that some birds had built on the sill.	False	n/a	n/a
1710.314453125	0.2	875681	255	filler_word	123	78	2	delong	expected	a	an	window	egg	75	0	6.13	2.52	Because they were playing baseball so close to the house the children ended up shattering	and destroying a nest that some birds had built on the sill.	False	n/a	n/a
1710.845703125	0.2	875953	255	filler_word	123	78	2	delong	expected	a	an	window	egg	75	0	6.13	2.52	Because they were playing baseball so close to the house the children ended up shattering	and destroying a nest that some birds had built on the sill.	False	n/a	n/a
1711.376953125	0.2	876225	255	filler_word	123	78	2	delong	expected	a	an	window	egg	75	0	6.13	2.52	Because they were playing baseball so close to the house the children ended up shattering	and destroying a nest that some birds had built on the sill.	False	n/a	n/a
1711.90625	0.2	876496	255	filler_word	123	78	2	delong	expected	a	an	window	egg	75	0	6.13	2.52	Because they were playing baseball so close to the house the children ended up shattering	and destroying a nest that some birds had built on the sill.	False	n/a	n/a
1712.4375	0.2	876768	255	filler_word	123	78	2	delong	expected	a	an	window	egg	75	0	6.13	2.52	Because they were playing baseball so close to the house the children ended up shattering	and destroying a nest that some birds had built on the sill.	False	n/a	n/a
1712.96875	0.2	877040	255	filler_word	123	78	2	delong	expected	a	an	window	egg	75	0	6.13	2.52	Because they were playing baseball so close to the house the children ended up shattering	and destroying a nest that some birds had built on the sill.	False	n/a	n/a
1713.498046875	0.2	877311	201	a_expected	123	78	2	delong	expected	a	an	window	egg	75	0	6.13	2.52	Because they were playing baseball so close to the house the children ended up shattering	and destroying a nest that some birds had built on the sill.	False	n/a	n/a
1713.814453125	0.0	877473	174	item_marker	124	74	2	delong	expected	a	an	flower	animal	80	0	6.27	2.58	While Natasha was strolling through the colourful gardens she reached down and picked	up off the ground.	True	Was Natasha in the gardens? 	yes
1713.869140625	0.0	877501	80	cloze_marker	124	74	2	delong	expected	a	an	flower	animal	80	0	6.27	2.58	While Natasha was strolling through the colourful gardens she reached down and picked	up off the ground.	True	Was Natasha in the gardens? 	yes
1714.080078125	0.2	877609	205	noun_expected	124	74	2	delong	expected	a	an	flower	animal	80	0	6.27	2.58	While Natasha was strolling through the colourful gardens she reached down and picked	up off the ground.	True	Was Natasha in the gardens? 	yes
1714.39453125	0.0	877770	174	item_marker	125	74	2	delong	expected	a	an	flower	animal	80	0	6.27	2.58	While Natasha was strolling through the colourful gardens she reached down and picked	up off the ground.	True	Was Natasha in the gardens? 	yes
1714.44921875	0.0	877798	93	cloze_marker	125	74	2	delong	expected	a	an	flower	animal	80	0	6.27	2.58	While Natasha was strolling through the colourful gardens she reached down and picked	up off the ground.	True	Was Natasha in the gardens? 	yes
1714.658203125	0.2	877905	255	filler_word	125	74	2	delong	expected	a	an	flower	animal	80	0	6.27	2.58	While Natasha was strolling through the colourful gardens she reached down and picked	up off the ground.	True	Was Natasha in the gardens? 	yes
1715.189453125	0.2	878177	255	filler_word	125	74	2	delong	expected	a	an	flower	animal	80	0	6.27	2.58	While Natasha was strolling through the colourful gardens she reached down and picked	up off the ground.	True	Was Natasha in the gardens? 	yes
1715.720703125	0.2	878449	255	filler_word	125	74	2	delong	expected	a	an	flower	animal	80	0	6.27	2.58	While Natasha was strolling through the colourful gardens she reached down and picked	up off the ground.	True	Was Natasha in the gardens? 	yes
1716.25	0.2	878720	207	final_expected	125	74	2	delong	expected	a	an	flower	animal	80	0	6.27	2.58	While Natasha was strolling through the colourful gardens she reached down and picked	up off the ground.	True	Was Natasha in the gardens? 	yes
1741.185546875	0.0	891487	251	question	125	74	2	delong	expected	a	an	flower	animal	80	0	6.27	2.58	While Natasha was strolling through the colourful gardens she reached down and picked	up off the ground.	True	Was Natasha in the gardens? 	yes
1744.103515625	0.2	892981	255	filler_word	125	74	2	delong	expected	a	an	flower	animal	80	0	6.27	2.58	While Natasha was strolling through the colourful gardens she reached down and picked	up off the ground.	True	Was Natasha in the gardens? 	yes
1744.6328125	0.2	893252	255	filler_word	125	74	2	delong	expected	a	an	flower	animal	80	0	6.27	2.58	While Natasha was strolling through the colourful gardens she reached down and picked	up off the ground.	True	Was Natasha in the gardens? 	yes
1745.1640625	0.2	893524	255	filler_word	125	74	2	delong	expected	a	an	flower	animal	80	0	6.27	2.58	While Natasha was strolling through the colourful gardens she reached down and picked	up off the ground.	True	Was Natasha in the gardens? 	yes
1745.693359375	0.2	893795	255	filler_word	125	74	2	delong	expected	a	an	flower	animal	80	0	6.27	2.58	While Natasha was strolling through the colourful gardens she reached down and picked	up off the ground.	True	Was Natasha in the gardens? 	yes
1746.224609375	0.2	894067	255	filler_word	125	74	2	delong	expected	a	an	flower	animal	80	0	6.27	2.58	While Natasha was strolling through the colourful gardens she reached down and picked	up off the ground.	True	Was Natasha in the gardens? 	yes
1746.755859375	0.2	894339	255	filler_word	125	74	2	delong	expected	a	an	flower	animal	80	0	6.27	2.58	While Natasha was strolling through the colourful gardens she reached down and picked	up off the ground.	True	Was Natasha in the gardens? 	yes
1747.287109375	0.2	894611	255	filler_word	125	74	2	delong	expected	a	an	flower	animal	80	0	6.27	2.58	While Natasha was strolling through the colourful gardens she reached down and picked	up off the ground.	True	Was Natasha in the gardens? 	yes
1747.81640625	0.2	894882	255	filler_word	125	74	2	delong	expected	a	an	flower	animal	80	0	6.27	2.58	While Natasha was strolling through the colourful gardens she reached down and picked	up off the ground.	True	Was Natasha in the gardens? 	yes
1748.34765625	0.2	895154	255	filler_word	125	74	2	delong	expected	a	an	flower	animal	80	0	6.27	2.58	While Natasha was strolling through the colourful gardens she reached down and picked	up off the ground.	True	Was Natasha in the gardens? 	yes
1748.87890625	0.2	895426	255	filler_word	125	74	2	delong	expected	a	an	flower	animal	80	0	6.27	2.58	While Natasha was strolling through the colourful gardens she reached down and picked	up off the ground.	True	Was Natasha in the gardens? 	yes
1749.408203125	0.2	895697	255	filler_word	125	74	2	delong	expected	a	an	flower	animal	80	0	6.27	2.58	While Natasha was strolling through the colourful gardens she reached down and picked	up off the ground.	True	Was Natasha in the gardens? 	yes
1749.939453125	0.2	895969	255	filler_word	125	74	2	delong	expected	a	an	flower	animal	80	0	6.27	2.58	While Natasha was strolling through the colourful gardens she reached down and picked	up off the ground.	True	Was Natasha in the gardens? 	yes
1750.46875	0.2	896240	255	filler_word	125	74	2	delong	expected	a	an	flower	animal	80	0	6.27	2.58	While Natasha was strolling through the colourful gardens she reached down and picked	up off the ground.	True	Was Natasha in the gardens? 	yes
1751.0	0.2	896512	255	filler_word	125	74	2	delong	expected	a	an	flower	animal	80	0	6.27	2.58	While Natasha was strolling through the colourful gardens she reached down and picked	up off the ground.	True	Was Natasha in the gardens? 	yes
1751.529296875	0.2	896783	255	filler_word	125	74	2	delong	expected	a	an	flower	animal	80	0	6.27	2.58	While Natasha was strolling through the colourful gardens she reached down and picked	up off the ground.	True	Was Natasha in the gardens? 	yes
1752.060546875	0.2	897055	255	filler_word	125	74	2	delong	expected	a	an	flower	animal	80	0	6.27	2.58	While Natasha was strolling through the colourful gardens she reached down and picked	up off the ground.	True	Was Natasha in the gardens? 	yes
1752.591796875	0.2	897327	255	filler_word	125	74	2	delong	expected	a	an	flower	animal	80	0	6.27	2.58	While Natasha was strolling through the colourful gardens she reached down and picked	up off the ground.	True	Was Natasha in the gardens? 	yes
1753.123046875	0.2	897599	255	filler_word	125	74	2	delong	expected	a	an	flower	animal	80	0	6.27	2.58	While Natasha was strolling through the colourful gardens she reached down and picked	up off the ground.	True	Was Natasha in the gardens? 	yes
1753.65234375	0.2	897870	255	filler_word	125	74	2	delong	expected	a	an	flower	animal	80	0	6.27	2.58	While Natasha was strolling through the colourful gardens she reached down and picked	up off the ground.	True	Was Natasha in the gardens? 	yes
1754.18359375	0.2	898142	255	filler_word	125	74	2	delong	expected	a	an	flower	animal	80	0	6.27	2.58	While Natasha was strolling through the colourful gardens she reached down and picked	up off the ground.	True	Was Natasha in the gardens? 	yes
1754.712890625	0.2	898413	255	filler_word	125	74	2	delong	expected	a	an	flower	animal	80	0	6.27	2.58	While Natasha was strolling through the colourful gardens she reached down and picked	up off the ground.	True	Was Natasha in the gardens? 	yes
1755.244140625	0.2	898685	255	filler_word	125	74	2	delong	expected	a	an	flower	animal	80	0	6.27	2.58	While Natasha was strolling through the colourful gardens she reached down and picked	up off the ground.	True	Was Natasha in the gardens? 	yes
1755.7734375	0.2	898956	255	filler_word	125	74	2	delong	expected	a	an	flower	animal	80	0	6.27	2.58	While Natasha was strolling through the colourful gardens she reached down and picked	up off the ground.	True	Was Natasha in the gardens? 	yes
1756.3046875	0.2	899228	255	filler_word	125	74	2	delong	expected	a	an	flower	animal	80	0	6.27	2.58	While Natasha was strolling through the colourful gardens she reached down and picked	up off the ground.	True	Was Natasha in the gardens? 	yes
1756.8359375	0.2	899500	202	an_expected	125	74	2	delong	expected	a	an	flower	animal	80	0	6.27	2.58	While Natasha was strolling through the colourful gardens she reached down and picked	up off the ground.	True	Was Natasha in the gardens? 	yes
1757.150390625	0.0	899661	169	item_marker	126	69	2	delong	expected	an	a	ocean	mirage	73	5	5.77	2.7	The first time Timmy saw the Pacific he thought it was a lake but his brother laughed and explained to him that it was	and he should be careful of the waves.	False	n/a	n/a
1757.20703125	0.0	899690	73	cloze_marker	126	69	2	delong	expected	an	a	ocean	mirage	73	5	5.77	2.7	The first time Timmy saw the Pacific he thought it was a lake but his brother laughed and explained to him that it was	and he should be careful of the waves.	False	n/a	n/a
1757.416015625	0.2	899797	205	noun_expected	126	69	2	delong	expected	an	a	ocean	mirage	73	5	5.77	2.7	The first time Timmy saw the Pacific he thought it was a lake but his brother laughed and explained to him that it was	and he should be careful of the waves.	False	n/a	n/a
1757.73046875	0.0	899958	169	item_marker	127	69	2	delong	expected	an	a	ocean	mirage	73	5	5.77	2.7	The first time Timmy saw the Pacific he thought it was a lake but his brother laughed and explained to him that it was	and he should be careful of the waves.	False	n/a	n/a
1757.787109375	0.0	899987	93	cloze_marker	127	69	2	delong	expected	an	a	ocean	mirage	73	5	5.77	2.7	The first time Timmy saw the Pacific he thought it was a lake but his brother laughed and explained to him that it was	and he should be careful of the waves.	False	n/a	n/a
1757.99609375	0.2	900094	255	filler_word	127	69	2	delong	expected	an	a	ocean	mirage	73	5	5.77	2.7	The first time Timmy saw the Pacific he thought it was a lake but his brother laughed and explained to him that it was	and he should be careful of the waves.	False	n/a	n/a
1758.52734375	0.2	900366	255	filler_word	127	69	2	delong	expected	an	a	ocean	mirage	73	5	5.77	2.7	The first time Timmy saw the Pacific he thought it was a lake but his brother laughed and explained to him that it was	and he should be careful of the waves.	False	n/a	n/a
1759.056640625	0.2	900637	255	filler_word	127	69	2	delong	expected	an	a	ocean	mirage	73	5	5.77	2.7	The first time Timmy saw the Pacific he thought it was a lake but his brother laughed and explained to him that it was	and he should be careful of the waves.	False	n/a	n/a
1759.587890625	0.2	900909	255	filler_word	127	69	2	delong	expected	an	a	ocean	mirage	73	5	5.77	2.7	The first time Timmy saw the Pacific he thought it was a lake but his brother laughed and explained to him that it was	and he should be careful of the waves.	False	n/a	n/a
1760.119140625	0.2	901181	255	filler_word	127	69	2	delong	expected	an	a	ocean	mirage	73	5	5.77	2.7	The first time Timmy saw the Pacific he thought it was a lake but his brother laughed and explained to him that it was	and he should be careful of the waves.	False	n/a	n/a
1760.6484375	0.2	901452	255	filler_word	127	69	2	delong	expected	an	a	ocean	mirage	73	5	5.77	2.7	The first time Timmy saw the Pacific he thought it was a lake but his brother laughed and explained to him that it was	and he should be careful of the waves.	False	n/a	n/a
1761.1796875	0.2	901724	255	filler_word	127	69	2	delong	expected	an	a	ocean	mirage	73	5	5.77	2.7	The first time Timmy saw the Pacific he thought it was a lake but his brother laughed and explained to him that it was	and he should be careful of the waves.	False	n/a	n/a
1761.7109375	0.2	901996	207	final_expected	127	69	2	delong	expected	an	a	ocean	mirage	73	5	5.77	2.7	The first time Timmy saw the Pacific he thought it was a lake but his brother laughed and explained to him that it was	and he should be careful of the waves.	False	n/a	n/a
1765.32421875	0.2	903846	255	filler_word	127	69	2	delong	expected	an	a	ocean	mirage	73	5	5.77	2.7	The first time Timmy saw the Pacific he thought it was a lake but his brother laughed and explained to him that it was	and he should be careful of the waves.	False	n/a	n/a
1765.853515625	0.2	904117	255	filler_word	127	69	2	delong	expected	an	a	ocean	mirage	73	5	5.77	2.7	The first time Timmy saw the Pacific he thought it was a lake but his brother laughed and explained to him that it was	and he should be careful of the waves.	False	n/a	n/a
1766.384765625	0.2	904389	255	filler_word	127	69	2	delong	expected	an	a	ocean	mirage	73	5	5.77	2.7	The first time Timmy saw the Pacific he thought it was a lake but his brother laughed and explained to him that it was	and he should be careful of the waves.	False	n/a	n/a
1766.916015625	0.2	904661	255	filler_word	127	69	2	delong	expected	an	a	ocean	mirage	73	5	5.77	2.7	The first time Timmy saw the Pacific he thought it was a lake but his brother laughed and explained to him that it was	and he should be careful of the waves.	False	n/a	n/a
1767.447265625	0.2	904933	255	filler_word	127	69	2	delong	expected	an	a	ocean	mirage	73	5	5.77	2.7	The first time Timmy saw the Pacific he thought it was a lake but his brother laughed and explained to him that it was	and he should be careful of the waves.	False	n/a	n/a
1767.9765625	0.2	905204	255	filler_word	127	69	2	delong	expected	an	a	ocean	mirage	73	5	5.77	2.7	The first time Timmy saw the Pacific he thought it was a lake but his brother laughed and explained to him that it was	and he should be careful of the waves.	False	n/a	n/a
1768.5078125	0.2	905476	255	filler_word	127	69	2	delong	expected	an	a	ocean	mirage	73	5	5.77	2.7	The first time Timmy saw the Pacific he thought it was a lake but his brother laughed and explained to him that it was	and he should be careful of the waves.	False	n/a	n/a
1769.0390625	0.2	905748	255	filler_word	127	69	2	delong	expected	an	a	ocean	mirage	73	5	5.77	2.7	The first time Timmy saw the Pacific he thought it was a lake but his brother laughed and explained to him that it was	and he should be careful of the waves.	False	n/a	n/a
1769.568359375	0.2	906019	255	filler_word	127	69	2	delong	expected	an	a	ocean	mirage	73	5	5.77	2.7	The first time Timmy saw the Pacific he thought it was a lake but his brother laughed and explained to him that it was	and he should be careful of the waves.	False	n/a	n/a
1770.099609375	0.2	906291	255	filler_word	127	69	2	delong	expected	an	a	ocean	mirage	73	5	5.77	2.7	The first time Timmy saw the Pacific he thought it was a lake but his brother laughed and explained to him that it was	and he should be careful of the waves.	False	n/a	n/a
1770.62890625	0.2	906562	255	filler_word	127	69	2	delong	expected	an	a	ocean	mirage	73	5	5.77	2.7	The first time Timmy saw the Pacific he thought it was a lake but his brother laughed and explained to him that it was	and he should be careful of the waves.	False	n/a	n/a
1771.16015625	0.2	906834	255	filler_word	127	69	2	delong	expected	an	a	ocean	mirage	73	5	5.77	2.7	The first time Timmy saw the Pacific he thought it was a lake but his brother laughed and explained to him that it was	and he should be careful of the waves.	False	n/a	n/a
1771.689453125	0.2	907105	255	filler_word	127	69	2	delong	expected	an	a	ocean	mirage	73	5	5.77	2.7	The first time Timmy saw the Pacific he thought it was a lake but his brother laughed and explained to him that it was	and he should be careful of the waves.	False	n/a	n/a
1772.220703125	0.2	907377	255	filler_word	127	69	2	delong	expected	an	a	ocean	mirage	73	5	5.77	2.7	The first time Timmy saw the Pacific he thought it was a lake but his brother laughed and explained to him that it was	and he should be careful of the waves.	False	n/a	n/a
1772.751953125	0.2	907649	203	a_unexpected	127	69	2	delong	expected	an	a	ocean	mirage	73	5	5.77	2.7	The first time Timmy saw the Pacific he thought it was a lake but his brother laughed and explained to him that it was	and he should be careful of the waves.	False	n/a	n/a
1773.06640625	0.0	907810	179	item_marker	128	79	2	delong	unexpected	an	a	alien	tourist	95	0	4.97	2.03	Bob claims to be from outer space but nobody believes that he is actually	from another planet.	True	Does Bob claim to be from Canada?	no
1773.123046875	0.0	907839	200	cloze_marker	128	79	2	delong	unexpected	an	a	alien	tourist	95	0	4.97	2.03	Bob claims to be from outer space but nobody believes that he is actually	from another planet.	True	Does Bob claim to be from Canada?	no
1773.33203125	0.2	907946	206	noun_unexpected	128	79	2	delong	unexpected	an	a	alien	tourist	95	0	4.97	2.03	Bob claims to be from outer space but nobody believes that he is actually	from another planet.	True	Does Bob claim to be from Canada?	no
1773.646484375	0.0	908107	179	item_marker	129	79	2	delong	unexpected	an	a	alien	tourist	95	0	4.97	2.03	Bob claims to be from outer space but nobody believes that he is actually	from another planet.	True	Does Bob claim to be from Canada?	no
1773.703125	0.0	908136	200	cloze_marker	129	79	2	delong	unexpected	an	a	alien	tourist	95	0	4.97	2.03	Bob claims to be from outer space but nobody believes that he is actually	from another planet.	True	Does Bob claim to be from Canada?	no
1773.912109375	0.2	908243	255	filler_word	129	79	2	delong	unexpected	an	a	alien	tourist	95	0	4.97	2.03	Bob claims to be from outer space but nobody believes that he is actually	from another planet.	True	Does Bob claim to be from Canada?	no
1774.44140625	0.2	908514	255	filler_word	129	79	2	delong	unexpected	an	a	alien	tourist	95	0	4.97	2.03	Bob claims to be from outer space but nobody believes that he is actually	from another planet.	True	Does Bob claim to be from Canada?	no
1774.97265625	0.2	908786	208	final_unexpected	129	79	2	delong	unexpected	an	a	alien	tourist	95	0	4.97	2.03	Bob claims to be from outer space but nobody believes that he is actually	from another planet.	True	Does Bob claim to be from Canada?	no
1786.744140625	0.0	914813	251	question	129	79	2	delong	unexpected	an	a	alien	tourist	95	0	4.97	2.03	Bob claims to be from outer space but nobody believes that he is actually	from another planet.	True	Does Bob claim to be from Canada?	no
1789.115234375	0.2	916027	255	filler_word	129	79	2	delong	unexpected	an	a	alien	tourist	95	0	4.97	2.03	Bob claims to be from outer space but nobody believes that he is actually	from another planet.	True	Does Bob claim to be from Canada?	no
1789.64453125	0.2	916298	255	filler_word	129	79	2	delong	unexpected	an	a	alien	tourist	95	0	4.97	2.03	Bob claims to be from outer space but nobody believes that he is actually	from another planet.	True	Does Bob claim to be from Canada?	no
1790.17578125	0.2	916570	255	filler_word	129	79	2	delong	unexpected	an	a	alien	tourist	95	0	4.97	2.03	Bob claims to be from outer space but nobody believes that he is actually	from another planet.	True	Does Bob claim to be from Canada?	no
1790.70703125	0.2	916842	255	filler_word	129	79	2	delong	unexpected	an	a	alien	tourist	95	0	4.97	2.03	Bob claims to be from outer space but nobody believes that he is actually	from another planet.	True	Does Bob claim to be from Canada?	no
1791.23828125	0.2	917114	255	filler_word	129	79	2	delong	unexpected	an	a	alien	tourist	95	0	4.97	2.03	Bob claims to be from outer space but nobody believes that he is actually	from another planet.	True	Does Bob claim to be from Canada?	no
1791.767578125	0.2	917385	255	filler_word	129	79	2	delong	unexpected	an	a	alien	tourist	95	0	4.97	2.03	Bob claims to be from outer space but nobody believes that he is actually	from another planet.	True	Does Bob claim to be from Canada?	no
1792.298828125	0.2	917657	255	filler_word	129	79	2	delong	unexpected	an	a	alien	tourist	95	0	4.97	2.03	Bob claims to be from outer space but nobody believes that he is actually	from another planet.	True	Does Bob claim to be from Canada?	no
1792.828125	0.2	917928	255	filler_word	129	79	2	delong	unexpected	an	a	alien	tourist	95	0	4.97	2.03	Bob claims to be from outer space but nobody believes that he is actually	from another planet.	True	Does Bob claim to be from Canada?	no
1793.359375	0.2	918200	255	filler_word	129	79	2	delong	unexpected	an	a	alien	tourist	95	0	4.97	2.03	Bob claims to be from outer space but nobody believes that he is actually	from another planet.	True	Does Bob claim to be from Canada?	no
1793.888671875	0.2	918471	255	filler_word	129	79	2	delong	unexpected	an	a	alien	tourist	95	0	4.97	2.03	Bob claims to be from outer space but nobody believes that he is actually	from another planet.	True	Does Bob claim to be from Canada?	no
1794.419921875	0.2	918743	255	filler_word	129	79	2	delong	unexpected	an	a	alien	tourist	95	0	4.97	2.03	Bob claims to be from outer space but nobody believes that he is actually	from another planet.	True	Does Bob claim to be from Canada?	no
1794.951171875	0.2	919015	255	filler_word	129	79	2	delong	unexpected	an	a	alien	tourist	95	0	4.97	2.03	Bob claims to be from outer space but nobody believes that he is actually	from another planet.	True	Does Bob claim to be from Canada?	no
1795.48046875	0.2	919286	255	filler_word	129	79	2	delong	unexpected	an	a	alien	tourist	95	0	4.97	2.03	Bob claims to be from outer space but nobody believes that he is actually	from another planet.	True	Does Bob claim to be from Canada?	no
1796.01171875	0.2	919558	255	filler_word	129	79	2	delong	unexpected	an	a	alien	tourist	95	0	4.97	2.03	Bob claims to be from outer space but nobody believes that he is actually	from another planet.	True	Does Bob claim to be from Canada?	no
1796.54296875	0.2	919830	255	filler_word	129	79	2	delong	unexpected	an	a	alien	tourist	95	0	4.97	2.03	Bob claims to be from outer space but nobody believes that he is actually	from another planet.	True	Does Bob claim to be from Canada?	no
1797.072265625	0.2	920101	255	filler_word	129	79	2	delong	unexpected	an	a	alien	tourist	95	0	4.97	2.03	Bob claims to be from outer space but nobody believes that he is actually	from another planet.	True	Does Bob claim to be from Canada?	no
1797.603515625	0.2	920373	255	filler_word	129	79	2	delong	unexpected	an	a	alien	tourist	95	0	4.97	2.03	Bob claims to be from outer space but nobody believes that he is actually	from another planet.	True	Does Bob claim to be from Canada?	no
1798.1328125	0.2	920644	204	an_unexpected	129	79	2	delong	unexpected	an	a	alien	tourist	95	0	4.97	2.03	Bob claims to be from outer space but nobody believes that he is actually	from another planet.	True	Does Bob claim to be from Canada?	no
1798.44921875	0.0	920806	164	item_marker	130	64	2	delong	unexpected	a	an	name	idea	68	11	5.67	5.77	The guys didn't know what to call their band so Trent told everyone to come up with	and they would vote.	True	Did Trent suggest to vote?	yes
1798.50390625	0.0	920834	11	cloze_marker	130	64	2	delong	unexpected	a	an	name	idea	68	11	5.67	5.77	The guys didn't know what to call their band so Trent told everyone to come up with	and they would vote.	True	Did Trent suggest to vote?	yes
1798.71484375	0.2	920942	206	noun_unexpected	130	64	2	delong	unexpected	a	an	name	idea	68	11	5.67	5.77	The guys didn't know what to call their band so Trent told everyone to come up with	and they would vote.	True	Did Trent suggest to vote?	yes
1799.029296875	0.0	921103	164	item_marker	131	64	2	delong	unexpected	a	an	name	idea	68	11	5.67	5.77	The guys didn't know what to call their band so Trent told everyone to come up with	and they would vote.	True	Did Trent suggest to vote?	yes
1799.083984375	0.0	921131	77	cloze_marker	131	64	2	delong	unexpected	a	an	name	idea	68	11	5.67	5.77	The guys didn't know what to call their band so Trent told everyone to come up with	and they would vote.	True	Did Trent suggest to vote?	yes
1799.294921875	0.2	921239	255	filler_word	131	64	2	delong	unexpected	a	an	name	idea	68	11	5.67	5.77	The guys didn't know what to call their band so Trent told everyone to come up with	and they would vote.	True	Did Trent suggest to vote?	yes
1799.82421875	0.2	921510	255	filler_word	131	64	2	delong	unexpected	a	an	name	idea	68	11	5.67	5.77	The guys didn't know what to call their band so Trent told everyone to come up with	and they would vote.	True	Did Trent suggest to vote?	yes
1800.35546875	0.2	921782	255	filler_word	131	64	2	delong	unexpected	a	an	name	idea	68	11	5.67	5.77	The guys didn't know what to call their band so Trent told everyone to come up with	and they would vote.	True	Did Trent suggest to vote?	yes
1800.884765625	0.2	922053	208	final_unexpected	131	64	2	delong	unexpected	a	an	name	idea	68	11	5.67	5.77	The guys didn't know what to call their band so Trent told everyone to come up with	and they would vote.	True	Did Trent suggest to vote?	yes
1817.19921875	0.0	930406	251	question	131	64	2	delong	unexpected	a	an	name	idea	68	11	5.67	5.77	The guys didn't know what to call their band so Trent told everyone to come up with	and they would vote.	True	Did Trent suggest to vote?	yes
1828.556640625	0.2	936221	255	filler_word	131	64	2	delong	unexpected	a	an	name	idea	68	11	5.67	5.77	The guys didn't know what to call their band so Trent told everyone to come up with	and they would vote.	True	Did Trent suggest to vote?	yes
1829.0859375	0.2	936492	255	filler_word	131	64	2	delong	unexpected	a	an	name	idea	68	11	5.67	5.77	The guys didn't know what to call their band so Trent told everyone to come up with	and they would vote.	True	Did Trent suggest to vote?	yes
1829.6171875	0.2	936764	255	filler_word	131	64	2	delong	unexpected	a	an	name	idea	68	11	5.67	5.77	The guys didn't know what to call their band so Trent told everyone to come up with	and they would vote.	True	Did Trent suggest to vote?	yes
1830.1484375	0.2	937036	255	filler_word	131	64	2	delong	unexpected	a	an	name	idea	68	11	5.67	5.77	The guys didn't know what to call their band so Trent told everyone to come up with	and they would vote.	True	Did Trent suggest to vote?	yes
1830.677734375	0.2	937307	255	filler_word	131	64	2	delong	unexpected	a	an	name	idea	68	11	5.67	5.77	The guys didn't know what to call their band so Trent told everyone to come up with	and they would vote.	True	Did Trent suggest to vote?	yes
1831.208984375	0.2	937579	255	filler_word	131	64	2	delong	unexpected	a	an	name	idea	68	11	5.67	5.77	The guys didn't know what to call their band so Trent told everyone to come up with	and they would vote.	True	Did Trent suggest to vote?	yes
1831.740234375	0.2	937851	255	filler_word	131	64	2	delong	unexpected	a	an	name	idea	68	11	5.67	5.77	The guys didn't know what to call their band so Trent told everyone to come up with	and they would vote.	True	Did Trent suggest to vote?	yes
1832.26953125	0.2	938122	255	filler_word	131	64	2	delong	unexpected	a	an	name	idea	68	11	5.67	5.77	The guys didn't know what to call their band so Trent told everyone to come up with	and they would vote.	True	Did Trent suggest to vote?	yes
1832.80078125	0.2	938394	255	filler_word	131	64	2	delong	unexpected	a	an	name	idea	68	11	5.67	5.77	The guys didn't know what to call their band so Trent told everyone to come up with	and they would vote.	True	Did Trent suggest to vote?	yes
1833.330078125	0.2	938665	255	filler_word	131	64	2	delong	unexpected	a	an	name	idea	68	11	5.67	5.77	The guys didn't know what to call their band so Trent told everyone to come up with	and they would vote.	True	Did Trent suggest to vote?	yes
1833.861328125	0.2	938937	255	filler_word	131	64	2	delong	unexpected	a	an	name	idea	68	11	5.67	5.77	The guys didn't know what to call their band so Trent told everyone to come up with	and they would vote.	True	Did Trent suggest to vote?	yes
1834.390625	0.2	939208	255	filler_word	131	64	2	delong	unexpected	a	an	name	idea	68	11	5.67	5.77	The guys didn't know what to call their band so Trent told everyone to come up with	and they would vote.	True	Did Trent suggest to vote?	yes
1834.921875	0.2	939480	255	filler_word	131	64	2	delong	unexpected	a	an	name	idea	68	11	5.67	5.77	The guys didn't know what to call their band so Trent told everyone to come up with	and they would vote.	True	Did Trent suggest to vote?	yes
1835.453125	0.2	939752	255	filler_word	131	64	2	delong	unexpected	a	an	name	idea	68	11	5.67	5.77	The guys didn't know what to call their band so Trent told everyone to come up with	and they would vote.	True	Did Trent suggest to vote?	yes
1835.984375	0.2	940024	202	an_expected	131	64	2	delong	unexpected	a	an	name	idea	68	11	5.67	5.77	The guys didn't know what to call their band so Trent told everyone to come up with	and they would vote.	True	Did Trent suggest to vote?	yes
1836.298828125	0.0	940185	173	item_marker	132	73	2	delong	expected	an	a	animal	flower	77	18	4.67	5.84	Carly wasn't sure if the Venus flytrap was classified as a plant or as	but it seemed to have characteristics of both.	False	n/a	n/a
1836.353515625	0.0	940213	77	cloze_marker	132	73	2	delong	expected	an	a	animal	flower	77	18	4.67	5.84	Carly wasn't sure if the Venus flytrap was classified as a plant or as	but it seemed to have characteristics of both.	False	n/a	n/a
1836.564453125	0.2	940321	205	noun_expected	132	73	2	delong	expected	an	a	animal	flower	77	18	4.67	5.84	Carly wasn't sure if the Venus flytrap was classified as a plant or as	but it seemed to have characteristics of both.	False	n/a	n/a
1836.87890625	0.0	940482	173	item_marker	133	73	2	delong	expected	an	a	animal	flower	77	18	4.67	5.84	Carly wasn't sure if the Venus flytrap was classified as a plant or as	but it seemed to have characteristics of both.	False	n/a	n/a
1836.935546875	0.0	940511	80	cloze_marker	133	73	2	delong	expected	an	a	animal	flower	77	18	4.67	5.84	Carly wasn't sure if the Venus flytrap was classified as a plant or as	but it seemed to have characteristics of both.	False	n/a	n/a
1837.14453125	0.2	940618	255	filler_word	133	73	2	delong	expected	an	a	animal	flower	77	18	4.67	5.84	Carly wasn't sure if the Venus flytrap was classified as a plant or as	but it seemed to have characteristics of both.	False	n/a	n/a
1837.673828125	0.2	940889	255	filler_word	133	73	2	delong	expected	an	a	animal	flower	77	18	4.67	5.84	Carly wasn't sure if the Venus flytrap was classified as a plant or as	but it seemed to have characteristics of both.	False	n/a	n/a
1838.205078125	0.2	941161	255	filler_word	133	73	2	delong	expected	an	a	animal	flower	77	18	4.67	5.84	Carly wasn't sure if the Venus flytrap was classified as a plant or as	but it seemed to have characteristics of both.	False	n/a	n/a
1838.736328125	0.2	941433	255	filler_word	133	73	2	delong	expected	an	a	animal	flower	77	18	4.67	5.84	Carly wasn't sure if the Venus flytrap was classified as a plant or as	but it seemed to have characteristics of both.	False	n/a	n/a
1839.265625	0.2	941704	255	filler_word	133	73	2	delong	expected	an	a	animal	flower	77	18	4.67	5.84	Carly wasn't sure if the Venus flytrap was classified as a plant or as	but it seemed to have characteristics of both.	False	n/a	n/a
1839.796875	0.2	941976	255	filler_word	133	73	2	delong	expected	an	a	animal	flower	77	18	4.67	5.84	Carly wasn't sure if the Venus flytrap was classified as a plant or as	but it seemed to have characteristics of both.	False	n/a	n/a
1840.328125	0.2	942248	255	filler_word	133	73	2	delong	expected	an	a	animal	flower	77	18	4.67	5.84	Carly wasn't sure if the Venus flytrap was classified as a plant or as	but it seemed to have characteristics of both.	False	n/a	n/a
1840.857421875	0.2	942519	207	final_expected	133	73	2	delong	expected	an	a	animal	flower	77	18	4.67	5.84	Carly wasn't sure if the Venus flytrap was classified as a plant or as	but it seemed to have characteristics of both.	False	n/a	n/a
1845.201171875	0.2	944743	255	filler_word	133	73	2	delong	expected	an	a	animal	flower	77	18	4.67	5.84	Carly wasn't sure if the Venus flytrap was classified as a plant or as	but it seemed to have characteristics of both.	False	n/a	n/a
1845.732421875	0.2	945015	255	filler_word	133	73	2	delong	expected	an	a	animal	flower	77	18	4.67	5.84	Carly wasn't sure if the Venus flytrap was classified as a plant or as	but it seemed to have characteristics of both.	False	n/a	n/a
1846.26171875	0.2	945286	255	filler_word	133	73	2	delong	expected	an	a	animal	flower	77	18	4.67	5.84	Carly wasn't sure if the Venus flytrap was classified as a plant or as	but it seemed to have characteristics of both.	False	n/a	n/a
1846.79296875	0.2	945558	255	filler_word	133	73	2	delong	expected	an	a	animal	flower	77	18	4.67	5.84	Carly wasn't sure if the Venus flytrap was classified as a plant or as	but it seemed to have characteristics of both.	False	n/a	n/a
1847.32421875	0.2	945830	255	filler_word	133	73	2	delong	expected	an	a	animal	flower	77	18	4.67	5.84	Carly wasn't sure if the Venus flytrap was classified as a plant or as	but it seemed to have characteristics of both.	False	n/a	n/a
1847.853515625	0.2	946101	255	filler_word	133	73	2	delong	expected	an	a	animal	flower	77	18	4.67	5.84	Carly wasn't sure if the Venus flytrap was classified as a plant or as	but it seemed to have characteristics of both.	False	n/a	n/a
1848.384765625	0.2	946373	255	filler_word	133	73	2	delong	expected	an	a	animal	flower	77	18	4.67	5.84	Carly wasn't sure if the Venus flytrap was classified as a plant or as	but it seemed to have characteristics of both.	False	n/a	n/a
1848.9140625	0.2	946644	255	filler_word	133	73	2	delong	expected	an	a	animal	flower	77	18	4.67	5.84	Carly wasn't sure if the Venus flytrap was classified as a plant or as	but it seemed to have characteristics of both.	False	n/a	n/a
1849.4453125	0.2	946916	255	filler_word	133	73	2	delong	expected	an	a	animal	flower	77	18	4.67	5.84	Carly wasn't sure if the Venus flytrap was classified as a plant or as	but it seemed to have characteristics of both.	False	n/a	n/a
1849.9765625	0.2	947188	255	filler_word	133	73	2	delong	expected	an	a	animal	flower	77	18	4.67	5.84	Carly wasn't sure if the Venus flytrap was classified as a plant or as	but it seemed to have characteristics of both.	False	n/a	n/a
1850.505859375	0.2	947459	255	filler_word	133	73	2	delong	expected	an	a	animal	flower	77	18	4.67	5.84	Carly wasn't sure if the Venus flytrap was classified as a plant or as	but it seemed to have characteristics of both.	False	n/a	n/a
1851.037109375	0.2	947731	255	filler_word	133	73	2	delong	expected	an	a	animal	flower	77	18	4.67	5.84	Carly wasn't sure if the Venus flytrap was classified as a plant or as	but it seemed to have characteristics of both.	False	n/a	n/a
1851.568359375	0.2	948003	203	a_unexpected	133	73	2	delong	expected	an	a	animal	flower	77	18	4.67	5.84	Carly wasn't sure if the Venus flytrap was classified as a plant or as	but it seemed to have characteristics of both.	False	n/a	n/a
1851.8828125	0.0	948164	163	item_marker	134	63	2	delong	unexpected	an	a	idea	name	75	25	5.37	6.03	The group had been brainstorming all day but they still didn't have	for their project.	True	Did the group reach a conclusion?	no
1851.9375	0.0	948192	25	cloze_marker	134	63	2	delong	unexpected	an	a	idea	name	75	25	5.37	6.03	The group had been brainstorming all day but they still didn't have	for their project.	True	Did the group reach a conclusion?	no
1852.1484375	0.2	948300	206	noun_unexpected	134	63	2	delong	unexpected	an	a	idea	name	75	25	5.37	6.03	The group had been brainstorming all day but they still didn't have	for their project.	True	Did the group reach a conclusion?	no
1852.462890625	0.0	948461	163	item_marker	135	63	2	delong	unexpected	an	a	idea	name	75	25	5.37	6.03	The group had been brainstorming all day but they still didn't have	for their project.	True	Did the group reach a conclusion?	no
1852.51953125	0.0	948490	200	cloze_marker	135	63	2	delong	unexpected	an	a	idea	name	75	25	5.37	6.03	The group had been brainstorming all day but they still didn't have	for their project.	True	Did the group reach a conclusion?	no
1852.728515625	0.2	948597	255	filler_word	135	63	2	delong	unexpected	an	a	idea	name	75	25	5.37	6.03	The group had been brainstorming all day but they still didn't have	for their project.	True	Did the group reach a conclusion?	no
1853.2578125	0.2	948868	255	filler_word	135	63	2	delong	unexpected	an	a	idea	name	75	25	5.37	6.03	The group had been brainstorming all day but they still didn't have	for their project.	True	Did the group reach a conclusion?	no
1853.7890625	0.2	949140	208	final_unexpected	135	63	2	delong	unexpected	an	a	idea	name	75	25	5.37	6.03	The group had been brainstorming all day but they still didn't have	for their project.	True	Did the group reach a conclusion?	no
1865.642578125	0.0	955209	251	question	135	63	2	delong	unexpected	an	a	idea	name	75	25	5.37	6.03	The group had been brainstorming all day but they still didn't have	for their project.	True	Did the group reach a conclusion?	no
1867.41796875	0.2	956118	255	filler_word	135	63	2	delong	unexpected	an	a	idea	name	75	25	5.37	6.03	The group had been brainstorming all day but they still didn't have	for their project.	True	Did the group reach a conclusion?	no
1867.947265625	0.2	956389	255	filler_word	135	63	2	delong	unexpected	an	a	idea	name	75	25	5.37	6.03	The group had been brainstorming all day but they still didn't have	for their project.	True	Did the group reach a conclusion?	no
1868.478515625	0.2	956661	255	filler_word	135	63	2	delong	unexpected	an	a	idea	name	75	25	5.37	6.03	The group had been brainstorming all day but they still didn't have	for their project.	True	Did the group reach a conclusion?	no
1869.0078125	0.2	956932	255	filler_word	135	63	2	delong	unexpected	an	a	idea	name	75	25	5.37	6.03	The group had been brainstorming all day but they still didn't have	for their project.	True	Did the group reach a conclusion?	no
1869.5390625	0.2	957204	255	filler_word	135	63	2	delong	unexpected	an	a	idea	name	75	25	5.37	6.03	The group had been brainstorming all day but they still didn't have	for their project.	True	Did the group reach a conclusion?	no
1870.0703125	0.2	957476	255	filler_word	135	63	2	delong	unexpected	an	a	idea	name	75	25	5.37	6.03	The group had been brainstorming all day but they still didn't have	for their project.	True	Did the group reach a conclusion?	no
1870.599609375	0.2	957747	255	filler_word	135	63	2	delong	unexpected	an	a	idea	name	75	25	5.37	6.03	The group had been brainstorming all day but they still didn't have	for their project.	True	Did the group reach a conclusion?	no
1871.130859375	0.2	958019	255	filler_word	135	63	2	delong	unexpected	an	a	idea	name	75	25	5.37	6.03	The group had been brainstorming all day but they still didn't have	for their project.	True	Did the group reach a conclusion?	no
1871.662109375	0.2	958291	255	filler_word	135	63	2	delong	unexpected	an	a	idea	name	75	25	5.37	6.03	The group had been brainstorming all day but they still didn't have	for their project.	True	Did the group reach a conclusion?	no
1872.19140625	0.2	958562	255	filler_word	135	63	2	delong	unexpected	an	a	idea	name	75	25	5.37	6.03	The group had been brainstorming all day but they still didn't have	for their project.	True	Did the group reach a conclusion?	no
1872.72265625	0.2	958834	255	filler_word	135	63	2	delong	unexpected	an	a	idea	name	75	25	5.37	6.03	The group had been brainstorming all day but they still didn't have	for their project.	True	Did the group reach a conclusion?	no
1873.251953125	0.2	959105	255	filler_word	135	63	2	delong	unexpected	an	a	idea	name	75	25	5.37	6.03	The group had been brainstorming all day but they still didn't have	for their project.	True	Did the group reach a conclusion?	no
1873.783203125	0.2	959377	255	filler_word	135	63	2	delong	unexpected	an	a	idea	name	75	25	5.37	6.03	The group had been brainstorming all day but they still didn't have	for their project.	True	Did the group reach a conclusion?	no
1874.314453125	0.2	959649	255	filler_word	135	63	2	delong	unexpected	an	a	idea	name	75	25	5.37	6.03	The group had been brainstorming all day but they still didn't have	for their project.	True	Did the group reach a conclusion?	no
1874.845703125	0.2	959921	255	filler_word	135	63	2	delong	unexpected	an	a	idea	name	75	25	5.37	6.03	The group had been brainstorming all day but they still didn't have	for their project.	True	Did the group reach a conclusion?	no
1875.375	0.2	960192	255	filler_word	135	63	2	delong	unexpected	an	a	idea	name	75	25	5.37	6.03	The group had been brainstorming all day but they still didn't have	for their project.	True	Did the group reach a conclusion?	no
1875.90625	0.2	960464	255	filler_word	135	63	2	delong	unexpected	an	a	idea	name	75	25	5.37	6.03	The group had been brainstorming all day but they still didn't have	for their project.	True	Did the group reach a conclusion?	no
1876.435546875	0.2	960735	255	filler_word	135	63	2	delong	unexpected	an	a	idea	name	75	25	5.37	6.03	The group had been brainstorming all day but they still didn't have	for their project.	True	Did the group reach a conclusion?	no
1876.966796875	0.2	961007	255	filler_word	135	63	2	delong	unexpected	an	a	idea	name	75	25	5.37	6.03	The group had been brainstorming all day but they still didn't have	for their project.	True	Did the group reach a conclusion?	no
1877.49609375	0.2	961278	255	filler_word	135	63	2	delong	unexpected	an	a	idea	name	75	25	5.37	6.03	The group had been brainstorming all day but they still didn't have	for their project.	True	Did the group reach a conclusion?	no
1878.02734375	0.2	961550	255	filler_word	135	63	2	delong	unexpected	an	a	idea	name	75	25	5.37	6.03	The group had been brainstorming all day but they still didn't have	for their project.	True	Did the group reach a conclusion?	no
1878.55859375	0.2	961822	255	filler_word	135	63	2	delong	unexpected	an	a	idea	name	75	25	5.37	6.03	The group had been brainstorming all day but they still didn't have	for their project.	True	Did the group reach a conclusion?	no
1879.087890625	0.2	962093	201	a_expected	135	63	2	delong	unexpected	an	a	idea	name	75	25	5.37	6.03	The group had been brainstorming all day but they still didn't have	for their project.	True	Did the group reach a conclusion?	no
1879.404296875	0.0	962255	166	item_marker	136	66	2	delong	expected	a	an	ship	island	100	0	4.7	3.61	Sandra decided that she would work for a cruise line for a year before starting university although she had never been on	and did not know how to swim.	False	n/a	n/a
1879.458984375	0.0	962283	100	cloze_marker	136	66	2	delong	expected	a	an	ship	island	100	0	4.7	3.61	Sandra decided that she would work for a cruise line for a year before starting university although she had never been on	and did not know how to swim.	False	n/a	n/a
1879.66796875	0.2	962390	205	noun_expected	136	66	2	delong	expected	a	an	ship	island	100	0	4.7	3.61	Sandra decided that she would work for a cruise line for a year before starting university although she had never been on	and did not know how to swim.	False	n/a	n/a
1879.984375	0.0	962552	166	item_marker	137	66	2	delong	expected	a	an	ship	island	100	0	4.7	3.61	Sandra decided that she would work for a cruise line for a year before starting university although she had never been on	and did not know how to swim.	False	n/a	n/a
1880.0390625	0.0	962580	23	cloze_marker	137	66	2	delong	expected	a	an	ship	island	100	0	4.7	3.61	Sandra decided that she would work for a cruise line for a year before starting university although she had never been on	and did not know how to swim.	False	n/a	n/a
1880.248046875	0.2	962687	255	filler_word	137	66	2	delong	expected	a	an	ship	island	100	0	4.7	3.61	Sandra decided that she would work for a cruise line for a year before starting university although she had never been on	and did not know how to swim.	False	n/a	n/a
1880.779296875	0.2	962959	255	filler_word	137	66	2	delong	expected	a	an	ship	island	100	0	4.7	3.61	Sandra decided that she would work for a cruise line for a year before starting university although she had never been on	and did not know how to swim.	False	n/a	n/a
1881.310546875	0.2	963231	255	filler_word	137	66	2	delong	expected	a	an	ship	island	100	0	4.7	3.61	Sandra decided that she would work for a cruise line for a year before starting university although she had never been on	and did not know how to swim.	False	n/a	n/a
1881.83984375	0.2	963502	255	filler_word	137	66	2	delong	expected	a	an	ship	island	100	0	4.7	3.61	Sandra decided that she would work for a cruise line for a year before starting university although she had never been on	and did not know how to swim.	False	n/a	n/a
1882.37109375	0.2	963774	255	filler_word	137	66	2	delong	expected	a	an	ship	island	100	0	4.7	3.61	Sandra decided that she would work for a cruise line for a year before starting university although she had never been on	and did not know how to swim.	False	n/a	n/a
1882.90234375	0.2	964046	255	filler_word	137	66	2	delong	expected	a	an	ship	island	100	0	4.7	3.61	Sandra decided that she would work for a cruise line for a year before starting university although she had never been on	and did not know how to swim.	False	n/a	n/a
1883.431640625	0.2	964317	207	final_expected	137	66	2	delong	expected	a	an	ship	island	100	0	4.7	3.61	Sandra decided that she would work for a cruise line for a year before starting university although she had never been on	and did not know how to swim.	False	n/a	n/a
1886.1015625	0.2	965684	255	filler_word	137	66	2	delong	expected	a	an	ship	island	100	0	4.7	3.61	Sandra decided that she would work for a cruise line for a year before starting university although she had never been on	and did not know how to swim.	False	n/a	n/a
1886.630859375	0.2	965955	255	filler_word	137	66	2	delong	expected	a	an	ship	island	100	0	4.7	3.61	Sandra decided that she would work for a cruise line for a year before starting university although she had never been on	and did not know how to swim.	False	n/a	n/a
1887.162109375	0.2	966227	255	filler_word	137	66	2	delong	expected	a	an	ship	island	100	0	4.7	3.61	Sandra decided that she would work for a cruise line for a year before starting university although she had never been on	and did not know how to swim.	False	n/a	n/a
1887.693359375	0.2	966499	255	filler_word	137	66	2	delong	expected	a	an	ship	island	100	0	4.7	3.61	Sandra decided that she would work for a cruise line for a year before starting university although she had never been on	and did not know how to swim.	False	n/a	n/a
1888.224609375	0.2	966771	255	filler_word	137	66	2	delong	expected	a	an	ship	island	100	0	4.7	3.61	Sandra decided that she would work for a cruise line for a year before starting university although she had never been on	and did not know how to swim.	False	n/a	n/a
1888.75390625	0.2	967042	255	filler_word	137	66	2	delong	expected	a	an	ship	island	100	0	4.7	3.61	Sandra decided that she would work for a cruise line for a year before starting university although she had never been on	and did not know how to swim.	False	n/a	n/a
1889.28515625	0.2	967314	255	filler_word	137	66	2	delong	expected	a	an	ship	island	100	0	4.7	3.61	Sandra decided that she would work for a cruise line for a year before starting university although she had never been on	and did not know how to swim.	False	n/a	n/a
1889.814453125	0.2	967585	255	filler_word	137	66	2	delong	expected	a	an	ship	island	100	0	4.7	3.61	Sandra decided that she would work for a cruise line for a year before starting university although she had never been on	and did not know how to swim.	False	n/a	n/a
1890.345703125	0.2	967857	255	filler_word	137	66	2	delong	expected	a	an	ship	island	100	0	4.7	3.61	Sandra decided that she would work for a cruise line for a year before starting university although she had never been on	and did not know how to swim.	False	n/a	n/a
1890.875	0.2	968128	255	filler_word	137	66	2	delong	expected	a	an	ship	island	100	0	4.7	3.61	Sandra decided that she would work for a cruise line for a year before starting university although she had never been on	and did not know how to swim.	False	n/a	n/a
1891.40625	0.2	968400	255	filler_word	137	66	2	delong	expected	a	an	ship	island	100	0	4.7	3.61	Sandra decided that she would work for a cruise line for a year before starting university although she had never been on	and did not know how to swim.	False	n/a	n/a
1891.9375	0.2	968672	255	filler_word	137	66	2	delong	expected	a	an	ship	island	100	0	4.7	3.61	Sandra decided that she would work for a cruise line for a year before starting university although she had never been on	and did not know how to swim.	False	n/a	n/a
1892.46875	0.2	968944	255	filler_word	137	66	2	delong	expected	a	an	ship	island	100	0	4.7	3.61	Sandra decided that she would work for a cruise line for a year before starting university although she had never been on	and did not know how to swim.	False	n/a	n/a
1892.998046875	0.2	969215	255	filler_word	137	66	2	delong	expected	a	an	ship	island	100	0	4.7	3.61	Sandra decided that she would work for a cruise line for a year before starting university although she had never been on	and did not know how to swim.	False	n/a	n/a
1893.529296875	0.2	969487	255	filler_word	137	66	2	delong	expected	a	an	ship	island	100	0	4.7	3.61	Sandra decided that she would work for a cruise line for a year before starting university although she had never been on	and did not know how to swim.	False	n/a	n/a
1894.060546875	0.2	969759	255	filler_word	137	66	2	delong	expected	a	an	ship	island	100	0	4.7	3.61	Sandra decided that she would work for a cruise line for a year before starting university although she had never been on	and did not know how to swim.	False	n/a	n/a
1894.58984375	0.2	970030	255	filler_word	137	66	2	delong	expected	a	an	ship	island	100	0	4.7	3.61	Sandra decided that she would work for a cruise line for a year before starting university although she had never been on	and did not know how to swim.	False	n/a	n/a
1895.12109375	0.2	970302	255	filler_word	137	66	2	delong	expected	a	an	ship	island	100	0	4.7	3.61	Sandra decided that she would work for a cruise line for a year before starting university although she had never been on	and did not know how to swim.	False	n/a	n/a
1895.650390625	0.2	970573	255	filler_word	137	66	2	delong	expected	a	an	ship	island	100	0	4.7	3.61	Sandra decided that she would work for a cruise line for a year before starting university although she had never been on	and did not know how to swim.	False	n/a	n/a
1896.181640625	0.2	970845	203	a_unexpected	137	66	2	delong	expected	a	an	ship	island	100	0	4.7	3.61	Sandra decided that she would work for a cruise line for a year before starting university although she had never been on	and did not know how to swim.	False	n/a	n/a
1896.49609375	0.0	971006	175	item_marker	138	75	2	delong	unexpected	an	a	element	liquid	68	30	6.26	2.8	The chemistry teacher explained to the class that water and salt were both compounds but that nitrogen was just	that hadn't been combined.	False	n/a	n/a
1896.552734375	0.0	971035	30	cloze_marker	138	75	2	delong	unexpected	an	a	element	liquid	68	30	6.26	2.8	The chemistry teacher explained to the class that water and salt were both compounds but that nitrogen was just	that hadn't been combined.	False	n/a	n/a
1896.76171875	0.2	971142	206	noun_unexpected	138	75	2	delong	unexpected	an	a	element	liquid	68	30	6.26	2.8	The chemistry teacher explained to the class that water and salt were both compounds but that nitrogen was just	that hadn't been combined.	False	n/a	n/a
1897.076171875	0.0	971303	175	item_marker	139	75	2	delong	unexpected	an	a	element	liquid	68	30	6.26	2.8	The chemistry teacher explained to the class that water and salt were both compounds but that nitrogen was just	that hadn't been combined.	False	n/a	n/a
1897.130859375	0.0	971331	200	cloze_marker	139	75	2	delong	unexpected	an	a	element	liquid	68	30	6.26	2.8	The chemistry teacher explained to the class that water and salt were both compounds but that nitrogen was just	that hadn't been combined.	False	n/a	n/a
1897.341796875	0.2	971439	255	filler_word	139	75	2	delong	unexpected	an	a	element	liquid	68	30	6.26	2.8	The chemistry teacher explained to the class that water and salt were both compounds but that nitrogen was just	that hadn't been combined.	False	n/a	n/a
1897.873046875	0.2	971711	255	filler_word	139	75	2	delong	unexpected	an	a	element	liquid	68	30	6.26	2.8	The chemistry teacher explained to the class that water and salt were both compounds but that nitrogen was just	that hadn't been combined.	False	n/a	n/a
1898.40234375	0.2	971982	255	filler_word	139	75	2	delong	unexpected	an	a	element	liquid	68	30	6.26	2.8	The chemistry teacher explained to the class that water and salt were both compounds but that nitrogen was just	that hadn't been combined.	False	n/a	n/a
1898.93359375	0.2	972254	208	final_unexpected	139	75	2	delong	unexpected	an	a	element	liquid	68	30	6.26	2.8	The chemistry teacher explained to the class that water and salt were both compounds but that nitrogen was just	that hadn't been combined.	False	n/a	n/a
1906.3125	0.2	976032	255	filler_word	139	75	2	delong	unexpected	an	a	element	liquid	68	30	6.26	2.8	The chemistry teacher explained to the class that water and salt were both compounds but that nitrogen was just	that hadn't been combined.	False	n/a	n/a
1906.841796875	0.2	976303	255	filler_word	139	75	2	delong	unexpected	an	a	element	liquid	68	30	6.26	2.8	The chemistry teacher explained to the class that water and salt were both compounds but that nitrogen was just	that hadn't been combined.	False	n/a	n/a
1907.37109375	0.2	976574	255	filler_word	139	75	2	delong	unexpected	an	a	element	liquid	68	30	6.26	2.8	The chemistry teacher explained to the class that water and salt were both compounds but that nitrogen was just	that hadn't been combined.	False	n/a	n/a
1907.90234375	0.2	976846	255	filler_word	139	75	2	delong	unexpected	an	a	element	liquid	68	30	6.26	2.8	The chemistry teacher explained to the class that water and salt were both compounds but that nitrogen was just	that hadn't been combined.	False	n/a	n/a
1908.43359375	0.2	977118	255	filler_word	139	75	2	delong	unexpected	an	a	element	liquid	68	30	6.26	2.8	The chemistry teacher explained to the class that water and salt were both compounds but that nitrogen was just	that hadn't been combined.	False	n/a	n/a
1908.96484375	0.2	977390	255	filler_word	139	75	2	delong	unexpected	an	a	element	liquid	68	30	6.26	2.8	The chemistry teacher explained to the class that water and salt were both compounds but that nitrogen was just	that hadn't been combined.	False	n/a	n/a
1909.494140625	0.2	977661	255	filler_word	139	75	2	delong	unexpected	an	a	element	liquid	68	30	6.26	2.8	The chemistry teacher explained to the class that water and salt were both compounds but that nitrogen was just	that hadn't been combined.	False	n/a	n/a
1910.025390625	0.2	977933	255	filler_word	139	75	2	delong	unexpected	an	a	element	liquid	68	30	6.26	2.8	The chemistry teacher explained to the class that water and salt were both compounds but that nitrogen was just	that hadn't been combined.	False	n/a	n/a
1910.5546875	0.2	978204	255	filler_word	139	75	2	delong	unexpected	an	a	element	liquid	68	30	6.26	2.8	The chemistry teacher explained to the class that water and salt were both compounds but that nitrogen was just	that hadn't been combined.	False	n/a	n/a
1911.0859375	0.2	978476	255	filler_word	139	75	2	delong	unexpected	an	a	element	liquid	68	30	6.26	2.8	The chemistry teacher explained to the class that water and salt were both compounds but that nitrogen was just	that hadn't been combined.	False	n/a	n/a
1911.6171875	0.2	978748	255	filler_word	139	75	2	delong	unexpected	an	a	element	liquid	68	30	6.26	2.8	The chemistry teacher explained to the class that water and salt were both compounds but that nitrogen was just	that hadn't been combined.	False	n/a	n/a
1912.146484375	0.2	979019	255	filler_word	139	75	2	delong	unexpected	an	a	element	liquid	68	30	6.26	2.8	The chemistry teacher explained to the class that water and salt were both compounds but that nitrogen was just	that hadn't been combined.	False	n/a	n/a
1912.677734375	0.2	979291	255	filler_word	139	75	2	delong	unexpected	an	a	element	liquid	68	30	6.26	2.8	The chemistry teacher explained to the class that water and salt were both compounds but that nitrogen was just	that hadn't been combined.	False	n/a	n/a
1913.208984375	0.2	979563	201	a_expected	139	75	2	delong	unexpected	an	a	element	liquid	68	30	6.26	2.8	The chemistry teacher explained to the class that water and salt were both compounds but that nitrogen was just	that hadn't been combined.	False	n/a	n/a
1913.5234375	0.0	979724	162	item_marker	140	62	2	delong	expected	a	an	coach	offense	98	0	6.0	3.3	Ever since Mr.Barnes had moved away Bobby's football team had been left without	and thus lost all their games.	False	n/a	n/a
1913.578125	0.0	979752	98	cloze_marker	140	62	2	delong	expected	a	an	coach	offense	98	0	6.0	3.3	Ever since Mr.Barnes had moved away Bobby's football team had been left without	and thus lost all their games.	False	n/a	n/a
1913.787109375	0.2	979859	205	noun_expected	140	62	2	delong	expected	a	an	coach	offense	98	0	6.0	3.3	Ever since Mr.Barnes had moved away Bobby's football team had been left without	and thus lost all their games.	False	n/a	n/a
1914.103515625	0.0	980021	162	item_marker	141	62	2	delong	expected	a	an	coach	offense	98	0	6.0	3.3	Ever since Mr.Barnes had moved away Bobby's football team had been left without	and thus lost all their games.	False	n/a	n/a
1914.158203125	0.0	980049	70	cloze_marker	141	62	2	delong	expected	a	an	coach	offense	98	0	6.0	3.3	Ever since Mr.Barnes had moved away Bobby's football team had been left without	and thus lost all their games.	False	n/a	n/a
1914.369140625	0.2	980157	255	filler_word	141	62	2	delong	expected	a	an	coach	offense	98	0	6.0	3.3	Ever since Mr.Barnes had moved away Bobby's football team had been left without	and thus lost all their games.	False	n/a	n/a
1914.8984375	0.2	980428	255	filler_word	141	62	2	delong	expected	a	an	coach	offense	98	0	6.0	3.3	Ever since Mr.Barnes had moved away Bobby's football team had been left without	and thus lost all their games.	False	n/a	n/a
1915.4296875	0.2	980700	255	filler_word	141	62	2	delong	expected	a	an	coach	offense	98	0	6.0	3.3	Ever since Mr.Barnes had moved away Bobby's football team had been left without	and thus lost all their games.	False	n/a	n/a
1915.958984375	0.2	980971	255	filler_word	141	62	2	delong	expected	a	an	coach	offense	98	0	6.0	3.3	Ever since Mr.Barnes had moved away Bobby's football team had been left without	and thus lost all their games.	False	n/a	n/a
1916.490234375	0.2	981243	255	filler_word	141	62	2	delong	expected	a	an	coach	offense	98	0	6.0	3.3	Ever since Mr.Barnes had moved away Bobby's football team had been left without	and thus lost all their games.	False	n/a	n/a
1917.021484375	0.2	981515	207	final_expected	141	62	2	delong	expected	a	an	coach	offense	98	0	6.0	3.3	Ever since Mr.Barnes had moved away Bobby's football team had been left without	and thus lost all their games.	False	n/a	n/a
1919.97265625	0.2	983026	255	filler_word	141	62	2	delong	expected	a	an	coach	offense	98	0	6.0	3.3	Ever since Mr.Barnes had moved away Bobby's football team had been left without	and thus lost all their games.	False	n/a	n/a
1920.50390625	0.2	983298	255	filler_word	141	62	2	delong	expected	a	an	coach	offense	98	0	6.0	3.3	Ever since Mr.Barnes had moved away Bobby's football team had been left without	and thus lost all their games.	False	n/a	n/a
1921.033203125	0.2	983569	255	filler_word	141	62	2	delong	expected	a	an	coach	offense	98	0	6.0	3.3	Ever since Mr.Barnes had moved away Bobby's football team had been left without	and thus lost all their games.	False	n/a	n/a
1921.564453125	0.2	983841	255	filler_word	141	62	2	delong	expected	a	an	coach	offense	98	0	6.0	3.3	Ever since Mr.Barnes had moved away Bobby's football team had been left without	and thus lost all their games.	False	n/a	n/a
1922.09375	0.2	984112	255	filler_word	141	62	2	delong	expected	a	an	coach	offense	98	0	6.0	3.3	Ever since Mr.Barnes had moved away Bobby's football team had been left without	and thus lost all their games.	False	n/a	n/a
1922.625	0.2	984384	255	filler_word	141	62	2	delong	expected	a	an	coach	offense	98	0	6.0	3.3	Ever since Mr.Barnes had moved away Bobby's football team had been left without	and thus lost all their games.	False	n/a	n/a
1923.154296875	0.2	984655	255	filler_word	141	62	2	delong	expected	a	an	coach	offense	98	0	6.0	3.3	Ever since Mr.Barnes had moved away Bobby's football team had been left without	and thus lost all their games.	False	n/a	n/a
1923.685546875	0.2	984927	255	filler_word	141	62	2	delong	expected	a	an	coach	offense	98	0	6.0	3.3	Ever since Mr.Barnes had moved away Bobby's football team had been left without	and thus lost all their games.	False	n/a	n/a
1924.216796875	0.2	985199	255	filler_word	141	62	2	delong	expected	a	an	coach	offense	98	0	6.0	3.3	Ever since Mr.Barnes had moved away Bobby's football team had been left without	and thus lost all their games.	False	n/a	n/a
1924.74609375	0.2	985470	255	filler_word	141	62	2	delong	expected	a	an	coach	offense	98	0	6.0	3.3	Ever since Mr.Barnes had moved away Bobby's football team had been left without	and thus lost all their games.	False	n/a	n/a
1925.27734375	0.2	985742	255	filler_word	141	62	2	delong	expected	a	an	coach	offense	98	0	6.0	3.3	Ever since Mr.Barnes had moved away Bobby's football team had been left without	and thus lost all their games.	False	n/a	n/a
1925.80859375	0.2	986014	255	filler_word	141	62	2	delong	expected	a	an	coach	offense	98	0	6.0	3.3	Ever since Mr.Barnes had moved away Bobby's football team had been left without	and thus lost all their games.	False	n/a	n/a
1926.33984375	0.2	986286	255	filler_word	141	62	2	delong	expected	a	an	coach	offense	98	0	6.0	3.3	Ever since Mr.Barnes had moved away Bobby's football team had been left without	and thus lost all their games.	False	n/a	n/a
1926.869140625	0.2	986557	255	filler_word	141	62	2	delong	expected	a	an	coach	offense	98	0	6.0	3.3	Ever since Mr.Barnes had moved away Bobby's football team had been left without	and thus lost all their games.	False	n/a	n/a
1927.400390625	0.2	986829	255	filler_word	141	62	2	delong	expected	a	an	coach	offense	98	0	6.0	3.3	Ever since Mr.Barnes had moved away Bobby's football team had been left without	and thus lost all their games.	False	n/a	n/a
1927.9296875	0.2	987100	255	filler_word	141	62	2	delong	expected	a	an	coach	offense	98	0	6.0	3.3	Ever since Mr.Barnes had moved away Bobby's football team had been left without	and thus lost all their games.	False	n/a	n/a
1928.4609375	0.2	987372	255	filler_word	141	62	2	delong	expected	a	an	coach	offense	98	0	6.0	3.3	Ever since Mr.Barnes had moved away Bobby's football team had been left without	and thus lost all their games.	False	n/a	n/a
1928.990234375	0.2	987643	255	filler_word	141	62	2	delong	expected	a	an	coach	offense	98	0	6.0	3.3	Ever since Mr.Barnes had moved away Bobby's football team had been left without	and thus lost all their games.	False	n/a	n/a
1929.521484375	0.2	987915	255	filler_word	141	62	2	delong	expected	a	an	coach	offense	98	0	6.0	3.3	Ever since Mr.Barnes had moved away Bobby's football team had been left without	and thus lost all their games.	False	n/a	n/a
1930.052734375	0.2	988187	204	an_unexpected	141	62	2	delong	expected	a	an	coach	offense	98	0	6.0	3.3	Ever since Mr.Barnes had moved away Bobby's football team had been left without	and thus lost all their games.	False	n/a	n/a
1930.3671875	0.0	988348	168	item_marker	142	68	2	delong	unexpected	a	an	cat	owl	82	18	6.1	4.3	Every time they went for walks Sylvia's dog Rex would break into a run as soon as he spotted	but luckily Rex couldn't climb trees.	False	n/a	n/a
1930.423828125	0.0	988377	18	cloze_marker	142	68	2	delong	unexpected	a	an	cat	owl	82	18	6.1	4.3	Every time they went for walks Sylvia's dog Rex would break into a run as soon as he spotted	but luckily Rex couldn't climb trees.	False	n/a	n/a
1930.6328125	0.2	988484	206	noun_unexpected	142	68	2	delong	unexpected	a	an	cat	owl	82	18	6.1	4.3	Every time they went for walks Sylvia's dog Rex would break into a run as soon as he spotted	but luckily Rex couldn't climb trees.	False	n/a	n/a
1930.947265625	0.0	988645	168	item_marker	143	68	2	delong	unexpected	a	an	cat	owl	82	18	6.1	4.3	Every time they went for walks Sylvia's dog Rex would break into a run as soon as he spotted	but luckily Rex couldn't climb trees.	False	n/a	n/a
1931.00390625	0.0	988674	10	cloze_marker	143	68	2	delong	unexpected	a	an	cat	owl	82	18	6.1	4.3	Every time they went for walks Sylvia's dog Rex would break into a run as soon as he spotted	but luckily Rex couldn't climb trees.	False	n/a	n/a
1931.212890625	0.2	988781	255	filler_word	143	68	2	delong	unexpected	a	an	cat	owl	82	18	6.1	4.3	Every time they went for walks Sylvia's dog Rex would break into a run as soon as he spotted	but luckily Rex couldn't climb trees.	False	n/a	n/a
1931.7421875	0.2	989052	255	filler_word	143	68	2	delong	unexpected	a	an	cat	owl	82	18	6.1	4.3	Every time they went for walks Sylvia's dog Rex would break into a run as soon as he spotted	but luckily Rex couldn't climb trees.	False	n/a	n/a
1932.2734375	0.2	989324	255	filler_word	143	68	2	delong	unexpected	a	an	cat	owl	82	18	6.1	4.3	Every time they went for walks Sylvia's dog Rex would break into a run as soon as he spotted	but luckily Rex couldn't climb trees.	False	n/a	n/a
1932.8046875	0.2	989596	255	filler_word	143	68	2	delong	unexpected	a	an	cat	owl	82	18	6.1	4.3	Every time they went for walks Sylvia's dog Rex would break into a run as soon as he spotted	but luckily Rex couldn't climb trees.	False	n/a	n/a
1933.3359375	0.2	989868	255	filler_word	143	68	2	delong	unexpected	a	an	cat	owl	82	18	6.1	4.3	Every time they went for walks Sylvia's dog Rex would break into a run as soon as he spotted	but luckily Rex couldn't climb trees.	False	n/a	n/a
1933.865234375	0.2	990139	208	final_unexpected	143	68	2	delong	unexpected	a	an	cat	owl	82	18	6.1	4.3	Every time they went for walks Sylvia's dog Rex would break into a run as soon as he spotted	but luckily Rex couldn't climb trees.	False	n/a	n/a
1937.03125	0.2	991760	255	filler_word	143	68	2	delong	unexpected	a	an	cat	owl	82	18	6.1	4.3	Every time they went for walks Sylvia's dog Rex would break into a run as soon as he spotted	but luckily Rex couldn't climb trees.	False	n/a	n/a
1937.5625	0.2	992032	255	filler_word	143	68	2	delong	unexpected	a	an	cat	owl	82	18	6.1	4.3	Every time they went for walks Sylvia's dog Rex would break into a run as soon as he spotted	but luckily Rex couldn't climb trees.	False	n/a	n/a
1938.09375	0.2	992304	255	filler_word	143	68	2	delong	unexpected	a	an	cat	owl	82	18	6.1	4.3	Every time they went for walks Sylvia's dog Rex would break into a run as soon as he spotted	but luckily Rex couldn't climb trees.	False	n/a	n/a
1938.623046875	0.2	992575	255	filler_word	143	68	2	delong	unexpected	a	an	cat	owl	82	18	6.1	4.3	Every time they went for walks Sylvia's dog Rex would break into a run as soon as he spotted	but luckily Rex couldn't climb trees.	False	n/a	n/a
1939.154296875	0.2	992847	255	filler_word	143	68	2	delong	unexpected	a	an	cat	owl	82	18	6.1	4.3	Every time they went for walks Sylvia's dog Rex would break into a run as soon as he spotted	but luckily Rex couldn't climb trees.	False	n/a	n/a
1939.685546875	0.2	993119	255	filler_word	143	68	2	delong	unexpected	a	an	cat	owl	82	18	6.1	4.3	Every time they went for walks Sylvia's dog Rex would break into a run as soon as he spotted	but luckily Rex couldn't climb trees.	False	n/a	n/a
1940.21484375	0.2	993390	255	filler_word	143	68	2	delong	unexpected	a	an	cat	owl	82	18	6.1	4.3	Every time they went for walks Sylvia's dog Rex would break into a run as soon as he spotted	but luckily Rex couldn't climb trees.	False	n/a	n/a
1940.74609375	0.2	993662	255	filler_word	143	68	2	delong	unexpected	a	an	cat	owl	82	18	6.1	4.3	Every time they went for walks Sylvia's dog Rex would break into a run as soon as he spotted	but luckily Rex couldn't climb trees.	False	n/a	n/a
1941.275390625	0.2	993933	255	filler_word	143	68	2	delong	unexpected	a	an	cat	owl	82	18	6.1	4.3	Every time they went for walks Sylvia's dog Rex would break into a run as soon as he spotted	but luckily Rex couldn't climb trees.	False	n/a	n/a
1941.806640625	0.2	994205	255	filler_word	143	68	2	delong	unexpected	a	an	cat	owl	82	18	6.1	4.3	Every time they went for walks Sylvia's dog Rex would break into a run as soon as he spotted	but luckily Rex couldn't climb trees.	False	n/a	n/a
1942.337890625	0.2	994477	255	filler_word	143	68	2	delong	unexpected	a	an	cat	owl	82	18	6.1	4.3	Every time they went for walks Sylvia's dog Rex would break into a run as soon as he spotted	but luckily Rex couldn't climb trees.	False	n/a	n/a
1942.8671875	0.2	994748	255	filler_word	143	68	2	delong	unexpected	a	an	cat	owl	82	18	6.1	4.3	Every time they went for walks Sylvia's dog Rex would break into a run as soon as he spotted	but luckily Rex couldn't climb trees.	False	n/a	n/a
1943.3984375	0.2	995020	255	filler_word	143	68	2	delong	unexpected	a	an	cat	owl	82	18	6.1	4.3	Every time they went for walks Sylvia's dog Rex would break into a run as soon as he spotted	but luckily Rex couldn't climb trees.	False	n/a	n/a
1943.9296875	0.2	995292	255	filler_word	143	68	2	delong	unexpected	a	an	cat	owl	82	18	6.1	4.3	Every time they went for walks Sylvia's dog Rex would break into a run as soon as he spotted	but luckily Rex couldn't climb trees.	False	n/a	n/a
1944.458984375	0.2	995563	255	filler_word	143	68	2	delong	unexpected	a	an	cat	owl	82	18	6.1	4.3	Every time they went for walks Sylvia's dog Rex would break into a run as soon as he spotted	but luckily Rex couldn't climb trees.	False	n/a	n/a
1944.990234375	0.2	995835	255	filler_word	143	68	2	delong	unexpected	a	an	cat	owl	82	18	6.1	4.3	Every time they went for walks Sylvia's dog Rex would break into a run as soon as he spotted	but luckily Rex couldn't climb trees.	False	n/a	n/a
1945.51953125	0.2	996106	255	filler_word	143	68	2	delong	unexpected	a	an	cat	owl	82	18	6.1	4.3	Every time they went for walks Sylvia's dog Rex would break into a run as soon as he spotted	but luckily Rex couldn't climb trees.	False	n/a	n/a
1946.05078125	0.2	996378	255	filler_word	143	68	2	delong	unexpected	a	an	cat	owl	82	18	6.1	4.3	Every time they went for walks Sylvia's dog Rex would break into a run as soon as he spotted	but luckily Rex couldn't climb trees.	False	n/a	n/a
1946.58203125	0.2	996650	255	filler_word	143	68	2	delong	unexpected	a	an	cat	owl	82	18	6.1	4.3	Every time they went for walks Sylvia's dog Rex would break into a run as soon as he spotted	but luckily Rex couldn't climb trees.	False	n/a	n/a
1947.111328125	0.2	996921	202	an_expected	143	68	2	delong	unexpected	a	an	cat	owl	82	18	6.1	4.3	Every time they went for walks Sylvia's dog Rex would break into a run as soon as he spotted	but luckily Rex couldn't climb trees.	False	n/a	n/a
1947.427734375	0.0	997083	177	item_marker	144	77	2	delong	expected	an	a	egg	window	70	0	6.07	1.84	Violet was just learning how to make an omelette so her father began by showing her how to crack	in the kitchen.	False	n/a	n/a
1947.482421875	0.0	997111	70	cloze_marker	144	77	2	delong	expected	an	a	egg	window	70	0	6.07	1.84	Violet was just learning how to make an omelette so her father began by showing her how to crack	in the kitchen.	False	n/a	n/a
1947.69140625	0.2	997218	205	noun_expected	144	77	2	delong	expected	an	a	egg	window	70	0	6.07	1.84	Violet was just learning how to make an omelette so her father began by showing her how to crack	in the kitchen.	False	n/a	n/a
1948.0078125	0.0	997380	177	item_marker	145	77	2	delong	expected	an	a	egg	window	70	0	6.07	1.84	Violet was just learning how to make an omelette so her father began by showing her how to crack	in the kitchen.	False	n/a	n/a
1948.0625	0.0	997408	100	cloze_marker	145	77	2	delong	expected	an	a	egg	window	70	0	6.07	1.84	Violet was just learning how to make an omelette so her father began by showing her how to crack	in the kitchen.	False	n/a	n/a
1948.271484375	0.2	997515	255	filler_word	145	77	2	delong	expected	an	a	egg	window	70	0	6.07	1.84	Violet was just learning how to make an omelette so her father began by showing her how to crack	in the kitchen.	False	n/a	n/a
1948.802734375	0.2	997787	255	filler_word	145	77	2	delong	expected	an	a	egg	window	70	0	6.07	1.84	Violet was just learning how to make an omelette so her father began by showing her how to crack	in the kitchen.	False	n/a	n/a
1949.333984375	0.2	998059	207	final_expected	145	77	2	delong	expected	an	a	egg	window	70	0	6.07	1.84	Violet was just learning how to make an omelette so her father began by showing her how to crack	in the kitchen.	False	n/a	n/a
1953.744140625	0.2	1000317	255	filler_word	145	77	2	delong	expected	an	a	egg	window	70	0	6.07	1.84	Violet was just learning how to make an omelette so her father began by showing her how to crack	in the kitchen.	False	n/a	n/a
1954.2734375	0.2	1000588	255	filler_word	145	77	2	delong	expected	an	a	egg	window	70	0	6.07	1.84	Violet was just learning how to make an omelette so her father began by showing her how to crack	in the kitchen.	False	n/a	n/a
1954.8046875	0.2	1000860	255	filler_word	145	77	2	delong	expected	an	a	egg	window	70	0	6.07	1.84	Violet was just learning how to make an omelette so her father began by showing her how to crack	in the kitchen.	False	n/a	n/a
1955.3359375	0.2	1001132	255	filler_word	145	77	2	delong	expected	an	a	egg	window	70	0	6.07	1.84	Violet was just learning how to make an omelette so her father began by showing her how to crack	in the kitchen.	False	n/a	n/a
1955.865234375	0.2	1001403	255	filler_word	145	77	2	delong	expected	an	a	egg	window	70	0	6.07	1.84	Violet was just learning how to make an omelette so her father began by showing her how to crack	in the kitchen.	False	n/a	n/a
1956.396484375	0.2	1001675	255	filler_word	145	77	2	delong	expected	an	a	egg	window	70	0	6.07	1.84	Violet was just learning how to make an omelette so her father began by showing her how to crack	in the kitchen.	False	n/a	n/a
1956.92578125	0.2	1001946	255	filler_word	145	77	2	delong	expected	an	a	egg	window	70	0	6.07	1.84	Violet was just learning how to make an omelette so her father began by showing her how to crack	in the kitchen.	False	n/a	n/a
1957.45703125	0.2	1002218	255	filler_word	145	77	2	delong	expected	an	a	egg	window	70	0	6.07	1.84	Violet was just learning how to make an omelette so her father began by showing her how to crack	in the kitchen.	False	n/a	n/a
1957.98828125	0.2	1002490	255	filler_word	145	77	2	delong	expected	an	a	egg	window	70	0	6.07	1.84	Violet was just learning how to make an omelette so her father began by showing her how to crack	in the kitchen.	False	n/a	n/a
1958.517578125	0.2	1002761	255	filler_word	145	77	2	delong	expected	an	a	egg	window	70	0	6.07	1.84	Violet was just learning how to make an omelette so her father began by showing her how to crack	in the kitchen.	False	n/a	n/a
1959.048828125	0.2	1003033	255	filler_word	145	77	2	delong	expected	an	a	egg	window	70	0	6.07	1.84	Violet was just learning how to make an omelette so her father began by showing her how to crack	in the kitchen.	False	n/a	n/a
1959.578125	0.2	1003304	255	filler_word	145	77	2	delong	expected	an	a	egg	window	70	0	6.07	1.84	Violet was just learning how to make an omelette so her father began by showing her how to crack	in the kitchen.	False	n/a	n/a
1960.109375	0.2	1003576	255	filler_word	145	77	2	delong	expected	an	a	egg	window	70	0	6.07	1.84	Violet was just learning how to make an omelette so her father began by showing her how to crack	in the kitchen.	False	n/a	n/a
1960.640625	0.2	1003848	255	filler_word	145	77	2	delong	expected	an	a	egg	window	70	0	6.07	1.84	Violet was just learning how to make an omelette so her father began by showing her how to crack	in the kitchen.	False	n/a	n/a
1961.171875	0.2	1004120	255	filler_word	145	77	2	delong	expected	an	a	egg	window	70	0	6.07	1.84	Violet was just learning how to make an omelette so her father began by showing her how to crack	in the kitchen.	False	n/a	n/a
1961.701171875	0.2	1004391	204	an_unexpected	145	77	2	delong	expected	an	a	egg	window	70	0	6.07	1.84	Violet was just learning how to make an omelette so her father began by showing her how to crack	in the kitchen.	False	n/a	n/a
1962.017578125	0.0	1004553	172	item_marker	146	72	2	delong	unexpected	a	an	compliment	order	73	0	5.97	3.68	Marcy did not deal well with praise and had never really learned how to take	even from her friends.	False	n/a	n/a
1962.072265625	0.0	1004581	200	cloze_marker	146	72	2	delong	unexpected	a	an	compliment	order	73	0	5.97	3.68	Marcy did not deal well with praise and had never really learned how to take	even from her friends.	False	n/a	n/a
1962.28125	0.2	1004688	206	noun_unexpected	146	72	2	delong	unexpected	a	an	compliment	order	73	0	5.97	3.68	Marcy did not deal well with praise and had never really learned how to take	even from her friends.	False	n/a	n/a
1962.59765625	0.0	1004850	172	item_marker	147	72	2	delong	unexpected	a	an	compliment	order	73	0	5.97	3.68	Marcy did not deal well with praise and had never really learned how to take	even from her friends.	False	n/a	n/a
1962.65234375	0.0	1004878	200	cloze_marker	147	72	2	delong	unexpected	a	an	compliment	order	73	0	5.97	3.68	Marcy did not deal well with praise and had never really learned how to take	even from her friends.	False	n/a	n/a
1962.861328125	0.2	1004985	255	filler_word	147	72	2	delong	unexpected	a	an	compliment	order	73	0	5.97	3.68	Marcy did not deal well with praise and had never really learned how to take	even from her friends.	False	n/a	n/a
1963.392578125	0.2	1005257	255	filler_word	147	72	2	delong	unexpected	a	an	compliment	order	73	0	5.97	3.68	Marcy did not deal well with praise and had never really learned how to take	even from her friends.	False	n/a	n/a
1963.923828125	0.2	1005529	255	filler_word	147	72	2	delong	unexpected	a	an	compliment	order	73	0	5.97	3.68	Marcy did not deal well with praise and had never really learned how to take	even from her friends.	False	n/a	n/a
1964.453125	0.2	1005800	208	final_unexpected	147	72	2	delong	unexpected	a	an	compliment	order	73	0	5.97	3.68	Marcy did not deal well with praise and had never really learned how to take	even from her friends.	False	n/a	n/a
1969.52734375	0.2	1008398	255	filler_word	147	72	2	delong	unexpected	a	an	compliment	order	73	0	5.97	3.68	Marcy did not deal well with praise and had never really learned how to take	even from her friends.	False	n/a	n/a
1970.056640625	0.2	1008669	255	filler_word	147	72	2	delong	unexpected	a	an	compliment	order	73	0	5.97	3.68	Marcy did not deal well with praise and had never really learned how to take	even from her friends.	False	n/a	n/a
1970.587890625	0.2	1008941	255	filler_word	147	72	2	delong	unexpected	a	an	compliment	order	73	0	5.97	3.68	Marcy did not deal well with praise and had never really learned how to take	even from her friends.	False	n/a	n/a
1971.1171875	0.2	1009212	255	filler_word	147	72	2	delong	unexpected	a	an	compliment	order	73	0	5.97	3.68	Marcy did not deal well with praise and had never really learned how to take	even from her friends.	False	n/a	n/a
1971.6484375	0.2	1009484	255	filler_word	147	72	2	delong	unexpected	a	an	compliment	order	73	0	5.97	3.68	Marcy did not deal well with praise and had never really learned how to take	even from her friends.	False	n/a	n/a
1972.1796875	0.2	1009756	255	filler_word	147	72	2	delong	unexpected	a	an	compliment	order	73	0	5.97	3.68	Marcy did not deal well with praise and had never really learned how to take	even from her friends.	False	n/a	n/a
1972.7109375	0.2	1010028	255	filler_word	147	72	2	delong	unexpected	a	an	compliment	order	73	0	5.97	3.68	Marcy did not deal well with praise and had never really learned how to take	even from her friends.	False	n/a	n/a
1973.240234375	0.2	1010299	255	filler_word	147	72	2	delong	unexpected	a	an	compliment	order	73	0	5.97	3.68	Marcy did not deal well with praise and had never really learned how to take	even from her friends.	False	n/a	n/a
1973.771484375	0.2	1010571	255	filler_word	147	72	2	delong	unexpected	a	an	compliment	order	73	0	5.97	3.68	Marcy did not deal well with praise and had never really learned how to take	even from her friends.	False	n/a	n/a
1974.30078125	0.2	1010842	255	filler_word	147	72	2	delong	unexpected	a	an	compliment	order	73	0	5.97	3.68	Marcy did not deal well with praise and had never really learned how to take	even from her friends.	False	n/a	n/a
1974.83203125	0.2	1011114	255	filler_word	147	72	2	delong	unexpected	a	an	compliment	order	73	0	5.97	3.68	Marcy did not deal well with praise and had never really learned how to take	even from her friends.	False	n/a	n/a
1975.361328125	0.2	1011385	255	filler_word	147	72	2	delong	unexpected	a	an	compliment	order	73	0	5.97	3.68	Marcy did not deal well with praise and had never really learned how to take	even from her friends.	False	n/a	n/a
1975.892578125	0.2	1011657	255	filler_word	147	72	2	delong	unexpected	a	an	compliment	order	73	0	5.97	3.68	Marcy did not deal well with praise and had never really learned how to take	even from her friends.	False	n/a	n/a
1976.423828125	0.2	1011929	255	filler_word	147	72	2	delong	unexpected	a	an	compliment	order	73	0	5.97	3.68	Marcy did not deal well with praise and had never really learned how to take	even from her friends.	False	n/a	n/a
1976.955078125	0.2	1012201	255	filler_word	147	72	2	delong	unexpected	a	an	compliment	order	73	0	5.97	3.68	Marcy did not deal well with praise and had never really learned how to take	even from her friends.	False	n/a	n/a
1977.484375	0.2	1012472	255	filler_word	147	72	2	delong	unexpected	a	an	compliment	order	73	0	5.97	3.68	Marcy did not deal well with praise and had never really learned how to take	even from her friends.	False	n/a	n/a
1978.015625	0.2	1012744	255	filler_word	147	72	2	delong	unexpected	a	an	compliment	order	73	0	5.97	3.68	Marcy did not deal well with praise and had never really learned how to take	even from her friends.	False	n/a	n/a
1978.544921875	0.2	1013015	255	filler_word	147	72	2	delong	unexpected	a	an	compliment	order	73	0	5.97	3.68	Marcy did not deal well with praise and had never really learned how to take	even from her friends.	False	n/a	n/a
1979.076171875	0.2	1013287	255	filler_word	147	72	2	delong	unexpected	a	an	compliment	order	73	0	5.97	3.68	Marcy did not deal well with praise and had never really learned how to take	even from her friends.	False	n/a	n/a
1979.60546875	0.2	1013558	255	filler_word	147	72	2	delong	unexpected	a	an	compliment	order	73	0	5.97	3.68	Marcy did not deal well with praise and had never really learned how to take	even from her friends.	False	n/a	n/a
1980.13671875	0.2	1013830	255	filler_word	147	72	2	delong	unexpected	a	an	compliment	order	73	0	5.97	3.68	Marcy did not deal well with praise and had never really learned how to take	even from her friends.	False	n/a	n/a
1980.66796875	0.2	1014102	255	filler_word	147	72	2	delong	unexpected	a	an	compliment	order	73	0	5.97	3.68	Marcy did not deal well with praise and had never really learned how to take	even from her friends.	False	n/a	n/a
1981.197265625	0.2	1014373	255	filler_word	147	72	2	delong	unexpected	a	an	compliment	order	73	0	5.97	3.68	Marcy did not deal well with praise and had never really learned how to take	even from her friends.	False	n/a	n/a
1981.728515625	0.2	1014645	255	filler_word	147	72	2	delong	unexpected	a	an	compliment	order	73	0	5.97	3.68	Marcy did not deal well with praise and had never really learned how to take	even from her friends.	False	n/a	n/a
1982.259765625	0.2	1014917	203	a_unexpected	147	72	2	delong	unexpected	a	an	compliment	order	73	0	5.97	3.68	Marcy did not deal well with praise and had never really learned how to take	even from her friends.	False	n/a	n/a
1982.57421875	0.0	1015078	171	item_marker	148	71	2	delong	unexpected	an	a	order	compliment	57	0	5.8	3.16	The waitress at the next table was trying to scribble everything down but it was obvious that she did not know how to take	from her customers.	False	n/a	n/a
1982.630859375	0.0	1015107	200	cloze_marker	148	71	2	delong	unexpected	an	a	order	compliment	57	0	5.8	3.16	The waitress at the next table was trying to scribble everything down but it was obvious that she did not know how to take	from her customers.	False	n/a	n/a
1982.83984375	0.2	1015214	206	noun_unexpected	148	71	2	delong	unexpected	an	a	order	compliment	57	0	5.8	3.16	The waitress at the next table was trying to scribble everything down but it was obvious that she did not know how to take	from her customers.	False	n/a	n/a
1983.154296875	0.0	1015375	171	item_marker	149	71	2	delong	unexpected	an	a	order	compliment	57	0	5.8	3.16	The waitress at the next table was trying to scribble everything down but it was obvious that she did not know how to take	from her customers.	False	n/a	n/a
1983.2109375	0.0	1015404	200	cloze_marker	149	71	2	delong	unexpected	an	a	order	compliment	57	0	5.8	3.16	The waitress at the next table was trying to scribble everything down but it was obvious that she did not know how to take	from her customers.	False	n/a	n/a
1983.419921875	0.2	1015511	255	filler_word	149	71	2	delong	unexpected	an	a	order	compliment	57	0	5.8	3.16	The waitress at the next table was trying to scribble everything down but it was obvious that she did not know how to take	from her customers.	False	n/a	n/a
1983.94921875	0.2	1015782	255	filler_word	149	71	2	delong	unexpected	an	a	order	compliment	57	0	5.8	3.16	The waitress at the next table was trying to scribble everything down but it was obvious that she did not know how to take	from her customers.	False	n/a	n/a
1984.48046875	0.2	1016054	208	final_unexpected	149	71	2	delong	unexpected	an	a	order	compliment	57	0	5.8	3.16	The waitress at the next table was trying to scribble everything down but it was obvious that she did not know how to take	from her customers.	False	n/a	n/a
1989.173828125	0.2	1018457	255	filler_word	149	71	2	delong	unexpected	an	a	order	compliment	57	0	5.8	3.16	The waitress at the next table was trying to scribble everything down but it was obvious that she did not know how to take	from her customers.	False	n/a	n/a
1989.703125	0.2	1018728	255	filler_word	149	71	2	delong	unexpected	an	a	order	compliment	57	0	5.8	3.16	The waitress at the next table was trying to scribble everything down but it was obvious that she did not know how to take	from her customers.	False	n/a	n/a
1990.232421875	0.2	1018999	255	filler_word	149	71	2	delong	unexpected	an	a	order	compliment	57	0	5.8	3.16	The waitress at the next table was trying to scribble everything down but it was obvious that she did not know how to take	from her customers.	False	n/a	n/a
1990.763671875	0.2	1019271	255	filler_word	149	71	2	delong	unexpected	an	a	order	compliment	57	0	5.8	3.16	The waitress at the next table was trying to scribble everything down but it was obvious that she did not know how to take	from her customers.	False	n/a	n/a
1991.294921875	0.2	1019543	255	filler_word	149	71	2	delong	unexpected	an	a	order	compliment	57	0	5.8	3.16	The waitress at the next table was trying to scribble everything down but it was obvious that she did not know how to take	from her customers.	False	n/a	n/a
1991.826171875	0.2	1019815	255	filler_word	149	71	2	delong	unexpected	an	a	order	compliment	57	0	5.8	3.16	The waitress at the next table was trying to scribble everything down but it was obvious that she did not know how to take	from her customers.	False	n/a	n/a
1992.35546875	0.2	1020086	255	filler_word	149	71	2	delong	unexpected	an	a	order	compliment	57	0	5.8	3.16	The waitress at the next table was trying to scribble everything down but it was obvious that she did not know how to take	from her customers.	False	n/a	n/a
1992.88671875	0.2	1020358	255	filler_word	149	71	2	delong	unexpected	an	a	order	compliment	57	0	5.8	3.16	The waitress at the next table was trying to scribble everything down but it was obvious that she did not know how to take	from her customers.	False	n/a	n/a
1993.41796875	0.2	1020630	255	filler_word	149	71	2	delong	unexpected	an	a	order	compliment	57	0	5.8	3.16	The waitress at the next table was trying to scribble everything down but it was obvious that she did not know how to take	from her customers.	False	n/a	n/a
1993.947265625	0.2	1020901	255	filler_word	149	71	2	delong	unexpected	an	a	order	compliment	57	0	5.8	3.16	The waitress at the next table was trying to scribble everything down but it was obvious that she did not know how to take	from her customers.	False	n/a	n/a
1994.478515625	0.2	1021173	255	filler_word	149	71	2	delong	unexpected	an	a	order	compliment	57	0	5.8	3.16	The waitress at the next table was trying to scribble everything down but it was obvious that she did not know how to take	from her customers.	False	n/a	n/a
1995.0078125	0.2	1021444	255	filler_word	149	71	2	delong	unexpected	an	a	order	compliment	57	0	5.8	3.16	The waitress at the next table was trying to scribble everything down but it was obvious that she did not know how to take	from her customers.	False	n/a	n/a
1995.5390625	0.2	1021716	255	filler_word	149	71	2	delong	unexpected	an	a	order	compliment	57	0	5.8	3.16	The waitress at the next table was trying to scribble everything down but it was obvious that she did not know how to take	from her customers.	False	n/a	n/a
1996.068359375	0.2	1021987	255	filler_word	149	71	2	delong	unexpected	an	a	order	compliment	57	0	5.8	3.16	The waitress at the next table was trying to scribble everything down but it was obvious that she did not know how to take	from her customers.	False	n/a	n/a
1996.599609375	0.2	1022259	255	filler_word	149	71	2	delong	unexpected	an	a	order	compliment	57	0	5.8	3.16	The waitress at the next table was trying to scribble everything down but it was obvious that she did not know how to take	from her customers.	False	n/a	n/a
1997.130859375	0.2	1022531	202	an_expected	149	71	2	delong	unexpected	an	a	order	compliment	57	0	5.8	3.16	The waitress at the next table was trying to scribble everything down but it was obvious that she did not know how to take	from her customers.	False	n/a	n/a
1997.4453125	0.0	1022692	161	item_marker	150	61	2	delong	expected	an	a	offense	coach	70	18	5.32	3.33	Although the basketball team's defence was very strong they did not have so much of	since the middle of the season.	False	n/a	n/a
1997.501953125	0.0	1022721	70	cloze_marker	150	61	2	delong	expected	an	a	offense	coach	70	18	5.32	3.33	Although the basketball team's defence was very strong they did not have so much of	since the middle of the season.	False	n/a	n/a
1997.7109375	0.2	1022828	205	noun_expected	150	61	2	delong	expected	an	a	offense	coach	70	18	5.32	3.33	Although the basketball team's defence was very strong they did not have so much of	since the middle of the season.	False	n/a	n/a
1998.025390625	0.0	1022989	161	item_marker	151	61	2	delong	expected	an	a	offense	coach	70	18	5.32	3.33	Although the basketball team's defence was very strong they did not have so much of	since the middle of the season.	False	n/a	n/a
1998.08203125	0.0	1023018	34	cloze_marker	151	61	2	delong	expected	an	a	offense	coach	70	18	5.32	3.33	Although the basketball team's defence was very strong they did not have so much of	since the middle of the season.	False	n/a	n/a
1998.291015625	0.2	1023125	255	filler_word	151	61	2	delong	expected	an	a	offense	coach	70	18	5.32	3.33	Although the basketball team's defence was very strong they did not have so much of	since the middle of the season.	False	n/a	n/a
1998.8203125	0.2	1023396	255	filler_word	151	61	2	delong	expected	an	a	offense	coach	70	18	5.32	3.33	Although the basketball team's defence was very strong they did not have so much of	since the middle of the season.	False	n/a	n/a
1999.3515625	0.2	1023668	255	filler_word	151	61	2	delong	expected	an	a	offense	coach	70	18	5.32	3.33	Although the basketball team's defence was very strong they did not have so much of	since the middle of the season.	False	n/a	n/a
1999.8828125	0.2	1023940	255	filler_word	151	61	2	delong	expected	an	a	offense	coach	70	18	5.32	3.33	Although the basketball team's defence was very strong they did not have so much of	since the middle of the season.	False	n/a	n/a
2000.4140625	0.2	1024212	255	filler_word	151	61	2	delong	expected	an	a	offense	coach	70	18	5.32	3.33	Although the basketball team's defence was very strong they did not have so much of	since the middle of the season.	False	n/a	n/a
2000.943359375	0.2	1024483	207	final_expected	151	61	2	delong	expected	an	a	offense	coach	70	18	5.32	3.33	Although the basketball team's defence was very strong they did not have so much of	since the middle of the season.	False	n/a	n/a
2004.474609375	0.2	1026291	255	filler_word	151	61	2	delong	expected	an	a	offense	coach	70	18	5.32	3.33	Although the basketball team's defence was very strong they did not have so much of	since the middle of the season.	False	n/a	n/a
2005.005859375	0.2	1026563	255	filler_word	151	61	2	delong	expected	an	a	offense	coach	70	18	5.32	3.33	Although the basketball team's defence was very strong they did not have so much of	since the middle of the season.	False	n/a	n/a
2005.537109375	0.2	1026835	255	filler_word	151	61	2	delong	expected	an	a	offense	coach	70	18	5.32	3.33	Although the basketball team's defence was very strong they did not have so much of	since the middle of the season.	False	n/a	n/a
2006.06640625	0.2	1027106	255	filler_word	151	61	2	delong	expected	an	a	offense	coach	70	18	5.32	3.33	Although the basketball team's defence was very strong they did not have so much of	since the middle of the season.	False	n/a	n/a
2006.59765625	0.2	1027378	255	filler_word	151	61	2	delong	expected	an	a	offense	coach	70	18	5.32	3.33	Although the basketball team's defence was very strong they did not have so much of	since the middle of the season.	False	n/a	n/a
2007.126953125	0.2	1027649	255	filler_word	151	61	2	delong	expected	an	a	offense	coach	70	18	5.32	3.33	Although the basketball team's defence was very strong they did not have so much of	since the middle of the season.	False	n/a	n/a
2007.658203125	0.2	1027921	255	filler_word	151	61	2	delong	expected	an	a	offense	coach	70	18	5.32	3.33	Although the basketball team's defence was very strong they did not have so much of	since the middle of the season.	False	n/a	n/a
2008.1875	0.2	1028192	255	filler_word	151	61	2	delong	expected	an	a	offense	coach	70	18	5.32	3.33	Although the basketball team's defence was very strong they did not have so much of	since the middle of the season.	False	n/a	n/a
2008.71875	0.2	1028464	255	filler_word	151	61	2	delong	expected	an	a	offense	coach	70	18	5.32	3.33	Although the basketball team's defence was very strong they did not have so much of	since the middle of the season.	False	n/a	n/a
2009.25	0.2	1028736	255	filler_word	151	61	2	delong	expected	an	a	offense	coach	70	18	5.32	3.33	Although the basketball team's defence was very strong they did not have so much of	since the middle of the season.	False	n/a	n/a
2009.78125	0.2	1029008	255	filler_word	151	61	2	delong	expected	an	a	offense	coach	70	18	5.32	3.33	Although the basketball team's defence was very strong they did not have so much of	since the middle of the season.	False	n/a	n/a
2010.310546875	0.2	1029279	255	filler_word	151	61	2	delong	expected	an	a	offense	coach	70	18	5.32	3.33	Although the basketball team's defence was very strong they did not have so much of	since the middle of the season.	False	n/a	n/a
2010.841796875	0.2	1029551	255	filler_word	151	61	2	delong	expected	an	a	offense	coach	70	18	5.32	3.33	Although the basketball team's defence was very strong they did not have so much of	since the middle of the season.	False	n/a	n/a
2011.37109375	0.2	1029822	255	filler_word	151	61	2	delong	expected	an	a	offense	coach	70	18	5.32	3.33	Although the basketball team's defence was very strong they did not have so much of	since the middle of the season.	False	n/a	n/a
2011.90234375	0.2	1030094	255	filler_word	151	61	2	delong	expected	an	a	offense	coach	70	18	5.32	3.33	Although the basketball team's defence was very strong they did not have so much of	since the middle of the season.	False	n/a	n/a
2012.431640625	0.2	1030365	255	filler_word	151	61	2	delong	expected	an	a	offense	coach	70	18	5.32	3.33	Although the basketball team's defence was very strong they did not have so much of	since the middle of the season.	False	n/a	n/a
2012.962890625	0.2	1030637	255	filler_word	151	61	2	delong	expected	an	a	offense	coach	70	18	5.32	3.33	Although the basketball team's defence was very strong they did not have so much of	since the middle of the season.	False	n/a	n/a
2013.494140625	0.2	1030909	255	filler_word	151	61	2	delong	expected	an	a	offense	coach	70	18	5.32	3.33	Although the basketball team's defence was very strong they did not have so much of	since the middle of the season.	False	n/a	n/a
2014.0234375	0.2	1031180	255	filler_word	151	61	2	delong	expected	an	a	offense	coach	70	18	5.32	3.33	Although the basketball team's defence was very strong they did not have so much of	since the middle of the season.	False	n/a	n/a
2014.5546875	0.2	1031452	255	filler_word	151	61	2	delong	expected	an	a	offense	coach	70	18	5.32	3.33	Although the basketball team's defence was very strong they did not have so much of	since the middle of the season.	False	n/a	n/a
2015.0859375	0.2	1031724	255	filler_word	151	61	2	delong	expected	an	a	offense	coach	70	18	5.32	3.33	Although the basketball team's defence was very strong they did not have so much of	since the middle of the season.	False	n/a	n/a
2015.6171875	0.2	1031996	255	filler_word	151	61	2	delong	expected	an	a	offense	coach	70	18	5.32	3.33	Although the basketball team's defence was very strong they did not have so much of	since the middle of the season.	False	n/a	n/a
2016.146484375	0.2	1032267	201	a_expected	151	61	2	delong	expected	an	a	offense	coach	70	18	5.32	3.33	Although the basketball team's defence was very strong they did not have so much of	since the middle of the season.	False	n/a	n/a
2016.462890625	0.0	1032429	170	item_marker	152	70	2	delong	expected	a	an	mirage	ocean	68	16	6.1	3.97	As the men stumbled across the desert they thought they saw an oasis on the horizon but it turned out to be	so they continued walking.	True	Was there an oasis on the horizon?	no
2016.517578125	0.0	1032457	68	cloze_marker	152	70	2	delong	expected	a	an	mirage	ocean	68	16	6.1	3.97	As the men stumbled across the desert they thought they saw an oasis on the horizon but it turned out to be	so they continued walking.	True	Was there an oasis on the horizon?	no
2016.7265625	0.2	1032564	205	noun_expected	152	70	2	delong	expected	a	an	mirage	ocean	68	16	6.1	3.97	As the men stumbled across the desert they thought they saw an oasis on the horizon but it turned out to be	so they continued walking.	True	Was there an oasis on the horizon?	no
2017.04296875	0.0	1032726	170	item_marker	153	70	2	delong	expected	a	an	mirage	ocean	68	16	6.1	3.97	As the men stumbled across the desert they thought they saw an oasis on the horizon but it turned out to be	so they continued walking.	True	Was there an oasis on the horizon?	no
2017.09765625	0.0	1032754	57	cloze_marker	153	70	2	delong	expected	a	an	mirage	ocean	68	16	6.1	3.97	As the men stumbled across the desert they thought they saw an oasis on the horizon but it turned out to be	so they continued walking.	True	Was there an oasis on the horizon?	no
2017.306640625	0.2	1032861	255	filler_word	153	70	2	delong	expected	a	an	mirage	ocean	68	16	6.1	3.97	As the men stumbled across the desert they thought they saw an oasis on the horizon but it turned out to be	so they continued walking.	True	Was there an oasis on the horizon?	no
2017.837890625	0.2	1033133	255	filler_word	153	70	2	delong	expected	a	an	mirage	ocean	68	16	6.1	3.97	As the men stumbled across the desert they thought they saw an oasis on the horizon but it turned out to be	so they continued walking.	True	Was there an oasis on the horizon?	no
2018.369140625	0.2	1033405	255	filler_word	153	70	2	delong	expected	a	an	mirage	ocean	68	16	6.1	3.97	As the men stumbled across the desert they thought they saw an oasis on the horizon but it turned out to be	so they continued walking.	True	Was there an oasis on the horizon?	no
2018.8984375	0.2	1033676	207	final_expected	153	70	2	delong	expected	a	an	mirage	ocean	68	16	6.1	3.97	As the men stumbled across the desert they thought they saw an oasis on the horizon but it turned out to be	so they continued walking.	True	Was there an oasis on the horizon?	no
2048.2265625	0.0	1048692	251	question	153	70	2	delong	expected	a	an	mirage	ocean	68	16	6.1	3.97	As the men stumbled across the desert they thought they saw an oasis on the horizon but it turned out to be	so they continued walking.	True	Was there an oasis on the horizon?	no
2050.779296875	0.2	1049999	255	filler_word	153	70	2	delong	expected	a	an	mirage	ocean	68	16	6.1	3.97	As the men stumbled across the desert they thought they saw an oasis on the horizon but it turned out to be	so they continued walking.	True	Was there an oasis on the horizon?	no
2051.310546875	0.2	1050271	255	filler_word	153	70	2	delong	expected	a	an	mirage	ocean	68	16	6.1	3.97	As the men stumbled across the desert they thought they saw an oasis on the horizon but it turned out to be	so they continued walking.	True	Was there an oasis on the horizon?	no
2051.83984375	0.2	1050542	255	filler_word	153	70	2	delong	expected	a	an	mirage	ocean	68	16	6.1	3.97	As the men stumbled across the desert they thought they saw an oasis on the horizon but it turned out to be	so they continued walking.	True	Was there an oasis on the horizon?	no
2052.37109375	0.2	1050814	255	filler_word	153	70	2	delong	expected	a	an	mirage	ocean	68	16	6.1	3.97	As the men stumbled across the desert they thought they saw an oasis on the horizon but it turned out to be	so they continued walking.	True	Was there an oasis on the horizon?	no
2052.90234375	0.2	1051086	255	filler_word	153	70	2	delong	expected	a	an	mirage	ocean	68	16	6.1	3.97	As the men stumbled across the desert they thought they saw an oasis on the horizon but it turned out to be	so they continued walking.	True	Was there an oasis on the horizon?	no
2053.431640625	0.2	1051357	255	filler_word	153	70	2	delong	expected	a	an	mirage	ocean	68	16	6.1	3.97	As the men stumbled across the desert they thought they saw an oasis on the horizon but it turned out to be	so they continued walking.	True	Was there an oasis on the horizon?	no
2053.962890625	0.2	1051629	255	filler_word	153	70	2	delong	expected	a	an	mirage	ocean	68	16	6.1	3.97	As the men stumbled across the desert they thought they saw an oasis on the horizon but it turned out to be	so they continued walking.	True	Was there an oasis on the horizon?	no
2054.494140625	0.2	1051901	255	filler_word	153	70	2	delong	expected	a	an	mirage	ocean	68	16	6.1	3.97	As the men stumbled across the desert they thought they saw an oasis on the horizon but it turned out to be	so they continued walking.	True	Was there an oasis on the horizon?	no
2055.0234375	0.2	1052172	255	filler_word	153	70	2	delong	expected	a	an	mirage	ocean	68	16	6.1	3.97	As the men stumbled across the desert they thought they saw an oasis on the horizon but it turned out to be	so they continued walking.	True	Was there an oasis on the horizon?	no
2055.5546875	0.2	1052444	255	filler_word	153	70	2	delong	expected	a	an	mirage	ocean	68	16	6.1	3.97	As the men stumbled across the desert they thought they saw an oasis on the horizon but it turned out to be	so they continued walking.	True	Was there an oasis on the horizon?	no
2056.0859375	0.2	1052716	255	filler_word	153	70	2	delong	expected	a	an	mirage	ocean	68	16	6.1	3.97	As the men stumbled across the desert they thought they saw an oasis on the horizon but it turned out to be	so they continued walking.	True	Was there an oasis on the horizon?	no
2056.615234375	0.2	1052987	255	filler_word	153	70	2	delong	expected	a	an	mirage	ocean	68	16	6.1	3.97	As the men stumbled across the desert they thought they saw an oasis on the horizon but it turned out to be	so they continued walking.	True	Was there an oasis on the horizon?	no
2057.146484375	0.2	1053259	255	filler_word	153	70	2	delong	expected	a	an	mirage	ocean	68	16	6.1	3.97	As the men stumbled across the desert they thought they saw an oasis on the horizon but it turned out to be	so they continued walking.	True	Was there an oasis on the horizon?	no
2057.67578125	0.2	1053530	255	filler_word	153	70	2	delong	expected	a	an	mirage	ocean	68	16	6.1	3.97	As the men stumbled across the desert they thought they saw an oasis on the horizon but it turned out to be	so they continued walking.	True	Was there an oasis on the horizon?	no
2058.20703125	0.2	1053802	255	filler_word	153	70	2	delong	expected	a	an	mirage	ocean	68	16	6.1	3.97	As the men stumbled across the desert they thought they saw an oasis on the horizon but it turned out to be	so they continued walking.	True	Was there an oasis on the horizon?	no
2058.73828125	0.2	1054074	255	filler_word	153	70	2	delong	expected	a	an	mirage	ocean	68	16	6.1	3.97	As the men stumbled across the desert they thought they saw an oasis on the horizon but it turned out to be	so they continued walking.	True	Was there an oasis on the horizon?	no
2059.267578125	0.2	1054345	255	filler_word	153	70	2	delong	expected	a	an	mirage	ocean	68	16	6.1	3.97	As the men stumbled across the desert they thought they saw an oasis on the horizon but it turned out to be	so they continued walking.	True	Was there an oasis on the horizon?	no
2059.798828125	0.2	1054617	255	filler_word	153	70	2	delong	expected	a	an	mirage	ocean	68	16	6.1	3.97	As the men stumbled across the desert they thought they saw an oasis on the horizon but it turned out to be	so they continued walking.	True	Was there an oasis on the horizon?	no
2060.330078125	0.2	1054889	255	filler_word	153	70	2	delong	expected	a	an	mirage	ocean	68	16	6.1	3.97	As the men stumbled across the desert they thought they saw an oasis on the horizon but it turned out to be	so they continued walking.	True	Was there an oasis on the horizon?	no
2060.859375	0.2	1055160	255	filler_word	153	70	2	delong	expected	a	an	mirage	ocean	68	16	6.1	3.97	As the men stumbled across the desert they thought they saw an oasis on the horizon but it turned out to be	so they continued walking.	True	Was there an oasis on the horizon?	no
2061.390625	0.2	1055432	255	filler_word	153	70	2	delong	expected	a	an	mirage	ocean	68	16	6.1	3.97	As the men stumbled across the desert they thought they saw an oasis on the horizon but it turned out to be	so they continued walking.	True	Was there an oasis on the horizon?	no
2061.919921875	0.2	1055703	255	filler_word	153	70	2	delong	expected	a	an	mirage	ocean	68	16	6.1	3.97	As the men stumbled across the desert they thought they saw an oasis on the horizon but it turned out to be	so they continued walking.	True	Was there an oasis on the horizon?	no
2062.451171875	0.2	1055975	255	filler_word	153	70	2	delong	expected	a	an	mirage	ocean	68	16	6.1	3.97	As the men stumbled across the desert they thought they saw an oasis on the horizon but it turned out to be	so they continued walking.	True	Was there an oasis on the horizon?	no
2062.982421875	0.2	1056247	204	an_unexpected	153	70	2	delong	expected	a	an	mirage	ocean	68	16	6.1	3.97	As the men stumbled across the desert they thought they saw an oasis on the horizon but it turned out to be	so they continued walking.	True	Was there an oasis on the horizon?	no
2063.296875	0.0	1056408	180	item_marker	154	80	2	delong	unexpected	a	an	tourist	alien	95	5	5.9	2.07	With his khaki shorts and his loud Hawaiian shirt and the camera around his neck you could definitely tell that the man was	in the country.	False	n/a	n/a
2063.3515625	0.0	1056436	5	cloze_marker	154	80	2	delong	unexpected	a	an	tourist	alien	95	5	5.9	2.07	With his khaki shorts and his loud Hawaiian shirt and the camera around his neck you could definitely tell that the man was	in the country.	False	n/a	n/a
2063.5625	0.2	1056544	206	noun_unexpected	154	80	2	delong	unexpected	a	an	tourist	alien	95	5	5.9	2.07	With his khaki shorts and his loud Hawaiian shirt and the camera around his neck you could definitely tell that the man was	in the country.	False	n/a	n/a
2063.876953125	0.0	1056705	180	item_marker	155	80	2	delong	unexpected	a	an	tourist	alien	95	5	5.9	2.07	With his khaki shorts and his loud Hawaiian shirt and the camera around his neck you could definitely tell that the man was	in the country.	False	n/a	n/a
2063.931640625	0.0	1056733	200	cloze_marker	155	80	2	delong	unexpected	a	an	tourist	alien	95	5	5.9	2.07	With his khaki shorts and his loud Hawaiian shirt and the camera around his neck you could definitely tell that the man was	in the country.	False	n/a	n/a
2064.142578125	0.2	1056841	255	filler_word	155	80	2	delong	unexpected	a	an	tourist	alien	95	5	5.9	2.07	With his khaki shorts and his loud Hawaiian shirt and the camera around his neck you could definitely tell that the man was	in the country.	False	n/a	n/a
2064.671875	0.2	1057112	255	filler_word	155	80	2	delong	unexpected	a	an	tourist	alien	95	5	5.9	2.07	With his khaki shorts and his loud Hawaiian shirt and the camera around his neck you could definitely tell that the man was	in the country.	False	n/a	n/a
2065.203125	0.2	1057384	208	final_unexpected	155	80	2	delong	unexpected	a	an	tourist	alien	95	5	5.9	2.07	With his khaki shorts and his loud Hawaiian shirt and the camera around his neck you could definitely tell that the man was	in the country.	False	n/a	n/a
2113.845703125	0.2	1082289	255	filler_word	155	80	2	delong	unexpected	a	an	tourist	alien	95	5	5.9	2.07	With his khaki shorts and his loud Hawaiian shirt and the camera around his neck you could definitely tell that the man was	in the country.	False	n/a	n/a
2114.376953125	0.2	1082561	255	filler_word	155	80	2	delong	unexpected	a	an	tourist	alien	95	5	5.9	2.07	With his khaki shorts and his loud Hawaiian shirt and the camera around his neck you could definitely tell that the man was	in the country.	False	n/a	n/a
2114.90625	0.2	1082832	255	filler_word	155	80	2	delong	unexpected	a	an	tourist	alien	95	5	5.9	2.07	With his khaki shorts and his loud Hawaiian shirt and the camera around his neck you could definitely tell that the man was	in the country.	False	n/a	n/a
2115.4375	0.2	1083104	255	filler_word	155	80	2	delong	unexpected	a	an	tourist	alien	95	5	5.9	2.07	With his khaki shorts and his loud Hawaiian shirt and the camera around his neck you could definitely tell that the man was	in the country.	False	n/a	n/a
2115.966796875	0.2	1083375	255	filler_word	155	80	2	delong	unexpected	a	an	tourist	alien	95	5	5.9	2.07	With his khaki shorts and his loud Hawaiian shirt and the camera around his neck you could definitely tell that the man was	in the country.	False	n/a	n/a
2116.498046875	0.2	1083647	255	filler_word	155	80	2	delong	unexpected	a	an	tourist	alien	95	5	5.9	2.07	With his khaki shorts and his loud Hawaiian shirt and the camera around his neck you could definitely tell that the man was	in the country.	False	n/a	n/a
2117.029296875	0.2	1083919	255	filler_word	155	80	2	delong	unexpected	a	an	tourist	alien	95	5	5.9	2.07	With his khaki shorts and his loud Hawaiian shirt and the camera around his neck you could definitely tell that the man was	in the country.	False	n/a	n/a
2117.560546875	0.2	1084191	255	filler_word	155	80	2	delong	unexpected	a	an	tourist	alien	95	5	5.9	2.07	With his khaki shorts and his loud Hawaiian shirt and the camera around his neck you could definitely tell that the man was	in the country.	False	n/a	n/a
2118.08984375	0.2	1084462	255	filler_word	155	80	2	delong	unexpected	a	an	tourist	alien	95	5	5.9	2.07	With his khaki shorts and his loud Hawaiian shirt and the camera around his neck you could definitely tell that the man was	in the country.	False	n/a	n/a
2118.62109375	0.2	1084734	255	filler_word	155	80	2	delong	unexpected	a	an	tourist	alien	95	5	5.9	2.07	With his khaki shorts and his loud Hawaiian shirt and the camera around his neck you could definitely tell that the man was	in the country.	False	n/a	n/a
2119.150390625	0.2	1085005	255	filler_word	155	80	2	delong	unexpected	a	an	tourist	alien	95	5	5.9	2.07	With his khaki shorts and his loud Hawaiian shirt and the camera around his neck you could definitely tell that the man was	in the country.	False	n/a	n/a
2119.681640625	0.2	1085277	255	filler_word	155	80	2	delong	unexpected	a	an	tourist	alien	95	5	5.9	2.07	With his khaki shorts and his loud Hawaiian shirt and the camera around his neck you could definitely tell that the man was	in the country.	False	n/a	n/a
2120.212890625	0.2	1085549	255	filler_word	155	80	2	delong	unexpected	a	an	tourist	alien	95	5	5.9	2.07	With his khaki shorts and his loud Hawaiian shirt and the camera around his neck you could definitely tell that the man was	in the country.	False	n/a	n/a
2120.7421875	0.2	1085820	255	filler_word	155	80	2	delong	unexpected	a	an	tourist	alien	95	5	5.9	2.07	With his khaki shorts and his loud Hawaiian shirt and the camera around his neck you could definitely tell that the man was	in the country.	False	n/a	n/a
2121.2734375	0.2	1086092	255	filler_word	155	80	2	delong	unexpected	a	an	tourist	alien	95	5	5.9	2.07	With his khaki shorts and his loud Hawaiian shirt and the camera around his neck you could definitely tell that the man was	in the country.	False	n/a	n/a
2121.8046875	0.2	1086364	255	filler_word	155	80	2	delong	unexpected	a	an	tourist	alien	95	5	5.9	2.07	With his khaki shorts and his loud Hawaiian shirt and the camera around his neck you could definitely tell that the man was	in the country.	False	n/a	n/a
2122.333984375	0.2	1086635	255	filler_word	155	80	2	delong	unexpected	a	an	tourist	alien	95	5	5.9	2.07	With his khaki shorts and his loud Hawaiian shirt and the camera around his neck you could definitely tell that the man was	in the country.	False	n/a	n/a
2122.865234375	0.2	1086907	255	filler_word	155	80	2	delong	unexpected	a	an	tourist	alien	95	5	5.9	2.07	With his khaki shorts and his loud Hawaiian shirt and the camera around his neck you could definitely tell that the man was	in the country.	False	n/a	n/a
2123.396484375	0.2	1087179	255	filler_word	155	80	2	delong	unexpected	a	an	tourist	alien	95	5	5.9	2.07	With his khaki shorts and his loud Hawaiian shirt and the camera around his neck you could definitely tell that the man was	in the country.	False	n/a	n/a
2123.92578125	0.2	1087450	255	filler_word	155	80	2	delong	unexpected	a	an	tourist	alien	95	5	5.9	2.07	With his khaki shorts and his loud Hawaiian shirt and the camera around his neck you could definitely tell that the man was	in the country.	False	n/a	n/a
2124.45703125	0.2	1087722	255	filler_word	155	80	2	delong	unexpected	a	an	tourist	alien	95	5	5.9	2.07	With his khaki shorts and his loud Hawaiian shirt and the camera around his neck you could definitely tell that the man was	in the country.	False	n/a	n/a
2124.986328125	0.2	1087993	255	filler_word	155	80	2	delong	unexpected	a	an	tourist	alien	95	5	5.9	2.07	With his khaki shorts and his loud Hawaiian shirt and the camera around his neck you could definitely tell that the man was	in the country.	False	n/a	n/a
2125.517578125	0.2	1088265	203	a_unexpected	155	80	2	delong	unexpected	a	an	tourist	alien	95	5	5.9	2.07	With his khaki shorts and his loud Hawaiian shirt and the camera around his neck you could definitely tell that the man was	in the country.	False	n/a	n/a
2125.83203125	0.0	1088426	167	item_marker	156	67	2	delong	unexpected	an	a	owl	cat	86	14	6.13	2.47	As Elizabeth climbed the ladder in the barn she heard a hooting sound coming from the rafters and looked up to see	staring down at her.	False	n/a	n/a
2125.888671875	0.0	1088455	14	cloze_marker	156	67	2	delong	unexpected	an	a	owl	cat	86	14	6.13	2.47	As Elizabeth climbed the ladder in the barn she heard a hooting sound coming from the rafters and looked up to see	staring down at her.	False	n/a	n/a
2126.09765625	0.2	1088562	206	noun_unexpected	156	67	2	delong	unexpected	an	a	owl	cat	86	14	6.13	2.47	As Elizabeth climbed the ladder in the barn she heard a hooting sound coming from the rafters and looked up to see	staring down at her.	False	n/a	n/a
2126.4140625	0.0	1088724	167	item_marker	157	67	2	delong	unexpected	an	a	owl	cat	86	14	6.13	2.47	As Elizabeth climbed the ladder in the barn she heard a hooting sound coming from the rafters and looked up to see	staring down at her.	False	n/a	n/a
2126.46875	0.0	1088752	200	cloze_marker	157	67	2	delong	unexpected	an	a	owl	cat	86	14	6.13	2.47	As Elizabeth climbed the ladder in the barn she heard a hooting sound coming from the rafters and looked up to see	staring down at her.	False	n/a	n/a
2126.677734375	0.2	1088859	255	filler_word	157	67	2	delong	unexpected	an	a	owl	cat	86	14	6.13	2.47	As Elizabeth climbed the ladder in the barn she heard a hooting sound coming from the rafters and looked up to see	staring down at her.	False	n/a	n/a
2127.208984375	0.2	1089131	255	filler_word	157	67	2	delong	unexpected	an	a	owl	cat	86	14	6.13	2.47	As Elizabeth climbed the ladder in the barn she heard a hooting sound coming from the rafters and looked up to see	staring down at her.	False	n/a	n/a
2127.73828125	0.2	1089402	255	filler_word	157	67	2	delong	unexpected	an	a	owl	cat	86	14	6.13	2.47	As Elizabeth climbed the ladder in the barn she heard a hooting sound coming from the rafters and looked up to see	staring down at her.	False	n/a	n/a
2128.26953125	0.2	1089674	208	final_unexpected	157	67	2	delong	unexpected	an	a	owl	cat	86	14	6.13	2.47	As Elizabeth climbed the ladder in the barn she heard a hooting sound coming from the rafters and looked up to see	staring down at her.	False	n/a	n/a
2131.8671875	0.2	1091516	255	filler_word	157	67	2	delong	unexpected	an	a	owl	cat	86	14	6.13	2.47	As Elizabeth climbed the ladder in the barn she heard a hooting sound coming from the rafters and looked up to see	staring down at her.	False	n/a	n/a
2132.3984375	0.2	1091788	255	filler_word	157	67	2	delong	unexpected	an	a	owl	cat	86	14	6.13	2.47	As Elizabeth climbed the ladder in the barn she heard a hooting sound coming from the rafters and looked up to see	staring down at her.	False	n/a	n/a
2132.927734375	0.2	1092059	255	filler_word	157	67	2	delong	unexpected	an	a	owl	cat	86	14	6.13	2.47	As Elizabeth climbed the ladder in the barn she heard a hooting sound coming from the rafters and looked up to see	staring down at her.	False	n/a	n/a
2133.458984375	0.2	1092331	255	filler_word	157	67	2	delong	unexpected	an	a	owl	cat	86	14	6.13	2.47	As Elizabeth climbed the ladder in the barn she heard a hooting sound coming from the rafters and looked up to see	staring down at her.	False	n/a	n/a
2133.990234375	0.2	1092603	255	filler_word	157	67	2	delong	unexpected	an	a	owl	cat	86	14	6.13	2.47	As Elizabeth climbed the ladder in the barn she heard a hooting sound coming from the rafters and looked up to see	staring down at her.	False	n/a	n/a
2134.51953125	0.2	1092874	255	filler_word	157	67	2	delong	unexpected	an	a	owl	cat	86	14	6.13	2.47	As Elizabeth climbed the ladder in the barn she heard a hooting sound coming from the rafters and looked up to see	staring down at her.	False	n/a	n/a
2135.05078125	0.2	1093146	255	filler_word	157	67	2	delong	unexpected	an	a	owl	cat	86	14	6.13	2.47	As Elizabeth climbed the ladder in the barn she heard a hooting sound coming from the rafters and looked up to see	staring down at her.	False	n/a	n/a
2135.580078125	0.2	1093417	255	filler_word	157	67	2	delong	unexpected	an	a	owl	cat	86	14	6.13	2.47	As Elizabeth climbed the ladder in the barn she heard a hooting sound coming from the rafters and looked up to see	staring down at her.	False	n/a	n/a
2136.111328125	0.2	1093689	255	filler_word	157	67	2	delong	unexpected	an	a	owl	cat	86	14	6.13	2.47	As Elizabeth climbed the ladder in the barn she heard a hooting sound coming from the rafters and looked up to see	staring down at her.	False	n/a	n/a
2136.642578125	0.2	1093961	255	filler_word	157	67	2	delong	unexpected	an	a	owl	cat	86	14	6.13	2.47	As Elizabeth climbed the ladder in the barn she heard a hooting sound coming from the rafters and looked up to see	staring down at her.	False	n/a	n/a
2137.171875	0.2	1094232	255	filler_word	157	67	2	delong	unexpected	an	a	owl	cat	86	14	6.13	2.47	As Elizabeth climbed the ladder in the barn she heard a hooting sound coming from the rafters and looked up to see	staring down at her.	False	n/a	n/a
2137.703125	0.2	1094504	255	filler_word	157	67	2	delong	unexpected	an	a	owl	cat	86	14	6.13	2.47	As Elizabeth climbed the ladder in the barn she heard a hooting sound coming from the rafters and looked up to see	staring down at her.	False	n/a	n/a
2138.234375	0.2	1094776	255	filler_word	157	67	2	delong	unexpected	an	a	owl	cat	86	14	6.13	2.47	As Elizabeth climbed the ladder in the barn she heard a hooting sound coming from the rafters and looked up to see	staring down at her.	False	n/a	n/a
2138.763671875	0.2	1095047	255	filler_word	157	67	2	delong	unexpected	an	a	owl	cat	86	14	6.13	2.47	As Elizabeth climbed the ladder in the barn she heard a hooting sound coming from the rafters and looked up to see	staring down at her.	False	n/a	n/a
2139.294921875	0.2	1095319	255	filler_word	157	67	2	delong	unexpected	an	a	owl	cat	86	14	6.13	2.47	As Elizabeth climbed the ladder in the barn she heard a hooting sound coming from the rafters and looked up to see	staring down at her.	False	n/a	n/a
2139.82421875	0.2	1095590	255	filler_word	157	67	2	delong	unexpected	an	a	owl	cat	86	14	6.13	2.47	As Elizabeth climbed the ladder in the barn she heard a hooting sound coming from the rafters and looked up to see	staring down at her.	False	n/a	n/a
2140.35546875	0.2	1095862	255	filler_word	157	67	2	delong	unexpected	an	a	owl	cat	86	14	6.13	2.47	As Elizabeth climbed the ladder in the barn she heard a hooting sound coming from the rafters and looked up to see	staring down at her.	False	n/a	n/a
2140.88671875	0.2	1096134	255	filler_word	157	67	2	delong	unexpected	an	a	owl	cat	86	14	6.13	2.47	As Elizabeth climbed the ladder in the barn she heard a hooting sound coming from the rafters and looked up to see	staring down at her.	False	n/a	n/a
2141.416015625	0.2	1096405	255	filler_word	157	67	2	delong	unexpected	an	a	owl	cat	86	14	6.13	2.47	As Elizabeth climbed the ladder in the barn she heard a hooting sound coming from the rafters and looked up to see	staring down at her.	False	n/a	n/a
2141.947265625	0.2	1096677	255	filler_word	157	67	2	delong	unexpected	an	a	owl	cat	86	14	6.13	2.47	As Elizabeth climbed the ladder in the barn she heard a hooting sound coming from the rafters and looked up to see	staring down at her.	False	n/a	n/a
2142.478515625	0.2	1096949	255	filler_word	157	67	2	delong	unexpected	an	a	owl	cat	86	14	6.13	2.47	As Elizabeth climbed the ladder in the barn she heard a hooting sound coming from the rafters and looked up to see	staring down at her.	False	n/a	n/a
2143.0078125	0.2	1097220	204	an_unexpected	157	67	2	delong	unexpected	an	a	owl	cat	86	14	6.13	2.47	As Elizabeth climbed the ladder in the barn she heard a hooting sound coming from the rafters and looked up to see	staring down at her.	False	n/a	n/a
2143.32421875	0.0	1097382	176	item_marker	158	76	2	delong	unexpected	a	an	liquid	element	73	0	4.65	2.23	Orlando thought that glass was a solid but when he held it under the Bunsen burner it melted and turned into	that could be sculpted.	False	n/a	n/a
2143.37890625	0.0	1097410	200	cloze_marker	158	76	2	delong	unexpected	a	an	liquid	element	73	0	4.65	2.23	Orlando thought that glass was a solid but when he held it under the Bunsen burner it melted and turned into	that could be sculpted.	False	n/a	n/a
2143.58984375	0.2	1097518	206	noun_unexpected	158	76	2	delong	unexpected	a	an	liquid	element	73	0	4.65	2.23	Orlando thought that glass was a solid but when he held it under the Bunsen burner it melted and turned into	that could be sculpted.	False	n/a	n/a
2143.904296875	0.0	1097679	176	item_marker	159	76	2	delong	unexpected	a	an	liquid	element	73	0	4.65	2.23	Orlando thought that glass was a solid but when he held it under the Bunsen burner it melted and turned into	that could be sculpted.	False	n/a	n/a
2143.958984375	0.0	1097707	200	cloze_marker	159	76	2	delong	unexpected	a	an	liquid	element	73	0	4.65	2.23	Orlando thought that glass was a solid but when he held it under the Bunsen burner it melted and turned into	that could be sculpted.	False	n/a	n/a
2144.16796875	0.2	1097814	255	filler_word	159	76	2	delong	unexpected	a	an	liquid	element	73	0	4.65	2.23	Orlando thought that glass was a solid but when he held it under the Bunsen burner it melted and turned into	that could be sculpted.	False	n/a	n/a
2144.69921875	0.2	1098086	255	filler_word	159	76	2	delong	unexpected	a	an	liquid	element	73	0	4.65	2.23	Orlando thought that glass was a solid but when he held it under the Bunsen burner it melted and turned into	that could be sculpted.	False	n/a	n/a
2145.23046875	0.2	1098358	255	filler_word	159	76	2	delong	unexpected	a	an	liquid	element	73	0	4.65	2.23	Orlando thought that glass was a solid but when he held it under the Bunsen burner it melted and turned into	that could be sculpted.	False	n/a	n/a
2145.759765625	0.2	1098629	208	final_unexpected	159	76	2	delong	unexpected	a	an	liquid	element	73	0	4.65	2.23	Orlando thought that glass was a solid but when he held it under the Bunsen burner it melted and turned into	that could be sculpted.	False	n/a	n/a
2234.376953125	0.2	1144001	255	filler_word	159	76	2	delong	unexpected	a	an	liquid	element	73	0	4.65	2.23	Orlando thought that glass was a solid but when he held it under the Bunsen burner it melted and turned into	that could be sculpted.	False	n/a	n/a
2234.90625	0.2	1144272	255	filler_word	159	76	2	delong	unexpected	a	an	liquid	element	73	0	4.65	2.23	Orlando thought that glass was a solid but when he held it under the Bunsen burner it melted and turned into	that could be sculpted.	False	n/a	n/a
2235.4375	0.2	1144544	255	filler_word	159	76	2	delong	unexpected	a	an	liquid	element	73	0	4.65	2.23	Orlando thought that glass was a solid but when he held it under the Bunsen burner it melted and turned into	that could be sculpted.	False	n/a	n/a
2235.966796875	0.2	1144815	255	filler_word	159	76	2	delong	unexpected	a	an	liquid	element	73	0	4.65	2.23	Orlando thought that glass was a solid but when he held it under the Bunsen burner it melted and turned into	that could be sculpted.	False	n/a	n/a
2236.498046875	0.2	1145087	210	control_correct	159	76	2	delong	unexpected	a	an	liquid	element	73	0	4.65	2.23	Orlando thought that glass was a solid but when he held it under the Bunsen burner it melted and turned into	that could be sculpted.	False	n/a	n/a
2236.8125	0.0	1145248	105	item_marker	160	5	2	delong	expected	an	a	apology	cheque	89	0	6.23	3.77	Dale was very sorry for what he had said to Bernadette and he knew that he owed her	because she was still upset.	True	Was Dale sorry?	yes
2237.02734375	0.2	1145358	255	filler_word	160	5	2	delong	expected	an	a	apology	cheque	89	0	6.23	3.77	Dale was very sorry for what he had said to Bernadette and he knew that he owed her	because she was still upset.	True	Was Dale sorry?	yes
2237.55859375	0.2	1145630	255	filler_word	160	5	2	delong	expected	an	a	apology	cheque	89	0	6.23	3.77	Dale was very sorry for what he had said to Bernadette and he knew that he owed her	because she was still upset.	True	Was Dale sorry?	yes
2238.08984375	0.2	1145902	212	filler_word	160	5	2	delong	expected	an	a	apology	cheque	89	0	6.23	3.77	Dale was very sorry for what he had said to Bernadette and he knew that he owed her	because she was still upset.	True	Was Dale sorry?	yes
2241.173828125	0.2	1147481	255	filler_word	160	5	2	delong	expected	an	a	apology	cheque	89	0	6.23	3.77	Dale was very sorry for what he had said to Bernadette and he knew that he owed her	because she was still upset.	True	Was Dale sorry?	yes
2241.703125	0.2	1147752	255	filler_word	160	5	2	delong	expected	an	a	apology	cheque	89	0	6.23	3.77	Dale was very sorry for what he had said to Bernadette and he knew that he owed her	because she was still upset.	True	Was Dale sorry?	yes
2242.234375	0.2	1148024	255	filler_word	160	5	2	delong	expected	an	a	apology	cheque	89	0	6.23	3.77	Dale was very sorry for what he had said to Bernadette and he knew that he owed her	because she was still upset.	True	Was Dale sorry?	yes
2242.765625	0.2	1148296	210	control_correct	160	5	2	delong	expected	an	a	apology	cheque	89	0	6.23	3.77	Dale was very sorry for what he had said to Bernadette and he knew that he owed her	because she was still upset.	True	Was Dale sorry?	yes
2243.080078125	0.0	1148457	126	item_marker	161	26	2	delong	expected	a	an	hanger	iron	84	0	5.73	2.1	I wanted to put my coat in the closet but I could not find	anywhere.	False	n/a	n/a
2243.294921875	0.2	1148567	255	filler_word	161	26	2	delong	expected	a	an	hanger	iron	84	0	5.73	2.1	I wanted to put my coat in the closet but I could not find	anywhere.	False	n/a	n/a
2243.826171875	0.2	1148839	255	filler_word	161	26	2	delong	expected	a	an	hanger	iron	84	0	5.73	2.1	I wanted to put my coat in the closet but I could not find	anywhere.	False	n/a	n/a
2244.35546875	0.2	1149110	212	filler_word	161	26	2	delong	expected	a	an	hanger	iron	84	0	5.73	2.1	I wanted to put my coat in the closet but I could not find	anywhere.	False	n/a	n/a
2246.5625	0.2	1150240	255	filler_word	161	26	2	delong	expected	a	an	hanger	iron	84	0	5.73	2.1	I wanted to put my coat in the closet but I could not find	anywhere.	False	n/a	n/a
2247.091796875	0.2	1150511	255	filler_word	161	26	2	delong	expected	a	an	hanger	iron	84	0	5.73	2.1	I wanted to put my coat in the closet but I could not find	anywhere.	False	n/a	n/a
2247.623046875	0.2	1150783	255	filler_word	161	26	2	delong	expected	a	an	hanger	iron	84	0	5.73	2.1	I wanted to put my coat in the closet but I could not find	anywhere.	False	n/a	n/a
2248.154296875	0.2	1151055	255	filler_word	161	26	2	delong	expected	a	an	hanger	iron	84	0	5.73	2.1	I wanted to put my coat in the closet but I could not find	anywhere.	False	n/a	n/a
2248.68359375	0.2	1151326	255	filler_word	161	26	2	delong	expected	a	an	hanger	iron	84	0	5.73	2.1	I wanted to put my coat in the closet but I could not find	anywhere.	False	n/a	n/a
2249.21484375	0.2	1151598	210	control_correct	161	26	2	delong	expected	a	an	hanger	iron	84	0	5.73	2.1	I wanted to put my coat in the closet but I could not find	anywhere.	False	n/a	n/a
2249.529296875	0.0	1151759	118	item_marker	162	18	2	delong	expected	a	an	parade	election	95	0	5.77	3.52	Without the floats and the marching bands it wasn't much of	this year.	False	n/a	n/a
2249.744140625	0.2	1151869	255	filler_word	162	18	2	delong	expected	a	an	parade	election	95	0	5.77	3.52	Without the floats and the marching bands it wasn't much of	this year.	False	n/a	n/a
2250.275390625	0.2	1152141	212	filler_word	162	18	2	delong	expected	a	an	parade	election	95	0	5.77	3.52	Without the floats and the marching bands it wasn't much of	this year.	False	n/a	n/a
2252.646484375	0.2	1153355	255	filler_word	162	18	2	delong	expected	a	an	parade	election	95	0	5.77	3.52	Without the floats and the marching bands it wasn't much of	this year.	False	n/a	n/a
2253.17578125	0.2	1153626	255	filler_word	162	18	2	delong	expected	a	an	parade	election	95	0	5.77	3.52	Without the floats and the marching bands it wasn't much of	this year.	False	n/a	n/a
2253.70703125	0.2	1153898	255	filler_word	162	18	2	delong	expected	a	an	parade	election	95	0	5.77	3.52	Without the floats and the marching bands it wasn't much of	this year.	False	n/a	n/a
2254.23828125	0.2	1154170	255	filler_word	162	18	2	delong	expected	a	an	parade	election	95	0	5.77	3.52	Without the floats and the marching bands it wasn't much of	this year.	False	n/a	n/a
2254.767578125	0.2	1154441	255	filler_word	162	18	2	delong	expected	a	an	parade	election	95	0	5.77	3.52	Without the floats and the marching bands it wasn't much of	this year.	False	n/a	n/a
2255.298828125	0.2	1154713	211	control_incorrect	162	18	2	delong	expected	a	an	parade	election	95	0	5.77	3.52	Without the floats and the marching bands it wasn't much of	this year.	False	n/a	n/a
2255.615234375	0.0	1154875	115	item_marker	163	15	2	delong	unexpected	an	a	education	book	59	27	6.23	3.17	Her grandfather always stressed how important it was for Sophia to go to school, because he had never had the opportunity to receive	while growing up.	False	n/a	n/a
2255.830078125	0.2	1154985	255	filler_word	163	15	2	delong	unexpected	an	a	education	book	59	27	6.23	3.17	Her grandfather always stressed how important it was for Sophia to go to school, because he had never had the opportunity to receive	while growing up.	False	n/a	n/a
2256.359375	0.2	1155256	255	filler_word	163	15	2	delong	unexpected	an	a	education	book	59	27	6.23	3.17	Her grandfather always stressed how important it was for Sophia to go to school, because he had never had the opportunity to receive	while growing up.	False	n/a	n/a
2256.890625	0.2	1155528	255	filler_word	163	15	2	delong	unexpected	an	a	education	book	59	27	6.23	3.17	Her grandfather always stressed how important it was for Sophia to go to school, because he had never had the opportunity to receive	while growing up.	False	n/a	n/a
2257.419921875	0.2	1155799	255	filler_word	163	15	2	delong	unexpected	an	a	education	book	59	27	6.23	3.17	Her grandfather always stressed how important it was for Sophia to go to school, because he had never had the opportunity to receive	while growing up.	False	n/a	n/a
2257.951171875	0.2	1156071	213	filler_word	163	15	2	delong	unexpected	an	a	education	book	59	27	6.23	3.17	Her grandfather always stressed how important it was for Sophia to go to school, because he had never had the opportunity to receive	while growing up.	False	n/a	n/a
2260.35546875	0.2	1157302	255	filler_word	163	15	2	delong	unexpected	an	a	education	book	59	27	6.23	3.17	Her grandfather always stressed how important it was for Sophia to go to school, because he had never had the opportunity to receive	while growing up.	False	n/a	n/a
2260.884765625	0.2	1157573	255	filler_word	163	15	2	delong	unexpected	an	a	education	book	59	27	6.23	3.17	Her grandfather always stressed how important it was for Sophia to go to school, because he had never had the opportunity to receive	while growing up.	False	n/a	n/a
2261.416015625	0.2	1157845	255	filler_word	163	15	2	delong	unexpected	an	a	education	book	59	27	6.23	3.17	Her grandfather always stressed how important it was for Sophia to go to school, because he had never had the opportunity to receive	while growing up.	False	n/a	n/a
2261.947265625	0.2	1158117	255	filler_word	163	15	2	delong	unexpected	an	a	education	book	59	27	6.23	3.17	Her grandfather always stressed how important it was for Sophia to go to school, because he had never had the opportunity to receive	while growing up.	False	n/a	n/a
2262.4765625	0.2	1158388	211	control_incorrect	163	15	2	delong	unexpected	an	a	education	book	59	27	6.23	3.17	Her grandfather always stressed how important it was for Sophia to go to school, because he had never had the opportunity to receive	while growing up.	False	n/a	n/a
2262.79296875	0.0	1158550	123	item_marker	164	23	2	delong	unexpected	an	a	emergency	fire	70	0	6.17	5.32	When she was filling out the paperwork, Merrill had to write down the name of someone who could be contacted in case of	while she was at work.	False	n/a	n/a
2263.0078125	0.2	1158660	255	filler_word	164	23	2	delong	unexpected	an	a	emergency	fire	70	0	6.17	5.32	When she was filling out the paperwork, Merrill had to write down the name of someone who could be contacted in case of	while she was at work.	False	n/a	n/a
2263.5390625	0.2	1158932	255	filler_word	164	23	2	delong	unexpected	an	a	emergency	fire	70	0	6.17	5.32	When she was filling out the paperwork, Merrill had to write down the name of someone who could be contacted in case of	while she was at work.	False	n/a	n/a
2264.068359375	0.2	1159203	255	filler_word	164	23	2	delong	unexpected	an	a	emergency	fire	70	0	6.17	5.32	When she was filling out the paperwork, Merrill had to write down the name of someone who could be contacted in case of	while she was at work.	False	n/a	n/a
2264.599609375	0.2	1159475	255	filler_word	164	23	2	delong	unexpected	an	a	emergency	fire	70	0	6.17	5.32	When she was filling out the paperwork, Merrill had to write down the name of someone who could be contacted in case of	while she was at work.	False	n/a	n/a
2265.12890625	0.2	1159746	213	filler_word	164	23	2	delong	unexpected	an	a	emergency	fire	70	0	6.17	5.32	When she was filling out the paperwork, Merrill had to write down the name of someone who could be contacted in case of	while she was at work.	False	n/a	n/a
2267.3515625	0.2	1160884	255	filler_word	164	23	2	delong	unexpected	an	a	emergency	fire	70	0	6.17	5.32	When she was filling out the paperwork, Merrill had to write down the name of someone who could be contacted in case of	while she was at work.	False	n/a	n/a
2267.880859375	0.2	1161155	255	filler_word	164	23	2	delong	unexpected	an	a	emergency	fire	70	0	6.17	5.32	When she was filling out the paperwork, Merrill had to write down the name of someone who could be contacted in case of	while she was at work.	False	n/a	n/a
2268.412109375	0.2	1161427	255	filler_word	164	23	2	delong	unexpected	an	a	emergency	fire	70	0	6.17	5.32	When she was filling out the paperwork, Merrill had to write down the name of someone who could be contacted in case of	while she was at work.	False	n/a	n/a
2268.943359375	0.2	1161699	211	control_incorrect	164	23	2	delong	unexpected	an	a	emergency	fire	70	0	6.17	5.32	When she was filling out the paperwork, Merrill had to write down the name of someone who could be contacted in case of	while she was at work.	False	n/a	n/a
2269.2578125	0.0	1161860	127	item_marker	165	27	2	delong	unexpected	an	a	accident	race	70	27	5.45	2.3	No matter how safely you drive your car chances are someday you'll be involved in	with another vehicle.	False	n/a	n/a
2269.47265625	0.2	1161970	255	filler_word	165	27	2	delong	unexpected	an	a	accident	race	70	27	5.45	2.3	No matter how safely you drive your car chances are someday you'll be involved in	with another vehicle.	False	n/a	n/a
2270.00390625	0.2	1162242	255	filler_word	165	27	2	delong	unexpected	an	a	accident	race	70	27	5.45	2.3	No matter how safely you drive your car chances are someday you'll be involved in	with another vehicle.	False	n/a	n/a
2270.53515625	0.2	1162514	213	filler_word	165	27	2	delong	unexpected	an	a	accident	race	70	27	5.45	2.3	No matter how safely you drive your car chances are someday you'll be involved in	with another vehicle.	False	n/a	n/a
2273.154296875	0.2	1163855	255	filler_word	165	27	2	delong	unexpected	an	a	accident	race	70	27	5.45	2.3	No matter how safely you drive your car chances are someday you'll be involved in	with another vehicle.	False	n/a	n/a
2273.68359375	0.2	1164126	255	filler_word	165	27	2	delong	unexpected	an	a	accident	race	70	27	5.45	2.3	No matter how safely you drive your car chances are someday you'll be involved in	with another vehicle.	False	n/a	n/a
2274.21484375	0.2	1164398	255	filler_word	165	27	2	delong	unexpected	an	a	accident	race	70	27	5.45	2.3	No matter how safely you drive your car chances are someday you'll be involved in	with another vehicle.	False	n/a	n/a
2274.74609375	0.2	1164670	255	filler_word	165	27	2	delong	unexpected	an	a	accident	race	70	27	5.45	2.3	No matter how safely you drive your car chances are someday you'll be involved in	with another vehicle.	False	n/a	n/a
2275.27734375	0.2	1164942	210	control_correct	165	27	2	delong	unexpected	an	a	accident	race	70	27	5.45	2.3	No matter how safely you drive your car chances are someday you'll be involved in	with another vehicle.	False	n/a	n/a
2275.591796875	0.0	1165103	106	item_marker	166	6	2	delong	expected	a	an	cheque	apology	93	0	4.53	2.32	The bakery did not accept credit cards so Peter would have to write	to the owner.	False	n/a	n/a
2275.806640625	0.2	1165213	255	filler_word	166	6	2	delong	expected	a	an	cheque	apology	93	0	4.53	2.32	The bakery did not accept credit cards so Peter would have to write	to the owner.	False	n/a	n/a
2276.337890625	0.2	1165485	255	filler_word	166	6	2	delong	expected	a	an	cheque	apology	93	0	4.53	2.32	The bakery did not accept credit cards so Peter would have to write	to the owner.	False	n/a	n/a
2276.8671875	0.2	1165756	212	filler_word	166	6	2	delong	expected	a	an	cheque	apology	93	0	4.53	2.32	The bakery did not accept credit cards so Peter would have to write	to the owner.	False	n/a	n/a
2279.388671875	0.2	1167047	255	filler_word	166	6	2	delong	expected	a	an	cheque	apology	93	0	4.53	2.32	The bakery did not accept credit cards so Peter would have to write	to the owner.	False	n/a	n/a
2279.91796875	0.2	1167318	255	filler_word	166	6	2	delong	expected	a	an	cheque	apology	93	0	4.53	2.32	The bakery did not accept credit cards so Peter would have to write	to the owner.	False	n/a	n/a
2280.44921875	0.2	1167590	255	filler_word	166	6	2	delong	expected	a	an	cheque	apology	93	0	4.53	2.32	The bakery did not accept credit cards so Peter would have to write	to the owner.	False	n/a	n/a
2280.98046875	0.2	1167862	211	control_incorrect	166	6	2	delong	expected	a	an	cheque	apology	93	0	4.53	2.32	The bakery did not accept credit cards so Peter would have to write	to the owner.	False	n/a	n/a
2281.294921875	0.0	1168023	139	item_marker	167	39	2	delong	unexpected	an	a	infection	tattoo	93	2	6.52	1.8	Because Bart did not clean his wound properly he ended up getting	on his leg.	False	n/a	n/a
2281.509765625	0.2	1168133	255	filler_word	167	39	2	delong	unexpected	an	a	infection	tattoo	93	2	6.52	1.8	Because Bart did not clean his wound properly he ended up getting	on his leg.	False	n/a	n/a
2282.041015625	0.2	1168405	255	filler_word	167	39	2	delong	unexpected	an	a	infection	tattoo	93	2	6.52	1.8	Because Bart did not clean his wound properly he ended up getting	on his leg.	False	n/a	n/a
2282.5703125	0.2	1168676	213	filler_word	167	39	2	delong	unexpected	an	a	infection	tattoo	93	2	6.52	1.8	Because Bart did not clean his wound properly he ended up getting	on his leg.	False	n/a	n/a
2284.94140625	0.2	1169890	255	filler_word	167	39	2	delong	unexpected	an	a	infection	tattoo	93	2	6.52	1.8	Because Bart did not clean his wound properly he ended up getting	on his leg.	False	n/a	n/a
2285.47265625	0.2	1170162	255	filler_word	167	39	2	delong	unexpected	an	a	infection	tattoo	93	2	6.52	1.8	Because Bart did not clean his wound properly he ended up getting	on his leg.	False	n/a	n/a
2286.001953125	0.2	1170433	255	filler_word	167	39	2	delong	unexpected	an	a	infection	tattoo	93	2	6.52	1.8	Because Bart did not clean his wound properly he ended up getting	on his leg.	False	n/a	n/a
2286.533203125	0.2	1170705	255	filler_word	167	39	2	delong	unexpected	an	a	infection	tattoo	93	2	6.52	1.8	Because Bart did not clean his wound properly he ended up getting	on his leg.	False	n/a	n/a
2287.064453125	0.2	1170977	210	control_correct	167	39	2	delong	unexpected	an	a	infection	tattoo	93	2	6.52	1.8	Because Bart did not clean his wound properly he ended up getting	on his leg.	False	n/a	n/a
2287.37890625	0.0	1171138	102	item_marker	168	2	2	delong	expected	a	an	carrot	apple	98	0	6.35	2.83	For the snowman's eyes the children used two pieces of coal, and for its nose they used	from the fridge.	True	Did they build a snowman?	yes
2287.59375	0.2	1171248	255	filler_word	168	2	2	delong	expected	a	an	carrot	apple	98	0	6.35	2.83	For the snowman's eyes the children used two pieces of coal, and for its nose they used	from the fridge.	True	Did they build a snowman?	yes
2288.125	0.2	1171520	255	filler_word	168	2	2	delong	expected	a	an	carrot	apple	98	0	6.35	2.83	For the snowman's eyes the children used two pieces of coal, and for its nose they used	from the fridge.	True	Did they build a snowman?	yes
2288.65625	0.2	1171792	212	filler_word	168	2	2	delong	expected	a	an	carrot	apple	98	0	6.35	2.83	For the snowman's eyes the children used two pieces of coal, and for its nose they used	from the fridge.	True	Did they build a snowman?	yes
2290.77734375	0.2	1172878	255	filler_word	168	2	2	delong	expected	a	an	carrot	apple	98	0	6.35	2.83	For the snowman's eyes the children used two pieces of coal, and for its nose they used	from the fridge.	True	Did they build a snowman?	yes
2291.306640625	0.2	1173149	255	filler_word	168	2	2	delong	expected	a	an	carrot	apple	98	0	6.35	2.83	For the snowman's eyes the children used two pieces of coal, and for its nose they used	from the fridge.	True	Did they build a snowman?	yes
2291.837890625	0.2	1173421	255	filler_word	168	2	2	delong	expected	a	an	carrot	apple	98	0	6.35	2.83	For the snowman's eyes the children used two pieces of coal, and for its nose they used	from the fridge.	True	Did they build a snowman?	yes
2292.369140625	0.2	1173693	255	filler_word	168	2	2	delong	expected	a	an	carrot	apple	98	0	6.35	2.83	For the snowman's eyes the children used two pieces of coal, and for its nose they used	from the fridge.	True	Did they build a snowman?	yes
2292.900390625	0.2	1173965	255	filler_word	168	2	2	delong	expected	a	an	carrot	apple	98	0	6.35	2.83	For the snowman's eyes the children used two pieces of coal, and for its nose they used	from the fridge.	True	Did they build a snowman?	yes
2293.4296875	0.2	1174236	210	control_correct	168	2	2	delong	expected	a	an	carrot	apple	98	0	6.35	2.83	For the snowman's eyes the children used two pieces of coal, and for its nose they used	from the fridge.	True	Did they build a snowman?	yes
2293.74609375	0.0	1174398	137	item_marker	169	37	2	delong	expected	an	a	architect	plumber	82	11	5.87	3.39	Frank wanted to design a very modern house so he sought advice from	to select the fixtures.	False	n/a	n/a
2293.9609375	0.2	1174508	255	filler_word	169	37	2	delong	expected	an	a	architect	plumber	82	11	5.87	3.39	Frank wanted to design a very modern house so he sought advice from	to select the fixtures.	False	n/a	n/a
2294.490234375	0.2	1174779	255	filler_word	169	37	2	delong	expected	an	a	architect	plumber	82	11	5.87	3.39	Frank wanted to design a very modern house so he sought advice from	to select the fixtures.	False	n/a	n/a
2295.021484375	0.2	1175051	255	filler_word	169	37	2	delong	expected	an	a	architect	plumber	82	11	5.87	3.39	Frank wanted to design a very modern house so he sought advice from	to select the fixtures.	False	n/a	n/a
2295.552734375	0.2	1175323	212	filler_word	169	37	2	delong	expected	an	a	architect	plumber	82	11	5.87	3.39	Frank wanted to design a very modern house so he sought advice from	to select the fixtures.	False	n/a	n/a
2297.83984375	0.2	1176494	255	filler_word	169	37	2	delong	expected	an	a	architect	plumber	82	11	5.87	3.39	Frank wanted to design a very modern house so he sought advice from	to select the fixtures.	False	n/a	n/a
2298.37109375	0.2	1176766	255	filler_word	169	37	2	delong	expected	an	a	architect	plumber	82	11	5.87	3.39	Frank wanted to design a very modern house so he sought advice from	to select the fixtures.	False	n/a	n/a
2298.900390625	0.2	1177037	255	filler_word	169	37	2	delong	expected	an	a	architect	plumber	82	11	5.87	3.39	Frank wanted to design a very modern house so he sought advice from	to select the fixtures.	False	n/a	n/a
2299.431640625	0.2	1177309	211	control_incorrect	169	37	2	delong	expected	an	a	architect	plumber	82	11	5.87	3.39	Frank wanted to design a very modern house so he sought advice from	to select the fixtures.	False	n/a	n/a
2299.748046875	0.0	1177471	112	item_marker	170	12	2	delong	unexpected	a	an	fish	octopus	66	2	5.8	4.0	Marge hated baiting the hook, but she knew that it was the only way to catch	without using a lure.	False	n/a	n/a
2299.962890625	0.2	1177581	255	filler_word	170	12	2	delong	unexpected	a	an	fish	octopus	66	2	5.8	4.0	Marge hated baiting the hook, but she knew that it was the only way to catch	without using a lure.	False	n/a	n/a
2300.4921875	0.2	1177852	255	filler_word	170	12	2	delong	unexpected	a	an	fish	octopus	66	2	5.8	4.0	Marge hated baiting the hook, but she knew that it was the only way to catch	without using a lure.	False	n/a	n/a
2301.0234375	0.2	1178124	213	filler_word	170	12	2	delong	unexpected	a	an	fish	octopus	66	2	5.8	4.0	Marge hated baiting the hook, but she knew that it was the only way to catch	without using a lure.	False	n/a	n/a
2304.63671875	0.2	1179974	255	filler_word	170	12	2	delong	unexpected	a	an	fish	octopus	66	2	5.8	4.0	Marge hated baiting the hook, but she knew that it was the only way to catch	without using a lure.	False	n/a	n/a
2305.16796875	0.2	1180246	255	filler_word	170	12	2	delong	unexpected	a	an	fish	octopus	66	2	5.8	4.0	Marge hated baiting the hook, but she knew that it was the only way to catch	without using a lure.	False	n/a	n/a
2305.69921875	0.2	1180518	255	filler_word	170	12	2	delong	unexpected	a	an	fish	octopus	66	2	5.8	4.0	Marge hated baiting the hook, but she knew that it was the only way to catch	without using a lure.	False	n/a	n/a
2306.228515625	0.2	1180789	255	filler_word	170	12	2	delong	unexpected	a	an	fish	octopus	66	2	5.8	4.0	Marge hated baiting the hook, but she knew that it was the only way to catch	without using a lure.	False	n/a	n/a
2306.759765625	0.2	1181061	255	filler_word	170	12	2	delong	unexpected	a	an	fish	octopus	66	2	5.8	4.0	Marge hated baiting the hook, but she knew that it was the only way to catch	without using a lure.	False	n/a	n/a
2307.2890625	0.2	1181332	211	control_incorrect	170	12	2	delong	unexpected	a	an	fish	octopus	66	2	5.8	4.0	Marge hated baiting the hook, but she knew that it was the only way to catch	without using a lure.	False	n/a	n/a
2307.60546875	0.0	1181494	116	item_marker	171	16	2	delong	unexpected	a	an	book	education	75	2	6.48	2.27	James is an avid reader, so for his birthday his sister decided to give him	about Africa.	False	n/a	n/a
2307.8203125	0.2	1181604	255	filler_word	171	16	2	delong	unexpected	a	an	book	education	75	2	6.48	2.27	James is an avid reader, so for his birthday his sister decided to give him	about Africa.	False	n/a	n/a
2308.349609375	0.2	1181875	213	filler_word	171	16	2	delong	unexpected	a	an	book	education	75	2	6.48	2.27	James is an avid reader, so for his birthday his sister decided to give him	about Africa.	False	n/a	n/a
2310.439453125	0.2	1182945	255	filler_word	171	16	2	delong	unexpected	a	an	book	education	75	2	6.48	2.27	James is an avid reader, so for his birthday his sister decided to give him	about Africa.	False	n/a	n/a
2310.970703125	0.2	1183217	255	filler_word	171	16	2	delong	unexpected	a	an	book	education	75	2	6.48	2.27	James is an avid reader, so for his birthday his sister decided to give him	about Africa.	False	n/a	n/a
2311.5	0.2	1183488	255	filler_word	171	16	2	delong	unexpected	a	an	book	education	75	2	6.48	2.27	James is an avid reader, so for his birthday his sister decided to give him	about Africa.	False	n/a	n/a
2312.03125	0.2	1183760	255	filler_word	171	16	2	delong	unexpected	a	an	book	education	75	2	6.48	2.27	James is an avid reader, so for his birthday his sister decided to give him	about Africa.	False	n/a	n/a
2312.5625	0.2	1184032	210	control_correct	171	16	2	delong	unexpected	a	an	book	education	75	2	6.48	2.27	James is an avid reader, so for his birthday his sister decided to give him	about Africa.	False	n/a	n/a
2312.876953125	0.0	1184193	110	item_marker	172	10	2	delong	expected	a	an	bird	echo	25	0	6.39	3.87	The tweeting in the treetops sounded like	to Melissa.	False	n/a	n/a
2313.091796875	0.2	1184303	255	filler_word	172	10	2	delong	expected	a	an	bird	echo	25	0	6.39	3.87	The tweeting in the treetops sounded like	to Melissa.	False	n/a	n/a
2313.623046875	0.2	1184575	255	filler_word	172	10	2	delong	expected	a	an	bird	echo	25	0	6.39	3.87	The tweeting in the treetops sounded like	to Melissa.	False	n/a	n/a
2314.154296875	0.2	1184847	212	filler_word	172	10	2	delong	expected	a	an	bird	echo	25	0	6.39	3.87	The tweeting in the treetops sounded like	to Melissa.	False	n/a	n/a
2316.42578125	0.2	1186010	255	filler_word	172	10	2	delong	expected	a	an	bird	echo	25	0	6.39	3.87	The tweeting in the treetops sounded like	to Melissa.	False	n/a	n/a
2316.955078125	0.2	1186281	255	filler_word	172	10	2	delong	expected	a	an	bird	echo	25	0	6.39	3.87	The tweeting in the treetops sounded like	to Melissa.	False	n/a	n/a
2317.486328125	0.2	1186553	255	filler_word	172	10	2	delong	expected	a	an	bird	echo	25	0	6.39	3.87	The tweeting in the treetops sounded like	to Melissa.	False	n/a	n/a
2318.017578125	0.2	1186825	211	control_incorrect	172	10	2	delong	expected	a	an	bird	echo	25	0	6.39	3.87	The tweeting in the treetops sounded like	to Melissa.	False	n/a	n/a
2318.33203125	0.0	1186986	108	item_marker	173	8	2	delong	unexpected	a	an	kite	aeroplane	61	0	6.06	2.93	The day was breezy so the boy went outside to fly	in the park.	True	Was the day breezy?	yes
2318.546875	0.2	1187096	255	filler_word	173	8	2	delong	unexpected	a	an	kite	aeroplane	61	0	6.06	2.93	The day was breezy so the boy went outside to fly	in the park.	True	Was the day breezy?	yes
2319.078125	0.2	1187368	255	filler_word	173	8	2	delong	unexpected	a	an	kite	aeroplane	61	0	6.06	2.93	The day was breezy so the boy went outside to fly	in the park.	True	Was the day breezy?	yes
2319.607421875	0.2	1187639	213	filler_word	173	8	2	delong	unexpected	a	an	kite	aeroplane	61	0	6.06	2.93	The day was breezy so the boy went outside to fly	in the park.	True	Was the day breezy?	yes
2321.962890625	0.2	1188845	255	filler_word	173	8	2	delong	unexpected	a	an	kite	aeroplane	61	0	6.06	2.93	The day was breezy so the boy went outside to fly	in the park.	True	Was the day breezy?	yes
2322.4921875	0.2	1189116	255	filler_word	173	8	2	delong	unexpected	a	an	kite	aeroplane	61	0	6.06	2.93	The day was breezy so the boy went outside to fly	in the park.	True	Was the day breezy?	yes
2323.0234375	0.2	1189388	255	filler_word	173	8	2	delong	unexpected	a	an	kite	aeroplane	61	0	6.06	2.93	The day was breezy so the boy went outside to fly	in the park.	True	Was the day breezy?	yes
2323.552734375	0.2	1189659	255	filler_word	173	8	2	delong	unexpected	a	an	kite	aeroplane	61	0	6.06	2.93	The day was breezy so the boy went outside to fly	in the park.	True	Was the day breezy?	yes
2324.083984375	0.2	1189931	211	control_incorrect	173	8	2	delong	unexpected	a	an	kite	aeroplane	61	0	6.06	2.93	The day was breezy so the boy went outside to fly	in the park.	True	Was the day breezy?	yes
2324.400390625	0.0	1190093	124	item_marker	174	24	2	delong	unexpected	a	an	fire	emergency	75	0	5.6	6.06	Harris saw smoke billowing out of his neighbours' home and immediately got on the phone to report	at their address.	True	Did Harris see smoke?	yes
2324.615234375	0.2	1190203	255	filler_word	174	24	2	delong	unexpected	a	an	fire	emergency	75	0	5.6	6.06	Harris saw smoke billowing out of his neighbours' home and immediately got on the phone to report	at their address.	True	Did Harris see smoke?	yes
2325.146484375	0.2	1190475	255	filler_word	174	24	2	delong	unexpected	a	an	fire	emergency	75	0	5.6	6.06	Harris saw smoke billowing out of his neighbours' home and immediately got on the phone to report	at their address.	True	Did Harris see smoke?	yes
2325.67578125	0.2	1190746	213	filler_word	174	24	2	delong	unexpected	a	an	fire	emergency	75	0	5.6	6.06	Harris saw smoke billowing out of his neighbours' home and immediately got on the phone to report	at their address.	True	Did Harris see smoke?	yes
2327.931640625	0.2	1191901	255	filler_word	174	24	2	delong	unexpected	a	an	fire	emergency	75	0	5.6	6.06	Harris saw smoke billowing out of his neighbours' home and immediately got on the phone to report	at their address.	True	Did Harris see smoke?	yes
2328.4609375	0.2	1192172	255	filler_word	174	24	2	delong	unexpected	a	an	fire	emergency	75	0	5.6	6.06	Harris saw smoke billowing out of his neighbours' home and immediately got on the phone to report	at their address.	True	Did Harris see smoke?	yes
2328.9921875	0.2	1192444	255	filler_word	174	24	2	delong	unexpected	a	an	fire	emergency	75	0	5.6	6.06	Harris saw smoke billowing out of his neighbours' home and immediately got on the phone to report	at their address.	True	Did Harris see smoke?	yes
2329.5234375	0.2	1192716	210	control_correct	174	24	2	delong	unexpected	a	an	fire	emergency	75	0	5.6	6.06	Harris saw smoke billowing out of his neighbours' home and immediately got on the phone to report	at their address.	True	Did Harris see smoke?	yes
2329.837890625	0.0	1192877	101	item_marker	175	1	2	delong	expected	an	a	apple	carrot	82	0	4.87	2.23	The old wives' tale says that if you want to keep the doctor away then you should eat	a day.	False	n/a	n/a
2330.052734375	0.2	1192987	255	filler_word	175	1	2	delong	expected	an	a	apple	carrot	82	0	4.87	2.23	The old wives' tale says that if you want to keep the doctor away then you should eat	a day.	False	n/a	n/a
2330.583984375	0.2	1193259	255	filler_word	175	1	2	delong	expected	an	a	apple	carrot	82	0	4.87	2.23	The old wives' tale says that if you want to keep the doctor away then you should eat	a day.	False	n/a	n/a
2331.11328125	0.2	1193530	212	filler_word	175	1	2	delong	expected	an	a	apple	carrot	82	0	4.87	2.23	The old wives' tale says that if you want to keep the doctor away then you should eat	a day.	False	n/a	n/a
2334.330078125	0.2	1195177	255	filler_word	175	1	2	delong	expected	an	a	apple	carrot	82	0	4.87	2.23	The old wives' tale says that if you want to keep the doctor away then you should eat	a day.	False	n/a	n/a
2334.861328125	0.2	1195449	255	filler_word	175	1	2	delong	expected	an	a	apple	carrot	82	0	4.87	2.23	The old wives' tale says that if you want to keep the doctor away then you should eat	a day.	False	n/a	n/a
2335.392578125	0.2	1195721	255	filler_word	175	1	2	delong	expected	an	a	apple	carrot	82	0	4.87	2.23	The old wives' tale says that if you want to keep the doctor away then you should eat	a day.	False	n/a	n/a
2335.921875	0.2	1195992	255	filler_word	175	1	2	delong	expected	an	a	apple	carrot	82	0	4.87	2.23	The old wives' tale says that if you want to keep the doctor away then you should eat	a day.	False	n/a	n/a
2336.453125	0.2	1196264	255	filler_word	175	1	2	delong	expected	an	a	apple	carrot	82	0	4.87	2.23	The old wives' tale says that if you want to keep the doctor away then you should eat	a day.	False	n/a	n/a
2336.982421875	0.2	1196535	255	filler_word	175	1	2	delong	expected	an	a	apple	carrot	82	0	4.87	2.23	The old wives' tale says that if you want to keep the doctor away then you should eat	a day.	False	n/a	n/a
2337.513671875	0.2	1196807	255	filler_word	175	1	2	delong	expected	an	a	apple	carrot	82	0	4.87	2.23	The old wives' tale says that if you want to keep the doctor away then you should eat	a day.	False	n/a	n/a
2338.04296875	0.2	1197078	211	control_incorrect	175	1	2	delong	expected	an	a	apple	carrot	82	0	4.87	2.23	The old wives' tale says that if you want to keep the doctor away then you should eat	a day.	False	n/a	n/a
2338.359375	0.0	1197240	135	item_marker	176	35	2	delong	unexpected	an	a	umbrella	newspaper	93	5	6.29	2.3	Because it frequently rains in London it's a good idea to always carry	with you.	False	n/a	n/a
2338.57421875	0.2	1197350	255	filler_word	176	35	2	delong	unexpected	an	a	umbrella	newspaper	93	5	6.29	2.3	Because it frequently rains in London it's a good idea to always carry	with you.	False	n/a	n/a
2339.10546875	0.2	1197622	213	filler_word	176	35	2	delong	unexpected	an	a	umbrella	newspaper	93	5	6.29	2.3	Because it frequently rains in London it's a good idea to always carry	with you.	False	n/a	n/a
2341.923828125	0.2	1199065	255	filler_word	176	35	2	delong	unexpected	an	a	umbrella	newspaper	93	5	6.29	2.3	Because it frequently rains in London it's a good idea to always carry	with you.	False	n/a	n/a
2342.453125	0.2	1199336	255	filler_word	176	35	2	delong	unexpected	an	a	umbrella	newspaper	93	5	6.29	2.3	Because it frequently rains in London it's a good idea to always carry	with you.	False	n/a	n/a
2342.984375	0.2	1199608	255	filler_word	176	35	2	delong	unexpected	an	a	umbrella	newspaper	93	5	6.29	2.3	Because it frequently rains in London it's a good idea to always carry	with you.	False	n/a	n/a
2343.515625	0.2	1199880	210	control_correct	176	35	2	delong	unexpected	an	a	umbrella	newspaper	93	5	6.29	2.3	Because it frequently rains in London it's a good idea to always carry	with you.	False	n/a	n/a
2343.830078125	0.0	1200041	109	item_marker	177	9	2	delong	expected	an	a	echo	bird	75	2	5.9	3.83	Surrounded by mountains, Lola shouted across the valley and heard	in the distance.	False	n/a	n/a
2344.044921875	0.2	1200151	255	filler_word	177	9	2	delong	expected	an	a	echo	bird	75	2	5.9	3.83	Surrounded by mountains, Lola shouted across the valley and heard	in the distance.	False	n/a	n/a
2344.576171875	0.2	1200423	255	filler_word	177	9	2	delong	expected	an	a	echo	bird	75	2	5.9	3.83	Surrounded by mountains, Lola shouted across the valley and heard	in the distance.	False	n/a	n/a
2345.107421875	0.2	1200695	212	filler_word	177	9	2	delong	expected	an	a	echo	bird	75	2	5.9	3.83	Surrounded by mountains, Lola shouted across the valley and heard	in the distance.	False	n/a	n/a
2347.24609375	0.2	1201790	255	filler_word	177	9	2	delong	expected	an	a	echo	bird	75	2	5.9	3.83	Surrounded by mountains, Lola shouted across the valley and heard	in the distance.	False	n/a	n/a
2347.775390625	0.2	1202061	255	filler_word	177	9	2	delong	expected	an	a	echo	bird	75	2	5.9	3.83	Surrounded by mountains, Lola shouted across the valley and heard	in the distance.	False	n/a	n/a
2348.306640625	0.2	1202333	255	filler_word	177	9	2	delong	expected	an	a	echo	bird	75	2	5.9	3.83	Surrounded by mountains, Lola shouted across the valley and heard	in the distance.	False	n/a	n/a
2348.8359375	0.2	1202604	211	control_incorrect	177	9	2	delong	expected	an	a	echo	bird	75	2	5.9	3.83	Surrounded by mountains, Lola shouted across the valley and heard	in the distance.	False	n/a	n/a
2349.15234375	0.0	1202766	120	item_marker	178	20	2	delong	unexpected	a	an	fight	affair	75	9	6.19	3.2	Whenever Josh had too much to drink, he became belligerent and would try to start	with someone in the bar.	True	Would Josh sing if drunk?	no
2349.3671875	0.2	1202876	255	filler_word	178	20	2	delong	unexpected	a	an	fight	affair	75	9	6.19	3.2	Whenever Josh had too much to drink, he became belligerent and would try to start	with someone in the bar.	True	Would Josh sing if drunk?	no
2349.8984375	0.2	1203148	255	filler_word	178	20	2	delong	unexpected	a	an	fight	affair	75	9	6.19	3.2	Whenever Josh had too much to drink, he became belligerent and would try to start	with someone in the bar.	True	Would Josh sing if drunk?	no
2350.4296875	0.2	1203420	255	filler_word	178	20	2	delong	unexpected	a	an	fight	affair	75	9	6.19	3.2	Whenever Josh had too much to drink, he became belligerent and would try to start	with someone in the bar.	True	Would Josh sing if drunk?	no
2350.958984375	0.2	1203691	213	filler_word	178	20	2	delong	unexpected	a	an	fight	affair	75	9	6.19	3.2	Whenever Josh had too much to drink, he became belligerent and would try to start	with someone in the bar.	True	Would Josh sing if drunk?	no
2354.408203125	0.2	1205457	255	filler_word	178	20	2	delong	unexpected	a	an	fight	affair	75	9	6.19	3.2	Whenever Josh had too much to drink, he became belligerent and would try to start	with someone in the bar.	True	Would Josh sing if drunk?	no
2354.9375	0.2	1205728	255	filler_word	178	20	2	delong	unexpected	a	an	fight	affair	75	9	6.19	3.2	Whenever Josh had too much to drink, he became belligerent and would try to start	with someone in the bar.	True	Would Josh sing if drunk?	no
2355.46875	0.2	1206000	255	filler_word	178	20	2	delong	unexpected	a	an	fight	affair	75	9	6.19	3.2	Whenever Josh had too much to drink, he became belligerent and would try to start	with someone in the bar.	True	Would Josh sing if drunk?	no
2355.998046875	0.2	1206271	211	control_incorrect	178	20	2	delong	unexpected	a	an	fight	affair	75	9	6.19	3.2	Whenever Josh had too much to drink, he became belligerent and would try to start	with someone in the bar.	True	Would Josh sing if drunk?	no
2356.314453125	0.0	1206433	111	item_marker	179	11	2	delong	unexpected	an	a	octopus	fish	84	9	5.73	3.0	When the scuba diver saw the tentacle, he quickly realized that the creature under the rock was	in hiding.	True	Did the diver see a treasure?	no
2356.529296875	0.2	1206543	255	filler_word	179	11	2	delong	unexpected	an	a	octopus	fish	84	9	5.73	3.0	When the scuba diver saw the tentacle, he quickly realized that the creature under the rock was	in hiding.	True	Did the diver see a treasure?	no
2357.060546875	0.2	1206815	255	filler_word	179	11	2	delong	unexpected	an	a	octopus	fish	84	9	5.73	3.0	When the scuba diver saw the tentacle, he quickly realized that the creature under the rock was	in hiding.	True	Did the diver see a treasure?	no
2357.58984375	0.2	1207086	255	filler_word	179	11	2	delong	unexpected	an	a	octopus	fish	84	9	5.73	3.0	When the scuba diver saw the tentacle, he quickly realized that the creature under the rock was	in hiding.	True	Did the diver see a treasure?	no
2358.12109375	0.2	1207358	213	filler_word	179	11	2	delong	unexpected	an	a	octopus	fish	84	9	5.73	3.0	When the scuba diver saw the tentacle, he quickly realized that the creature under the rock was	in hiding.	True	Did the diver see a treasure?	no
2361.818359375	0.2	1209251	255	filler_word	179	11	2	delong	unexpected	an	a	octopus	fish	84	9	5.73	3.0	When the scuba diver saw the tentacle, he quickly realized that the creature under the rock was	in hiding.	True	Did the diver see a treasure?	no
2362.349609375	0.2	1209523	255	filler_word	179	11	2	delong	unexpected	an	a	octopus	fish	84	9	5.73	3.0	When the scuba diver saw the tentacle, he quickly realized that the creature under the rock was	in hiding.	True	Did the diver see a treasure?	no
2362.87890625	0.2	1209794	255	filler_word	179	11	2	delong	unexpected	an	a	octopus	fish	84	9	5.73	3.0	When the scuba diver saw the tentacle, he quickly realized that the creature under the rock was	in hiding.	True	Did the diver see a treasure?	no
2363.41015625	0.2	1210066	210	control_correct	179	11	2	delong	unexpected	an	a	octopus	fish	84	9	5.73	3.0	When the scuba diver saw the tentacle, he quickly realized that the creature under the rock was	in hiding.	True	Did the diver see a treasure?	no
2363.724609375	0.0	1210227	138	item_marker	180	38	2	delong	expected	a	an	plumber	architect	93	0	6.1	2.1	When the pipe broke in the bathroom Felicia looked through the phonebook to find	who could come and take a look at the job.	False	n/a	n/a
2363.939453125	0.2	1210337	255	filler_word	180	38	2	delong	expected	a	an	plumber	architect	93	0	6.1	2.1	When the pipe broke in the bathroom Felicia looked through the phonebook to find	who could come and take a look at the job.	False	n/a	n/a
2364.470703125	0.2	1210609	255	filler_word	180	38	2	delong	expected	a	an	plumber	architect	93	0	6.1	2.1	When the pipe broke in the bathroom Felicia looked through the phonebook to find	who could come and take a look at the job.	False	n/a	n/a
2365.0	0.2	1210880	255	filler_word	180	38	2	delong	expected	a	an	plumber	architect	93	0	6.1	2.1	When the pipe broke in the bathroom Felicia looked through the phonebook to find	who could come and take a look at the job.	False	n/a	n/a
2365.53125	0.2	1211152	212	filler_word	180	38	2	delong	expected	a	an	plumber	architect	93	0	6.1	2.1	When the pipe broke in the bathroom Felicia looked through the phonebook to find	who could come and take a look at the job.	False	n/a	n/a
2367.869140625	0.2	1212349	255	filler_word	180	38	2	delong	expected	a	an	plumber	architect	93	0	6.1	2.1	When the pipe broke in the bathroom Felicia looked through the phonebook to find	who could come and take a look at the job.	False	n/a	n/a
2368.400390625	0.2	1212621	255	filler_word	180	38	2	delong	expected	a	an	plumber	architect	93	0	6.1	2.1	When the pipe broke in the bathroom Felicia looked through the phonebook to find	who could come and take a look at the job.	False	n/a	n/a
2368.9296875	0.2	1212892	255	filler_word	180	38	2	delong	expected	a	an	plumber	architect	93	0	6.1	2.1	When the pipe broke in the bathroom Felicia looked through the phonebook to find	who could come and take a look at the job.	False	n/a	n/a
2369.4609375	0.2	1213164	210	control_correct	180	38	2	delong	expected	a	an	plumber	architect	93	0	6.1	2.1	When the pipe broke in the bathroom Felicia looked through the phonebook to find	who could come and take a look at the job.	False	n/a	n/a
2369.77734375	0.0	1213326	117	item_marker	181	17	2	delong	expected	an	a	election	parade	70	20	5.63	4.58	When the representative retired in the middle of his term, the state was forced to hold	in his district.	False	n/a	n/a
2369.9921875	0.2	1213436	255	filler_word	181	17	2	delong	expected	an	a	election	parade	70	20	5.63	4.58	When the representative retired in the middle of his term, the state was forced to hold	in his district.	False	n/a	n/a
2370.521484375	0.2	1213707	255	filler_word	181	17	2	delong	expected	an	a	election	parade	70	20	5.63	4.58	When the representative retired in the middle of his term, the state was forced to hold	in his district.	False	n/a	n/a
2371.052734375	0.2	1213979	212	filler_word	181	17	2	delong	expected	an	a	election	parade	70	20	5.63	4.58	When the representative retired in the middle of his term, the state was forced to hold	in his district.	False	n/a	n/a
2373.505859375	0.2	1215235	255	filler_word	181	17	2	delong	expected	an	a	election	parade	70	20	5.63	4.58	When the representative retired in the middle of his term, the state was forced to hold	in his district.	False	n/a	n/a
2374.037109375	0.2	1215507	255	filler_word	181	17	2	delong	expected	an	a	election	parade	70	20	5.63	4.58	When the representative retired in the middle of his term, the state was forced to hold	in his district.	False	n/a	n/a
2374.56640625	0.2	1215778	255	filler_word	181	17	2	delong	expected	an	a	election	parade	70	20	5.63	4.58	When the representative retired in the middle of his term, the state was forced to hold	in his district.	False	n/a	n/a
2375.09765625	0.2	1216050	255	filler_word	181	17	2	delong	expected	an	a	election	parade	70	20	5.63	4.58	When the representative retired in the middle of his term, the state was forced to hold	in his district.	False	n/a	n/a
2375.626953125	0.2	1216321	211	control_incorrect	181	17	2	delong	expected	an	a	election	parade	70	20	5.63	4.58	When the representative retired in the middle of his term, the state was forced to hold	in his district.	False	n/a	n/a
2375.943359375	0.0	1216483	104	item_marker	182	4	2	delong	unexpected	a	an	lisp	accent	86	0	5.97	4.16	Katie did not like to say words with the letter s because she spoke with	and was embarrassed.	False	n/a	n/a
2376.158203125	0.2	1216593	255	filler_word	182	4	2	delong	unexpected	a	an	lisp	accent	86	0	5.97	4.16	Katie did not like to say words with the letter s because she spoke with	and was embarrassed.	False	n/a	n/a
2376.689453125	0.2	1216865	255	filler_word	182	4	2	delong	unexpected	a	an	lisp	accent	86	0	5.97	4.16	Katie did not like to say words with the letter s because she spoke with	and was embarrassed.	False	n/a	n/a
2377.220703125	0.2	1217137	213	filler_word	182	4	2	delong	unexpected	a	an	lisp	accent	86	0	5.97	4.16	Katie did not like to say words with the letter s because she spoke with	and was embarrassed.	False	n/a	n/a
2379.076171875	0.2	1218087	255	filler_word	182	4	2	delong	unexpected	a	an	lisp	accent	86	0	5.97	4.16	Katie did not like to say words with the letter s because she spoke with	and was embarrassed.	False	n/a	n/a
2379.607421875	0.2	1218359	255	filler_word	182	4	2	delong	unexpected	a	an	lisp	accent	86	0	5.97	4.16	Katie did not like to say words with the letter s because she spoke with	and was embarrassed.	False	n/a	n/a
2380.138671875	0.2	1218631	255	filler_word	182	4	2	delong	unexpected	a	an	lisp	accent	86	0	5.97	4.16	Katie did not like to say words with the letter s because she spoke with	and was embarrassed.	False	n/a	n/a
2380.66796875	0.2	1218902	255	filler_word	182	4	2	delong	unexpected	a	an	lisp	accent	86	0	5.97	4.16	Katie did not like to say words with the letter s because she spoke with	and was embarrassed.	False	n/a	n/a
2381.19921875	0.2	1219174	255	filler_word	182	4	2	delong	unexpected	a	an	lisp	accent	86	0	5.97	4.16	Katie did not like to say words with the letter s because she spoke with	and was embarrassed.	False	n/a	n/a
2381.728515625	0.2	1219445	255	filler_word	182	4	2	delong	unexpected	a	an	lisp	accent	86	0	5.97	4.16	Katie did not like to say words with the letter s because she spoke with	and was embarrassed.	False	n/a	n/a
2382.259765625	0.2	1219717	210	control_correct	182	4	2	delong	unexpected	a	an	lisp	accent	86	0	5.97	4.16	Katie did not like to say words with the letter s because she spoke with	and was embarrassed.	False	n/a	n/a
2382.57421875	0.0	1219878	114	item_marker	183	14	2	delong	expected	a	an	student	artist	73	5	5.67	3.81	Betsy had no desire to enter the working world, so decided to stay at the university and remain	for a few more semesters.	True	Did Betsy find a job?	no
2382.7890625	0.2	1219988	255	filler_word	183	14	2	delong	expected	a	an	student	artist	73	5	5.67	3.81	Betsy had no desire to enter the working world, so decided to stay at the university and remain	for a few more semesters.	True	Did Betsy find a job?	no
2383.3203125	0.2	1220260	212	filler_word	183	14	2	delong	expected	a	an	student	artist	73	5	5.67	3.81	Betsy had no desire to enter the working world, so decided to stay at the university and remain	for a few more semesters.	True	Did Betsy find a job?	no
2385.576171875	0.2	1221415	255	filler_word	183	14	2	delong	expected	a	an	student	artist	73	5	5.67	3.81	Betsy had no desire to enter the working world, so decided to stay at the university and remain	for a few more semesters.	True	Did Betsy find a job?	no
2386.10546875	0.2	1221686	255	filler_word	183	14	2	delong	expected	a	an	student	artist	73	5	5.67	3.81	Betsy had no desire to enter the working world, so decided to stay at the university and remain	for a few more semesters.	True	Did Betsy find a job?	no
2386.63671875	0.2	1221958	255	filler_word	183	14	2	delong	expected	a	an	student	artist	73	5	5.67	3.81	Betsy had no desire to enter the working world, so decided to stay at the university and remain	for a few more semesters.	True	Did Betsy find a job?	no
2387.166015625	0.2	1222229	255	filler_word	183	14	2	delong	expected	a	an	student	artist	73	5	5.67	3.81	Betsy had no desire to enter the working world, so decided to stay at the university and remain	for a few more semesters.	True	Did Betsy find a job?	no
2387.697265625	0.2	1222501	255	filler_word	183	14	2	delong	expected	a	an	student	artist	73	5	5.67	3.81	Betsy had no desire to enter the working world, so decided to stay at the university and remain	for a few more semesters.	True	Did Betsy find a job?	no
2388.228515625	0.2	1222773	210	control_correct	183	14	2	delong	expected	a	an	student	artist	73	5	5.67	3.81	Betsy had no desire to enter the working world, so decided to stay at the university and remain	for a few more semesters.	True	Did Betsy find a job?	no
2388.54296875	0.0	1222934	129	item_marker	184	29	2	delong	expected	a	an	flat	apartment	66	11	6.26	6.03	Margot had finally decided to buy a house in the suburbs after a year of renting	in the city.	True	Did Margot want to buy a car?	no
2388.759765625	0.2	1223045	255	filler_word	184	29	2	delong	expected	a	an	flat	apartment	66	11	6.26	6.03	Margot had finally decided to buy a house in the suburbs after a year of renting	in the city.	True	Did Margot want to buy a car?	no
2389.2890625	0.2	1223316	212	filler_word	184	29	2	delong	expected	a	an	flat	apartment	66	11	6.26	6.03	Margot had finally decided to buy a house in the suburbs after a year of renting	in the city.	True	Did Margot want to buy a car?	no
2391.39453125	0.2	1224394	255	filler_word	184	29	2	delong	expected	a	an	flat	apartment	66	11	6.26	6.03	Margot had finally decided to buy a house in the suburbs after a year of renting	in the city.	True	Did Margot want to buy a car?	no
2391.92578125	0.2	1224666	255	filler_word	184	29	2	delong	expected	a	an	flat	apartment	66	11	6.26	6.03	Margot had finally decided to buy a house in the suburbs after a year of renting	in the city.	True	Did Margot want to buy a car?	no
2392.455078125	0.2	1224937	255	filler_word	184	29	2	delong	expected	a	an	flat	apartment	66	11	6.26	6.03	Margot had finally decided to buy a house in the suburbs after a year of renting	in the city.	True	Did Margot want to buy a car?	no
2392.986328125	0.2	1225209	255	filler_word	184	29	2	delong	expected	a	an	flat	apartment	66	11	6.26	6.03	Margot had finally decided to buy a house in the suburbs after a year of renting	in the city.	True	Did Margot want to buy a car?	no
2393.517578125	0.2	1225481	255	filler_word	184	29	2	delong	expected	a	an	flat	apartment	66	11	6.26	6.03	Margot had finally decided to buy a house in the suburbs after a year of renting	in the city.	True	Did Margot want to buy a car?	no
2394.046875	0.2	1225752	211	control_incorrect	184	29	2	delong	expected	a	an	flat	apartment	66	11	6.26	6.03	Margot had finally decided to buy a house in the suburbs after a year of renting	in the city.	True	Did Margot want to buy a car?	no
2394.36328125	0.0	1225914	128	item_marker	185	28	2	delong	unexpected	a	an	race	accident	61	36	5.42	3.2	When we saw the finish line and the pylons sectioning off part of the road we knew that there must have been	earlier that day.	False	n/a	n/a
2394.578125	0.2	1226024	213	filler_word	185	28	2	delong	unexpected	a	an	race	accident	61	36	5.42	3.2	When we saw the finish line and the pylons sectioning off part of the road we knew that there must have been	earlier that day.	False	n/a	n/a
2396.767578125	0.2	1227145	255	filler_word	185	28	2	delong	unexpected	a	an	race	accident	61	36	5.42	3.2	When we saw the finish line and the pylons sectioning off part of the road we knew that there must have been	earlier that day.	False	n/a	n/a
2397.296875	0.2	1227416	255	filler_word	185	28	2	delong	unexpected	a	an	race	accident	61	36	5.42	3.2	When we saw the finish line and the pylons sectioning off part of the road we knew that there must have been	earlier that day.	False	n/a	n/a
2397.826171875	0.2	1227687	255	filler_word	185	28	2	delong	unexpected	a	an	race	accident	61	36	5.42	3.2	When we saw the finish line and the pylons sectioning off part of the road we knew that there must have been	earlier that day.	False	n/a	n/a
2398.357421875	0.2	1227959	255	filler_word	185	28	2	delong	unexpected	a	an	race	accident	61	36	5.42	3.2	When we saw the finish line and the pylons sectioning off part of the road we knew that there must have been	earlier that day.	False	n/a	n/a
2398.888671875	0.2	1228231	255	filler_word	185	28	2	delong	unexpected	a	an	race	accident	61	36	5.42	3.2	When we saw the finish line and the pylons sectioning off part of the road we knew that there must have been	earlier that day.	False	n/a	n/a
2399.419921875	0.2	1228503	210	control_correct	185	28	2	delong	unexpected	a	an	race	accident	61	36	5.42	3.2	When we saw the finish line and the pylons sectioning off part of the road we knew that there must have been	earlier that day.	False	n/a	n/a
2399.734375	0.0	1228664	113	item_marker	186	13	2	delong	expected	an	a	artist	student	61	36	5.73	5.23	On a street corner in Paris Kim had her portrait painted by	for three euros.	False	n/a	n/a
2399.94921875	0.2	1228774	255	filler_word	186	13	2	delong	expected	an	a	artist	student	61	36	5.73	5.23	On a street corner in Paris Kim had her portrait painted by	for three euros.	False	n/a	n/a
2400.48046875	0.2	1229046	212	filler_word	186	13	2	delong	expected	an	a	artist	student	61	36	5.73	5.23	On a street corner in Paris Kim had her portrait painted by	for three euros.	False	n/a	n/a
2402.51953125	0.2	1230090	255	filler_word	186	13	2	delong	expected	an	a	artist	student	61	36	5.73	5.23	On a street corner in Paris Kim had her portrait painted by	for three euros.	False	n/a	n/a
2403.05078125	0.2	1230362	255	filler_word	186	13	2	delong	expected	an	a	artist	student	61	36	5.73	5.23	On a street corner in Paris Kim had her portrait painted by	for three euros.	False	n/a	n/a
2403.580078125	0.2	1230633	255	filler_word	186	13	2	delong	expected	an	a	artist	student	61	36	5.73	5.23	On a street corner in Paris Kim had her portrait painted by	for three euros.	False	n/a	n/a
2404.111328125	0.2	1230905	210	control_correct	186	13	2	delong	expected	an	a	artist	student	61	36	5.73	5.23	On a street corner in Paris Kim had her portrait painted by	for three euros.	False	n/a	n/a
2404.42578125	0.0	1231066	133	item_marker	187	33	2	delong	expected	an	a	elephant	bicycle	73	11	6.43	4.48	The highlight of Jack's trip to India was when he got to ride	in the parade.	False	n/a	n/a
2404.640625	0.2	1231176	255	filler_word	187	33	2	delong	expected	an	a	elephant	bicycle	73	11	6.43	4.48	The highlight of Jack's trip to India was when he got to ride	in the parade.	False	n/a	n/a
2405.171875	0.2	1231448	255	filler_word	187	33	2	delong	expected	an	a	elephant	bicycle	73	11	6.43	4.48	The highlight of Jack's trip to India was when he got to ride	in the parade.	False	n/a	n/a
2405.701171875	0.2	1231719	212	filler_word	187	33	2	delong	expected	an	a	elephant	bicycle	73	11	6.43	4.48	The highlight of Jack's trip to India was when he got to ride	in the parade.	False	n/a	n/a
2407.857421875	0.2	1232823	255	filler_word	187	33	2	delong	expected	an	a	elephant	bicycle	73	11	6.43	4.48	The highlight of Jack's trip to India was when he got to ride	in the parade.	False	n/a	n/a
2408.388671875	0.2	1233095	255	filler_word	187	33	2	delong	expected	an	a	elephant	bicycle	73	11	6.43	4.48	The highlight of Jack's trip to India was when he got to ride	in the parade.	False	n/a	n/a
2408.919921875	0.2	1233367	255	filler_word	187	33	2	delong	expected	an	a	elephant	bicycle	73	11	6.43	4.48	The highlight of Jack's trip to India was when he got to ride	in the parade.	False	n/a	n/a
2409.44921875	0.2	1233638	255	filler_word	187	33	2	delong	expected	an	a	elephant	bicycle	73	11	6.43	4.48	The highlight of Jack's trip to India was when he got to ride	in the parade.	False	n/a	n/a
2409.98046875	0.2	1233910	210	control_correct	187	33	2	delong	expected	an	a	elephant	bicycle	73	11	6.43	4.48	The highlight of Jack's trip to India was when he got to ride	in the parade.	False	n/a	n/a
2410.294921875	0.0	1234071	121	item_marker	188	21	2	delong	expected	an	a	allowance	pound	60	9	6.29	4.3	Instead of giving her money whenever she asked for it, Rachel's father thought that it would be a real lesson in economics for her if every week she received	to spend as she wished.	False	n/a	n/a
2410.509765625	0.2	1234181	255	filler_word	188	21	2	delong	expected	an	a	allowance	pound	60	9	6.29	4.3	Instead of giving her money whenever she asked for it, Rachel's father thought that it would be a real lesson in economics for her if every week she received	to spend as she wished.	False	n/a	n/a
2411.041015625	0.2	1234453	255	filler_word	188	21	2	delong	expected	an	a	allowance	pound	60	9	6.29	4.3	Instead of giving her money whenever she asked for it, Rachel's father thought that it would be a real lesson in economics for her if every week she received	to spend as she wished.	False	n/a	n/a
2411.5703125	0.2	1234724	255	filler_word	188	21	2	delong	expected	an	a	allowance	pound	60	9	6.29	4.3	Instead of giving her money whenever she asked for it, Rachel's father thought that it would be a real lesson in economics for her if every week she received	to spend as she wished.	False	n/a	n/a
2412.1015625	0.2	1234996	212	filler_word	188	21	2	delong	expected	an	a	allowance	pound	60	9	6.29	4.3	Instead of giving her money whenever she asked for it, Rachel's father thought that it would be a real lesson in economics for her if every week she received	to spend as she wished.	False	n/a	n/a
2414.107421875	0.2	1236023	255	filler_word	188	21	2	delong	expected	an	a	allowance	pound	60	9	6.29	4.3	Instead of giving her money whenever she asked for it, Rachel's father thought that it would be a real lesson in economics for her if every week she received	to spend as she wished.	False	n/a	n/a
2414.638671875	0.2	1236295	255	filler_word	188	21	2	delong	expected	an	a	allowance	pound	60	9	6.29	4.3	Instead of giving her money whenever she asked for it, Rachel's father thought that it would be a real lesson in economics for her if every week she received	to spend as she wished.	False	n/a	n/a
2415.169921875	0.2	1236567	255	filler_word	188	21	2	delong	expected	an	a	allowance	pound	60	9	6.29	4.3	Instead of giving her money whenever she asked for it, Rachel's father thought that it would be a real lesson in economics for her if every week she received	to spend as she wished.	False	n/a	n/a
2415.69921875	0.2	1236838	211	control_incorrect	188	21	2	delong	expected	an	a	allowance	pound	60	9	6.29	4.3	Instead of giving her money whenever she asked for it, Rachel's father thought that it would be a real lesson in economics for her if every week she received	to spend as she wished.	False	n/a	n/a
2416.015625	0.0	1237000	119	item_marker	189	19	2	delong	unexpected	an	a	affair	fight	98	2	6.52	2.07	When her husband started staying late at the office every night, Joanne began to suspect that he was having	with someone at work.	False	n/a	n/a
2416.23046875	0.2	1237110	255	filler_word	189	19	2	delong	unexpected	an	a	affair	fight	98	2	6.52	2.07	When her husband started staying late at the office every night, Joanne began to suspect that he was having	with someone at work.	False	n/a	n/a
2416.759765625	0.2	1237381	255	filler_word	189	19	2	delong	unexpected	an	a	affair	fight	98	2	6.52	2.07	When her husband started staying late at the office every night, Joanne began to suspect that he was having	with someone at work.	False	n/a	n/a
2417.291015625	0.2	1237653	213	filler_word	189	19	2	delong	unexpected	an	a	affair	fight	98	2	6.52	2.07	When her husband started staying late at the office every night, Joanne began to suspect that he was having	with someone at work.	False	n/a	n/a
2419.48046875	0.2	1238774	255	filler_word	189	19	2	delong	unexpected	an	a	affair	fight	98	2	6.52	2.07	When her husband started staying late at the office every night, Joanne began to suspect that he was having	with someone at work.	False	n/a	n/a
2420.009765625	0.2	1239045	255	filler_word	189	19	2	delong	unexpected	an	a	affair	fight	98	2	6.52	2.07	When her husband started staying late at the office every night, Joanne began to suspect that he was having	with someone at work.	False	n/a	n/a
2420.5390625	0.2	1239316	255	filler_word	189	19	2	delong	unexpected	an	a	affair	fight	98	2	6.52	2.07	When her husband started staying late at the office every night, Joanne began to suspect that he was having	with someone at work.	False	n/a	n/a
2421.0703125	0.2	1239588	255	filler_word	189	19	2	delong	unexpected	an	a	affair	fight	98	2	6.52	2.07	When her husband started staying late at the office every night, Joanne began to suspect that he was having	with someone at work.	False	n/a	n/a
2421.6015625	0.2	1239860	255	filler_word	189	19	2	delong	unexpected	an	a	affair	fight	98	2	6.52	2.07	When her husband started staying late at the office every night, Joanne began to suspect that he was having	with someone at work.	False	n/a	n/a
2422.1328125	0.2	1240132	210	control_correct	189	19	2	delong	unexpected	an	a	affair	fight	98	2	6.52	2.07	When her husband started staying late at the office every night, Joanne began to suspect that he was having	with someone at work.	False	n/a	n/a
2422.447265625	0.0	1240293	134	item_marker	190	34	2	delong	expected	a	an	bicycle	elephant	95	0	6.07	3.48	You never forget how to ride	once you've learned.	False	n/a	n/a
2422.662109375	0.2	1240403	255	filler_word	190	34	2	delong	expected	a	an	bicycle	elephant	95	0	6.07	3.48	You never forget how to ride	once you've learned.	False	n/a	n/a
2423.193359375	0.2	1240675	212	filler_word	190	34	2	delong	expected	a	an	bicycle	elephant	95	0	6.07	3.48	You never forget how to ride	once you've learned.	False	n/a	n/a
2425.232421875	0.2	1241719	255	filler_word	190	34	2	delong	expected	a	an	bicycle	elephant	95	0	6.07	3.48	You never forget how to ride	once you've learned.	False	n/a	n/a
2425.763671875	0.2	1241991	255	filler_word	190	34	2	delong	expected	a	an	bicycle	elephant	95	0	6.07	3.48	You never forget how to ride	once you've learned.	False	n/a	n/a
2426.29296875	0.2	1242262	255	filler_word	190	34	2	delong	expected	a	an	bicycle	elephant	95	0	6.07	3.48	You never forget how to ride	once you've learned.	False	n/a	n/a
2426.82421875	0.2	1242534	211	control_incorrect	190	34	2	delong	expected	a	an	bicycle	elephant	95	0	6.07	3.48	You never forget how to ride	once you've learned.	False	n/a	n/a
2427.138671875	0.0	1242695	107	item_marker	191	7	2	delong	unexpected	an	a	aeroplane	kite	77	18	5.74	2.87	Although the idea of flight was as old as the hills, the Wright Brothers were the first people to build	that actually flew.	False	n/a	n/a
2427.353515625	0.2	1242805	255	filler_word	191	7	2	delong	unexpected	an	a	aeroplane	kite	77	18	5.74	2.87	Although the idea of flight was as old as the hills, the Wright Brothers were the first people to build	that actually flew.	False	n/a	n/a
2427.884765625	0.2	1243077	213	filler_word	191	7	2	delong	unexpected	an	a	aeroplane	kite	77	18	5.74	2.87	Although the idea of flight was as old as the hills, the Wright Brothers were the first people to build	that actually flew.	False	n/a	n/a
2430.123046875	0.2	1244223	255	filler_word	191	7	2	delong	unexpected	an	a	aeroplane	kite	77	18	5.74	2.87	Although the idea of flight was as old as the hills, the Wright Brothers were the first people to build	that actually flew.	False	n/a	n/a
2430.654296875	0.2	1244495	255	filler_word	191	7	2	delong	unexpected	an	a	aeroplane	kite	77	18	5.74	2.87	Although the idea of flight was as old as the hills, the Wright Brothers were the first people to build	that actually flew.	False	n/a	n/a
2431.18359375	0.2	1244766	255	filler_word	191	7	2	delong	unexpected	an	a	aeroplane	kite	77	18	5.74	2.87	Although the idea of flight was as old as the hills, the Wright Brothers were the first people to build	that actually flew.	False	n/a	n/a
2431.71484375	0.2	1245038	255	filler_word	191	7	2	delong	unexpected	an	a	aeroplane	kite	77	18	5.74	2.87	Although the idea of flight was as old as the hills, the Wright Brothers were the first people to build	that actually flew.	False	n/a	n/a
2432.244140625	0.2	1245309	255	filler_word	191	7	2	delong	unexpected	an	a	aeroplane	kite	77	18	5.74	2.87	Although the idea of flight was as old as the hills, the Wright Brothers were the first people to build	that actually flew.	False	n/a	n/a
2432.775390625	0.2	1245581	210	control_correct	191	7	2	delong	unexpected	an	a	aeroplane	kite	77	18	5.74	2.87	Although the idea of flight was as old as the hills, the Wright Brothers were the first people to build	that actually flew.	False	n/a	n/a
2433.091796875	0.0	1245743	122	item_marker	192	22	2	delong	expected	a	an	pound	allowance	52	2	5.19	3.9	Andrew complained that the only place he could afford was Poundland, after his grandmother gave him	for helping her.	False	n/a	n/a
2433.306640625	0.2	1245853	255	filler_word	192	22	2	delong	expected	a	an	pound	allowance	52	2	5.19	3.9	Andrew complained that the only place he could afford was Poundland, after his grandmother gave him	for helping her.	False	n/a	n/a
2433.837890625	0.2	1246125	212	filler_word	192	22	2	delong	expected	a	an	pound	allowance	52	2	5.19	3.9	Andrew complained that the only place he could afford was Poundland, after his grandmother gave him	for helping her.	False	n/a	n/a
2435.859375	0.2	1247160	255	filler_word	192	22	2	delong	expected	a	an	pound	allowance	52	2	5.19	3.9	Andrew complained that the only place he could afford was Poundland, after his grandmother gave him	for helping her.	False	n/a	n/a
2436.390625	0.2	1247432	255	filler_word	192	22	2	delong	expected	a	an	pound	allowance	52	2	5.19	3.9	Andrew complained that the only place he could afford was Poundland, after his grandmother gave him	for helping her.	False	n/a	n/a
2436.919921875	0.2	1247703	255	filler_word	192	22	2	delong	expected	a	an	pound	allowance	52	2	5.19	3.9	Andrew complained that the only place he could afford was Poundland, after his grandmother gave him	for helping her.	False	n/a	n/a
2437.451171875	0.2	1247975	255	filler_word	192	22	2	delong	expected	a	an	pound	allowance	52	2	5.19	3.9	Andrew complained that the only place he could afford was Poundland, after his grandmother gave him	for helping her.	False	n/a	n/a
2437.98046875	0.2	1248246	211	control_incorrect	192	22	2	delong	expected	a	an	pound	allowance	52	2	5.19	3.9	Andrew complained that the only place he could afford was Poundland, after his grandmother gave him	for helping her.	False	n/a	n/a
2438.296875	0.0	1248408	132	item_marker	193	32	2	delong	unexpected	a	an	message	invitation	64	0	5.7	4.1	When I called his house Nolan was not home but his mother said she could relay	to him.	False	n/a	n/a
2438.51171875	0.2	1248518	255	filler_word	193	32	2	delong	unexpected	a	an	message	invitation	64	0	5.7	4.1	When I called his house Nolan was not home but his mother said she could relay	to him.	False	n/a	n/a
2439.04296875	0.2	1248790	213	filler_word	193	32	2	delong	unexpected	a	an	message	invitation	64	0	5.7	4.1	When I called his house Nolan was not home but his mother said she could relay	to him.	False	n/a	n/a
2441.396484375	0.2	1249995	255	filler_word	193	32	2	delong	unexpected	a	an	message	invitation	64	0	5.7	4.1	When I called his house Nolan was not home but his mother said she could relay	to him.	False	n/a	n/a
2441.927734375	0.2	1250267	255	filler_word	193	32	2	delong	unexpected	a	an	message	invitation	64	0	5.7	4.1	When I called his house Nolan was not home but his mother said she could relay	to him.	False	n/a	n/a
2442.458984375	0.2	1250539	255	filler_word	193	32	2	delong	unexpected	a	an	message	invitation	64	0	5.7	4.1	When I called his house Nolan was not home but his mother said she could relay	to him.	False	n/a	n/a
2442.98828125	0.2	1250810	255	filler_word	193	32	2	delong	unexpected	a	an	message	invitation	64	0	5.7	4.1	When I called his house Nolan was not home but his mother said she could relay	to him.	False	n/a	n/a
2443.51953125	0.2	1251082	211	control_incorrect	193	32	2	delong	unexpected	a	an	message	invitation	64	0	5.7	4.1	When I called his house Nolan was not home but his mother said she could relay	to him.	False	n/a	n/a
2443.833984375	0.0	1251243	136	item_marker	194	36	2	delong	unexpected	a	an	newspaper	umbrella	75	2	5.19	3.13	As he walked past the corner drugstore on his way to work Carl skimmed the headlines and decided to go ahead and buy	when he saw what the forecast was.	True	Was Carl going to work?	yes
2444.048828125	0.2	1251353	255	filler_word	194	36	2	delong	unexpected	a	an	newspaper	umbrella	75	2	5.19	3.13	As he walked past the corner drugstore on his way to work Carl skimmed the headlines and decided to go ahead and buy	when he saw what the forecast was.	True	Was Carl going to work?	yes
2444.580078125	0.2	1251625	213	filler_word	194	36	2	delong	unexpected	a	an	newspaper	umbrella	75	2	5.19	3.13	As he walked past the corner drugstore on his way to work Carl skimmed the headlines and decided to go ahead and buy	when he saw what the forecast was.	True	Was Carl going to work?	yes
2447.265625	0.2	1253000	255	filler_word	194	36	2	delong	unexpected	a	an	newspaper	umbrella	75	2	5.19	3.13	As he walked past the corner drugstore on his way to work Carl skimmed the headlines and decided to go ahead and buy	when he saw what the forecast was.	True	Was Carl going to work?	yes
2447.796875	0.2	1253272	255	filler_word	194	36	2	delong	unexpected	a	an	newspaper	umbrella	75	2	5.19	3.13	As he walked past the corner drugstore on his way to work Carl skimmed the headlines and decided to go ahead and buy	when he saw what the forecast was.	True	Was Carl going to work?	yes
2448.326171875	0.2	1253543	255	filler_word	194	36	2	delong	unexpected	a	an	newspaper	umbrella	75	2	5.19	3.13	As he walked past the corner drugstore on his way to work Carl skimmed the headlines and decided to go ahead and buy	when he saw what the forecast was.	True	Was Carl going to work?	yes
2448.857421875	0.2	1253815	255	filler_word	194	36	2	delong	unexpected	a	an	newspaper	umbrella	75	2	5.19	3.13	As he walked past the corner drugstore on his way to work Carl skimmed the headlines and decided to go ahead and buy	when he saw what the forecast was.	True	Was Carl going to work?	yes
2449.388671875	0.2	1254087	211	control_incorrect	194	36	2	delong	unexpected	a	an	newspaper	umbrella	75	2	5.19	3.13	As he walked past the corner drugstore on his way to work Carl skimmed the headlines and decided to go ahead and buy	when he saw what the forecast was.	True	Was Carl going to work?	yes
2449.703125	0.0	1254248	131	item_marker	195	31	2	delong	unexpected	an	a	invitation	message	73	11	5.5	4.74	Sue had wanted to go to Tim's birthday party but she was still waiting for	from him.	False	n/a	n/a
2449.91796875	0.2	1254358	255	filler_word	195	31	2	delong	unexpected	an	a	invitation	message	73	11	5.5	4.74	Sue had wanted to go to Tim's birthday party but she was still waiting for	from him.	False	n/a	n/a
2450.44921875	0.2	1254630	255	filler_word	195	31	2	delong	unexpected	an	a	invitation	message	73	11	5.5	4.74	Sue had wanted to go to Tim's birthday party but she was still waiting for	from him.	False	n/a	n/a
2450.978515625	0.2	1254901	213	filler_word	195	31	2	delong	unexpected	an	a	invitation	message	73	11	5.5	4.74	Sue had wanted to go to Tim's birthday party but she was still waiting for	from him.	False	n/a	n/a
2453.03515625	0.2	1255954	255	filler_word	195	31	2	delong	unexpected	an	a	invitation	message	73	11	5.5	4.74	Sue had wanted to go to Tim's birthday party but she was still waiting for	from him.	False	n/a	n/a
2453.564453125	0.2	1256225	255	filler_word	195	31	2	delong	unexpected	an	a	invitation	message	73	11	5.5	4.74	Sue had wanted to go to Tim's birthday party but she was still waiting for	from him.	False	n/a	n/a
2454.095703125	0.2	1256497	255	filler_word	195	31	2	delong	unexpected	an	a	invitation	message	73	11	5.5	4.74	Sue had wanted to go to Tim's birthday party but she was still waiting for	from him.	False	n/a	n/a
2454.626953125	0.2	1256769	255	filler_word	195	31	2	delong	unexpected	an	a	invitation	message	73	11	5.5	4.74	Sue had wanted to go to Tim's birthday party but she was still waiting for	from him.	False	n/a	n/a
2455.158203125	0.2	1257041	211	control_incorrect	195	31	2	delong	unexpected	an	a	invitation	message	73	11	5.5	4.74	Sue had wanted to go to Tim's birthday party but she was still waiting for	from him.	False	n/a	n/a
2455.47265625	0.0	1257202	140	item_marker	196	40	2	delong	unexpected	a	an	tattoo	infection	55	0	6.0	3.73	The Hell's Angel rolled up the sleeve of his leather jacket to show the girls where he had gotten	the previous night.	False	n/a	n/a
2455.6875	0.2	1257312	255	filler_word	196	40	2	delong	unexpected	a	an	tattoo	infection	55	0	6.0	3.73	The Hell's Angel rolled up the sleeve of his leather jacket to show the girls where he had gotten	the previous night.	False	n/a	n/a
2456.21875	0.2	1257584	255	filler_word	196	40	2	delong	unexpected	a	an	tattoo	infection	55	0	6.0	3.73	The Hell's Angel rolled up the sleeve of his leather jacket to show the girls where he had gotten	the previous night.	False	n/a	n/a
2456.75	0.2	1257856	213	filler_word	196	40	2	delong	unexpected	a	an	tattoo	infection	55	0	6.0	3.73	The Hell's Angel rolled up the sleeve of his leather jacket to show the girls where he had gotten	the previous night.	False	n/a	n/a
2458.837890625	0.2	1258925	255	filler_word	196	40	2	delong	unexpected	a	an	tattoo	infection	55	0	6.0	3.73	The Hell's Angel rolled up the sleeve of his leather jacket to show the girls where he had gotten	the previous night.	False	n/a	n/a
2459.369140625	0.2	1259197	255	filler_word	196	40	2	delong	unexpected	a	an	tattoo	infection	55	0	6.0	3.73	The Hell's Angel rolled up the sleeve of his leather jacket to show the girls where he had gotten	the previous night.	False	n/a	n/a
2459.8984375	0.2	1259468	255	filler_word	196	40	2	delong	unexpected	a	an	tattoo	infection	55	0	6.0	3.73	The Hell's Angel rolled up the sleeve of his leather jacket to show the girls where he had gotten	the previous night.	False	n/a	n/a
2460.4296875	0.2	1259740	255	filler_word	196	40	2	delong	unexpected	a	an	tattoo	infection	55	0	6.0	3.73	The Hell's Angel rolled up the sleeve of his leather jacket to show the girls where he had gotten	the previous night.	False	n/a	n/a
2460.9609375	0.2	1260012	210	control_correct	196	40	2	delong	unexpected	a	an	tattoo	infection	55	0	6.0	3.73	The Hell's Angel rolled up the sleeve of his leather jacket to show the girls where he had gotten	the previous night.	False	n/a	n/a
2461.275390625	0.0	1260173	125	item_marker	197	25	2	delong	expected	an	a	iron	hanger	59	2	6.27	4.48	Charlie's wife told him that she was tired of pressing his shirts and that he would have to learn how to use	one of these days.	False	n/a	n/a
2461.490234375	0.2	1260283	255	filler_word	197	25	2	delong	expected	an	a	iron	hanger	59	2	6.27	4.48	Charlie's wife told him that she was tired of pressing his shirts and that he would have to learn how to use	one of these days.	False	n/a	n/a
2462.021484375	0.2	1260555	255	filler_word	197	25	2	delong	expected	an	a	iron	hanger	59	2	6.27	4.48	Charlie's wife told him that she was tired of pressing his shirts and that he would have to learn how to use	one of these days.	False	n/a	n/a
2462.55078125	0.2	1260826	212	filler_word	197	25	2	delong	expected	an	a	iron	hanger	59	2	6.27	4.48	Charlie's wife told him that she was tired of pressing his shirts and that he would have to learn how to use	one of these days.	False	n/a	n/a
2464.591796875	0.2	1261871	255	filler_word	197	25	2	delong	expected	an	a	iron	hanger	59	2	6.27	4.48	Charlie's wife told him that she was tired of pressing his shirts and that he would have to learn how to use	one of these days.	False	n/a	n/a
2465.12109375	0.2	1262142	255	filler_word	197	25	2	delong	expected	an	a	iron	hanger	59	2	6.27	4.48	Charlie's wife told him that she was tired of pressing his shirts and that he would have to learn how to use	one of these days.	False	n/a	n/a
2465.650390625	0.2	1262413	255	filler_word	197	25	2	delong	expected	an	a	iron	hanger	59	2	6.27	4.48	Charlie's wife told him that she was tired of pressing his shirts and that he would have to learn how to use	one of these days.	False	n/a	n/a
2466.181640625	0.2	1262685	210	control_correct	197	25	2	delong	expected	an	a	iron	hanger	59	2	6.27	4.48	Charlie's wife told him that she was tired of pressing his shirts and that he would have to learn how to use	one of these days.	False	n/a	n/a
2466.498046875	0.0	1262847	130	item_marker	198	30	2	delong	expected	a	an	studio	apartment	77	0	5.9	3.37	Instead of recording a live album the band decided they would have more control if they recorded in	without a lot of background noise.	False	n/a	n/a
2466.712890625	0.2	1262957	255	filler_word	198	30	2	delong	expected	a	an	studio	apartment	77	0	5.9	3.37	Instead of recording a live album the band decided they would have more control if they recorded in	without a lot of background noise.	False	n/a	n/a
2467.244140625	0.2	1263229	255	filler_word	198	30	2	delong	expected	a	an	studio	apartment	77	0	5.9	3.37	Instead of recording a live album the band decided they would have more control if they recorded in	without a lot of background noise.	False	n/a	n/a
2467.7734375	0.2	1263500	212	filler_word	198	30	2	delong	expected	a	an	studio	apartment	77	0	5.9	3.37	Instead of recording a live album the band decided they would have more control if they recorded in	without a lot of background noise.	False	n/a	n/a
2470.27734375	0.2	1264782	255	filler_word	198	30	2	delong	expected	a	an	studio	apartment	77	0	5.9	3.37	Instead of recording a live album the band decided they would have more control if they recorded in	without a lot of background noise.	False	n/a	n/a
2470.806640625	0.2	1265053	255	filler_word	198	30	2	delong	expected	a	an	studio	apartment	77	0	5.9	3.37	Instead of recording a live album the band decided they would have more control if they recorded in	without a lot of background noise.	False	n/a	n/a
2471.337890625	0.2	1265325	255	filler_word	198	30	2	delong	expected	a	an	studio	apartment	77	0	5.9	3.37	Instead of recording a live album the band decided they would have more control if they recorded in	without a lot of background noise.	False	n/a	n/a
2471.869140625	0.2	1265597	211	control_incorrect	198	30	2	delong	expected	a	an	studio	apartment	77	0	5.9	3.37	Instead of recording a live album the band decided they would have more control if they recorded in	without a lot of background noise.	False	n/a	n/a
2472.18359375	0.0	1265758	103	item_marker	199	3	2	delong	unexpected	an	a	accent	lisp	55	39	6.13	6.0	It was difficult to understand the foreign professor because he had	when he spoke.	False	n/a	n/a
2472.3984375	0.2	1265868	255	filler_word	199	3	2	delong	unexpected	an	a	accent	lisp	55	39	6.13	6.0	It was difficult to understand the foreign professor because he had	when he spoke.	False	n/a	n/a
2472.9296875	0.2	1266140	255	filler_word	199	3	2	delong	unexpected	an	a	accent	lisp	55	39	6.13	6.0	It was difficult to understand the foreign professor because he had	when he spoke.	False	n/a	n/a
2473.4609375	0.2	1266412	213	filler_word	199	3	2	delong	unexpected	an	a	accent	lisp	55	39	6.13	6.0	It was difficult to understand the foreign professor because he had	when he spoke.	False	n/a	n/a
2486.7578125	0.2	1273220	255	filler_word	199	3	2	delong	unexpected	an	a	accent	lisp	55	39	6.13	6.0	It was difficult to understand the foreign professor because he had	when he spoke.	False	n/a	n/a
2487.287109375	0.2	1273491	255	filler_word	199	3	2	delong	unexpected	an	a	accent	lisp	55	39	6.13	6.0	It was difficult to understand the foreign professor because he had	when he spoke.	False	n/a	n/a
2487.81640625	0.2	1273762	255	filler_word	199	3	2	delong	unexpected	an	a	accent	lisp	55	39	6.13	6.0	It was difficult to understand the foreign professor because he had	when he spoke.	False	n/a	n/a
2488.34765625	0.2	1274034	255	filler_word	199	3	2	delong	unexpected	an	a	accent	lisp	55	39	6.13	6.0	It was difficult to understand the foreign professor because he had	when he spoke.	False	n/a	n/a
2488.87890625	0.2	1274306	211	control_incorrect	199	3	2	delong	unexpected	an	a	accent	lisp	55	39	6.13	6.0	It was difficult to understand the foreign professor because he had	when he spoke.	False	n/a	n/a
2489.193359375	0.0	1274467	180	item_marker	200	80	2	delong	unexpected	a	an	tourist	alien	95	5	5.9	2.07	With his khaki shorts and his loud Hawaiian shirt and the camera around his neck you could definitely tell that the man was	in the country.	False	n/a	n/a
2489.41015625	0.2	1274578	255	filler_word	200	80	2	delong	unexpected	a	an	tourist	alien	95	5	5.9	2.07	With his khaki shorts and his loud Hawaiian shirt and the camera around his neck you could definitely tell that the man was	in the country.	False	n/a	n/a
2489.939453125	0.2	1274849	255	filler_word	200	80	2	delong	unexpected	a	an	tourist	alien	95	5	5.9	2.07	With his khaki shorts and his loud Hawaiian shirt and the camera around his neck you could definitely tell that the man was	in the country.	False	n/a	n/a
2490.470703125	0.2	1275121	213	filler_word	200	80	2	delong	unexpected	a	an	tourist	alien	95	5	5.9	2.07	With his khaki shorts and his loud Hawaiian shirt and the camera around his neck you could definitely tell that the man was	in the country.	False	n/a	n/a
2492.359375	0.2	1276088	255	filler_word	200	80	2	delong	unexpected	a	an	tourist	alien	95	5	5.9	2.07	With his khaki shorts and his loud Hawaiian shirt and the camera around his neck you could definitely tell that the man was	in the country.	False	n/a	n/a
2492.890625	0.2	1276360	255	filler_word	200	80	2	delong	unexpected	a	an	tourist	alien	95	5	5.9	2.07	With his khaki shorts and his loud Hawaiian shirt and the camera around his neck you could definitely tell that the man was	in the country.	False	n/a	n/a
2493.421875	0.2	1276632	255	filler_word	200	80	2	delong	unexpected	a	an	tourist	alien	95	5	5.9	2.07	With his khaki shorts and his loud Hawaiian shirt and the camera around his neck you could definitely tell that the man was	in the country.	False	n/a	n/a
2493.953125	0.2	1276904	210	control_correct	200	80	2	delong	unexpected	a	an	tourist	alien	95	5	5.9	2.07	With his khaki shorts and his loud Hawaiian shirt and the camera around his neck you could definitely tell that the man was	in the country.	False	n/a	n/a
2494.267578125	0.0	1277065	154	item_marker	201	54	2	delong	expected	a	an	director	actor	93	5	6.17	5.55	From a young age Steven had an interest in filmmaking and had always dreamed of being	when he grew up.	True	Was Steven interested in art?	no
2494.482421875	0.2	1277175	255	filler_word	201	54	2	delong	expected	a	an	director	actor	93	5	6.17	5.55	From a young age Steven had an interest in filmmaking and had always dreamed of being	when he grew up.	True	Was Steven interested in art?	no
2495.013671875	0.2	1277447	255	filler_word	201	54	2	delong	expected	a	an	director	actor	93	5	6.17	5.55	From a young age Steven had an interest in filmmaking and had always dreamed of being	when he grew up.	True	Was Steven interested in art?	no
2495.54296875	0.2	1277718	255	filler_word	201	54	2	delong	expected	a	an	director	actor	93	5	6.17	5.55	From a young age Steven had an interest in filmmaking and had always dreamed of being	when he grew up.	True	Was Steven interested in art?	no
2496.07421875	0.2	1277990	255	filler_word	201	54	2	delong	expected	a	an	director	actor	93	5	6.17	5.55	From a young age Steven had an interest in filmmaking and had always dreamed of being	when he grew up.	True	Was Steven interested in art?	no
2496.603515625	0.2	1278261	255	filler_word	201	54	2	delong	expected	a	an	director	actor	93	5	6.17	5.55	From a young age Steven had an interest in filmmaking and had always dreamed of being	when he grew up.	True	Was Steven interested in art?	no
2497.134765625	0.2	1278533	212	filler_word	201	54	2	delong	expected	a	an	director	actor	93	5	6.17	5.55	From a young age Steven had an interest in filmmaking and had always dreamed of being	when he grew up.	True	Was Steven interested in art?	no
2499.423828125	0.2	1279705	255	filler_word	201	54	2	delong	expected	a	an	director	actor	93	5	6.17	5.55	From a young age Steven had an interest in filmmaking and had always dreamed of being	when he grew up.	True	Was Steven interested in art?	no
2499.953125	0.2	1279976	255	filler_word	201	54	2	delong	expected	a	an	director	actor	93	5	6.17	5.55	From a young age Steven had an interest in filmmaking and had always dreamed of being	when he grew up.	True	Was Steven interested in art?	no
2500.484375	0.2	1280248	255	filler_word	201	54	2	delong	expected	a	an	director	actor	93	5	6.17	5.55	From a young age Steven had an interest in filmmaking and had always dreamed of being	when he grew up.	True	Was Steven interested in art?	no
2501.013671875	0.2	1280519	211	control_incorrect	201	54	2	delong	expected	a	an	director	actor	93	5	6.17	5.55	From a young age Steven had an interest in filmmaking and had always dreamed of being	when he grew up.	True	Was Steven interested in art?	no
2501.330078125	0.0	1280681	171	item_marker	202	71	2	delong	unexpected	an	a	order	compliment	57	0	5.8	3.16	The waitress at the next table was trying to scribble everything down but it was obvious that she did not know how to take	from her customers.	False	n/a	n/a
2501.544921875	0.2	1280791	255	filler_word	202	71	2	delong	unexpected	an	a	order	compliment	57	0	5.8	3.16	The waitress at the next table was trying to scribble everything down but it was obvious that she did not know how to take	from her customers.	False	n/a	n/a
2502.076171875	0.2	1281063	255	filler_word	202	71	2	delong	unexpected	an	a	order	compliment	57	0	5.8	3.16	The waitress at the next table was trying to scribble everything down but it was obvious that she did not know how to take	from her customers.	False	n/a	n/a
2502.60546875	0.2	1281334	213	filler_word	202	71	2	delong	unexpected	an	a	order	compliment	57	0	5.8	3.16	The waitress at the next table was trying to scribble everything down but it was obvious that she did not know how to take	from her customers.	False	n/a	n/a
2504.861328125	0.2	1282489	255	filler_word	202	71	2	delong	unexpected	an	a	order	compliment	57	0	5.8	3.16	The waitress at the next table was trying to scribble everything down but it was obvious that she did not know how to take	from her customers.	False	n/a	n/a
2505.390625	0.2	1282760	255	filler_word	202	71	2	delong	unexpected	an	a	order	compliment	57	0	5.8	3.16	The waitress at the next table was trying to scribble everything down but it was obvious that she did not know how to take	from her customers.	False	n/a	n/a
2505.921875	0.2	1283032	255	filler_word	202	71	2	delong	unexpected	an	a	order	compliment	57	0	5.8	3.16	The waitress at the next table was trying to scribble everything down but it was obvious that she did not know how to take	from her customers.	False	n/a	n/a
2506.453125	0.2	1283304	255	filler_word	202	71	2	delong	unexpected	an	a	order	compliment	57	0	5.8	3.16	The waitress at the next table was trying to scribble everything down but it was obvious that she did not know how to take	from her customers.	False	n/a	n/a
2506.984375	0.2	1283576	210	control_correct	202	71	2	delong	unexpected	an	a	order	compliment	57	0	5.8	3.16	The waitress at the next table was trying to scribble everything down but it was obvious that she did not know how to take	from her customers.	False	n/a	n/a
2507.298828125	0.0	1283737	174	item_marker	203	74	2	delong	expected	a	an	flower	animal	80	0	6.27	2.58	While Natasha was strolling through the colourful gardens she reached down and picked	up off the ground.	True	Was Natasha in the gardens? 	yes
2507.513671875	0.2	1283847	255	filler_word	203	74	2	delong	expected	a	an	flower	animal	80	0	6.27	2.58	While Natasha was strolling through the colourful gardens she reached down and picked	up off the ground.	True	Was Natasha in the gardens? 	yes
2508.044921875	0.2	1284119	212	filler_word	203	74	2	delong	expected	a	an	flower	animal	80	0	6.27	2.58	While Natasha was strolling through the colourful gardens she reached down and picked	up off the ground.	True	Was Natasha in the gardens? 	yes
2510.099609375	0.2	1285171	255	filler_word	203	74	2	delong	expected	a	an	flower	animal	80	0	6.27	2.58	While Natasha was strolling through the colourful gardens she reached down and picked	up off the ground.	True	Was Natasha in the gardens? 	yes
2510.630859375	0.2	1285443	255	filler_word	203	74	2	delong	expected	a	an	flower	animal	80	0	6.27	2.58	While Natasha was strolling through the colourful gardens she reached down and picked	up off the ground.	True	Was Natasha in the gardens? 	yes
2511.16015625	0.2	1285714	255	filler_word	203	74	2	delong	expected	a	an	flower	animal	80	0	6.27	2.58	While Natasha was strolling through the colourful gardens she reached down and picked	up off the ground.	True	Was Natasha in the gardens? 	yes
2511.69140625	0.2	1285986	255	filler_word	203	74	2	delong	expected	a	an	flower	animal	80	0	6.27	2.58	While Natasha was strolling through the colourful gardens she reached down and picked	up off the ground.	True	Was Natasha in the gardens? 	yes
2512.220703125	0.2	1286257	210	control_correct	203	74	2	delong	expected	a	an	flower	animal	80	0	6.27	2.58	While Natasha was strolling through the colourful gardens she reached down and picked	up off the ground.	True	Was Natasha in the gardens? 	yes
2512.537109375	0.0	1286419	165	item_marker	204	65	2	delong	expected	an	a	island	ship	73	14	5.53	5.26	Being from the mainland Karen never got used to the feeling of living on	and being so removed from everything.	True	Was Karen from the mainland?	yes
2512.751953125	0.2	1286529	255	filler_word	204	65	2	delong	expected	an	a	island	ship	73	14	5.53	5.26	Being from the mainland Karen never got used to the feeling of living on	and being so removed from everything.	True	Was Karen from the mainland?	yes
2513.283203125	0.2	1286801	255	filler_word	204	65	2	delong	expected	an	a	island	ship	73	14	5.53	5.26	Being from the mainland Karen never got used to the feeling of living on	and being so removed from everything.	True	Was Karen from the mainland?	yes
2513.8125	0.2	1287072	255	filler_word	204	65	2	delong	expected	an	a	island	ship	73	14	5.53	5.26	Being from the mainland Karen never got used to the feeling of living on	and being so removed from everything.	True	Was Karen from the mainland?	yes
2514.34375	0.2	1287344	212	filler_word	204	65	2	delong	expected	an	a	island	ship	73	14	5.53	5.26	Being from the mainland Karen never got used to the feeling of living on	and being so removed from everything.	True	Was Karen from the mainland?	yes
2517.095703125	0.2	1288753	255	filler_word	204	65	2	delong	expected	an	a	island	ship	73	14	5.53	5.26	Being from the mainland Karen never got used to the feeling of living on	and being so removed from everything.	True	Was Karen from the mainland?	yes
2517.626953125	0.2	1289025	255	filler_word	204	65	2	delong	expected	an	a	island	ship	73	14	5.53	5.26	Being from the mainland Karen never got used to the feeling of living on	and being so removed from everything.	True	Was Karen from the mainland?	yes
2518.158203125	0.2	1289297	255	filler_word	204	65	2	delong	expected	an	a	island	ship	73	14	5.53	5.26	Being from the mainland Karen never got used to the feeling of living on	and being so removed from everything.	True	Was Karen from the mainland?	yes
2518.6875	0.2	1289568	211	control_incorrect	204	65	2	delong	expected	an	a	island	ship	73	14	5.53	5.26	Being from the mainland Karen never got used to the feeling of living on	and being so removed from everything.	True	Was Karen from the mainland?	yes
2519.00390625	0.0	1289730	143	item_marker	205	43	2	delong	unexpected	a	an	stamp	envelope	86	2	4.67	3.74	Jeffrey mailed the letter without	so the post office would never deliver it.	True	Did Hannah mail the letter?	no
2519.21875	0.2	1289840	255	filler_word	205	43	2	delong	unexpected	a	an	stamp	envelope	86	2	4.67	3.74	Jeffrey mailed the letter without	so the post office would never deliver it.	True	Did Hannah mail the letter?	no
2519.748046875	0.2	1290111	255	filler_word	205	43	2	delong	unexpected	a	an	stamp	envelope	86	2	4.67	3.74	Jeffrey mailed the letter without	so the post office would never deliver it.	True	Did Hannah mail the letter?	no
2520.279296875	0.2	1290383	213	filler_word	205	43	2	delong	unexpected	a	an	stamp	envelope	86	2	4.67	3.74	Jeffrey mailed the letter without	so the post office would never deliver it.	True	Did Hannah mail the letter?	no
2522.41796875	0.2	1291478	255	filler_word	205	43	2	delong	unexpected	a	an	stamp	envelope	86	2	4.67	3.74	Jeffrey mailed the letter without	so the post office would never deliver it.	True	Did Hannah mail the letter?	no
2522.94921875	0.2	1291750	255	filler_word	205	43	2	delong	unexpected	a	an	stamp	envelope	86	2	4.67	3.74	Jeffrey mailed the letter without	so the post office would never deliver it.	True	Did Hannah mail the letter?	no
2523.478515625	0.2	1292021	255	filler_word	205	43	2	delong	unexpected	a	an	stamp	envelope	86	2	4.67	3.74	Jeffrey mailed the letter without	so the post office would never deliver it.	True	Did Hannah mail the letter?	no
2524.009765625	0.2	1292293	211	control_incorrect	205	43	2	delong	unexpected	a	an	stamp	envelope	86	2	4.67	3.74	Jeffrey mailed the letter without	so the post office would never deliver it.	True	Did Hannah mail the letter?	no
2524.32421875	0.0	1292454	147	item_marker	206	47	2	delong	unexpected	an	a	excuse	story	91	7	6.26	4.93	Amelia did not want to go to the bar with her friends after seeing the movie so she made up	for why she needed to go home early.	True	Did Amelia go home late?	no
2524.5390625	0.2	1292564	255	filler_word	206	47	2	delong	unexpected	an	a	excuse	story	91	7	6.26	4.93	Amelia did not want to go to the bar with her friends after seeing the movie so she made up	for why she needed to go home early.	True	Did Amelia go home late?	no
2525.0703125	0.2	1292836	255	filler_word	206	47	2	delong	unexpected	an	a	excuse	story	91	7	6.26	4.93	Amelia did not want to go to the bar with her friends after seeing the movie so she made up	for why she needed to go home early.	True	Did Amelia go home late?	no
2525.6015625	0.2	1293108	255	filler_word	206	47	2	delong	unexpected	an	a	excuse	story	91	7	6.26	4.93	Amelia did not want to go to the bar with her friends after seeing the movie so she made up	for why she needed to go home early.	True	Did Amelia go home late?	no
2526.130859375	0.2	1293379	255	filler_word	206	47	2	delong	unexpected	an	a	excuse	story	91	7	6.26	4.93	Amelia did not want to go to the bar with her friends after seeing the movie so she made up	for why she needed to go home early.	True	Did Amelia go home late?	no
2526.662109375	0.2	1293651	213	filler_word	206	47	2	delong	unexpected	an	a	excuse	story	91	7	6.26	4.93	Amelia did not want to go to the bar with her friends after seeing the movie so she made up	for why she needed to go home early.	True	Did Amelia go home late?	no
2528.751953125	0.2	1294721	255	filler_word	206	47	2	delong	unexpected	an	a	excuse	story	91	7	6.26	4.93	Amelia did not want to go to the bar with her friends after seeing the movie so she made up	for why she needed to go home early.	True	Did Amelia go home late?	no
2529.28125	0.2	1294992	255	filler_word	206	47	2	delong	unexpected	an	a	excuse	story	91	7	6.26	4.93	Amelia did not want to go to the bar with her friends after seeing the movie so she made up	for why she needed to go home early.	True	Did Amelia go home late?	no
2529.8125	0.2	1295264	255	filler_word	206	47	2	delong	unexpected	an	a	excuse	story	91	7	6.26	4.93	Amelia did not want to go to the bar with her friends after seeing the movie so she made up	for why she needed to go home early.	True	Did Amelia go home late?	no
2530.341796875	0.2	1295535	255	filler_word	206	47	2	delong	unexpected	an	a	excuse	story	91	7	6.26	4.93	Amelia did not want to go to the bar with her friends after seeing the movie so she made up	for why she needed to go home early.	True	Did Amelia go home late?	no
2530.873046875	0.2	1295807	211	control_incorrect	206	47	2	delong	unexpected	an	a	excuse	story	91	7	6.26	4.93	Amelia did not want to go to the bar with her friends after seeing the movie so she made up	for why she needed to go home early.	True	Did Amelia go home late?	no
2531.1875	0.0	1295968	152	item_marker	207	52	2	delong	unexpected	a	an	success	author	86	5	5.8	2.87	Alicia's first client was a failure but her second was	and made her a lot of money.	False	n/a	n/a
2531.404296875	0.2	1296079	255	filler_word	207	52	2	delong	unexpected	a	an	success	author	86	5	5.8	2.87	Alicia's first client was a failure but her second was	and made her a lot of money.	False	n/a	n/a
2531.93359375	0.2	1296350	255	filler_word	207	52	2	delong	unexpected	a	an	success	author	86	5	5.8	2.87	Alicia's first client was a failure but her second was	and made her a lot of money.	False	n/a	n/a
2532.46484375	0.2	1296622	213	filler_word	207	52	2	delong	unexpected	a	an	success	author	86	5	5.8	2.87	Alicia's first client was a failure but her second was	and made her a lot of money.	False	n/a	n/a
2534.603515625	0.2	1297717	255	filler_word	207	52	2	delong	unexpected	a	an	success	author	86	5	5.8	2.87	Alicia's first client was a failure but her second was	and made her a lot of money.	False	n/a	n/a
2535.1328125	0.2	1297988	255	filler_word	207	52	2	delong	unexpected	a	an	success	author	86	5	5.8	2.87	Alicia's first client was a failure but her second was	and made her a lot of money.	False	n/a	n/a
2535.6640625	0.2	1298260	255	filler_word	207	52	2	delong	unexpected	a	an	success	author	86	5	5.8	2.87	Alicia's first client was a failure but her second was	and made her a lot of money.	False	n/a	n/a
2536.1953125	0.2	1298532	255	filler_word	207	52	2	delong	unexpected	a	an	success	author	86	5	5.8	2.87	Alicia's first client was a failure but her second was	and made her a lot of money.	False	n/a	n/a
2536.724609375	0.2	1298803	255	filler_word	207	52	2	delong	unexpected	a	an	success	author	86	5	5.8	2.87	Alicia's first client was a failure but her second was	and made her a lot of money.	False	n/a	n/a
2537.255859375	0.2	1299075	255	filler_word	207	52	2	delong	unexpected	a	an	success	author	86	5	5.8	2.87	Alicia's first client was a failure but her second was	and made her a lot of money.	False	n/a	n/a
2537.787109375	0.2	1299347	210	control_correct	207	52	2	delong	unexpected	a	an	success	author	86	5	5.8	2.87	Alicia's first client was a failure but her second was	and made her a lot of money.	False	n/a	n/a
2538.1015625	0.0	1299508	158	item_marker	208	58	2	delong	expected	a	an	wheelchair	escalator	66	0	5.83	5.03	The doctors told Monica not to use her legs too much so soon after her surgery so she often used	when moving around to rest her legs.	True	Could Monica use stairs very often?	no
2538.318359375	0.2	1299619	255	filler_word	208	58	2	delong	expected	a	an	wheelchair	escalator	66	0	5.83	5.03	The doctors told Monica not to use her legs too much so soon after her surgery so she often used	when moving around to rest her legs.	True	Could Monica use stairs very often?	no
2538.84765625	0.2	1299890	255	filler_word	208	58	2	delong	expected	a	an	wheelchair	escalator	66	0	5.83	5.03	The doctors told Monica not to use her legs too much so soon after her surgery so she often used	when moving around to rest her legs.	True	Could Monica use stairs very often?	no
2539.37890625	0.2	1300162	212	filler_word	208	58	2	delong	expected	a	an	wheelchair	escalator	66	0	5.83	5.03	The doctors told Monica not to use her legs too much so soon after her surgery so she often used	when moving around to rest her legs.	True	Could Monica use stairs very often?	no
2541.56640625	0.2	1301282	255	filler_word	208	58	2	delong	expected	a	an	wheelchair	escalator	66	0	5.83	5.03	The doctors told Monica not to use her legs too much so soon after her surgery so she often used	when moving around to rest her legs.	True	Could Monica use stairs very often?	no
2542.09765625	0.2	1301554	255	filler_word	208	58	2	delong	expected	a	an	wheelchair	escalator	66	0	5.83	5.03	The doctors told Monica not to use her legs too much so soon after her surgery so she often used	when moving around to rest her legs.	True	Could Monica use stairs very often?	no
2542.626953125	0.2	1301825	255	filler_word	208	58	2	delong	expected	a	an	wheelchair	escalator	66	0	5.83	5.03	The doctors told Monica not to use her legs too much so soon after her surgery so she often used	when moving around to rest her legs.	True	Could Monica use stairs very often?	no
2543.158203125	0.2	1302097	255	filler_word	208	58	2	delong	expected	a	an	wheelchair	escalator	66	0	5.83	5.03	The doctors told Monica not to use her legs too much so soon after her surgery so she often used	when moving around to rest her legs.	True	Could Monica use stairs very often?	no
2543.689453125	0.2	1302369	210	control_correct	208	58	2	delong	expected	a	an	wheelchair	escalator	66	0	5.83	5.03	The doctors told Monica not to use her legs too much so soon after her surgery so she often used	when moving around to rest her legs.	True	Could Monica use stairs very often?	no
2544.00390625	0.0	1302530	173	item_marker	209	73	2	delong	expected	an	a	animal	flower	77	18	4.67	5.84	Carly wasn't sure if the Venus flytrap was classified as a plant or as	but it seemed to have characteristics of both.	False	n/a	n/a
2544.21875	0.2	1302640	255	filler_word	209	73	2	delong	expected	an	a	animal	flower	77	18	4.67	5.84	Carly wasn't sure if the Venus flytrap was classified as a plant or as	but it seemed to have characteristics of both.	False	n/a	n/a
2544.75	0.2	1302912	255	filler_word	209	73	2	delong	expected	an	a	animal	flower	77	18	4.67	5.84	Carly wasn't sure if the Venus flytrap was classified as a plant or as	but it seemed to have characteristics of both.	False	n/a	n/a
2545.28125	0.2	1303184	255	filler_word	209	73	2	delong	expected	an	a	animal	flower	77	18	4.67	5.84	Carly wasn't sure if the Venus flytrap was classified as a plant or as	but it seemed to have characteristics of both.	False	n/a	n/a
2545.810546875	0.2	1303455	212	filler_word	209	73	2	delong	expected	an	a	animal	flower	77	18	4.67	5.84	Carly wasn't sure if the Venus flytrap was classified as a plant or as	but it seemed to have characteristics of both.	False	n/a	n/a
2548.115234375	0.2	1304635	255	filler_word	209	73	2	delong	expected	an	a	animal	flower	77	18	4.67	5.84	Carly wasn't sure if the Venus flytrap was classified as a plant or as	but it seemed to have characteristics of both.	False	n/a	n/a
2548.646484375	0.2	1304907	255	filler_word	209	73	2	delong	expected	an	a	animal	flower	77	18	4.67	5.84	Carly wasn't sure if the Venus flytrap was classified as a plant or as	but it seemed to have characteristics of both.	False	n/a	n/a
2549.17578125	0.2	1305178	255	filler_word	209	73	2	delong	expected	an	a	animal	flower	77	18	4.67	5.84	Carly wasn't sure if the Venus flytrap was classified as a plant or as	but it seemed to have characteristics of both.	False	n/a	n/a
2549.70703125	0.2	1305450	255	filler_word	209	73	2	delong	expected	an	a	animal	flower	77	18	4.67	5.84	Carly wasn't sure if the Venus flytrap was classified as a plant or as	but it seemed to have characteristics of both.	False	n/a	n/a
2550.23828125	0.2	1305722	255	filler_word	209	73	2	delong	expected	an	a	animal	flower	77	18	4.67	5.84	Carly wasn't sure if the Venus flytrap was classified as a plant or as	but it seemed to have characteristics of both.	False	n/a	n/a
2550.767578125	0.2	1305993	211	control_incorrect	209	73	2	delong	expected	an	a	animal	flower	77	18	4.67	5.84	Carly wasn't sure if the Venus flytrap was classified as a plant or as	but it seemed to have characteristics of both.	False	n/a	n/a
2551.083984375	0.0	1306155	160	item_marker	210	60	2	delong	unexpected	a	an	city	airport	16	0	6.45	4.77	Hannah wanted to live in a small town but her husband preferred to live closer to	because of his job.	False	n/a	n/a
2551.298828125	0.2	1306265	255	filler_word	210	60	2	delong	unexpected	a	an	city	airport	16	0	6.45	4.77	Hannah wanted to live in a small town but her husband preferred to live closer to	because of his job.	False	n/a	n/a
2551.828125	0.2	1306536	255	filler_word	210	60	2	delong	unexpected	a	an	city	airport	16	0	6.45	4.77	Hannah wanted to live in a small town but her husband preferred to live closer to	because of his job.	False	n/a	n/a
2552.359375	0.2	1306808	255	filler_word	210	60	2	delong	unexpected	a	an	city	airport	16	0	6.45	4.77	Hannah wanted to live in a small town but her husband preferred to live closer to	because of his job.	False	n/a	n/a
2552.888671875	0.2	1307079	255	filler_word	210	60	2	delong	unexpected	a	an	city	airport	16	0	6.45	4.77	Hannah wanted to live in a small town but her husband preferred to live closer to	because of his job.	False	n/a	n/a
2553.419921875	0.2	1307351	213	filler_word	210	60	2	delong	unexpected	a	an	city	airport	16	0	6.45	4.77	Hannah wanted to live in a small town but her husband preferred to live closer to	because of his job.	False	n/a	n/a
2557.283203125	0.2	1309329	255	filler_word	210	60	2	delong	unexpected	a	an	city	airport	16	0	6.45	4.77	Hannah wanted to live in a small town but her husband preferred to live closer to	because of his job.	False	n/a	n/a
2557.814453125	0.2	1309601	255	filler_word	210	60	2	delong	unexpected	a	an	city	airport	16	0	6.45	4.77	Hannah wanted to live in a small town but her husband preferred to live closer to	because of his job.	False	n/a	n/a
2558.34375	0.2	1309872	255	filler_word	210	60	2	delong	unexpected	a	an	city	airport	16	0	6.45	4.77	Hannah wanted to live in a small town but her husband preferred to live closer to	because of his job.	False	n/a	n/a
2558.875	0.2	1310144	211	control_incorrect	210	60	2	delong	unexpected	a	an	city	airport	16	0	6.45	4.77	Hannah wanted to live in a small town but her husband preferred to live closer to	because of his job.	False	n/a	n/a
2559.19140625	0.0	1310306	168	item_marker	211	68	2	delong	unexpected	a	an	cat	owl	82	18	6.1	4.3	Every time they went for walks Sylvia's dog Rex would break into a run as soon as he spotted	but luckily Rex couldn't climb trees.	False	n/a	n/a
2559.40625	0.2	1310416	255	filler_word	211	68	2	delong	unexpected	a	an	cat	owl	82	18	6.1	4.3	Every time they went for walks Sylvia's dog Rex would break into a run as soon as he spotted	but luckily Rex couldn't climb trees.	False	n/a	n/a
2559.935546875	0.2	1310687	255	filler_word	211	68	2	delong	unexpected	a	an	cat	owl	82	18	6.1	4.3	Every time they went for walks Sylvia's dog Rex would break into a run as soon as he spotted	but luckily Rex couldn't climb trees.	False	n/a	n/a
2560.466796875	0.2	1310959	255	filler_word	211	68	2	delong	unexpected	a	an	cat	owl	82	18	6.1	4.3	Every time they went for walks Sylvia's dog Rex would break into a run as soon as he spotted	but luckily Rex couldn't climb trees.	False	n/a	n/a
2560.99609375	0.2	1311230	213	filler_word	211	68	2	delong	unexpected	a	an	cat	owl	82	18	6.1	4.3	Every time they went for walks Sylvia's dog Rex would break into a run as soon as he spotted	but luckily Rex couldn't climb trees.	False	n/a	n/a
2563.318359375	0.2	1312419	255	filler_word	211	68	2	delong	unexpected	a	an	cat	owl	82	18	6.1	4.3	Every time they went for walks Sylvia's dog Rex would break into a run as soon as he spotted	but luckily Rex couldn't climb trees.	False	n/a	n/a
2563.84765625	0.2	1312690	255	filler_word	211	68	2	delong	unexpected	a	an	cat	owl	82	18	6.1	4.3	Every time they went for walks Sylvia's dog Rex would break into a run as soon as he spotted	but luckily Rex couldn't climb trees.	False	n/a	n/a
2564.37890625	0.2	1312962	255	filler_word	211	68	2	delong	unexpected	a	an	cat	owl	82	18	6.1	4.3	Every time they went for walks Sylvia's dog Rex would break into a run as soon as he spotted	but luckily Rex couldn't climb trees.	False	n/a	n/a
2564.91015625	0.2	1313234	255	filler_word	211	68	2	delong	unexpected	a	an	cat	owl	82	18	6.1	4.3	Every time they went for walks Sylvia's dog Rex would break into a run as soon as he spotted	but luckily Rex couldn't climb trees.	False	n/a	n/a
2565.44140625	0.2	1313506	210	control_correct	211	68	2	delong	unexpected	a	an	cat	owl	82	18	6.1	4.3	Every time they went for walks Sylvia's dog Rex would break into a run as soon as he spotted	but luckily Rex couldn't climb trees.	False	n/a	n/a
2565.755859375	0.0	1313667	149	item_marker	212	49	2	delong	expected	an	a	onion	finger	20	2	5.94	5.87	At first Victoria did not know why her brother was crying over the sink but then she noticed that he had just sliced	with his knife.	False	n/a	n/a
2565.970703125	0.2	1313777	255	filler_word	212	49	2	delong	expected	an	a	onion	finger	20	2	5.94	5.87	At first Victoria did not know why her brother was crying over the sink but then she noticed that he had just sliced	with his knife.	False	n/a	n/a
2566.501953125	0.2	1314049	255	filler_word	212	49	2	delong	expected	an	a	onion	finger	20	2	5.94	5.87	At first Victoria did not know why her brother was crying over the sink but then she noticed that he had just sliced	with his knife.	False	n/a	n/a
2567.03125	0.2	1314320	212	filler_word	212	49	2	delong	expected	an	a	onion	finger	20	2	5.94	5.87	At first Victoria did not know why her brother was crying over the sink but then she noticed that he had just sliced	with his knife.	False	n/a	n/a
2569.38671875	0.2	1315526	255	filler_word	212	49	2	delong	expected	an	a	onion	finger	20	2	5.94	5.87	At first Victoria did not know why her brother was crying over the sink but then she noticed that he had just sliced	with his knife.	False	n/a	n/a
2569.916015625	0.2	1315797	255	filler_word	212	49	2	delong	expected	an	a	onion	finger	20	2	5.94	5.87	At first Victoria did not know why her brother was crying over the sink but then she noticed that he had just sliced	with his knife.	False	n/a	n/a
2570.447265625	0.2	1316069	255	filler_word	212	49	2	delong	expected	an	a	onion	finger	20	2	5.94	5.87	At first Victoria did not know why her brother was crying over the sink but then she noticed that he had just sliced	with his knife.	False	n/a	n/a
2570.978515625	0.2	1316341	255	filler_word	212	49	2	delong	expected	an	a	onion	finger	20	2	5.94	5.87	At first Victoria did not know why her brother was crying over the sink but then she noticed that he had just sliced	with his knife.	False	n/a	n/a
2571.5078125	0.2	1316612	210	control_correct	212	49	2	delong	expected	an	a	onion	finger	20	2	5.94	5.87	At first Victoria did not know why her brother was crying over the sink but then she noticed that he had just sliced	with his knife.	False	n/a	n/a
2571.82421875	0.0	1316774	157	item_marker	213	57	2	delong	expected	an	a	escalator	wheelchair	34	11	5.87	1.94	Damon preferred climbing stairs over going up	because it had given him the chance to get a little exercise.	True	Did Damon prefer stairs over lifts?	yes
2572.0390625	0.2	1316884	255	filler_word	213	57	2	delong	expected	an	a	escalator	wheelchair	34	11	5.87	1.94	Damon preferred climbing stairs over going up	because it had given him the chance to get a little exercise.	True	Did Damon prefer stairs over lifts?	yes
2572.568359375	0.2	1317155	255	filler_word	213	57	2	delong	expected	an	a	escalator	wheelchair	34	11	5.87	1.94	Damon preferred climbing stairs over going up	because it had given him the chance to get a little exercise.	True	Did Damon prefer stairs over lifts?	yes
2573.099609375	0.2	1317427	255	filler_word	213	57	2	delong	expected	an	a	escalator	wheelchair	34	11	5.87	1.94	Damon preferred climbing stairs over going up	because it had given him the chance to get a little exercise.	True	Did Damon prefer stairs over lifts?	yes
2573.62890625	0.2	1317698	212	filler_word	213	57	2	delong	expected	an	a	escalator	wheelchair	34	11	5.87	1.94	Damon preferred climbing stairs over going up	because it had given him the chance to get a little exercise.	True	Did Damon prefer stairs over lifts?	yes
2575.884765625	0.2	1318853	255	filler_word	213	57	2	delong	expected	an	a	escalator	wheelchair	34	11	5.87	1.94	Damon preferred climbing stairs over going up	because it had given him the chance to get a little exercise.	True	Did Damon prefer stairs over lifts?	yes
2576.416015625	0.2	1319125	255	filler_word	213	57	2	delong	expected	an	a	escalator	wheelchair	34	11	5.87	1.94	Damon preferred climbing stairs over going up	because it had given him the chance to get a little exercise.	True	Did Damon prefer stairs over lifts?	yes
2576.9453125	0.2	1319396	255	filler_word	213	57	2	delong	expected	an	a	escalator	wheelchair	34	11	5.87	1.94	Damon preferred climbing stairs over going up	because it had given him the chance to get a little exercise.	True	Did Damon prefer stairs over lifts?	yes
2577.4765625	0.2	1319668	255	filler_word	213	57	2	delong	expected	an	a	escalator	wheelchair	34	11	5.87	1.94	Damon preferred climbing stairs over going up	because it had given him the chance to get a little exercise.	True	Did Damon prefer stairs over lifts?	yes
2578.005859375	0.2	1319939	211	control_incorrect	213	57	2	delong	expected	an	a	escalator	wheelchair	34	11	5.87	1.94	Damon preferred climbing stairs over going up	because it had given him the chance to get a little exercise.	True	Did Damon prefer stairs over lifts?	yes
2578.322265625	0.0	1320101	155	item_marker	214	55	2	delong	unexpected	an	a	audience	crowd	68	25	6.61	6.07	Dana enjoyed singing in private but was scared to death at the thought of performing in front of	at the concert.	False	n/a	n/a
2578.537109375	0.2	1320211	255	filler_word	214	55	2	delong	unexpected	an	a	audience	crowd	68	25	6.61	6.07	Dana enjoyed singing in private but was scared to death at the thought of performing in front of	at the concert.	False	n/a	n/a
2579.068359375	0.2	1320483	255	filler_word	214	55	2	delong	unexpected	an	a	audience	crowd	68	25	6.61	6.07	Dana enjoyed singing in private but was scared to death at the thought of performing in front of	at the concert.	False	n/a	n/a
2579.599609375	0.2	1320755	255	filler_word	214	55	2	delong	unexpected	an	a	audience	crowd	68	25	6.61	6.07	Dana enjoyed singing in private but was scared to death at the thought of performing in front of	at the concert.	False	n/a	n/a
2580.12890625	0.2	1321026	213	filler_word	214	55	2	delong	unexpected	an	a	audience	crowd	68	25	6.61	6.07	Dana enjoyed singing in private but was scared to death at the thought of performing in front of	at the concert.	False	n/a	n/a
2581.919921875	0.2	1321943	255	filler_word	214	55	2	delong	unexpected	an	a	audience	crowd	68	25	6.61	6.07	Dana enjoyed singing in private but was scared to death at the thought of performing in front of	at the concert.	False	n/a	n/a
2582.44921875	0.2	1322214	255	filler_word	214	55	2	delong	unexpected	an	a	audience	crowd	68	25	6.61	6.07	Dana enjoyed singing in private but was scared to death at the thought of performing in front of	at the concert.	False	n/a	n/a
2582.98046875	0.2	1322486	255	filler_word	214	55	2	delong	unexpected	an	a	audience	crowd	68	25	6.61	6.07	Dana enjoyed singing in private but was scared to death at the thought of performing in front of	at the concert.	False	n/a	n/a
2583.509765625	0.2	1322757	211	control_incorrect	214	55	2	delong	unexpected	an	a	audience	crowd	68	25	6.61	6.07	Dana enjoyed singing in private but was scared to death at the thought of performing in front of	at the concert.	False	n/a	n/a
2583.826171875	0.0	1322919	175	item_marker	215	75	2	delong	unexpected	an	a	element	liquid	68	30	6.26	2.8	The chemistry teacher explained to the class that water and salt were both compounds but that nitrogen was just	that hadn't been combined.	False	n/a	n/a
2584.041015625	0.2	1323029	255	filler_word	215	75	2	delong	unexpected	an	a	element	liquid	68	30	6.26	2.8	The chemistry teacher explained to the class that water and salt were both compounds but that nitrogen was just	that hadn't been combined.	False	n/a	n/a
2584.572265625	0.2	1323301	255	filler_word	215	75	2	delong	unexpected	an	a	element	liquid	68	30	6.26	2.8	The chemistry teacher explained to the class that water and salt were both compounds but that nitrogen was just	that hadn't been combined.	False	n/a	n/a
2585.103515625	0.2	1323573	255	filler_word	215	75	2	delong	unexpected	an	a	element	liquid	68	30	6.26	2.8	The chemistry teacher explained to the class that water and salt were both compounds but that nitrogen was just	that hadn't been combined.	False	n/a	n/a
2585.6328125	0.2	1323844	213	filler_word	215	75	2	delong	unexpected	an	a	element	liquid	68	30	6.26	2.8	The chemistry teacher explained to the class that water and salt were both compounds but that nitrogen was just	that hadn't been combined.	False	n/a	n/a
2588.0703125	0.2	1325092	255	filler_word	215	75	2	delong	unexpected	an	a	element	liquid	68	30	6.26	2.8	The chemistry teacher explained to the class that water and salt were both compounds but that nitrogen was just	that hadn't been combined.	False	n/a	n/a
2588.6015625	0.2	1325364	255	filler_word	215	75	2	delong	unexpected	an	a	element	liquid	68	30	6.26	2.8	The chemistry teacher explained to the class that water and salt were both compounds but that nitrogen was just	that hadn't been combined.	False	n/a	n/a
2589.130859375	0.2	1325635	255	filler_word	215	75	2	delong	unexpected	an	a	element	liquid	68	30	6.26	2.8	The chemistry teacher explained to the class that water and salt were both compounds but that nitrogen was just	that hadn't been combined.	False	n/a	n/a
2589.662109375	0.2	1325907	255	filler_word	215	75	2	delong	unexpected	an	a	element	liquid	68	30	6.26	2.8	The chemistry teacher explained to the class that water and salt were both compounds but that nitrogen was just	that hadn't been combined.	False	n/a	n/a
2590.193359375	0.2	1326179	211	control_incorrect	215	75	2	delong	unexpected	an	a	element	liquid	68	30	6.26	2.8	The chemistry teacher explained to the class that water and salt were both compounds but that nitrogen was just	that hadn't been combined.	False	n/a	n/a
2590.5078125	0.0	1326340	159	item_marker	216	59	2	delong	unexpected	an	a	airport	city	52	16	6.03	4.9	The pilot had to make an emergency landing in the middle of the desert because he was nowhere near	or a safe place to land.	False	n/a	n/a
2590.72265625	0.2	1326450	255	filler_word	216	59	2	delong	unexpected	an	a	airport	city	52	16	6.03	4.9	The pilot had to make an emergency landing in the middle of the desert because he was nowhere near	or a safe place to land.	False	n/a	n/a
2591.25390625	0.2	1326722	255	filler_word	216	59	2	delong	unexpected	an	a	airport	city	52	16	6.03	4.9	The pilot had to make an emergency landing in the middle of the desert because he was nowhere near	or a safe place to land.	False	n/a	n/a
2591.783203125	0.2	1326993	255	filler_word	216	59	2	delong	unexpected	an	a	airport	city	52	16	6.03	4.9	The pilot had to make an emergency landing in the middle of the desert because he was nowhere near	or a safe place to land.	False	n/a	n/a
2592.314453125	0.2	1327265	213	filler_word	216	59	2	delong	unexpected	an	a	airport	city	52	16	6.03	4.9	The pilot had to make an emergency landing in the middle of the desert because he was nowhere near	or a safe place to land.	False	n/a	n/a
2594.634765625	0.2	1328453	255	filler_word	216	59	2	delong	unexpected	an	a	airport	city	52	16	6.03	4.9	The pilot had to make an emergency landing in the middle of the desert because he was nowhere near	or a safe place to land.	False	n/a	n/a
2595.166015625	0.2	1328725	255	filler_word	216	59	2	delong	unexpected	an	a	airport	city	52	16	6.03	4.9	The pilot had to make an emergency landing in the middle of the desert because he was nowhere near	or a safe place to land.	False	n/a	n/a
2595.697265625	0.2	1328997	255	filler_word	216	59	2	delong	unexpected	an	a	airport	city	52	16	6.03	4.9	The pilot had to make an emergency landing in the middle of the desert because he was nowhere near	or a safe place to land.	False	n/a	n/a
2596.2265625	0.2	1329268	255	filler_word	216	59	2	delong	unexpected	an	a	airport	city	52	16	6.03	4.9	The pilot had to make an emergency landing in the middle of the desert because he was nowhere near	or a safe place to land.	False	n/a	n/a
2596.7578125	0.2	1329540	255	filler_word	216	59	2	delong	unexpected	an	a	airport	city	52	16	6.03	4.9	The pilot had to make an emergency landing in the middle of the desert because he was nowhere near	or a safe place to land.	False	n/a	n/a
2597.287109375	0.2	1329811	211	control_incorrect	216	59	2	delong	unexpected	an	a	airport	city	52	16	6.03	4.9	The pilot had to make an emergency landing in the middle of the desert because he was nowhere near	or a safe place to land.	False	n/a	n/a
2597.603515625	0.0	1329973	164	item_marker	217	64	2	delong	unexpected	a	an	name	idea	68	11	5.67	5.77	The guys didn't know what to call their band so Trent told everyone to come up with	and they would vote.	True	Did Trent suggest to vote?	yes
2597.818359375	0.2	1330083	255	filler_word	217	64	2	delong	unexpected	a	an	name	idea	68	11	5.67	5.77	The guys didn't know what to call their band so Trent told everyone to come up with	and they would vote.	True	Did Trent suggest to vote?	yes
2598.349609375	0.2	1330355	255	filler_word	217	64	2	delong	unexpected	a	an	name	idea	68	11	5.67	5.77	The guys didn't know what to call their band so Trent told everyone to come up with	and they would vote.	True	Did Trent suggest to vote?	yes
2598.87890625	0.2	1330626	255	filler_word	217	64	2	delong	unexpected	a	an	name	idea	68	11	5.67	5.77	The guys didn't know what to call their band so Trent told everyone to come up with	and they would vote.	True	Did Trent suggest to vote?	yes
2599.41015625	0.2	1330898	255	filler_word	217	64	2	delong	unexpected	a	an	name	idea	68	11	5.67	5.77	The guys didn't know what to call their band so Trent told everyone to come up with	and they would vote.	True	Did Trent suggest to vote?	yes
2599.94140625	0.2	1331170	213	filler_word	217	64	2	delong	unexpected	a	an	name	idea	68	11	5.67	5.77	The guys didn't know what to call their band so Trent told everyone to come up with	and they would vote.	True	Did Trent suggest to vote?	yes
2601.98046875	0.2	1332214	255	filler_word	217	64	2	delong	unexpected	a	an	name	idea	68	11	5.67	5.77	The guys didn't know what to call their band so Trent told everyone to come up with	and they would vote.	True	Did Trent suggest to vote?	yes
2602.509765625	0.2	1332485	255	filler_word	217	64	2	delong	unexpected	a	an	name	idea	68	11	5.67	5.77	The guys didn't know what to call their band so Trent told everyone to come up with	and they would vote.	True	Did Trent suggest to vote?	yes
2603.041015625	0.2	1332757	255	filler_word	217	64	2	delong	unexpected	a	an	name	idea	68	11	5.67	5.77	The guys didn't know what to call their band so Trent told everyone to come up with	and they would vote.	True	Did Trent suggest to vote?	yes
2603.572265625	0.2	1333029	255	filler_word	217	64	2	delong	unexpected	a	an	name	idea	68	11	5.67	5.77	The guys didn't know what to call their band so Trent told everyone to come up with	and they would vote.	True	Did Trent suggest to vote?	yes
2604.1015625	0.2	1333300	255	filler_word	217	64	2	delong	unexpected	a	an	name	idea	68	11	5.67	5.77	The guys didn't know what to call their band so Trent told everyone to come up with	and they would vote.	True	Did Trent suggest to vote?	yes
2604.6328125	0.2	1333572	210	control_correct	217	64	2	delong	unexpected	a	an	name	idea	68	11	5.67	5.77	The guys didn't know what to call their band so Trent told everyone to come up with	and they would vote.	True	Did Trent suggest to vote?	yes
2604.947265625	0.0	1333733	145	item_marker	218	45	2	delong	expected	an	a	amateur	beginner	73	5	6.0	6.45	The professional photographer was disqualified from the photo contest because the rules explicitly state that you must be	in order to compete.	False	n/a	n/a
2605.162109375	0.2	1333843	255	filler_word	218	45	2	delong	expected	an	a	amateur	beginner	73	5	6.0	6.45	The professional photographer was disqualified from the photo contest because the rules explicitly state that you must be	in order to compete.	False	n/a	n/a
2605.693359375	0.2	1334115	255	filler_word	218	45	2	delong	expected	an	a	amateur	beginner	73	5	6.0	6.45	The professional photographer was disqualified from the photo contest because the rules explicitly state that you must be	in order to compete.	False	n/a	n/a
2606.224609375	0.2	1334387	255	filler_word	218	45	2	delong	expected	an	a	amateur	beginner	73	5	6.0	6.45	The professional photographer was disqualified from the photo contest because the rules explicitly state that you must be	in order to compete.	False	n/a	n/a
2606.75390625	0.2	1334658	212	filler_word	218	45	2	delong	expected	an	a	amateur	beginner	73	5	6.0	6.45	The professional photographer was disqualified from the photo contest because the rules explicitly state that you must be	in order to compete.	False	n/a	n/a
2608.958984375	0.2	1335787	255	filler_word	218	45	2	delong	expected	an	a	amateur	beginner	73	5	6.0	6.45	The professional photographer was disqualified from the photo contest because the rules explicitly state that you must be	in order to compete.	False	n/a	n/a
2609.490234375	0.2	1336059	255	filler_word	218	45	2	delong	expected	an	a	amateur	beginner	73	5	6.0	6.45	The professional photographer was disqualified from the photo contest because the rules explicitly state that you must be	in order to compete.	False	n/a	n/a
2610.021484375	0.2	1336331	255	filler_word	218	45	2	delong	expected	an	a	amateur	beginner	73	5	6.0	6.45	The professional photographer was disqualified from the photo contest because the rules explicitly state that you must be	in order to compete.	False	n/a	n/a
2610.552734375	0.2	1336603	210	control_correct	218	45	2	delong	expected	an	a	amateur	beginner	73	5	6.0	6.45	The professional photographer was disqualified from the photo contest because the rules explicitly state that you must be	in order to compete.	False	n/a	n/a
2610.8671875	0.0	1336764	177	item_marker	219	77	2	delong	expected	an	a	egg	window	70	0	6.07	1.84	Violet was just learning how to make an omelette so her father began by showing her how to crack	in the kitchen.	False	n/a	n/a
2611.08203125	0.2	1336874	255	filler_word	219	77	2	delong	expected	an	a	egg	window	70	0	6.07	1.84	Violet was just learning how to make an omelette so her father began by showing her how to crack	in the kitchen.	False	n/a	n/a
2611.61328125	0.2	1337146	255	filler_word	219	77	2	delong	expected	an	a	egg	window	70	0	6.07	1.84	Violet was just learning how to make an omelette so her father began by showing her how to crack	in the kitchen.	False	n/a	n/a
2612.142578125	0.2	1337417	212	filler_word	219	77	2	delong	expected	an	a	egg	window	70	0	6.07	1.84	Violet was just learning how to make an omelette so her father began by showing her how to crack	in the kitchen.	False	n/a	n/a
2614.248046875	0.2	1338495	255	filler_word	219	77	2	delong	expected	an	a	egg	window	70	0	6.07	1.84	Violet was just learning how to make an omelette so her father began by showing her how to crack	in the kitchen.	False	n/a	n/a
2614.779296875	0.2	1338767	255	filler_word	219	77	2	delong	expected	an	a	egg	window	70	0	6.07	1.84	Violet was just learning how to make an omelette so her father began by showing her how to crack	in the kitchen.	False	n/a	n/a
2615.310546875	0.2	1339039	255	filler_word	219	77	2	delong	expected	an	a	egg	window	70	0	6.07	1.84	Violet was just learning how to make an omelette so her father began by showing her how to crack	in the kitchen.	False	n/a	n/a
2615.83984375	0.2	1339310	210	control_correct	219	77	2	delong	expected	an	a	egg	window	70	0	6.07	1.84	Violet was just learning how to make an omelette so her father began by showing her how to crack	in the kitchen.	False	n/a	n/a
2616.15625	0.0	1339472	166	item_marker	220	66	2	delong	expected	a	an	ship	island	100	0	4.7	3.61	Sandra decided that she would work for a cruise line for a year before starting university although she had never been on	and did not know how to swim.	False	n/a	n/a
2616.37109375	0.2	1339582	255	filler_word	220	66	2	delong	expected	a	an	ship	island	100	0	4.7	3.61	Sandra decided that she would work for a cruise line for a year before starting university although she had never been on	and did not know how to swim.	False	n/a	n/a
2616.900390625	0.2	1339853	255	filler_word	220	66	2	delong	expected	a	an	ship	island	100	0	4.7	3.61	Sandra decided that she would work for a cruise line for a year before starting university although she had never been on	and did not know how to swim.	False	n/a	n/a
2617.431640625	0.2	1340125	255	filler_word	220	66	2	delong	expected	a	an	ship	island	100	0	4.7	3.61	Sandra decided that she would work for a cruise line for a year before starting university although she had never been on	and did not know how to swim.	False	n/a	n/a
2617.9609375	0.2	1340396	255	filler_word	220	66	2	delong	expected	a	an	ship	island	100	0	4.7	3.61	Sandra decided that she would work for a cruise line for a year before starting university although she had never been on	and did not know how to swim.	False	n/a	n/a
2618.4921875	0.2	1340668	255	filler_word	220	66	2	delong	expected	a	an	ship	island	100	0	4.7	3.61	Sandra decided that she would work for a cruise line for a year before starting university although she had never been on	and did not know how to swim.	False	n/a	n/a
2619.0234375	0.2	1340940	212	filler_word	220	66	2	delong	expected	a	an	ship	island	100	0	4.7	3.61	Sandra decided that she would work for a cruise line for a year before starting university although she had never been on	and did not know how to swim.	False	n/a	n/a
2621.01171875	0.2	1341958	255	filler_word	220	66	2	delong	expected	a	an	ship	island	100	0	4.7	3.61	Sandra decided that she would work for a cruise line for a year before starting university although she had never been on	and did not know how to swim.	False	n/a	n/a
2621.54296875	0.2	1342230	255	filler_word	220	66	2	delong	expected	a	an	ship	island	100	0	4.7	3.61	Sandra decided that she would work for a cruise line for a year before starting university although she had never been on	and did not know how to swim.	False	n/a	n/a
2622.07421875	0.2	1342502	255	filler_word	220	66	2	delong	expected	a	an	ship	island	100	0	4.7	3.61	Sandra decided that she would work for a cruise line for a year before starting university although she had never been on	and did not know how to swim.	False	n/a	n/a
2622.603515625	0.2	1342773	210	control_correct	220	66	2	delong	expected	a	an	ship	island	100	0	4.7	3.61	Sandra decided that she would work for a cruise line for a year before starting university although she had never been on	and did not know how to swim.	False	n/a	n/a
2622.919921875	0.0	1342935	178	item_marker	221	78	2	delong	expected	a	an	window	egg	75	0	6.13	2.52	Because they were playing baseball so close to the house the children ended up shattering	and destroying a nest that some birds had built on the sill.	False	n/a	n/a
2623.134765625	0.2	1343045	255	filler_word	221	78	2	delong	expected	a	an	window	egg	75	0	6.13	2.52	Because they were playing baseball so close to the house the children ended up shattering	and destroying a nest that some birds had built on the sill.	False	n/a	n/a
2623.6640625	0.2	1343316	255	filler_word	221	78	2	delong	expected	a	an	window	egg	75	0	6.13	2.52	Because they were playing baseball so close to the house the children ended up shattering	and destroying a nest that some birds had built on the sill.	False	n/a	n/a
2624.1953125	0.2	1343588	255	filler_word	221	78	2	delong	expected	a	an	window	egg	75	0	6.13	2.52	Because they were playing baseball so close to the house the children ended up shattering	and destroying a nest that some birds had built on the sill.	False	n/a	n/a
2624.7265625	0.2	1343860	212	filler_word	221	78	2	delong	expected	a	an	window	egg	75	0	6.13	2.52	Because they were playing baseball so close to the house the children ended up shattering	and destroying a nest that some birds had built on the sill.	False	n/a	n/a
2627.37890625	0.2	1345218	255	filler_word	221	78	2	delong	expected	a	an	window	egg	75	0	6.13	2.52	Because they were playing baseball so close to the house the children ended up shattering	and destroying a nest that some birds had built on the sill.	False	n/a	n/a
2627.91015625	0.2	1345490	255	filler_word	221	78	2	delong	expected	a	an	window	egg	75	0	6.13	2.52	Because they were playing baseball so close to the house the children ended up shattering	and destroying a nest that some birds had built on the sill.	False	n/a	n/a
2628.439453125	0.2	1345761	210	control_correct	221	78	2	delong	expected	a	an	window	egg	75	0	6.13	2.52	Because they were playing baseball so close to the house the children ended up shattering	and destroying a nest that some birds had built on the sill.	False	n/a	n/a
2628.755859375	0.0	1345923	142	item_marker	222	42	2	delong	expected	a	an	parent	adult	91	0	5.74	4.2	Older children often have a harder time than younger children dealing with the loss of	who has cared for them.	False	n/a	n/a
2628.970703125	0.2	1346033	255	filler_word	222	42	2	delong	expected	a	an	parent	adult	91	0	5.74	4.2	Older children often have a harder time than younger children dealing with the loss of	who has cared for them.	False	n/a	n/a
2629.5	0.2	1346304	255	filler_word	222	42	2	delong	expected	a	an	parent	adult	91	0	5.74	4.2	Older children often have a harder time than younger children dealing with the loss of	who has cared for them.	False	n/a	n/a
2630.03125	0.2	1346576	212	filler_word	222	42	2	delong	expected	a	an	parent	adult	91	0	5.74	4.2	Older children often have a harder time than younger children dealing with the loss of	who has cared for them.	False	n/a	n/a
2632.0546875	0.2	1347612	255	filler_word	222	42	2	delong	expected	a	an	parent	adult	91	0	5.74	4.2	Older children often have a harder time than younger children dealing with the loss of	who has cared for them.	False	n/a	n/a
2632.583984375	0.2	1347883	255	filler_word	222	42	2	delong	expected	a	an	parent	adult	91	0	5.74	4.2	Older children often have a harder time than younger children dealing with the loss of	who has cared for them.	False	n/a	n/a
2633.115234375	0.2	1348155	255	filler_word	222	42	2	delong	expected	a	an	parent	adult	91	0	5.74	4.2	Older children often have a harder time than younger children dealing with the loss of	who has cared for them.	False	n/a	n/a
2633.646484375	0.2	1348427	255	filler_word	222	42	2	delong	expected	a	an	parent	adult	91	0	5.74	4.2	Older children often have a harder time than younger children dealing with the loss of	who has cared for them.	False	n/a	n/a
2634.17578125	0.2	1348698	211	control_incorrect	222	42	2	delong	expected	a	an	parent	adult	91	0	5.74	4.2	Older children often have a harder time than younger children dealing with the loss of	who has cared for them.	False	n/a	n/a
2634.4921875	0.0	1348860	148	item_marker	223	48	2	delong	unexpected	a	an	story	excuse	89	0	6.55	2.4	Before little Gloria went to sleep she wanted to hear	from her mother.	False	n/a	n/a
2634.70703125	0.2	1348970	255	filler_word	223	48	2	delong	unexpected	a	an	story	excuse	89	0	6.55	2.4	Before little Gloria went to sleep she wanted to hear	from her mother.	False	n/a	n/a
2635.236328125	0.2	1349241	255	filler_word	223	48	2	delong	unexpected	a	an	story	excuse	89	0	6.55	2.4	Before little Gloria went to sleep she wanted to hear	from her mother.	False	n/a	n/a
2635.767578125	0.2	1349513	213	filler_word	223	48	2	delong	unexpected	a	an	story	excuse	89	0	6.55	2.4	Before little Gloria went to sleep she wanted to hear	from her mother.	False	n/a	n/a
2637.791015625	0.2	1350549	255	filler_word	223	48	2	delong	unexpected	a	an	story	excuse	89	0	6.55	2.4	Before little Gloria went to sleep she wanted to hear	from her mother.	False	n/a	n/a
2638.3203125	0.2	1350820	255	filler_word	223	48	2	delong	unexpected	a	an	story	excuse	89	0	6.55	2.4	Before little Gloria went to sleep she wanted to hear	from her mother.	False	n/a	n/a
2638.8515625	0.2	1351092	210	control_correct	223	48	2	delong	unexpected	a	an	story	excuse	89	0	6.55	2.4	Before little Gloria went to sleep she wanted to hear	from her mother.	False	n/a	n/a
2639.166015625	0.0	1351253	141	item_marker	224	41	2	delong	expected	an	a	adult	parent	91	9	5.58	4.7	In order to get into an R-rated movie children under 17 must be accompanied by	or legal guardian.	False	n/a	n/a
2639.3828125	0.2	1351364	255	filler_word	224	41	2	delong	expected	an	a	adult	parent	91	9	5.58	4.7	In order to get into an R-rated movie children under 17 must be accompanied by	or legal guardian.	False	n/a	n/a
2639.912109375	0.2	1351635	212	filler_word	224	41	2	delong	expected	an	a	adult	parent	91	9	5.58	4.7	In order to get into an R-rated movie children under 17 must be accompanied by	or legal guardian.	False	n/a	n/a
2641.935546875	0.2	1352671	255	filler_word	224	41	2	delong	expected	an	a	adult	parent	91	9	5.58	4.7	In order to get into an R-rated movie children under 17 must be accompanied by	or legal guardian.	False	n/a	n/a
2642.466796875	0.2	1352943	255	filler_word	224	41	2	delong	expected	an	a	adult	parent	91	9	5.58	4.7	In order to get into an R-rated movie children under 17 must be accompanied by	or legal guardian.	False	n/a	n/a
2642.99609375	0.2	1353214	255	filler_word	224	41	2	delong	expected	an	a	adult	parent	91	9	5.58	4.7	In order to get into an R-rated movie children under 17 must be accompanied by	or legal guardian.	False	n/a	n/a
2643.52734375	0.2	1353486	210	control_correct	224	41	2	delong	expected	an	a	adult	parent	91	9	5.58	4.7	In order to get into an R-rated movie children under 17 must be accompanied by	or legal guardian.	False	n/a	n/a
2643.841796875	0.0	1353647	150	item_marker	225	50	2	delong	expected	a	an	finger	onion	27	0	5.35	3.13	Marie wanted to sample a tiny bit of the sauce so she daintily dipped	into the pot.	False	n/a	n/a
2644.056640625	0.2	1353757	255	filler_word	225	50	2	delong	expected	a	an	finger	onion	27	0	5.35	3.13	Marie wanted to sample a tiny bit of the sauce so she daintily dipped	into the pot.	False	n/a	n/a
2644.587890625	0.2	1354029	255	filler_word	225	50	2	delong	expected	a	an	finger	onion	27	0	5.35	3.13	Marie wanted to sample a tiny bit of the sauce so she daintily dipped	into the pot.	False	n/a	n/a
2645.1171875	0.2	1354300	212	filler_word	225	50	2	delong	expected	a	an	finger	onion	27	0	5.35	3.13	Marie wanted to sample a tiny bit of the sauce so she daintily dipped	into the pot.	False	n/a	n/a
2647.173828125	0.2	1355353	255	filler_word	225	50	2	delong	expected	a	an	finger	onion	27	0	5.35	3.13	Marie wanted to sample a tiny bit of the sauce so she daintily dipped	into the pot.	False	n/a	n/a
2647.705078125	0.2	1355625	255	filler_word	225	50	2	delong	expected	a	an	finger	onion	27	0	5.35	3.13	Marie wanted to sample a tiny bit of the sauce so she daintily dipped	into the pot.	False	n/a	n/a
2648.234375	0.2	1355896	255	filler_word	225	50	2	delong	expected	a	an	finger	onion	27	0	5.35	3.13	Marie wanted to sample a tiny bit of the sauce so she daintily dipped	into the pot.	False	n/a	n/a
2648.765625	0.2	1356168	255	filler_word	225	50	2	delong	expected	a	an	finger	onion	27	0	5.35	3.13	Marie wanted to sample a tiny bit of the sauce so she daintily dipped	into the pot.	False	n/a	n/a
2649.296875	0.2	1356440	255	filler_word	225	50	2	delong	expected	a	an	finger	onion	27	0	5.35	3.13	Marie wanted to sample a tiny bit of the sauce so she daintily dipped	into the pot.	False	n/a	n/a
2649.826171875	0.2	1356711	255	filler_word	225	50	2	delong	expected	a	an	finger	onion	27	0	5.35	3.13	Marie wanted to sample a tiny bit of the sauce so she daintily dipped	into the pot.	False	n/a	n/a
2650.357421875	0.2	1356983	210	control_correct	225	50	2	delong	expected	a	an	finger	onion	27	0	5.35	3.13	Marie wanted to sample a tiny bit of the sauce so she daintily dipped	into the pot.	False	n/a	n/a
2650.671875	0.0	1357144	170	item_marker	226	70	2	delong	expected	a	an	mirage	ocean	68	16	6.1	3.97	As the men stumbled across the desert they thought they saw an oasis on the horizon but it turned out to be	so they continued walking.	True	Was there an oasis on the horizon?	no
2650.888671875	0.2	1357255	255	filler_word	226	70	2	delong	expected	a	an	mirage	ocean	68	16	6.1	3.97	As the men stumbled across the desert they thought they saw an oasis on the horizon but it turned out to be	so they continued walking.	True	Was there an oasis on the horizon?	no
2651.41796875	0.2	1357526	255	filler_word	226	70	2	delong	expected	a	an	mirage	ocean	68	16	6.1	3.97	As the men stumbled across the desert they thought they saw an oasis on the horizon but it turned out to be	so they continued walking.	True	Was there an oasis on the horizon?	no
2651.94921875	0.2	1357798	255	filler_word	226	70	2	delong	expected	a	an	mirage	ocean	68	16	6.1	3.97	As the men stumbled across the desert they thought they saw an oasis on the horizon but it turned out to be	so they continued walking.	True	Was there an oasis on the horizon?	no
2652.478515625	0.2	1358069	212	filler_word	226	70	2	delong	expected	a	an	mirage	ocean	68	16	6.1	3.97	As the men stumbled across the desert they thought they saw an oasis on the horizon but it turned out to be	so they continued walking.	True	Was there an oasis on the horizon?	no
2654.65234375	0.2	1359182	255	filler_word	226	70	2	delong	expected	a	an	mirage	ocean	68	16	6.1	3.97	As the men stumbled across the desert they thought they saw an oasis on the horizon but it turned out to be	so they continued walking.	True	Was there an oasis on the horizon?	no
2655.181640625	0.2	1359453	255	filler_word	226	70	2	delong	expected	a	an	mirage	ocean	68	16	6.1	3.97	As the men stumbled across the desert they thought they saw an oasis on the horizon but it turned out to be	so they continued walking.	True	Was there an oasis on the horizon?	no
2655.712890625	0.2	1359725	255	filler_word	226	70	2	delong	expected	a	an	mirage	ocean	68	16	6.1	3.97	As the men stumbled across the desert they thought they saw an oasis on the horizon but it turned out to be	so they continued walking.	True	Was there an oasis on the horizon?	no
2656.2421875	0.2	1359996	255	filler_word	226	70	2	delong	expected	a	an	mirage	ocean	68	16	6.1	3.97	As the men stumbled across the desert they thought they saw an oasis on the horizon but it turned out to be	so they continued walking.	True	Was there an oasis on the horizon?	no
2656.7734375	0.2	1360268	211	control_incorrect	226	70	2	delong	expected	a	an	mirage	ocean	68	16	6.1	3.97	As the men stumbled across the desert they thought they saw an oasis on the horizon but it turned out to be	so they continued walking.	True	Was there an oasis on the horizon?	no
2657.08984375	0.0	1360430	172	item_marker	227	72	2	delong	unexpected	a	an	compliment	order	73	0	5.97	3.68	Marcy did not deal well with praise and had never really learned how to take	even from her friends.	False	n/a	n/a
2657.3046875	0.2	1360540	255	filler_word	227	72	2	delong	unexpected	a	an	compliment	order	73	0	5.97	3.68	Marcy did not deal well with praise and had never really learned how to take	even from her friends.	False	n/a	n/a
2657.833984375	0.2	1360811	255	filler_word	227	72	2	delong	unexpected	a	an	compliment	order	73	0	5.97	3.68	Marcy did not deal well with praise and had never really learned how to take	even from her friends.	False	n/a	n/a
2658.365234375	0.2	1361083	255	filler_word	227	72	2	delong	unexpected	a	an	compliment	order	73	0	5.97	3.68	Marcy did not deal well with praise and had never really learned how to take	even from her friends.	False	n/a	n/a
2658.89453125	0.2	1361354	255	filler_word	227	72	2	delong	unexpected	a	an	compliment	order	73	0	5.97	3.68	Marcy did not deal well with praise and had never really learned how to take	even from her friends.	False	n/a	n/a
2659.42578125	0.2	1361626	213	filler_word	227	72	2	delong	unexpected	a	an	compliment	order	73	0	5.97	3.68	Marcy did not deal well with praise and had never really learned how to take	even from her friends.	False	n/a	n/a
2661.548828125	0.2	1362713	255	filler_word	227	72	2	delong	unexpected	a	an	compliment	order	73	0	5.97	3.68	Marcy did not deal well with praise and had never really learned how to take	even from her friends.	False	n/a	n/a
2662.078125	0.2	1362984	255	filler_word	227	72	2	delong	unexpected	a	an	compliment	order	73	0	5.97	3.68	Marcy did not deal well with praise and had never really learned how to take	even from her friends.	False	n/a	n/a
2662.609375	0.2	1363256	255	filler_word	227	72	2	delong	unexpected	a	an	compliment	order	73	0	5.97	3.68	Marcy did not deal well with praise and had never really learned how to take	even from her friends.	False	n/a	n/a
2663.140625	0.2	1363528	255	filler_word	227	72	2	delong	unexpected	a	an	compliment	order	73	0	5.97	3.68	Marcy did not deal well with praise and had never really learned how to take	even from her friends.	False	n/a	n/a
2663.669921875	0.2	1363799	210	control_correct	227	72	2	delong	unexpected	a	an	compliment	order	73	0	5.97	3.68	Marcy did not deal well with praise and had never really learned how to take	even from her friends.	False	n/a	n/a
2663.986328125	0.0	1363961	169	item_marker	228	69	2	delong	expected	an	a	ocean	mirage	73	5	5.77	2.7	The first time Timmy saw the Pacific he thought it was a lake but his brother laughed and explained to him that it was	and he should be careful of the waves.	False	n/a	n/a
2664.201171875	0.2	1364071	255	filler_word	228	69	2	delong	expected	an	a	ocean	mirage	73	5	5.77	2.7	The first time Timmy saw the Pacific he thought it was a lake but his brother laughed and explained to him that it was	and he should be careful of the waves.	False	n/a	n/a
2664.73046875	0.2	1364342	255	filler_word	228	69	2	delong	expected	an	a	ocean	mirage	73	5	5.77	2.7	The first time Timmy saw the Pacific he thought it was a lake but his brother laughed and explained to him that it was	and he should be careful of the waves.	False	n/a	n/a
2665.26171875	0.2	1364614	255	filler_word	228	69	2	delong	expected	an	a	ocean	mirage	73	5	5.77	2.7	The first time Timmy saw the Pacific he thought it was a lake but his brother laughed and explained to him that it was	and he should be careful of the waves.	False	n/a	n/a
2665.791015625	0.2	1364885	212	filler_word	228	69	2	delong	expected	an	a	ocean	mirage	73	5	5.77	2.7	The first time Timmy saw the Pacific he thought it was a lake but his brother laughed and explained to him that it was	and he should be careful of the waves.	False	n/a	n/a
2667.998046875	0.2	1366015	255	filler_word	228	69	2	delong	expected	an	a	ocean	mirage	73	5	5.77	2.7	The first time Timmy saw the Pacific he thought it was a lake but his brother laughed and explained to him that it was	and he should be careful of the waves.	False	n/a	n/a
2668.52734375	0.2	1366286	255	filler_word	228	69	2	delong	expected	an	a	ocean	mirage	73	5	5.77	2.7	The first time Timmy saw the Pacific he thought it was a lake but his brother laughed and explained to him that it was	and he should be careful of the waves.	False	n/a	n/a
2669.05859375	0.2	1366558	255	filler_word	228	69	2	delong	expected	an	a	ocean	mirage	73	5	5.77	2.7	The first time Timmy saw the Pacific he thought it was a lake but his brother laughed and explained to him that it was	and he should be careful of the waves.	False	n/a	n/a
2669.58984375	0.2	1366830	211	control_incorrect	228	69	2	delong	expected	an	a	ocean	mirage	73	5	5.77	2.7	The first time Timmy saw the Pacific he thought it was a lake but his brother laughed and explained to him that it was	and he should be careful of the waves.	False	n/a	n/a
2669.904296875	0.0	1366991	156	item_marker	229	56	2	delong	unexpected	a	an	crowd	audience	100	0	6.06	2.9	Carrie's father had always joked that two is company but three is	for him.	False	n/a	n/a
2670.119140625	0.2	1367101	255	filler_word	229	56	2	delong	unexpected	a	an	crowd	audience	100	0	6.06	2.9	Carrie's father had always joked that two is company but three is	for him.	False	n/a	n/a
2670.650390625	0.2	1367373	255	filler_word	229	56	2	delong	unexpected	a	an	crowd	audience	100	0	6.06	2.9	Carrie's father had always joked that two is company but three is	for him.	False	n/a	n/a
2671.1796875	0.2	1367644	255	filler_word	229	56	2	delong	unexpected	a	an	crowd	audience	100	0	6.06	2.9	Carrie's father had always joked that two is company but three is	for him.	False	n/a	n/a
2671.7109375	0.2	1367916	213	filler_word	229	56	2	delong	unexpected	a	an	crowd	audience	100	0	6.06	2.9	Carrie's father had always joked that two is company but three is	for him.	False	n/a	n/a
2674.646484375	0.2	1369419	255	filler_word	229	56	2	delong	unexpected	a	an	crowd	audience	100	0	6.06	2.9	Carrie's father had always joked that two is company but three is	for him.	False	n/a	n/a
2675.17578125	0.2	1369690	255	filler_word	229	56	2	delong	unexpected	a	an	crowd	audience	100	0	6.06	2.9	Carrie's father had always joked that two is company but three is	for him.	False	n/a	n/a
2675.705078125	0.2	1369961	255	filler_word	229	56	2	delong	unexpected	a	an	crowd	audience	100	0	6.06	2.9	Carrie's father had always joked that two is company but three is	for him.	False	n/a	n/a
2676.236328125	0.2	1370233	255	filler_word	229	56	2	delong	unexpected	a	an	crowd	audience	100	0	6.06	2.9	Carrie's father had always joked that two is company but three is	for him.	False	n/a	n/a
2676.767578125	0.2	1370505	211	control_incorrect	229	56	2	delong	unexpected	a	an	crowd	audience	100	0	6.06	2.9	Carrie's father had always joked that two is company but three is	for him.	False	n/a	n/a
2677.08203125	0.0	1370666	179	item_marker	230	79	2	delong	unexpected	an	a	alien	tourist	95	0	4.97	2.03	Bob claims to be from outer space but nobody believes that he is actually	from another planet.	True	Does Bob claim to be from Canada?	no
2677.298828125	0.2	1370777	255	filler_word	230	79	2	delong	unexpected	an	a	alien	tourist	95	0	4.97	2.03	Bob claims to be from outer space but nobody believes that he is actually	from another planet.	True	Does Bob claim to be from Canada?	no
2677.828125	0.2	1371048	255	filler_word	230	79	2	delong	unexpected	an	a	alien	tourist	95	0	4.97	2.03	Bob claims to be from outer space but nobody believes that he is actually	from another planet.	True	Does Bob claim to be from Canada?	no
2678.359375	0.2	1371320	255	filler_word	230	79	2	delong	unexpected	an	a	alien	tourist	95	0	4.97	2.03	Bob claims to be from outer space but nobody believes that he is actually	from another planet.	True	Does Bob claim to be from Canada?	no
2678.890625	0.2	1371592	213	filler_word	230	79	2	delong	unexpected	an	a	alien	tourist	95	0	4.97	2.03	Bob claims to be from outer space but nobody believes that he is actually	from another planet.	True	Does Bob claim to be from Canada?	no
2681.01171875	0.2	1372678	255	filler_word	230	79	2	delong	unexpected	an	a	alien	tourist	95	0	4.97	2.03	Bob claims to be from outer space but nobody believes that he is actually	from another planet.	True	Does Bob claim to be from Canada?	no
2681.54296875	0.2	1372950	255	filler_word	230	79	2	delong	unexpected	an	a	alien	tourist	95	0	4.97	2.03	Bob claims to be from outer space but nobody believes that he is actually	from another planet.	True	Does Bob claim to be from Canada?	no
2682.072265625	0.2	1373221	255	filler_word	230	79	2	delong	unexpected	an	a	alien	tourist	95	0	4.97	2.03	Bob claims to be from outer space but nobody believes that he is actually	from another planet.	True	Does Bob claim to be from Canada?	no
2682.603515625	0.2	1373493	255	filler_word	230	79	2	delong	unexpected	an	a	alien	tourist	95	0	4.97	2.03	Bob claims to be from outer space but nobody believes that he is actually	from another planet.	True	Does Bob claim to be from Canada?	no
2683.134765625	0.2	1373765	255	filler_word	230	79	2	delong	unexpected	an	a	alien	tourist	95	0	4.97	2.03	Bob claims to be from outer space but nobody believes that he is actually	from another planet.	True	Does Bob claim to be from Canada?	no
2683.6640625	0.2	1374036	210	control_correct	230	79	2	delong	unexpected	an	a	alien	tourist	95	0	4.97	2.03	Bob claims to be from outer space but nobody believes that he is actually	from another planet.	True	Does Bob claim to be from Canada?	no
2683.98046875	0.0	1374198	153	item_marker	231	53	2	delong	expected	an	a	actor	director	70	25	6.33	5.68	Lance had moved to Hollywood in hopes of becoming	but so far he had only done a few commercials.	False	n/a	n/a
2684.1953125	0.2	1374308	255	filler_word	231	53	2	delong	expected	an	a	actor	director	70	25	6.33	5.68	Lance had moved to Hollywood in hopes of becoming	but so far he had only done a few commercials.	False	n/a	n/a
2684.724609375	0.2	1374579	255	filler_word	231	53	2	delong	expected	an	a	actor	director	70	25	6.33	5.68	Lance had moved to Hollywood in hopes of becoming	but so far he had only done a few commercials.	False	n/a	n/a
2685.255859375	0.2	1374851	255	filler_word	231	53	2	delong	expected	an	a	actor	director	70	25	6.33	5.68	Lance had moved to Hollywood in hopes of becoming	but so far he had only done a few commercials.	False	n/a	n/a
2685.78515625	0.2	1375122	212	filler_word	231	53	2	delong	expected	an	a	actor	director	70	25	6.33	5.68	Lance had moved to Hollywood in hopes of becoming	but so far he had only done a few commercials.	False	n/a	n/a
2688.05859375	0.2	1376286	255	filler_word	231	53	2	delong	expected	an	a	actor	director	70	25	6.33	5.68	Lance had moved to Hollywood in hopes of becoming	but so far he had only done a few commercials.	False	n/a	n/a
2688.587890625	0.2	1376557	255	filler_word	231	53	2	delong	expected	an	a	actor	director	70	25	6.33	5.68	Lance had moved to Hollywood in hopes of becoming	but so far he had only done a few commercials.	False	n/a	n/a
2689.119140625	0.2	1376829	255	filler_word	231	53	2	delong	expected	an	a	actor	director	70	25	6.33	5.68	Lance had moved to Hollywood in hopes of becoming	but so far he had only done a few commercials.	False	n/a	n/a
2689.6484375	0.2	1377100	255	filler_word	231	53	2	delong	expected	an	a	actor	director	70	25	6.33	5.68	Lance had moved to Hollywood in hopes of becoming	but so far he had only done a few commercials.	False	n/a	n/a
2690.1796875	0.2	1377372	255	filler_word	231	53	2	delong	expected	an	a	actor	director	70	25	6.33	5.68	Lance had moved to Hollywood in hopes of becoming	but so far he had only done a few commercials.	False	n/a	n/a
2690.7109375	0.2	1377644	211	control_incorrect	231	53	2	delong	expected	an	a	actor	director	70	25	6.33	5.68	Lance had moved to Hollywood in hopes of becoming	but so far he had only done a few commercials.	False	n/a	n/a
2691.025390625	0.0	1377805	167	item_marker	232	67	2	delong	unexpected	an	a	owl	cat	86	14	6.13	2.47	As Elizabeth climbed the ladder in the barn she heard a hooting sound coming from the rafters and looked up to see	staring down at her.	False	n/a	n/a
2691.240234375	0.2	1377915	255	filler_word	232	67	2	delong	unexpected	an	a	owl	cat	86	14	6.13	2.47	As Elizabeth climbed the ladder in the barn she heard a hooting sound coming from the rafters and looked up to see	staring down at her.	False	n/a	n/a
2691.771484375	0.2	1378187	255	filler_word	232	67	2	delong	unexpected	an	a	owl	cat	86	14	6.13	2.47	As Elizabeth climbed the ladder in the barn she heard a hooting sound coming from the rafters and looked up to see	staring down at her.	False	n/a	n/a
2692.302734375	0.2	1378459	213	filler_word	232	67	2	delong	unexpected	an	a	owl	cat	86	14	6.13	2.47	As Elizabeth climbed the ladder in the barn she heard a hooting sound coming from the rafters and looked up to see	staring down at her.	False	n/a	n/a
2700.27734375	0.2	1382542	255	filler_word	232	67	2	delong	unexpected	an	a	owl	cat	86	14	6.13	2.47	As Elizabeth climbed the ladder in the barn she heard a hooting sound coming from the rafters and looked up to see	staring down at her.	False	n/a	n/a
2700.806640625	0.2	1382813	255	filler_word	232	67	2	delong	unexpected	an	a	owl	cat	86	14	6.13	2.47	As Elizabeth climbed the ladder in the barn she heard a hooting sound coming from the rafters and looked up to see	staring down at her.	False	n/a	n/a
2701.337890625	0.2	1383085	255	filler_word	232	67	2	delong	unexpected	an	a	owl	cat	86	14	6.13	2.47	As Elizabeth climbed the ladder in the barn she heard a hooting sound coming from the rafters and looked up to see	staring down at her.	False	n/a	n/a
2701.869140625	0.2	1383357	210	control_correct	232	67	2	delong	unexpected	an	a	owl	cat	86	14	6.13	2.47	As Elizabeth climbed the ladder in the barn she heard a hooting sound coming from the rafters and looked up to see	staring down at her.	False	n/a	n/a
2702.18359375	0.0	1383518	146	item_marker	233	46	2	delong	expected	a	an	beginner	amateur	82	16	6.17	6.16	There are always ways to improve your game whether you're an advanced tennis player or merely	you just need to practice a lot.	False	n/a	n/a
2702.3984375	0.2	1383628	255	filler_word	233	46	2	delong	expected	a	an	beginner	amateur	82	16	6.17	6.16	There are always ways to improve your game whether you're an advanced tennis player or merely	you just need to practice a lot.	False	n/a	n/a
2702.9296875	0.2	1383900	212	filler_word	233	46	2	delong	expected	a	an	beginner	amateur	82	16	6.17	6.16	There are always ways to improve your game whether you're an advanced tennis player or merely	you just need to practice a lot.	False	n/a	n/a
2705.03515625	0.2	1384978	255	filler_word	233	46	2	delong	expected	a	an	beginner	amateur	82	16	6.17	6.16	There are always ways to improve your game whether you're an advanced tennis player or merely	you just need to practice a lot.	False	n/a	n/a
2705.564453125	0.2	1385249	255	filler_word	233	46	2	delong	expected	a	an	beginner	amateur	82	16	6.17	6.16	There are always ways to improve your game whether you're an advanced tennis player or merely	you just need to practice a lot.	False	n/a	n/a
2706.095703125	0.2	1385521	255	filler_word	233	46	2	delong	expected	a	an	beginner	amateur	82	16	6.17	6.16	There are always ways to improve your game whether you're an advanced tennis player or merely	you just need to practice a lot.	False	n/a	n/a
2706.626953125	0.2	1385793	255	filler_word	233	46	2	delong	expected	a	an	beginner	amateur	82	16	6.17	6.16	There are always ways to improve your game whether you're an advanced tennis player or merely	you just need to practice a lot.	False	n/a	n/a
2707.15625	0.2	1386064	255	filler_word	233	46	2	delong	expected	a	an	beginner	amateur	82	16	6.17	6.16	There are always ways to improve your game whether you're an advanced tennis player or merely	you just need to practice a lot.	False	n/a	n/a
2707.6875	0.2	1386336	211	control_incorrect	233	46	2	delong	expected	a	an	beginner	amateur	82	16	6.17	6.16	There are always ways to improve your game whether you're an advanced tennis player or merely	you just need to practice a lot.	False	n/a	n/a
2708.001953125	0.0	1386497	144	item_marker	234	44	2	delong	unexpected	an	a	envelope	stamp	77	0	5.87	5.06	When Wendy went to pay for the birthday card the clerk pointed out that she had forgotten to pick up	along with it.	False	n/a	n/a
2708.216796875	0.2	1386607	255	filler_word	234	44	2	delong	unexpected	an	a	envelope	stamp	77	0	5.87	5.06	When Wendy went to pay for the birthday card the clerk pointed out that she had forgotten to pick up	along with it.	False	n/a	n/a
2708.748046875	0.2	1386879	255	filler_word	234	44	2	delong	unexpected	an	a	envelope	stamp	77	0	5.87	5.06	When Wendy went to pay for the birthday card the clerk pointed out that she had forgotten to pick up	along with it.	False	n/a	n/a
2709.279296875	0.2	1387151	213	filler_word	234	44	2	delong	unexpected	an	a	envelope	stamp	77	0	5.87	5.06	When Wendy went to pay for the birthday card the clerk pointed out that she had forgotten to pick up	along with it.	False	n/a	n/a
2712.197265625	0.2	1388645	255	filler_word	234	44	2	delong	unexpected	an	a	envelope	stamp	77	0	5.87	5.06	When Wendy went to pay for the birthday card the clerk pointed out that she had forgotten to pick up	along with it.	False	n/a	n/a
2712.7265625	0.2	1388916	255	filler_word	234	44	2	delong	unexpected	an	a	envelope	stamp	77	0	5.87	5.06	When Wendy went to pay for the birthday card the clerk pointed out that she had forgotten to pick up	along with it.	False	n/a	n/a
2713.2578125	0.2	1389188	255	filler_word	234	44	2	delong	unexpected	an	a	envelope	stamp	77	0	5.87	5.06	When Wendy went to pay for the birthday card the clerk pointed out that she had forgotten to pick up	along with it.	False	n/a	n/a
2713.7890625	0.2	1389460	255	filler_word	234	44	2	delong	unexpected	an	a	envelope	stamp	77	0	5.87	5.06	When Wendy went to pay for the birthday card the clerk pointed out that she had forgotten to pick up	along with it.	False	n/a	n/a
2714.318359375	0.2	1389731	210	control_correct	234	44	2	delong	unexpected	an	a	envelope	stamp	77	0	5.87	5.06	When Wendy went to pay for the birthday card the clerk pointed out that she had forgotten to pick up	along with it.	False	n/a	n/a
2714.634765625	0.0	1389893	162	item_marker	235	62	2	delong	expected	a	an	coach	offense	98	0	6.0	3.3	Ever since Mr.Barnes had moved away Bobby's football team had been left without	and thus lost all their games.	False	n/a	n/a
2714.849609375	0.2	1390003	255	filler_word	235	62	2	delong	expected	a	an	coach	offense	98	0	6.0	3.3	Ever since Mr.Barnes had moved away Bobby's football team had been left without	and thus lost all their games.	False	n/a	n/a
2715.380859375	0.2	1390275	255	filler_word	235	62	2	delong	expected	a	an	coach	offense	98	0	6.0	3.3	Ever since Mr.Barnes had moved away Bobby's football team had been left without	and thus lost all their games.	False	n/a	n/a
2715.91015625	0.2	1390546	255	filler_word	235	62	2	delong	expected	a	an	coach	offense	98	0	6.0	3.3	Ever since Mr.Barnes had moved away Bobby's football team had been left without	and thus lost all their games.	False	n/a	n/a
2716.44140625	0.2	1390818	212	filler_word	235	62	2	delong	expected	a	an	coach	offense	98	0	6.0	3.3	Ever since Mr.Barnes had moved away Bobby's football team had been left without	and thus lost all their games.	False	n/a	n/a
2718.447265625	0.2	1391845	255	filler_word	235	62	2	delong	expected	a	an	coach	offense	98	0	6.0	3.3	Ever since Mr.Barnes had moved away Bobby's football team had been left without	and thus lost all their games.	False	n/a	n/a
2718.9765625	0.2	1392116	255	filler_word	235	62	2	delong	expected	a	an	coach	offense	98	0	6.0	3.3	Ever since Mr.Barnes had moved away Bobby's football team had been left without	and thus lost all their games.	False	n/a	n/a
2719.5078125	0.2	1392388	255	filler_word	235	62	2	delong	expected	a	an	coach	offense	98	0	6.0	3.3	Ever since Mr.Barnes had moved away Bobby's football team had been left without	and thus lost all their games.	False	n/a	n/a
2720.0390625	0.2	1392660	211	control_incorrect	235	62	2	delong	expected	a	an	coach	offense	98	0	6.0	3.3	Ever since Mr.Barnes had moved away Bobby's football team had been left without	and thus lost all their games.	False	n/a	n/a
2720.353515625	0.0	1392821	176	item_marker	236	76	2	delong	unexpected	a	an	liquid	element	73	0	4.65	2.23	Orlando thought that glass was a solid but when he held it under the Bunsen burner it melted and turned into	that could be sculpted.	False	n/a	n/a
2720.568359375	0.2	1392931	255	filler_word	236	76	2	delong	unexpected	a	an	liquid	element	73	0	4.65	2.23	Orlando thought that glass was a solid but when he held it under the Bunsen burner it melted and turned into	that could be sculpted.	False	n/a	n/a
2721.099609375	0.2	1393203	255	filler_word	236	76	2	delong	unexpected	a	an	liquid	element	73	0	4.65	2.23	Orlando thought that glass was a solid but when he held it under the Bunsen burner it melted and turned into	that could be sculpted.	False	n/a	n/a
2721.630859375	0.2	1393475	213	filler_word	236	76	2	delong	unexpected	a	an	liquid	element	73	0	4.65	2.23	Orlando thought that glass was a solid but when he held it under the Bunsen burner it melted and turned into	that could be sculpted.	False	n/a	n/a
2723.703125	0.2	1394536	255	filler_word	236	76	2	delong	unexpected	a	an	liquid	element	73	0	4.65	2.23	Orlando thought that glass was a solid but when he held it under the Bunsen burner it melted and turned into	that could be sculpted.	False	n/a	n/a
2724.232421875	0.2	1394807	255	filler_word	236	76	2	delong	unexpected	a	an	liquid	element	73	0	4.65	2.23	Orlando thought that glass was a solid but when he held it under the Bunsen burner it melted and turned into	that could be sculpted.	False	n/a	n/a
2724.763671875	0.2	1395079	255	filler_word	236	76	2	delong	unexpected	a	an	liquid	element	73	0	4.65	2.23	Orlando thought that glass was a solid but when he held it under the Bunsen burner it melted and turned into	that could be sculpted.	False	n/a	n/a
2725.294921875	0.2	1395351	211	control_incorrect	236	76	2	delong	unexpected	a	an	liquid	element	73	0	4.65	2.23	Orlando thought that glass was a solid but when he held it under the Bunsen burner it melted and turned into	that could be sculpted.	False	n/a	n/a
2725.609375	0.0	1395512	163	item_marker	237	63	2	delong	unexpected	an	a	idea	name	75	25	5.37	6.03	The group had been brainstorming all day but they still didn't have	for their project.	True	Did the group reach a conclusion?	no
2725.82421875	0.2	1395622	255	filler_word	237	63	2	delong	unexpected	an	a	idea	name	75	25	5.37	6.03	The group had been brainstorming all day but they still didn't have	for their project.	True	Did the group reach a conclusion?	no
2726.35546875	0.2	1395894	255	filler_word	237	63	2	delong	unexpected	an	a	idea	name	75	25	5.37	6.03	The group had been brainstorming all day but they still didn't have	for their project.	True	Did the group reach a conclusion?	no
2726.884765625	0.2	1396165	255	filler_word	237	63	2	delong	unexpected	an	a	idea	name	75	25	5.37	6.03	The group had been brainstorming all day but they still didn't have	for their project.	True	Did the group reach a conclusion?	no
2727.416015625	0.2	1396437	213	filler_word	237	63	2	delong	unexpected	an	a	idea	name	75	25	5.37	6.03	The group had been brainstorming all day but they still didn't have	for their project.	True	Did the group reach a conclusion?	no
2729.787109375	0.2	1397651	255	filler_word	237	63	2	delong	unexpected	an	a	idea	name	75	25	5.37	6.03	The group had been brainstorming all day but they still didn't have	for their project.	True	Did the group reach a conclusion?	no
2730.31640625	0.2	1397922	255	filler_word	237	63	2	delong	unexpected	an	a	idea	name	75	25	5.37	6.03	The group had been brainstorming all day but they still didn't have	for their project.	True	Did the group reach a conclusion?	no
2730.84765625	0.2	1398194	255	filler_word	237	63	2	delong	unexpected	an	a	idea	name	75	25	5.37	6.03	The group had been brainstorming all day but they still didn't have	for their project.	True	Did the group reach a conclusion?	no
2731.37890625	0.2	1398466	255	filler_word	237	63	2	delong	unexpected	an	a	idea	name	75	25	5.37	6.03	The group had been brainstorming all day but they still didn't have	for their project.	True	Did the group reach a conclusion?	no
2731.91015625	0.2	1398738	210	control_correct	237	63	2	delong	unexpected	an	a	idea	name	75	25	5.37	6.03	The group had been brainstorming all day but they still didn't have	for their project.	True	Did the group reach a conclusion?	no
2732.224609375	0.0	1398899	161	item_marker	238	61	2	delong	expected	an	a	offense	coach	70	18	5.32	3.33	Although the basketball team's defence was very strong they did not have so much of	since the middle of the season.	False	n/a	n/a
2732.439453125	0.2	1399009	255	filler_word	238	61	2	delong	expected	an	a	offense	coach	70	18	5.32	3.33	Although the basketball team's defence was very strong they did not have so much of	since the middle of the season.	False	n/a	n/a
2732.970703125	0.2	1399281	255	filler_word	238	61	2	delong	expected	an	a	offense	coach	70	18	5.32	3.33	Although the basketball team's defence was very strong they did not have so much of	since the middle of the season.	False	n/a	n/a
2733.5	0.2	1399552	255	filler_word	238	61	2	delong	expected	an	a	offense	coach	70	18	5.32	3.33	Although the basketball team's defence was very strong they did not have so much of	since the middle of the season.	False	n/a	n/a
2734.03125	0.2	1399824	212	filler_word	238	61	2	delong	expected	an	a	offense	coach	70	18	5.32	3.33	Although the basketball team's defence was very strong they did not have so much of	since the middle of the season.	False	n/a	n/a
2736.00390625	0.2	1400834	255	filler_word	238	61	2	delong	expected	an	a	offense	coach	70	18	5.32	3.33	Although the basketball team's defence was very strong they did not have so much of	since the middle of the season.	False	n/a	n/a
2736.53515625	0.2	1401106	255	filler_word	238	61	2	delong	expected	an	a	offense	coach	70	18	5.32	3.33	Although the basketball team's defence was very strong they did not have so much of	since the middle of the season.	False	n/a	n/a
2737.064453125	0.2	1401377	255	filler_word	238	61	2	delong	expected	an	a	offense	coach	70	18	5.32	3.33	Although the basketball team's defence was very strong they did not have so much of	since the middle of the season.	False	n/a	n/a
2737.595703125	0.2	1401649	211	control_incorrect	238	61	2	delong	expected	an	a	offense	coach	70	18	5.32	3.33	Although the basketball team's defence was very strong they did not have so much of	since the middle of the season.	False	n/a	n/a
2737.912109375	0.0	1401811	151	item_marker	239	51	2	delong	unexpected	an	a	author	success	75	25	6.03	6.19	After Joanne's first book was published she finally felt she could call herself	in front of her peers.	True	Was this Joanne's first book?	yes
2738.126953125	0.2	1401921	255	filler_word	239	51	2	delong	unexpected	an	a	author	success	75	25	6.03	6.19	After Joanne's first book was published she finally felt she could call herself	in front of her peers.	True	Was this Joanne's first book?	yes
2738.65625	0.2	1402192	255	filler_word	239	51	2	delong	unexpected	an	a	author	success	75	25	6.03	6.19	After Joanne's first book was published she finally felt she could call herself	in front of her peers.	True	Was this Joanne's first book?	yes
2739.1875	0.2	1402464	255	filler_word	239	51	2	delong	unexpected	an	a	author	success	75	25	6.03	6.19	After Joanne's first book was published she finally felt she could call herself	in front of her peers.	True	Was this Joanne's first book?	yes
2739.716796875	0.2	1402735	213	filler_word	239	51	2	delong	unexpected	an	a	author	success	75	25	6.03	6.19	After Joanne's first book was published she finally felt she could call herself	in front of her peers.	True	Was this Joanne's first book?	yes
