onset	duration	sample	value	trial_type	sequence_id	item_number	list	task_type	condition	expected_article	unexpected_article	expected_noun	unexpected_noun	expected_cloze	unexpected_cloze	plausibility_expected	plausibility_unexpected	sentence_context	sentence_ending	has_question	question_text	question_answer
151.75390625	0.2	77698	255	filler_word	n/a	n/a	n/a	delong	n/a	n/a	n/a	n/a	n/a	n/a	n/a	n/a	n/a	n/a	n/a	n/a	n/a	n/a
152.28515625	0.2	77970	255	filler_word	n/a	n/a	n/a	delong	n/a	n/a	n/a	n/a	n/a	n/a	n/a	n/a	n/a	n/a	n/a	n/a	n/a	n/a
152.81640625	0.2	78242	255	filler_word	n/a	n/a	n/a	delong	n/a	n/a	n/a	n/a	n/a	n/a	n/a	n/a	n/a	n/a	n/a	n/a	n/a	n/a
153.34765625	0.2	78514	255	filler_word	n/a	n/a	n/a	delong	n/a	n/a	n/a	n/a	n/a	n/a	n/a	n/a	n/a	n/a	n/a	n/a	n/a	n/a
153.876953125	0.2	78785	255	filler_word	n/a	n/a	n/a	delong	n/a	n/a	n/a	n/a	n/a	n/a	n/a	n/a	n/a	n/a	n/a	n/a	n/a	n/a
154.408203125	0.2	79057	255	filler_word	n/a	n/a	n/a	delong	n/a	n/a	n/a	n/a	n/a	n/a	n/a	n/a	n/a	n/a	n/a	n/a	n/a	n/a
154.9375	0.2	79328	255	filler_word	n/a	n/a	n/a	delong	n/a	n/a	n/a	n/a	n/a	n/a	n/a	n/a	n/a	n/a	n/a	n/a	n/a	n/a
155.46875	0.2	79600	255	filler_word	n/a	n/a	n/a	delong	n/a	n/a	n/a	n/a	n/a	n/a	n/a	n/a	n/a	n/a	n/a	n/a	n/a	n/a
156.0	0.2	79872	255	filler_word	n/a	n/a	n/a	delong	n/a	n/a	n/a	n/a	n/a	n/a	n/a	n/a	n/a	n/a	n/a	n/a	n/a	n/a
163.509765625	0.0	83717	252	unknown_trigger	n/a	n/a	n/a	delong	n/a	n/a	n/a	n/a	n/a	n/a	n/a	n/a	n/a	n/a	n/a	n/a	n/a	n/a
168.962890625	0.2	86509	255	filler_word	n/a	n/a	n/a	delong	n/a	n/a	n/a	n/a	n/a	n/a	n/a	n/a	n/a	n/a	n/a	n/a	n/a	n/a
169.494140625	0.2	86781	255	filler_word	n/a	n/a	n/a	delong	n/a	n/a	n/a	n/a	n/a	n/a	n/a	n/a	n/a	n/a	n/a	n/a	n/a	n/a
170.025390625	0.2	87053	255	filler_word	n/a	n/a	n/a	delong	n/a	n/a	n/a	n/a	n/a	n/a	n/a	n/a	n/a	n/a	n/a	n/a	n/a	n/a
170.5546875	0.2	87324	255	filler_word	n/a	n/a	n/a	delong	n/a	n/a	n/a	n/a	n/a	n/a	n/a	n/a	n/a	n/a	n/a	n/a	n/a	n/a
171.0859375	0.2	87596	255	filler_word	n/a	n/a	n/a	delong	n/a	n/a	n/a	n/a	n/a	n/a	n/a	n/a	n/a	n/a	n/a	n/a	n/a	n/a
171.615234375	0.2	87867	255	filler_word	n/a	n/a	n/a	delong	n/a	n/a	n/a	n/a	n/a	n/a	n/a	n/a	n/a	n/a	n/a	n/a	n/a	n/a
172.146484375	0.2	88139	255	filler_word	n/a	n/a	n/a	delong	n/a	n/a	n/a	n/a	n/a	n/a	n/a	n/a	n/a	n/a	n/a	n/a	n/a	n/a
172.677734375	0.2	88411	255	filler_word	n/a	n/a	n/a	delong	n/a	n/a	n/a	n/a	n/a	n/a	n/a	n/a	n/a	n/a	n/a	n/a	n/a	n/a
173.208984375	0.2	88683	255	filler_word	n/a	n/a	n/a	delong	n/a	n/a	n/a	n/a	n/a	n/a	n/a	n/a	n/a	n/a	n/a	n/a	n/a	n/a
173.73828125	0.2	88954	255	filler_word	n/a	n/a	n/a	delong	n/a	n/a	n/a	n/a	n/a	n/a	n/a	n/a	n/a	n/a	n/a	n/a	n/a	n/a
174.26953125	0.2	89226	255	filler_word	n/a	n/a	n/a	delong	n/a	n/a	n/a	n/a	n/a	n/a	n/a	n/a	n/a	n/a	n/a	n/a	n/a	n/a
174.80078125	0.2	89498	255	filler_word	n/a	n/a	n/a	delong	n/a	n/a	n/a	n/a	n/a	n/a	n/a	n/a	n/a	n/a	n/a	n/a	n/a	n/a
175.330078125	0.2	89769	255	filler_word	n/a	n/a	n/a	delong	n/a	n/a	n/a	n/a	n/a	n/a	n/a	n/a	n/a	n/a	n/a	n/a	n/a	n/a
180.634765625	0.2	92485	255	filler_word	n/a	n/a	n/a	delong	n/a	n/a	n/a	n/a	n/a	n/a	n/a	n/a	n/a	n/a	n/a	n/a	n/a	n/a
181.166015625	0.2	92757	255	filler_word	n/a	n/a	n/a	delong	n/a	n/a	n/a	n/a	n/a	n/a	n/a	n/a	n/a	n/a	n/a	n/a	n/a	n/a
181.6953125	0.2	93028	255	filler_word	n/a	n/a	n/a	delong	n/a	n/a	n/a	n/a	n/a	n/a	n/a	n/a	n/a	n/a	n/a	n/a	n/a	n/a
182.2265625	0.2	93300	255	filler_word	n/a	n/a	n/a	delong	n/a	n/a	n/a	n/a	n/a	n/a	n/a	n/a	n/a	n/a	n/a	n/a	n/a	n/a
182.7578125	0.2	93572	255	filler_word	n/a	n/a	n/a	delong	n/a	n/a	n/a	n/a	n/a	n/a	n/a	n/a	n/a	n/a	n/a	n/a	n/a	n/a
183.287109375	0.2	93843	255	filler_word	n/a	n/a	n/a	delong	n/a	n/a	n/a	n/a	n/a	n/a	n/a	n/a	n/a	n/a	n/a	n/a	n/a	n/a
183.818359375	0.2	94115	255	filler_word	n/a	n/a	n/a	delong	n/a	n/a	n/a	n/a	n/a	n/a	n/a	n/a	n/a	n/a	n/a	n/a	n/a	n/a
184.349609375	0.2	94387	255	filler_word	n/a	n/a	n/a	delong	n/a	n/a	n/a	n/a	n/a	n/a	n/a	n/a	n/a	n/a	n/a	n/a	n/a	n/a
184.880859375	0.2	94659	255	filler_word	n/a	n/a	n/a	delong	n/a	n/a	n/a	n/a	n/a	n/a	n/a	n/a	n/a	n/a	n/a	n/a	n/a	n/a
185.41015625	0.2	94930	255	filler_word	n/a	n/a	n/a	delong	n/a	n/a	n/a	n/a	n/a	n/a	n/a	n/a	n/a	n/a	n/a	n/a	n/a	n/a
189.87109375	0.0	97214	251	question	n/a	n/a	n/a	delong	n/a	n/a	n/a	n/a	n/a	n/a	n/a	n/a	n/a	n/a	n/a	n/a	n/a	n/a
193.716796875	0.2	99183	255	filler_word	n/a	n/a	n/a	delong	n/a	n/a	n/a	n/a	n/a	n/a	n/a	n/a	n/a	n/a	n/a	n/a	n/a	n/a
194.24609375	0.2	99454	255	filler_word	n/a	n/a	n/a	delong	n/a	n/a	n/a	n/a	n/a	n/a	n/a	n/a	n/a	n/a	n/a	n/a	n/a	n/a
194.77734375	0.2	99726	255	filler_word	n/a	n/a	n/a	delong	n/a	n/a	n/a	n/a	n/a	n/a	n/a	n/a	n/a	n/a	n/a	n/a	n/a	n/a
195.30859375	0.2	99998	255	filler_word	n/a	n/a	n/a	delong	n/a	n/a	n/a	n/a	n/a	n/a	n/a	n/a	n/a	n/a	n/a	n/a	n/a	n/a
195.837890625	0.2	100269	255	filler_word	n/a	n/a	n/a	delong	n/a	n/a	n/a	n/a	n/a	n/a	n/a	n/a	n/a	n/a	n/a	n/a	n/a	n/a
196.369140625	0.2	100541	255	filler_word	n/a	n/a	n/a	delong	n/a	n/a	n/a	n/a	n/a	n/a	n/a	n/a	n/a	n/a	n/a	n/a	n/a	n/a
196.8984375	0.2	100812	255	filler_word	n/a	n/a	n/a	delong	n/a	n/a	n/a	n/a	n/a	n/a	n/a	n/a	n/a	n/a	n/a	n/a	n/a	n/a
197.4296875	0.2	101084	255	filler_word	n/a	n/a	n/a	delong	n/a	n/a	n/a	n/a	n/a	n/a	n/a	n/a	n/a	n/a	n/a	n/a	n/a	n/a
315.15625	0.2	161360	255	filler_word	n/a	n/a	n/a	delong	n/a	n/a	n/a	n/a	n/a	n/a	n/a	n/a	n/a	n/a	n/a	n/a	n/a	n/a
315.685546875	0.2	161631	255	filler_word	n/a	n/a	n/a	delong	n/a	n/a	n/a	n/a	n/a	n/a	n/a	n/a	n/a	n/a	n/a	n/a	n/a	n/a
316.216796875	0.2	161903	255	filler_word	n/a	n/a	n/a	delong	n/a	n/a	n/a	n/a	n/a	n/a	n/a	n/a	n/a	n/a	n/a	n/a	n/a	n/a
316.74609375	0.2	162174	255	filler_word	n/a	n/a	n/a	delong	n/a	n/a	n/a	n/a	n/a	n/a	n/a	n/a	n/a	n/a	n/a	n/a	n/a	n/a
317.27734375	0.2	162446	255	filler_word	n/a	n/a	n/a	delong	n/a	n/a	n/a	n/a	n/a	n/a	n/a	n/a	n/a	n/a	n/a	n/a	n/a	n/a
317.80859375	0.2	162718	255	filler_word	n/a	n/a	n/a	delong	n/a	n/a	n/a	n/a	n/a	n/a	n/a	n/a	n/a	n/a	n/a	n/a	n/a	n/a
318.337890625	0.2	162989	255	filler_word	n/a	n/a	n/a	delong	n/a	n/a	n/a	n/a	n/a	n/a	n/a	n/a	n/a	n/a	n/a	n/a	n/a	n/a
318.869140625	0.2	163261	255	filler_word	n/a	n/a	n/a	delong	n/a	n/a	n/a	n/a	n/a	n/a	n/a	n/a	n/a	n/a	n/a	n/a	n/a	n/a
319.400390625	0.2	163533	255	filler_word	n/a	n/a	n/a	delong	n/a	n/a	n/a	n/a	n/a	n/a	n/a	n/a	n/a	n/a	n/a	n/a	n/a	n/a
319.9296875	0.2	163804	255	filler_word	n/a	n/a	n/a	delong	n/a	n/a	n/a	n/a	n/a	n/a	n/a	n/a	n/a	n/a	n/a	n/a	n/a	n/a
320.4609375	0.2	164076	255	filler_word	n/a	n/a	n/a	delong	n/a	n/a	n/a	n/a	n/a	n/a	n/a	n/a	n/a	n/a	n/a	n/a	n/a	n/a
320.9921875	0.2	164348	255	filler_word	n/a	n/a	n/a	delong	n/a	n/a	n/a	n/a	n/a	n/a	n/a	n/a	n/a	n/a	n/a	n/a	n/a	n/a
321.521484375	0.2	164619	255	filler_word	n/a	n/a	n/a	delong	n/a	n/a	n/a	n/a	n/a	n/a	n/a	n/a	n/a	n/a	n/a	n/a	n/a	n/a
322.052734375	0.2	164891	255	filler_word	n/a	n/a	n/a	delong	n/a	n/a	n/a	n/a	n/a	n/a	n/a	n/a	n/a	n/a	n/a	n/a	n/a	n/a
322.58203125	0.2	165162	255	filler_word	n/a	n/a	n/a	delong	n/a	n/a	n/a	n/a	n/a	n/a	n/a	n/a	n/a	n/a	n/a	n/a	n/a	n/a
323.11328125	0.2	165434	255	filler_word	n/a	n/a	n/a	delong	n/a	n/a	n/a	n/a	n/a	n/a	n/a	n/a	n/a	n/a	n/a	n/a	n/a	n/a
323.64453125	0.2	165706	255	filler_word	n/a	n/a	n/a	delong	n/a	n/a	n/a	n/a	n/a	n/a	n/a	n/a	n/a	n/a	n/a	n/a	n/a	n/a
324.173828125	0.2	165977	255	filler_word	n/a	n/a	n/a	delong	n/a	n/a	n/a	n/a	n/a	n/a	n/a	n/a	n/a	n/a	n/a	n/a	n/a	n/a
324.705078125	0.2	166249	203	a_unexpected	n/a	n/a	n/a	delong	n/a	n/a	n/a	n/a	n/a	n/a	n/a	n/a	n/a	n/a	n/a	n/a	n/a	n/a
325.021484375	0.0	166411	101	item_marker	0	1	1	delong	unexpected	an	a	apple	carrot	82	0	4.87	2.23	The old wives' tale says that if you want to keep the doctor away then you should eat	a day.	False	n/a	n/a
325.076171875	0.0	166439	200	cloze_marker	0	1	1	delong	unexpected	an	a	apple	carrot	82	0	4.87	2.23	The old wives' tale says that if you want to keep the doctor away then you should eat	a day.	False	n/a	n/a
325.28515625	0.2	166546	206	noun_unexpected	0	1	1	delong	unexpected	an	a	apple	carrot	82	0	4.87	2.23	The old wives' tale says that if you want to keep the doctor away then you should eat	a day.	False	n/a	n/a
325.6015625	0.0	166708	101	item_marker	1	1	1	delong	unexpected	an	a	apple	carrot	82	0	4.87	2.23	The old wives' tale says that if you want to keep the doctor away then you should eat	a day.	False	n/a	n/a
325.65625	0.0	166736	200	cloze_marker	1	1	1	delong	unexpected	an	a	apple	carrot	82	0	4.87	2.23	The old wives' tale says that if you want to keep the doctor away then you should eat	a day.	False	n/a	n/a
325.865234375	0.2	166843	255	filler_word	1	1	1	delong	unexpected	an	a	apple	carrot	82	0	4.87	2.23	The old wives' tale says that if you want to keep the doctor away then you should eat	a day.	False	n/a	n/a
326.396484375	0.2	167115	208	final_unexpected	1	1	1	delong	unexpected	an	a	apple	carrot	82	0	4.87	2.23	The old wives' tale says that if you want to keep the doctor away then you should eat	a day.	False	n/a	n/a
332.048828125	0.2	170009	255	filler_word	1	1	1	delong	unexpected	an	a	apple	carrot	82	0	4.87	2.23	The old wives' tale says that if you want to keep the doctor away then you should eat	a day.	False	n/a	n/a
332.580078125	0.2	170281	255	filler_word	1	1	1	delong	unexpected	an	a	apple	carrot	82	0	4.87	2.23	The old wives' tale says that if you want to keep the doctor away then you should eat	a day.	False	n/a	n/a
333.111328125	0.2	170553	255	filler_word	1	1	1	delong	unexpected	an	a	apple	carrot	82	0	4.87	2.23	The old wives' tale says that if you want to keep the doctor away then you should eat	a day.	False	n/a	n/a
333.640625	0.2	170824	255	filler_word	1	1	1	delong	unexpected	an	a	apple	carrot	82	0	4.87	2.23	The old wives' tale says that if you want to keep the doctor away then you should eat	a day.	False	n/a	n/a
334.171875	0.2	171096	255	filler_word	1	1	1	delong	unexpected	an	a	apple	carrot	82	0	4.87	2.23	The old wives' tale says that if you want to keep the doctor away then you should eat	a day.	False	n/a	n/a
334.701171875	0.2	171367	255	filler_word	1	1	1	delong	unexpected	an	a	apple	carrot	82	0	4.87	2.23	The old wives' tale says that if you want to keep the doctor away then you should eat	a day.	False	n/a	n/a
335.232421875	0.2	171639	255	filler_word	1	1	1	delong	unexpected	an	a	apple	carrot	82	0	4.87	2.23	The old wives' tale says that if you want to keep the doctor away then you should eat	a day.	False	n/a	n/a
335.76171875	0.2	171910	255	filler_word	1	1	1	delong	unexpected	an	a	apple	carrot	82	0	4.87	2.23	The old wives' tale says that if you want to keep the doctor away then you should eat	a day.	False	n/a	n/a
336.29296875	0.2	172182	255	filler_word	1	1	1	delong	unexpected	an	a	apple	carrot	82	0	4.87	2.23	The old wives' tale says that if you want to keep the doctor away then you should eat	a day.	False	n/a	n/a
336.82421875	0.2	172454	255	filler_word	1	1	1	delong	unexpected	an	a	apple	carrot	82	0	4.87	2.23	The old wives' tale says that if you want to keep the doctor away then you should eat	a day.	False	n/a	n/a
337.35546875	0.2	172726	255	filler_word	1	1	1	delong	unexpected	an	a	apple	carrot	82	0	4.87	2.23	The old wives' tale says that if you want to keep the doctor away then you should eat	a day.	False	n/a	n/a
337.884765625	0.2	172997	255	filler_word	1	1	1	delong	unexpected	an	a	apple	carrot	82	0	4.87	2.23	The old wives' tale says that if you want to keep the doctor away then you should eat	a day.	False	n/a	n/a
338.416015625	0.2	173269	255	filler_word	1	1	1	delong	unexpected	an	a	apple	carrot	82	0	4.87	2.23	The old wives' tale says that if you want to keep the doctor away then you should eat	a day.	False	n/a	n/a
338.947265625	0.2	173541	255	filler_word	1	1	1	delong	unexpected	an	a	apple	carrot	82	0	4.87	2.23	The old wives' tale says that if you want to keep the doctor away then you should eat	a day.	False	n/a	n/a
339.4765625	0.2	173812	255	filler_word	1	1	1	delong	unexpected	an	a	apple	carrot	82	0	4.87	2.23	The old wives' tale says that if you want to keep the doctor away then you should eat	a day.	False	n/a	n/a
340.0078125	0.2	174084	255	filler_word	1	1	1	delong	unexpected	an	a	apple	carrot	82	0	4.87	2.23	The old wives' tale says that if you want to keep the doctor away then you should eat	a day.	False	n/a	n/a
340.537109375	0.2	174355	255	filler_word	1	1	1	delong	unexpected	an	a	apple	carrot	82	0	4.87	2.23	The old wives' tale says that if you want to keep the doctor away then you should eat	a day.	False	n/a	n/a
341.068359375	0.2	174627	204	an_unexpected	1	1	1	delong	unexpected	an	a	apple	carrot	82	0	4.87	2.23	The old wives' tale says that if you want to keep the doctor away then you should eat	a day.	False	n/a	n/a
341.384765625	0.0	174789	102	item_marker	2	2	1	delong	unexpected	a	an	carrot	apple	98	0	6.35	2.83	For the snowman's eyes the children used two pieces of coal, and for its nose they used	from the fridge.	True	Did they build a snowman?	yes
341.439453125	0.0	174817	200	cloze_marker	2	2	1	delong	unexpected	a	an	carrot	apple	98	0	6.35	2.83	For the snowman's eyes the children used two pieces of coal, and for its nose they used	from the fridge.	True	Did they build a snowman?	yes
341.6484375	0.2	174924	206	noun_unexpected	2	2	1	delong	unexpected	a	an	carrot	apple	98	0	6.35	2.83	For the snowman's eyes the children used two pieces of coal, and for its nose they used	from the fridge.	True	Did they build a snowman?	yes
341.962890625	0.0	175085	102	item_marker	3	2	1	delong	unexpected	a	an	carrot	apple	98	0	6.35	2.83	For the snowman's eyes the children used two pieces of coal, and for its nose they used	from the fridge.	True	Did they build a snowman?	yes
342.01953125	0.0	175114	3	cloze_marker	3	2	1	delong	unexpected	a	an	carrot	apple	98	0	6.35	2.83	For the snowman's eyes the children used two pieces of coal, and for its nose they used	from the fridge.	True	Did they build a snowman?	yes
342.228515625	0.2	175221	255	filler_word	3	2	1	delong	unexpected	a	an	carrot	apple	98	0	6.35	2.83	For the snowman's eyes the children used two pieces of coal, and for its nose they used	from the fridge.	True	Did they build a snowman?	yes
342.759765625	0.2	175493	255	filler_word	3	2	1	delong	unexpected	a	an	carrot	apple	98	0	6.35	2.83	For the snowman's eyes the children used two pieces of coal, and for its nose they used	from the fridge.	True	Did they build a snowman?	yes
343.2890625	0.2	175764	208	final_unexpected	3	2	1	delong	unexpected	a	an	carrot	apple	98	0	6.35	2.83	For the snowman's eyes the children used two pieces of coal, and for its nose they used	from the fridge.	True	Did they build a snowman?	yes
347.46875	0.0	177904	251	question	3	2	1	delong	unexpected	a	an	carrot	apple	98	0	6.35	2.83	For the snowman's eyes the children used two pieces of coal, and for its nose they used	from the fridge.	True	Did they build a snowman?	yes
352.142578125	0.2	180297	255	filler_word	3	2	1	delong	unexpected	a	an	carrot	apple	98	0	6.35	2.83	For the snowman's eyes the children used two pieces of coal, and for its nose they used	from the fridge.	True	Did they build a snowman?	yes
352.673828125	0.2	180569	255	filler_word	3	2	1	delong	unexpected	a	an	carrot	apple	98	0	6.35	2.83	For the snowman's eyes the children used two pieces of coal, and for its nose they used	from the fridge.	True	Did they build a snowman?	yes
353.203125	0.2	180840	255	filler_word	3	2	1	delong	unexpected	a	an	carrot	apple	98	0	6.35	2.83	For the snowman's eyes the children used two pieces of coal, and for its nose they used	from the fridge.	True	Did they build a snowman?	yes
353.734375	0.2	181112	255	filler_word	3	2	1	delong	unexpected	a	an	carrot	apple	98	0	6.35	2.83	For the snowman's eyes the children used two pieces of coal, and for its nose they used	from the fridge.	True	Did they build a snowman?	yes
354.263671875	0.2	181383	255	filler_word	3	2	1	delong	unexpected	a	an	carrot	apple	98	0	6.35	2.83	For the snowman's eyes the children used two pieces of coal, and for its nose they used	from the fridge.	True	Did they build a snowman?	yes
354.794921875	0.2	181655	255	filler_word	3	2	1	delong	unexpected	a	an	carrot	apple	98	0	6.35	2.83	For the snowman's eyes the children used two pieces of coal, and for its nose they used	from the fridge.	True	Did they build a snowman?	yes
355.326171875	0.2	181927	255	filler_word	3	2	1	delong	unexpected	a	an	carrot	apple	98	0	6.35	2.83	For the snowman's eyes the children used two pieces of coal, and for its nose they used	from the fridge.	True	Did they build a snowman?	yes
355.85546875	0.2	182198	255	filler_word	3	2	1	delong	unexpected	a	an	carrot	apple	98	0	6.35	2.83	For the snowman's eyes the children used two pieces of coal, and for its nose they used	from the fridge.	True	Did they build a snowman?	yes
356.38671875	0.2	182470	255	filler_word	3	2	1	delong	unexpected	a	an	carrot	apple	98	0	6.35	2.83	For the snowman's eyes the children used two pieces of coal, and for its nose they used	from the fridge.	True	Did they build a snowman?	yes
356.91796875	0.2	182742	255	filler_word	3	2	1	delong	unexpected	a	an	carrot	apple	98	0	6.35	2.83	For the snowman's eyes the children used two pieces of coal, and for its nose they used	from the fridge.	True	Did they build a snowman?	yes
357.44921875	0.2	183014	255	filler_word	3	2	1	delong	unexpected	a	an	carrot	apple	98	0	6.35	2.83	For the snowman's eyes the children used two pieces of coal, and for its nose they used	from the fridge.	True	Did they build a snowman?	yes
357.978515625	0.2	183285	255	filler_word	3	2	1	delong	unexpected	a	an	carrot	apple	98	0	6.35	2.83	For the snowman's eyes the children used two pieces of coal, and for its nose they used	from the fridge.	True	Did they build a snowman?	yes
358.509765625	0.2	183557	255	filler_word	3	2	1	delong	unexpected	a	an	carrot	apple	98	0	6.35	2.83	For the snowman's eyes the children used two pieces of coal, and for its nose they used	from the fridge.	True	Did they build a snowman?	yes
359.0390625	0.2	183828	204	an_unexpected	3	2	1	delong	unexpected	a	an	carrot	apple	98	0	6.35	2.83	For the snowman's eyes the children used two pieces of coal, and for its nose they used	from the fridge.	True	Did they build a snowman?	yes
359.35546875	0.0	183990	106	item_marker	4	6	1	delong	unexpected	a	an	cheque	apology	93	0	4.53	2.32	The bakery did not accept credit cards so Peter would have to write	to the owner.	False	n/a	n/a
359.41015625	0.0	184018	200	cloze_marker	4	6	1	delong	unexpected	a	an	cheque	apology	93	0	4.53	2.32	The bakery did not accept credit cards so Peter would have to write	to the owner.	False	n/a	n/a
359.619140625	0.2	184125	206	noun_unexpected	4	6	1	delong	unexpected	a	an	cheque	apology	93	0	4.53	2.32	The bakery did not accept credit cards so Peter would have to write	to the owner.	False	n/a	n/a
359.935546875	0.0	184287	106	item_marker	5	6	1	delong	unexpected	a	an	cheque	apology	93	0	4.53	2.32	The bakery did not accept credit cards so Peter would have to write	to the owner.	False	n/a	n/a
359.990234375	0.0	184315	200	cloze_marker	5	6	1	delong	unexpected	a	an	cheque	apology	93	0	4.53	2.32	The bakery did not accept credit cards so Peter would have to write	to the owner.	False	n/a	n/a
360.201171875	0.2	184423	255	filler_word	5	6	1	delong	unexpected	a	an	cheque	apology	93	0	4.53	2.32	The bakery did not accept credit cards so Peter would have to write	to the owner.	False	n/a	n/a
360.73046875	0.2	184694	255	filler_word	5	6	1	delong	unexpected	a	an	cheque	apology	93	0	4.53	2.32	The bakery did not accept credit cards so Peter would have to write	to the owner.	False	n/a	n/a
361.26171875	0.2	184966	208	final_unexpected	5	6	1	delong	unexpected	a	an	cheque	apology	93	0	4.53	2.32	The bakery did not accept credit cards so Peter would have to write	to the owner.	False	n/a	n/a
365.47265625	0.2	187122	255	filler_word	5	6	1	delong	unexpected	a	an	cheque	apology	93	0	4.53	2.32	The bakery did not accept credit cards so Peter would have to write	to the owner.	False	n/a	n/a
366.001953125	0.2	187393	255	filler_word	5	6	1	delong	unexpected	a	an	cheque	apology	93	0	4.53	2.32	The bakery did not accept credit cards so Peter would have to write	to the owner.	False	n/a	n/a
366.533203125	0.2	187665	255	filler_word	5	6	1	delong	unexpected	a	an	cheque	apology	93	0	4.53	2.32	The bakery did not accept credit cards so Peter would have to write	to the owner.	False	n/a	n/a
367.0625	0.2	187936	255	filler_word	5	6	1	delong	unexpected	a	an	cheque	apology	93	0	4.53	2.32	The bakery did not accept credit cards so Peter would have to write	to the owner.	False	n/a	n/a
367.59375	0.2	188208	255	filler_word	5	6	1	delong	unexpected	a	an	cheque	apology	93	0	4.53	2.32	The bakery did not accept credit cards so Peter would have to write	to the owner.	False	n/a	n/a
368.125	0.2	188480	255	filler_word	5	6	1	delong	unexpected	a	an	cheque	apology	93	0	4.53	2.32	The bakery did not accept credit cards so Peter would have to write	to the owner.	False	n/a	n/a
368.65625	0.2	188752	255	filler_word	5	6	1	delong	unexpected	a	an	cheque	apology	93	0	4.53	2.32	The bakery did not accept credit cards so Peter would have to write	to the owner.	False	n/a	n/a
369.185546875	0.2	189023	255	filler_word	5	6	1	delong	unexpected	a	an	cheque	apology	93	0	4.53	2.32	The bakery did not accept credit cards so Peter would have to write	to the owner.	False	n/a	n/a
369.716796875	0.2	189295	255	filler_word	5	6	1	delong	unexpected	a	an	cheque	apology	93	0	4.53	2.32	The bakery did not accept credit cards so Peter would have to write	to the owner.	False	n/a	n/a
370.24609375	0.2	189566	255	filler_word	5	6	1	delong	unexpected	a	an	cheque	apology	93	0	4.53	2.32	The bakery did not accept credit cards so Peter would have to write	to the owner.	False	n/a	n/a
370.77734375	0.2	189838	255	filler_word	5	6	1	delong	unexpected	a	an	cheque	apology	93	0	4.53	2.32	The bakery did not accept credit cards so Peter would have to write	to the owner.	False	n/a	n/a
371.30859375	0.2	190110	202	an_expected	5	6	1	delong	unexpected	a	an	cheque	apology	93	0	4.53	2.32	The bakery did not accept credit cards so Peter would have to write	to the owner.	False	n/a	n/a
371.623046875	0.0	190271	103	item_marker	6	3	1	delong	expected	an	a	accent	lisp	55	39	6.13	6.0	It was difficult to understand the foreign professor because he had	when he spoke.	False	n/a	n/a
371.6796875	0.0	190300	55	cloze_marker	6	3	1	delong	expected	an	a	accent	lisp	55	39	6.13	6.0	It was difficult to understand the foreign professor because he had	when he spoke.	False	n/a	n/a
371.888671875	0.2	190407	205	noun_expected	6	3	1	delong	expected	an	a	accent	lisp	55	39	6.13	6.0	It was difficult to understand the foreign professor because he had	when he spoke.	False	n/a	n/a
372.203125	0.0	190568	103	item_marker	7	3	1	delong	expected	an	a	accent	lisp	55	39	6.13	6.0	It was difficult to understand the foreign professor because he had	when he spoke.	False	n/a	n/a
372.2578125	0.0	190596	100	cloze_marker	7	3	1	delong	expected	an	a	accent	lisp	55	39	6.13	6.0	It was difficult to understand the foreign professor because he had	when he spoke.	False	n/a	n/a
372.46875	0.2	190704	255	filler_word	7	3	1	delong	expected	an	a	accent	lisp	55	39	6.13	6.0	It was difficult to understand the foreign professor because he had	when he spoke.	False	n/a	n/a
373.0	0.2	190976	255	filler_word	7	3	1	delong	expected	an	a	accent	lisp	55	39	6.13	6.0	It was difficult to understand the foreign professor because he had	when he spoke.	False	n/a	n/a
373.529296875	0.2	191247	207	final_expected	7	3	1	delong	expected	an	a	accent	lisp	55	39	6.13	6.0	It was difficult to understand the foreign professor because he had	when he spoke.	False	n/a	n/a
377.2265625	0.2	193140	255	filler_word	7	3	1	delong	expected	an	a	accent	lisp	55	39	6.13	6.0	It was difficult to understand the foreign professor because he had	when he spoke.	False	n/a	n/a
377.7578125	0.2	193412	255	filler_word	7	3	1	delong	expected	an	a	accent	lisp	55	39	6.13	6.0	It was difficult to understand the foreign professor because he had	when he spoke.	False	n/a	n/a
378.287109375	0.2	193683	255	filler_word	7	3	1	delong	expected	an	a	accent	lisp	55	39	6.13	6.0	It was difficult to understand the foreign professor because he had	when he spoke.	False	n/a	n/a
378.818359375	0.2	193955	255	filler_word	7	3	1	delong	expected	an	a	accent	lisp	55	39	6.13	6.0	It was difficult to understand the foreign professor because he had	when he spoke.	False	n/a	n/a
379.34765625	0.2	194226	255	filler_word	7	3	1	delong	expected	an	a	accent	lisp	55	39	6.13	6.0	It was difficult to understand the foreign professor because he had	when he spoke.	False	n/a	n/a
379.87890625	0.2	194498	255	filler_word	7	3	1	delong	expected	an	a	accent	lisp	55	39	6.13	6.0	It was difficult to understand the foreign professor because he had	when he spoke.	False	n/a	n/a
380.41015625	0.2	194770	255	filler_word	7	3	1	delong	expected	an	a	accent	lisp	55	39	6.13	6.0	It was difficult to understand the foreign professor because he had	when he spoke.	False	n/a	n/a
380.939453125	0.2	195041	255	filler_word	7	3	1	delong	expected	an	a	accent	lisp	55	39	6.13	6.0	It was difficult to understand the foreign professor because he had	when he spoke.	False	n/a	n/a
381.470703125	0.2	195313	255	filler_word	7	3	1	delong	expected	an	a	accent	lisp	55	39	6.13	6.0	It was difficult to understand the foreign professor because he had	when he spoke.	False	n/a	n/a
382.001953125	0.2	195585	255	filler_word	7	3	1	delong	expected	an	a	accent	lisp	55	39	6.13	6.0	It was difficult to understand the foreign professor because he had	when he spoke.	False	n/a	n/a
382.53125	0.2	195856	255	filler_word	7	3	1	delong	expected	an	a	accent	lisp	55	39	6.13	6.0	It was difficult to understand the foreign professor because he had	when he spoke.	False	n/a	n/a
383.0625	0.2	196128	255	filler_word	7	3	1	delong	expected	an	a	accent	lisp	55	39	6.13	6.0	It was difficult to understand the foreign professor because he had	when he spoke.	False	n/a	n/a
383.59375	0.2	196400	255	filler_word	7	3	1	delong	expected	an	a	accent	lisp	55	39	6.13	6.0	It was difficult to understand the foreign professor because he had	when he spoke.	False	n/a	n/a
384.123046875	0.2	196671	255	filler_word	7	3	1	delong	expected	an	a	accent	lisp	55	39	6.13	6.0	It was difficult to understand the foreign professor because he had	when he spoke.	False	n/a	n/a
384.654296875	0.2	196943	255	filler_word	7	3	1	delong	expected	an	a	accent	lisp	55	39	6.13	6.0	It was difficult to understand the foreign professor because he had	when he spoke.	False	n/a	n/a
385.18359375	0.2	197214	255	filler_word	7	3	1	delong	expected	an	a	accent	lisp	55	39	6.13	6.0	It was difficult to understand the foreign professor because he had	when he spoke.	False	n/a	n/a
385.71484375	0.2	197486	255	filler_word	7	3	1	delong	expected	an	a	accent	lisp	55	39	6.13	6.0	It was difficult to understand the foreign professor because he had	when he spoke.	False	n/a	n/a
386.24609375	0.2	197758	255	filler_word	7	3	1	delong	expected	an	a	accent	lisp	55	39	6.13	6.0	It was difficult to understand the foreign professor because he had	when he spoke.	False	n/a	n/a
386.775390625	0.2	198029	255	filler_word	7	3	1	delong	expected	an	a	accent	lisp	55	39	6.13	6.0	It was difficult to understand the foreign professor because he had	when he spoke.	False	n/a	n/a
387.306640625	0.2	198301	255	filler_word	7	3	1	delong	expected	an	a	accent	lisp	55	39	6.13	6.0	It was difficult to understand the foreign professor because he had	when he spoke.	False	n/a	n/a
387.837890625	0.2	198573	202	an_expected	7	3	1	delong	expected	an	a	accent	lisp	55	39	6.13	6.0	It was difficult to understand the foreign professor because he had	when he spoke.	False	n/a	n/a
388.15234375	0.0	198734	107	item_marker	8	7	1	delong	expected	an	a	aeroplane	kite	77	18	5.74	2.87	Although the idea of flight was as old as the hills, the Wright Brothers were the first people to build	that actually flew.	False	n/a	n/a
388.20703125	0.0	198762	77	cloze_marker	8	7	1	delong	expected	an	a	aeroplane	kite	77	18	5.74	2.87	Although the idea of flight was as old as the hills, the Wright Brothers were the first people to build	that actually flew.	False	n/a	n/a
388.41796875	0.2	198870	205	noun_expected	8	7	1	delong	expected	an	a	aeroplane	kite	77	18	5.74	2.87	Although the idea of flight was as old as the hills, the Wright Brothers were the first people to build	that actually flew.	False	n/a	n/a
388.734375	0.0	199032	107	item_marker	9	7	1	delong	expected	an	a	aeroplane	kite	77	18	5.74	2.87	Although the idea of flight was as old as the hills, the Wright Brothers were the first people to build	that actually flew.	False	n/a	n/a
388.7890625	0.0	199060	80	cloze_marker	9	7	1	delong	expected	an	a	aeroplane	kite	77	18	5.74	2.87	Although the idea of flight was as old as the hills, the Wright Brothers were the first people to build	that actually flew.	False	n/a	n/a
388.998046875	0.2	199167	255	filler_word	9	7	1	delong	expected	an	a	aeroplane	kite	77	18	5.74	2.87	Although the idea of flight was as old as the hills, the Wright Brothers were the first people to build	that actually flew.	False	n/a	n/a
389.52734375	0.2	199438	255	filler_word	9	7	1	delong	expected	an	a	aeroplane	kite	77	18	5.74	2.87	Although the idea of flight was as old as the hills, the Wright Brothers were the first people to build	that actually flew.	False	n/a	n/a
390.05859375	0.2	199710	207	final_expected	9	7	1	delong	expected	an	a	aeroplane	kite	77	18	5.74	2.87	Although the idea of flight was as old as the hills, the Wright Brothers were the first people to build	that actually flew.	False	n/a	n/a
393.87109375	0.2	201662	255	filler_word	9	7	1	delong	expected	an	a	aeroplane	kite	77	18	5.74	2.87	Although the idea of flight was as old as the hills, the Wright Brothers were the first people to build	that actually flew.	False	n/a	n/a
394.40234375	0.2	201934	255	filler_word	9	7	1	delong	expected	an	a	aeroplane	kite	77	18	5.74	2.87	Although the idea of flight was as old as the hills, the Wright Brothers were the first people to build	that actually flew.	False	n/a	n/a
394.931640625	0.2	202205	255	filler_word	9	7	1	delong	expected	an	a	aeroplane	kite	77	18	5.74	2.87	Although the idea of flight was as old as the hills, the Wright Brothers were the first people to build	that actually flew.	False	n/a	n/a
395.462890625	0.2	202477	255	filler_word	9	7	1	delong	expected	an	a	aeroplane	kite	77	18	5.74	2.87	Although the idea of flight was as old as the hills, the Wright Brothers were the first people to build	that actually flew.	False	n/a	n/a
395.994140625	0.2	202749	255	filler_word	9	7	1	delong	expected	an	a	aeroplane	kite	77	18	5.74	2.87	Although the idea of flight was as old as the hills, the Wright Brothers were the first people to build	that actually flew.	False	n/a	n/a
396.5234375	0.2	203020	255	filler_word	9	7	1	delong	expected	an	a	aeroplane	kite	77	18	5.74	2.87	Although the idea of flight was as old as the hills, the Wright Brothers were the first people to build	that actually flew.	False	n/a	n/a
397.0546875	0.2	203292	255	filler_word	9	7	1	delong	expected	an	a	aeroplane	kite	77	18	5.74	2.87	Although the idea of flight was as old as the hills, the Wright Brothers were the first people to build	that actually flew.	False	n/a	n/a
397.5859375	0.2	203564	255	filler_word	9	7	1	delong	expected	an	a	aeroplane	kite	77	18	5.74	2.87	Although the idea of flight was as old as the hills, the Wright Brothers were the first people to build	that actually flew.	False	n/a	n/a
398.115234375	0.2	203835	255	filler_word	9	7	1	delong	expected	an	a	aeroplane	kite	77	18	5.74	2.87	Although the idea of flight was as old as the hills, the Wright Brothers were the first people to build	that actually flew.	False	n/a	n/a
398.646484375	0.2	204107	255	filler_word	9	7	1	delong	expected	an	a	aeroplane	kite	77	18	5.74	2.87	Although the idea of flight was as old as the hills, the Wright Brothers were the first people to build	that actually flew.	False	n/a	n/a
399.177734375	0.2	204379	255	filler_word	9	7	1	delong	expected	an	a	aeroplane	kite	77	18	5.74	2.87	Although the idea of flight was as old as the hills, the Wright Brothers were the first people to build	that actually flew.	False	n/a	n/a
399.70703125	0.2	204650	255	filler_word	9	7	1	delong	expected	an	a	aeroplane	kite	77	18	5.74	2.87	Although the idea of flight was as old as the hills, the Wright Brothers were the first people to build	that actually flew.	False	n/a	n/a
400.23828125	0.2	204922	255	filler_word	9	7	1	delong	expected	an	a	aeroplane	kite	77	18	5.74	2.87	Although the idea of flight was as old as the hills, the Wright Brothers were the first people to build	that actually flew.	False	n/a	n/a
400.767578125	0.2	205193	255	filler_word	9	7	1	delong	expected	an	a	aeroplane	kite	77	18	5.74	2.87	Although the idea of flight was as old as the hills, the Wright Brothers were the first people to build	that actually flew.	False	n/a	n/a
401.298828125	0.2	205465	255	filler_word	9	7	1	delong	expected	an	a	aeroplane	kite	77	18	5.74	2.87	Although the idea of flight was as old as the hills, the Wright Brothers were the first people to build	that actually flew.	False	n/a	n/a
401.828125	0.2	205736	255	filler_word	9	7	1	delong	expected	an	a	aeroplane	kite	77	18	5.74	2.87	Although the idea of flight was as old as the hills, the Wright Brothers were the first people to build	that actually flew.	False	n/a	n/a
402.359375	0.2	206008	255	filler_word	9	7	1	delong	expected	an	a	aeroplane	kite	77	18	5.74	2.87	Although the idea of flight was as old as the hills, the Wright Brothers were the first people to build	that actually flew.	False	n/a	n/a
402.890625	0.2	206280	255	filler_word	9	7	1	delong	expected	an	a	aeroplane	kite	77	18	5.74	2.87	Although the idea of flight was as old as the hills, the Wright Brothers were the first people to build	that actually flew.	False	n/a	n/a
403.421875	0.2	206552	203	a_unexpected	9	7	1	delong	expected	an	a	aeroplane	kite	77	18	5.74	2.87	Although the idea of flight was as old as the hills, the Wright Brothers were the first people to build	that actually flew.	False	n/a	n/a
403.736328125	0.0	206713	105	item_marker	10	5	1	delong	unexpected	an	a	apology	cheque	89	0	6.23	3.77	Dale was very sorry for what he had said to Bernadette and he knew that he owed her	because she was still upset.	True	Was Dale sorry?	yes
403.791015625	0.0	206741	200	cloze_marker	10	5	1	delong	unexpected	an	a	apology	cheque	89	0	6.23	3.77	Dale was very sorry for what he had said to Bernadette and he knew that he owed her	because she was still upset.	True	Was Dale sorry?	yes
404.001953125	0.2	206849	206	noun_unexpected	10	5	1	delong	unexpected	an	a	apology	cheque	89	0	6.23	3.77	Dale was very sorry for what he had said to Bernadette and he knew that he owed her	because she was still upset.	True	Was Dale sorry?	yes
404.31640625	0.0	207010	105	item_marker	11	5	1	delong	unexpected	an	a	apology	cheque	89	0	6.23	3.77	Dale was very sorry for what he had said to Bernadette and he knew that he owed her	because she was still upset.	True	Was Dale sorry?	yes
404.373046875	0.0	207039	200	cloze_marker	11	5	1	delong	unexpected	an	a	apology	cheque	89	0	6.23	3.77	Dale was very sorry for what he had said to Bernadette and he knew that he owed her	because she was still upset.	True	Was Dale sorry?	yes
404.580078125	0.2	207145	255	filler_word	11	5	1	delong	unexpected	an	a	apology	cheque	89	0	6.23	3.77	Dale was very sorry for what he had said to Bernadette and he knew that he owed her	because she was still upset.	True	Was Dale sorry?	yes
405.111328125	0.2	207417	255	filler_word	11	5	1	delong	unexpected	an	a	apology	cheque	89	0	6.23	3.77	Dale was very sorry for what he had said to Bernadette and he knew that he owed her	because she was still upset.	True	Was Dale sorry?	yes
405.642578125	0.2	207689	255	filler_word	11	5	1	delong	unexpected	an	a	apology	cheque	89	0	6.23	3.77	Dale was very sorry for what he had said to Bernadette and he knew that he owed her	because she was still upset.	True	Was Dale sorry?	yes
406.173828125	0.2	207961	255	filler_word	11	5	1	delong	unexpected	an	a	apology	cheque	89	0	6.23	3.77	Dale was very sorry for what he had said to Bernadette and he knew that he owed her	because she was still upset.	True	Was Dale sorry?	yes
406.703125	0.2	208232	208	final_unexpected	11	5	1	delong	unexpected	an	a	apology	cheque	89	0	6.23	3.77	Dale was very sorry for what he had said to Bernadette and he knew that he owed her	because she was still upset.	True	Was Dale sorry?	yes
409.935546875	0.0	209887	251	question	11	5	1	delong	unexpected	an	a	apology	cheque	89	0	6.23	3.77	Dale was very sorry for what he had said to Bernadette and he knew that he owed her	because she was still upset.	True	Was Dale sorry?	yes
412.970703125	0.2	211441	255	filler_word	11	5	1	delong	unexpected	an	a	apology	cheque	89	0	6.23	3.77	Dale was very sorry for what he had said to Bernadette and he knew that he owed her	because she was still upset.	True	Was Dale sorry?	yes
413.5	0.2	211712	255	filler_word	11	5	1	delong	unexpected	an	a	apology	cheque	89	0	6.23	3.77	Dale was very sorry for what he had said to Bernadette and he knew that he owed her	because she was still upset.	True	Was Dale sorry?	yes
414.03125	0.2	211984	255	filler_word	11	5	1	delong	unexpected	an	a	apology	cheque	89	0	6.23	3.77	Dale was very sorry for what he had said to Bernadette and he knew that he owed her	because she was still upset.	True	Was Dale sorry?	yes
414.5625	0.2	212256	255	filler_word	11	5	1	delong	unexpected	an	a	apology	cheque	89	0	6.23	3.77	Dale was very sorry for what he had said to Bernadette and he knew that he owed her	because she was still upset.	True	Was Dale sorry?	yes
415.091796875	0.2	212527	255	filler_word	11	5	1	delong	unexpected	an	a	apology	cheque	89	0	6.23	3.77	Dale was very sorry for what he had said to Bernadette and he knew that he owed her	because she was still upset.	True	Was Dale sorry?	yes
415.623046875	0.2	212799	255	filler_word	11	5	1	delong	unexpected	an	a	apology	cheque	89	0	6.23	3.77	Dale was very sorry for what he had said to Bernadette and he knew that he owed her	because she was still upset.	True	Was Dale sorry?	yes
416.154296875	0.2	213071	255	filler_word	11	5	1	delong	unexpected	an	a	apology	cheque	89	0	6.23	3.77	Dale was very sorry for what he had said to Bernadette and he knew that he owed her	because she was still upset.	True	Was Dale sorry?	yes
416.68359375	0.2	213342	255	filler_word	11	5	1	delong	unexpected	an	a	apology	cheque	89	0	6.23	3.77	Dale was very sorry for what he had said to Bernadette and he knew that he owed her	because she was still upset.	True	Was Dale sorry?	yes
417.21484375	0.2	213614	255	filler_word	11	5	1	delong	unexpected	an	a	apology	cheque	89	0	6.23	3.77	Dale was very sorry for what he had said to Bernadette and he knew that he owed her	because she was still upset.	True	Was Dale sorry?	yes
417.744140625	0.2	213885	255	filler_word	11	5	1	delong	unexpected	an	a	apology	cheque	89	0	6.23	3.77	Dale was very sorry for what he had said to Bernadette and he knew that he owed her	because she was still upset.	True	Was Dale sorry?	yes
418.275390625	0.2	214157	255	filler_word	11	5	1	delong	unexpected	an	a	apology	cheque	89	0	6.23	3.77	Dale was very sorry for what he had said to Bernadette and he knew that he owed her	because she was still upset.	True	Was Dale sorry?	yes
418.806640625	0.2	214429	255	filler_word	11	5	1	delong	unexpected	an	a	apology	cheque	89	0	6.23	3.77	Dale was very sorry for what he had said to Bernadette and he knew that he owed her	because she was still upset.	True	Was Dale sorry?	yes
419.3359375	0.2	214700	255	filler_word	11	5	1	delong	unexpected	an	a	apology	cheque	89	0	6.23	3.77	Dale was very sorry for what he had said to Bernadette and he knew that he owed her	because she was still upset.	True	Was Dale sorry?	yes
419.8671875	0.2	214972	255	filler_word	11	5	1	delong	unexpected	an	a	apology	cheque	89	0	6.23	3.77	Dale was very sorry for what he had said to Bernadette and he knew that he owed her	because she was still upset.	True	Was Dale sorry?	yes
420.3984375	0.2	215244	255	filler_word	11	5	1	delong	unexpected	an	a	apology	cheque	89	0	6.23	3.77	Dale was very sorry for what he had said to Bernadette and he knew that he owed her	because she was still upset.	True	Was Dale sorry?	yes
420.927734375	0.2	215515	255	filler_word	11	5	1	delong	unexpected	an	a	apology	cheque	89	0	6.23	3.77	Dale was very sorry for what he had said to Bernadette and he knew that he owed her	because she was still upset.	True	Was Dale sorry?	yes
421.458984375	0.2	215787	255	filler_word	11	5	1	delong	unexpected	an	a	apology	cheque	89	0	6.23	3.77	Dale was very sorry for what he had said to Bernadette and he knew that he owed her	because she was still upset.	True	Was Dale sorry?	yes
421.98828125	0.2	216058	202	an_expected	11	5	1	delong	unexpected	an	a	apology	cheque	89	0	6.23	3.77	Dale was very sorry for what he had said to Bernadette and he knew that he owed her	because she was still upset.	True	Was Dale sorry?	yes
422.3046875	0.0	216220	111	item_marker	12	11	1	delong	expected	an	a	octopus	fish	84	9	5.73	3.0	When the scuba diver saw the tentacle, he quickly realized that the creature under the rock was	in hiding.	True	Did the diver see a treasure?	no
422.359375	0.0	216248	84	cloze_marker	12	11	1	delong	expected	an	a	octopus	fish	84	9	5.73	3.0	When the scuba diver saw the tentacle, he quickly realized that the creature under the rock was	in hiding.	True	Did the diver see a treasure?	no
422.5703125	0.2	216356	205	noun_expected	12	11	1	delong	expected	an	a	octopus	fish	84	9	5.73	3.0	When the scuba diver saw the tentacle, he quickly realized that the creature under the rock was	in hiding.	True	Did the diver see a treasure?	no
422.884765625	0.0	216517	111	item_marker	13	11	1	delong	expected	an	a	octopus	fish	84	9	5.73	3.0	When the scuba diver saw the tentacle, he quickly realized that the creature under the rock was	in hiding.	True	Did the diver see a treasure?	no
422.939453125	0.0	216545	87	cloze_marker	13	11	1	delong	expected	an	a	octopus	fish	84	9	5.73	3.0	When the scuba diver saw the tentacle, he quickly realized that the creature under the rock was	in hiding.	True	Did the diver see a treasure?	no
423.150390625	0.2	216653	255	filler_word	13	11	1	delong	expected	an	a	octopus	fish	84	9	5.73	3.0	When the scuba diver saw the tentacle, he quickly realized that the creature under the rock was	in hiding.	True	Did the diver see a treasure?	no
423.6796875	0.2	216924	207	final_expected	13	11	1	delong	expected	an	a	octopus	fish	84	9	5.73	3.0	When the scuba diver saw the tentacle, he quickly realized that the creature under the rock was	in hiding.	True	Did the diver see a treasure?	no
427.1953125	0.2	218724	255	filler_word	13	11	1	delong	expected	an	a	octopus	fish	84	9	5.73	3.0	When the scuba diver saw the tentacle, he quickly realized that the creature under the rock was	in hiding.	True	Did the diver see a treasure?	no
427.7265625	0.2	218996	255	filler_word	13	11	1	delong	expected	an	a	octopus	fish	84	9	5.73	3.0	When the scuba diver saw the tentacle, he quickly realized that the creature under the rock was	in hiding.	True	Did the diver see a treasure?	no
428.255859375	0.2	219267	255	filler_word	13	11	1	delong	expected	an	a	octopus	fish	84	9	5.73	3.0	When the scuba diver saw the tentacle, he quickly realized that the creature under the rock was	in hiding.	True	Did the diver see a treasure?	no
428.787109375	0.2	219539	255	filler_word	13	11	1	delong	expected	an	a	octopus	fish	84	9	5.73	3.0	When the scuba diver saw the tentacle, he quickly realized that the creature under the rock was	in hiding.	True	Did the diver see a treasure?	no
429.31640625	0.2	219810	255	filler_word	13	11	1	delong	expected	an	a	octopus	fish	84	9	5.73	3.0	When the scuba diver saw the tentacle, he quickly realized that the creature under the rock was	in hiding.	True	Did the diver see a treasure?	no
429.84765625	0.2	220082	255	filler_word	13	11	1	delong	expected	an	a	octopus	fish	84	9	5.73	3.0	When the scuba diver saw the tentacle, he quickly realized that the creature under the rock was	in hiding.	True	Did the diver see a treasure?	no
430.376953125	0.2	220353	255	filler_word	13	11	1	delong	expected	an	a	octopus	fish	84	9	5.73	3.0	When the scuba diver saw the tentacle, he quickly realized that the creature under the rock was	in hiding.	True	Did the diver see a treasure?	no
430.908203125	0.2	220625	255	filler_word	13	11	1	delong	expected	an	a	octopus	fish	84	9	5.73	3.0	When the scuba diver saw the tentacle, he quickly realized that the creature under the rock was	in hiding.	True	Did the diver see a treasure?	no
431.439453125	0.2	220897	255	filler_word	13	11	1	delong	expected	an	a	octopus	fish	84	9	5.73	3.0	When the scuba diver saw the tentacle, he quickly realized that the creature under the rock was	in hiding.	True	Did the diver see a treasure?	no
431.970703125	0.2	221169	255	filler_word	13	11	1	delong	expected	an	a	octopus	fish	84	9	5.73	3.0	When the scuba diver saw the tentacle, he quickly realized that the creature under the rock was	in hiding.	True	Did the diver see a treasure?	no
432.5	0.2	221440	255	filler_word	13	11	1	delong	expected	an	a	octopus	fish	84	9	5.73	3.0	When the scuba diver saw the tentacle, he quickly realized that the creature under the rock was	in hiding.	True	Did the diver see a treasure?	no
433.03125	0.2	221712	255	filler_word	13	11	1	delong	expected	an	a	octopus	fish	84	9	5.73	3.0	When the scuba diver saw the tentacle, he quickly realized that the creature under the rock was	in hiding.	True	Did the diver see a treasure?	no
433.560546875	0.2	221983	203	a_unexpected	13	11	1	delong	expected	an	a	octopus	fish	84	9	5.73	3.0	When the scuba diver saw the tentacle, he quickly realized that the creature under the rock was	in hiding.	True	Did the diver see a treasure?	no
433.876953125	0.0	222145	113	item_marker	14	13	1	delong	unexpected	an	a	artist	student	61	36	5.73	5.23	On a street corner in Paris Kim had her portrait painted by	for three euros.	False	n/a	n/a
433.931640625	0.0	222173	36	cloze_marker	14	13	1	delong	unexpected	an	a	artist	student	61	36	5.73	5.23	On a street corner in Paris Kim had her portrait painted by	for three euros.	False	n/a	n/a
434.142578125	0.2	222281	206	noun_unexpected	14	13	1	delong	unexpected	an	a	artist	student	61	36	5.73	5.23	On a street corner in Paris Kim had her portrait painted by	for three euros.	False	n/a	n/a
434.45703125	0.0	222442	113	item_marker	15	13	1	delong	unexpected	an	a	artist	student	61	36	5.73	5.23	On a street corner in Paris Kim had her portrait painted by	for three euros.	False	n/a	n/a
434.51171875	0.0	222470	200	cloze_marker	15	13	1	delong	unexpected	an	a	artist	student	61	36	5.73	5.23	On a street corner in Paris Kim had her portrait painted by	for three euros.	False	n/a	n/a
434.72265625	0.2	222578	255	filler_word	15	13	1	delong	unexpected	an	a	artist	student	61	36	5.73	5.23	On a street corner in Paris Kim had her portrait painted by	for three euros.	False	n/a	n/a
435.251953125	0.2	222849	255	filler_word	15	13	1	delong	unexpected	an	a	artist	student	61	36	5.73	5.23	On a street corner in Paris Kim had her portrait painted by	for three euros.	False	n/a	n/a
435.783203125	0.2	223121	208	final_unexpected	15	13	1	delong	unexpected	an	a	artist	student	61	36	5.73	5.23	On a street corner in Paris Kim had her portrait painted by	for three euros.	False	n/a	n/a
439.462890625	0.2	225005	255	filler_word	15	13	1	delong	unexpected	an	a	artist	student	61	36	5.73	5.23	On a street corner in Paris Kim had her portrait painted by	for three euros.	False	n/a	n/a
439.994140625	0.2	225277	255	filler_word	15	13	1	delong	unexpected	an	a	artist	student	61	36	5.73	5.23	On a street corner in Paris Kim had her portrait painted by	for three euros.	False	n/a	n/a
440.525390625	0.2	225549	255	filler_word	15	13	1	delong	unexpected	an	a	artist	student	61	36	5.73	5.23	On a street corner in Paris Kim had her portrait painted by	for three euros.	False	n/a	n/a
441.0546875	0.2	225820	255	filler_word	15	13	1	delong	unexpected	an	a	artist	student	61	36	5.73	5.23	On a street corner in Paris Kim had her portrait painted by	for three euros.	False	n/a	n/a
441.5859375	0.2	226092	255	filler_word	15	13	1	delong	unexpected	an	a	artist	student	61	36	5.73	5.23	On a street corner in Paris Kim had her portrait painted by	for three euros.	False	n/a	n/a
442.115234375	0.2	226363	255	filler_word	15	13	1	delong	unexpected	an	a	artist	student	61	36	5.73	5.23	On a street corner in Paris Kim had her portrait painted by	for three euros.	False	n/a	n/a
442.646484375	0.2	226635	255	filler_word	15	13	1	delong	unexpected	an	a	artist	student	61	36	5.73	5.23	On a street corner in Paris Kim had her portrait painted by	for three euros.	False	n/a	n/a
443.17578125	0.2	226906	255	filler_word	15	13	1	delong	unexpected	an	a	artist	student	61	36	5.73	5.23	On a street corner in Paris Kim had her portrait painted by	for three euros.	False	n/a	n/a
443.70703125	0.2	227178	255	filler_word	15	13	1	delong	unexpected	an	a	artist	student	61	36	5.73	5.23	On a street corner in Paris Kim had her portrait painted by	for three euros.	False	n/a	n/a
444.23828125	0.2	227450	255	filler_word	15	13	1	delong	unexpected	an	a	artist	student	61	36	5.73	5.23	On a street corner in Paris Kim had her portrait painted by	for three euros.	False	n/a	n/a
444.76953125	0.2	227722	203	a_unexpected	15	13	1	delong	unexpected	an	a	artist	student	61	36	5.73	5.23	On a street corner in Paris Kim had her portrait painted by	for three euros.	False	n/a	n/a
445.083984375	0.0	227883	109	item_marker	16	9	1	delong	unexpected	an	a	echo	bird	75	2	5.9	3.83	Surrounded by mountains, Lola shouted across the valley and heard	in the distance.	False	n/a	n/a
445.138671875	0.0	227911	2	cloze_marker	16	9	1	delong	unexpected	an	a	echo	bird	75	2	5.9	3.83	Surrounded by mountains, Lola shouted across the valley and heard	in the distance.	False	n/a	n/a
445.349609375	0.2	228019	206	noun_unexpected	16	9	1	delong	unexpected	an	a	echo	bird	75	2	5.9	3.83	Surrounded by mountains, Lola shouted across the valley and heard	in the distance.	False	n/a	n/a
445.6640625	0.0	228180	109	item_marker	17	9	1	delong	unexpected	an	a	echo	bird	75	2	5.9	3.83	Surrounded by mountains, Lola shouted across the valley and heard	in the distance.	False	n/a	n/a
445.720703125	0.0	228209	3	cloze_marker	17	9	1	delong	unexpected	an	a	echo	bird	75	2	5.9	3.83	Surrounded by mountains, Lola shouted across the valley and heard	in the distance.	False	n/a	n/a
445.927734375	0.2	228315	255	filler_word	17	9	1	delong	unexpected	an	a	echo	bird	75	2	5.9	3.83	Surrounded by mountains, Lola shouted across the valley and heard	in the distance.	False	n/a	n/a
446.458984375	0.2	228587	255	filler_word	17	9	1	delong	unexpected	an	a	echo	bird	75	2	5.9	3.83	Surrounded by mountains, Lola shouted across the valley and heard	in the distance.	False	n/a	n/a
446.990234375	0.2	228859	208	final_unexpected	17	9	1	delong	unexpected	an	a	echo	bird	75	2	5.9	3.83	Surrounded by mountains, Lola shouted across the valley and heard	in the distance.	False	n/a	n/a
450.48828125	0.2	230650	255	filler_word	17	9	1	delong	unexpected	an	a	echo	bird	75	2	5.9	3.83	Surrounded by mountains, Lola shouted across the valley and heard	in the distance.	False	n/a	n/a
451.01953125	0.2	230922	255	filler_word	17	9	1	delong	unexpected	an	a	echo	bird	75	2	5.9	3.83	Surrounded by mountains, Lola shouted across the valley and heard	in the distance.	False	n/a	n/a
451.548828125	0.2	231193	255	filler_word	17	9	1	delong	unexpected	an	a	echo	bird	75	2	5.9	3.83	Surrounded by mountains, Lola shouted across the valley and heard	in the distance.	False	n/a	n/a
452.080078125	0.2	231465	255	filler_word	17	9	1	delong	unexpected	an	a	echo	bird	75	2	5.9	3.83	Surrounded by mountains, Lola shouted across the valley and heard	in the distance.	False	n/a	n/a
452.611328125	0.2	231737	255	filler_word	17	9	1	delong	unexpected	an	a	echo	bird	75	2	5.9	3.83	Surrounded by mountains, Lola shouted across the valley and heard	in the distance.	False	n/a	n/a
453.140625	0.2	232008	255	filler_word	17	9	1	delong	unexpected	an	a	echo	bird	75	2	5.9	3.83	Surrounded by mountains, Lola shouted across the valley and heard	in the distance.	False	n/a	n/a
453.671875	0.2	232280	255	filler_word	17	9	1	delong	unexpected	an	a	echo	bird	75	2	5.9	3.83	Surrounded by mountains, Lola shouted across the valley and heard	in the distance.	False	n/a	n/a
454.201171875	0.2	232551	255	filler_word	17	9	1	delong	unexpected	an	a	echo	bird	75	2	5.9	3.83	Surrounded by mountains, Lola shouted across the valley and heard	in the distance.	False	n/a	n/a
454.732421875	0.2	232823	255	filler_word	17	9	1	delong	unexpected	an	a	echo	bird	75	2	5.9	3.83	Surrounded by mountains, Lola shouted across the valley and heard	in the distance.	False	n/a	n/a
455.26171875	0.2	233094	255	filler_word	17	9	1	delong	unexpected	an	a	echo	bird	75	2	5.9	3.83	Surrounded by mountains, Lola shouted across the valley and heard	in the distance.	False	n/a	n/a
455.79296875	0.2	233366	255	filler_word	17	9	1	delong	unexpected	an	a	echo	bird	75	2	5.9	3.83	Surrounded by mountains, Lola shouted across the valley and heard	in the distance.	False	n/a	n/a
456.32421875	0.2	233638	255	filler_word	17	9	1	delong	unexpected	an	a	echo	bird	75	2	5.9	3.83	Surrounded by mountains, Lola shouted across the valley and heard	in the distance.	False	n/a	n/a
456.85546875	0.2	233910	255	filler_word	17	9	1	delong	unexpected	an	a	echo	bird	75	2	5.9	3.83	Surrounded by mountains, Lola shouted across the valley and heard	in the distance.	False	n/a	n/a
457.384765625	0.2	234181	255	filler_word	17	9	1	delong	unexpected	an	a	echo	bird	75	2	5.9	3.83	Surrounded by mountains, Lola shouted across the valley and heard	in the distance.	False	n/a	n/a
457.916015625	0.2	234453	255	filler_word	17	9	1	delong	unexpected	an	a	echo	bird	75	2	5.9	3.83	Surrounded by mountains, Lola shouted across the valley and heard	in the distance.	False	n/a	n/a
458.4453125	0.2	234724	255	filler_word	17	9	1	delong	unexpected	an	a	echo	bird	75	2	5.9	3.83	Surrounded by mountains, Lola shouted across the valley and heard	in the distance.	False	n/a	n/a
458.9765625	0.2	234996	201	a_expected	17	9	1	delong	unexpected	an	a	echo	bird	75	2	5.9	3.83	Surrounded by mountains, Lola shouted across the valley and heard	in the distance.	False	n/a	n/a
459.291015625	0.0	235157	112	item_marker	18	12	1	delong	expected	a	an	fish	octopus	66	2	5.8	4.0	Marge hated baiting the hook, but she knew that it was the only way to catch	without using a lure.	False	n/a	n/a
459.34765625	0.0	235186	66	cloze_marker	18	12	1	delong	expected	a	an	fish	octopus	66	2	5.8	4.0	Marge hated baiting the hook, but she knew that it was the only way to catch	without using a lure.	False	n/a	n/a
459.556640625	0.2	235293	205	noun_expected	18	12	1	delong	expected	a	an	fish	octopus	66	2	5.8	4.0	Marge hated baiting the hook, but she knew that it was the only way to catch	without using a lure.	False	n/a	n/a
459.873046875	0.0	235455	112	item_marker	19	12	1	delong	expected	a	an	fish	octopus	66	2	5.8	4.0	Marge hated baiting the hook, but she knew that it was the only way to catch	without using a lure.	False	n/a	n/a
459.927734375	0.0	235483	100	cloze_marker	19	12	1	delong	expected	a	an	fish	octopus	66	2	5.8	4.0	Marge hated baiting the hook, but she knew that it was the only way to catch	without using a lure.	False	n/a	n/a
460.13671875	0.2	235590	255	filler_word	19	12	1	delong	expected	a	an	fish	octopus	66	2	5.8	4.0	Marge hated baiting the hook, but she knew that it was the only way to catch	without using a lure.	False	n/a	n/a
460.66796875	0.2	235862	255	filler_word	19	12	1	delong	expected	a	an	fish	octopus	66	2	5.8	4.0	Marge hated baiting the hook, but she knew that it was the only way to catch	without using a lure.	False	n/a	n/a
461.197265625	0.2	236133	255	filler_word	19	12	1	delong	expected	a	an	fish	octopus	66	2	5.8	4.0	Marge hated baiting the hook, but she knew that it was the only way to catch	without using a lure.	False	n/a	n/a
461.728515625	0.2	236405	207	final_expected	19	12	1	delong	expected	a	an	fish	octopus	66	2	5.8	4.0	Marge hated baiting the hook, but she knew that it was the only way to catch	without using a lure.	False	n/a	n/a
465.607421875	0.2	238391	255	filler_word	19	12	1	delong	expected	a	an	fish	octopus	66	2	5.8	4.0	Marge hated baiting the hook, but she knew that it was the only way to catch	without using a lure.	False	n/a	n/a
466.138671875	0.2	238663	255	filler_word	19	12	1	delong	expected	a	an	fish	octopus	66	2	5.8	4.0	Marge hated baiting the hook, but she knew that it was the only way to catch	without using a lure.	False	n/a	n/a
466.66796875	0.2	238934	255	filler_word	19	12	1	delong	expected	a	an	fish	octopus	66	2	5.8	4.0	Marge hated baiting the hook, but she knew that it was the only way to catch	without using a lure.	False	n/a	n/a
467.19921875	0.2	239206	255	filler_word	19	12	1	delong	expected	a	an	fish	octopus	66	2	5.8	4.0	Marge hated baiting the hook, but she knew that it was the only way to catch	without using a lure.	False	n/a	n/a
467.73046875	0.2	239478	255	filler_word	19	12	1	delong	expected	a	an	fish	octopus	66	2	5.8	4.0	Marge hated baiting the hook, but she knew that it was the only way to catch	without using a lure.	False	n/a	n/a
468.259765625	0.2	239749	255	filler_word	19	12	1	delong	expected	a	an	fish	octopus	66	2	5.8	4.0	Marge hated baiting the hook, but she knew that it was the only way to catch	without using a lure.	False	n/a	n/a
468.791015625	0.2	240021	255	filler_word	19	12	1	delong	expected	a	an	fish	octopus	66	2	5.8	4.0	Marge hated baiting the hook, but she knew that it was the only way to catch	without using a lure.	False	n/a	n/a
469.322265625	0.2	240293	204	an_unexpected	19	12	1	delong	expected	a	an	fish	octopus	66	2	5.8	4.0	Marge hated baiting the hook, but she knew that it was the only way to catch	without using a lure.	False	n/a	n/a
469.63671875	0.0	240454	110	item_marker	20	10	1	delong	unexpected	a	an	bird	echo	25	0	6.39	3.87	The tweeting in the treetops sounded like	to Melissa.	False	n/a	n/a
469.693359375	0.0	240483	200	cloze_marker	20	10	1	delong	unexpected	a	an	bird	echo	25	0	6.39	3.87	The tweeting in the treetops sounded like	to Melissa.	False	n/a	n/a
469.90234375	0.2	240590	206	noun_unexpected	20	10	1	delong	unexpected	a	an	bird	echo	25	0	6.39	3.87	The tweeting in the treetops sounded like	to Melissa.	False	n/a	n/a
470.216796875	0.0	240751	110	item_marker	21	10	1	delong	unexpected	a	an	bird	echo	25	0	6.39	3.87	The tweeting in the treetops sounded like	to Melissa.	False	n/a	n/a
470.2734375	0.0	240780	3	cloze_marker	21	10	1	delong	unexpected	a	an	bird	echo	25	0	6.39	3.87	The tweeting in the treetops sounded like	to Melissa.	False	n/a	n/a
470.482421875	0.2	240887	255	filler_word	21	10	1	delong	unexpected	a	an	bird	echo	25	0	6.39	3.87	The tweeting in the treetops sounded like	to Melissa.	False	n/a	n/a
471.01171875	0.2	241158	208	final_unexpected	21	10	1	delong	unexpected	a	an	bird	echo	25	0	6.39	3.87	The tweeting in the treetops sounded like	to Melissa.	False	n/a	n/a
475.953125	0.2	243688	255	filler_word	21	10	1	delong	unexpected	a	an	bird	echo	25	0	6.39	3.87	The tweeting in the treetops sounded like	to Melissa.	False	n/a	n/a
476.482421875	0.2	243959	255	filler_word	21	10	1	delong	unexpected	a	an	bird	echo	25	0	6.39	3.87	The tweeting in the treetops sounded like	to Melissa.	False	n/a	n/a
477.013671875	0.2	244231	255	filler_word	21	10	1	delong	unexpected	a	an	bird	echo	25	0	6.39	3.87	The tweeting in the treetops sounded like	to Melissa.	False	n/a	n/a
477.544921875	0.2	244503	255	filler_word	21	10	1	delong	unexpected	a	an	bird	echo	25	0	6.39	3.87	The tweeting in the treetops sounded like	to Melissa.	False	n/a	n/a
478.076171875	0.2	244775	255	filler_word	21	10	1	delong	unexpected	a	an	bird	echo	25	0	6.39	3.87	The tweeting in the treetops sounded like	to Melissa.	False	n/a	n/a
478.60546875	0.2	245046	255	filler_word	21	10	1	delong	unexpected	a	an	bird	echo	25	0	6.39	3.87	The tweeting in the treetops sounded like	to Melissa.	False	n/a	n/a
479.13671875	0.2	245318	255	filler_word	21	10	1	delong	unexpected	a	an	bird	echo	25	0	6.39	3.87	The tweeting in the treetops sounded like	to Melissa.	False	n/a	n/a
479.666015625	0.2	245589	255	filler_word	21	10	1	delong	unexpected	a	an	bird	echo	25	0	6.39	3.87	The tweeting in the treetops sounded like	to Melissa.	False	n/a	n/a
480.197265625	0.2	245861	255	filler_word	21	10	1	delong	unexpected	a	an	bird	echo	25	0	6.39	3.87	The tweeting in the treetops sounded like	to Melissa.	False	n/a	n/a
480.7265625	0.2	246132	255	filler_word	21	10	1	delong	unexpected	a	an	bird	echo	25	0	6.39	3.87	The tweeting in the treetops sounded like	to Melissa.	False	n/a	n/a
481.2578125	0.2	246404	255	filler_word	21	10	1	delong	unexpected	a	an	bird	echo	25	0	6.39	3.87	The tweeting in the treetops sounded like	to Melissa.	False	n/a	n/a
481.7890625	0.2	246676	255	filler_word	21	10	1	delong	unexpected	a	an	bird	echo	25	0	6.39	3.87	The tweeting in the treetops sounded like	to Melissa.	False	n/a	n/a
482.318359375	0.2	246947	255	filler_word	21	10	1	delong	unexpected	a	an	bird	echo	25	0	6.39	3.87	The tweeting in the treetops sounded like	to Melissa.	False	n/a	n/a
482.849609375	0.2	247219	255	filler_word	21	10	1	delong	unexpected	a	an	bird	echo	25	0	6.39	3.87	The tweeting in the treetops sounded like	to Melissa.	False	n/a	n/a
483.380859375	0.2	247491	255	filler_word	21	10	1	delong	unexpected	a	an	bird	echo	25	0	6.39	3.87	The tweeting in the treetops sounded like	to Melissa.	False	n/a	n/a
483.912109375	0.2	247763	255	filler_word	21	10	1	delong	unexpected	a	an	bird	echo	25	0	6.39	3.87	The tweeting in the treetops sounded like	to Melissa.	False	n/a	n/a
484.44140625	0.2	248034	255	filler_word	21	10	1	delong	unexpected	a	an	bird	echo	25	0	6.39	3.87	The tweeting in the treetops sounded like	to Melissa.	False	n/a	n/a
484.97265625	0.2	248306	255	filler_word	21	10	1	delong	unexpected	a	an	bird	echo	25	0	6.39	3.87	The tweeting in the treetops sounded like	to Melissa.	False	n/a	n/a
485.501953125	0.2	248577	204	an_unexpected	21	10	1	delong	unexpected	a	an	bird	echo	25	0	6.39	3.87	The tweeting in the treetops sounded like	to Melissa.	False	n/a	n/a
485.818359375	0.0	248739	114	item_marker	22	14	1	delong	unexpected	a	an	student	artist	73	5	5.67	3.81	Betsy had no desire to enter the working world, so decided to stay at the university and remain	for a few more semesters.	True	Did Betsy find a job?	no
485.873046875	0.0	248767	5	cloze_marker	22	14	1	delong	unexpected	a	an	student	artist	73	5	5.67	3.81	Betsy had no desire to enter the working world, so decided to stay at the university and remain	for a few more semesters.	True	Did Betsy find a job?	no
486.08203125	0.2	248874	206	noun_unexpected	22	14	1	delong	unexpected	a	an	student	artist	73	5	5.67	3.81	Betsy had no desire to enter the working world, so decided to stay at the university and remain	for a few more semesters.	True	Did Betsy find a job?	no
486.3984375	0.0	249036	114	item_marker	23	14	1	delong	unexpected	a	an	student	artist	73	5	5.67	3.81	Betsy had no desire to enter the working world, so decided to stay at the university and remain	for a few more semesters.	True	Did Betsy find a job?	no
486.453125	0.0	249064	200	cloze_marker	23	14	1	delong	unexpected	a	an	student	artist	73	5	5.67	3.81	Betsy had no desire to enter the working world, so decided to stay at the university and remain	for a few more semesters.	True	Did Betsy find a job?	no
486.6640625	0.2	249172	255	filler_word	23	14	1	delong	unexpected	a	an	student	artist	73	5	5.67	3.81	Betsy had no desire to enter the working world, so decided to stay at the university and remain	for a few more semesters.	True	Did Betsy find a job?	no
487.193359375	0.2	249443	255	filler_word	23	14	1	delong	unexpected	a	an	student	artist	73	5	5.67	3.81	Betsy had no desire to enter the working world, so decided to stay at the university and remain	for a few more semesters.	True	Did Betsy find a job?	no
487.724609375	0.2	249715	255	filler_word	23	14	1	delong	unexpected	a	an	student	artist	73	5	5.67	3.81	Betsy had no desire to enter the working world, so decided to stay at the university and remain	for a few more semesters.	True	Did Betsy find a job?	no
488.25390625	0.2	249986	255	filler_word	23	14	1	delong	unexpected	a	an	student	artist	73	5	5.67	3.81	Betsy had no desire to enter the working world, so decided to stay at the university and remain	for a few more semesters.	True	Did Betsy find a job?	no
488.78515625	0.2	250258	208	final_unexpected	23	14	1	delong	unexpected	a	an	student	artist	73	5	5.67	3.81	Betsy had no desire to enter the working world, so decided to stay at the university and remain	for a few more semesters.	True	Did Betsy find a job?	no
493.12890625	0.0	252482	251	question	23	14	1	delong	unexpected	a	an	student	artist	73	5	5.67	3.81	Betsy had no desire to enter the working world, so decided to stay at the university and remain	for a few more semesters.	True	Did Betsy find a job?	no
496.279296875	0.2	254095	255	filler_word	23	14	1	delong	unexpected	a	an	student	artist	73	5	5.67	3.81	Betsy had no desire to enter the working world, so decided to stay at the university and remain	for a few more semesters.	True	Did Betsy find a job?	no
496.80859375	0.2	254366	255	filler_word	23	14	1	delong	unexpected	a	an	student	artist	73	5	5.67	3.81	Betsy had no desire to enter the working world, so decided to stay at the university and remain	for a few more semesters.	True	Did Betsy find a job?	no
497.33984375	0.2	254638	255	filler_word	23	14	1	delong	unexpected	a	an	student	artist	73	5	5.67	3.81	Betsy had no desire to enter the working world, so decided to stay at the university and remain	for a few more semesters.	True	Did Betsy find a job?	no
497.87109375	0.2	254910	255	filler_word	23	14	1	delong	unexpected	a	an	student	artist	73	5	5.67	3.81	Betsy had no desire to enter the working world, so decided to stay at the university and remain	for a few more semesters.	True	Did Betsy find a job?	no
498.400390625	0.2	255181	255	filler_word	23	14	1	delong	unexpected	a	an	student	artist	73	5	5.67	3.81	Betsy had no desire to enter the working world, so decided to stay at the university and remain	for a few more semesters.	True	Did Betsy find a job?	no
498.931640625	0.2	255453	255	filler_word	23	14	1	delong	unexpected	a	an	student	artist	73	5	5.67	3.81	Betsy had no desire to enter the working world, so decided to stay at the university and remain	for a few more semesters.	True	Did Betsy find a job?	no
499.462890625	0.2	255725	255	filler_word	23	14	1	delong	unexpected	a	an	student	artist	73	5	5.67	3.81	Betsy had no desire to enter the working world, so decided to stay at the university and remain	for a few more semesters.	True	Did Betsy find a job?	no
499.9921875	0.2	255996	255	filler_word	23	14	1	delong	unexpected	a	an	student	artist	73	5	5.67	3.81	Betsy had no desire to enter the working world, so decided to stay at the university and remain	for a few more semesters.	True	Did Betsy find a job?	no
500.5234375	0.2	256268	255	filler_word	23	14	1	delong	unexpected	a	an	student	artist	73	5	5.67	3.81	Betsy had no desire to enter the working world, so decided to stay at the university and remain	for a few more semesters.	True	Did Betsy find a job?	no
501.052734375	0.2	256539	255	filler_word	23	14	1	delong	unexpected	a	an	student	artist	73	5	5.67	3.81	Betsy had no desire to enter the working world, so decided to stay at the university and remain	for a few more semesters.	True	Did Betsy find a job?	no
501.583984375	0.2	256811	255	filler_word	23	14	1	delong	unexpected	a	an	student	artist	73	5	5.67	3.81	Betsy had no desire to enter the working world, so decided to stay at the university and remain	for a few more semesters.	True	Did Betsy find a job?	no
502.11328125	0.2	257082	255	filler_word	23	14	1	delong	unexpected	a	an	student	artist	73	5	5.67	3.81	Betsy had no desire to enter the working world, so decided to stay at the university and remain	for a few more semesters.	True	Did Betsy find a job?	no
502.64453125	0.2	257354	255	filler_word	23	14	1	delong	unexpected	a	an	student	artist	73	5	5.67	3.81	Betsy had no desire to enter the working world, so decided to stay at the university and remain	for a few more semesters.	True	Did Betsy find a job?	no
503.17578125	0.2	257626	255	filler_word	23	14	1	delong	unexpected	a	an	student	artist	73	5	5.67	3.81	Betsy had no desire to enter the working world, so decided to stay at the university and remain	for a few more semesters.	True	Did Betsy find a job?	no
503.70703125	0.2	257898	255	filler_word	23	14	1	delong	unexpected	a	an	student	artist	73	5	5.67	3.81	Betsy had no desire to enter the working world, so decided to stay at the university and remain	for a few more semesters.	True	Did Betsy find a job?	no
504.236328125	0.2	258169	255	filler_word	23	14	1	delong	unexpected	a	an	student	artist	73	5	5.67	3.81	Betsy had no desire to enter the working world, so decided to stay at the university and remain	for a few more semesters.	True	Did Betsy find a job?	no
504.767578125	0.2	258441	255	filler_word	23	14	1	delong	unexpected	a	an	student	artist	73	5	5.67	3.81	Betsy had no desire to enter the working world, so decided to stay at the university and remain	for a few more semesters.	True	Did Betsy find a job?	no
505.296875	0.2	258712	255	filler_word	23	14	1	delong	unexpected	a	an	student	artist	73	5	5.67	3.81	Betsy had no desire to enter the working world, so decided to stay at the university and remain	for a few more semesters.	True	Did Betsy find a job?	no
505.828125	0.2	258984	255	filler_word	23	14	1	delong	unexpected	a	an	student	artist	73	5	5.67	3.81	Betsy had no desire to enter the working world, so decided to stay at the university and remain	for a few more semesters.	True	Did Betsy find a job?	no
506.357421875	0.2	259255	202	an_expected	23	14	1	delong	unexpected	a	an	student	artist	73	5	5.67	3.81	Betsy had no desire to enter the working world, so decided to stay at the university and remain	for a few more semesters.	True	Did Betsy find a job?	no
506.673828125	0.0	259417	119	item_marker	24	19	1	delong	expected	an	a	affair	fight	98	2	6.52	2.07	When her husband started staying late at the office every night, Joanne began to suspect that he was having	with someone at work.	False	n/a	n/a
506.73046875	0.0	259446	98	cloze_marker	24	19	1	delong	expected	an	a	affair	fight	98	2	6.52	2.07	When her husband started staying late at the office every night, Joanne began to suspect that he was having	with someone at work.	False	n/a	n/a
506.939453125	0.2	259553	205	noun_expected	24	19	1	delong	expected	an	a	affair	fight	98	2	6.52	2.07	When her husband started staying late at the office every night, Joanne began to suspect that he was having	with someone at work.	False	n/a	n/a
507.25390625	0.0	259714	119	item_marker	25	19	1	delong	expected	an	a	affair	fight	98	2	6.52	2.07	When her husband started staying late at the office every night, Joanne began to suspect that he was having	with someone at work.	False	n/a	n/a
507.30859375	0.0	259742	100	cloze_marker	25	19	1	delong	expected	an	a	affair	fight	98	2	6.52	2.07	When her husband started staying late at the office every night, Joanne began to suspect that he was having	with someone at work.	False	n/a	n/a
507.51953125	0.2	259850	255	filler_word	25	19	1	delong	expected	an	a	affair	fight	98	2	6.52	2.07	When her husband started staying late at the office every night, Joanne began to suspect that he was having	with someone at work.	False	n/a	n/a
508.048828125	0.2	260121	255	filler_word	25	19	1	delong	expected	an	a	affair	fight	98	2	6.52	2.07	When her husband started staying late at the office every night, Joanne began to suspect that he was having	with someone at work.	False	n/a	n/a
508.580078125	0.2	260393	255	filler_word	25	19	1	delong	expected	an	a	affair	fight	98	2	6.52	2.07	When her husband started staying late at the office every night, Joanne began to suspect that he was having	with someone at work.	False	n/a	n/a
509.111328125	0.2	260665	207	final_expected	25	19	1	delong	expected	an	a	affair	fight	98	2	6.52	2.07	When her husband started staying late at the office every night, Joanne began to suspect that he was having	with someone at work.	False	n/a	n/a
512.576171875	0.2	262439	255	filler_word	25	19	1	delong	expected	an	a	affair	fight	98	2	6.52	2.07	When her husband started staying late at the office every night, Joanne began to suspect that he was having	with someone at work.	False	n/a	n/a
513.10546875	0.2	262710	255	filler_word	25	19	1	delong	expected	an	a	affair	fight	98	2	6.52	2.07	When her husband started staying late at the office every night, Joanne began to suspect that he was having	with someone at work.	False	n/a	n/a
513.63671875	0.2	262982	255	filler_word	25	19	1	delong	expected	an	a	affair	fight	98	2	6.52	2.07	When her husband started staying late at the office every night, Joanne began to suspect that he was having	with someone at work.	False	n/a	n/a
514.16796875	0.2	263254	255	filler_word	25	19	1	delong	expected	an	a	affair	fight	98	2	6.52	2.07	When her husband started staying late at the office every night, Joanne began to suspect that he was having	with someone at work.	False	n/a	n/a
514.697265625	0.2	263525	255	filler_word	25	19	1	delong	expected	an	a	affair	fight	98	2	6.52	2.07	When her husband started staying late at the office every night, Joanne began to suspect that he was having	with someone at work.	False	n/a	n/a
515.228515625	0.2	263797	255	filler_word	25	19	1	delong	expected	an	a	affair	fight	98	2	6.52	2.07	When her husband started staying late at the office every night, Joanne began to suspect that he was having	with someone at work.	False	n/a	n/a
515.759765625	0.2	264069	255	filler_word	25	19	1	delong	expected	an	a	affair	fight	98	2	6.52	2.07	When her husband started staying late at the office every night, Joanne began to suspect that he was having	with someone at work.	False	n/a	n/a
516.2890625	0.2	264340	255	filler_word	25	19	1	delong	expected	an	a	affair	fight	98	2	6.52	2.07	When her husband started staying late at the office every night, Joanne began to suspect that he was having	with someone at work.	False	n/a	n/a
516.8203125	0.2	264612	255	filler_word	25	19	1	delong	expected	an	a	affair	fight	98	2	6.52	2.07	When her husband started staying late at the office every night, Joanne began to suspect that he was having	with someone at work.	False	n/a	n/a
517.349609375	0.2	264883	255	filler_word	25	19	1	delong	expected	an	a	affair	fight	98	2	6.52	2.07	When her husband started staying late at the office every night, Joanne began to suspect that he was having	with someone at work.	False	n/a	n/a
517.880859375	0.2	265155	255	filler_word	25	19	1	delong	expected	an	a	affair	fight	98	2	6.52	2.07	When her husband started staying late at the office every night, Joanne began to suspect that he was having	with someone at work.	False	n/a	n/a
518.41015625	0.2	265426	255	filler_word	25	19	1	delong	expected	an	a	affair	fight	98	2	6.52	2.07	When her husband started staying late at the office every night, Joanne began to suspect that he was having	with someone at work.	False	n/a	n/a
518.94140625	0.2	265698	255	filler_word	25	19	1	delong	expected	an	a	affair	fight	98	2	6.52	2.07	When her husband started staying late at the office every night, Joanne began to suspect that he was having	with someone at work.	False	n/a	n/a
519.47265625	0.2	265970	255	filler_word	25	19	1	delong	expected	an	a	affair	fight	98	2	6.52	2.07	When her husband started staying late at the office every night, Joanne began to suspect that he was having	with someone at work.	False	n/a	n/a
520.00390625	0.2	266242	255	filler_word	25	19	1	delong	expected	an	a	affair	fight	98	2	6.52	2.07	When her husband started staying late at the office every night, Joanne began to suspect that he was having	with someone at work.	False	n/a	n/a
520.533203125	0.2	266513	255	filler_word	25	19	1	delong	expected	an	a	affair	fight	98	2	6.52	2.07	When her husband started staying late at the office every night, Joanne began to suspect that he was having	with someone at work.	False	n/a	n/a
521.064453125	0.2	266785	255	filler_word	25	19	1	delong	expected	an	a	affair	fight	98	2	6.52	2.07	When her husband started staying late at the office every night, Joanne began to suspect that he was having	with someone at work.	False	n/a	n/a
521.59375	0.2	267056	255	filler_word	25	19	1	delong	expected	an	a	affair	fight	98	2	6.52	2.07	When her husband started staying late at the office every night, Joanne began to suspect that he was having	with someone at work.	False	n/a	n/a
522.125	0.2	267328	255	filler_word	25	19	1	delong	expected	an	a	affair	fight	98	2	6.52	2.07	When her husband started staying late at the office every night, Joanne began to suspect that he was having	with someone at work.	False	n/a	n/a
522.654296875	0.2	267599	255	filler_word	25	19	1	delong	expected	an	a	affair	fight	98	2	6.52	2.07	When her husband started staying late at the office every night, Joanne began to suspect that he was having	with someone at work.	False	n/a	n/a
523.185546875	0.2	267871	255	filler_word	25	19	1	delong	expected	an	a	affair	fight	98	2	6.52	2.07	When her husband started staying late at the office every night, Joanne began to suspect that he was having	with someone at work.	False	n/a	n/a
523.716796875	0.2	268143	255	filler_word	25	19	1	delong	expected	an	a	affair	fight	98	2	6.52	2.07	When her husband started staying late at the office every night, Joanne began to suspect that he was having	with someone at work.	False	n/a	n/a
524.24609375	0.2	268414	255	filler_word	25	19	1	delong	expected	an	a	affair	fight	98	2	6.52	2.07	When her husband started staying late at the office every night, Joanne began to suspect that he was having	with someone at work.	False	n/a	n/a
524.77734375	0.2	268686	202	an_expected	25	19	1	delong	expected	an	a	affair	fight	98	2	6.52	2.07	When her husband started staying late at the office every night, Joanne began to suspect that he was having	with someone at work.	False	n/a	n/a
525.09375	0.0	268848	115	item_marker	26	15	1	delong	expected	an	a	education	book	59	27	6.23	3.17	Her grandfather always stressed how important it was for Sophia to go to school, because he had never had the opportunity to receive	while growing up.	False	n/a	n/a
525.1484375	0.0	268876	59	cloze_marker	26	15	1	delong	expected	an	a	education	book	59	27	6.23	3.17	Her grandfather always stressed how important it was for Sophia to go to school, because he had never had the opportunity to receive	while growing up.	False	n/a	n/a
525.357421875	0.2	268983	205	noun_expected	26	15	1	delong	expected	an	a	education	book	59	27	6.23	3.17	Her grandfather always stressed how important it was for Sophia to go to school, because he had never had the opportunity to receive	while growing up.	False	n/a	n/a
525.673828125	0.0	269145	115	item_marker	27	15	1	delong	expected	an	a	education	book	59	27	6.23	3.17	Her grandfather always stressed how important it was for Sophia to go to school, because he had never had the opportunity to receive	while growing up.	False	n/a	n/a
525.728515625	0.0	269173	90	cloze_marker	27	15	1	delong	expected	an	a	education	book	59	27	6.23	3.17	Her grandfather always stressed how important it was for Sophia to go to school, because he had never had the opportunity to receive	while growing up.	False	n/a	n/a
525.9375	0.2	269280	255	filler_word	27	15	1	delong	expected	an	a	education	book	59	27	6.23	3.17	Her grandfather always stressed how important it was for Sophia to go to school, because he had never had the opportunity to receive	while growing up.	False	n/a	n/a
526.46875	0.2	269552	255	filler_word	27	15	1	delong	expected	an	a	education	book	59	27	6.23	3.17	Her grandfather always stressed how important it was for Sophia to go to school, because he had never had the opportunity to receive	while growing up.	False	n/a	n/a
526.998046875	0.2	269823	207	final_expected	27	15	1	delong	expected	an	a	education	book	59	27	6.23	3.17	Her grandfather always stressed how important it was for Sophia to go to school, because he had never had the opportunity to receive	while growing up.	False	n/a	n/a
530.62890625	0.2	271682	255	filler_word	27	15	1	delong	expected	an	a	education	book	59	27	6.23	3.17	Her grandfather always stressed how important it was for Sophia to go to school, because he had never had the opportunity to receive	while growing up.	False	n/a	n/a
531.16015625	0.2	271954	255	filler_word	27	15	1	delong	expected	an	a	education	book	59	27	6.23	3.17	Her grandfather always stressed how important it was for Sophia to go to school, because he had never had the opportunity to receive	while growing up.	False	n/a	n/a
531.69140625	0.2	272226	255	filler_word	27	15	1	delong	expected	an	a	education	book	59	27	6.23	3.17	Her grandfather always stressed how important it was for Sophia to go to school, because he had never had the opportunity to receive	while growing up.	False	n/a	n/a
532.22265625	0.2	272498	255	filler_word	27	15	1	delong	expected	an	a	education	book	59	27	6.23	3.17	Her grandfather always stressed how important it was for Sophia to go to school, because he had never had the opportunity to receive	while growing up.	False	n/a	n/a
532.751953125	0.2	272769	255	filler_word	27	15	1	delong	expected	an	a	education	book	59	27	6.23	3.17	Her grandfather always stressed how important it was for Sophia to go to school, because he had never had the opportunity to receive	while growing up.	False	n/a	n/a
533.283203125	0.2	273041	255	filler_word	27	15	1	delong	expected	an	a	education	book	59	27	6.23	3.17	Her grandfather always stressed how important it was for Sophia to go to school, because he had never had the opportunity to receive	while growing up.	False	n/a	n/a
533.8125	0.2	273312	255	filler_word	27	15	1	delong	expected	an	a	education	book	59	27	6.23	3.17	Her grandfather always stressed how important it was for Sophia to go to school, because he had never had the opportunity to receive	while growing up.	False	n/a	n/a
534.34375	0.2	273584	255	filler_word	27	15	1	delong	expected	an	a	education	book	59	27	6.23	3.17	Her grandfather always stressed how important it was for Sophia to go to school, because he had never had the opportunity to receive	while growing up.	False	n/a	n/a
534.873046875	0.2	273855	255	filler_word	27	15	1	delong	expected	an	a	education	book	59	27	6.23	3.17	Her grandfather always stressed how important it was for Sophia to go to school, because he had never had the opportunity to receive	while growing up.	False	n/a	n/a
535.404296875	0.2	274127	255	filler_word	27	15	1	delong	expected	an	a	education	book	59	27	6.23	3.17	Her grandfather always stressed how important it was for Sophia to go to school, because he had never had the opportunity to receive	while growing up.	False	n/a	n/a
535.935546875	0.2	274399	255	filler_word	27	15	1	delong	expected	an	a	education	book	59	27	6.23	3.17	Her grandfather always stressed how important it was for Sophia to go to school, because he had never had the opportunity to receive	while growing up.	False	n/a	n/a
536.46484375	0.2	274670	255	filler_word	27	15	1	delong	expected	an	a	education	book	59	27	6.23	3.17	Her grandfather always stressed how important it was for Sophia to go to school, because he had never had the opportunity to receive	while growing up.	False	n/a	n/a
536.99609375	0.2	274942	255	filler_word	27	15	1	delong	expected	an	a	education	book	59	27	6.23	3.17	Her grandfather always stressed how important it was for Sophia to go to school, because he had never had the opportunity to receive	while growing up.	False	n/a	n/a
537.52734375	0.2	275214	255	filler_word	27	15	1	delong	expected	an	a	education	book	59	27	6.23	3.17	Her grandfather always stressed how important it was for Sophia to go to school, because he had never had the opportunity to receive	while growing up.	False	n/a	n/a
538.056640625	0.2	275485	255	filler_word	27	15	1	delong	expected	an	a	education	book	59	27	6.23	3.17	Her grandfather always stressed how important it was for Sophia to go to school, because he had never had the opportunity to receive	while growing up.	False	n/a	n/a
538.587890625	0.2	275757	201	a_expected	27	15	1	delong	expected	an	a	education	book	59	27	6.23	3.17	Her grandfather always stressed how important it was for Sophia to go to school, because he had never had the opportunity to receive	while growing up.	False	n/a	n/a
538.90234375	0.0	275918	104	item_marker	28	4	1	delong	expected	a	an	lisp	accent	86	0	5.97	4.16	Katie did not like to say words with the letter s because she spoke with	and was embarrassed.	False	n/a	n/a
538.958984375	0.0	275947	86	cloze_marker	28	4	1	delong	expected	a	an	lisp	accent	86	0	5.97	4.16	Katie did not like to say words with the letter s because she spoke with	and was embarrassed.	False	n/a	n/a
539.16796875	0.2	276054	205	noun_expected	28	4	1	delong	expected	a	an	lisp	accent	86	0	5.97	4.16	Katie did not like to say words with the letter s because she spoke with	and was embarrassed.	False	n/a	n/a
539.484375	0.0	276216	104	item_marker	29	4	1	delong	expected	a	an	lisp	accent	86	0	5.97	4.16	Katie did not like to say words with the letter s because she spoke with	and was embarrassed.	False	n/a	n/a
539.5390625	0.0	276244	93	cloze_marker	29	4	1	delong	expected	a	an	lisp	accent	86	0	5.97	4.16	Katie did not like to say words with the letter s because she spoke with	and was embarrassed.	False	n/a	n/a
539.748046875	0.2	276351	255	filler_word	29	4	1	delong	expected	a	an	lisp	accent	86	0	5.97	4.16	Katie did not like to say words with the letter s because she spoke with	and was embarrassed.	False	n/a	n/a
540.279296875	0.2	276623	255	filler_word	29	4	1	delong	expected	a	an	lisp	accent	86	0	5.97	4.16	Katie did not like to say words with the letter s because she spoke with	and was embarrassed.	False	n/a	n/a
540.80859375	0.2	276894	207	final_expected	29	4	1	delong	expected	a	an	lisp	accent	86	0	5.97	4.16	Katie did not like to say words with the letter s because she spoke with	and was embarrassed.	False	n/a	n/a
544.357421875	0.2	278711	255	filler_word	29	4	1	delong	expected	a	an	lisp	accent	86	0	5.97	4.16	Katie did not like to say words with the letter s because she spoke with	and was embarrassed.	False	n/a	n/a
544.888671875	0.2	278983	255	filler_word	29	4	1	delong	expected	a	an	lisp	accent	86	0	5.97	4.16	Katie did not like to say words with the letter s because she spoke with	and was embarrassed.	False	n/a	n/a
545.41796875	0.2	279254	255	filler_word	29	4	1	delong	expected	a	an	lisp	accent	86	0	5.97	4.16	Katie did not like to say words with the letter s because she spoke with	and was embarrassed.	False	n/a	n/a
545.94921875	0.2	279526	255	filler_word	29	4	1	delong	expected	a	an	lisp	accent	86	0	5.97	4.16	Katie did not like to say words with the letter s because she spoke with	and was embarrassed.	False	n/a	n/a
546.478515625	0.2	279797	255	filler_word	29	4	1	delong	expected	a	an	lisp	accent	86	0	5.97	4.16	Katie did not like to say words with the letter s because she spoke with	and was embarrassed.	False	n/a	n/a
547.009765625	0.2	280069	255	filler_word	29	4	1	delong	expected	a	an	lisp	accent	86	0	5.97	4.16	Katie did not like to say words with the letter s because she spoke with	and was embarrassed.	False	n/a	n/a
547.5390625	0.2	280340	255	filler_word	29	4	1	delong	expected	a	an	lisp	accent	86	0	5.97	4.16	Katie did not like to say words with the letter s because she spoke with	and was embarrassed.	False	n/a	n/a
548.0703125	0.2	280612	255	filler_word	29	4	1	delong	expected	a	an	lisp	accent	86	0	5.97	4.16	Katie did not like to say words with the letter s because she spoke with	and was embarrassed.	False	n/a	n/a
548.6015625	0.2	280884	255	filler_word	29	4	1	delong	expected	a	an	lisp	accent	86	0	5.97	4.16	Katie did not like to say words with the letter s because she spoke with	and was embarrassed.	False	n/a	n/a
549.130859375	0.2	281155	255	filler_word	29	4	1	delong	expected	a	an	lisp	accent	86	0	5.97	4.16	Katie did not like to say words with the letter s because she spoke with	and was embarrassed.	False	n/a	n/a
549.662109375	0.2	281427	255	filler_word	29	4	1	delong	expected	a	an	lisp	accent	86	0	5.97	4.16	Katie did not like to say words with the letter s because she spoke with	and was embarrassed.	False	n/a	n/a
550.193359375	0.2	281699	255	filler_word	29	4	1	delong	expected	a	an	lisp	accent	86	0	5.97	4.16	Katie did not like to say words with the letter s because she spoke with	and was embarrassed.	False	n/a	n/a
550.724609375	0.2	281971	255	filler_word	29	4	1	delong	expected	a	an	lisp	accent	86	0	5.97	4.16	Katie did not like to say words with the letter s because she spoke with	and was embarrassed.	False	n/a	n/a
551.25390625	0.2	282242	255	filler_word	29	4	1	delong	expected	a	an	lisp	accent	86	0	5.97	4.16	Katie did not like to say words with the letter s because she spoke with	and was embarrassed.	False	n/a	n/a
551.78515625	0.2	282514	255	filler_word	29	4	1	delong	expected	a	an	lisp	accent	86	0	5.97	4.16	Katie did not like to say words with the letter s because she spoke with	and was embarrassed.	False	n/a	n/a
552.314453125	0.2	282785	255	filler_word	29	4	1	delong	expected	a	an	lisp	accent	86	0	5.97	4.16	Katie did not like to say words with the letter s because she spoke with	and was embarrassed.	False	n/a	n/a
552.845703125	0.2	283057	203	a_unexpected	29	4	1	delong	expected	a	an	lisp	accent	86	0	5.97	4.16	Katie did not like to say words with the letter s because she spoke with	and was embarrassed.	False	n/a	n/a
553.16015625	0.0	283218	117	item_marker	30	17	1	delong	unexpected	an	a	election	parade	70	20	5.63	4.58	When the representative retired in the middle of his term, the state was forced to hold	in his district.	False	n/a	n/a
553.216796875	0.0	283247	20	cloze_marker	30	17	1	delong	unexpected	an	a	election	parade	70	20	5.63	4.58	When the representative retired in the middle of his term, the state was forced to hold	in his district.	False	n/a	n/a
553.42578125	0.2	283354	206	noun_unexpected	30	17	1	delong	unexpected	an	a	election	parade	70	20	5.63	4.58	When the representative retired in the middle of his term, the state was forced to hold	in his district.	False	n/a	n/a
553.7421875	0.0	283516	117	item_marker	31	17	1	delong	unexpected	an	a	election	parade	70	20	5.63	4.58	When the representative retired in the middle of his term, the state was forced to hold	in his district.	False	n/a	n/a
553.796875	0.0	283544	200	cloze_marker	31	17	1	delong	unexpected	an	a	election	parade	70	20	5.63	4.58	When the representative retired in the middle of his term, the state was forced to hold	in his district.	False	n/a	n/a
554.005859375	0.2	283651	255	filler_word	31	17	1	delong	unexpected	an	a	election	parade	70	20	5.63	4.58	When the representative retired in the middle of his term, the state was forced to hold	in his district.	False	n/a	n/a
554.537109375	0.2	283923	255	filler_word	31	17	1	delong	unexpected	an	a	election	parade	70	20	5.63	4.58	When the representative retired in the middle of his term, the state was forced to hold	in his district.	False	n/a	n/a
555.06640625	0.2	284194	208	final_unexpected	31	17	1	delong	unexpected	an	a	election	parade	70	20	5.63	4.58	When the representative retired in the middle of his term, the state was forced to hold	in his district.	False	n/a	n/a
559.24609375	0.2	286334	255	filler_word	31	17	1	delong	unexpected	an	a	election	parade	70	20	5.63	4.58	When the representative retired in the middle of his term, the state was forced to hold	in his district.	False	n/a	n/a
559.775390625	0.2	286605	255	filler_word	31	17	1	delong	unexpected	an	a	election	parade	70	20	5.63	4.58	When the representative retired in the middle of his term, the state was forced to hold	in his district.	False	n/a	n/a
560.3046875	0.2	286876	255	filler_word	31	17	1	delong	unexpected	an	a	election	parade	70	20	5.63	4.58	When the representative retired in the middle of his term, the state was forced to hold	in his district.	False	n/a	n/a
560.8359375	0.2	287148	255	filler_word	31	17	1	delong	unexpected	an	a	election	parade	70	20	5.63	4.58	When the representative retired in the middle of his term, the state was forced to hold	in his district.	False	n/a	n/a
561.3671875	0.2	287420	255	filler_word	31	17	1	delong	unexpected	an	a	election	parade	70	20	5.63	4.58	When the representative retired in the middle of his term, the state was forced to hold	in his district.	False	n/a	n/a
561.8984375	0.2	287692	255	filler_word	31	17	1	delong	unexpected	an	a	election	parade	70	20	5.63	4.58	When the representative retired in the middle of his term, the state was forced to hold	in his district.	False	n/a	n/a
562.427734375	0.2	287963	255	filler_word	31	17	1	delong	unexpected	an	a	election	parade	70	20	5.63	4.58	When the representative retired in the middle of his term, the state was forced to hold	in his district.	False	n/a	n/a
562.958984375	0.2	288235	255	filler_word	31	17	1	delong	unexpected	an	a	election	parade	70	20	5.63	4.58	When the representative retired in the middle of his term, the state was forced to hold	in his district.	False	n/a	n/a
563.48828125	0.2	288506	255	filler_word	31	17	1	delong	unexpected	an	a	election	parade	70	20	5.63	4.58	When the representative retired in the middle of his term, the state was forced to hold	in his district.	False	n/a	n/a
564.01953125	0.2	288778	255	filler_word	31	17	1	delong	unexpected	an	a	election	parade	70	20	5.63	4.58	When the representative retired in the middle of his term, the state was forced to hold	in his district.	False	n/a	n/a
564.548828125	0.2	289049	255	filler_word	31	17	1	delong	unexpected	an	a	election	parade	70	20	5.63	4.58	When the representative retired in the middle of his term, the state was forced to hold	in his district.	False	n/a	n/a
565.080078125	0.2	289321	204	an_unexpected	31	17	1	delong	unexpected	an	a	election	parade	70	20	5.63	4.58	When the representative retired in the middle of his term, the state was forced to hold	in his district.	False	n/a	n/a
565.396484375	0.0	289483	118	item_marker	32	18	1	delong	unexpected	a	an	parade	election	95	0	5.77	3.52	Without the floats and the marching bands it wasn't much of	this year.	False	n/a	n/a
565.451171875	0.0	289511	200	cloze_marker	32	18	1	delong	unexpected	a	an	parade	election	95	0	5.77	3.52	Without the floats and the marching bands it wasn't much of	this year.	False	n/a	n/a
565.66015625	0.2	289618	206	noun_unexpected	32	18	1	delong	unexpected	a	an	parade	election	95	0	5.77	3.52	Without the floats and the marching bands it wasn't much of	this year.	False	n/a	n/a
565.9765625	0.0	289780	118	item_marker	33	18	1	delong	unexpected	a	an	parade	election	95	0	5.77	3.52	Without the floats and the marching bands it wasn't much of	this year.	False	n/a	n/a
566.03125	0.0	289808	200	cloze_marker	33	18	1	delong	unexpected	a	an	parade	election	95	0	5.77	3.52	Without the floats and the marching bands it wasn't much of	this year.	False	n/a	n/a
566.240234375	0.2	289915	255	filler_word	33	18	1	delong	unexpected	a	an	parade	election	95	0	5.77	3.52	Without the floats and the marching bands it wasn't much of	this year.	False	n/a	n/a
566.771484375	0.2	290187	208	final_unexpected	33	18	1	delong	unexpected	a	an	parade	election	95	0	5.77	3.52	Without the floats and the marching bands it wasn't much of	this year.	False	n/a	n/a
570.634765625	0.2	292165	255	filler_word	33	18	1	delong	unexpected	a	an	parade	election	95	0	5.77	3.52	Without the floats and the marching bands it wasn't much of	this year.	False	n/a	n/a
571.1640625	0.2	292436	255	filler_word	33	18	1	delong	unexpected	a	an	parade	election	95	0	5.77	3.52	Without the floats and the marching bands it wasn't much of	this year.	False	n/a	n/a
571.6953125	0.2	292708	255	filler_word	33	18	1	delong	unexpected	a	an	parade	election	95	0	5.77	3.52	Without the floats and the marching bands it wasn't much of	this year.	False	n/a	n/a
572.224609375	0.2	292979	255	filler_word	33	18	1	delong	unexpected	a	an	parade	election	95	0	5.77	3.52	Without the floats and the marching bands it wasn't much of	this year.	False	n/a	n/a
572.755859375	0.2	293251	255	filler_word	33	18	1	delong	unexpected	a	an	parade	election	95	0	5.77	3.52	Without the floats and the marching bands it wasn't much of	this year.	False	n/a	n/a
573.287109375	0.2	293523	255	filler_word	33	18	1	delong	unexpected	a	an	parade	election	95	0	5.77	3.52	Without the floats and the marching bands it wasn't much of	this year.	False	n/a	n/a
573.818359375	0.2	293795	255	filler_word	33	18	1	delong	unexpected	a	an	parade	election	95	0	5.77	3.52	Without the floats and the marching bands it wasn't much of	this year.	False	n/a	n/a
574.34765625	0.2	294066	255	filler_word	33	18	1	delong	unexpected	a	an	parade	election	95	0	5.77	3.52	Without the floats and the marching bands it wasn't much of	this year.	False	n/a	n/a
574.87890625	0.2	294338	255	filler_word	33	18	1	delong	unexpected	a	an	parade	election	95	0	5.77	3.52	Without the floats and the marching bands it wasn't much of	this year.	False	n/a	n/a
575.41015625	0.2	294610	255	filler_word	33	18	1	delong	unexpected	a	an	parade	election	95	0	5.77	3.52	Without the floats and the marching bands it wasn't much of	this year.	False	n/a	n/a
575.939453125	0.2	294881	255	filler_word	33	18	1	delong	unexpected	a	an	parade	election	95	0	5.77	3.52	Without the floats and the marching bands it wasn't much of	this year.	False	n/a	n/a
576.470703125	0.2	295153	201	a_expected	33	18	1	delong	unexpected	a	an	parade	election	95	0	5.77	3.52	Without the floats and the marching bands it wasn't much of	this year.	False	n/a	n/a
576.78515625	0.0	295314	108	item_marker	34	8	1	delong	expected	a	an	kite	aeroplane	61	0	6.06	2.93	The day was breezy so the boy went outside to fly	in the park.	True	Was the day breezy?	yes
576.841796875	0.0	295343	61	cloze_marker	34	8	1	delong	expected	a	an	kite	aeroplane	61	0	6.06	2.93	The day was breezy so the boy went outside to fly	in the park.	True	Was the day breezy?	yes
577.05078125	0.2	295450	205	noun_expected	34	8	1	delong	expected	a	an	kite	aeroplane	61	0	6.06	2.93	The day was breezy so the boy went outside to fly	in the park.	True	Was the day breezy?	yes
577.365234375	0.0	295611	108	item_marker	35	8	1	delong	expected	a	an	kite	aeroplane	61	0	6.06	2.93	The day was breezy so the boy went outside to fly	in the park.	True	Was the day breezy?	yes
577.419921875	0.0	295639	97	cloze_marker	35	8	1	delong	expected	a	an	kite	aeroplane	61	0	6.06	2.93	The day was breezy so the boy went outside to fly	in the park.	True	Was the day breezy?	yes
577.630859375	0.2	295747	255	filler_word	35	8	1	delong	expected	a	an	kite	aeroplane	61	0	6.06	2.93	The day was breezy so the boy went outside to fly	in the park.	True	Was the day breezy?	yes
578.162109375	0.2	296019	255	filler_word	35	8	1	delong	expected	a	an	kite	aeroplane	61	0	6.06	2.93	The day was breezy so the boy went outside to fly	in the park.	True	Was the day breezy?	yes
578.69140625	0.2	296290	207	final_expected	35	8	1	delong	expected	a	an	kite	aeroplane	61	0	6.06	2.93	The day was breezy so the boy went outside to fly	in the park.	True	Was the day breezy?	yes
582.173828125	0.0	298073	251	question	35	8	1	delong	expected	a	an	kite	aeroplane	61	0	6.06	2.93	The day was breezy so the boy went outside to fly	in the park.	True	Was the day breezy?	yes
584.66015625	0.2	299346	255	filler_word	35	8	1	delong	expected	a	an	kite	aeroplane	61	0	6.06	2.93	The day was breezy so the boy went outside to fly	in the park.	True	Was the day breezy?	yes
585.189453125	0.2	299617	255	filler_word	35	8	1	delong	expected	a	an	kite	aeroplane	61	0	6.06	2.93	The day was breezy so the boy went outside to fly	in the park.	True	Was the day breezy?	yes
585.720703125	0.2	299889	255	filler_word	35	8	1	delong	expected	a	an	kite	aeroplane	61	0	6.06	2.93	The day was breezy so the boy went outside to fly	in the park.	True	Was the day breezy?	yes
586.251953125	0.2	300161	255	filler_word	35	8	1	delong	expected	a	an	kite	aeroplane	61	0	6.06	2.93	The day was breezy so the boy went outside to fly	in the park.	True	Was the day breezy?	yes
586.783203125	0.2	300433	255	filler_word	35	8	1	delong	expected	a	an	kite	aeroplane	61	0	6.06	2.93	The day was breezy so the boy went outside to fly	in the park.	True	Was the day breezy?	yes
587.3125	0.2	300704	255	filler_word	35	8	1	delong	expected	a	an	kite	aeroplane	61	0	6.06	2.93	The day was breezy so the boy went outside to fly	in the park.	True	Was the day breezy?	yes
587.84375	0.2	300976	255	filler_word	35	8	1	delong	expected	a	an	kite	aeroplane	61	0	6.06	2.93	The day was breezy so the boy went outside to fly	in the park.	True	Was the day breezy?	yes
588.373046875	0.2	301247	255	filler_word	35	8	1	delong	expected	a	an	kite	aeroplane	61	0	6.06	2.93	The day was breezy so the boy went outside to fly	in the park.	True	Was the day breezy?	yes
588.904296875	0.2	301519	255	filler_word	35	8	1	delong	expected	a	an	kite	aeroplane	61	0	6.06	2.93	The day was breezy so the boy went outside to fly	in the park.	True	Was the day breezy?	yes
589.43359375	0.2	301790	255	filler_word	35	8	1	delong	expected	a	an	kite	aeroplane	61	0	6.06	2.93	The day was breezy so the boy went outside to fly	in the park.	True	Was the day breezy?	yes
589.96484375	0.2	302062	255	filler_word	35	8	1	delong	expected	a	an	kite	aeroplane	61	0	6.06	2.93	The day was breezy so the boy went outside to fly	in the park.	True	Was the day breezy?	yes
590.49609375	0.2	302334	255	filler_word	35	8	1	delong	expected	a	an	kite	aeroplane	61	0	6.06	2.93	The day was breezy so the boy went outside to fly	in the park.	True	Was the day breezy?	yes
591.025390625	0.2	302605	255	filler_word	35	8	1	delong	expected	a	an	kite	aeroplane	61	0	6.06	2.93	The day was breezy so the boy went outside to fly	in the park.	True	Was the day breezy?	yes
591.556640625	0.2	302877	255	filler_word	35	8	1	delong	expected	a	an	kite	aeroplane	61	0	6.06	2.93	The day was breezy so the boy went outside to fly	in the park.	True	Was the day breezy?	yes
592.087890625	0.2	303149	255	filler_word	35	8	1	delong	expected	a	an	kite	aeroplane	61	0	6.06	2.93	The day was breezy so the boy went outside to fly	in the park.	True	Was the day breezy?	yes
592.619140625	0.2	303421	201	a_expected	35	8	1	delong	expected	a	an	kite	aeroplane	61	0	6.06	2.93	The day was breezy so the boy went outside to fly	in the park.	True	Was the day breezy?	yes
592.93359375	0.0	303582	116	item_marker	36	16	1	delong	expected	a	an	book	education	75	2	6.48	2.27	James is an avid reader, so for his birthday his sister decided to give him	about Africa.	False	n/a	n/a
592.98828125	0.0	303610	75	cloze_marker	36	16	1	delong	expected	a	an	book	education	75	2	6.48	2.27	James is an avid reader, so for his birthday his sister decided to give him	about Africa.	False	n/a	n/a
593.19921875	0.2	303718	205	noun_expected	36	16	1	delong	expected	a	an	book	education	75	2	6.48	2.27	James is an avid reader, so for his birthday his sister decided to give him	about Africa.	False	n/a	n/a
593.513671875	0.0	303879	116	item_marker	37	16	1	delong	expected	a	an	book	education	75	2	6.48	2.27	James is an avid reader, so for his birthday his sister decided to give him	about Africa.	False	n/a	n/a
593.568359375	0.0	303907	93	cloze_marker	37	16	1	delong	expected	a	an	book	education	75	2	6.48	2.27	James is an avid reader, so for his birthday his sister decided to give him	about Africa.	False	n/a	n/a
593.77734375	0.2	304014	255	filler_word	37	16	1	delong	expected	a	an	book	education	75	2	6.48	2.27	James is an avid reader, so for his birthday his sister decided to give him	about Africa.	False	n/a	n/a
594.30859375	0.2	304286	207	final_expected	37	16	1	delong	expected	a	an	book	education	75	2	6.48	2.27	James is an avid reader, so for his birthday his sister decided to give him	about Africa.	False	n/a	n/a
598.154296875	0.2	306255	255	filler_word	37	16	1	delong	expected	a	an	book	education	75	2	6.48	2.27	James is an avid reader, so for his birthday his sister decided to give him	about Africa.	False	n/a	n/a
598.685546875	0.2	306527	255	filler_word	37	16	1	delong	expected	a	an	book	education	75	2	6.48	2.27	James is an avid reader, so for his birthday his sister decided to give him	about Africa.	False	n/a	n/a
599.216796875	0.2	306799	255	filler_word	37	16	1	delong	expected	a	an	book	education	75	2	6.48	2.27	James is an avid reader, so for his birthday his sister decided to give him	about Africa.	False	n/a	n/a
599.74609375	0.2	307070	255	filler_word	37	16	1	delong	expected	a	an	book	education	75	2	6.48	2.27	James is an avid reader, so for his birthday his sister decided to give him	about Africa.	False	n/a	n/a
600.27734375	0.2	307342	255	filler_word	37	16	1	delong	expected	a	an	book	education	75	2	6.48	2.27	James is an avid reader, so for his birthday his sister decided to give him	about Africa.	False	n/a	n/a
600.80859375	0.2	307614	255	filler_word	37	16	1	delong	expected	a	an	book	education	75	2	6.48	2.27	James is an avid reader, so for his birthday his sister decided to give him	about Africa.	False	n/a	n/a
601.337890625	0.2	307885	255	filler_word	37	16	1	delong	expected	a	an	book	education	75	2	6.48	2.27	James is an avid reader, so for his birthday his sister decided to give him	about Africa.	False	n/a	n/a
601.869140625	0.2	308157	255	filler_word	37	16	1	delong	expected	a	an	book	education	75	2	6.48	2.27	James is an avid reader, so for his birthday his sister decided to give him	about Africa.	False	n/a	n/a
602.3984375	0.2	308428	255	filler_word	37	16	1	delong	expected	a	an	book	education	75	2	6.48	2.27	James is an avid reader, so for his birthday his sister decided to give him	about Africa.	False	n/a	n/a
602.9296875	0.2	308700	255	filler_word	37	16	1	delong	expected	a	an	book	education	75	2	6.48	2.27	James is an avid reader, so for his birthday his sister decided to give him	about Africa.	False	n/a	n/a
603.4609375	0.2	308972	255	filler_word	37	16	1	delong	expected	a	an	book	education	75	2	6.48	2.27	James is an avid reader, so for his birthday his sister decided to give him	about Africa.	False	n/a	n/a
603.990234375	0.2	309243	255	filler_word	37	16	1	delong	expected	a	an	book	education	75	2	6.48	2.27	James is an avid reader, so for his birthday his sister decided to give him	about Africa.	False	n/a	n/a
604.521484375	0.2	309515	255	filler_word	37	16	1	delong	expected	a	an	book	education	75	2	6.48	2.27	James is an avid reader, so for his birthday his sister decided to give him	about Africa.	False	n/a	n/a
605.052734375	0.2	309787	255	filler_word	37	16	1	delong	expected	a	an	book	education	75	2	6.48	2.27	James is an avid reader, so for his birthday his sister decided to give him	about Africa.	False	n/a	n/a
605.58203125	0.2	310058	255	filler_word	37	16	1	delong	expected	a	an	book	education	75	2	6.48	2.27	James is an avid reader, so for his birthday his sister decided to give him	about Africa.	False	n/a	n/a
606.11328125	0.2	310330	201	a_expected	37	16	1	delong	expected	a	an	book	education	75	2	6.48	2.27	James is an avid reader, so for his birthday his sister decided to give him	about Africa.	False	n/a	n/a
606.427734375	0.0	310491	120	item_marker	38	20	1	delong	expected	a	an	fight	affair	75	9	6.19	3.2	Whenever Josh had too much to drink, he became belligerent and would try to start	with someone in the bar.	True	Would Josh sing if drunk?	no
606.484375	0.0	310520	75	cloze_marker	38	20	1	delong	expected	a	an	fight	affair	75	9	6.19	3.2	Whenever Josh had too much to drink, he became belligerent and would try to start	with someone in the bar.	True	Would Josh sing if drunk?	no
606.693359375	0.2	310627	205	noun_expected	38	20	1	delong	expected	a	an	fight	affair	75	9	6.19	3.2	Whenever Josh had too much to drink, he became belligerent and would try to start	with someone in the bar.	True	Would Josh sing if drunk?	no
607.009765625	0.0	310789	120	item_marker	39	20	1	delong	expected	a	an	fight	affair	75	9	6.19	3.2	Whenever Josh had too much to drink, he became belligerent and would try to start	with someone in the bar.	True	Would Josh sing if drunk?	no
607.064453125	0.0	310817	90	cloze_marker	39	20	1	delong	expected	a	an	fight	affair	75	9	6.19	3.2	Whenever Josh had too much to drink, he became belligerent and would try to start	with someone in the bar.	True	Would Josh sing if drunk?	no
607.2734375	0.2	310924	255	filler_word	39	20	1	delong	expected	a	an	fight	affair	75	9	6.19	3.2	Whenever Josh had too much to drink, he became belligerent and would try to start	with someone in the bar.	True	Would Josh sing if drunk?	no
607.8046875	0.2	311196	255	filler_word	39	20	1	delong	expected	a	an	fight	affair	75	9	6.19	3.2	Whenever Josh had too much to drink, he became belligerent and would try to start	with someone in the bar.	True	Would Josh sing if drunk?	no
608.333984375	0.2	311467	255	filler_word	39	20	1	delong	expected	a	an	fight	affair	75	9	6.19	3.2	Whenever Josh had too much to drink, he became belligerent and would try to start	with someone in the bar.	True	Would Josh sing if drunk?	no
608.865234375	0.2	311739	255	filler_word	39	20	1	delong	expected	a	an	fight	affair	75	9	6.19	3.2	Whenever Josh had too much to drink, he became belligerent and would try to start	with someone in the bar.	True	Would Josh sing if drunk?	no
609.39453125	0.2	312010	207	final_expected	39	20	1	delong	expected	a	an	fight	affair	75	9	6.19	3.2	Whenever Josh had too much to drink, he became belligerent and would try to start	with someone in the bar.	True	Would Josh sing if drunk?	no
613.109375	0.0	313912	251	question	39	20	1	delong	expected	a	an	fight	affair	75	9	6.19	3.2	Whenever Josh had too much to drink, he became belligerent and would try to start	with someone in the bar.	True	Would Josh sing if drunk?	no
629.919921875	0.2	322519	255	filler_word	39	20	1	delong	expected	a	an	fight	affair	75	9	6.19	3.2	Whenever Josh had too much to drink, he became belligerent and would try to start	with someone in the bar.	True	Would Josh sing if drunk?	no
630.451171875	0.2	322791	255	filler_word	39	20	1	delong	expected	a	an	fight	affair	75	9	6.19	3.2	Whenever Josh had too much to drink, he became belligerent and would try to start	with someone in the bar.	True	Would Josh sing if drunk?	no
630.98046875	0.2	323062	255	filler_word	39	20	1	delong	expected	a	an	fight	affair	75	9	6.19	3.2	Whenever Josh had too much to drink, he became belligerent and would try to start	with someone in the bar.	True	Would Josh sing if drunk?	no
631.51171875	0.2	323334	255	filler_word	39	20	1	delong	expected	a	an	fight	affair	75	9	6.19	3.2	Whenever Josh had too much to drink, he became belligerent and would try to start	with someone in the bar.	True	Would Josh sing if drunk?	no
632.041015625	0.2	323605	255	filler_word	39	20	1	delong	expected	a	an	fight	affair	75	9	6.19	3.2	Whenever Josh had too much to drink, he became belligerent and would try to start	with someone in the bar.	True	Would Josh sing if drunk?	no
632.572265625	0.2	323877	255	filler_word	39	20	1	delong	expected	a	an	fight	affair	75	9	6.19	3.2	Whenever Josh had too much to drink, he became belligerent and would try to start	with someone in the bar.	True	Would Josh sing if drunk?	no
633.103515625	0.2	324149	255	filler_word	39	20	1	delong	expected	a	an	fight	affair	75	9	6.19	3.2	Whenever Josh had too much to drink, he became belligerent and would try to start	with someone in the bar.	True	Would Josh sing if drunk?	no
633.634765625	0.2	324421	255	filler_word	39	20	1	delong	expected	a	an	fight	affair	75	9	6.19	3.2	Whenever Josh had too much to drink, he became belligerent and would try to start	with someone in the bar.	True	Would Josh sing if drunk?	no
634.1640625	0.2	324692	255	filler_word	39	20	1	delong	expected	a	an	fight	affair	75	9	6.19	3.2	Whenever Josh had too much to drink, he became belligerent and would try to start	with someone in the bar.	True	Would Josh sing if drunk?	no
634.6953125	0.2	324964	255	filler_word	39	20	1	delong	expected	a	an	fight	affair	75	9	6.19	3.2	Whenever Josh had too much to drink, he became belligerent and would try to start	with someone in the bar.	True	Would Josh sing if drunk?	no
635.224609375	0.2	325235	255	filler_word	39	20	1	delong	expected	a	an	fight	affair	75	9	6.19	3.2	Whenever Josh had too much to drink, he became belligerent and would try to start	with someone in the bar.	True	Would Josh sing if drunk?	no
635.755859375	0.2	325507	255	filler_word	39	20	1	delong	expected	a	an	fight	affair	75	9	6.19	3.2	Whenever Josh had too much to drink, he became belligerent and would try to start	with someone in the bar.	True	Would Josh sing if drunk?	no
636.28515625	0.2	325778	255	filler_word	39	20	1	delong	expected	a	an	fight	affair	75	9	6.19	3.2	Whenever Josh had too much to drink, he became belligerent and would try to start	with someone in the bar.	True	Would Josh sing if drunk?	no
636.81640625	0.2	326050	255	filler_word	39	20	1	delong	expected	a	an	fight	affair	75	9	6.19	3.2	Whenever Josh had too much to drink, he became belligerent and would try to start	with someone in the bar.	True	Would Josh sing if drunk?	no
637.34765625	0.2	326322	255	filler_word	39	20	1	delong	expected	a	an	fight	affair	75	9	6.19	3.2	Whenever Josh had too much to drink, he became belligerent and would try to start	with someone in the bar.	True	Would Josh sing if drunk?	no
637.876953125	0.2	326593	255	filler_word	39	20	1	delong	expected	a	an	fight	affair	75	9	6.19	3.2	Whenever Josh had too much to drink, he became belligerent and would try to start	with someone in the bar.	True	Would Josh sing if drunk?	no
638.408203125	0.2	326865	255	filler_word	39	20	1	delong	expected	a	an	fight	affair	75	9	6.19	3.2	Whenever Josh had too much to drink, he became belligerent and would try to start	with someone in the bar.	True	Would Josh sing if drunk?	no
638.939453125	0.2	327137	255	filler_word	39	20	1	delong	expected	a	an	fight	affair	75	9	6.19	3.2	Whenever Josh had too much to drink, he became belligerent and would try to start	with someone in the bar.	True	Would Josh sing if drunk?	no
639.470703125	0.2	327409	255	filler_word	39	20	1	delong	expected	a	an	fight	affair	75	9	6.19	3.2	Whenever Josh had too much to drink, he became belligerent and would try to start	with someone in the bar.	True	Would Josh sing if drunk?	no
640.0	0.2	327680	255	filler_word	39	20	1	delong	expected	a	an	fight	affair	75	9	6.19	3.2	Whenever Josh had too much to drink, he became belligerent and would try to start	with someone in the bar.	True	Would Josh sing if drunk?	no
640.53125	0.2	327952	255	filler_word	39	20	1	delong	expected	a	an	fight	affair	75	9	6.19	3.2	Whenever Josh had too much to drink, he became belligerent and would try to start	with someone in the bar.	True	Would Josh sing if drunk?	no
641.060546875	0.2	328223	255	filler_word	39	20	1	delong	expected	a	an	fight	affair	75	9	6.19	3.2	Whenever Josh had too much to drink, he became belligerent and would try to start	with someone in the bar.	True	Would Josh sing if drunk?	no
641.591796875	0.2	328495	203	a_unexpected	39	20	1	delong	expected	a	an	fight	affair	75	9	6.19	3.2	Whenever Josh had too much to drink, he became belligerent and would try to start	with someone in the bar.	True	Would Josh sing if drunk?	no
641.90625	0.0	328656	125	item_marker	40	25	1	delong	unexpected	an	a	iron	hanger	59	2	6.27	4.48	Charlie's wife told him that she was tired of pressing his shirts and that he would have to learn how to use	one of these days.	False	n/a	n/a
641.962890625	0.0	328685	2	cloze_marker	40	25	1	delong	unexpected	an	a	iron	hanger	59	2	6.27	4.48	Charlie's wife told him that she was tired of pressing his shirts and that he would have to learn how to use	one of these days.	False	n/a	n/a
642.171875	0.2	328792	206	noun_unexpected	40	25	1	delong	unexpected	an	a	iron	hanger	59	2	6.27	4.48	Charlie's wife told him that she was tired of pressing his shirts and that he would have to learn how to use	one of these days.	False	n/a	n/a
642.486328125	0.0	328953	125	item_marker	41	25	1	delong	unexpected	an	a	iron	hanger	59	2	6.27	4.48	Charlie's wife told him that she was tired of pressing his shirts and that he would have to learn how to use	one of these days.	False	n/a	n/a
642.54296875	0.0	328982	200	cloze_marker	41	25	1	delong	unexpected	an	a	iron	hanger	59	2	6.27	4.48	Charlie's wife told him that she was tired of pressing his shirts and that he would have to learn how to use	one of these days.	False	n/a	n/a
642.751953125	0.2	329089	255	filler_word	41	25	1	delong	unexpected	an	a	iron	hanger	59	2	6.27	4.48	Charlie's wife told him that she was tired of pressing his shirts and that he would have to learn how to use	one of these days.	False	n/a	n/a
643.283203125	0.2	329361	255	filler_word	41	25	1	delong	unexpected	an	a	iron	hanger	59	2	6.27	4.48	Charlie's wife told him that she was tired of pressing his shirts and that he would have to learn how to use	one of these days.	False	n/a	n/a
643.8125	0.2	329632	255	filler_word	41	25	1	delong	unexpected	an	a	iron	hanger	59	2	6.27	4.48	Charlie's wife told him that she was tired of pressing his shirts and that he would have to learn how to use	one of these days.	False	n/a	n/a
644.34375	0.2	329904	208	final_unexpected	41	25	1	delong	unexpected	an	a	iron	hanger	59	2	6.27	4.48	Charlie's wife told him that she was tired of pressing his shirts and that he would have to learn how to use	one of these days.	False	n/a	n/a
647.841796875	0.2	331695	255	filler_word	41	25	1	delong	unexpected	an	a	iron	hanger	59	2	6.27	4.48	Charlie's wife told him that she was tired of pressing his shirts and that he would have to learn how to use	one of these days.	False	n/a	n/a
648.37109375	0.2	331966	255	filler_word	41	25	1	delong	unexpected	an	a	iron	hanger	59	2	6.27	4.48	Charlie's wife told him that she was tired of pressing his shirts and that he would have to learn how to use	one of these days.	False	n/a	n/a
648.90234375	0.2	332238	255	filler_word	41	25	1	delong	unexpected	an	a	iron	hanger	59	2	6.27	4.48	Charlie's wife told him that she was tired of pressing his shirts and that he would have to learn how to use	one of these days.	False	n/a	n/a
649.43359375	0.2	332510	255	filler_word	41	25	1	delong	unexpected	an	a	iron	hanger	59	2	6.27	4.48	Charlie's wife told him that she was tired of pressing his shirts and that he would have to learn how to use	one of these days.	False	n/a	n/a
649.962890625	0.2	332781	255	filler_word	41	25	1	delong	unexpected	an	a	iron	hanger	59	2	6.27	4.48	Charlie's wife told him that she was tired of pressing his shirts and that he would have to learn how to use	one of these days.	False	n/a	n/a
650.494140625	0.2	333053	255	filler_word	41	25	1	delong	unexpected	an	a	iron	hanger	59	2	6.27	4.48	Charlie's wife told him that she was tired of pressing his shirts and that he would have to learn how to use	one of these days.	False	n/a	n/a
651.025390625	0.2	333325	255	filler_word	41	25	1	delong	unexpected	an	a	iron	hanger	59	2	6.27	4.48	Charlie's wife told him that she was tired of pressing his shirts and that he would have to learn how to use	one of these days.	False	n/a	n/a
651.556640625	0.2	333597	255	filler_word	41	25	1	delong	unexpected	an	a	iron	hanger	59	2	6.27	4.48	Charlie's wife told him that she was tired of pressing his shirts and that he would have to learn how to use	one of these days.	False	n/a	n/a
652.0859375	0.2	333868	255	filler_word	41	25	1	delong	unexpected	an	a	iron	hanger	59	2	6.27	4.48	Charlie's wife told him that she was tired of pressing his shirts and that he would have to learn how to use	one of these days.	False	n/a	n/a
652.6171875	0.2	334140	255	filler_word	41	25	1	delong	unexpected	an	a	iron	hanger	59	2	6.27	4.48	Charlie's wife told him that she was tired of pressing his shirts and that he would have to learn how to use	one of these days.	False	n/a	n/a
653.146484375	0.2	334411	255	filler_word	41	25	1	delong	unexpected	an	a	iron	hanger	59	2	6.27	4.48	Charlie's wife told him that she was tired of pressing his shirts and that he would have to learn how to use	one of these days.	False	n/a	n/a
653.677734375	0.2	334683	255	filler_word	41	25	1	delong	unexpected	an	a	iron	hanger	59	2	6.27	4.48	Charlie's wife told him that she was tired of pressing his shirts and that he would have to learn how to use	one of these days.	False	n/a	n/a
654.20703125	0.2	334954	255	filler_word	41	25	1	delong	unexpected	an	a	iron	hanger	59	2	6.27	4.48	Charlie's wife told him that she was tired of pressing his shirts and that he would have to learn how to use	one of these days.	False	n/a	n/a
654.73828125	0.2	335226	255	filler_word	41	25	1	delong	unexpected	an	a	iron	hanger	59	2	6.27	4.48	Charlie's wife told him that she was tired of pressing his shirts and that he would have to learn how to use	one of these days.	False	n/a	n/a
655.26953125	0.2	335498	255	filler_word	41	25	1	delong	unexpected	an	a	iron	hanger	59	2	6.27	4.48	Charlie's wife told him that she was tired of pressing his shirts and that he would have to learn how to use	one of these days.	False	n/a	n/a
655.798828125	0.2	335769	255	filler_word	41	25	1	delong	unexpected	an	a	iron	hanger	59	2	6.27	4.48	Charlie's wife told him that she was tired of pressing his shirts and that he would have to learn how to use	one of these days.	False	n/a	n/a
656.330078125	0.2	336041	255	filler_word	41	25	1	delong	unexpected	an	a	iron	hanger	59	2	6.27	4.48	Charlie's wife told him that she was tired of pressing his shirts and that he would have to learn how to use	one of these days.	False	n/a	n/a
656.861328125	0.2	336313	255	filler_word	41	25	1	delong	unexpected	an	a	iron	hanger	59	2	6.27	4.48	Charlie's wife told him that she was tired of pressing his shirts and that he would have to learn how to use	one of these days.	False	n/a	n/a
657.390625	0.2	336584	255	filler_word	41	25	1	delong	unexpected	an	a	iron	hanger	59	2	6.27	4.48	Charlie's wife told him that she was tired of pressing his shirts and that he would have to learn how to use	one of these days.	False	n/a	n/a
657.921875	0.2	336856	255	filler_word	41	25	1	delong	unexpected	an	a	iron	hanger	59	2	6.27	4.48	Charlie's wife told him that she was tired of pressing his shirts and that he would have to learn how to use	one of these days.	False	n/a	n/a
658.451171875	0.2	337127	255	filler_word	41	25	1	delong	unexpected	an	a	iron	hanger	59	2	6.27	4.48	Charlie's wife told him that she was tired of pressing his shirts and that he would have to learn how to use	one of these days.	False	n/a	n/a
658.982421875	0.2	337399	255	filler_word	41	25	1	delong	unexpected	an	a	iron	hanger	59	2	6.27	4.48	Charlie's wife told him that she was tired of pressing his shirts and that he would have to learn how to use	one of these days.	False	n/a	n/a
659.513671875	0.2	337671	255	filler_word	41	25	1	delong	unexpected	an	a	iron	hanger	59	2	6.27	4.48	Charlie's wife told him that she was tired of pressing his shirts and that he would have to learn how to use	one of these days.	False	n/a	n/a
660.04296875	0.2	337942	255	filler_word	41	25	1	delong	unexpected	an	a	iron	hanger	59	2	6.27	4.48	Charlie's wife told him that she was tired of pressing his shirts and that he would have to learn how to use	one of these days.	False	n/a	n/a
660.57421875	0.2	338214	255	filler_word	41	25	1	delong	unexpected	an	a	iron	hanger	59	2	6.27	4.48	Charlie's wife told him that she was tired of pressing his shirts and that he would have to learn how to use	one of these days.	False	n/a	n/a
661.10546875	0.2	338486	255	filler_word	41	25	1	delong	unexpected	an	a	iron	hanger	59	2	6.27	4.48	Charlie's wife told him that she was tired of pressing his shirts and that he would have to learn how to use	one of these days.	False	n/a	n/a
661.634765625	0.2	338757	255	filler_word	41	25	1	delong	unexpected	an	a	iron	hanger	59	2	6.27	4.48	Charlie's wife told him that she was tired of pressing his shirts and that he would have to learn how to use	one of these days.	False	n/a	n/a
662.166015625	0.2	339029	255	filler_word	41	25	1	delong	unexpected	an	a	iron	hanger	59	2	6.27	4.48	Charlie's wife told him that she was tired of pressing his shirts and that he would have to learn how to use	one of these days.	False	n/a	n/a
662.697265625	0.2	339301	255	filler_word	41	25	1	delong	unexpected	an	a	iron	hanger	59	2	6.27	4.48	Charlie's wife told him that she was tired of pressing his shirts and that he would have to learn how to use	one of these days.	False	n/a	n/a
663.2265625	0.2	339572	203	a_unexpected	41	25	1	delong	unexpected	an	a	iron	hanger	59	2	6.27	4.48	Charlie's wife told him that she was tired of pressing his shirts and that he would have to learn how to use	one of these days.	False	n/a	n/a
663.54296875	0.0	339734	121	item_marker	42	21	1	delong	unexpected	an	a	allowance	pound	60	9	6.29	4.3	Instead of giving her money whenever she asked for it, Rachel's father thought that it would be a real lesson in economics for her if every week she received	to spend as she wished.	False	n/a	n/a
663.59765625	0.0	339762	9	cloze_marker	42	21	1	delong	unexpected	an	a	allowance	pound	60	9	6.29	4.3	Instead of giving her money whenever she asked for it, Rachel's father thought that it would be a real lesson in economics for her if every week she received	to spend as she wished.	False	n/a	n/a
663.806640625	0.2	339869	206	noun_unexpected	42	21	1	delong	unexpected	an	a	allowance	pound	60	9	6.29	4.3	Instead of giving her money whenever she asked for it, Rachel's father thought that it would be a real lesson in economics for her if every week she received	to spend as she wished.	False	n/a	n/a
664.123046875	0.0	340031	121	item_marker	43	21	1	delong	unexpected	an	a	allowance	pound	60	9	6.29	4.3	Instead of giving her money whenever she asked for it, Rachel's father thought that it would be a real lesson in economics for her if every week she received	to spend as she wished.	False	n/a	n/a
664.177734375	0.0	340059	3	cloze_marker	43	21	1	delong	unexpected	an	a	allowance	pound	60	9	6.29	4.3	Instead of giving her money whenever she asked for it, Rachel's father thought that it would be a real lesson in economics for her if every week she received	to spend as she wished.	False	n/a	n/a
664.38671875	0.2	340166	255	filler_word	43	21	1	delong	unexpected	an	a	allowance	pound	60	9	6.29	4.3	Instead of giving her money whenever she asked for it, Rachel's father thought that it would be a real lesson in economics for her if every week she received	to spend as she wished.	False	n/a	n/a
664.91796875	0.2	340438	255	filler_word	43	21	1	delong	unexpected	an	a	allowance	pound	60	9	6.29	4.3	Instead of giving her money whenever she asked for it, Rachel's father thought that it would be a real lesson in economics for her if every week she received	to spend as she wished.	False	n/a	n/a
665.44921875	0.2	340710	255	filler_word	43	21	1	delong	unexpected	an	a	allowance	pound	60	9	6.29	4.3	Instead of giving her money whenever she asked for it, Rachel's father thought that it would be a real lesson in economics for her if every week she received	to spend as she wished.	False	n/a	n/a
665.978515625	0.2	340981	255	filler_word	43	21	1	delong	unexpected	an	a	allowance	pound	60	9	6.29	4.3	Instead of giving her money whenever she asked for it, Rachel's father thought that it would be a real lesson in economics for her if every week she received	to spend as she wished.	False	n/a	n/a
666.509765625	0.2	341253	208	final_unexpected	43	21	1	delong	unexpected	an	a	allowance	pound	60	9	6.29	4.3	Instead of giving her money whenever she asked for it, Rachel's father thought that it would be a real lesson in economics for her if every week she received	to spend as she wished.	False	n/a	n/a
672.39453125	0.2	344266	255	filler_word	43	21	1	delong	unexpected	an	a	allowance	pound	60	9	6.29	4.3	Instead of giving her money whenever she asked for it, Rachel's father thought that it would be a real lesson in economics for her if every week she received	to spend as she wished.	False	n/a	n/a
672.92578125	0.2	344538	255	filler_word	43	21	1	delong	unexpected	an	a	allowance	pound	60	9	6.29	4.3	Instead of giving her money whenever she asked for it, Rachel's father thought that it would be a real lesson in economics for her if every week she received	to spend as she wished.	False	n/a	n/a
673.455078125	0.2	344809	255	filler_word	43	21	1	delong	unexpected	an	a	allowance	pound	60	9	6.29	4.3	Instead of giving her money whenever she asked for it, Rachel's father thought that it would be a real lesson in economics for her if every week she received	to spend as she wished.	False	n/a	n/a
673.986328125	0.2	345081	255	filler_word	43	21	1	delong	unexpected	an	a	allowance	pound	60	9	6.29	4.3	Instead of giving her money whenever she asked for it, Rachel's father thought that it would be a real lesson in economics for her if every week she received	to spend as she wished.	False	n/a	n/a
674.515625	0.2	345352	255	filler_word	43	21	1	delong	unexpected	an	a	allowance	pound	60	9	6.29	4.3	Instead of giving her money whenever she asked for it, Rachel's father thought that it would be a real lesson in economics for her if every week she received	to spend as she wished.	False	n/a	n/a
675.046875	0.2	345624	255	filler_word	43	21	1	delong	unexpected	an	a	allowance	pound	60	9	6.29	4.3	Instead of giving her money whenever she asked for it, Rachel's father thought that it would be a real lesson in economics for her if every week she received	to spend as she wished.	False	n/a	n/a
675.578125	0.2	345896	255	filler_word	43	21	1	delong	unexpected	an	a	allowance	pound	60	9	6.29	4.3	Instead of giving her money whenever she asked for it, Rachel's father thought that it would be a real lesson in economics for her if every week she received	to spend as she wished.	False	n/a	n/a
676.109375	0.2	346168	255	filler_word	43	21	1	delong	unexpected	an	a	allowance	pound	60	9	6.29	4.3	Instead of giving her money whenever she asked for it, Rachel's father thought that it would be a real lesson in economics for her if every week she received	to spend as she wished.	False	n/a	n/a
676.638671875	0.2	346439	255	filler_word	43	21	1	delong	unexpected	an	a	allowance	pound	60	9	6.29	4.3	Instead of giving her money whenever she asked for it, Rachel's father thought that it would be a real lesson in economics for her if every week she received	to spend as she wished.	False	n/a	n/a
677.169921875	0.2	346711	255	filler_word	43	21	1	delong	unexpected	an	a	allowance	pound	60	9	6.29	4.3	Instead of giving her money whenever she asked for it, Rachel's father thought that it would be a real lesson in economics for her if every week she received	to spend as she wished.	False	n/a	n/a
677.701171875	0.2	346983	255	filler_word	43	21	1	delong	unexpected	an	a	allowance	pound	60	9	6.29	4.3	Instead of giving her money whenever she asked for it, Rachel's father thought that it would be a real lesson in economics for her if every week she received	to spend as she wished.	False	n/a	n/a
678.23046875	0.2	347254	255	filler_word	43	21	1	delong	unexpected	an	a	allowance	pound	60	9	6.29	4.3	Instead of giving her money whenever she asked for it, Rachel's father thought that it would be a real lesson in economics for her if every week she received	to spend as she wished.	False	n/a	n/a
678.76171875	0.2	347526	255	filler_word	43	21	1	delong	unexpected	an	a	allowance	pound	60	9	6.29	4.3	Instead of giving her money whenever she asked for it, Rachel's father thought that it would be a real lesson in economics for her if every week she received	to spend as she wished.	False	n/a	n/a
679.291015625	0.2	347797	255	filler_word	43	21	1	delong	unexpected	an	a	allowance	pound	60	9	6.29	4.3	Instead of giving her money whenever she asked for it, Rachel's father thought that it would be a real lesson in economics for her if every week she received	to spend as she wished.	False	n/a	n/a
679.822265625	0.2	348069	255	filler_word	43	21	1	delong	unexpected	an	a	allowance	pound	60	9	6.29	4.3	Instead of giving her money whenever she asked for it, Rachel's father thought that it would be a real lesson in economics for her if every week she received	to spend as she wished.	False	n/a	n/a
680.3515625	0.2	348340	255	filler_word	43	21	1	delong	unexpected	an	a	allowance	pound	60	9	6.29	4.3	Instead of giving her money whenever she asked for it, Rachel's father thought that it would be a real lesson in economics for her if every week she received	to spend as she wished.	False	n/a	n/a
680.8828125	0.2	348612	255	filler_word	43	21	1	delong	unexpected	an	a	allowance	pound	60	9	6.29	4.3	Instead of giving her money whenever she asked for it, Rachel's father thought that it would be a real lesson in economics for her if every week she received	to spend as she wished.	False	n/a	n/a
681.4140625	0.2	348884	255	filler_word	43	21	1	delong	unexpected	an	a	allowance	pound	60	9	6.29	4.3	Instead of giving her money whenever she asked for it, Rachel's father thought that it would be a real lesson in economics for her if every week she received	to spend as she wished.	False	n/a	n/a
681.9453125	0.2	349156	255	filler_word	43	21	1	delong	unexpected	an	a	allowance	pound	60	9	6.29	4.3	Instead of giving her money whenever she asked for it, Rachel's father thought that it would be a real lesson in economics for her if every week she received	to spend as she wished.	False	n/a	n/a
682.474609375	0.2	349427	255	filler_word	43	21	1	delong	unexpected	an	a	allowance	pound	60	9	6.29	4.3	Instead of giving her money whenever she asked for it, Rachel's father thought that it would be a real lesson in economics for her if every week she received	to spend as she wished.	False	n/a	n/a
683.005859375	0.2	349699	255	filler_word	43	21	1	delong	unexpected	an	a	allowance	pound	60	9	6.29	4.3	Instead of giving her money whenever she asked for it, Rachel's father thought that it would be a real lesson in economics for her if every week she received	to spend as she wished.	False	n/a	n/a
683.53515625	0.2	349970	255	filler_word	43	21	1	delong	unexpected	an	a	allowance	pound	60	9	6.29	4.3	Instead of giving her money whenever she asked for it, Rachel's father thought that it would be a real lesson in economics for her if every week she received	to spend as she wished.	False	n/a	n/a
684.06640625	0.2	350242	255	filler_word	43	21	1	delong	unexpected	an	a	allowance	pound	60	9	6.29	4.3	Instead of giving her money whenever she asked for it, Rachel's father thought that it would be a real lesson in economics for her if every week she received	to spend as she wished.	False	n/a	n/a
684.595703125	0.2	350513	202	an_expected	43	21	1	delong	unexpected	an	a	allowance	pound	60	9	6.29	4.3	Instead of giving her money whenever she asked for it, Rachel's father thought that it would be a real lesson in economics for her if every week she received	to spend as she wished.	False	n/a	n/a
684.912109375	0.0	350675	123	item_marker	44	23	1	delong	expected	an	a	emergency	fire	70	0	6.17	5.32	When she was filling out the paperwork, Merrill had to write down the name of someone who could be contacted in case of	while she was at work.	False	n/a	n/a
684.96875	0.0	350704	70	cloze_marker	44	23	1	delong	expected	an	a	emergency	fire	70	0	6.17	5.32	When she was filling out the paperwork, Merrill had to write down the name of someone who could be contacted in case of	while she was at work.	False	n/a	n/a
685.177734375	0.2	350811	205	noun_expected	44	23	1	delong	expected	an	a	emergency	fire	70	0	6.17	5.32	When she was filling out the paperwork, Merrill had to write down the name of someone who could be contacted in case of	while she was at work.	False	n/a	n/a
685.4921875	0.0	350972	123	item_marker	45	23	1	delong	expected	an	a	emergency	fire	70	0	6.17	5.32	When she was filling out the paperwork, Merrill had to write down the name of someone who could be contacted in case of	while she was at work.	False	n/a	n/a
685.548828125	0.0	351001	93	cloze_marker	45	23	1	delong	expected	an	a	emergency	fire	70	0	6.17	5.32	When she was filling out the paperwork, Merrill had to write down the name of someone who could be contacted in case of	while she was at work.	False	n/a	n/a
685.7578125	0.2	351108	255	filler_word	45	23	1	delong	expected	an	a	emergency	fire	70	0	6.17	5.32	When she was filling out the paperwork, Merrill had to write down the name of someone who could be contacted in case of	while she was at work.	False	n/a	n/a
686.287109375	0.2	351379	255	filler_word	45	23	1	delong	expected	an	a	emergency	fire	70	0	6.17	5.32	When she was filling out the paperwork, Merrill had to write down the name of someone who could be contacted in case of	while she was at work.	False	n/a	n/a
686.818359375	0.2	351651	255	filler_word	45	23	1	delong	expected	an	a	emergency	fire	70	0	6.17	5.32	When she was filling out the paperwork, Merrill had to write down the name of someone who could be contacted in case of	while she was at work.	False	n/a	n/a
687.34765625	0.2	351922	255	filler_word	45	23	1	delong	expected	an	a	emergency	fire	70	0	6.17	5.32	When she was filling out the paperwork, Merrill had to write down the name of someone who could be contacted in case of	while she was at work.	False	n/a	n/a
687.87890625	0.2	352194	207	final_expected	45	23	1	delong	expected	an	a	emergency	fire	70	0	6.17	5.32	When she was filling out the paperwork, Merrill had to write down the name of someone who could be contacted in case of	while she was at work.	False	n/a	n/a
691.4765625	0.2	354036	255	filler_word	45	23	1	delong	expected	an	a	emergency	fire	70	0	6.17	5.32	When she was filling out the paperwork, Merrill had to write down the name of someone who could be contacted in case of	while she was at work.	False	n/a	n/a
692.0078125	0.2	354308	255	filler_word	45	23	1	delong	expected	an	a	emergency	fire	70	0	6.17	5.32	When she was filling out the paperwork, Merrill had to write down the name of someone who could be contacted in case of	while she was at work.	False	n/a	n/a
692.5390625	0.2	354580	255	filler_word	45	23	1	delong	expected	an	a	emergency	fire	70	0	6.17	5.32	When she was filling out the paperwork, Merrill had to write down the name of someone who could be contacted in case of	while she was at work.	False	n/a	n/a
693.068359375	0.2	354851	255	filler_word	45	23	1	delong	expected	an	a	emergency	fire	70	0	6.17	5.32	When she was filling out the paperwork, Merrill had to write down the name of someone who could be contacted in case of	while she was at work.	False	n/a	n/a
693.599609375	0.2	355123	255	filler_word	45	23	1	delong	expected	an	a	emergency	fire	70	0	6.17	5.32	When she was filling out the paperwork, Merrill had to write down the name of someone who could be contacted in case of	while she was at work.	False	n/a	n/a
694.12890625	0.2	355394	255	filler_word	45	23	1	delong	expected	an	a	emergency	fire	70	0	6.17	5.32	When she was filling out the paperwork, Merrill had to write down the name of someone who could be contacted in case of	while she was at work.	False	n/a	n/a
694.66015625	0.2	355666	255	filler_word	45	23	1	delong	expected	an	a	emergency	fire	70	0	6.17	5.32	When she was filling out the paperwork, Merrill had to write down the name of someone who could be contacted in case of	while she was at work.	False	n/a	n/a
695.189453125	0.2	355937	255	filler_word	45	23	1	delong	expected	an	a	emergency	fire	70	0	6.17	5.32	When she was filling out the paperwork, Merrill had to write down the name of someone who could be contacted in case of	while she was at work.	False	n/a	n/a
695.720703125	0.2	356209	255	filler_word	45	23	1	delong	expected	an	a	emergency	fire	70	0	6.17	5.32	When she was filling out the paperwork, Merrill had to write down the name of someone who could be contacted in case of	while she was at work.	False	n/a	n/a
696.251953125	0.2	356481	255	filler_word	45	23	1	delong	expected	an	a	emergency	fire	70	0	6.17	5.32	When she was filling out the paperwork, Merrill had to write down the name of someone who could be contacted in case of	while she was at work.	False	n/a	n/a
696.783203125	0.2	356753	255	filler_word	45	23	1	delong	expected	an	a	emergency	fire	70	0	6.17	5.32	When she was filling out the paperwork, Merrill had to write down the name of someone who could be contacted in case of	while she was at work.	False	n/a	n/a
697.3125	0.2	357024	255	filler_word	45	23	1	delong	expected	an	a	emergency	fire	70	0	6.17	5.32	When she was filling out the paperwork, Merrill had to write down the name of someone who could be contacted in case of	while she was at work.	False	n/a	n/a
697.84375	0.2	357296	255	filler_word	45	23	1	delong	expected	an	a	emergency	fire	70	0	6.17	5.32	When she was filling out the paperwork, Merrill had to write down the name of someone who could be contacted in case of	while she was at work.	False	n/a	n/a
698.373046875	0.2	357567	255	filler_word	45	23	1	delong	expected	an	a	emergency	fire	70	0	6.17	5.32	When she was filling out the paperwork, Merrill had to write down the name of someone who could be contacted in case of	while she was at work.	False	n/a	n/a
698.904296875	0.2	357839	255	filler_word	45	23	1	delong	expected	an	a	emergency	fire	70	0	6.17	5.32	When she was filling out the paperwork, Merrill had to write down the name of someone who could be contacted in case of	while she was at work.	False	n/a	n/a
699.43359375	0.2	358110	255	filler_word	45	23	1	delong	expected	an	a	emergency	fire	70	0	6.17	5.32	When she was filling out the paperwork, Merrill had to write down the name of someone who could be contacted in case of	while she was at work.	False	n/a	n/a
699.96484375	0.2	358382	255	filler_word	45	23	1	delong	expected	an	a	emergency	fire	70	0	6.17	5.32	When she was filling out the paperwork, Merrill had to write down the name of someone who could be contacted in case of	while she was at work.	False	n/a	n/a
700.49609375	0.2	358654	201	a_expected	45	23	1	delong	expected	an	a	emergency	fire	70	0	6.17	5.32	When she was filling out the paperwork, Merrill had to write down the name of someone who could be contacted in case of	while she was at work.	False	n/a	n/a
700.8125	0.0	358816	124	item_marker	46	24	1	delong	expected	a	an	fire	emergency	75	0	5.6	6.06	Harris saw smoke billowing out of his neighbours' home and immediately got on the phone to report	at their address.	True	Did Harris see smoke?	yes
700.8671875	0.0	358844	75	cloze_marker	46	24	1	delong	expected	a	an	fire	emergency	75	0	5.6	6.06	Harris saw smoke billowing out of his neighbours' home and immediately got on the phone to report	at their address.	True	Did Harris see smoke?	yes
701.076171875	0.2	358951	205	noun_expected	46	24	1	delong	expected	a	an	fire	emergency	75	0	5.6	6.06	Harris saw smoke billowing out of his neighbours' home and immediately got on the phone to report	at their address.	True	Did Harris see smoke?	yes
701.392578125	0.0	359113	124	item_marker	47	24	1	delong	expected	a	an	fire	emergency	75	0	5.6	6.06	Harris saw smoke billowing out of his neighbours' home and immediately got on the phone to report	at their address.	True	Did Harris see smoke?	yes
701.447265625	0.0	359141	93	cloze_marker	47	24	1	delong	expected	a	an	fire	emergency	75	0	5.6	6.06	Harris saw smoke billowing out of his neighbours' home and immediately got on the phone to report	at their address.	True	Did Harris see smoke?	yes
701.65625	0.2	359248	255	filler_word	47	24	1	delong	expected	a	an	fire	emergency	75	0	5.6	6.06	Harris saw smoke billowing out of his neighbours' home and immediately got on the phone to report	at their address.	True	Did Harris see smoke?	yes
702.1875	0.2	359520	255	filler_word	47	24	1	delong	expected	a	an	fire	emergency	75	0	5.6	6.06	Harris saw smoke billowing out of his neighbours' home and immediately got on the phone to report	at their address.	True	Did Harris see smoke?	yes
702.716796875	0.2	359791	207	final_expected	47	24	1	delong	expected	a	an	fire	emergency	75	0	5.6	6.06	Harris saw smoke billowing out of his neighbours' home and immediately got on the phone to report	at their address.	True	Did Harris see smoke?	yes
706.365234375	0.0	361659	251	question	47	24	1	delong	expected	a	an	fire	emergency	75	0	5.6	6.06	Harris saw smoke billowing out of his neighbours' home and immediately got on the phone to report	at their address.	True	Did Harris see smoke?	yes
708.91796875	0.2	362966	255	filler_word	47	24	1	delong	expected	a	an	fire	emergency	75	0	5.6	6.06	Harris saw smoke billowing out of his neighbours' home and immediately got on the phone to report	at their address.	True	Did Harris see smoke?	yes
709.44921875	0.2	363238	255	filler_word	47	24	1	delong	expected	a	an	fire	emergency	75	0	5.6	6.06	Harris saw smoke billowing out of his neighbours' home and immediately got on the phone to report	at their address.	True	Did Harris see smoke?	yes
709.978515625	0.2	363509	255	filler_word	47	24	1	delong	expected	a	an	fire	emergency	75	0	5.6	6.06	Harris saw smoke billowing out of his neighbours' home and immediately got on the phone to report	at their address.	True	Did Harris see smoke?	yes
710.509765625	0.2	363781	255	filler_word	47	24	1	delong	expected	a	an	fire	emergency	75	0	5.6	6.06	Harris saw smoke billowing out of his neighbours' home and immediately got on the phone to report	at their address.	True	Did Harris see smoke?	yes
711.041015625	0.2	364053	255	filler_word	47	24	1	delong	expected	a	an	fire	emergency	75	0	5.6	6.06	Harris saw smoke billowing out of his neighbours' home and immediately got on the phone to report	at their address.	True	Did Harris see smoke?	yes
711.5703125	0.2	364324	255	filler_word	47	24	1	delong	expected	a	an	fire	emergency	75	0	5.6	6.06	Harris saw smoke billowing out of his neighbours' home and immediately got on the phone to report	at their address.	True	Did Harris see smoke?	yes
712.1015625	0.2	364596	204	an_unexpected	47	24	1	delong	expected	a	an	fire	emergency	75	0	5.6	6.06	Harris saw smoke billowing out of his neighbours' home and immediately got on the phone to report	at their address.	True	Did Harris see smoke?	yes
712.416015625	0.0	364757	134	item_marker	48	34	1	delong	unexpected	a	an	bicycle	elephant	95	0	6.07	3.48	You never forget how to ride	once you've learned.	False	n/a	n/a
712.470703125	0.0	364785	200	cloze_marker	48	34	1	delong	unexpected	a	an	bicycle	elephant	95	0	6.07	3.48	You never forget how to ride	once you've learned.	False	n/a	n/a
712.681640625	0.2	364893	206	noun_unexpected	48	34	1	delong	unexpected	a	an	bicycle	elephant	95	0	6.07	3.48	You never forget how to ride	once you've learned.	False	n/a	n/a
712.998046875	0.0	365055	134	item_marker	49	34	1	delong	unexpected	a	an	bicycle	elephant	95	0	6.07	3.48	You never forget how to ride	once you've learned.	False	n/a	n/a
713.052734375	0.0	365083	30	cloze_marker	49	34	1	delong	unexpected	a	an	bicycle	elephant	95	0	6.07	3.48	You never forget how to ride	once you've learned.	False	n/a	n/a
713.26171875	0.2	365190	255	filler_word	49	34	1	delong	unexpected	a	an	bicycle	elephant	95	0	6.07	3.48	You never forget how to ride	once you've learned.	False	n/a	n/a
713.79296875	0.2	365462	255	filler_word	49	34	1	delong	unexpected	a	an	bicycle	elephant	95	0	6.07	3.48	You never forget how to ride	once you've learned.	False	n/a	n/a
714.322265625	0.2	365733	208	final_unexpected	49	34	1	delong	unexpected	a	an	bicycle	elephant	95	0	6.07	3.48	You never forget how to ride	once you've learned.	False	n/a	n/a
717.87109375	0.2	367550	255	filler_word	49	34	1	delong	unexpected	a	an	bicycle	elephant	95	0	6.07	3.48	You never forget how to ride	once you've learned.	False	n/a	n/a
718.400390625	0.2	367821	255	filler_word	49	34	1	delong	unexpected	a	an	bicycle	elephant	95	0	6.07	3.48	You never forget how to ride	once you've learned.	False	n/a	n/a
718.931640625	0.2	368093	255	filler_word	49	34	1	delong	unexpected	a	an	bicycle	elephant	95	0	6.07	3.48	You never forget how to ride	once you've learned.	False	n/a	n/a
719.462890625	0.2	368365	255	filler_word	49	34	1	delong	unexpected	a	an	bicycle	elephant	95	0	6.07	3.48	You never forget how to ride	once you've learned.	False	n/a	n/a
719.9921875	0.2	368636	255	filler_word	49	34	1	delong	unexpected	a	an	bicycle	elephant	95	0	6.07	3.48	You never forget how to ride	once you've learned.	False	n/a	n/a
720.5234375	0.2	368908	255	filler_word	49	34	1	delong	unexpected	a	an	bicycle	elephant	95	0	6.07	3.48	You never forget how to ride	once you've learned.	False	n/a	n/a
721.052734375	0.2	369179	255	filler_word	49	34	1	delong	unexpected	a	an	bicycle	elephant	95	0	6.07	3.48	You never forget how to ride	once you've learned.	False	n/a	n/a
721.583984375	0.2	369451	255	filler_word	49	34	1	delong	unexpected	a	an	bicycle	elephant	95	0	6.07	3.48	You never forget how to ride	once you've learned.	False	n/a	n/a
722.11328125	0.2	369722	255	filler_word	49	34	1	delong	unexpected	a	an	bicycle	elephant	95	0	6.07	3.48	You never forget how to ride	once you've learned.	False	n/a	n/a
722.64453125	0.2	369994	255	filler_word	49	34	1	delong	unexpected	a	an	bicycle	elephant	95	0	6.07	3.48	You never forget how to ride	once you've learned.	False	n/a	n/a
723.17578125	0.2	370266	255	filler_word	49	34	1	delong	unexpected	a	an	bicycle	elephant	95	0	6.07	3.48	You never forget how to ride	once you've learned.	False	n/a	n/a
723.70703125	0.2	370538	255	filler_word	49	34	1	delong	unexpected	a	an	bicycle	elephant	95	0	6.07	3.48	You never forget how to ride	once you've learned.	False	n/a	n/a
724.236328125	0.2	370809	255	filler_word	49	34	1	delong	unexpected	a	an	bicycle	elephant	95	0	6.07	3.48	You never forget how to ride	once you've learned.	False	n/a	n/a
724.767578125	0.2	371081	255	filler_word	49	34	1	delong	unexpected	a	an	bicycle	elephant	95	0	6.07	3.48	You never forget how to ride	once you've learned.	False	n/a	n/a
725.298828125	0.2	371353	255	filler_word	49	34	1	delong	unexpected	a	an	bicycle	elephant	95	0	6.07	3.48	You never forget how to ride	once you've learned.	False	n/a	n/a
725.828125	0.2	371624	255	filler_word	49	34	1	delong	unexpected	a	an	bicycle	elephant	95	0	6.07	3.48	You never forget how to ride	once you've learned.	False	n/a	n/a
726.359375	0.2	371896	255	filler_word	49	34	1	delong	unexpected	a	an	bicycle	elephant	95	0	6.07	3.48	You never forget how to ride	once you've learned.	False	n/a	n/a
726.888671875	0.2	372167	255	filler_word	49	34	1	delong	unexpected	a	an	bicycle	elephant	95	0	6.07	3.48	You never forget how to ride	once you've learned.	False	n/a	n/a
727.419921875	0.2	372439	255	filler_word	49	34	1	delong	unexpected	a	an	bicycle	elephant	95	0	6.07	3.48	You never forget how to ride	once you've learned.	False	n/a	n/a
727.94921875	0.2	372710	255	filler_word	49	34	1	delong	unexpected	a	an	bicycle	elephant	95	0	6.07	3.48	You never forget how to ride	once you've learned.	False	n/a	n/a
728.48046875	0.2	372982	255	filler_word	49	34	1	delong	unexpected	a	an	bicycle	elephant	95	0	6.07	3.48	You never forget how to ride	once you've learned.	False	n/a	n/a
729.01171875	0.2	373254	255	filler_word	49	34	1	delong	unexpected	a	an	bicycle	elephant	95	0	6.07	3.48	You never forget how to ride	once you've learned.	False	n/a	n/a
729.54296875	0.2	373526	255	filler_word	49	34	1	delong	unexpected	a	an	bicycle	elephant	95	0	6.07	3.48	You never forget how to ride	once you've learned.	False	n/a	n/a
730.072265625	0.2	373797	201	a_expected	49	34	1	delong	unexpected	a	an	bicycle	elephant	95	0	6.07	3.48	You never forget how to ride	once you've learned.	False	n/a	n/a
730.388671875	0.0	373959	136	item_marker	50	36	1	delong	expected	a	an	newspaper	umbrella	75	2	5.19	3.13	As he walked past the corner drugstore on his way to work Carl skimmed the headlines and decided to go ahead and buy	when he saw what the forecast was.	True	Was Carl going to work?	yes
730.443359375	0.0	373987	75	cloze_marker	50	36	1	delong	expected	a	an	newspaper	umbrella	75	2	5.19	3.13	As he walked past the corner drugstore on his way to work Carl skimmed the headlines and decided to go ahead and buy	when he saw what the forecast was.	True	Was Carl going to work?	yes
730.65234375	0.2	374094	205	noun_expected	50	36	1	delong	expected	a	an	newspaper	umbrella	75	2	5.19	3.13	As he walked past the corner drugstore on his way to work Carl skimmed the headlines and decided to go ahead and buy	when he saw what the forecast was.	True	Was Carl going to work?	yes
730.96875	0.0	374256	136	item_marker	51	36	1	delong	expected	a	an	newspaper	umbrella	75	2	5.19	3.13	As he walked past the corner drugstore on his way to work Carl skimmed the headlines and decided to go ahead and buy	when he saw what the forecast was.	True	Was Carl going to work?	yes
731.0234375	0.0	374284	77	cloze_marker	51	36	1	delong	expected	a	an	newspaper	umbrella	75	2	5.19	3.13	As he walked past the corner drugstore on his way to work Carl skimmed the headlines and decided to go ahead and buy	when he saw what the forecast was.	True	Was Carl going to work?	yes
731.232421875	0.2	374391	255	filler_word	51	36	1	delong	expected	a	an	newspaper	umbrella	75	2	5.19	3.13	As he walked past the corner drugstore on his way to work Carl skimmed the headlines and decided to go ahead and buy	when he saw what the forecast was.	True	Was Carl going to work?	yes
731.763671875	0.2	374663	255	filler_word	51	36	1	delong	expected	a	an	newspaper	umbrella	75	2	5.19	3.13	As he walked past the corner drugstore on his way to work Carl skimmed the headlines and decided to go ahead and buy	when he saw what the forecast was.	True	Was Carl going to work?	yes
732.294921875	0.2	374935	255	filler_word	51	36	1	delong	expected	a	an	newspaper	umbrella	75	2	5.19	3.13	As he walked past the corner drugstore on his way to work Carl skimmed the headlines and decided to go ahead and buy	when he saw what the forecast was.	True	Was Carl going to work?	yes
732.82421875	0.2	375206	255	filler_word	51	36	1	delong	expected	a	an	newspaper	umbrella	75	2	5.19	3.13	As he walked past the corner drugstore on his way to work Carl skimmed the headlines and decided to go ahead and buy	when he saw what the forecast was.	True	Was Carl going to work?	yes
733.35546875	0.2	375478	255	filler_word	51	36	1	delong	expected	a	an	newspaper	umbrella	75	2	5.19	3.13	As he walked past the corner drugstore on his way to work Carl skimmed the headlines and decided to go ahead and buy	when he saw what the forecast was.	True	Was Carl going to work?	yes
733.884765625	0.2	375749	255	filler_word	51	36	1	delong	expected	a	an	newspaper	umbrella	75	2	5.19	3.13	As he walked past the corner drugstore on his way to work Carl skimmed the headlines and decided to go ahead and buy	when he saw what the forecast was.	True	Was Carl going to work?	yes
734.416015625	0.2	376021	207	final_expected	51	36	1	delong	expected	a	an	newspaper	umbrella	75	2	5.19	3.13	As he walked past the corner drugstore on his way to work Carl skimmed the headlines and decided to go ahead and buy	when he saw what the forecast was.	True	Was Carl going to work?	yes
738.046875	0.0	377880	251	question	51	36	1	delong	expected	a	an	newspaper	umbrella	75	2	5.19	3.13	As he walked past the corner drugstore on his way to work Carl skimmed the headlines and decided to go ahead and buy	when he saw what the forecast was.	True	Was Carl going to work?	yes
744.4296875	0.2	381148	255	filler_word	51	36	1	delong	expected	a	an	newspaper	umbrella	75	2	5.19	3.13	As he walked past the corner drugstore on his way to work Carl skimmed the headlines and decided to go ahead and buy	when he saw what the forecast was.	True	Was Carl going to work?	yes
744.958984375	0.2	381419	255	filler_word	51	36	1	delong	expected	a	an	newspaper	umbrella	75	2	5.19	3.13	As he walked past the corner drugstore on his way to work Carl skimmed the headlines and decided to go ahead and buy	when he saw what the forecast was.	True	Was Carl going to work?	yes
745.490234375	0.2	381691	255	filler_word	51	36	1	delong	expected	a	an	newspaper	umbrella	75	2	5.19	3.13	As he walked past the corner drugstore on his way to work Carl skimmed the headlines and decided to go ahead and buy	when he saw what the forecast was.	True	Was Carl going to work?	yes
746.021484375	0.2	381963	255	filler_word	51	36	1	delong	expected	a	an	newspaper	umbrella	75	2	5.19	3.13	As he walked past the corner drugstore on his way to work Carl skimmed the headlines and decided to go ahead and buy	when he saw what the forecast was.	True	Was Carl going to work?	yes
746.552734375	0.2	382235	255	filler_word	51	36	1	delong	expected	a	an	newspaper	umbrella	75	2	5.19	3.13	As he walked past the corner drugstore on his way to work Carl skimmed the headlines and decided to go ahead and buy	when he saw what the forecast was.	True	Was Carl going to work?	yes
747.08203125	0.2	382506	255	filler_word	51	36	1	delong	expected	a	an	newspaper	umbrella	75	2	5.19	3.13	As he walked past the corner drugstore on his way to work Carl skimmed the headlines and decided to go ahead and buy	when he saw what the forecast was.	True	Was Carl going to work?	yes
747.61328125	0.2	382778	255	filler_word	51	36	1	delong	expected	a	an	newspaper	umbrella	75	2	5.19	3.13	As he walked past the corner drugstore on his way to work Carl skimmed the headlines and decided to go ahead and buy	when he saw what the forecast was.	True	Was Carl going to work?	yes
748.142578125	0.2	383049	255	filler_word	51	36	1	delong	expected	a	an	newspaper	umbrella	75	2	5.19	3.13	As he walked past the corner drugstore on his way to work Carl skimmed the headlines and decided to go ahead and buy	when he saw what the forecast was.	True	Was Carl going to work?	yes
748.673828125	0.2	383321	255	filler_word	51	36	1	delong	expected	a	an	newspaper	umbrella	75	2	5.19	3.13	As he walked past the corner drugstore on his way to work Carl skimmed the headlines and decided to go ahead and buy	when he saw what the forecast was.	True	Was Carl going to work?	yes
749.203125	0.2	383592	255	filler_word	51	36	1	delong	expected	a	an	newspaper	umbrella	75	2	5.19	3.13	As he walked past the corner drugstore on his way to work Carl skimmed the headlines and decided to go ahead and buy	when he saw what the forecast was.	True	Was Carl going to work?	yes
749.734375	0.2	383864	255	filler_word	51	36	1	delong	expected	a	an	newspaper	umbrella	75	2	5.19	3.13	As he walked past the corner drugstore on his way to work Carl skimmed the headlines and decided to go ahead and buy	when he saw what the forecast was.	True	Was Carl going to work?	yes
750.265625	0.2	384136	255	filler_word	51	36	1	delong	expected	a	an	newspaper	umbrella	75	2	5.19	3.13	As he walked past the corner drugstore on his way to work Carl skimmed the headlines and decided to go ahead and buy	when he saw what the forecast was.	True	Was Carl going to work?	yes
750.794921875	0.2	384407	255	filler_word	51	36	1	delong	expected	a	an	newspaper	umbrella	75	2	5.19	3.13	As he walked past the corner drugstore on his way to work Carl skimmed the headlines and decided to go ahead and buy	when he saw what the forecast was.	True	Was Carl going to work?	yes
751.326171875	0.2	384679	255	filler_word	51	36	1	delong	expected	a	an	newspaper	umbrella	75	2	5.19	3.13	As he walked past the corner drugstore on his way to work Carl skimmed the headlines and decided to go ahead and buy	when he saw what the forecast was.	True	Was Carl going to work?	yes
751.857421875	0.2	384951	204	an_unexpected	51	36	1	delong	expected	a	an	newspaper	umbrella	75	2	5.19	3.13	As he walked past the corner drugstore on his way to work Carl skimmed the headlines and decided to go ahead and buy	when he saw what the forecast was.	True	Was Carl going to work?	yes
752.173828125	0.0	385113	138	item_marker	52	38	1	delong	unexpected	a	an	plumber	architect	93	0	6.1	2.1	When the pipe broke in the bathroom Felicia looked through the phonebook to find	who could come and take a look at the job.	False	n/a	n/a
752.228515625	0.0	385141	200	cloze_marker	52	38	1	delong	unexpected	a	an	plumber	architect	93	0	6.1	2.1	When the pipe broke in the bathroom Felicia looked through the phonebook to find	who could come and take a look at the job.	False	n/a	n/a
752.4375	0.2	385248	206	noun_unexpected	52	38	1	delong	unexpected	a	an	plumber	architect	93	0	6.1	2.1	When the pipe broke in the bathroom Felicia looked through the phonebook to find	who could come and take a look at the job.	False	n/a	n/a
752.75390625	0.0	385410	138	item_marker	53	38	1	delong	unexpected	a	an	plumber	architect	93	0	6.1	2.1	When the pipe broke in the bathroom Felicia looked through the phonebook to find	who could come and take a look at the job.	False	n/a	n/a
752.80859375	0.0	385438	200	cloze_marker	53	38	1	delong	unexpected	a	an	plumber	architect	93	0	6.1	2.1	When the pipe broke in the bathroom Felicia looked through the phonebook to find	who could come and take a look at the job.	False	n/a	n/a
753.017578125	0.2	385545	255	filler_word	53	38	1	delong	unexpected	a	an	plumber	architect	93	0	6.1	2.1	When the pipe broke in the bathroom Felicia looked through the phonebook to find	who could come and take a look at the job.	False	n/a	n/a
753.546875	0.2	385816	255	filler_word	53	38	1	delong	unexpected	a	an	plumber	architect	93	0	6.1	2.1	When the pipe broke in the bathroom Felicia looked through the phonebook to find	who could come and take a look at the job.	False	n/a	n/a
754.078125	0.2	386088	255	filler_word	53	38	1	delong	unexpected	a	an	plumber	architect	93	0	6.1	2.1	When the pipe broke in the bathroom Felicia looked through the phonebook to find	who could come and take a look at the job.	False	n/a	n/a
754.609375	0.2	386360	255	filler_word	53	38	1	delong	unexpected	a	an	plumber	architect	93	0	6.1	2.1	When the pipe broke in the bathroom Felicia looked through the phonebook to find	who could come and take a look at the job.	False	n/a	n/a
755.140625	0.2	386632	255	filler_word	53	38	1	delong	unexpected	a	an	plumber	architect	93	0	6.1	2.1	When the pipe broke in the bathroom Felicia looked through the phonebook to find	who could come and take a look at the job.	False	n/a	n/a
755.669921875	0.2	386903	255	filler_word	53	38	1	delong	unexpected	a	an	plumber	architect	93	0	6.1	2.1	When the pipe broke in the bathroom Felicia looked through the phonebook to find	who could come and take a look at the job.	False	n/a	n/a
756.201171875	0.2	387175	255	filler_word	53	38	1	delong	unexpected	a	an	plumber	architect	93	0	6.1	2.1	When the pipe broke in the bathroom Felicia looked through the phonebook to find	who could come and take a look at the job.	False	n/a	n/a
756.73046875	0.2	387446	255	filler_word	53	38	1	delong	unexpected	a	an	plumber	architect	93	0	6.1	2.1	When the pipe broke in the bathroom Felicia looked through the phonebook to find	who could come and take a look at the job.	False	n/a	n/a
757.26171875	0.2	387718	255	filler_word	53	38	1	delong	unexpected	a	an	plumber	architect	93	0	6.1	2.1	When the pipe broke in the bathroom Felicia looked through the phonebook to find	who could come and take a look at the job.	False	n/a	n/a
757.791015625	0.2	387989	208	final_unexpected	53	38	1	delong	unexpected	a	an	plumber	architect	93	0	6.1	2.1	When the pipe broke in the bathroom Felicia looked through the phonebook to find	who could come and take a look at the job.	False	n/a	n/a
761.8203125	0.2	390052	255	filler_word	53	38	1	delong	unexpected	a	an	plumber	architect	93	0	6.1	2.1	When the pipe broke in the bathroom Felicia looked through the phonebook to find	who could come and take a look at the job.	False	n/a	n/a
762.3515625	0.2	390324	255	filler_word	53	38	1	delong	unexpected	a	an	plumber	architect	93	0	6.1	2.1	When the pipe broke in the bathroom Felicia looked through the phonebook to find	who could come and take a look at the job.	False	n/a	n/a
762.880859375	0.2	390595	255	filler_word	53	38	1	delong	unexpected	a	an	plumber	architect	93	0	6.1	2.1	When the pipe broke in the bathroom Felicia looked through the phonebook to find	who could come and take a look at the job.	False	n/a	n/a
763.412109375	0.2	390867	255	filler_word	53	38	1	delong	unexpected	a	an	plumber	architect	93	0	6.1	2.1	When the pipe broke in the bathroom Felicia looked through the phonebook to find	who could come and take a look at the job.	False	n/a	n/a
763.943359375	0.2	391139	255	filler_word	53	38	1	delong	unexpected	a	an	plumber	architect	93	0	6.1	2.1	When the pipe broke in the bathroom Felicia looked through the phonebook to find	who could come and take a look at the job.	False	n/a	n/a
764.474609375	0.2	391411	255	filler_word	53	38	1	delong	unexpected	a	an	plumber	architect	93	0	6.1	2.1	When the pipe broke in the bathroom Felicia looked through the phonebook to find	who could come and take a look at the job.	False	n/a	n/a
765.00390625	0.2	391682	255	filler_word	53	38	1	delong	unexpected	a	an	plumber	architect	93	0	6.1	2.1	When the pipe broke in the bathroom Felicia looked through the phonebook to find	who could come and take a look at the job.	False	n/a	n/a
765.53515625	0.2	391954	255	filler_word	53	38	1	delong	unexpected	a	an	plumber	architect	93	0	6.1	2.1	When the pipe broke in the bathroom Felicia looked through the phonebook to find	who could come and take a look at the job.	False	n/a	n/a
766.064453125	0.2	392225	255	filler_word	53	38	1	delong	unexpected	a	an	plumber	architect	93	0	6.1	2.1	When the pipe broke in the bathroom Felicia looked through the phonebook to find	who could come and take a look at the job.	False	n/a	n/a
766.595703125	0.2	392497	255	filler_word	53	38	1	delong	unexpected	a	an	plumber	architect	93	0	6.1	2.1	When the pipe broke in the bathroom Felicia looked through the phonebook to find	who could come and take a look at the job.	False	n/a	n/a
767.125	0.2	392768	255	filler_word	53	38	1	delong	unexpected	a	an	plumber	architect	93	0	6.1	2.1	When the pipe broke in the bathroom Felicia looked through the phonebook to find	who could come and take a look at the job.	False	n/a	n/a
767.65625	0.2	393040	255	filler_word	53	38	1	delong	unexpected	a	an	plumber	architect	93	0	6.1	2.1	When the pipe broke in the bathroom Felicia looked through the phonebook to find	who could come and take a look at the job.	False	n/a	n/a
768.1875	0.2	393312	255	filler_word	53	38	1	delong	unexpected	a	an	plumber	architect	93	0	6.1	2.1	When the pipe broke in the bathroom Felicia looked through the phonebook to find	who could come and take a look at the job.	False	n/a	n/a
768.71875	0.2	393584	203	a_unexpected	53	38	1	delong	unexpected	a	an	plumber	architect	93	0	6.1	2.1	When the pipe broke in the bathroom Felicia looked through the phonebook to find	who could come and take a look at the job.	False	n/a	n/a
769.033203125	0.0	393745	137	item_marker	54	37	1	delong	unexpected	an	a	architect	plumber	82	11	5.87	3.39	Frank wanted to design a very modern house so he sought advice from	to select the fixtures.	False	n/a	n/a
769.087890625	0.0	393773	11	cloze_marker	54	37	1	delong	unexpected	an	a	architect	plumber	82	11	5.87	3.39	Frank wanted to design a very modern house so he sought advice from	to select the fixtures.	False	n/a	n/a
769.298828125	0.2	393881	206	noun_unexpected	54	37	1	delong	unexpected	an	a	architect	plumber	82	11	5.87	3.39	Frank wanted to design a very modern house so he sought advice from	to select the fixtures.	False	n/a	n/a
769.61328125	0.0	394042	137	item_marker	55	37	1	delong	unexpected	an	a	architect	plumber	82	11	5.87	3.39	Frank wanted to design a very modern house so he sought advice from	to select the fixtures.	False	n/a	n/a
769.669921875	0.0	394071	200	cloze_marker	55	37	1	delong	unexpected	an	a	architect	plumber	82	11	5.87	3.39	Frank wanted to design a very modern house so he sought advice from	to select the fixtures.	False	n/a	n/a
769.876953125	0.2	394177	255	filler_word	55	37	1	delong	unexpected	an	a	architect	plumber	82	11	5.87	3.39	Frank wanted to design a very modern house so he sought advice from	to select the fixtures.	False	n/a	n/a
770.408203125	0.2	394449	255	filler_word	55	37	1	delong	unexpected	an	a	architect	plumber	82	11	5.87	3.39	Frank wanted to design a very modern house so he sought advice from	to select the fixtures.	False	n/a	n/a
770.939453125	0.2	394721	255	filler_word	55	37	1	delong	unexpected	an	a	architect	plumber	82	11	5.87	3.39	Frank wanted to design a very modern house so he sought advice from	to select the fixtures.	False	n/a	n/a
771.46875	0.2	394992	208	final_unexpected	55	37	1	delong	unexpected	an	a	architect	plumber	82	11	5.87	3.39	Frank wanted to design a very modern house so he sought advice from	to select the fixtures.	False	n/a	n/a
775.150390625	0.2	396877	255	filler_word	55	37	1	delong	unexpected	an	a	architect	plumber	82	11	5.87	3.39	Frank wanted to design a very modern house so he sought advice from	to select the fixtures.	False	n/a	n/a
775.6796875	0.2	397148	255	filler_word	55	37	1	delong	unexpected	an	a	architect	plumber	82	11	5.87	3.39	Frank wanted to design a very modern house so he sought advice from	to select the fixtures.	False	n/a	n/a
776.2109375	0.2	397420	255	filler_word	55	37	1	delong	unexpected	an	a	architect	plumber	82	11	5.87	3.39	Frank wanted to design a very modern house so he sought advice from	to select the fixtures.	False	n/a	n/a
776.7421875	0.2	397692	255	filler_word	55	37	1	delong	unexpected	an	a	architect	plumber	82	11	5.87	3.39	Frank wanted to design a very modern house so he sought advice from	to select the fixtures.	False	n/a	n/a
777.271484375	0.2	397963	255	filler_word	55	37	1	delong	unexpected	an	a	architect	plumber	82	11	5.87	3.39	Frank wanted to design a very modern house so he sought advice from	to select the fixtures.	False	n/a	n/a
777.802734375	0.2	398235	255	filler_word	55	37	1	delong	unexpected	an	a	architect	plumber	82	11	5.87	3.39	Frank wanted to design a very modern house so he sought advice from	to select the fixtures.	False	n/a	n/a
778.333984375	0.2	398507	255	filler_word	55	37	1	delong	unexpected	an	a	architect	plumber	82	11	5.87	3.39	Frank wanted to design a very modern house so he sought advice from	to select the fixtures.	False	n/a	n/a
778.86328125	0.2	398778	255	filler_word	55	37	1	delong	unexpected	an	a	architect	plumber	82	11	5.87	3.39	Frank wanted to design a very modern house so he sought advice from	to select the fixtures.	False	n/a	n/a
779.39453125	0.2	399050	255	filler_word	55	37	1	delong	unexpected	an	a	architect	plumber	82	11	5.87	3.39	Frank wanted to design a very modern house so he sought advice from	to select the fixtures.	False	n/a	n/a
779.923828125	0.2	399321	255	filler_word	55	37	1	delong	unexpected	an	a	architect	plumber	82	11	5.87	3.39	Frank wanted to design a very modern house so he sought advice from	to select the fixtures.	False	n/a	n/a
780.455078125	0.2	399593	255	filler_word	55	37	1	delong	unexpected	an	a	architect	plumber	82	11	5.87	3.39	Frank wanted to design a very modern house so he sought advice from	to select the fixtures.	False	n/a	n/a
780.986328125	0.2	399865	255	filler_word	55	37	1	delong	unexpected	an	a	architect	plumber	82	11	5.87	3.39	Frank wanted to design a very modern house so he sought advice from	to select the fixtures.	False	n/a	n/a
781.515625	0.2	400136	255	filler_word	55	37	1	delong	unexpected	an	a	architect	plumber	82	11	5.87	3.39	Frank wanted to design a very modern house so he sought advice from	to select the fixtures.	False	n/a	n/a
782.046875	0.2	400408	255	filler_word	55	37	1	delong	unexpected	an	a	architect	plumber	82	11	5.87	3.39	Frank wanted to design a very modern house so he sought advice from	to select the fixtures.	False	n/a	n/a
782.578125	0.2	400680	255	filler_word	55	37	1	delong	unexpected	an	a	architect	plumber	82	11	5.87	3.39	Frank wanted to design a very modern house so he sought advice from	to select the fixtures.	False	n/a	n/a
783.107421875	0.2	400951	255	filler_word	55	37	1	delong	unexpected	an	a	architect	plumber	82	11	5.87	3.39	Frank wanted to design a very modern house so he sought advice from	to select the fixtures.	False	n/a	n/a
783.638671875	0.2	401223	201	a_expected	55	37	1	delong	unexpected	an	a	architect	plumber	82	11	5.87	3.39	Frank wanted to design a very modern house so he sought advice from	to select the fixtures.	False	n/a	n/a
783.953125	0.0	401384	132	item_marker	56	32	1	delong	expected	a	an	message	invitation	64	0	5.7	4.1	When I called his house Nolan was not home but his mother said she could relay	to him.	False	n/a	n/a
784.009765625	0.0	401413	64	cloze_marker	56	32	1	delong	expected	a	an	message	invitation	64	0	5.7	4.1	When I called his house Nolan was not home but his mother said she could relay	to him.	False	n/a	n/a
784.21875	0.2	401520	205	noun_expected	56	32	1	delong	expected	a	an	message	invitation	64	0	5.7	4.1	When I called his house Nolan was not home but his mother said she could relay	to him.	False	n/a	n/a
784.53515625	0.0	401682	132	item_marker	57	32	1	delong	expected	a	an	message	invitation	64	0	5.7	4.1	When I called his house Nolan was not home but his mother said she could relay	to him.	False	n/a	n/a
784.58984375	0.0	401710	80	cloze_marker	57	32	1	delong	expected	a	an	message	invitation	64	0	5.7	4.1	When I called his house Nolan was not home but his mother said she could relay	to him.	False	n/a	n/a
784.798828125	0.2	401817	255	filler_word	57	32	1	delong	expected	a	an	message	invitation	64	0	5.7	4.1	When I called his house Nolan was not home but his mother said she could relay	to him.	False	n/a	n/a
785.330078125	0.2	402089	207	final_expected	57	32	1	delong	expected	a	an	message	invitation	64	0	5.7	4.1	When I called his house Nolan was not home but his mother said she could relay	to him.	False	n/a	n/a
789.224609375	0.2	404083	255	filler_word	57	32	1	delong	expected	a	an	message	invitation	64	0	5.7	4.1	When I called his house Nolan was not home but his mother said she could relay	to him.	False	n/a	n/a
789.755859375	0.2	404355	255	filler_word	57	32	1	delong	expected	a	an	message	invitation	64	0	5.7	4.1	When I called his house Nolan was not home but his mother said she could relay	to him.	False	n/a	n/a
790.287109375	0.2	404627	255	filler_word	57	32	1	delong	expected	a	an	message	invitation	64	0	5.7	4.1	When I called his house Nolan was not home but his mother said she could relay	to him.	False	n/a	n/a
790.81640625	0.2	404898	255	filler_word	57	32	1	delong	expected	a	an	message	invitation	64	0	5.7	4.1	When I called his house Nolan was not home but his mother said she could relay	to him.	False	n/a	n/a
791.34765625	0.2	405170	255	filler_word	57	32	1	delong	expected	a	an	message	invitation	64	0	5.7	4.1	When I called his house Nolan was not home but his mother said she could relay	to him.	False	n/a	n/a
791.87890625	0.2	405442	255	filler_word	57	32	1	delong	expected	a	an	message	invitation	64	0	5.7	4.1	When I called his house Nolan was not home but his mother said she could relay	to him.	False	n/a	n/a
792.408203125	0.2	405713	255	filler_word	57	32	1	delong	expected	a	an	message	invitation	64	0	5.7	4.1	When I called his house Nolan was not home but his mother said she could relay	to him.	False	n/a	n/a
792.939453125	0.2	405985	255	filler_word	57	32	1	delong	expected	a	an	message	invitation	64	0	5.7	4.1	When I called his house Nolan was not home but his mother said she could relay	to him.	False	n/a	n/a
793.46875	0.2	406256	255	filler_word	57	32	1	delong	expected	a	an	message	invitation	64	0	5.7	4.1	When I called his house Nolan was not home but his mother said she could relay	to him.	False	n/a	n/a
794.0	0.2	406528	255	filler_word	57	32	1	delong	expected	a	an	message	invitation	64	0	5.7	4.1	When I called his house Nolan was not home but his mother said she could relay	to him.	False	n/a	n/a
794.53125	0.2	406800	255	filler_word	57	32	1	delong	expected	a	an	message	invitation	64	0	5.7	4.1	When I called his house Nolan was not home but his mother said she could relay	to him.	False	n/a	n/a
795.060546875	0.2	407071	255	filler_word	57	32	1	delong	expected	a	an	message	invitation	64	0	5.7	4.1	When I called his house Nolan was not home but his mother said she could relay	to him.	False	n/a	n/a
795.591796875	0.2	407343	255	filler_word	57	32	1	delong	expected	a	an	message	invitation	64	0	5.7	4.1	When I called his house Nolan was not home but his mother said she could relay	to him.	False	n/a	n/a
796.123046875	0.2	407615	255	filler_word	57	32	1	delong	expected	a	an	message	invitation	64	0	5.7	4.1	When I called his house Nolan was not home but his mother said she could relay	to him.	False	n/a	n/a
796.65234375	0.2	407886	255	filler_word	57	32	1	delong	expected	a	an	message	invitation	64	0	5.7	4.1	When I called his house Nolan was not home but his mother said she could relay	to him.	False	n/a	n/a
797.18359375	0.2	408158	255	filler_word	57	32	1	delong	expected	a	an	message	invitation	64	0	5.7	4.1	When I called his house Nolan was not home but his mother said she could relay	to him.	False	n/a	n/a
797.712890625	0.2	408429	204	an_unexpected	57	32	1	delong	expected	a	an	message	invitation	64	0	5.7	4.1	When I called his house Nolan was not home but his mother said she could relay	to him.	False	n/a	n/a
798.029296875	0.0	408591	129	item_marker	58	29	1	delong	unexpected	a	an	flat	apartment	66	11	6.26	6.03	Margot had finally decided to buy a house in the suburbs after a year of renting	in the city.	True	Did Margot want to buy a car?	no
798.083984375	0.0	408619	11	cloze_marker	58	29	1	delong	unexpected	a	an	flat	apartment	66	11	6.26	6.03	Margot had finally decided to buy a house in the suburbs after a year of renting	in the city.	True	Did Margot want to buy a car?	no
798.294921875	0.2	408727	206	noun_unexpected	58	29	1	delong	unexpected	a	an	flat	apartment	66	11	6.26	6.03	Margot had finally decided to buy a house in the suburbs after a year of renting	in the city.	True	Did Margot want to buy a car?	no
798.609375	0.0	408888	129	item_marker	59	29	1	delong	unexpected	a	an	flat	apartment	66	11	6.26	6.03	Margot had finally decided to buy a house in the suburbs after a year of renting	in the city.	True	Did Margot want to buy a car?	no
798.6640625	0.0	408916	90	cloze_marker	59	29	1	delong	unexpected	a	an	flat	apartment	66	11	6.26	6.03	Margot had finally decided to buy a house in the suburbs after a year of renting	in the city.	True	Did Margot want to buy a car?	no
798.875	0.2	409024	255	filler_word	59	29	1	delong	unexpected	a	an	flat	apartment	66	11	6.26	6.03	Margot had finally decided to buy a house in the suburbs after a year of renting	in the city.	True	Did Margot want to buy a car?	no
799.404296875	0.2	409295	255	filler_word	59	29	1	delong	unexpected	a	an	flat	apartment	66	11	6.26	6.03	Margot had finally decided to buy a house in the suburbs after a year of renting	in the city.	True	Did Margot want to buy a car?	no
799.935546875	0.2	409567	208	final_unexpected	59	29	1	delong	unexpected	a	an	flat	apartment	66	11	6.26	6.03	Margot had finally decided to buy a house in the suburbs after a year of renting	in the city.	True	Did Margot want to buy a car?	no
803.68359375	0.0	411486	251	question	59	29	1	delong	unexpected	a	an	flat	apartment	66	11	6.26	6.03	Margot had finally decided to buy a house in the suburbs after a year of renting	in the city.	True	Did Margot want to buy a car?	no
806.318359375	0.2	412835	255	filler_word	59	29	1	delong	unexpected	a	an	flat	apartment	66	11	6.26	6.03	Margot had finally decided to buy a house in the suburbs after a year of renting	in the city.	True	Did Margot want to buy a car?	no
806.84765625	0.2	413106	255	filler_word	59	29	1	delong	unexpected	a	an	flat	apartment	66	11	6.26	6.03	Margot had finally decided to buy a house in the suburbs after a year of renting	in the city.	True	Did Margot want to buy a car?	no
807.37890625	0.2	413378	255	filler_word	59	29	1	delong	unexpected	a	an	flat	apartment	66	11	6.26	6.03	Margot had finally decided to buy a house in the suburbs after a year of renting	in the city.	True	Did Margot want to buy a car?	no
807.91015625	0.2	413650	255	filler_word	59	29	1	delong	unexpected	a	an	flat	apartment	66	11	6.26	6.03	Margot had finally decided to buy a house in the suburbs after a year of renting	in the city.	True	Did Margot want to buy a car?	no
808.439453125	0.2	413921	255	filler_word	59	29	1	delong	unexpected	a	an	flat	apartment	66	11	6.26	6.03	Margot had finally decided to buy a house in the suburbs after a year of renting	in the city.	True	Did Margot want to buy a car?	no
808.970703125	0.2	414193	255	filler_word	59	29	1	delong	unexpected	a	an	flat	apartment	66	11	6.26	6.03	Margot had finally decided to buy a house in the suburbs after a year of renting	in the city.	True	Did Margot want to buy a car?	no
809.501953125	0.2	414465	255	filler_word	59	29	1	delong	unexpected	a	an	flat	apartment	66	11	6.26	6.03	Margot had finally decided to buy a house in the suburbs after a year of renting	in the city.	True	Did Margot want to buy a car?	no
810.03125	0.2	414736	255	filler_word	59	29	1	delong	unexpected	a	an	flat	apartment	66	11	6.26	6.03	Margot had finally decided to buy a house in the suburbs after a year of renting	in the city.	True	Did Margot want to buy a car?	no
810.5625	0.2	415008	255	filler_word	59	29	1	delong	unexpected	a	an	flat	apartment	66	11	6.26	6.03	Margot had finally decided to buy a house in the suburbs after a year of renting	in the city.	True	Did Margot want to buy a car?	no
811.091796875	0.2	415279	255	filler_word	59	29	1	delong	unexpected	a	an	flat	apartment	66	11	6.26	6.03	Margot had finally decided to buy a house in the suburbs after a year of renting	in the city.	True	Did Margot want to buy a car?	no
811.623046875	0.2	415551	255	filler_word	59	29	1	delong	unexpected	a	an	flat	apartment	66	11	6.26	6.03	Margot had finally decided to buy a house in the suburbs after a year of renting	in the city.	True	Did Margot want to buy a car?	no
812.154296875	0.2	415823	255	filler_word	59	29	1	delong	unexpected	a	an	flat	apartment	66	11	6.26	6.03	Margot had finally decided to buy a house in the suburbs after a year of renting	in the city.	True	Did Margot want to buy a car?	no
812.68359375	0.2	416094	202	an_expected	59	29	1	delong	unexpected	a	an	flat	apartment	66	11	6.26	6.03	Margot had finally decided to buy a house in the suburbs after a year of renting	in the city.	True	Did Margot want to buy a car?	no
813.0	0.0	416256	139	item_marker	60	39	1	delong	expected	an	a	infection	tattoo	93	2	6.52	1.8	Because Bart did not clean his wound properly he ended up getting	on his leg.	False	n/a	n/a
813.056640625	0.0	416285	93	cloze_marker	60	39	1	delong	expected	an	a	infection	tattoo	93	2	6.52	1.8	Because Bart did not clean his wound properly he ended up getting	on his leg.	False	n/a	n/a
813.263671875	0.2	416391	205	noun_expected	60	39	1	delong	expected	an	a	infection	tattoo	93	2	6.52	1.8	Because Bart did not clean his wound properly he ended up getting	on his leg.	False	n/a	n/a
813.580078125	0.0	416553	139	item_marker	61	39	1	delong	expected	an	a	infection	tattoo	93	2	6.52	1.8	Because Bart did not clean his wound properly he ended up getting	on his leg.	False	n/a	n/a
813.634765625	0.0	416581	97	cloze_marker	61	39	1	delong	expected	an	a	infection	tattoo	93	2	6.52	1.8	Because Bart did not clean his wound properly he ended up getting	on his leg.	False	n/a	n/a
813.845703125	0.2	416689	255	filler_word	61	39	1	delong	expected	an	a	infection	tattoo	93	2	6.52	1.8	Because Bart did not clean his wound properly he ended up getting	on his leg.	False	n/a	n/a
814.375	0.2	416960	255	filler_word	61	39	1	delong	expected	an	a	infection	tattoo	93	2	6.52	1.8	Because Bart did not clean his wound properly he ended up getting	on his leg.	False	n/a	n/a
814.90625	0.2	417232	207	final_expected	61	39	1	delong	expected	an	a	infection	tattoo	93	2	6.52	1.8	Because Bart did not clean his wound properly he ended up getting	on his leg.	False	n/a	n/a
818.22265625	0.2	418930	255	filler_word	61	39	1	delong	expected	an	a	infection	tattoo	93	2	6.52	1.8	Because Bart did not clean his wound properly he ended up getting	on his leg.	False	n/a	n/a
818.751953125	0.2	419201	255	filler_word	61	39	1	delong	expected	an	a	infection	tattoo	93	2	6.52	1.8	Because Bart did not clean his wound properly he ended up getting	on his leg.	False	n/a	n/a
819.28125	0.2	419472	255	filler_word	61	39	1	delong	expected	an	a	infection	tattoo	93	2	6.52	1.8	Because Bart did not clean his wound properly he ended up getting	on his leg.	False	n/a	n/a
819.8125	0.2	419744	255	filler_word	61	39	1	delong	expected	an	a	infection	tattoo	93	2	6.52	1.8	Because Bart did not clean his wound properly he ended up getting	on his leg.	False	n/a	n/a
820.34375	0.2	420016	255	filler_word	61	39	1	delong	expected	an	a	infection	tattoo	93	2	6.52	1.8	Because Bart did not clean his wound properly he ended up getting	on his leg.	False	n/a	n/a
820.875	0.2	420288	255	filler_word	61	39	1	delong	expected	an	a	infection	tattoo	93	2	6.52	1.8	Because Bart did not clean his wound properly he ended up getting	on his leg.	False	n/a	n/a
821.404296875	0.2	420559	255	filler_word	61	39	1	delong	expected	an	a	infection	tattoo	93	2	6.52	1.8	Because Bart did not clean his wound properly he ended up getting	on his leg.	False	n/a	n/a
821.935546875	0.2	420831	255	filler_word	61	39	1	delong	expected	an	a	infection	tattoo	93	2	6.52	1.8	Because Bart did not clean his wound properly he ended up getting	on his leg.	False	n/a	n/a
822.466796875	0.2	421103	255	filler_word	61	39	1	delong	expected	an	a	infection	tattoo	93	2	6.52	1.8	Because Bart did not clean his wound properly he ended up getting	on his leg.	False	n/a	n/a
822.99609375	0.2	421374	255	filler_word	61	39	1	delong	expected	an	a	infection	tattoo	93	2	6.52	1.8	Because Bart did not clean his wound properly he ended up getting	on his leg.	False	n/a	n/a
823.52734375	0.2	421646	255	filler_word	61	39	1	delong	expected	an	a	infection	tattoo	93	2	6.52	1.8	Because Bart did not clean his wound properly he ended up getting	on his leg.	False	n/a	n/a
824.056640625	0.2	421917	255	filler_word	61	39	1	delong	expected	an	a	infection	tattoo	93	2	6.52	1.8	Because Bart did not clean his wound properly he ended up getting	on his leg.	False	n/a	n/a
824.587890625	0.2	422189	255	filler_word	61	39	1	delong	expected	an	a	infection	tattoo	93	2	6.52	1.8	Because Bart did not clean his wound properly he ended up getting	on his leg.	False	n/a	n/a
825.1171875	0.2	422460	255	filler_word	61	39	1	delong	expected	an	a	infection	tattoo	93	2	6.52	1.8	Because Bart did not clean his wound properly he ended up getting	on his leg.	False	n/a	n/a
825.6484375	0.2	422732	255	filler_word	61	39	1	delong	expected	an	a	infection	tattoo	93	2	6.52	1.8	Because Bart did not clean his wound properly he ended up getting	on his leg.	False	n/a	n/a
826.1796875	0.2	423004	255	filler_word	61	39	1	delong	expected	an	a	infection	tattoo	93	2	6.52	1.8	Because Bart did not clean his wound properly he ended up getting	on his leg.	False	n/a	n/a
826.7109375	0.2	423276	255	filler_word	61	39	1	delong	expected	an	a	infection	tattoo	93	2	6.52	1.8	Because Bart did not clean his wound properly he ended up getting	on his leg.	False	n/a	n/a
827.240234375	0.2	423547	255	filler_word	61	39	1	delong	expected	an	a	infection	tattoo	93	2	6.52	1.8	Because Bart did not clean his wound properly he ended up getting	on his leg.	False	n/a	n/a
827.771484375	0.2	423819	255	filler_word	61	39	1	delong	expected	an	a	infection	tattoo	93	2	6.52	1.8	Because Bart did not clean his wound properly he ended up getting	on his leg.	False	n/a	n/a
828.30078125	0.2	424090	201	a_expected	61	39	1	delong	expected	an	a	infection	tattoo	93	2	6.52	1.8	Because Bart did not clean his wound properly he ended up getting	on his leg.	False	n/a	n/a
828.6171875	0.0	424252	140	item_marker	62	40	1	delong	expected	a	an	tattoo	infection	55	0	6.0	3.73	The Hell's Angel rolled up the sleeve of his leather jacket to show the girls where he had gotten	the previous night.	False	n/a	n/a
828.671875	0.0	424280	55	cloze_marker	62	40	1	delong	expected	a	an	tattoo	infection	55	0	6.0	3.73	The Hell's Angel rolled up the sleeve of his leather jacket to show the girls where he had gotten	the previous night.	False	n/a	n/a
828.8828125	0.2	424388	205	noun_expected	62	40	1	delong	expected	a	an	tattoo	infection	55	0	6.0	3.73	The Hell's Angel rolled up the sleeve of his leather jacket to show the girls where he had gotten	the previous night.	False	n/a	n/a
829.197265625	0.0	424549	140	item_marker	63	40	1	delong	expected	a	an	tattoo	infection	55	0	6.0	3.73	The Hell's Angel rolled up the sleeve of his leather jacket to show the girls where he had gotten	the previous night.	False	n/a	n/a
829.251953125	0.0	424577	93	cloze_marker	63	40	1	delong	expected	a	an	tattoo	infection	55	0	6.0	3.73	The Hell's Angel rolled up the sleeve of his leather jacket to show the girls where he had gotten	the previous night.	False	n/a	n/a
829.462890625	0.2	424685	255	filler_word	63	40	1	delong	expected	a	an	tattoo	infection	55	0	6.0	3.73	The Hell's Angel rolled up the sleeve of his leather jacket to show the girls where he had gotten	the previous night.	False	n/a	n/a
829.9921875	0.2	424956	255	filler_word	63	40	1	delong	expected	a	an	tattoo	infection	55	0	6.0	3.73	The Hell's Angel rolled up the sleeve of his leather jacket to show the girls where he had gotten	the previous night.	False	n/a	n/a
830.5234375	0.2	425228	207	final_expected	63	40	1	delong	expected	a	an	tattoo	infection	55	0	6.0	3.73	The Hell's Angel rolled up the sleeve of his leather jacket to show the girls where he had gotten	the previous night.	False	n/a	n/a
835.380859375	0.2	427715	255	filler_word	63	40	1	delong	expected	a	an	tattoo	infection	55	0	6.0	3.73	The Hell's Angel rolled up the sleeve of his leather jacket to show the girls where he had gotten	the previous night.	False	n/a	n/a
835.91015625	0.2	427986	255	filler_word	63	40	1	delong	expected	a	an	tattoo	infection	55	0	6.0	3.73	The Hell's Angel rolled up the sleeve of his leather jacket to show the girls where he had gotten	the previous night.	False	n/a	n/a
836.44140625	0.2	428258	255	filler_word	63	40	1	delong	expected	a	an	tattoo	infection	55	0	6.0	3.73	The Hell's Angel rolled up the sleeve of his leather jacket to show the girls where he had gotten	the previous night.	False	n/a	n/a
836.97265625	0.2	428530	255	filler_word	63	40	1	delong	expected	a	an	tattoo	infection	55	0	6.0	3.73	The Hell's Angel rolled up the sleeve of his leather jacket to show the girls where he had gotten	the previous night.	False	n/a	n/a
837.50390625	0.2	428802	255	filler_word	63	40	1	delong	expected	a	an	tattoo	infection	55	0	6.0	3.73	The Hell's Angel rolled up the sleeve of his leather jacket to show the girls where he had gotten	the previous night.	False	n/a	n/a
838.033203125	0.2	429073	255	filler_word	63	40	1	delong	expected	a	an	tattoo	infection	55	0	6.0	3.73	The Hell's Angel rolled up the sleeve of his leather jacket to show the girls where he had gotten	the previous night.	False	n/a	n/a
838.564453125	0.2	429345	255	filler_word	63	40	1	delong	expected	a	an	tattoo	infection	55	0	6.0	3.73	The Hell's Angel rolled up the sleeve of his leather jacket to show the girls where he had gotten	the previous night.	False	n/a	n/a
839.09375	0.2	429616	255	filler_word	63	40	1	delong	expected	a	an	tattoo	infection	55	0	6.0	3.73	The Hell's Angel rolled up the sleeve of his leather jacket to show the girls where he had gotten	the previous night.	False	n/a	n/a
839.625	0.2	429888	255	filler_word	63	40	1	delong	expected	a	an	tattoo	infection	55	0	6.0	3.73	The Hell's Angel rolled up the sleeve of his leather jacket to show the girls where he had gotten	the previous night.	False	n/a	n/a
840.154296875	0.2	430159	255	filler_word	63	40	1	delong	expected	a	an	tattoo	infection	55	0	6.0	3.73	The Hell's Angel rolled up the sleeve of his leather jacket to show the girls where he had gotten	the previous night.	False	n/a	n/a
840.685546875	0.2	430431	255	filler_word	63	40	1	delong	expected	a	an	tattoo	infection	55	0	6.0	3.73	The Hell's Angel rolled up the sleeve of his leather jacket to show the girls where he had gotten	the previous night.	False	n/a	n/a
841.216796875	0.2	430703	255	filler_word	63	40	1	delong	expected	a	an	tattoo	infection	55	0	6.0	3.73	The Hell's Angel rolled up the sleeve of his leather jacket to show the girls where he had gotten	the previous night.	False	n/a	n/a
841.74609375	0.2	430974	255	filler_word	63	40	1	delong	expected	a	an	tattoo	infection	55	0	6.0	3.73	The Hell's Angel rolled up the sleeve of his leather jacket to show the girls where he had gotten	the previous night.	False	n/a	n/a
842.27734375	0.2	431246	255	filler_word	63	40	1	delong	expected	a	an	tattoo	infection	55	0	6.0	3.73	The Hell's Angel rolled up the sleeve of his leather jacket to show the girls where he had gotten	the previous night.	False	n/a	n/a
842.80859375	0.2	431518	255	filler_word	63	40	1	delong	expected	a	an	tattoo	infection	55	0	6.0	3.73	The Hell's Angel rolled up the sleeve of his leather jacket to show the girls where he had gotten	the previous night.	False	n/a	n/a
843.337890625	0.2	431789	255	filler_word	63	40	1	delong	expected	a	an	tattoo	infection	55	0	6.0	3.73	The Hell's Angel rolled up the sleeve of his leather jacket to show the girls where he had gotten	the previous night.	False	n/a	n/a
843.869140625	0.2	432061	255	filler_word	63	40	1	delong	expected	a	an	tattoo	infection	55	0	6.0	3.73	The Hell's Angel rolled up the sleeve of his leather jacket to show the girls where he had gotten	the previous night.	False	n/a	n/a
844.400390625	0.2	432333	255	filler_word	63	40	1	delong	expected	a	an	tattoo	infection	55	0	6.0	3.73	The Hell's Angel rolled up the sleeve of his leather jacket to show the girls where he had gotten	the previous night.	False	n/a	n/a
844.9296875	0.2	432604	255	filler_word	63	40	1	delong	expected	a	an	tattoo	infection	55	0	6.0	3.73	The Hell's Angel rolled up the sleeve of his leather jacket to show the girls where he had gotten	the previous night.	False	n/a	n/a
845.4609375	0.2	432876	255	filler_word	63	40	1	delong	expected	a	an	tattoo	infection	55	0	6.0	3.73	The Hell's Angel rolled up the sleeve of his leather jacket to show the girls where he had gotten	the previous night.	False	n/a	n/a
845.990234375	0.2	433147	255	filler_word	63	40	1	delong	expected	a	an	tattoo	infection	55	0	6.0	3.73	The Hell's Angel rolled up the sleeve of his leather jacket to show the girls where he had gotten	the previous night.	False	n/a	n/a
846.521484375	0.2	433419	255	filler_word	63	40	1	delong	expected	a	an	tattoo	infection	55	0	6.0	3.73	The Hell's Angel rolled up the sleeve of his leather jacket to show the girls where he had gotten	the previous night.	False	n/a	n/a
847.052734375	0.2	433691	201	a_expected	63	40	1	delong	expected	a	an	tattoo	infection	55	0	6.0	3.73	The Hell's Angel rolled up the sleeve of his leather jacket to show the girls where he had gotten	the previous night.	False	n/a	n/a
847.369140625	0.0	433853	128	item_marker	64	28	1	delong	expected	a	an	race	accident	61	36	5.42	3.2	When we saw the finish line and the pylons sectioning off part of the road we knew that there must have been	earlier that day.	False	n/a	n/a
847.423828125	0.0	433881	61	cloze_marker	64	28	1	delong	expected	a	an	race	accident	61	36	5.42	3.2	When we saw the finish line and the pylons sectioning off part of the road we knew that there must have been	earlier that day.	False	n/a	n/a
847.6328125	0.2	433988	205	noun_expected	64	28	1	delong	expected	a	an	race	accident	61	36	5.42	3.2	When we saw the finish line and the pylons sectioning off part of the road we knew that there must have been	earlier that day.	False	n/a	n/a
847.947265625	0.0	434149	128	item_marker	65	28	1	delong	expected	a	an	race	accident	61	36	5.42	3.2	When we saw the finish line and the pylons sectioning off part of the road we knew that there must have been	earlier that day.	False	n/a	n/a
848.00390625	0.0	434178	27	cloze_marker	65	28	1	delong	expected	a	an	race	accident	61	36	5.42	3.2	When we saw the finish line and the pylons sectioning off part of the road we knew that there must have been	earlier that day.	False	n/a	n/a
848.212890625	0.2	434285	255	filler_word	65	28	1	delong	expected	a	an	race	accident	61	36	5.42	3.2	When we saw the finish line and the pylons sectioning off part of the road we knew that there must have been	earlier that day.	False	n/a	n/a
848.7421875	0.2	434556	255	filler_word	65	28	1	delong	expected	a	an	race	accident	61	36	5.42	3.2	When we saw the finish line and the pylons sectioning off part of the road we knew that there must have been	earlier that day.	False	n/a	n/a
849.2734375	0.2	434828	207	final_expected	65	28	1	delong	expected	a	an	race	accident	61	36	5.42	3.2	When we saw the finish line and the pylons sectioning off part of the road we knew that there must have been	earlier that day.	False	n/a	n/a
854.1640625	0.2	437332	255	filler_word	65	28	1	delong	expected	a	an	race	accident	61	36	5.42	3.2	When we saw the finish line and the pylons sectioning off part of the road we knew that there must have been	earlier that day.	False	n/a	n/a
854.6953125	0.2	437604	255	filler_word	65	28	1	delong	expected	a	an	race	accident	61	36	5.42	3.2	When we saw the finish line and the pylons sectioning off part of the road we knew that there must have been	earlier that day.	False	n/a	n/a
855.2265625	0.2	437876	255	filler_word	65	28	1	delong	expected	a	an	race	accident	61	36	5.42	3.2	When we saw the finish line and the pylons sectioning off part of the road we knew that there must have been	earlier that day.	False	n/a	n/a
855.755859375	0.2	438147	255	filler_word	65	28	1	delong	expected	a	an	race	accident	61	36	5.42	3.2	When we saw the finish line and the pylons sectioning off part of the road we knew that there must have been	earlier that day.	False	n/a	n/a
856.287109375	0.2	438419	255	filler_word	65	28	1	delong	expected	a	an	race	accident	61	36	5.42	3.2	When we saw the finish line and the pylons sectioning off part of the road we knew that there must have been	earlier that day.	False	n/a	n/a
856.81640625	0.2	438690	255	filler_word	65	28	1	delong	expected	a	an	race	accident	61	36	5.42	3.2	When we saw the finish line and the pylons sectioning off part of the road we knew that there must have been	earlier that day.	False	n/a	n/a
857.34765625	0.2	438962	255	filler_word	65	28	1	delong	expected	a	an	race	accident	61	36	5.42	3.2	When we saw the finish line and the pylons sectioning off part of the road we knew that there must have been	earlier that day.	False	n/a	n/a
857.876953125	0.2	439233	255	filler_word	65	28	1	delong	expected	a	an	race	accident	61	36	5.42	3.2	When we saw the finish line and the pylons sectioning off part of the road we knew that there must have been	earlier that day.	False	n/a	n/a
858.408203125	0.2	439505	255	filler_word	65	28	1	delong	expected	a	an	race	accident	61	36	5.42	3.2	When we saw the finish line and the pylons sectioning off part of the road we knew that there must have been	earlier that day.	False	n/a	n/a
858.939453125	0.2	439777	255	filler_word	65	28	1	delong	expected	a	an	race	accident	61	36	5.42	3.2	When we saw the finish line and the pylons sectioning off part of the road we knew that there must have been	earlier that day.	False	n/a	n/a
859.470703125	0.2	440049	255	filler_word	65	28	1	delong	expected	a	an	race	accident	61	36	5.42	3.2	When we saw the finish line and the pylons sectioning off part of the road we knew that there must have been	earlier that day.	False	n/a	n/a
860.0	0.2	440320	255	filler_word	65	28	1	delong	expected	a	an	race	accident	61	36	5.42	3.2	When we saw the finish line and the pylons sectioning off part of the road we knew that there must have been	earlier that day.	False	n/a	n/a
860.53125	0.2	440592	255	filler_word	65	28	1	delong	expected	a	an	race	accident	61	36	5.42	3.2	When we saw the finish line and the pylons sectioning off part of the road we knew that there must have been	earlier that day.	False	n/a	n/a
861.060546875	0.2	440863	255	filler_word	65	28	1	delong	expected	a	an	race	accident	61	36	5.42	3.2	When we saw the finish line and the pylons sectioning off part of the road we knew that there must have been	earlier that day.	False	n/a	n/a
861.591796875	0.2	441135	255	filler_word	65	28	1	delong	expected	a	an	race	accident	61	36	5.42	3.2	When we saw the finish line and the pylons sectioning off part of the road we knew that there must have been	earlier that day.	False	n/a	n/a
862.12109375	0.2	441406	255	filler_word	65	28	1	delong	expected	a	an	race	accident	61	36	5.42	3.2	When we saw the finish line and the pylons sectioning off part of the road we knew that there must have been	earlier that day.	False	n/a	n/a
862.65234375	0.2	441678	204	an_unexpected	65	28	1	delong	expected	a	an	race	accident	61	36	5.42	3.2	When we saw the finish line and the pylons sectioning off part of the road we knew that there must have been	earlier that day.	False	n/a	n/a
862.96875	0.0	441840	122	item_marker	66	22	1	delong	unexpected	a	an	pound	allowance	52	2	5.19	3.9	Andrew complained that the only place he could afford was Poundland, after his grandmother gave him	for helping her.	False	n/a	n/a
863.0234375	0.0	441868	2	cloze_marker	66	22	1	delong	unexpected	a	an	pound	allowance	52	2	5.19	3.9	Andrew complained that the only place he could afford was Poundland, after his grandmother gave him	for helping her.	False	n/a	n/a
863.232421875	0.2	441975	206	noun_unexpected	66	22	1	delong	unexpected	a	an	pound	allowance	52	2	5.19	3.9	Andrew complained that the only place he could afford was Poundland, after his grandmother gave him	for helping her.	False	n/a	n/a
863.548828125	0.0	442137	122	item_marker	67	22	1	delong	unexpected	a	an	pound	allowance	52	2	5.19	3.9	Andrew complained that the only place he could afford was Poundland, after his grandmother gave him	for helping her.	False	n/a	n/a
863.603515625	0.0	442165	17	cloze_marker	67	22	1	delong	unexpected	a	an	pound	allowance	52	2	5.19	3.9	Andrew complained that the only place he could afford was Poundland, after his grandmother gave him	for helping her.	False	n/a	n/a
863.8125	0.2	442272	255	filler_word	67	22	1	delong	unexpected	a	an	pound	allowance	52	2	5.19	3.9	Andrew complained that the only place he could afford was Poundland, after his grandmother gave him	for helping her.	False	n/a	n/a
864.34375	0.2	442544	255	filler_word	67	22	1	delong	unexpected	a	an	pound	allowance	52	2	5.19	3.9	Andrew complained that the only place he could afford was Poundland, after his grandmother gave him	for helping her.	False	n/a	n/a
864.873046875	0.2	442815	208	final_unexpected	67	22	1	delong	unexpected	a	an	pound	allowance	52	2	5.19	3.9	Andrew complained that the only place he could afford was Poundland, after his grandmother gave him	for helping her.	False	n/a	n/a
868.720703125	0.2	444785	255	filler_word	67	22	1	delong	unexpected	a	an	pound	allowance	52	2	5.19	3.9	Andrew complained that the only place he could afford was Poundland, after his grandmother gave him	for helping her.	False	n/a	n/a
869.25	0.2	445056	255	filler_word	67	22	1	delong	unexpected	a	an	pound	allowance	52	2	5.19	3.9	Andrew complained that the only place he could afford was Poundland, after his grandmother gave him	for helping her.	False	n/a	n/a
869.78125	0.2	445328	255	filler_word	67	22	1	delong	unexpected	a	an	pound	allowance	52	2	5.19	3.9	Andrew complained that the only place he could afford was Poundland, after his grandmother gave him	for helping her.	False	n/a	n/a
870.3125	0.2	445600	255	filler_word	67	22	1	delong	unexpected	a	an	pound	allowance	52	2	5.19	3.9	Andrew complained that the only place he could afford was Poundland, after his grandmother gave him	for helping her.	False	n/a	n/a
870.841796875	0.2	445871	255	filler_word	67	22	1	delong	unexpected	a	an	pound	allowance	52	2	5.19	3.9	Andrew complained that the only place he could afford was Poundland, after his grandmother gave him	for helping her.	False	n/a	n/a
871.373046875	0.2	446143	255	filler_word	67	22	1	delong	unexpected	a	an	pound	allowance	52	2	5.19	3.9	Andrew complained that the only place he could afford was Poundland, after his grandmother gave him	for helping her.	False	n/a	n/a
871.904296875	0.2	446415	255	filler_word	67	22	1	delong	unexpected	a	an	pound	allowance	52	2	5.19	3.9	Andrew complained that the only place he could afford was Poundland, after his grandmother gave him	for helping her.	False	n/a	n/a
872.43359375	0.2	446686	255	filler_word	67	22	1	delong	unexpected	a	an	pound	allowance	52	2	5.19	3.9	Andrew complained that the only place he could afford was Poundland, after his grandmother gave him	for helping her.	False	n/a	n/a
872.96484375	0.2	446958	255	filler_word	67	22	1	delong	unexpected	a	an	pound	allowance	52	2	5.19	3.9	Andrew complained that the only place he could afford was Poundland, after his grandmother gave him	for helping her.	False	n/a	n/a
873.49609375	0.2	447230	255	filler_word	67	22	1	delong	unexpected	a	an	pound	allowance	52	2	5.19	3.9	Andrew complained that the only place he could afford was Poundland, after his grandmother gave him	for helping her.	False	n/a	n/a
874.025390625	0.2	447501	255	filler_word	67	22	1	delong	unexpected	a	an	pound	allowance	52	2	5.19	3.9	Andrew complained that the only place he could afford was Poundland, after his grandmother gave him	for helping her.	False	n/a	n/a
874.556640625	0.2	447773	255	filler_word	67	22	1	delong	unexpected	a	an	pound	allowance	52	2	5.19	3.9	Andrew complained that the only place he could afford was Poundland, after his grandmother gave him	for helping her.	False	n/a	n/a
875.0859375	0.2	448044	255	filler_word	67	22	1	delong	unexpected	a	an	pound	allowance	52	2	5.19	3.9	Andrew complained that the only place he could afford was Poundland, after his grandmother gave him	for helping her.	False	n/a	n/a
875.6171875	0.2	448316	202	an_expected	67	22	1	delong	unexpected	a	an	pound	allowance	52	2	5.19	3.9	Andrew complained that the only place he could afford was Poundland, after his grandmother gave him	for helping her.	False	n/a	n/a
875.93359375	0.0	448478	135	item_marker	68	35	1	delong	expected	an	a	umbrella	newspaper	93	5	6.29	2.3	Because it frequently rains in London it's a good idea to always carry	with you.	False	n/a	n/a
875.98828125	0.0	448506	93	cloze_marker	68	35	1	delong	expected	an	a	umbrella	newspaper	93	5	6.29	2.3	Because it frequently rains in London it's a good idea to always carry	with you.	False	n/a	n/a
876.197265625	0.2	448613	205	noun_expected	68	35	1	delong	expected	an	a	umbrella	newspaper	93	5	6.29	2.3	Because it frequently rains in London it's a good idea to always carry	with you.	False	n/a	n/a
876.513671875	0.0	448775	135	item_marker	69	35	1	delong	expected	an	a	umbrella	newspaper	93	5	6.29	2.3	Because it frequently rains in London it's a good idea to always carry	with you.	False	n/a	n/a
876.568359375	0.0	448803	97	cloze_marker	69	35	1	delong	expected	an	a	umbrella	newspaper	93	5	6.29	2.3	Because it frequently rains in London it's a good idea to always carry	with you.	False	n/a	n/a
876.77734375	0.2	448910	255	filler_word	69	35	1	delong	expected	an	a	umbrella	newspaper	93	5	6.29	2.3	Because it frequently rains in London it's a good idea to always carry	with you.	False	n/a	n/a
877.30859375	0.2	449182	207	final_expected	69	35	1	delong	expected	an	a	umbrella	newspaper	93	5	6.29	2.3	Because it frequently rains in London it's a good idea to always carry	with you.	False	n/a	n/a
881.0546875	0.2	451100	255	filler_word	69	35	1	delong	expected	an	a	umbrella	newspaper	93	5	6.29	2.3	Because it frequently rains in London it's a good idea to always carry	with you.	False	n/a	n/a
881.5859375	0.2	451372	255	filler_word	69	35	1	delong	expected	an	a	umbrella	newspaper	93	5	6.29	2.3	Because it frequently rains in London it's a good idea to always carry	with you.	False	n/a	n/a
882.1171875	0.2	451644	255	filler_word	69	35	1	delong	expected	an	a	umbrella	newspaper	93	5	6.29	2.3	Because it frequently rains in London it's a good idea to always carry	with you.	False	n/a	n/a
882.646484375	0.2	451915	255	filler_word	69	35	1	delong	expected	an	a	umbrella	newspaper	93	5	6.29	2.3	Because it frequently rains in London it's a good idea to always carry	with you.	False	n/a	n/a
883.177734375	0.2	452187	255	filler_word	69	35	1	delong	expected	an	a	umbrella	newspaper	93	5	6.29	2.3	Because it frequently rains in London it's a good idea to always carry	with you.	False	n/a	n/a
883.70703125	0.2	452458	255	filler_word	69	35	1	delong	expected	an	a	umbrella	newspaper	93	5	6.29	2.3	Because it frequently rains in London it's a good idea to always carry	with you.	False	n/a	n/a
884.23828125	0.2	452730	255	filler_word	69	35	1	delong	expected	an	a	umbrella	newspaper	93	5	6.29	2.3	Because it frequently rains in London it's a good idea to always carry	with you.	False	n/a	n/a
884.76953125	0.2	453002	255	filler_word	69	35	1	delong	expected	an	a	umbrella	newspaper	93	5	6.29	2.3	Because it frequently rains in London it's a good idea to always carry	with you.	False	n/a	n/a
885.298828125	0.2	453273	255	filler_word	69	35	1	delong	expected	an	a	umbrella	newspaper	93	5	6.29	2.3	Because it frequently rains in London it's a good idea to always carry	with you.	False	n/a	n/a
885.830078125	0.2	453545	255	filler_word	69	35	1	delong	expected	an	a	umbrella	newspaper	93	5	6.29	2.3	Because it frequently rains in London it's a good idea to always carry	with you.	False	n/a	n/a
886.361328125	0.2	453817	255	filler_word	69	35	1	delong	expected	an	a	umbrella	newspaper	93	5	6.29	2.3	Because it frequently rains in London it's a good idea to always carry	with you.	False	n/a	n/a
886.890625	0.2	454088	255	filler_word	69	35	1	delong	expected	an	a	umbrella	newspaper	93	5	6.29	2.3	Because it frequently rains in London it's a good idea to always carry	with you.	False	n/a	n/a
887.421875	0.2	454360	255	filler_word	69	35	1	delong	expected	an	a	umbrella	newspaper	93	5	6.29	2.3	Because it frequently rains in London it's a good idea to always carry	with you.	False	n/a	n/a
887.951171875	0.2	454631	255	filler_word	69	35	1	delong	expected	an	a	umbrella	newspaper	93	5	6.29	2.3	Because it frequently rains in London it's a good idea to always carry	with you.	False	n/a	n/a
888.482421875	0.2	454903	255	filler_word	69	35	1	delong	expected	an	a	umbrella	newspaper	93	5	6.29	2.3	Because it frequently rains in London it's a good idea to always carry	with you.	False	n/a	n/a
889.013671875	0.2	455175	202	an_expected	69	35	1	delong	expected	an	a	umbrella	newspaper	93	5	6.29	2.3	Because it frequently rains in London it's a good idea to always carry	with you.	False	n/a	n/a
889.328125	0.0	455336	131	item_marker	70	31	1	delong	expected	an	a	invitation	message	73	11	5.5	4.74	Sue had wanted to go to Tim's birthday party but she was still waiting for	from him.	False	n/a	n/a
889.384765625	0.0	455365	73	cloze_marker	70	31	1	delong	expected	an	a	invitation	message	73	11	5.5	4.74	Sue had wanted to go to Tim's birthday party but she was still waiting for	from him.	False	n/a	n/a
889.59375	0.2	455472	205	noun_expected	70	31	1	delong	expected	an	a	invitation	message	73	11	5.5	4.74	Sue had wanted to go to Tim's birthday party but she was still waiting for	from him.	False	n/a	n/a
889.908203125	0.0	455633	131	item_marker	71	31	1	delong	expected	an	a	invitation	message	73	11	5.5	4.74	Sue had wanted to go to Tim's birthday party but she was still waiting for	from him.	False	n/a	n/a
889.96484375	0.0	455662	77	cloze_marker	71	31	1	delong	expected	an	a	invitation	message	73	11	5.5	4.74	Sue had wanted to go to Tim's birthday party but she was still waiting for	from him.	False	n/a	n/a
890.173828125	0.2	455769	255	filler_word	71	31	1	delong	expected	an	a	invitation	message	73	11	5.5	4.74	Sue had wanted to go to Tim's birthday party but she was still waiting for	from him.	False	n/a	n/a
890.703125	0.2	456040	207	final_expected	71	31	1	delong	expected	an	a	invitation	message	73	11	5.5	4.74	Sue had wanted to go to Tim's birthday party but she was still waiting for	from him.	False	n/a	n/a
894.533203125	0.2	458001	255	filler_word	71	31	1	delong	expected	an	a	invitation	message	73	11	5.5	4.74	Sue had wanted to go to Tim's birthday party but she was still waiting for	from him.	False	n/a	n/a
895.064453125	0.2	458273	255	filler_word	71	31	1	delong	expected	an	a	invitation	message	73	11	5.5	4.74	Sue had wanted to go to Tim's birthday party but she was still waiting for	from him.	False	n/a	n/a
895.59375	0.2	458544	255	filler_word	71	31	1	delong	expected	an	a	invitation	message	73	11	5.5	4.74	Sue had wanted to go to Tim's birthday party but she was still waiting for	from him.	False	n/a	n/a
896.125	0.2	458816	255	filler_word	71	31	1	delong	expected	an	a	invitation	message	73	11	5.5	4.74	Sue had wanted to go to Tim's birthday party but she was still waiting for	from him.	False	n/a	n/a
896.65625	0.2	459088	255	filler_word	71	31	1	delong	expected	an	a	invitation	message	73	11	5.5	4.74	Sue had wanted to go to Tim's birthday party but she was still waiting for	from him.	False	n/a	n/a
897.185546875	0.2	459359	255	filler_word	71	31	1	delong	expected	an	a	invitation	message	73	11	5.5	4.74	Sue had wanted to go to Tim's birthday party but she was still waiting for	from him.	False	n/a	n/a
897.716796875	0.2	459631	255	filler_word	71	31	1	delong	expected	an	a	invitation	message	73	11	5.5	4.74	Sue had wanted to go to Tim's birthday party but she was still waiting for	from him.	False	n/a	n/a
898.248046875	0.2	459903	255	filler_word	71	31	1	delong	expected	an	a	invitation	message	73	11	5.5	4.74	Sue had wanted to go to Tim's birthday party but she was still waiting for	from him.	False	n/a	n/a
898.77734375	0.2	460174	255	filler_word	71	31	1	delong	expected	an	a	invitation	message	73	11	5.5	4.74	Sue had wanted to go to Tim's birthday party but she was still waiting for	from him.	False	n/a	n/a
899.30859375	0.2	460446	255	filler_word	71	31	1	delong	expected	an	a	invitation	message	73	11	5.5	4.74	Sue had wanted to go to Tim's birthday party but she was still waiting for	from him.	False	n/a	n/a
899.837890625	0.2	460717	255	filler_word	71	31	1	delong	expected	an	a	invitation	message	73	11	5.5	4.74	Sue had wanted to go to Tim's birthday party but she was still waiting for	from him.	False	n/a	n/a
900.369140625	0.2	460989	255	filler_word	71	31	1	delong	expected	an	a	invitation	message	73	11	5.5	4.74	Sue had wanted to go to Tim's birthday party but she was still waiting for	from him.	False	n/a	n/a
900.900390625	0.2	461261	255	filler_word	71	31	1	delong	expected	an	a	invitation	message	73	11	5.5	4.74	Sue had wanted to go to Tim's birthday party but she was still waiting for	from him.	False	n/a	n/a
901.4296875	0.2	461532	203	a_unexpected	71	31	1	delong	expected	an	a	invitation	message	73	11	5.5	4.74	Sue had wanted to go to Tim's birthday party but she was still waiting for	from him.	False	n/a	n/a
901.74609375	0.0	461694	133	item_marker	72	33	1	delong	unexpected	an	a	elephant	bicycle	73	11	6.43	4.48	The highlight of Jack's trip to India was when he got to ride	in the parade.	False	n/a	n/a
901.802734375	0.0	461723	11	cloze_marker	72	33	1	delong	unexpected	an	a	elephant	bicycle	73	11	6.43	4.48	The highlight of Jack's trip to India was when he got to ride	in the parade.	False	n/a	n/a
902.009765625	0.2	461829	206	noun_unexpected	72	33	1	delong	unexpected	an	a	elephant	bicycle	73	11	6.43	4.48	The highlight of Jack's trip to India was when he got to ride	in the parade.	False	n/a	n/a
902.326171875	0.0	461991	133	item_marker	73	33	1	delong	unexpected	an	a	elephant	bicycle	73	11	6.43	4.48	The highlight of Jack's trip to India was when he got to ride	in the parade.	False	n/a	n/a
902.380859375	0.0	462019	200	cloze_marker	73	33	1	delong	unexpected	an	a	elephant	bicycle	73	11	6.43	4.48	The highlight of Jack's trip to India was when he got to ride	in the parade.	False	n/a	n/a
902.591796875	0.2	462127	255	filler_word	73	33	1	delong	unexpected	an	a	elephant	bicycle	73	11	6.43	4.48	The highlight of Jack's trip to India was when he got to ride	in the parade.	False	n/a	n/a
903.12109375	0.2	462398	255	filler_word	73	33	1	delong	unexpected	an	a	elephant	bicycle	73	11	6.43	4.48	The highlight of Jack's trip to India was when he got to ride	in the parade.	False	n/a	n/a
903.65234375	0.2	462670	208	final_unexpected	73	33	1	delong	unexpected	an	a	elephant	bicycle	73	11	6.43	4.48	The highlight of Jack's trip to India was when he got to ride	in the parade.	False	n/a	n/a
907.8125	0.2	464800	255	filler_word	73	33	1	delong	unexpected	an	a	elephant	bicycle	73	11	6.43	4.48	The highlight of Jack's trip to India was when he got to ride	in the parade.	False	n/a	n/a
908.34375	0.2	465072	255	filler_word	73	33	1	delong	unexpected	an	a	elephant	bicycle	73	11	6.43	4.48	The highlight of Jack's trip to India was when he got to ride	in the parade.	False	n/a	n/a
908.875	0.2	465344	255	filler_word	73	33	1	delong	unexpected	an	a	elephant	bicycle	73	11	6.43	4.48	The highlight of Jack's trip to India was when he got to ride	in the parade.	False	n/a	n/a
909.404296875	0.2	465615	255	filler_word	73	33	1	delong	unexpected	an	a	elephant	bicycle	73	11	6.43	4.48	The highlight of Jack's trip to India was when he got to ride	in the parade.	False	n/a	n/a
909.935546875	0.2	465887	255	filler_word	73	33	1	delong	unexpected	an	a	elephant	bicycle	73	11	6.43	4.48	The highlight of Jack's trip to India was when he got to ride	in the parade.	False	n/a	n/a
910.46484375	0.2	466158	255	filler_word	73	33	1	delong	unexpected	an	a	elephant	bicycle	73	11	6.43	4.48	The highlight of Jack's trip to India was when he got to ride	in the parade.	False	n/a	n/a
910.99609375	0.2	466430	255	filler_word	73	33	1	delong	unexpected	an	a	elephant	bicycle	73	11	6.43	4.48	The highlight of Jack's trip to India was when he got to ride	in the parade.	False	n/a	n/a
911.52734375	0.2	466702	255	filler_word	73	33	1	delong	unexpected	an	a	elephant	bicycle	73	11	6.43	4.48	The highlight of Jack's trip to India was when he got to ride	in the parade.	False	n/a	n/a
912.056640625	0.2	466973	255	filler_word	73	33	1	delong	unexpected	an	a	elephant	bicycle	73	11	6.43	4.48	The highlight of Jack's trip to India was when he got to ride	in the parade.	False	n/a	n/a
912.587890625	0.2	467245	255	filler_word	73	33	1	delong	unexpected	an	a	elephant	bicycle	73	11	6.43	4.48	The highlight of Jack's trip to India was when he got to ride	in the parade.	False	n/a	n/a
913.119140625	0.2	467517	255	filler_word	73	33	1	delong	unexpected	an	a	elephant	bicycle	73	11	6.43	4.48	The highlight of Jack's trip to India was when he got to ride	in the parade.	False	n/a	n/a
913.6484375	0.2	467788	255	filler_word	73	33	1	delong	unexpected	an	a	elephant	bicycle	73	11	6.43	4.48	The highlight of Jack's trip to India was when he got to ride	in the parade.	False	n/a	n/a
914.1796875	0.2	468060	255	filler_word	73	33	1	delong	unexpected	an	a	elephant	bicycle	73	11	6.43	4.48	The highlight of Jack's trip to India was when he got to ride	in the parade.	False	n/a	n/a
914.7109375	0.2	468332	255	filler_word	73	33	1	delong	unexpected	an	a	elephant	bicycle	73	11	6.43	4.48	The highlight of Jack's trip to India was when he got to ride	in the parade.	False	n/a	n/a
915.240234375	0.2	468603	204	an_unexpected	73	33	1	delong	unexpected	an	a	elephant	bicycle	73	11	6.43	4.48	The highlight of Jack's trip to India was when he got to ride	in the parade.	False	n/a	n/a
915.556640625	0.0	468765	126	item_marker	74	26	1	delong	unexpected	a	an	hanger	iron	84	0	5.73	2.1	I wanted to put my coat in the closet but I could not find	anywhere.	False	n/a	n/a
915.611328125	0.0	468793	200	cloze_marker	74	26	1	delong	unexpected	a	an	hanger	iron	84	0	5.73	2.1	I wanted to put my coat in the closet but I could not find	anywhere.	False	n/a	n/a
915.822265625	0.2	468901	206	noun_unexpected	74	26	1	delong	unexpected	a	an	hanger	iron	84	0	5.73	2.1	I wanted to put my coat in the closet but I could not find	anywhere.	False	n/a	n/a
916.13671875	0.0	469062	126	item_marker	75	26	1	delong	unexpected	a	an	hanger	iron	84	0	5.73	2.1	I wanted to put my coat in the closet but I could not find	anywhere.	False	n/a	n/a
916.19140625	0.0	469090	200	cloze_marker	75	26	1	delong	unexpected	a	an	hanger	iron	84	0	5.73	2.1	I wanted to put my coat in the closet but I could not find	anywhere.	False	n/a	n/a
916.400390625	0.2	469197	208	final_unexpected	75	26	1	delong	unexpected	a	an	hanger	iron	84	0	5.73	2.1	I wanted to put my coat in the closet but I could not find	anywhere.	False	n/a	n/a
920.89453125	0.2	471498	255	filler_word	75	26	1	delong	unexpected	a	an	hanger	iron	84	0	5.73	2.1	I wanted to put my coat in the closet but I could not find	anywhere.	False	n/a	n/a
921.423828125	0.2	471769	255	filler_word	75	26	1	delong	unexpected	a	an	hanger	iron	84	0	5.73	2.1	I wanted to put my coat in the closet but I could not find	anywhere.	False	n/a	n/a
921.955078125	0.2	472041	255	filler_word	75	26	1	delong	unexpected	a	an	hanger	iron	84	0	5.73	2.1	I wanted to put my coat in the closet but I could not find	anywhere.	False	n/a	n/a
922.484375	0.2	472312	255	filler_word	75	26	1	delong	unexpected	a	an	hanger	iron	84	0	5.73	2.1	I wanted to put my coat in the closet but I could not find	anywhere.	False	n/a	n/a
923.015625	0.2	472584	255	filler_word	75	26	1	delong	unexpected	a	an	hanger	iron	84	0	5.73	2.1	I wanted to put my coat in the closet but I could not find	anywhere.	False	n/a	n/a
923.546875	0.2	472856	255	filler_word	75	26	1	delong	unexpected	a	an	hanger	iron	84	0	5.73	2.1	I wanted to put my coat in the closet but I could not find	anywhere.	False	n/a	n/a
924.078125	0.2	473128	255	filler_word	75	26	1	delong	unexpected	a	an	hanger	iron	84	0	5.73	2.1	I wanted to put my coat in the closet but I could not find	anywhere.	False	n/a	n/a
924.607421875	0.2	473399	255	filler_word	75	26	1	delong	unexpected	a	an	hanger	iron	84	0	5.73	2.1	I wanted to put my coat in the closet but I could not find	anywhere.	False	n/a	n/a
925.138671875	0.2	473671	255	filler_word	75	26	1	delong	unexpected	a	an	hanger	iron	84	0	5.73	2.1	I wanted to put my coat in the closet but I could not find	anywhere.	False	n/a	n/a
925.66796875	0.2	473942	255	filler_word	75	26	1	delong	unexpected	a	an	hanger	iron	84	0	5.73	2.1	I wanted to put my coat in the closet but I could not find	anywhere.	False	n/a	n/a
926.19921875	0.2	474214	255	filler_word	75	26	1	delong	unexpected	a	an	hanger	iron	84	0	5.73	2.1	I wanted to put my coat in the closet but I could not find	anywhere.	False	n/a	n/a
926.728515625	0.2	474485	255	filler_word	75	26	1	delong	unexpected	a	an	hanger	iron	84	0	5.73	2.1	I wanted to put my coat in the closet but I could not find	anywhere.	False	n/a	n/a
927.259765625	0.2	474757	255	filler_word	75	26	1	delong	unexpected	a	an	hanger	iron	84	0	5.73	2.1	I wanted to put my coat in the closet but I could not find	anywhere.	False	n/a	n/a
927.791015625	0.2	475029	255	filler_word	75	26	1	delong	unexpected	a	an	hanger	iron	84	0	5.73	2.1	I wanted to put my coat in the closet but I could not find	anywhere.	False	n/a	n/a
928.3203125	0.2	475300	255	filler_word	75	26	1	delong	unexpected	a	an	hanger	iron	84	0	5.73	2.1	I wanted to put my coat in the closet but I could not find	anywhere.	False	n/a	n/a
928.8515625	0.2	475572	255	filler_word	75	26	1	delong	unexpected	a	an	hanger	iron	84	0	5.73	2.1	I wanted to put my coat in the closet but I could not find	anywhere.	False	n/a	n/a
929.3828125	0.2	475844	255	filler_word	75	26	1	delong	unexpected	a	an	hanger	iron	84	0	5.73	2.1	I wanted to put my coat in the closet but I could not find	anywhere.	False	n/a	n/a
929.9140625	0.2	476116	255	filler_word	75	26	1	delong	unexpected	a	an	hanger	iron	84	0	5.73	2.1	I wanted to put my coat in the closet but I could not find	anywhere.	False	n/a	n/a
930.443359375	0.2	476387	204	an_unexpected	75	26	1	delong	unexpected	a	an	hanger	iron	84	0	5.73	2.1	I wanted to put my coat in the closet but I could not find	anywhere.	False	n/a	n/a
930.759765625	0.0	476549	130	item_marker	76	30	1	delong	unexpected	a	an	studio	apartment	77	0	5.9	3.37	Instead of recording a live album the band decided they would have more control if they recorded in	without a lot of background noise.	False	n/a	n/a
930.814453125	0.0	476577	200	cloze_marker	76	30	1	delong	unexpected	a	an	studio	apartment	77	0	5.9	3.37	Instead of recording a live album the band decided they would have more control if they recorded in	without a lot of background noise.	False	n/a	n/a
931.0234375	0.2	476684	206	noun_unexpected	76	30	1	delong	unexpected	a	an	studio	apartment	77	0	5.9	3.37	Instead of recording a live album the band decided they would have more control if they recorded in	without a lot of background noise.	False	n/a	n/a
931.33984375	0.0	476846	130	item_marker	77	30	1	delong	unexpected	a	an	studio	apartment	77	0	5.9	3.37	Instead of recording a live album the band decided they would have more control if they recorded in	without a lot of background noise.	False	n/a	n/a
931.39453125	0.0	476874	200	cloze_marker	77	30	1	delong	unexpected	a	an	studio	apartment	77	0	5.9	3.37	Instead of recording a live album the band decided they would have more control if they recorded in	without a lot of background noise.	False	n/a	n/a
931.603515625	0.2	476981	255	filler_word	77	30	1	delong	unexpected	a	an	studio	apartment	77	0	5.9	3.37	Instead of recording a live album the band decided they would have more control if they recorded in	without a lot of background noise.	False	n/a	n/a
932.134765625	0.2	477253	255	filler_word	77	30	1	delong	unexpected	a	an	studio	apartment	77	0	5.9	3.37	Instead of recording a live album the band decided they would have more control if they recorded in	without a lot of background noise.	False	n/a	n/a
932.666015625	0.2	477525	255	filler_word	77	30	1	delong	unexpected	a	an	studio	apartment	77	0	5.9	3.37	Instead of recording a live album the band decided they would have more control if they recorded in	without a lot of background noise.	False	n/a	n/a
933.1953125	0.2	477796	255	filler_word	77	30	1	delong	unexpected	a	an	studio	apartment	77	0	5.9	3.37	Instead of recording a live album the band decided they would have more control if they recorded in	without a lot of background noise.	False	n/a	n/a
933.7265625	0.2	478068	255	filler_word	77	30	1	delong	unexpected	a	an	studio	apartment	77	0	5.9	3.37	Instead of recording a live album the band decided they would have more control if they recorded in	without a lot of background noise.	False	n/a	n/a
934.255859375	0.2	478339	208	final_unexpected	77	30	1	delong	unexpected	a	an	studio	apartment	77	0	5.9	3.37	Instead of recording a live album the band decided they would have more control if they recorded in	without a lot of background noise.	False	n/a	n/a
939.046875	0.2	480792	255	filler_word	77	30	1	delong	unexpected	a	an	studio	apartment	77	0	5.9	3.37	Instead of recording a live album the band decided they would have more control if they recorded in	without a lot of background noise.	False	n/a	n/a
939.578125	0.2	481064	255	filler_word	77	30	1	delong	unexpected	a	an	studio	apartment	77	0	5.9	3.37	Instead of recording a live album the band decided they would have more control if they recorded in	without a lot of background noise.	False	n/a	n/a
940.109375	0.2	481336	255	filler_word	77	30	1	delong	unexpected	a	an	studio	apartment	77	0	5.9	3.37	Instead of recording a live album the band decided they would have more control if they recorded in	without a lot of background noise.	False	n/a	n/a
940.638671875	0.2	481607	255	filler_word	77	30	1	delong	unexpected	a	an	studio	apartment	77	0	5.9	3.37	Instead of recording a live album the band decided they would have more control if they recorded in	without a lot of background noise.	False	n/a	n/a
941.169921875	0.2	481879	255	filler_word	77	30	1	delong	unexpected	a	an	studio	apartment	77	0	5.9	3.37	Instead of recording a live album the band decided they would have more control if they recorded in	without a lot of background noise.	False	n/a	n/a
941.69921875	0.2	482150	255	filler_word	77	30	1	delong	unexpected	a	an	studio	apartment	77	0	5.9	3.37	Instead of recording a live album the band decided they would have more control if they recorded in	without a lot of background noise.	False	n/a	n/a
942.23046875	0.2	482422	255	filler_word	77	30	1	delong	unexpected	a	an	studio	apartment	77	0	5.9	3.37	Instead of recording a live album the band decided they would have more control if they recorded in	without a lot of background noise.	False	n/a	n/a
942.76171875	0.2	482694	255	filler_word	77	30	1	delong	unexpected	a	an	studio	apartment	77	0	5.9	3.37	Instead of recording a live album the band decided they would have more control if they recorded in	without a lot of background noise.	False	n/a	n/a
943.29296875	0.2	482966	255	filler_word	77	30	1	delong	unexpected	a	an	studio	apartment	77	0	5.9	3.37	Instead of recording a live album the band decided they would have more control if they recorded in	without a lot of background noise.	False	n/a	n/a
943.822265625	0.2	483237	255	filler_word	77	30	1	delong	unexpected	a	an	studio	apartment	77	0	5.9	3.37	Instead of recording a live album the band decided they would have more control if they recorded in	without a lot of background noise.	False	n/a	n/a
944.353515625	0.2	483509	255	filler_word	77	30	1	delong	unexpected	a	an	studio	apartment	77	0	5.9	3.37	Instead of recording a live album the band decided they would have more control if they recorded in	without a lot of background noise.	False	n/a	n/a
944.8828125	0.2	483780	255	filler_word	77	30	1	delong	unexpected	a	an	studio	apartment	77	0	5.9	3.37	Instead of recording a live album the band decided they would have more control if they recorded in	without a lot of background noise.	False	n/a	n/a
945.4140625	0.2	484052	255	filler_word	77	30	1	delong	unexpected	a	an	studio	apartment	77	0	5.9	3.37	Instead of recording a live album the band decided they would have more control if they recorded in	without a lot of background noise.	False	n/a	n/a
945.943359375	0.2	484323	255	filler_word	77	30	1	delong	unexpected	a	an	studio	apartment	77	0	5.9	3.37	Instead of recording a live album the band decided they would have more control if they recorded in	without a lot of background noise.	False	n/a	n/a
946.474609375	0.2	484595	255	filler_word	77	30	1	delong	unexpected	a	an	studio	apartment	77	0	5.9	3.37	Instead of recording a live album the band decided they would have more control if they recorded in	without a lot of background noise.	False	n/a	n/a
947.005859375	0.2	484867	202	an_expected	77	30	1	delong	unexpected	a	an	studio	apartment	77	0	5.9	3.37	Instead of recording a live album the band decided they would have more control if they recorded in	without a lot of background noise.	False	n/a	n/a
947.3203125	0.0	485028	127	item_marker	78	27	1	delong	expected	an	a	accident	race	70	27	5.45	2.3	No matter how safely you drive your car chances are someday you'll be involved in	with another vehicle.	False	n/a	n/a
947.376953125	0.0	485057	70	cloze_marker	78	27	1	delong	expected	an	a	accident	race	70	27	5.45	2.3	No matter how safely you drive your car chances are someday you'll be involved in	with another vehicle.	False	n/a	n/a
947.5859375	0.2	485164	205	noun_expected	78	27	1	delong	expected	an	a	accident	race	70	27	5.45	2.3	No matter how safely you drive your car chances are someday you'll be involved in	with another vehicle.	False	n/a	n/a
947.900390625	0.0	485325	127	item_marker	79	27	1	delong	expected	an	a	accident	race	70	27	5.45	2.3	No matter how safely you drive your car chances are someday you'll be involved in	with another vehicle.	False	n/a	n/a
947.95703125	0.0	485354	97	cloze_marker	79	27	1	delong	expected	an	a	accident	race	70	27	5.45	2.3	No matter how safely you drive your car chances are someday you'll be involved in	with another vehicle.	False	n/a	n/a
948.166015625	0.2	485461	255	filler_word	79	27	1	delong	expected	an	a	accident	race	70	27	5.45	2.3	No matter how safely you drive your car chances are someday you'll be involved in	with another vehicle.	False	n/a	n/a
948.697265625	0.2	485733	255	filler_word	79	27	1	delong	expected	an	a	accident	race	70	27	5.45	2.3	No matter how safely you drive your car chances are someday you'll be involved in	with another vehicle.	False	n/a	n/a
949.2265625	0.2	486004	207	final_expected	79	27	1	delong	expected	an	a	accident	race	70	27	5.45	2.3	No matter how safely you drive your car chances are someday you'll be involved in	with another vehicle.	False	n/a	n/a
995.31640625	0.2	509602	255	filler_word	79	27	1	delong	expected	an	a	accident	race	70	27	5.45	2.3	No matter how safely you drive your car chances are someday you'll be involved in	with another vehicle.	False	n/a	n/a
995.845703125	0.2	509873	255	filler_word	79	27	1	delong	expected	an	a	accident	race	70	27	5.45	2.3	No matter how safely you drive your car chances are someday you'll be involved in	with another vehicle.	False	n/a	n/a
996.376953125	0.2	510145	255	filler_word	79	27	1	delong	expected	an	a	accident	race	70	27	5.45	2.3	No matter how safely you drive your car chances are someday you'll be involved in	with another vehicle.	False	n/a	n/a
996.908203125	0.2	510417	255	filler_word	79	27	1	delong	expected	an	a	accident	race	70	27	5.45	2.3	No matter how safely you drive your car chances are someday you'll be involved in	with another vehicle.	False	n/a	n/a
997.4375	0.2	510688	255	filler_word	79	27	1	delong	expected	an	a	accident	race	70	27	5.45	2.3	No matter how safely you drive your car chances are someday you'll be involved in	with another vehicle.	False	n/a	n/a
997.96875	0.2	510960	255	filler_word	79	27	1	delong	expected	an	a	accident	race	70	27	5.45	2.3	No matter how safely you drive your car chances are someday you'll be involved in	with another vehicle.	False	n/a	n/a
998.5	0.2	511232	255	filler_word	79	27	1	delong	expected	an	a	accident	race	70	27	5.45	2.3	No matter how safely you drive your car chances are someday you'll be involved in	with another vehicle.	False	n/a	n/a
999.029296875	0.2	511503	255	filler_word	79	27	1	delong	expected	an	a	accident	race	70	27	5.45	2.3	No matter how safely you drive your car chances are someday you'll be involved in	with another vehicle.	False	n/a	n/a
999.560546875	0.2	511775	255	filler_word	79	27	1	delong	expected	an	a	accident	race	70	27	5.45	2.3	No matter how safely you drive your car chances are someday you'll be involved in	with another vehicle.	False	n/a	n/a
1000.08984375	0.2	512046	255	filler_word	79	27	1	delong	expected	an	a	accident	race	70	27	5.45	2.3	No matter how safely you drive your car chances are someday you'll be involved in	with another vehicle.	False	n/a	n/a
1000.62109375	0.2	512318	255	filler_word	79	27	1	delong	expected	an	a	accident	race	70	27	5.45	2.3	No matter how safely you drive your car chances are someday you'll be involved in	with another vehicle.	False	n/a	n/a
1001.15234375	0.2	512590	255	filler_word	79	27	1	delong	expected	an	a	accident	race	70	27	5.45	2.3	No matter how safely you drive your car chances are someday you'll be involved in	with another vehicle.	False	n/a	n/a
1001.681640625	0.2	512861	255	filler_word	79	27	1	delong	expected	an	a	accident	race	70	27	5.45	2.3	No matter how safely you drive your car chances are someday you'll be involved in	with another vehicle.	False	n/a	n/a
1002.212890625	0.2	513133	255	filler_word	79	27	1	delong	expected	an	a	accident	race	70	27	5.45	2.3	No matter how safely you drive your car chances are someday you'll be involved in	with another vehicle.	False	n/a	n/a
1002.744140625	0.2	513405	255	filler_word	79	27	1	delong	expected	an	a	accident	race	70	27	5.45	2.3	No matter how safely you drive your car chances are someday you'll be involved in	with another vehicle.	False	n/a	n/a
1003.2734375	0.2	513676	255	filler_word	79	27	1	delong	expected	an	a	accident	race	70	27	5.45	2.3	No matter how safely you drive your car chances are someday you'll be involved in	with another vehicle.	False	n/a	n/a
1003.8046875	0.2	513948	255	filler_word	79	27	1	delong	expected	an	a	accident	race	70	27	5.45	2.3	No matter how safely you drive your car chances are someday you'll be involved in	with another vehicle.	False	n/a	n/a
1004.333984375	0.2	514219	255	filler_word	79	27	1	delong	expected	an	a	accident	race	70	27	5.45	2.3	No matter how safely you drive your car chances are someday you'll be involved in	with another vehicle.	False	n/a	n/a
1004.865234375	0.2	514491	255	filler_word	79	27	1	delong	expected	an	a	accident	race	70	27	5.45	2.3	No matter how safely you drive your car chances are someday you'll be involved in	with another vehicle.	False	n/a	n/a
1005.396484375	0.2	514763	202	an_expected	79	27	1	delong	expected	an	a	accident	race	70	27	5.45	2.3	No matter how safely you drive your car chances are someday you'll be involved in	with another vehicle.	False	n/a	n/a
1005.7109375	0.0	514924	159	item_marker	80	59	1	delong	expected	an	a	airport	city	52	16	6.03	4.9	The pilot had to make an emergency landing in the middle of the desert because he was nowhere near	or a safe place to land.	False	n/a	n/a
1005.767578125	0.0	514953	52	cloze_marker	80	59	1	delong	expected	an	a	airport	city	52	16	6.03	4.9	The pilot had to make an emergency landing in the middle of the desert because he was nowhere near	or a safe place to land.	False	n/a	n/a
1005.9765625	0.2	515060	205	noun_expected	80	59	1	delong	expected	an	a	airport	city	52	16	6.03	4.9	The pilot had to make an emergency landing in the middle of the desert because he was nowhere near	or a safe place to land.	False	n/a	n/a
1006.291015625	0.0	515221	159	item_marker	81	59	1	delong	expected	an	a	airport	city	52	16	6.03	4.9	The pilot had to make an emergency landing in the middle of the desert because he was nowhere near	or a safe place to land.	False	n/a	n/a
1006.34765625	0.0	515250	73	cloze_marker	81	59	1	delong	expected	an	a	airport	city	52	16	6.03	4.9	The pilot had to make an emergency landing in the middle of the desert because he was nowhere near	or a safe place to land.	False	n/a	n/a
1006.556640625	0.2	515357	255	filler_word	81	59	1	delong	expected	an	a	airport	city	52	16	6.03	4.9	The pilot had to make an emergency landing in the middle of the desert because he was nowhere near	or a safe place to land.	False	n/a	n/a
1007.0859375	0.2	515628	255	filler_word	81	59	1	delong	expected	an	a	airport	city	52	16	6.03	4.9	The pilot had to make an emergency landing in the middle of the desert because he was nowhere near	or a safe place to land.	False	n/a	n/a
1007.6171875	0.2	515900	255	filler_word	81	59	1	delong	expected	an	a	airport	city	52	16	6.03	4.9	The pilot had to make an emergency landing in the middle of the desert because he was nowhere near	or a safe place to land.	False	n/a	n/a
1008.1484375	0.2	516172	255	filler_word	81	59	1	delong	expected	an	a	airport	city	52	16	6.03	4.9	The pilot had to make an emergency landing in the middle of the desert because he was nowhere near	or a safe place to land.	False	n/a	n/a
1008.677734375	0.2	516443	255	filler_word	81	59	1	delong	expected	an	a	airport	city	52	16	6.03	4.9	The pilot had to make an emergency landing in the middle of the desert because he was nowhere near	or a safe place to land.	False	n/a	n/a
1009.208984375	0.2	516715	207	final_expected	81	59	1	delong	expected	an	a	airport	city	52	16	6.03	4.9	The pilot had to make an emergency landing in the middle of the desert because he was nowhere near	or a safe place to land.	False	n/a	n/a
1012.806640625	0.2	518557	255	filler_word	81	59	1	delong	expected	an	a	airport	city	52	16	6.03	4.9	The pilot had to make an emergency landing in the middle of the desert because he was nowhere near	or a safe place to land.	False	n/a	n/a
1013.337890625	0.2	518829	255	filler_word	81	59	1	delong	expected	an	a	airport	city	52	16	6.03	4.9	The pilot had to make an emergency landing in the middle of the desert because he was nowhere near	or a safe place to land.	False	n/a	n/a
1013.8671875	0.2	519100	255	filler_word	81	59	1	delong	expected	an	a	airport	city	52	16	6.03	4.9	The pilot had to make an emergency landing in the middle of the desert because he was nowhere near	or a safe place to land.	False	n/a	n/a
1014.3984375	0.2	519372	255	filler_word	81	59	1	delong	expected	an	a	airport	city	52	16	6.03	4.9	The pilot had to make an emergency landing in the middle of the desert because he was nowhere near	or a safe place to land.	False	n/a	n/a
1014.927734375	0.2	519643	255	filler_word	81	59	1	delong	expected	an	a	airport	city	52	16	6.03	4.9	The pilot had to make an emergency landing in the middle of the desert because he was nowhere near	or a safe place to land.	False	n/a	n/a
1015.458984375	0.2	519915	255	filler_word	81	59	1	delong	expected	an	a	airport	city	52	16	6.03	4.9	The pilot had to make an emergency landing in the middle of the desert because he was nowhere near	or a safe place to land.	False	n/a	n/a
1015.990234375	0.2	520187	255	filler_word	81	59	1	delong	expected	an	a	airport	city	52	16	6.03	4.9	The pilot had to make an emergency landing in the middle of the desert because he was nowhere near	or a safe place to land.	False	n/a	n/a
1016.51953125	0.2	520458	255	filler_word	81	59	1	delong	expected	an	a	airport	city	52	16	6.03	4.9	The pilot had to make an emergency landing in the middle of the desert because he was nowhere near	or a safe place to land.	False	n/a	n/a
1017.05078125	0.2	520730	255	filler_word	81	59	1	delong	expected	an	a	airport	city	52	16	6.03	4.9	The pilot had to make an emergency landing in the middle of the desert because he was nowhere near	or a safe place to land.	False	n/a	n/a
1017.58203125	0.2	521002	255	filler_word	81	59	1	delong	expected	an	a	airport	city	52	16	6.03	4.9	The pilot had to make an emergency landing in the middle of the desert because he was nowhere near	or a safe place to land.	False	n/a	n/a
1018.111328125	0.2	521273	255	filler_word	81	59	1	delong	expected	an	a	airport	city	52	16	6.03	4.9	The pilot had to make an emergency landing in the middle of the desert because he was nowhere near	or a safe place to land.	False	n/a	n/a
1018.642578125	0.2	521545	255	filler_word	81	59	1	delong	expected	an	a	airport	city	52	16	6.03	4.9	The pilot had to make an emergency landing in the middle of the desert because he was nowhere near	or a safe place to land.	False	n/a	n/a
1019.171875	0.2	521816	255	filler_word	81	59	1	delong	expected	an	a	airport	city	52	16	6.03	4.9	The pilot had to make an emergency landing in the middle of the desert because he was nowhere near	or a safe place to land.	False	n/a	n/a
1019.703125	0.2	522088	255	filler_word	81	59	1	delong	expected	an	a	airport	city	52	16	6.03	4.9	The pilot had to make an emergency landing in the middle of the desert because he was nowhere near	or a safe place to land.	False	n/a	n/a
1020.234375	0.2	522360	255	filler_word	81	59	1	delong	expected	an	a	airport	city	52	16	6.03	4.9	The pilot had to make an emergency landing in the middle of the desert because he was nowhere near	or a safe place to land.	False	n/a	n/a
1020.763671875	0.2	522631	255	filler_word	81	59	1	delong	expected	an	a	airport	city	52	16	6.03	4.9	The pilot had to make an emergency landing in the middle of the desert because he was nowhere near	or a safe place to land.	False	n/a	n/a
1021.294921875	0.2	522903	204	an_unexpected	81	59	1	delong	expected	an	a	airport	city	52	16	6.03	4.9	The pilot had to make an emergency landing in the middle of the desert because he was nowhere near	or a safe place to land.	False	n/a	n/a
1021.611328125	0.0	523065	154	item_marker	82	54	1	delong	unexpected	a	an	director	actor	93	5	6.17	5.55	From a young age Steven had an interest in filmmaking and had always dreamed of being	when he grew up.	True	Was Steven interested in art?	no
1021.666015625	0.0	523093	5	cloze_marker	82	54	1	delong	unexpected	a	an	director	actor	93	5	6.17	5.55	From a young age Steven had an interest in filmmaking and had always dreamed of being	when he grew up.	True	Was Steven interested in art?	no
1021.875	0.2	523200	206	noun_unexpected	82	54	1	delong	unexpected	a	an	director	actor	93	5	6.17	5.55	From a young age Steven had an interest in filmmaking and had always dreamed of being	when he grew up.	True	Was Steven interested in art?	no
1022.19140625	0.0	523362	154	item_marker	83	54	1	delong	unexpected	a	an	director	actor	93	5	6.17	5.55	From a young age Steven had an interest in filmmaking and had always dreamed of being	when he grew up.	True	Was Steven interested in art?	no
1022.24609375	0.0	523390	30	cloze_marker	83	54	1	delong	unexpected	a	an	director	actor	93	5	6.17	5.55	From a young age Steven had an interest in filmmaking and had always dreamed of being	when he grew up.	True	Was Steven interested in art?	no
1022.455078125	0.2	523497	255	filler_word	83	54	1	delong	unexpected	a	an	director	actor	93	5	6.17	5.55	From a young age Steven had an interest in filmmaking and had always dreamed of being	when he grew up.	True	Was Steven interested in art?	no
1022.986328125	0.2	523769	255	filler_word	83	54	1	delong	unexpected	a	an	director	actor	93	5	6.17	5.55	From a young age Steven had an interest in filmmaking and had always dreamed of being	when he grew up.	True	Was Steven interested in art?	no
1023.515625	0.2	524040	255	filler_word	83	54	1	delong	unexpected	a	an	director	actor	93	5	6.17	5.55	From a young age Steven had an interest in filmmaking and had always dreamed of being	when he grew up.	True	Was Steven interested in art?	no
1024.046875	0.2	524312	208	final_unexpected	83	54	1	delong	unexpected	a	an	director	actor	93	5	6.17	5.55	From a young age Steven had an interest in filmmaking and had always dreamed of being	when he grew up.	True	Was Steven interested in art?	no
1027.9765625	0.0	526324	251	question	83	54	1	delong	unexpected	a	an	director	actor	93	5	6.17	5.55	From a young age Steven had an interest in filmmaking and had always dreamed of being	when he grew up.	True	Was Steven interested in art?	no
1031.30859375	0.2	528030	255	filler_word	83	54	1	delong	unexpected	a	an	director	actor	93	5	6.17	5.55	From a young age Steven had an interest in filmmaking and had always dreamed of being	when he grew up.	True	Was Steven interested in art?	no
1031.83984375	0.2	528302	255	filler_word	83	54	1	delong	unexpected	a	an	director	actor	93	5	6.17	5.55	From a young age Steven had an interest in filmmaking and had always dreamed of being	when he grew up.	True	Was Steven interested in art?	no
1032.369140625	0.2	528573	255	filler_word	83	54	1	delong	unexpected	a	an	director	actor	93	5	6.17	5.55	From a young age Steven had an interest in filmmaking and had always dreamed of being	when he grew up.	True	Was Steven interested in art?	no
1032.900390625	0.2	528845	255	filler_word	83	54	1	delong	unexpected	a	an	director	actor	93	5	6.17	5.55	From a young age Steven had an interest in filmmaking and had always dreamed of being	when he grew up.	True	Was Steven interested in art?	no
1033.4296875	0.2	529116	255	filler_word	83	54	1	delong	unexpected	a	an	director	actor	93	5	6.17	5.55	From a young age Steven had an interest in filmmaking and had always dreamed of being	when he grew up.	True	Was Steven interested in art?	no
1033.9609375	0.2	529388	255	filler_word	83	54	1	delong	unexpected	a	an	director	actor	93	5	6.17	5.55	From a young age Steven had an interest in filmmaking and had always dreamed of being	when he grew up.	True	Was Steven interested in art?	no
1034.490234375	0.2	529659	255	filler_word	83	54	1	delong	unexpected	a	an	director	actor	93	5	6.17	5.55	From a young age Steven had an interest in filmmaking and had always dreamed of being	when he grew up.	True	Was Steven interested in art?	no
1035.021484375	0.2	529931	255	filler_word	83	54	1	delong	unexpected	a	an	director	actor	93	5	6.17	5.55	From a young age Steven had an interest in filmmaking and had always dreamed of being	when he grew up.	True	Was Steven interested in art?	no
1035.552734375	0.2	530203	255	filler_word	83	54	1	delong	unexpected	a	an	director	actor	93	5	6.17	5.55	From a young age Steven had an interest in filmmaking and had always dreamed of being	when he grew up.	True	Was Steven interested in art?	no
1036.083984375	0.2	530475	255	filler_word	83	54	1	delong	unexpected	a	an	director	actor	93	5	6.17	5.55	From a young age Steven had an interest in filmmaking and had always dreamed of being	when he grew up.	True	Was Steven interested in art?	no
1036.61328125	0.2	530746	255	filler_word	83	54	1	delong	unexpected	a	an	director	actor	93	5	6.17	5.55	From a young age Steven had an interest in filmmaking and had always dreamed of being	when he grew up.	True	Was Steven interested in art?	no
1037.14453125	0.2	531018	255	filler_word	83	54	1	delong	unexpected	a	an	director	actor	93	5	6.17	5.55	From a young age Steven had an interest in filmmaking and had always dreamed of being	when he grew up.	True	Was Steven interested in art?	no
1037.67578125	0.2	531290	255	filler_word	83	54	1	delong	unexpected	a	an	director	actor	93	5	6.17	5.55	From a young age Steven had an interest in filmmaking and had always dreamed of being	when he grew up.	True	Was Steven interested in art?	no
1038.205078125	0.2	531561	255	filler_word	83	54	1	delong	unexpected	a	an	director	actor	93	5	6.17	5.55	From a young age Steven had an interest in filmmaking and had always dreamed of being	when he grew up.	True	Was Steven interested in art?	no
1038.736328125	0.2	531833	255	filler_word	83	54	1	delong	unexpected	a	an	director	actor	93	5	6.17	5.55	From a young age Steven had an interest in filmmaking and had always dreamed of being	when he grew up.	True	Was Steven interested in art?	no
1039.265625	0.2	532104	255	filler_word	83	54	1	delong	unexpected	a	an	director	actor	93	5	6.17	5.55	From a young age Steven had an interest in filmmaking and had always dreamed of being	when he grew up.	True	Was Steven interested in art?	no
1039.796875	0.2	532376	204	an_unexpected	83	54	1	delong	unexpected	a	an	director	actor	93	5	6.17	5.55	From a young age Steven had an interest in filmmaking and had always dreamed of being	when he grew up.	True	Was Steven interested in art?	no
1040.11328125	0.0	532538	146	item_marker	84	46	1	delong	unexpected	a	an	beginner	amateur	82	16	6.17	6.16	There are always ways to improve your game whether you're an advanced tennis player or merely	you just need to practice a lot.	False	n/a	n/a
1040.16796875	0.0	532566	16	cloze_marker	84	46	1	delong	unexpected	a	an	beginner	amateur	82	16	6.17	6.16	There are always ways to improve your game whether you're an advanced tennis player or merely	you just need to practice a lot.	False	n/a	n/a
1040.376953125	0.2	532673	206	noun_unexpected	84	46	1	delong	unexpected	a	an	beginner	amateur	82	16	6.17	6.16	There are always ways to improve your game whether you're an advanced tennis player or merely	you just need to practice a lot.	False	n/a	n/a
1040.693359375	0.0	532835	146	item_marker	85	46	1	delong	unexpected	a	an	beginner	amateur	82	16	6.17	6.16	There are always ways to improve your game whether you're an advanced tennis player or merely	you just need to practice a lot.	False	n/a	n/a
1040.748046875	0.0	532863	20	cloze_marker	85	46	1	delong	unexpected	a	an	beginner	amateur	82	16	6.17	6.16	There are always ways to improve your game whether you're an advanced tennis player or merely	you just need to practice a lot.	False	n/a	n/a
1040.95703125	0.2	532970	255	filler_word	85	46	1	delong	unexpected	a	an	beginner	amateur	82	16	6.17	6.16	There are always ways to improve your game whether you're an advanced tennis player or merely	you just need to practice a lot.	False	n/a	n/a
1041.48828125	0.2	533242	255	filler_word	85	46	1	delong	unexpected	a	an	beginner	amateur	82	16	6.17	6.16	There are always ways to improve your game whether you're an advanced tennis player or merely	you just need to practice a lot.	False	n/a	n/a
1042.017578125	0.2	533513	255	filler_word	85	46	1	delong	unexpected	a	an	beginner	amateur	82	16	6.17	6.16	There are always ways to improve your game whether you're an advanced tennis player or merely	you just need to practice a lot.	False	n/a	n/a
1042.548828125	0.2	533785	255	filler_word	85	46	1	delong	unexpected	a	an	beginner	amateur	82	16	6.17	6.16	There are always ways to improve your game whether you're an advanced tennis player or merely	you just need to practice a lot.	False	n/a	n/a
1043.080078125	0.2	534057	255	filler_word	85	46	1	delong	unexpected	a	an	beginner	amateur	82	16	6.17	6.16	There are always ways to improve your game whether you're an advanced tennis player or merely	you just need to practice a lot.	False	n/a	n/a
1043.609375	0.2	534328	255	filler_word	85	46	1	delong	unexpected	a	an	beginner	amateur	82	16	6.17	6.16	There are always ways to improve your game whether you're an advanced tennis player or merely	you just need to practice a lot.	False	n/a	n/a
1044.140625	0.2	534600	208	final_unexpected	85	46	1	delong	unexpected	a	an	beginner	amateur	82	16	6.17	6.16	There are always ways to improve your game whether you're an advanced tennis player or merely	you just need to practice a lot.	False	n/a	n/a
1047.5390625	0.2	536340	255	filler_word	85	46	1	delong	unexpected	a	an	beginner	amateur	82	16	6.17	6.16	There are always ways to improve your game whether you're an advanced tennis player or merely	you just need to practice a lot.	False	n/a	n/a
1048.068359375	0.2	536611	255	filler_word	85	46	1	delong	unexpected	a	an	beginner	amateur	82	16	6.17	6.16	There are always ways to improve your game whether you're an advanced tennis player or merely	you just need to practice a lot.	False	n/a	n/a
1048.599609375	0.2	536883	255	filler_word	85	46	1	delong	unexpected	a	an	beginner	amateur	82	16	6.17	6.16	There are always ways to improve your game whether you're an advanced tennis player or merely	you just need to practice a lot.	False	n/a	n/a
1049.130859375	0.2	537155	255	filler_word	85	46	1	delong	unexpected	a	an	beginner	amateur	82	16	6.17	6.16	There are always ways to improve your game whether you're an advanced tennis player or merely	you just need to practice a lot.	False	n/a	n/a
1049.66015625	0.2	537426	255	filler_word	85	46	1	delong	unexpected	a	an	beginner	amateur	82	16	6.17	6.16	There are always ways to improve your game whether you're an advanced tennis player or merely	you just need to practice a lot.	False	n/a	n/a
1050.19140625	0.2	537698	255	filler_word	85	46	1	delong	unexpected	a	an	beginner	amateur	82	16	6.17	6.16	There are always ways to improve your game whether you're an advanced tennis player or merely	you just need to practice a lot.	False	n/a	n/a
1050.72265625	0.2	537970	255	filler_word	85	46	1	delong	unexpected	a	an	beginner	amateur	82	16	6.17	6.16	There are always ways to improve your game whether you're an advanced tennis player or merely	you just need to practice a lot.	False	n/a	n/a
1051.25390625	0.2	538242	255	filler_word	85	46	1	delong	unexpected	a	an	beginner	amateur	82	16	6.17	6.16	There are always ways to improve your game whether you're an advanced tennis player or merely	you just need to practice a lot.	False	n/a	n/a
1051.783203125	0.2	538513	255	filler_word	85	46	1	delong	unexpected	a	an	beginner	amateur	82	16	6.17	6.16	There are always ways to improve your game whether you're an advanced tennis player or merely	you just need to practice a lot.	False	n/a	n/a
1052.314453125	0.2	538785	255	filler_word	85	46	1	delong	unexpected	a	an	beginner	amateur	82	16	6.17	6.16	There are always ways to improve your game whether you're an advanced tennis player or merely	you just need to practice a lot.	False	n/a	n/a
1052.84375	0.2	539056	201	a_expected	85	46	1	delong	unexpected	a	an	beginner	amateur	82	16	6.17	6.16	There are always ways to improve your game whether you're an advanced tennis player or merely	you just need to practice a lot.	False	n/a	n/a
1053.16015625	0.0	539218	148	item_marker	86	48	1	delong	expected	a	an	story	excuse	89	0	6.55	2.4	Before little Gloria went to sleep she wanted to hear	from her mother.	False	n/a	n/a
1053.21484375	0.0	539246	89	cloze_marker	86	48	1	delong	expected	a	an	story	excuse	89	0	6.55	2.4	Before little Gloria went to sleep she wanted to hear	from her mother.	False	n/a	n/a
1053.423828125	0.2	539353	205	noun_expected	86	48	1	delong	expected	a	an	story	excuse	89	0	6.55	2.4	Before little Gloria went to sleep she wanted to hear	from her mother.	False	n/a	n/a
1053.740234375	0.0	539515	148	item_marker	87	48	1	delong	expected	a	an	story	excuse	89	0	6.55	2.4	Before little Gloria went to sleep she wanted to hear	from her mother.	False	n/a	n/a
1053.794921875	0.0	539543	87	cloze_marker	87	48	1	delong	expected	a	an	story	excuse	89	0	6.55	2.4	Before little Gloria went to sleep she wanted to hear	from her mother.	False	n/a	n/a
1054.005859375	0.2	539651	255	filler_word	87	48	1	delong	expected	a	an	story	excuse	89	0	6.55	2.4	Before little Gloria went to sleep she wanted to hear	from her mother.	False	n/a	n/a
1054.53515625	0.2	539922	255	filler_word	87	48	1	delong	expected	a	an	story	excuse	89	0	6.55	2.4	Before little Gloria went to sleep she wanted to hear	from her mother.	False	n/a	n/a
1055.06640625	0.2	540194	207	final_expected	87	48	1	delong	expected	a	an	story	excuse	89	0	6.55	2.4	Before little Gloria went to sleep she wanted to hear	from her mother.	False	n/a	n/a
1058.3984375	0.2	541900	255	filler_word	87	48	1	delong	expected	a	an	story	excuse	89	0	6.55	2.4	Before little Gloria went to sleep she wanted to hear	from her mother.	False	n/a	n/a
1058.9296875	0.2	542172	255	filler_word	87	48	1	delong	expected	a	an	story	excuse	89	0	6.55	2.4	Before little Gloria went to sleep she wanted to hear	from her mother.	False	n/a	n/a
1059.458984375	0.2	542443	255	filler_word	87	48	1	delong	expected	a	an	story	excuse	89	0	6.55	2.4	Before little Gloria went to sleep she wanted to hear	from her mother.	False	n/a	n/a
1059.990234375	0.2	542715	255	filler_word	87	48	1	delong	expected	a	an	story	excuse	89	0	6.55	2.4	Before little Gloria went to sleep she wanted to hear	from her mother.	False	n/a	n/a
1060.51953125	0.2	542986	255	filler_word	87	48	1	delong	expected	a	an	story	excuse	89	0	6.55	2.4	Before little Gloria went to sleep she wanted to hear	from her mother.	False	n/a	n/a
1061.05078125	0.2	543258	255	filler_word	87	48	1	delong	expected	a	an	story	excuse	89	0	6.55	2.4	Before little Gloria went to sleep she wanted to hear	from her mother.	False	n/a	n/a
1061.580078125	0.2	543529	255	filler_word	87	48	1	delong	expected	a	an	story	excuse	89	0	6.55	2.4	Before little Gloria went to sleep she wanted to hear	from her mother.	False	n/a	n/a
1062.111328125	0.2	543801	255	filler_word	87	48	1	delong	expected	a	an	story	excuse	89	0	6.55	2.4	Before little Gloria went to sleep she wanted to hear	from her mother.	False	n/a	n/a
1062.642578125	0.2	544073	255	filler_word	87	48	1	delong	expected	a	an	story	excuse	89	0	6.55	2.4	Before little Gloria went to sleep she wanted to hear	from her mother.	False	n/a	n/a
1063.173828125	0.2	544345	255	filler_word	87	48	1	delong	expected	a	an	story	excuse	89	0	6.55	2.4	Before little Gloria went to sleep she wanted to hear	from her mother.	False	n/a	n/a
1063.703125	0.2	544616	255	filler_word	87	48	1	delong	expected	a	an	story	excuse	89	0	6.55	2.4	Before little Gloria went to sleep she wanted to hear	from her mother.	False	n/a	n/a
1064.234375	0.2	544888	255	filler_word	87	48	1	delong	expected	a	an	story	excuse	89	0	6.55	2.4	Before little Gloria went to sleep she wanted to hear	from her mother.	False	n/a	n/a
1064.763671875	0.2	545159	255	filler_word	87	48	1	delong	expected	a	an	story	excuse	89	0	6.55	2.4	Before little Gloria went to sleep she wanted to hear	from her mother.	False	n/a	n/a
1065.294921875	0.2	545431	255	filler_word	87	48	1	delong	expected	a	an	story	excuse	89	0	6.55	2.4	Before little Gloria went to sleep she wanted to hear	from her mother.	False	n/a	n/a
1065.826171875	0.2	545703	255	filler_word	87	48	1	delong	expected	a	an	story	excuse	89	0	6.55	2.4	Before little Gloria went to sleep she wanted to hear	from her mother.	False	n/a	n/a
1066.35546875	0.2	545974	255	filler_word	87	48	1	delong	expected	a	an	story	excuse	89	0	6.55	2.4	Before little Gloria went to sleep she wanted to hear	from her mother.	False	n/a	n/a
1066.88671875	0.2	546246	255	filler_word	87	48	1	delong	expected	a	an	story	excuse	89	0	6.55	2.4	Before little Gloria went to sleep she wanted to hear	from her mother.	False	n/a	n/a
1067.416015625	0.2	546517	255	filler_word	87	48	1	delong	expected	a	an	story	excuse	89	0	6.55	2.4	Before little Gloria went to sleep she wanted to hear	from her mother.	False	n/a	n/a
1067.947265625	0.2	546789	255	filler_word	87	48	1	delong	expected	a	an	story	excuse	89	0	6.55	2.4	Before little Gloria went to sleep she wanted to hear	from her mother.	False	n/a	n/a
1068.478515625	0.2	547061	255	filler_word	87	48	1	delong	expected	a	an	story	excuse	89	0	6.55	2.4	Before little Gloria went to sleep she wanted to hear	from her mother.	False	n/a	n/a
1069.009765625	0.2	547333	202	an_expected	87	48	1	delong	expected	a	an	story	excuse	89	0	6.55	2.4	Before little Gloria went to sleep she wanted to hear	from her mother.	False	n/a	n/a
1069.32421875	0.0	547494	147	item_marker	88	47	1	delong	expected	an	a	excuse	story	91	7	6.26	4.93	Amelia did not want to go to the bar with her friends after seeing the movie so she made up	for why she needed to go home early.	True	Did Amelia go home late?	no
1069.37890625	0.0	547522	91	cloze_marker	88	47	1	delong	expected	an	a	excuse	story	91	7	6.26	4.93	Amelia did not want to go to the bar with her friends after seeing the movie so she made up	for why she needed to go home early.	True	Did Amelia go home late?	no
1069.58984375	0.2	547630	205	noun_expected	88	47	1	delong	expected	an	a	excuse	story	91	7	6.26	4.93	Amelia did not want to go to the bar with her friends after seeing the movie so she made up	for why she needed to go home early.	True	Did Amelia go home late?	no
1069.904296875	0.0	547791	147	item_marker	89	47	1	delong	expected	an	a	excuse	story	91	7	6.26	4.93	Amelia did not want to go to the bar with her friends after seeing the movie so she made up	for why she needed to go home early.	True	Did Amelia go home late?	no
1069.958984375	0.0	547819	100	cloze_marker	89	47	1	delong	expected	an	a	excuse	story	91	7	6.26	4.93	Amelia did not want to go to the bar with her friends after seeing the movie so she made up	for why she needed to go home early.	True	Did Amelia go home late?	no
1070.16796875	0.2	547926	255	filler_word	89	47	1	delong	expected	an	a	excuse	story	91	7	6.26	4.93	Amelia did not want to go to the bar with her friends after seeing the movie so she made up	for why she needed to go home early.	True	Did Amelia go home late?	no
1070.69921875	0.2	548198	255	filler_word	89	47	1	delong	expected	an	a	excuse	story	91	7	6.26	4.93	Amelia did not want to go to the bar with her friends after seeing the movie so she made up	for why she needed to go home early.	True	Did Amelia go home late?	no
1071.23046875	0.2	548470	255	filler_word	89	47	1	delong	expected	an	a	excuse	story	91	7	6.26	4.93	Amelia did not want to go to the bar with her friends after seeing the movie so she made up	for why she needed to go home early.	True	Did Amelia go home late?	no
1071.76171875	0.2	548742	255	filler_word	89	47	1	delong	expected	an	a	excuse	story	91	7	6.26	4.93	Amelia did not want to go to the bar with her friends after seeing the movie so she made up	for why she needed to go home early.	True	Did Amelia go home late?	no
1072.291015625	0.2	549013	255	filler_word	89	47	1	delong	expected	an	a	excuse	story	91	7	6.26	4.93	Amelia did not want to go to the bar with her friends after seeing the movie so she made up	for why she needed to go home early.	True	Did Amelia go home late?	no
1072.822265625	0.2	549285	255	filler_word	89	47	1	delong	expected	an	a	excuse	story	91	7	6.26	4.93	Amelia did not want to go to the bar with her friends after seeing the movie so she made up	for why she needed to go home early.	True	Did Amelia go home late?	no
1073.3515625	0.2	549556	255	filler_word	89	47	1	delong	expected	an	a	excuse	story	91	7	6.26	4.93	Amelia did not want to go to the bar with her friends after seeing the movie so she made up	for why she needed to go home early.	True	Did Amelia go home late?	no
1073.8828125	0.2	549828	207	final_expected	89	47	1	delong	expected	an	a	excuse	story	91	7	6.26	4.93	Amelia did not want to go to the bar with her friends after seeing the movie so she made up	for why she needed to go home early.	True	Did Amelia go home late?	no
1077.447265625	0.0	551653	251	question	89	47	1	delong	expected	an	a	excuse	story	91	7	6.26	4.93	Amelia did not want to go to the bar with her friends after seeing the movie so she made up	for why she needed to go home early.	True	Did Amelia go home late?	no
1079.66796875	0.2	552790	255	filler_word	89	47	1	delong	expected	an	a	excuse	story	91	7	6.26	4.93	Amelia did not want to go to the bar with her friends after seeing the movie so she made up	for why she needed to go home early.	True	Did Amelia go home late?	no
1080.19921875	0.2	553062	255	filler_word	89	47	1	delong	expected	an	a	excuse	story	91	7	6.26	4.93	Amelia did not want to go to the bar with her friends after seeing the movie so she made up	for why she needed to go home early.	True	Did Amelia go home late?	no
1080.73046875	0.2	553334	255	filler_word	89	47	1	delong	expected	an	a	excuse	story	91	7	6.26	4.93	Amelia did not want to go to the bar with her friends after seeing the movie so she made up	for why she needed to go home early.	True	Did Amelia go home late?	no
1081.259765625	0.2	553605	255	filler_word	89	47	1	delong	expected	an	a	excuse	story	91	7	6.26	4.93	Amelia did not want to go to the bar with her friends after seeing the movie so she made up	for why she needed to go home early.	True	Did Amelia go home late?	no
1081.791015625	0.2	553877	255	filler_word	89	47	1	delong	expected	an	a	excuse	story	91	7	6.26	4.93	Amelia did not want to go to the bar with her friends after seeing the movie so she made up	for why she needed to go home early.	True	Did Amelia go home late?	no
1082.322265625	0.2	554149	255	filler_word	89	47	1	delong	expected	an	a	excuse	story	91	7	6.26	4.93	Amelia did not want to go to the bar with her friends after seeing the movie so she made up	for why she needed to go home early.	True	Did Amelia go home late?	no
1082.8515625	0.2	554420	255	filler_word	89	47	1	delong	expected	an	a	excuse	story	91	7	6.26	4.93	Amelia did not want to go to the bar with her friends after seeing the movie so she made up	for why she needed to go home early.	True	Did Amelia go home late?	no
1083.3828125	0.2	554692	255	filler_word	89	47	1	delong	expected	an	a	excuse	story	91	7	6.26	4.93	Amelia did not want to go to the bar with her friends after seeing the movie so she made up	for why she needed to go home early.	True	Did Amelia go home late?	no
1083.912109375	0.2	554963	255	filler_word	89	47	1	delong	expected	an	a	excuse	story	91	7	6.26	4.93	Amelia did not want to go to the bar with her friends after seeing the movie so she made up	for why she needed to go home early.	True	Did Amelia go home late?	no
1084.443359375	0.2	555235	255	filler_word	89	47	1	delong	expected	an	a	excuse	story	91	7	6.26	4.93	Amelia did not want to go to the bar with her friends after seeing the movie so she made up	for why she needed to go home early.	True	Did Amelia go home late?	no
1084.974609375	0.2	555507	255	filler_word	89	47	1	delong	expected	an	a	excuse	story	91	7	6.26	4.93	Amelia did not want to go to the bar with her friends after seeing the movie so she made up	for why she needed to go home early.	True	Did Amelia go home late?	no
1085.50390625	0.2	555778	255	filler_word	89	47	1	delong	expected	an	a	excuse	story	91	7	6.26	4.93	Amelia did not want to go to the bar with her friends after seeing the movie so she made up	for why she needed to go home early.	True	Did Amelia go home late?	no
1086.03515625	0.2	556050	255	filler_word	89	47	1	delong	expected	an	a	excuse	story	91	7	6.26	4.93	Amelia did not want to go to the bar with her friends after seeing the movie so she made up	for why she needed to go home early.	True	Did Amelia go home late?	no
1086.56640625	0.2	556322	255	filler_word	89	47	1	delong	expected	an	a	excuse	story	91	7	6.26	4.93	Amelia did not want to go to the bar with her friends after seeing the movie so she made up	for why she needed to go home early.	True	Did Amelia go home late?	no
1087.095703125	0.2	556593	255	filler_word	89	47	1	delong	expected	an	a	excuse	story	91	7	6.26	4.93	Amelia did not want to go to the bar with her friends after seeing the movie so she made up	for why she needed to go home early.	True	Did Amelia go home late?	no
1087.626953125	0.2	556865	255	filler_word	89	47	1	delong	expected	an	a	excuse	story	91	7	6.26	4.93	Amelia did not want to go to the bar with her friends after seeing the movie so she made up	for why she needed to go home early.	True	Did Amelia go home late?	no
1088.15625	0.2	557136	201	a_expected	89	47	1	delong	expected	an	a	excuse	story	91	7	6.26	4.93	Amelia did not want to go to the bar with her friends after seeing the movie so she made up	for why she needed to go home early.	True	Did Amelia go home late?	no
1088.47265625	0.0	557298	160	item_marker	90	60	1	delong	expected	a	an	city	airport	16	0	6.45	4.77	Hannah wanted to live in a small town but her husband preferred to live closer to	because of his job.	False	n/a	n/a
1088.52734375	0.0	557326	16	cloze_marker	90	60	1	delong	expected	a	an	city	airport	16	0	6.45	4.77	Hannah wanted to live in a small town but her husband preferred to live closer to	because of his job.	False	n/a	n/a
1088.73828125	0.2	557434	205	noun_expected	90	60	1	delong	expected	a	an	city	airport	16	0	6.45	4.77	Hannah wanted to live in a small town but her husband preferred to live closer to	because of his job.	False	n/a	n/a
1089.052734375	0.0	557595	160	item_marker	91	60	1	delong	expected	a	an	city	airport	16	0	6.45	4.77	Hannah wanted to live in a small town but her husband preferred to live closer to	because of his job.	False	n/a	n/a
1089.107421875	0.0	557623	90	cloze_marker	91	60	1	delong	expected	a	an	city	airport	16	0	6.45	4.77	Hannah wanted to live in a small town but her husband preferred to live closer to	because of his job.	False	n/a	n/a
1089.318359375	0.2	557731	255	filler_word	91	60	1	delong	expected	a	an	city	airport	16	0	6.45	4.77	Hannah wanted to live in a small town but her husband preferred to live closer to	because of his job.	False	n/a	n/a
1089.84765625	0.2	558002	255	filler_word	91	60	1	delong	expected	a	an	city	airport	16	0	6.45	4.77	Hannah wanted to live in a small town but her husband preferred to live closer to	because of his job.	False	n/a	n/a
1090.37890625	0.2	558274	255	filler_word	91	60	1	delong	expected	a	an	city	airport	16	0	6.45	4.77	Hannah wanted to live in a small town but her husband preferred to live closer to	because of his job.	False	n/a	n/a
1090.908203125	0.2	558545	207	final_expected	91	60	1	delong	expected	a	an	city	airport	16	0	6.45	4.77	Hannah wanted to live in a small town but her husband preferred to live closer to	because of his job.	False	n/a	n/a
1094.65625	0.2	560464	255	filler_word	91	60	1	delong	expected	a	an	city	airport	16	0	6.45	4.77	Hannah wanted to live in a small town but her husband preferred to live closer to	because of his job.	False	n/a	n/a
1095.1875	0.2	560736	255	filler_word	91	60	1	delong	expected	a	an	city	airport	16	0	6.45	4.77	Hannah wanted to live in a small town but her husband preferred to live closer to	because of his job.	False	n/a	n/a
1095.716796875	0.2	561007	255	filler_word	91	60	1	delong	expected	a	an	city	airport	16	0	6.45	4.77	Hannah wanted to live in a small town but her husband preferred to live closer to	because of his job.	False	n/a	n/a
1096.248046875	0.2	561279	255	filler_word	91	60	1	delong	expected	a	an	city	airport	16	0	6.45	4.77	Hannah wanted to live in a small town but her husband preferred to live closer to	because of his job.	False	n/a	n/a
1096.77734375	0.2	561550	255	filler_word	91	60	1	delong	expected	a	an	city	airport	16	0	6.45	4.77	Hannah wanted to live in a small town but her husband preferred to live closer to	because of his job.	False	n/a	n/a
1097.30859375	0.2	561822	255	filler_word	91	60	1	delong	expected	a	an	city	airport	16	0	6.45	4.77	Hannah wanted to live in a small town but her husband preferred to live closer to	because of his job.	False	n/a	n/a
1097.837890625	0.2	562093	255	filler_word	91	60	1	delong	expected	a	an	city	airport	16	0	6.45	4.77	Hannah wanted to live in a small town but her husband preferred to live closer to	because of his job.	False	n/a	n/a
1098.369140625	0.2	562365	255	filler_word	91	60	1	delong	expected	a	an	city	airport	16	0	6.45	4.77	Hannah wanted to live in a small town but her husband preferred to live closer to	because of his job.	False	n/a	n/a
1098.900390625	0.2	562637	255	filler_word	91	60	1	delong	expected	a	an	city	airport	16	0	6.45	4.77	Hannah wanted to live in a small town but her husband preferred to live closer to	because of his job.	False	n/a	n/a
1099.4296875	0.2	562908	255	filler_word	91	60	1	delong	expected	a	an	city	airport	16	0	6.45	4.77	Hannah wanted to live in a small town but her husband preferred to live closer to	because of his job.	False	n/a	n/a
1099.9609375	0.2	563180	255	filler_word	91	60	1	delong	expected	a	an	city	airport	16	0	6.45	4.77	Hannah wanted to live in a small town but her husband preferred to live closer to	because of his job.	False	n/a	n/a
1100.4921875	0.2	563452	255	filler_word	91	60	1	delong	expected	a	an	city	airport	16	0	6.45	4.77	Hannah wanted to live in a small town but her husband preferred to live closer to	because of his job.	False	n/a	n/a
1101.0234375	0.2	563724	255	filler_word	91	60	1	delong	expected	a	an	city	airport	16	0	6.45	4.77	Hannah wanted to live in a small town but her husband preferred to live closer to	because of his job.	False	n/a	n/a
1101.552734375	0.2	563995	255	filler_word	91	60	1	delong	expected	a	an	city	airport	16	0	6.45	4.77	Hannah wanted to live in a small town but her husband preferred to live closer to	because of his job.	False	n/a	n/a
1102.083984375	0.2	564267	255	filler_word	91	60	1	delong	expected	a	an	city	airport	16	0	6.45	4.77	Hannah wanted to live in a small town but her husband preferred to live closer to	because of his job.	False	n/a	n/a
1102.61328125	0.2	564538	204	an_unexpected	91	60	1	delong	expected	a	an	city	airport	16	0	6.45	4.77	Hannah wanted to live in a small town but her husband preferred to live closer to	because of his job.	False	n/a	n/a
1102.9296875	0.0	564700	142	item_marker	92	42	1	delong	unexpected	a	an	parent	adult	91	0	5.74	4.2	Older children often have a harder time than younger children dealing with the loss of	who has cared for them.	False	n/a	n/a
1102.984375	0.0	564728	200	cloze_marker	92	42	1	delong	unexpected	a	an	parent	adult	91	0	5.74	4.2	Older children often have a harder time than younger children dealing with the loss of	who has cared for them.	False	n/a	n/a
1103.193359375	0.2	564835	206	noun_unexpected	92	42	1	delong	unexpected	a	an	parent	adult	91	0	5.74	4.2	Older children often have a harder time than younger children dealing with the loss of	who has cared for them.	False	n/a	n/a
1103.509765625	0.0	564997	142	item_marker	93	42	1	delong	unexpected	a	an	parent	adult	91	0	5.74	4.2	Older children often have a harder time than younger children dealing with the loss of	who has cared for them.	False	n/a	n/a
1103.564453125	0.0	565025	13	cloze_marker	93	42	1	delong	unexpected	a	an	parent	adult	91	0	5.74	4.2	Older children often have a harder time than younger children dealing with the loss of	who has cared for them.	False	n/a	n/a
1103.775390625	0.2	565133	255	filler_word	93	42	1	delong	unexpected	a	an	parent	adult	91	0	5.74	4.2	Older children often have a harder time than younger children dealing with the loss of	who has cared for them.	False	n/a	n/a
1104.3046875	0.2	565404	255	filler_word	93	42	1	delong	unexpected	a	an	parent	adult	91	0	5.74	4.2	Older children often have a harder time than younger children dealing with the loss of	who has cared for them.	False	n/a	n/a
1104.8359375	0.2	565676	255	filler_word	93	42	1	delong	unexpected	a	an	parent	adult	91	0	5.74	4.2	Older children often have a harder time than younger children dealing with the loss of	who has cared for them.	False	n/a	n/a
1105.365234375	0.2	565947	255	filler_word	93	42	1	delong	unexpected	a	an	parent	adult	91	0	5.74	4.2	Older children often have a harder time than younger children dealing with the loss of	who has cared for them.	False	n/a	n/a
1105.896484375	0.2	566219	208	final_unexpected	93	42	1	delong	unexpected	a	an	parent	adult	91	0	5.74	4.2	Older children often have a harder time than younger children dealing with the loss of	who has cared for them.	False	n/a	n/a
1109.494140625	0.2	568061	255	filler_word	93	42	1	delong	unexpected	a	an	parent	adult	91	0	5.74	4.2	Older children often have a harder time than younger children dealing with the loss of	who has cared for them.	False	n/a	n/a
1110.025390625	0.2	568333	255	filler_word	93	42	1	delong	unexpected	a	an	parent	adult	91	0	5.74	4.2	Older children often have a harder time than younger children dealing with the loss of	who has cared for them.	False	n/a	n/a
1110.5546875	0.2	568604	255	filler_word	93	42	1	delong	unexpected	a	an	parent	adult	91	0	5.74	4.2	Older children often have a harder time than younger children dealing with the loss of	who has cared for them.	False	n/a	n/a
1111.0859375	0.2	568876	255	filler_word	93	42	1	delong	unexpected	a	an	parent	adult	91	0	5.74	4.2	Older children often have a harder time than younger children dealing with the loss of	who has cared for them.	False	n/a	n/a
1111.6171875	0.2	569148	255	filler_word	93	42	1	delong	unexpected	a	an	parent	adult	91	0	5.74	4.2	Older children often have a harder time than younger children dealing with the loss of	who has cared for them.	False	n/a	n/a
1112.146484375	0.2	569419	255	filler_word	93	42	1	delong	unexpected	a	an	parent	adult	91	0	5.74	4.2	Older children often have a harder time than younger children dealing with the loss of	who has cared for them.	False	n/a	n/a
1112.677734375	0.2	569691	255	filler_word	93	42	1	delong	unexpected	a	an	parent	adult	91	0	5.74	4.2	Older children often have a harder time than younger children dealing with the loss of	who has cared for them.	False	n/a	n/a
1113.20703125	0.2	569962	255	filler_word	93	42	1	delong	unexpected	a	an	parent	adult	91	0	5.74	4.2	Older children often have a harder time than younger children dealing with the loss of	who has cared for them.	False	n/a	n/a
1113.73828125	0.2	570234	255	filler_word	93	42	1	delong	unexpected	a	an	parent	adult	91	0	5.74	4.2	Older children often have a harder time than younger children dealing with the loss of	who has cared for them.	False	n/a	n/a
1114.267578125	0.2	570505	255	filler_word	93	42	1	delong	unexpected	a	an	parent	adult	91	0	5.74	4.2	Older children often have a harder time than younger children dealing with the loss of	who has cared for them.	False	n/a	n/a
1114.798828125	0.2	570777	201	a_expected	93	42	1	delong	unexpected	a	an	parent	adult	91	0	5.74	4.2	Older children often have a harder time than younger children dealing with the loss of	who has cared for them.	False	n/a	n/a
1115.115234375	0.0	570939	152	item_marker	94	52	1	delong	expected	a	an	success	author	86	5	5.8	2.87	Alicia's first client was a failure but her second was	and made her a lot of money.	False	n/a	n/a
1115.169921875	0.0	570967	86	cloze_marker	94	52	1	delong	expected	a	an	success	author	86	5	5.8	2.87	Alicia's first client was a failure but her second was	and made her a lot of money.	False	n/a	n/a
1115.37890625	0.2	571074	205	noun_expected	94	52	1	delong	expected	a	an	success	author	86	5	5.8	2.87	Alicia's first client was a failure but her second was	and made her a lot of money.	False	n/a	n/a
1115.6953125	0.0	571236	152	item_marker	95	52	1	delong	expected	a	an	success	author	86	5	5.8	2.87	Alicia's first client was a failure but her second was	and made her a lot of money.	False	n/a	n/a
1115.75	0.0	571264	87	cloze_marker	95	52	1	delong	expected	a	an	success	author	86	5	5.8	2.87	Alicia's first client was a failure but her second was	and made her a lot of money.	False	n/a	n/a
1115.958984375	0.2	571371	255	filler_word	95	52	1	delong	expected	a	an	success	author	86	5	5.8	2.87	Alicia's first client was a failure but her second was	and made her a lot of money.	False	n/a	n/a
1116.490234375	0.2	571643	255	filler_word	95	52	1	delong	expected	a	an	success	author	86	5	5.8	2.87	Alicia's first client was a failure but her second was	and made her a lot of money.	False	n/a	n/a
1117.01953125	0.2	571914	255	filler_word	95	52	1	delong	expected	a	an	success	author	86	5	5.8	2.87	Alicia's first client was a failure but her second was	and made her a lot of money.	False	n/a	n/a
1117.55078125	0.2	572186	255	filler_word	95	52	1	delong	expected	a	an	success	author	86	5	5.8	2.87	Alicia's first client was a failure but her second was	and made her a lot of money.	False	n/a	n/a
1118.08203125	0.2	572458	255	filler_word	95	52	1	delong	expected	a	an	success	author	86	5	5.8	2.87	Alicia's first client was a failure but her second was	and made her a lot of money.	False	n/a	n/a
1118.61328125	0.2	572730	255	filler_word	95	52	1	delong	expected	a	an	success	author	86	5	5.8	2.87	Alicia's first client was a failure but her second was	and made her a lot of money.	False	n/a	n/a
1119.142578125	0.2	573001	207	final_expected	95	52	1	delong	expected	a	an	success	author	86	5	5.8	2.87	Alicia's first client was a failure but her second was	and made her a lot of money.	False	n/a	n/a
1123.005859375	0.2	574979	255	filler_word	95	52	1	delong	expected	a	an	success	author	86	5	5.8	2.87	Alicia's first client was a failure but her second was	and made her a lot of money.	False	n/a	n/a
1123.537109375	0.2	575251	255	filler_word	95	52	1	delong	expected	a	an	success	author	86	5	5.8	2.87	Alicia's first client was a failure but her second was	and made her a lot of money.	False	n/a	n/a
1124.06640625	0.2	575522	255	filler_word	95	52	1	delong	expected	a	an	success	author	86	5	5.8	2.87	Alicia's first client was a failure but her second was	and made her a lot of money.	False	n/a	n/a
1124.59765625	0.2	575794	255	filler_word	95	52	1	delong	expected	a	an	success	author	86	5	5.8	2.87	Alicia's first client was a failure but her second was	and made her a lot of money.	False	n/a	n/a
1125.126953125	0.2	576065	255	filler_word	95	52	1	delong	expected	a	an	success	author	86	5	5.8	2.87	Alicia's first client was a failure but her second was	and made her a lot of money.	False	n/a	n/a
1125.658203125	0.2	576337	255	filler_word	95	52	1	delong	expected	a	an	success	author	86	5	5.8	2.87	Alicia's first client was a failure but her second was	and made her a lot of money.	False	n/a	n/a
1126.1875	0.2	576608	255	filler_word	95	52	1	delong	expected	a	an	success	author	86	5	5.8	2.87	Alicia's first client was a failure but her second was	and made her a lot of money.	False	n/a	n/a
1126.71875	0.2	576880	255	filler_word	95	52	1	delong	expected	a	an	success	author	86	5	5.8	2.87	Alicia's first client was a failure but her second was	and made her a lot of money.	False	n/a	n/a
1127.25	0.2	577152	255	filler_word	95	52	1	delong	expected	a	an	success	author	86	5	5.8	2.87	Alicia's first client was a failure but her second was	and made her a lot of money.	False	n/a	n/a
1127.78125	0.2	577424	255	filler_word	95	52	1	delong	expected	a	an	success	author	86	5	5.8	2.87	Alicia's first client was a failure but her second was	and made her a lot of money.	False	n/a	n/a
1128.310546875	0.2	577695	255	filler_word	95	52	1	delong	expected	a	an	success	author	86	5	5.8	2.87	Alicia's first client was a failure but her second was	and made her a lot of money.	False	n/a	n/a
1128.841796875	0.2	577967	255	filler_word	95	52	1	delong	expected	a	an	success	author	86	5	5.8	2.87	Alicia's first client was a failure but her second was	and made her a lot of money.	False	n/a	n/a
1129.373046875	0.2	578239	255	filler_word	95	52	1	delong	expected	a	an	success	author	86	5	5.8	2.87	Alicia's first client was a failure but her second was	and made her a lot of money.	False	n/a	n/a
1129.90234375	0.2	578510	255	filler_word	95	52	1	delong	expected	a	an	success	author	86	5	5.8	2.87	Alicia's first client was a failure but her second was	and made her a lot of money.	False	n/a	n/a
1130.43359375	0.2	578782	204	an_unexpected	95	52	1	delong	expected	a	an	success	author	86	5	5.8	2.87	Alicia's first client was a failure but her second was	and made her a lot of money.	False	n/a	n/a
1130.748046875	0.0	578943	150	item_marker	96	50	1	delong	unexpected	a	an	finger	onion	27	0	5.35	3.13	Marie wanted to sample a tiny bit of the sauce so she daintily dipped	into the pot.	False	n/a	n/a
1130.8046875	0.0	578972	200	cloze_marker	96	50	1	delong	unexpected	a	an	finger	onion	27	0	5.35	3.13	Marie wanted to sample a tiny bit of the sauce so she daintily dipped	into the pot.	False	n/a	n/a
1131.013671875	0.2	579079	206	noun_unexpected	96	50	1	delong	unexpected	a	an	finger	onion	27	0	5.35	3.13	Marie wanted to sample a tiny bit of the sauce so she daintily dipped	into the pot.	False	n/a	n/a
1131.328125	0.0	579240	150	item_marker	97	50	1	delong	unexpected	a	an	finger	onion	27	0	5.35	3.13	Marie wanted to sample a tiny bit of the sauce so she daintily dipped	into the pot.	False	n/a	n/a
1131.3828125	0.0	579268	3	cloze_marker	97	50	1	delong	unexpected	a	an	finger	onion	27	0	5.35	3.13	Marie wanted to sample a tiny bit of the sauce so she daintily dipped	into the pot.	False	n/a	n/a
1131.59375	0.2	579376	255	filler_word	97	50	1	delong	unexpected	a	an	finger	onion	27	0	5.35	3.13	Marie wanted to sample a tiny bit of the sauce so she daintily dipped	into the pot.	False	n/a	n/a
1132.125	0.2	579648	255	filler_word	97	50	1	delong	unexpected	a	an	finger	onion	27	0	5.35	3.13	Marie wanted to sample a tiny bit of the sauce so she daintily dipped	into the pot.	False	n/a	n/a
1132.654296875	0.2	579919	208	final_unexpected	97	50	1	delong	unexpected	a	an	finger	onion	27	0	5.35	3.13	Marie wanted to sample a tiny bit of the sauce so she daintily dipped	into the pot.	False	n/a	n/a
1136.302734375	0.2	581787	255	filler_word	97	50	1	delong	unexpected	a	an	finger	onion	27	0	5.35	3.13	Marie wanted to sample a tiny bit of the sauce so she daintily dipped	into the pot.	False	n/a	n/a
1136.83203125	0.2	582058	255	filler_word	97	50	1	delong	unexpected	a	an	finger	onion	27	0	5.35	3.13	Marie wanted to sample a tiny bit of the sauce so she daintily dipped	into the pot.	False	n/a	n/a
1137.36328125	0.2	582330	255	filler_word	97	50	1	delong	unexpected	a	an	finger	onion	27	0	5.35	3.13	Marie wanted to sample a tiny bit of the sauce so she daintily dipped	into the pot.	False	n/a	n/a
1137.892578125	0.2	582601	255	filler_word	97	50	1	delong	unexpected	a	an	finger	onion	27	0	5.35	3.13	Marie wanted to sample a tiny bit of the sauce so she daintily dipped	into the pot.	False	n/a	n/a
1138.423828125	0.2	582873	255	filler_word	97	50	1	delong	unexpected	a	an	finger	onion	27	0	5.35	3.13	Marie wanted to sample a tiny bit of the sauce so she daintily dipped	into the pot.	False	n/a	n/a
1138.955078125	0.2	583145	255	filler_word	97	50	1	delong	unexpected	a	an	finger	onion	27	0	5.35	3.13	Marie wanted to sample a tiny bit of the sauce so she daintily dipped	into the pot.	False	n/a	n/a
1139.484375	0.2	583416	255	filler_word	97	50	1	delong	unexpected	a	an	finger	onion	27	0	5.35	3.13	Marie wanted to sample a tiny bit of the sauce so she daintily dipped	into the pot.	False	n/a	n/a
1140.015625	0.2	583688	255	filler_word	97	50	1	delong	unexpected	a	an	finger	onion	27	0	5.35	3.13	Marie wanted to sample a tiny bit of the sauce so she daintily dipped	into the pot.	False	n/a	n/a
1140.546875	0.2	583960	255	filler_word	97	50	1	delong	unexpected	a	an	finger	onion	27	0	5.35	3.13	Marie wanted to sample a tiny bit of the sauce so she daintily dipped	into the pot.	False	n/a	n/a
1141.076171875	0.2	584231	255	filler_word	97	50	1	delong	unexpected	a	an	finger	onion	27	0	5.35	3.13	Marie wanted to sample a tiny bit of the sauce so she daintily dipped	into the pot.	False	n/a	n/a
1141.607421875	0.2	584503	255	filler_word	97	50	1	delong	unexpected	a	an	finger	onion	27	0	5.35	3.13	Marie wanted to sample a tiny bit of the sauce so she daintily dipped	into the pot.	False	n/a	n/a
1142.13671875	0.2	584774	255	filler_word	97	50	1	delong	unexpected	a	an	finger	onion	27	0	5.35	3.13	Marie wanted to sample a tiny bit of the sauce so she daintily dipped	into the pot.	False	n/a	n/a
1142.66796875	0.2	585046	255	filler_word	97	50	1	delong	unexpected	a	an	finger	onion	27	0	5.35	3.13	Marie wanted to sample a tiny bit of the sauce so she daintily dipped	into the pot.	False	n/a	n/a
1143.197265625	0.2	585317	255	filler_word	97	50	1	delong	unexpected	a	an	finger	onion	27	0	5.35	3.13	Marie wanted to sample a tiny bit of the sauce so she daintily dipped	into the pot.	False	n/a	n/a
1143.728515625	0.2	585589	255	filler_word	97	50	1	delong	unexpected	a	an	finger	onion	27	0	5.35	3.13	Marie wanted to sample a tiny bit of the sauce so she daintily dipped	into the pot.	False	n/a	n/a
1144.259765625	0.2	585861	203	a_unexpected	97	50	1	delong	unexpected	a	an	finger	onion	27	0	5.35	3.13	Marie wanted to sample a tiny bit of the sauce so she daintily dipped	into the pot.	False	n/a	n/a
1144.576171875	0.0	586023	141	item_marker	98	41	1	delong	unexpected	an	a	adult	parent	91	9	5.58	4.7	In order to get into an R-rated movie children under 17 must be accompanied by	or legal guardian.	False	n/a	n/a
1144.630859375	0.0	586051	9	cloze_marker	98	41	1	delong	unexpected	an	a	adult	parent	91	9	5.58	4.7	In order to get into an R-rated movie children under 17 must be accompanied by	or legal guardian.	False	n/a	n/a
1144.83984375	0.2	586158	206	noun_unexpected	98	41	1	delong	unexpected	an	a	adult	parent	91	9	5.58	4.7	In order to get into an R-rated movie children under 17 must be accompanied by	or legal guardian.	False	n/a	n/a
1145.15625	0.0	586320	141	item_marker	99	41	1	delong	unexpected	an	a	adult	parent	91	9	5.58	4.7	In order to get into an R-rated movie children under 17 must be accompanied by	or legal guardian.	False	n/a	n/a
1145.2109375	0.0	586348	7	cloze_marker	99	41	1	delong	unexpected	an	a	adult	parent	91	9	5.58	4.7	In order to get into an R-rated movie children under 17 must be accompanied by	or legal guardian.	False	n/a	n/a
1145.419921875	0.2	586455	255	filler_word	99	41	1	delong	unexpected	an	a	adult	parent	91	9	5.58	4.7	In order to get into an R-rated movie children under 17 must be accompanied by	or legal guardian.	False	n/a	n/a
1145.94921875	0.2	586726	255	filler_word	99	41	1	delong	unexpected	an	a	adult	parent	91	9	5.58	4.7	In order to get into an R-rated movie children under 17 must be accompanied by	or legal guardian.	False	n/a	n/a
1146.48046875	0.2	586998	208	final_unexpected	99	41	1	delong	unexpected	an	a	adult	parent	91	9	5.58	4.7	In order to get into an R-rated movie children under 17 must be accompanied by	or legal guardian.	False	n/a	n/a
1150.013671875	0.2	588807	255	filler_word	99	41	1	delong	unexpected	an	a	adult	parent	91	9	5.58	4.7	In order to get into an R-rated movie children under 17 must be accompanied by	or legal guardian.	False	n/a	n/a
1150.54296875	0.2	589078	255	filler_word	99	41	1	delong	unexpected	an	a	adult	parent	91	9	5.58	4.7	In order to get into an R-rated movie children under 17 must be accompanied by	or legal guardian.	False	n/a	n/a
1151.072265625	0.2	589349	255	filler_word	99	41	1	delong	unexpected	an	a	adult	parent	91	9	5.58	4.7	In order to get into an R-rated movie children under 17 must be accompanied by	or legal guardian.	False	n/a	n/a
1151.603515625	0.2	589621	255	filler_word	99	41	1	delong	unexpected	an	a	adult	parent	91	9	5.58	4.7	In order to get into an R-rated movie children under 17 must be accompanied by	or legal guardian.	False	n/a	n/a
1152.134765625	0.2	589893	255	filler_word	99	41	1	delong	unexpected	an	a	adult	parent	91	9	5.58	4.7	In order to get into an R-rated movie children under 17 must be accompanied by	or legal guardian.	False	n/a	n/a
1152.666015625	0.2	590165	255	filler_word	99	41	1	delong	unexpected	an	a	adult	parent	91	9	5.58	4.7	In order to get into an R-rated movie children under 17 must be accompanied by	or legal guardian.	False	n/a	n/a
1153.1953125	0.2	590436	255	filler_word	99	41	1	delong	unexpected	an	a	adult	parent	91	9	5.58	4.7	In order to get into an R-rated movie children under 17 must be accompanied by	or legal guardian.	False	n/a	n/a
1153.7265625	0.2	590708	255	filler_word	99	41	1	delong	unexpected	an	a	adult	parent	91	9	5.58	4.7	In order to get into an R-rated movie children under 17 must be accompanied by	or legal guardian.	False	n/a	n/a
1154.255859375	0.2	590979	255	filler_word	99	41	1	delong	unexpected	an	a	adult	parent	91	9	5.58	4.7	In order to get into an R-rated movie children under 17 must be accompanied by	or legal guardian.	False	n/a	n/a
1154.787109375	0.2	591251	255	filler_word	99	41	1	delong	unexpected	an	a	adult	parent	91	9	5.58	4.7	In order to get into an R-rated movie children under 17 must be accompanied by	or legal guardian.	False	n/a	n/a
1155.318359375	0.2	591523	255	filler_word	99	41	1	delong	unexpected	an	a	adult	parent	91	9	5.58	4.7	In order to get into an R-rated movie children under 17 must be accompanied by	or legal guardian.	False	n/a	n/a
1155.84765625	0.2	591794	255	filler_word	99	41	1	delong	unexpected	an	a	adult	parent	91	9	5.58	4.7	In order to get into an R-rated movie children under 17 must be accompanied by	or legal guardian.	False	n/a	n/a
1156.37890625	0.2	592066	255	filler_word	99	41	1	delong	unexpected	an	a	adult	parent	91	9	5.58	4.7	In order to get into an R-rated movie children under 17 must be accompanied by	or legal guardian.	False	n/a	n/a
1156.908203125	0.2	592337	255	filler_word	99	41	1	delong	unexpected	an	a	adult	parent	91	9	5.58	4.7	In order to get into an R-rated movie children under 17 must be accompanied by	or legal guardian.	False	n/a	n/a
1157.439453125	0.2	592609	255	filler_word	99	41	1	delong	unexpected	an	a	adult	parent	91	9	5.58	4.7	In order to get into an R-rated movie children under 17 must be accompanied by	or legal guardian.	False	n/a	n/a
1157.970703125	0.2	592881	255	filler_word	99	41	1	delong	unexpected	an	a	adult	parent	91	9	5.58	4.7	In order to get into an R-rated movie children under 17 must be accompanied by	or legal guardian.	False	n/a	n/a
1158.501953125	0.2	593153	255	filler_word	99	41	1	delong	unexpected	an	a	adult	parent	91	9	5.58	4.7	In order to get into an R-rated movie children under 17 must be accompanied by	or legal guardian.	False	n/a	n/a
1159.03125	0.2	593424	255	filler_word	99	41	1	delong	unexpected	an	a	adult	parent	91	9	5.58	4.7	In order to get into an R-rated movie children under 17 must be accompanied by	or legal guardian.	False	n/a	n/a
1159.5625	0.2	593696	203	a_unexpected	99	41	1	delong	unexpected	an	a	adult	parent	91	9	5.58	4.7	In order to get into an R-rated movie children under 17 must be accompanied by	or legal guardian.	False	n/a	n/a
1159.876953125	0.0	593857	145	item_marker	100	45	1	delong	unexpected	an	a	amateur	beginner	73	5	6.0	6.45	The professional photographer was disqualified from the photo contest because the rules explicitly state that you must be	in order to compete.	False	n/a	n/a
1159.931640625	0.0	593885	5	cloze_marker	100	45	1	delong	unexpected	an	a	amateur	beginner	73	5	6.0	6.45	The professional photographer was disqualified from the photo contest because the rules explicitly state that you must be	in order to compete.	False	n/a	n/a
1160.142578125	0.2	593993	206	noun_unexpected	100	45	1	delong	unexpected	an	a	amateur	beginner	73	5	6.0	6.45	The professional photographer was disqualified from the photo contest because the rules explicitly state that you must be	in order to compete.	False	n/a	n/a
1160.458984375	0.0	594155	145	item_marker	101	45	1	delong	unexpected	an	a	amateur	beginner	73	5	6.0	6.45	The professional photographer was disqualified from the photo contest because the rules explicitly state that you must be	in order to compete.	False	n/a	n/a
1160.513671875	0.0	594183	17	cloze_marker	101	45	1	delong	unexpected	an	a	amateur	beginner	73	5	6.0	6.45	The professional photographer was disqualified from the photo contest because the rules explicitly state that you must be	in order to compete.	False	n/a	n/a
1160.72265625	0.2	594290	255	filler_word	101	45	1	delong	unexpected	an	a	amateur	beginner	73	5	6.0	6.45	The professional photographer was disqualified from the photo contest because the rules explicitly state that you must be	in order to compete.	False	n/a	n/a
1161.25390625	0.2	594562	255	filler_word	101	45	1	delong	unexpected	an	a	amateur	beginner	73	5	6.0	6.45	The professional photographer was disqualified from the photo contest because the rules explicitly state that you must be	in order to compete.	False	n/a	n/a
1161.783203125	0.2	594833	255	filler_word	101	45	1	delong	unexpected	an	a	amateur	beginner	73	5	6.0	6.45	The professional photographer was disqualified from the photo contest because the rules explicitly state that you must be	in order to compete.	False	n/a	n/a
1162.314453125	0.2	595105	208	final_unexpected	101	45	1	delong	unexpected	an	a	amateur	beginner	73	5	6.0	6.45	The professional photographer was disqualified from the photo contest because the rules explicitly state that you must be	in order to compete.	False	n/a	n/a
1165.912109375	0.2	596947	255	filler_word	101	45	1	delong	unexpected	an	a	amateur	beginner	73	5	6.0	6.45	The professional photographer was disqualified from the photo contest because the rules explicitly state that you must be	in order to compete.	False	n/a	n/a
1166.44140625	0.2	597218	255	filler_word	101	45	1	delong	unexpected	an	a	amateur	beginner	73	5	6.0	6.45	The professional photographer was disqualified from the photo contest because the rules explicitly state that you must be	in order to compete.	False	n/a	n/a
1166.97265625	0.2	597490	255	filler_word	101	45	1	delong	unexpected	an	a	amateur	beginner	73	5	6.0	6.45	The professional photographer was disqualified from the photo contest because the rules explicitly state that you must be	in order to compete.	False	n/a	n/a
1167.50390625	0.2	597762	255	filler_word	101	45	1	delong	unexpected	an	a	amateur	beginner	73	5	6.0	6.45	The professional photographer was disqualified from the photo contest because the rules explicitly state that you must be	in order to compete.	False	n/a	n/a
1168.033203125	0.2	598033	255	filler_word	101	45	1	delong	unexpected	an	a	amateur	beginner	73	5	6.0	6.45	The professional photographer was disqualified from the photo contest because the rules explicitly state that you must be	in order to compete.	False	n/a	n/a
1168.564453125	0.2	598305	255	filler_word	101	45	1	delong	unexpected	an	a	amateur	beginner	73	5	6.0	6.45	The professional photographer was disqualified from the photo contest because the rules explicitly state that you must be	in order to compete.	False	n/a	n/a
1169.095703125	0.2	598577	255	filler_word	101	45	1	delong	unexpected	an	a	amateur	beginner	73	5	6.0	6.45	The professional photographer was disqualified from the photo contest because the rules explicitly state that you must be	in order to compete.	False	n/a	n/a
1169.625	0.2	598848	255	filler_word	101	45	1	delong	unexpected	an	a	amateur	beginner	73	5	6.0	6.45	The professional photographer was disqualified from the photo contest because the rules explicitly state that you must be	in order to compete.	False	n/a	n/a
1170.15625	0.2	599120	255	filler_word	101	45	1	delong	unexpected	an	a	amateur	beginner	73	5	6.0	6.45	The professional photographer was disqualified from the photo contest because the rules explicitly state that you must be	in order to compete.	False	n/a	n/a
1170.685546875	0.2	599391	255	filler_word	101	45	1	delong	unexpected	an	a	amateur	beginner	73	5	6.0	6.45	The professional photographer was disqualified from the photo contest because the rules explicitly state that you must be	in order to compete.	False	n/a	n/a
1171.216796875	0.2	599663	255	filler_word	101	45	1	delong	unexpected	an	a	amateur	beginner	73	5	6.0	6.45	The professional photographer was disqualified from the photo contest because the rules explicitly state that you must be	in order to compete.	False	n/a	n/a
1171.74609375	0.2	599934	255	filler_word	101	45	1	delong	unexpected	an	a	amateur	beginner	73	5	6.0	6.45	The professional photographer was disqualified from the photo contest because the rules explicitly state that you must be	in order to compete.	False	n/a	n/a
1172.27734375	0.2	600206	201	a_expected	101	45	1	delong	unexpected	an	a	amateur	beginner	73	5	6.0	6.45	The professional photographer was disqualified from the photo contest because the rules explicitly state that you must be	in order to compete.	False	n/a	n/a
1172.59375	0.0	600368	156	item_marker	102	56	1	delong	expected	a	an	crowd	audience	100	0	6.06	2.9	Carrie's father had always joked that two is company but three is	for him.	False	n/a	n/a
1172.6484375	0.0	600396	100	cloze_marker	102	56	1	delong	expected	a	an	crowd	audience	100	0	6.06	2.9	Carrie's father had always joked that two is company but three is	for him.	False	n/a	n/a
1172.857421875	0.2	600503	205	noun_expected	102	56	1	delong	expected	a	an	crowd	audience	100	0	6.06	2.9	Carrie's father had always joked that two is company but three is	for him.	False	n/a	n/a
1173.173828125	0.0	600665	156	item_marker	103	56	1	delong	expected	a	an	crowd	audience	100	0	6.06	2.9	Carrie's father had always joked that two is company but three is	for him.	False	n/a	n/a
1173.228515625	0.0	600693	93	cloze_marker	103	56	1	delong	expected	a	an	crowd	audience	100	0	6.06	2.9	Carrie's father had always joked that two is company but three is	for him.	False	n/a	n/a
1173.4375	0.2	600800	255	filler_word	103	56	1	delong	expected	a	an	crowd	audience	100	0	6.06	2.9	Carrie's father had always joked that two is company but three is	for him.	False	n/a	n/a
1173.96875	0.2	601072	207	final_expected	103	56	1	delong	expected	a	an	crowd	audience	100	0	6.06	2.9	Carrie's father had always joked that two is company but three is	for him.	False	n/a	n/a
1178.146484375	0.2	603211	255	filler_word	103	56	1	delong	expected	a	an	crowd	audience	100	0	6.06	2.9	Carrie's father had always joked that two is company but three is	for him.	False	n/a	n/a
1178.677734375	0.2	603483	255	filler_word	103	56	1	delong	expected	a	an	crowd	audience	100	0	6.06	2.9	Carrie's father had always joked that two is company but three is	for him.	False	n/a	n/a
1179.20703125	0.2	603754	255	filler_word	103	56	1	delong	expected	a	an	crowd	audience	100	0	6.06	2.9	Carrie's father had always joked that two is company but three is	for him.	False	n/a	n/a
1179.73828125	0.2	604026	255	filler_word	103	56	1	delong	expected	a	an	crowd	audience	100	0	6.06	2.9	Carrie's father had always joked that two is company but three is	for him.	False	n/a	n/a
1180.26953125	0.2	604298	255	filler_word	103	56	1	delong	expected	a	an	crowd	audience	100	0	6.06	2.9	Carrie's father had always joked that two is company but three is	for him.	False	n/a	n/a
1180.798828125	0.2	604569	255	filler_word	103	56	1	delong	expected	a	an	crowd	audience	100	0	6.06	2.9	Carrie's father had always joked that two is company but three is	for him.	False	n/a	n/a
1181.330078125	0.2	604841	255	filler_word	103	56	1	delong	expected	a	an	crowd	audience	100	0	6.06	2.9	Carrie's father had always joked that two is company but three is	for him.	False	n/a	n/a
1181.859375	0.2	605112	203	a_unexpected	103	56	1	delong	expected	a	an	crowd	audience	100	0	6.06	2.9	Carrie's father had always joked that two is company but three is	for him.	False	n/a	n/a
1182.17578125	0.0	605274	157	item_marker	104	57	1	delong	unexpected	an	a	escalator	wheelchair	34	11	5.87	1.94	Damon preferred climbing stairs over going up	because it had given him the chance to get a little exercise.	True	Did Damon prefer stairs over lifts?	yes
1182.23046875	0.0	605302	11	cloze_marker	104	57	1	delong	unexpected	an	a	escalator	wheelchair	34	11	5.87	1.94	Damon preferred climbing stairs over going up	because it had given him the chance to get a little exercise.	True	Did Damon prefer stairs over lifts?	yes
1182.44140625	0.2	605410	206	noun_unexpected	104	57	1	delong	unexpected	an	a	escalator	wheelchair	34	11	5.87	1.94	Damon preferred climbing stairs over going up	because it had given him the chance to get a little exercise.	True	Did Damon prefer stairs over lifts?	yes
1182.755859375	0.0	605571	157	item_marker	105	57	1	delong	unexpected	an	a	escalator	wheelchair	34	11	5.87	1.94	Damon preferred climbing stairs over going up	because it had given him the chance to get a little exercise.	True	Did Damon prefer stairs over lifts?	yes
1182.810546875	0.0	605599	200	cloze_marker	105	57	1	delong	unexpected	an	a	escalator	wheelchair	34	11	5.87	1.94	Damon preferred climbing stairs over going up	because it had given him the chance to get a little exercise.	True	Did Damon prefer stairs over lifts?	yes
1183.021484375	0.2	605707	255	filler_word	105	57	1	delong	unexpected	an	a	escalator	wheelchair	34	11	5.87	1.94	Damon preferred climbing stairs over going up	because it had given him the chance to get a little exercise.	True	Did Damon prefer stairs over lifts?	yes
1183.55078125	0.2	605978	255	filler_word	105	57	1	delong	unexpected	an	a	escalator	wheelchair	34	11	5.87	1.94	Damon preferred climbing stairs over going up	because it had given him the chance to get a little exercise.	True	Did Damon prefer stairs over lifts?	yes
1184.08203125	0.2	606250	255	filler_word	105	57	1	delong	unexpected	an	a	escalator	wheelchair	34	11	5.87	1.94	Damon preferred climbing stairs over going up	because it had given him the chance to get a little exercise.	True	Did Damon prefer stairs over lifts?	yes
1184.611328125	0.2	606521	255	filler_word	105	57	1	delong	unexpected	an	a	escalator	wheelchair	34	11	5.87	1.94	Damon preferred climbing stairs over going up	because it had given him the chance to get a little exercise.	True	Did Damon prefer stairs over lifts?	yes
1185.142578125	0.2	606793	255	filler_word	105	57	1	delong	unexpected	an	a	escalator	wheelchair	34	11	5.87	1.94	Damon preferred climbing stairs over going up	because it had given him the chance to get a little exercise.	True	Did Damon prefer stairs over lifts?	yes
1185.673828125	0.2	607065	255	filler_word	105	57	1	delong	unexpected	an	a	escalator	wheelchair	34	11	5.87	1.94	Damon preferred climbing stairs over going up	because it had given him the chance to get a little exercise.	True	Did Damon prefer stairs over lifts?	yes
1186.203125	0.2	607336	255	filler_word	105	57	1	delong	unexpected	an	a	escalator	wheelchair	34	11	5.87	1.94	Damon preferred climbing stairs over going up	because it had given him the chance to get a little exercise.	True	Did Damon prefer stairs over lifts?	yes
1186.734375	0.2	607608	255	filler_word	105	57	1	delong	unexpected	an	a	escalator	wheelchair	34	11	5.87	1.94	Damon preferred climbing stairs over going up	because it had given him the chance to get a little exercise.	True	Did Damon prefer stairs over lifts?	yes
1187.265625	0.2	607880	255	filler_word	105	57	1	delong	unexpected	an	a	escalator	wheelchair	34	11	5.87	1.94	Damon preferred climbing stairs over going up	because it had given him the chance to get a little exercise.	True	Did Damon prefer stairs over lifts?	yes
1187.794921875	0.2	608151	255	filler_word	105	57	1	delong	unexpected	an	a	escalator	wheelchair	34	11	5.87	1.94	Damon preferred climbing stairs over going up	because it had given him the chance to get a little exercise.	True	Did Damon prefer stairs over lifts?	yes
1188.326171875	0.2	608423	255	filler_word	105	57	1	delong	unexpected	an	a	escalator	wheelchair	34	11	5.87	1.94	Damon preferred climbing stairs over going up	because it had given him the chance to get a little exercise.	True	Did Damon prefer stairs over lifts?	yes
1188.857421875	0.2	608695	208	final_unexpected	105	57	1	delong	unexpected	an	a	escalator	wheelchair	34	11	5.87	1.94	Damon preferred climbing stairs over going up	because it had given him the chance to get a little exercise.	True	Did Damon prefer stairs over lifts?	yes
1195.48828125	0.0	612090	251	question	105	57	1	delong	unexpected	an	a	escalator	wheelchair	34	11	5.87	1.94	Damon preferred climbing stairs over going up	because it had given him the chance to get a little exercise.	True	Did Damon prefer stairs over lifts?	yes
1198.736328125	0.2	613753	255	filler_word	105	57	1	delong	unexpected	an	a	escalator	wheelchair	34	11	5.87	1.94	Damon preferred climbing stairs over going up	because it had given him the chance to get a little exercise.	True	Did Damon prefer stairs over lifts?	yes
1199.267578125	0.2	614025	255	filler_word	105	57	1	delong	unexpected	an	a	escalator	wheelchair	34	11	5.87	1.94	Damon preferred climbing stairs over going up	because it had given him the chance to get a little exercise.	True	Did Damon prefer stairs over lifts?	yes
1199.798828125	0.2	614297	255	filler_word	105	57	1	delong	unexpected	an	a	escalator	wheelchair	34	11	5.87	1.94	Damon preferred climbing stairs over going up	because it had given him the chance to get a little exercise.	True	Did Damon prefer stairs over lifts?	yes
1200.328125	0.2	614568	255	filler_word	105	57	1	delong	unexpected	an	a	escalator	wheelchair	34	11	5.87	1.94	Damon preferred climbing stairs over going up	because it had given him the chance to get a little exercise.	True	Did Damon prefer stairs over lifts?	yes
1200.859375	0.2	614840	255	filler_word	105	57	1	delong	unexpected	an	a	escalator	wheelchair	34	11	5.87	1.94	Damon preferred climbing stairs over going up	because it had given him the chance to get a little exercise.	True	Did Damon prefer stairs over lifts?	yes
1201.388671875	0.2	615111	255	filler_word	105	57	1	delong	unexpected	an	a	escalator	wheelchair	34	11	5.87	1.94	Damon preferred climbing stairs over going up	because it had given him the chance to get a little exercise.	True	Did Damon prefer stairs over lifts?	yes
1201.919921875	0.2	615383	255	filler_word	105	57	1	delong	unexpected	an	a	escalator	wheelchair	34	11	5.87	1.94	Damon preferred climbing stairs over going up	because it had given him the chance to get a little exercise.	True	Did Damon prefer stairs over lifts?	yes
1202.451171875	0.2	615655	255	filler_word	105	57	1	delong	unexpected	an	a	escalator	wheelchair	34	11	5.87	1.94	Damon preferred climbing stairs over going up	because it had given him the chance to get a little exercise.	True	Did Damon prefer stairs over lifts?	yes
1202.982421875	0.2	615927	255	filler_word	105	57	1	delong	unexpected	an	a	escalator	wheelchair	34	11	5.87	1.94	Damon preferred climbing stairs over going up	because it had given him the chance to get a little exercise.	True	Did Damon prefer stairs over lifts?	yes
1203.51171875	0.2	616198	255	filler_word	105	57	1	delong	unexpected	an	a	escalator	wheelchair	34	11	5.87	1.94	Damon preferred climbing stairs over going up	because it had given him the chance to get a little exercise.	True	Did Damon prefer stairs over lifts?	yes
1204.04296875	0.2	616470	255	filler_word	105	57	1	delong	unexpected	an	a	escalator	wheelchair	34	11	5.87	1.94	Damon preferred climbing stairs over going up	because it had given him the chance to get a little exercise.	True	Did Damon prefer stairs over lifts?	yes
1204.572265625	0.2	616741	255	filler_word	105	57	1	delong	unexpected	an	a	escalator	wheelchair	34	11	5.87	1.94	Damon preferred climbing stairs over going up	because it had given him the chance to get a little exercise.	True	Did Damon prefer stairs over lifts?	yes
1205.103515625	0.2	617013	255	filler_word	105	57	1	delong	unexpected	an	a	escalator	wheelchair	34	11	5.87	1.94	Damon preferred climbing stairs over going up	because it had given him the chance to get a little exercise.	True	Did Damon prefer stairs over lifts?	yes
1205.634765625	0.2	617285	255	filler_word	105	57	1	delong	unexpected	an	a	escalator	wheelchair	34	11	5.87	1.94	Damon preferred climbing stairs over going up	because it had given him the chance to get a little exercise.	True	Did Damon prefer stairs over lifts?	yes
1206.1640625	0.2	617556	255	filler_word	105	57	1	delong	unexpected	an	a	escalator	wheelchair	34	11	5.87	1.94	Damon preferred climbing stairs over going up	because it had given him the chance to get a little exercise.	True	Did Damon prefer stairs over lifts?	yes
1206.6953125	0.2	617828	255	filler_word	105	57	1	delong	unexpected	an	a	escalator	wheelchair	34	11	5.87	1.94	Damon preferred climbing stairs over going up	because it had given him the chance to get a little exercise.	True	Did Damon prefer stairs over lifts?	yes
1207.224609375	0.2	618099	255	filler_word	105	57	1	delong	unexpected	an	a	escalator	wheelchair	34	11	5.87	1.94	Damon preferred climbing stairs over going up	because it had given him the chance to get a little exercise.	True	Did Damon prefer stairs over lifts?	yes
1207.755859375	0.2	618371	255	filler_word	105	57	1	delong	unexpected	an	a	escalator	wheelchair	34	11	5.87	1.94	Damon preferred climbing stairs over going up	because it had given him the chance to get a little exercise.	True	Did Damon prefer stairs over lifts?	yes
1208.287109375	0.2	618643	255	filler_word	105	57	1	delong	unexpected	an	a	escalator	wheelchair	34	11	5.87	1.94	Damon preferred climbing stairs over going up	because it had given him the chance to get a little exercise.	True	Did Damon prefer stairs over lifts?	yes
1208.818359375	0.2	618915	255	filler_word	105	57	1	delong	unexpected	an	a	escalator	wheelchair	34	11	5.87	1.94	Damon preferred climbing stairs over going up	because it had given him the chance to get a little exercise.	True	Did Damon prefer stairs over lifts?	yes
1209.34765625	0.2	619186	255	filler_word	105	57	1	delong	unexpected	an	a	escalator	wheelchair	34	11	5.87	1.94	Damon preferred climbing stairs over going up	because it had given him the chance to get a little exercise.	True	Did Damon prefer stairs over lifts?	yes
1209.87890625	0.2	619458	255	filler_word	105	57	1	delong	unexpected	an	a	escalator	wheelchair	34	11	5.87	1.94	Damon preferred climbing stairs over going up	because it had given him the chance to get a little exercise.	True	Did Damon prefer stairs over lifts?	yes
1210.408203125	0.2	619729	255	filler_word	105	57	1	delong	unexpected	an	a	escalator	wheelchair	34	11	5.87	1.94	Damon preferred climbing stairs over going up	because it had given him the chance to get a little exercise.	True	Did Damon prefer stairs over lifts?	yes
1210.939453125	0.2	620001	203	a_unexpected	105	57	1	delong	unexpected	an	a	escalator	wheelchair	34	11	5.87	1.94	Damon preferred climbing stairs over going up	because it had given him the chance to get a little exercise.	True	Did Damon prefer stairs over lifts?	yes
1211.25390625	0.0	620162	149	item_marker	106	49	1	delong	unexpected	an	a	onion	finger	20	2	5.94	5.87	At first Victoria did not know why her brother was crying over the sink but then she noticed that he had just sliced	with his knife.	False	n/a	n/a
1211.310546875	0.0	620191	2	cloze_marker	106	49	1	delong	unexpected	an	a	onion	finger	20	2	5.94	5.87	At first Victoria did not know why her brother was crying over the sink but then she noticed that he had just sliced	with his knife.	False	n/a	n/a
1211.51953125	0.2	620298	206	noun_unexpected	106	49	1	delong	unexpected	an	a	onion	finger	20	2	5.94	5.87	At first Victoria did not know why her brother was crying over the sink but then she noticed that he had just sliced	with his knife.	False	n/a	n/a
1211.8359375	0.0	620460	149	item_marker	107	49	1	delong	unexpected	an	a	onion	finger	20	2	5.94	5.87	At first Victoria did not know why her brother was crying over the sink but then she noticed that he had just sliced	with his knife.	False	n/a	n/a
1211.890625	0.0	620488	50	cloze_marker	107	49	1	delong	unexpected	an	a	onion	finger	20	2	5.94	5.87	At first Victoria did not know why her brother was crying over the sink but then she noticed that he had just sliced	with his knife.	False	n/a	n/a
1212.099609375	0.2	620595	255	filler_word	107	49	1	delong	unexpected	an	a	onion	finger	20	2	5.94	5.87	At first Victoria did not know why her brother was crying over the sink but then she noticed that he had just sliced	with his knife.	False	n/a	n/a
1212.630859375	0.2	620867	255	filler_word	107	49	1	delong	unexpected	an	a	onion	finger	20	2	5.94	5.87	At first Victoria did not know why her brother was crying over the sink but then she noticed that he had just sliced	with his knife.	False	n/a	n/a
1213.16015625	0.2	621138	208	final_unexpected	107	49	1	delong	unexpected	an	a	onion	finger	20	2	5.94	5.87	At first Victoria did not know why her brother was crying over the sink but then she noticed that he had just sliced	with his knife.	False	n/a	n/a
1216.82421875	0.2	623014	255	filler_word	107	49	1	delong	unexpected	an	a	onion	finger	20	2	5.94	5.87	At first Victoria did not know why her brother was crying over the sink but then she noticed that he had just sliced	with his knife.	False	n/a	n/a
1217.35546875	0.2	623286	255	filler_word	107	49	1	delong	unexpected	an	a	onion	finger	20	2	5.94	5.87	At first Victoria did not know why her brother was crying over the sink but then she noticed that he had just sliced	with his knife.	False	n/a	n/a
1217.884765625	0.2	623557	255	filler_word	107	49	1	delong	unexpected	an	a	onion	finger	20	2	5.94	5.87	At first Victoria did not know why her brother was crying over the sink but then she noticed that he had just sliced	with his knife.	False	n/a	n/a
1218.416015625	0.2	623829	255	filler_word	107	49	1	delong	unexpected	an	a	onion	finger	20	2	5.94	5.87	At first Victoria did not know why her brother was crying over the sink but then she noticed that he had just sliced	with his knife.	False	n/a	n/a
1218.947265625	0.2	624101	255	filler_word	107	49	1	delong	unexpected	an	a	onion	finger	20	2	5.94	5.87	At first Victoria did not know why her brother was crying over the sink but then she noticed that he had just sliced	with his knife.	False	n/a	n/a
1219.4765625	0.2	624372	255	filler_word	107	49	1	delong	unexpected	an	a	onion	finger	20	2	5.94	5.87	At first Victoria did not know why her brother was crying over the sink but then she noticed that he had just sliced	with his knife.	False	n/a	n/a
1220.0078125	0.2	624644	255	filler_word	107	49	1	delong	unexpected	an	a	onion	finger	20	2	5.94	5.87	At first Victoria did not know why her brother was crying over the sink but then she noticed that he had just sliced	with his knife.	False	n/a	n/a
1220.5390625	0.2	624916	255	filler_word	107	49	1	delong	unexpected	an	a	onion	finger	20	2	5.94	5.87	At first Victoria did not know why her brother was crying over the sink but then she noticed that he had just sliced	with his knife.	False	n/a	n/a
1221.0703125	0.2	625188	255	filler_word	107	49	1	delong	unexpected	an	a	onion	finger	20	2	5.94	5.87	At first Victoria did not know why her brother was crying over the sink but then she noticed that he had just sliced	with his knife.	False	n/a	n/a
1221.599609375	0.2	625459	255	filler_word	107	49	1	delong	unexpected	an	a	onion	finger	20	2	5.94	5.87	At first Victoria did not know why her brother was crying over the sink but then she noticed that he had just sliced	with his knife.	False	n/a	n/a
1222.130859375	0.2	625731	255	filler_word	107	49	1	delong	unexpected	an	a	onion	finger	20	2	5.94	5.87	At first Victoria did not know why her brother was crying over the sink but then she noticed that he had just sliced	with his knife.	False	n/a	n/a
1222.66015625	0.2	626002	255	filler_word	107	49	1	delong	unexpected	an	a	onion	finger	20	2	5.94	5.87	At first Victoria did not know why her brother was crying over the sink but then she noticed that he had just sliced	with his knife.	False	n/a	n/a
1223.19140625	0.2	626274	255	filler_word	107	49	1	delong	unexpected	an	a	onion	finger	20	2	5.94	5.87	At first Victoria did not know why her brother was crying over the sink but then she noticed that he had just sliced	with his knife.	False	n/a	n/a
1223.720703125	0.2	626545	202	an_expected	107	49	1	delong	unexpected	an	a	onion	finger	20	2	5.94	5.87	At first Victoria did not know why her brother was crying over the sink but then she noticed that he had just sliced	with his knife.	False	n/a	n/a
1224.037109375	0.0	626707	151	item_marker	108	51	1	delong	expected	an	a	author	success	75	25	6.03	6.19	After Joanne's first book was published she finally felt she could call herself	in front of her peers.	True	Was this Joanne's first book?	yes
1224.09375	0.0	626736	75	cloze_marker	108	51	1	delong	expected	an	a	author	success	75	25	6.03	6.19	After Joanne's first book was published she finally felt she could call herself	in front of her peers.	True	Was this Joanne's first book?	yes
1224.30078125	0.2	626842	205	noun_expected	108	51	1	delong	expected	an	a	author	success	75	25	6.03	6.19	After Joanne's first book was published she finally felt she could call herself	in front of her peers.	True	Was this Joanne's first book?	yes
1224.6171875	0.0	627004	151	item_marker	109	51	1	delong	expected	an	a	author	success	75	25	6.03	6.19	After Joanne's first book was published she finally felt she could call herself	in front of her peers.	True	Was this Joanne's first book?	yes
1224.671875	0.0	627032	90	cloze_marker	109	51	1	delong	expected	an	a	author	success	75	25	6.03	6.19	After Joanne's first book was published she finally felt she could call herself	in front of her peers.	True	Was this Joanne's first book?	yes
1224.8828125	0.2	627140	255	filler_word	109	51	1	delong	expected	an	a	author	success	75	25	6.03	6.19	After Joanne's first book was published she finally felt she could call herself	in front of her peers.	True	Was this Joanne's first book?	yes
1225.412109375	0.2	627411	255	filler_word	109	51	1	delong	expected	an	a	author	success	75	25	6.03	6.19	After Joanne's first book was published she finally felt she could call herself	in front of her peers.	True	Was this Joanne's first book?	yes
1225.943359375	0.2	627683	255	filler_word	109	51	1	delong	expected	an	a	author	success	75	25	6.03	6.19	After Joanne's first book was published she finally felt she could call herself	in front of her peers.	True	Was this Joanne's first book?	yes
1226.47265625	0.2	627954	255	filler_word	109	51	1	delong	expected	an	a	author	success	75	25	6.03	6.19	After Joanne's first book was published she finally felt she could call herself	in front of her peers.	True	Was this Joanne's first book?	yes
1227.00390625	0.2	628226	207	final_expected	109	51	1	delong	expected	an	a	author	success	75	25	6.03	6.19	After Joanne's first book was published she finally felt she could call herself	in front of her peers.	True	Was this Joanne's first book?	yes
1231.779296875	0.0	630671	251	question	109	51	1	delong	expected	an	a	author	success	75	25	6.03	6.19	After Joanne's first book was published she finally felt she could call herself	in front of her peers.	True	Was this Joanne's first book?	yes
1235.609375	0.2	632632	255	filler_word	109	51	1	delong	expected	an	a	author	success	75	25	6.03	6.19	After Joanne's first book was published she finally felt she could call herself	in front of her peers.	True	Was this Joanne's first book?	yes
1236.138671875	0.2	632903	255	filler_word	109	51	1	delong	expected	an	a	author	success	75	25	6.03	6.19	After Joanne's first book was published she finally felt she could call herself	in front of her peers.	True	Was this Joanne's first book?	yes
1236.669921875	0.2	633175	255	filler_word	109	51	1	delong	expected	an	a	author	success	75	25	6.03	6.19	After Joanne's first book was published she finally felt she could call herself	in front of her peers.	True	Was this Joanne's first book?	yes
1237.201171875	0.2	633447	255	filler_word	109	51	1	delong	expected	an	a	author	success	75	25	6.03	6.19	After Joanne's first book was published she finally felt she could call herself	in front of her peers.	True	Was this Joanne's first book?	yes
1237.73046875	0.2	633718	255	filler_word	109	51	1	delong	expected	an	a	author	success	75	25	6.03	6.19	After Joanne's first book was published she finally felt she could call herself	in front of her peers.	True	Was this Joanne's first book?	yes
1238.26171875	0.2	633990	255	filler_word	109	51	1	delong	expected	an	a	author	success	75	25	6.03	6.19	After Joanne's first book was published she finally felt she could call herself	in front of her peers.	True	Was this Joanne's first book?	yes
1238.791015625	0.2	634261	255	filler_word	109	51	1	delong	expected	an	a	author	success	75	25	6.03	6.19	After Joanne's first book was published she finally felt she could call herself	in front of her peers.	True	Was this Joanne's first book?	yes
1239.322265625	0.2	634533	255	filler_word	109	51	1	delong	expected	an	a	author	success	75	25	6.03	6.19	After Joanne's first book was published she finally felt she could call herself	in front of her peers.	True	Was this Joanne's first book?	yes
1239.8515625	0.2	634804	255	filler_word	109	51	1	delong	expected	an	a	author	success	75	25	6.03	6.19	After Joanne's first book was published she finally felt she could call herself	in front of her peers.	True	Was this Joanne's first book?	yes
1240.3828125	0.2	635076	255	filler_word	109	51	1	delong	expected	an	a	author	success	75	25	6.03	6.19	After Joanne's first book was published she finally felt she could call herself	in front of her peers.	True	Was this Joanne's first book?	yes
1240.9140625	0.2	635348	255	filler_word	109	51	1	delong	expected	an	a	author	success	75	25	6.03	6.19	After Joanne's first book was published she finally felt she could call herself	in front of her peers.	True	Was this Joanne's first book?	yes
1241.443359375	0.2	635619	255	filler_word	109	51	1	delong	expected	an	a	author	success	75	25	6.03	6.19	After Joanne's first book was published she finally felt she could call herself	in front of her peers.	True	Was this Joanne's first book?	yes
1241.974609375	0.2	635891	255	filler_word	109	51	1	delong	expected	an	a	author	success	75	25	6.03	6.19	After Joanne's first book was published she finally felt she could call herself	in front of her peers.	True	Was this Joanne's first book?	yes
1242.505859375	0.2	636163	255	filler_word	109	51	1	delong	expected	an	a	author	success	75	25	6.03	6.19	After Joanne's first book was published she finally felt she could call herself	in front of her peers.	True	Was this Joanne's first book?	yes
1243.037109375	0.2	636435	255	filler_word	109	51	1	delong	expected	an	a	author	success	75	25	6.03	6.19	After Joanne's first book was published she finally felt she could call herself	in front of her peers.	True	Was this Joanne's first book?	yes
1243.56640625	0.2	636706	255	filler_word	109	51	1	delong	expected	an	a	author	success	75	25	6.03	6.19	After Joanne's first book was published she finally felt she could call herself	in front of her peers.	True	Was this Joanne's first book?	yes
1244.09765625	0.2	636978	255	filler_word	109	51	1	delong	expected	an	a	author	success	75	25	6.03	6.19	After Joanne's first book was published she finally felt she could call herself	in front of her peers.	True	Was this Joanne's first book?	yes
1244.626953125	0.2	637249	255	filler_word	109	51	1	delong	expected	an	a	author	success	75	25	6.03	6.19	After Joanne's first book was published she finally felt she could call herself	in front of her peers.	True	Was this Joanne's first book?	yes
1245.158203125	0.2	637521	255	filler_word	109	51	1	delong	expected	an	a	author	success	75	25	6.03	6.19	After Joanne's first book was published she finally felt she could call herself	in front of her peers.	True	Was this Joanne's first book?	yes
1245.6875	0.2	637792	255	filler_word	109	51	1	delong	expected	an	a	author	success	75	25	6.03	6.19	After Joanne's first book was published she finally felt she could call herself	in front of her peers.	True	Was this Joanne's first book?	yes
1246.21875	0.2	638064	202	an_expected	109	51	1	delong	expected	an	a	author	success	75	25	6.03	6.19	After Joanne's first book was published she finally felt she could call herself	in front of her peers.	True	Was this Joanne's first book?	yes
1246.53515625	0.0	638226	144	item_marker	110	44	1	delong	expected	an	a	envelope	stamp	77	0	5.87	5.06	When Wendy went to pay for the birthday card the clerk pointed out that she had forgotten to pick up	along with it.	False	n/a	n/a
1246.58984375	0.0	638254	77	cloze_marker	110	44	1	delong	expected	an	a	envelope	stamp	77	0	5.87	5.06	When Wendy went to pay for the birthday card the clerk pointed out that she had forgotten to pick up	along with it.	False	n/a	n/a
1246.798828125	0.2	638361	205	noun_expected	110	44	1	delong	expected	an	a	envelope	stamp	77	0	5.87	5.06	When Wendy went to pay for the birthday card the clerk pointed out that she had forgotten to pick up	along with it.	False	n/a	n/a
1247.115234375	0.0	638523	144	item_marker	111	44	1	delong	expected	an	a	envelope	stamp	77	0	5.87	5.06	When Wendy went to pay for the birthday card the clerk pointed out that she had forgotten to pick up	along with it.	False	n/a	n/a
1247.169921875	0.0	638551	90	cloze_marker	111	44	1	delong	expected	an	a	envelope	stamp	77	0	5.87	5.06	When Wendy went to pay for the birthday card the clerk pointed out that she had forgotten to pick up	along with it.	False	n/a	n/a
1247.37890625	0.2	638658	255	filler_word	111	44	1	delong	expected	an	a	envelope	stamp	77	0	5.87	5.06	When Wendy went to pay for the birthday card the clerk pointed out that she had forgotten to pick up	along with it.	False	n/a	n/a
1247.91015625	0.2	638930	255	filler_word	111	44	1	delong	expected	an	a	envelope	stamp	77	0	5.87	5.06	When Wendy went to pay for the birthday card the clerk pointed out that she had forgotten to pick up	along with it.	False	n/a	n/a
1248.439453125	0.2	639201	207	final_expected	111	44	1	delong	expected	an	a	envelope	stamp	77	0	5.87	5.06	When Wendy went to pay for the birthday card the clerk pointed out that she had forgotten to pick up	along with it.	False	n/a	n/a
1252.154296875	0.2	641103	255	filler_word	111	44	1	delong	expected	an	a	envelope	stamp	77	0	5.87	5.06	When Wendy went to pay for the birthday card the clerk pointed out that she had forgotten to pick up	along with it.	False	n/a	n/a
1252.685546875	0.2	641375	255	filler_word	111	44	1	delong	expected	an	a	envelope	stamp	77	0	5.87	5.06	When Wendy went to pay for the birthday card the clerk pointed out that she had forgotten to pick up	along with it.	False	n/a	n/a
1253.21484375	0.2	641646	255	filler_word	111	44	1	delong	expected	an	a	envelope	stamp	77	0	5.87	5.06	When Wendy went to pay for the birthday card the clerk pointed out that she had forgotten to pick up	along with it.	False	n/a	n/a
1253.74609375	0.2	641918	255	filler_word	111	44	1	delong	expected	an	a	envelope	stamp	77	0	5.87	5.06	When Wendy went to pay for the birthday card the clerk pointed out that she had forgotten to pick up	along with it.	False	n/a	n/a
1254.275390625	0.2	642189	255	filler_word	111	44	1	delong	expected	an	a	envelope	stamp	77	0	5.87	5.06	When Wendy went to pay for the birthday card the clerk pointed out that she had forgotten to pick up	along with it.	False	n/a	n/a
1254.806640625	0.2	642461	201	a_expected	111	44	1	delong	expected	an	a	envelope	stamp	77	0	5.87	5.06	When Wendy went to pay for the birthday card the clerk pointed out that she had forgotten to pick up	along with it.	False	n/a	n/a
1255.123046875	0.0	642623	143	item_marker	112	43	1	delong	expected	a	an	stamp	envelope	86	2	4.67	3.74	Jeffrey mailed the letter without	so the post office would never deliver it.	True	Did Hannah mail the letter?	no
1255.177734375	0.0	642651	86	cloze_marker	112	43	1	delong	expected	a	an	stamp	envelope	86	2	4.67	3.74	Jeffrey mailed the letter without	so the post office would never deliver it.	True	Did Hannah mail the letter?	no
1255.38671875	0.2	642758	205	noun_expected	112	43	1	delong	expected	a	an	stamp	envelope	86	2	4.67	3.74	Jeffrey mailed the letter without	so the post office would never deliver it.	True	Did Hannah mail the letter?	no
1255.703125	0.0	642920	143	item_marker	113	43	1	delong	expected	a	an	stamp	envelope	86	2	4.67	3.74	Jeffrey mailed the letter without	so the post office would never deliver it.	True	Did Hannah mail the letter?	no
1255.7578125	0.0	642948	93	cloze_marker	113	43	1	delong	expected	a	an	stamp	envelope	86	2	4.67	3.74	Jeffrey mailed the letter without	so the post office would never deliver it.	True	Did Hannah mail the letter?	no
1255.966796875	0.2	643055	255	filler_word	113	43	1	delong	expected	a	an	stamp	envelope	86	2	4.67	3.74	Jeffrey mailed the letter without	so the post office would never deliver it.	True	Did Hannah mail the letter?	no
1256.498046875	0.2	643327	255	filler_word	113	43	1	delong	expected	a	an	stamp	envelope	86	2	4.67	3.74	Jeffrey mailed the letter without	so the post office would never deliver it.	True	Did Hannah mail the letter?	no
1257.02734375	0.2	643598	255	filler_word	113	43	1	delong	expected	a	an	stamp	envelope	86	2	4.67	3.74	Jeffrey mailed the letter without	so the post office would never deliver it.	True	Did Hannah mail the letter?	no
1257.55859375	0.2	643870	255	filler_word	113	43	1	delong	expected	a	an	stamp	envelope	86	2	4.67	3.74	Jeffrey mailed the letter without	so the post office would never deliver it.	True	Did Hannah mail the letter?	no
1258.08984375	0.2	644142	255	filler_word	113	43	1	delong	expected	a	an	stamp	envelope	86	2	4.67	3.74	Jeffrey mailed the letter without	so the post office would never deliver it.	True	Did Hannah mail the letter?	no
1258.619140625	0.2	644413	255	filler_word	113	43	1	delong	expected	a	an	stamp	envelope	86	2	4.67	3.74	Jeffrey mailed the letter without	so the post office would never deliver it.	True	Did Hannah mail the letter?	no
1259.150390625	0.2	644685	255	filler_word	113	43	1	delong	expected	a	an	stamp	envelope	86	2	4.67	3.74	Jeffrey mailed the letter without	so the post office would never deliver it.	True	Did Hannah mail the letter?	no
1259.681640625	0.2	644957	207	final_expected	113	43	1	delong	expected	a	an	stamp	envelope	86	2	4.67	3.74	Jeffrey mailed the letter without	so the post office would never deliver it.	True	Did Hannah mail the letter?	no
1263.4765625	0.0	646900	251	question	113	43	1	delong	expected	a	an	stamp	envelope	86	2	4.67	3.74	Jeffrey mailed the letter without	so the post office would never deliver it.	True	Did Hannah mail the letter?	no
1266.013671875	0.2	648199	255	filler_word	113	43	1	delong	expected	a	an	stamp	envelope	86	2	4.67	3.74	Jeffrey mailed the letter without	so the post office would never deliver it.	True	Did Hannah mail the letter?	no
1266.544921875	0.2	648471	255	filler_word	113	43	1	delong	expected	a	an	stamp	envelope	86	2	4.67	3.74	Jeffrey mailed the letter without	so the post office would never deliver it.	True	Did Hannah mail the letter?	no
1267.07421875	0.2	648742	255	filler_word	113	43	1	delong	expected	a	an	stamp	envelope	86	2	4.67	3.74	Jeffrey mailed the letter without	so the post office would never deliver it.	True	Did Hannah mail the letter?	no
1267.60546875	0.2	649014	255	filler_word	113	43	1	delong	expected	a	an	stamp	envelope	86	2	4.67	3.74	Jeffrey mailed the letter without	so the post office would never deliver it.	True	Did Hannah mail the letter?	no
1268.13671875	0.2	649286	255	filler_word	113	43	1	delong	expected	a	an	stamp	envelope	86	2	4.67	3.74	Jeffrey mailed the letter without	so the post office would never deliver it.	True	Did Hannah mail the letter?	no
1268.66796875	0.2	649558	255	filler_word	113	43	1	delong	expected	a	an	stamp	envelope	86	2	4.67	3.74	Jeffrey mailed the letter without	so the post office would never deliver it.	True	Did Hannah mail the letter?	no
1269.197265625	0.2	649829	255	filler_word	113	43	1	delong	expected	a	an	stamp	envelope	86	2	4.67	3.74	Jeffrey mailed the letter without	so the post office would never deliver it.	True	Did Hannah mail the letter?	no
1269.728515625	0.2	650101	255	filler_word	113	43	1	delong	expected	a	an	stamp	envelope	86	2	4.67	3.74	Jeffrey mailed the letter without	so the post office would never deliver it.	True	Did Hannah mail the letter?	no
1270.2578125	0.2	650372	255	filler_word	113	43	1	delong	expected	a	an	stamp	envelope	86	2	4.67	3.74	Jeffrey mailed the letter without	so the post office would never deliver it.	True	Did Hannah mail the letter?	no
1270.7890625	0.2	650644	203	a_unexpected	113	43	1	delong	expected	a	an	stamp	envelope	86	2	4.67	3.74	Jeffrey mailed the letter without	so the post office would never deliver it.	True	Did Hannah mail the letter?	no
1271.103515625	0.0	650805	153	item_marker	114	53	1	delong	unexpected	an	a	actor	director	70	25	6.33	5.68	Lance had moved to Hollywood in hopes of becoming	but so far he had only done a few commercials.	False	n/a	n/a
1271.16015625	0.0	650834	25	cloze_marker	114	53	1	delong	unexpected	an	a	actor	director	70	25	6.33	5.68	Lance had moved to Hollywood in hopes of becoming	but so far he had only done a few commercials.	False	n/a	n/a
1271.369140625	0.2	650941	206	noun_unexpected	114	53	1	delong	unexpected	an	a	actor	director	70	25	6.33	5.68	Lance had moved to Hollywood in hopes of becoming	but so far he had only done a few commercials.	False	n/a	n/a
1271.68359375	0.0	651102	153	item_marker	115	53	1	delong	unexpected	an	a	actor	director	70	25	6.33	5.68	Lance had moved to Hollywood in hopes of becoming	but so far he had only done a few commercials.	False	n/a	n/a
1271.740234375	0.0	651131	7	cloze_marker	115	53	1	delong	unexpected	an	a	actor	director	70	25	6.33	5.68	Lance had moved to Hollywood in hopes of becoming	but so far he had only done a few commercials.	False	n/a	n/a
1271.94921875	0.2	651238	255	filler_word	115	53	1	delong	unexpected	an	a	actor	director	70	25	6.33	5.68	Lance had moved to Hollywood in hopes of becoming	but so far he had only done a few commercials.	False	n/a	n/a
1272.48046875	0.2	651510	255	filler_word	115	53	1	delong	unexpected	an	a	actor	director	70	25	6.33	5.68	Lance had moved to Hollywood in hopes of becoming	but so far he had only done a few commercials.	False	n/a	n/a
1273.009765625	0.2	651781	255	filler_word	115	53	1	delong	unexpected	an	a	actor	director	70	25	6.33	5.68	Lance had moved to Hollywood in hopes of becoming	but so far he had only done a few commercials.	False	n/a	n/a
1273.541015625	0.2	652053	255	filler_word	115	53	1	delong	unexpected	an	a	actor	director	70	25	6.33	5.68	Lance had moved to Hollywood in hopes of becoming	but so far he had only done a few commercials.	False	n/a	n/a
1274.0703125	0.2	652324	255	filler_word	115	53	1	delong	unexpected	an	a	actor	director	70	25	6.33	5.68	Lance had moved to Hollywood in hopes of becoming	but so far he had only done a few commercials.	False	n/a	n/a
1274.6015625	0.2	652596	255	filler_word	115	53	1	delong	unexpected	an	a	actor	director	70	25	6.33	5.68	Lance had moved to Hollywood in hopes of becoming	but so far he had only done a few commercials.	False	n/a	n/a
1275.1328125	0.2	652868	255	filler_word	115	53	1	delong	unexpected	an	a	actor	director	70	25	6.33	5.68	Lance had moved to Hollywood in hopes of becoming	but so far he had only done a few commercials.	False	n/a	n/a
1275.662109375	0.2	653139	255	filler_word	115	53	1	delong	unexpected	an	a	actor	director	70	25	6.33	5.68	Lance had moved to Hollywood in hopes of becoming	but so far he had only done a few commercials.	False	n/a	n/a
1276.193359375	0.2	653411	255	filler_word	115	53	1	delong	unexpected	an	a	actor	director	70	25	6.33	5.68	Lance had moved to Hollywood in hopes of becoming	but so far he had only done a few commercials.	False	n/a	n/a
1276.724609375	0.2	653683	208	final_unexpected	115	53	1	delong	unexpected	an	a	actor	director	70	25	6.33	5.68	Lance had moved to Hollywood in hopes of becoming	but so far he had only done a few commercials.	False	n/a	n/a
1280.322265625	0.2	655525	255	filler_word	115	53	1	delong	unexpected	an	a	actor	director	70	25	6.33	5.68	Lance had moved to Hollywood in hopes of becoming	but so far he had only done a few commercials.	False	n/a	n/a
1280.8515625	0.2	655796	255	filler_word	115	53	1	delong	unexpected	an	a	actor	director	70	25	6.33	5.68	Lance had moved to Hollywood in hopes of becoming	but so far he had only done a few commercials.	False	n/a	n/a
1281.3828125	0.2	656068	255	filler_word	115	53	1	delong	unexpected	an	a	actor	director	70	25	6.33	5.68	Lance had moved to Hollywood in hopes of becoming	but so far he had only done a few commercials.	False	n/a	n/a
1281.912109375	0.2	656339	255	filler_word	115	53	1	delong	unexpected	an	a	actor	director	70	25	6.33	5.68	Lance had moved to Hollywood in hopes of becoming	but so far he had only done a few commercials.	False	n/a	n/a
1282.443359375	0.2	656611	255	filler_word	115	53	1	delong	unexpected	an	a	actor	director	70	25	6.33	5.68	Lance had moved to Hollywood in hopes of becoming	but so far he had only done a few commercials.	False	n/a	n/a
1282.974609375	0.2	656883	255	filler_word	115	53	1	delong	unexpected	an	a	actor	director	70	25	6.33	5.68	Lance had moved to Hollywood in hopes of becoming	but so far he had only done a few commercials.	False	n/a	n/a
1283.50390625	0.2	657154	255	filler_word	115	53	1	delong	unexpected	an	a	actor	director	70	25	6.33	5.68	Lance had moved to Hollywood in hopes of becoming	but so far he had only done a few commercials.	False	n/a	n/a
1284.03515625	0.2	657426	255	filler_word	115	53	1	delong	unexpected	an	a	actor	director	70	25	6.33	5.68	Lance had moved to Hollywood in hopes of becoming	but so far he had only done a few commercials.	False	n/a	n/a
1284.56640625	0.2	657698	255	filler_word	115	53	1	delong	unexpected	an	a	actor	director	70	25	6.33	5.68	Lance had moved to Hollywood in hopes of becoming	but so far he had only done a few commercials.	False	n/a	n/a
1285.095703125	0.2	657969	255	filler_word	115	53	1	delong	unexpected	an	a	actor	director	70	25	6.33	5.68	Lance had moved to Hollywood in hopes of becoming	but so far he had only done a few commercials.	False	n/a	n/a
1285.626953125	0.2	658241	255	filler_word	115	53	1	delong	unexpected	an	a	actor	director	70	25	6.33	5.68	Lance had moved to Hollywood in hopes of becoming	but so far he had only done a few commercials.	False	n/a	n/a
1286.15625	0.2	658512	255	filler_word	115	53	1	delong	unexpected	an	a	actor	director	70	25	6.33	5.68	Lance had moved to Hollywood in hopes of becoming	but so far he had only done a few commercials.	False	n/a	n/a
1286.6875	0.2	658784	255	filler_word	115	53	1	delong	unexpected	an	a	actor	director	70	25	6.33	5.68	Lance had moved to Hollywood in hopes of becoming	but so far he had only done a few commercials.	False	n/a	n/a
1287.21875	0.2	659056	255	filler_word	115	53	1	delong	unexpected	an	a	actor	director	70	25	6.33	5.68	Lance had moved to Hollywood in hopes of becoming	but so far he had only done a few commercials.	False	n/a	n/a
1287.748046875	0.2	659327	255	filler_word	115	53	1	delong	unexpected	an	a	actor	director	70	25	6.33	5.68	Lance had moved to Hollywood in hopes of becoming	but so far he had only done a few commercials.	False	n/a	n/a
1288.279296875	0.2	659599	255	filler_word	115	53	1	delong	unexpected	an	a	actor	director	70	25	6.33	5.68	Lance had moved to Hollywood in hopes of becoming	but so far he had only done a few commercials.	False	n/a	n/a
1288.810546875	0.2	659871	255	filler_word	115	53	1	delong	unexpected	an	a	actor	director	70	25	6.33	5.68	Lance had moved to Hollywood in hopes of becoming	but so far he had only done a few commercials.	False	n/a	n/a
1289.33984375	0.2	660142	255	filler_word	115	53	1	delong	unexpected	an	a	actor	director	70	25	6.33	5.68	Lance had moved to Hollywood in hopes of becoming	but so far he had only done a few commercials.	False	n/a	n/a
1289.87109375	0.2	660414	202	an_expected	115	53	1	delong	unexpected	an	a	actor	director	70	25	6.33	5.68	Lance had moved to Hollywood in hopes of becoming	but so far he had only done a few commercials.	False	n/a	n/a
1290.1875	0.0	660576	155	item_marker	116	55	1	delong	expected	an	a	audience	crowd	68	25	6.61	6.07	Dana enjoyed singing in private but was scared to death at the thought of performing in front of	at the concert.	False	n/a	n/a
1290.2421875	0.0	660604	68	cloze_marker	116	55	1	delong	expected	an	a	audience	crowd	68	25	6.61	6.07	Dana enjoyed singing in private but was scared to death at the thought of performing in front of	at the concert.	False	n/a	n/a
1290.451171875	0.2	660711	205	noun_expected	116	55	1	delong	expected	an	a	audience	crowd	68	25	6.61	6.07	Dana enjoyed singing in private but was scared to death at the thought of performing in front of	at the concert.	False	n/a	n/a
1290.767578125	0.0	660873	155	item_marker	117	55	1	delong	expected	an	a	audience	crowd	68	25	6.61	6.07	Dana enjoyed singing in private but was scared to death at the thought of performing in front of	at the concert.	False	n/a	n/a
1290.822265625	0.0	660901	93	cloze_marker	117	55	1	delong	expected	an	a	audience	crowd	68	25	6.61	6.07	Dana enjoyed singing in private but was scared to death at the thought of performing in front of	at the concert.	False	n/a	n/a
1291.03125	0.2	661008	255	filler_word	117	55	1	delong	expected	an	a	audience	crowd	68	25	6.61	6.07	Dana enjoyed singing in private but was scared to death at the thought of performing in front of	at the concert.	False	n/a	n/a
1291.5625	0.2	661280	255	filler_word	117	55	1	delong	expected	an	a	audience	crowd	68	25	6.61	6.07	Dana enjoyed singing in private but was scared to death at the thought of performing in front of	at the concert.	False	n/a	n/a
1292.091796875	0.2	661551	207	final_expected	117	55	1	delong	expected	an	a	audience	crowd	68	25	6.61	6.07	Dana enjoyed singing in private but was scared to death at the thought of performing in front of	at the concert.	False	n/a	n/a
1295.607421875	0.2	663351	255	filler_word	117	55	1	delong	expected	an	a	audience	crowd	68	25	6.61	6.07	Dana enjoyed singing in private but was scared to death at the thought of performing in front of	at the concert.	False	n/a	n/a
1296.138671875	0.2	663623	255	filler_word	117	55	1	delong	expected	an	a	audience	crowd	68	25	6.61	6.07	Dana enjoyed singing in private but was scared to death at the thought of performing in front of	at the concert.	False	n/a	n/a
1296.66796875	0.2	663894	255	filler_word	117	55	1	delong	expected	an	a	audience	crowd	68	25	6.61	6.07	Dana enjoyed singing in private but was scared to death at the thought of performing in front of	at the concert.	False	n/a	n/a
1297.19921875	0.2	664166	255	filler_word	117	55	1	delong	expected	an	a	audience	crowd	68	25	6.61	6.07	Dana enjoyed singing in private but was scared to death at the thought of performing in front of	at the concert.	False	n/a	n/a
1297.728515625	0.2	664437	255	filler_word	117	55	1	delong	expected	an	a	audience	crowd	68	25	6.61	6.07	Dana enjoyed singing in private but was scared to death at the thought of performing in front of	at the concert.	False	n/a	n/a
1298.259765625	0.2	664709	255	filler_word	117	55	1	delong	expected	an	a	audience	crowd	68	25	6.61	6.07	Dana enjoyed singing in private but was scared to death at the thought of performing in front of	at the concert.	False	n/a	n/a
1298.7890625	0.2	664980	255	filler_word	117	55	1	delong	expected	an	a	audience	crowd	68	25	6.61	6.07	Dana enjoyed singing in private but was scared to death at the thought of performing in front of	at the concert.	False	n/a	n/a
1299.3203125	0.2	665252	255	filler_word	117	55	1	delong	expected	an	a	audience	crowd	68	25	6.61	6.07	Dana enjoyed singing in private but was scared to death at the thought of performing in front of	at the concert.	False	n/a	n/a
1299.8515625	0.2	665524	255	filler_word	117	55	1	delong	expected	an	a	audience	crowd	68	25	6.61	6.07	Dana enjoyed singing in private but was scared to death at the thought of performing in front of	at the concert.	False	n/a	n/a
1300.380859375	0.2	665795	255	filler_word	117	55	1	delong	expected	an	a	audience	crowd	68	25	6.61	6.07	Dana enjoyed singing in private but was scared to death at the thought of performing in front of	at the concert.	False	n/a	n/a
1300.912109375	0.2	666067	255	filler_word	117	55	1	delong	expected	an	a	audience	crowd	68	25	6.61	6.07	Dana enjoyed singing in private but was scared to death at the thought of performing in front of	at the concert.	False	n/a	n/a
1301.443359375	0.2	666339	255	filler_word	117	55	1	delong	expected	an	a	audience	crowd	68	25	6.61	6.07	Dana enjoyed singing in private but was scared to death at the thought of performing in front of	at the concert.	False	n/a	n/a
1301.974609375	0.2	666611	255	filler_word	117	55	1	delong	expected	an	a	audience	crowd	68	25	6.61	6.07	Dana enjoyed singing in private but was scared to death at the thought of performing in front of	at the concert.	False	n/a	n/a
1302.50390625	0.2	666882	255	filler_word	117	55	1	delong	expected	an	a	audience	crowd	68	25	6.61	6.07	Dana enjoyed singing in private but was scared to death at the thought of performing in front of	at the concert.	False	n/a	n/a
1303.03515625	0.2	667154	255	filler_word	117	55	1	delong	expected	an	a	audience	crowd	68	25	6.61	6.07	Dana enjoyed singing in private but was scared to death at the thought of performing in front of	at the concert.	False	n/a	n/a
1303.564453125	0.2	667425	255	filler_word	117	55	1	delong	expected	an	a	audience	crowd	68	25	6.61	6.07	Dana enjoyed singing in private but was scared to death at the thought of performing in front of	at the concert.	False	n/a	n/a
1304.095703125	0.2	667697	255	filler_word	117	55	1	delong	expected	an	a	audience	crowd	68	25	6.61	6.07	Dana enjoyed singing in private but was scared to death at the thought of performing in front of	at the concert.	False	n/a	n/a
1304.625	0.2	667968	255	filler_word	117	55	1	delong	expected	an	a	audience	crowd	68	25	6.61	6.07	Dana enjoyed singing in private but was scared to death at the thought of performing in front of	at the concert.	False	n/a	n/a
1305.15625	0.2	668240	255	filler_word	117	55	1	delong	expected	an	a	audience	crowd	68	25	6.61	6.07	Dana enjoyed singing in private but was scared to death at the thought of performing in front of	at the concert.	False	n/a	n/a
1305.6875	0.2	668512	255	filler_word	117	55	1	delong	expected	an	a	audience	crowd	68	25	6.61	6.07	Dana enjoyed singing in private but was scared to death at the thought of performing in front of	at the concert.	False	n/a	n/a
1306.21875	0.2	668784	204	an_unexpected	117	55	1	delong	expected	an	a	audience	crowd	68	25	6.61	6.07	Dana enjoyed singing in private but was scared to death at the thought of performing in front of	at the concert.	False	n/a	n/a
1306.533203125	0.0	668945	158	item_marker	118	58	1	delong	unexpected	a	an	wheelchair	escalator	66	0	5.83	5.03	The doctors told Monica not to use her legs too much so soon after her surgery so she often used	when moving around to rest her legs.	True	Could Monica use stairs very often?	no
1306.587890625	0.0	668973	200	cloze_marker	118	58	1	delong	unexpected	a	an	wheelchair	escalator	66	0	5.83	5.03	The doctors told Monica not to use her legs too much so soon after her surgery so she often used	when moving around to rest her legs.	True	Could Monica use stairs very often?	no
1306.796875	0.2	669080	206	noun_unexpected	118	58	1	delong	unexpected	a	an	wheelchair	escalator	66	0	5.83	5.03	The doctors told Monica not to use her legs too much so soon after her surgery so she often used	when moving around to rest her legs.	True	Could Monica use stairs very often?	no
1307.11328125	0.0	669242	158	item_marker	119	58	1	delong	unexpected	a	an	wheelchair	escalator	66	0	5.83	5.03	The doctors told Monica not to use her legs too much so soon after her surgery so she often used	when moving around to rest her legs.	True	Could Monica use stairs very often?	no
1307.169921875	0.0	669271	200	cloze_marker	119	58	1	delong	unexpected	a	an	wheelchair	escalator	66	0	5.83	5.03	The doctors told Monica not to use her legs too much so soon after her surgery so she often used	when moving around to rest her legs.	True	Could Monica use stairs very often?	no
1307.376953125	0.2	669377	255	filler_word	119	58	1	delong	unexpected	a	an	wheelchair	escalator	66	0	5.83	5.03	The doctors told Monica not to use her legs too much so soon after her surgery so she often used	when moving around to rest her legs.	True	Could Monica use stairs very often?	no
1307.908203125	0.2	669649	255	filler_word	119	58	1	delong	unexpected	a	an	wheelchair	escalator	66	0	5.83	5.03	The doctors told Monica not to use her legs too much so soon after her surgery so she often used	when moving around to rest her legs.	True	Could Monica use stairs very often?	no
1308.439453125	0.2	669921	255	filler_word	119	58	1	delong	unexpected	a	an	wheelchair	escalator	66	0	5.83	5.03	The doctors told Monica not to use her legs too much so soon after her surgery so she often used	when moving around to rest her legs.	True	Could Monica use stairs very often?	no
1308.96875	0.2	670192	255	filler_word	119	58	1	delong	unexpected	a	an	wheelchair	escalator	66	0	5.83	5.03	The doctors told Monica not to use her legs too much so soon after her surgery so she often used	when moving around to rest her legs.	True	Could Monica use stairs very often?	no
1309.5	0.2	670464	255	filler_word	119	58	1	delong	unexpected	a	an	wheelchair	escalator	66	0	5.83	5.03	The doctors told Monica not to use her legs too much so soon after her surgery so she often used	when moving around to rest her legs.	True	Could Monica use stairs very often?	no
1310.03125	0.2	670736	255	filler_word	119	58	1	delong	unexpected	a	an	wheelchair	escalator	66	0	5.83	5.03	The doctors told Monica not to use her legs too much so soon after her surgery so she often used	when moving around to rest her legs.	True	Could Monica use stairs very often?	no
1310.5625	0.2	671008	208	final_unexpected	119	58	1	delong	unexpected	a	an	wheelchair	escalator	66	0	5.83	5.03	The doctors told Monica not to use her legs too much so soon after her surgery so she often used	when moving around to rest her legs.	True	Could Monica use stairs very often?	no
1314.5234375	0.0	673036	251	question	119	58	1	delong	unexpected	a	an	wheelchair	escalator	66	0	5.83	5.03	The doctors told Monica not to use her legs too much so soon after her surgery so she often used	when moving around to rest her legs.	True	Could Monica use stairs very often?	no
1365.884765625	0.2	699333	255	filler_word	119	58	1	delong	unexpected	a	an	wheelchair	escalator	66	0	5.83	5.03	The doctors told Monica not to use her legs too much so soon after her surgery so she often used	when moving around to rest her legs.	True	Could Monica use stairs very often?	no
1366.416015625	0.2	699605	255	filler_word	119	58	1	delong	unexpected	a	an	wheelchair	escalator	66	0	5.83	5.03	The doctors told Monica not to use her legs too much so soon after her surgery so she often used	when moving around to rest her legs.	True	Could Monica use stairs very often?	no
1366.9453125	0.2	699876	255	filler_word	119	58	1	delong	unexpected	a	an	wheelchair	escalator	66	0	5.83	5.03	The doctors told Monica not to use her legs too much so soon after her surgery so she often used	when moving around to rest her legs.	True	Could Monica use stairs very often?	no
1367.4765625	0.2	700148	255	filler_word	119	58	1	delong	unexpected	a	an	wheelchair	escalator	66	0	5.83	5.03	The doctors told Monica not to use her legs too much so soon after her surgery so she often used	when moving around to rest her legs.	True	Could Monica use stairs very often?	no
1368.005859375	0.2	700419	255	filler_word	119	58	1	delong	unexpected	a	an	wheelchair	escalator	66	0	5.83	5.03	The doctors told Monica not to use her legs too much so soon after her surgery so she often used	when moving around to rest her legs.	True	Could Monica use stairs very often?	no
1368.537109375	0.2	700691	255	filler_word	119	58	1	delong	unexpected	a	an	wheelchair	escalator	66	0	5.83	5.03	The doctors told Monica not to use her legs too much so soon after her surgery so she often used	when moving around to rest her legs.	True	Could Monica use stairs very often?	no
1369.06640625	0.2	700962	255	filler_word	119	58	1	delong	unexpected	a	an	wheelchair	escalator	66	0	5.83	5.03	The doctors told Monica not to use her legs too much so soon after her surgery so she often used	when moving around to rest her legs.	True	Could Monica use stairs very often?	no
1369.59765625	0.2	701234	255	filler_word	119	58	1	delong	unexpected	a	an	wheelchair	escalator	66	0	5.83	5.03	The doctors told Monica not to use her legs too much so soon after her surgery so she often used	when moving around to rest her legs.	True	Could Monica use stairs very often?	no
1370.12890625	0.2	701506	255	filler_word	119	58	1	delong	unexpected	a	an	wheelchair	escalator	66	0	5.83	5.03	The doctors told Monica not to use her legs too much so soon after her surgery so she often used	when moving around to rest her legs.	True	Could Monica use stairs very often?	no
1370.658203125	0.2	701777	255	filler_word	119	58	1	delong	unexpected	a	an	wheelchair	escalator	66	0	5.83	5.03	The doctors told Monica not to use her legs too much so soon after her surgery so she often used	when moving around to rest her legs.	True	Could Monica use stairs very often?	no
1371.189453125	0.2	702049	255	filler_word	119	58	1	delong	unexpected	a	an	wheelchair	escalator	66	0	5.83	5.03	The doctors told Monica not to use her legs too much so soon after her surgery so she often used	when moving around to rest her legs.	True	Could Monica use stairs very often?	no
1371.720703125	0.2	702321	255	filler_word	119	58	1	delong	unexpected	a	an	wheelchair	escalator	66	0	5.83	5.03	The doctors told Monica not to use her legs too much so soon after her surgery so she often used	when moving around to rest her legs.	True	Could Monica use stairs very often?	no
1372.251953125	0.2	702593	255	filler_word	119	58	1	delong	unexpected	a	an	wheelchair	escalator	66	0	5.83	5.03	The doctors told Monica not to use her legs too much so soon after her surgery so she often used	when moving around to rest her legs.	True	Could Monica use stairs very often?	no
1372.78125	0.2	702864	255	filler_word	119	58	1	delong	unexpected	a	an	wheelchair	escalator	66	0	5.83	5.03	The doctors told Monica not to use her legs too much so soon after her surgery so she often used	when moving around to rest her legs.	True	Could Monica use stairs very often?	no
1373.3125	0.2	703136	255	filler_word	119	58	1	delong	unexpected	a	an	wheelchair	escalator	66	0	5.83	5.03	The doctors told Monica not to use her legs too much so soon after her surgery so she often used	when moving around to rest her legs.	True	Could Monica use stairs very often?	no
1373.841796875	0.2	703407	255	filler_word	119	58	1	delong	unexpected	a	an	wheelchair	escalator	66	0	5.83	5.03	The doctors told Monica not to use her legs too much so soon after her surgery so she often used	when moving around to rest her legs.	True	Could Monica use stairs very often?	no
1374.373046875	0.2	703679	255	filler_word	119	58	1	delong	unexpected	a	an	wheelchair	escalator	66	0	5.83	5.03	The doctors told Monica not to use her legs too much so soon after her surgery so she often used	when moving around to rest her legs.	True	Could Monica use stairs very often?	no
1374.90234375	0.2	703950	201	a_expected	119	58	1	delong	unexpected	a	an	wheelchair	escalator	66	0	5.83	5.03	The doctors told Monica not to use her legs too much so soon after her surgery so she often used	when moving around to rest her legs.	True	Could Monica use stairs very often?	no
1375.21875	0.0	704112	164	item_marker	120	64	1	delong	expected	a	an	name	idea	68	11	5.67	5.77	The guys didn't know what to call their band so Trent told everyone to come up with	and they would vote.	True	Did Trent suggest to vote?	yes
1375.2734375	0.0	704140	68	cloze_marker	120	64	1	delong	expected	a	an	name	idea	68	11	5.67	5.77	The guys didn't know what to call their band so Trent told everyone to come up with	and they would vote.	True	Did Trent suggest to vote?	yes
1375.484375	0.2	704248	205	noun_expected	120	64	1	delong	expected	a	an	name	idea	68	11	5.67	5.77	The guys didn't know what to call their band so Trent told everyone to come up with	and they would vote.	True	Did Trent suggest to vote?	yes
1375.798828125	0.0	704409	164	item_marker	121	64	1	delong	expected	a	an	name	idea	68	11	5.67	5.77	The guys didn't know what to call their band so Trent told everyone to come up with	and they would vote.	True	Did Trent suggest to vote?	yes
1375.853515625	0.0	704437	50	cloze_marker	121	64	1	delong	expected	a	an	name	idea	68	11	5.67	5.77	The guys didn't know what to call their band so Trent told everyone to come up with	and they would vote.	True	Did Trent suggest to vote?	yes
1376.064453125	0.2	704545	255	filler_word	121	64	1	delong	expected	a	an	name	idea	68	11	5.67	5.77	The guys didn't know what to call their band so Trent told everyone to come up with	and they would vote.	True	Did Trent suggest to vote?	yes
1376.59375	0.2	704816	255	filler_word	121	64	1	delong	expected	a	an	name	idea	68	11	5.67	5.77	The guys didn't know what to call their band so Trent told everyone to come up with	and they would vote.	True	Did Trent suggest to vote?	yes
1377.125	0.2	705088	255	filler_word	121	64	1	delong	expected	a	an	name	idea	68	11	5.67	5.77	The guys didn't know what to call their band so Trent told everyone to come up with	and they would vote.	True	Did Trent suggest to vote?	yes
1377.654296875	0.2	705359	207	final_expected	121	64	1	delong	expected	a	an	name	idea	68	11	5.67	5.77	The guys didn't know what to call their band so Trent told everyone to come up with	and they would vote.	True	Did Trent suggest to vote?	yes
1381.716796875	0.0	707439	251	question	121	64	1	delong	expected	a	an	name	idea	68	11	5.67	5.77	The guys didn't know what to call their band so Trent told everyone to come up with	and they would vote.	True	Did Trent suggest to vote?	yes
1385.015625	0.2	709128	255	filler_word	121	64	1	delong	expected	a	an	name	idea	68	11	5.67	5.77	The guys didn't know what to call their band so Trent told everyone to come up with	and they would vote.	True	Did Trent suggest to vote?	yes
1385.546875	0.2	709400	255	filler_word	121	64	1	delong	expected	a	an	name	idea	68	11	5.67	5.77	The guys didn't know what to call their band so Trent told everyone to come up with	and they would vote.	True	Did Trent suggest to vote?	yes
1386.076171875	0.2	709671	255	filler_word	121	64	1	delong	expected	a	an	name	idea	68	11	5.67	5.77	The guys didn't know what to call their band so Trent told everyone to come up with	and they would vote.	True	Did Trent suggest to vote?	yes
1386.607421875	0.2	709943	255	filler_word	121	64	1	delong	expected	a	an	name	idea	68	11	5.67	5.77	The guys didn't know what to call their band so Trent told everyone to come up with	and they would vote.	True	Did Trent suggest to vote?	yes
1387.138671875	0.2	710215	255	filler_word	121	64	1	delong	expected	a	an	name	idea	68	11	5.67	5.77	The guys didn't know what to call their band so Trent told everyone to come up with	and they would vote.	True	Did Trent suggest to vote?	yes
1387.66796875	0.2	710486	255	filler_word	121	64	1	delong	expected	a	an	name	idea	68	11	5.67	5.77	The guys didn't know what to call their band so Trent told everyone to come up with	and they would vote.	True	Did Trent suggest to vote?	yes
1388.19921875	0.2	710758	255	filler_word	121	64	1	delong	expected	a	an	name	idea	68	11	5.67	5.77	The guys didn't know what to call their band so Trent told everyone to come up with	and they would vote.	True	Did Trent suggest to vote?	yes
1388.73046875	0.2	711030	255	filler_word	121	64	1	delong	expected	a	an	name	idea	68	11	5.67	5.77	The guys didn't know what to call their band so Trent told everyone to come up with	and they would vote.	True	Did Trent suggest to vote?	yes
1389.26171875	0.2	711302	255	filler_word	121	64	1	delong	expected	a	an	name	idea	68	11	5.67	5.77	The guys didn't know what to call their band so Trent told everyone to come up with	and they would vote.	True	Did Trent suggest to vote?	yes
1389.791015625	0.2	711573	255	filler_word	121	64	1	delong	expected	a	an	name	idea	68	11	5.67	5.77	The guys didn't know what to call their band so Trent told everyone to come up with	and they would vote.	True	Did Trent suggest to vote?	yes
1390.322265625	0.2	711845	255	filler_word	121	64	1	delong	expected	a	an	name	idea	68	11	5.67	5.77	The guys didn't know what to call their band so Trent told everyone to come up with	and they would vote.	True	Did Trent suggest to vote?	yes
1390.8515625	0.2	712116	255	filler_word	121	64	1	delong	expected	a	an	name	idea	68	11	5.67	5.77	The guys didn't know what to call their band so Trent told everyone to come up with	and they would vote.	True	Did Trent suggest to vote?	yes
1391.3828125	0.2	712388	255	filler_word	121	64	1	delong	expected	a	an	name	idea	68	11	5.67	5.77	The guys didn't know what to call their band so Trent told everyone to come up with	and they would vote.	True	Did Trent suggest to vote?	yes
1391.912109375	0.2	712659	255	filler_word	121	64	1	delong	expected	a	an	name	idea	68	11	5.67	5.77	The guys didn't know what to call their band so Trent told everyone to come up with	and they would vote.	True	Did Trent suggest to vote?	yes
1392.443359375	0.2	712931	202	an_expected	121	64	1	delong	expected	a	an	name	idea	68	11	5.67	5.77	The guys didn't know what to call their band so Trent told everyone to come up with	and they would vote.	True	Did Trent suggest to vote?	yes
1392.759765625	0.0	713093	179	item_marker	122	79	1	delong	expected	an	a	alien	tourist	95	0	4.97	2.03	Bob claims to be from outer space but nobody believes that he is actually	from another planet.	True	Does Bob claim to be from Canada?	no
1392.814453125	0.0	713121	95	cloze_marker	122	79	1	delong	expected	an	a	alien	tourist	95	0	4.97	2.03	Bob claims to be from outer space but nobody believes that he is actually	from another planet.	True	Does Bob claim to be from Canada?	no
1393.0234375	0.2	713228	205	noun_expected	122	79	1	delong	expected	an	a	alien	tourist	95	0	4.97	2.03	Bob claims to be from outer space but nobody believes that he is actually	from another planet.	True	Does Bob claim to be from Canada?	no
1393.33984375	0.0	713390	179	item_marker	123	79	1	delong	expected	an	a	alien	tourist	95	0	4.97	2.03	Bob claims to be from outer space but nobody believes that he is actually	from another planet.	True	Does Bob claim to be from Canada?	no
1393.39453125	0.0	713418	97	cloze_marker	123	79	1	delong	expected	an	a	alien	tourist	95	0	4.97	2.03	Bob claims to be from outer space but nobody believes that he is actually	from another planet.	True	Does Bob claim to be from Canada?	no
1393.603515625	0.2	713525	255	filler_word	123	79	1	delong	expected	an	a	alien	tourist	95	0	4.97	2.03	Bob claims to be from outer space but nobody believes that he is actually	from another planet.	True	Does Bob claim to be from Canada?	no
1394.134765625	0.2	713797	255	filler_word	123	79	1	delong	expected	an	a	alien	tourist	95	0	4.97	2.03	Bob claims to be from outer space but nobody believes that he is actually	from another planet.	True	Does Bob claim to be from Canada?	no
1394.6640625	0.2	714068	207	final_expected	123	79	1	delong	expected	an	a	alien	tourist	95	0	4.97	2.03	Bob claims to be from outer space but nobody believes that he is actually	from another planet.	True	Does Bob claim to be from Canada?	no
1398.345703125	0.0	715953	251	question	123	79	1	delong	expected	an	a	alien	tourist	95	0	4.97	2.03	Bob claims to be from outer space but nobody believes that he is actually	from another planet.	True	Does Bob claim to be from Canada?	no
1400.931640625	0.2	717277	255	filler_word	123	79	1	delong	expected	an	a	alien	tourist	95	0	4.97	2.03	Bob claims to be from outer space but nobody believes that he is actually	from another planet.	True	Does Bob claim to be from Canada?	no
1401.462890625	0.2	717549	255	filler_word	123	79	1	delong	expected	an	a	alien	tourist	95	0	4.97	2.03	Bob claims to be from outer space but nobody believes that he is actually	from another planet.	True	Does Bob claim to be from Canada?	no
1401.9921875	0.2	717820	255	filler_word	123	79	1	delong	expected	an	a	alien	tourist	95	0	4.97	2.03	Bob claims to be from outer space but nobody believes that he is actually	from another planet.	True	Does Bob claim to be from Canada?	no
1402.5234375	0.2	718092	255	filler_word	123	79	1	delong	expected	an	a	alien	tourist	95	0	4.97	2.03	Bob claims to be from outer space but nobody believes that he is actually	from another planet.	True	Does Bob claim to be from Canada?	no
1403.0546875	0.2	718364	255	filler_word	123	79	1	delong	expected	an	a	alien	tourist	95	0	4.97	2.03	Bob claims to be from outer space but nobody believes that he is actually	from another planet.	True	Does Bob claim to be from Canada?	no
1403.583984375	0.2	718635	255	filler_word	123	79	1	delong	expected	an	a	alien	tourist	95	0	4.97	2.03	Bob claims to be from outer space but nobody believes that he is actually	from another planet.	True	Does Bob claim to be from Canada?	no
1404.115234375	0.2	718907	255	filler_word	123	79	1	delong	expected	an	a	alien	tourist	95	0	4.97	2.03	Bob claims to be from outer space but nobody believes that he is actually	from another planet.	True	Does Bob claim to be from Canada?	no
1404.646484375	0.2	719179	255	filler_word	123	79	1	delong	expected	an	a	alien	tourist	95	0	4.97	2.03	Bob claims to be from outer space but nobody believes that he is actually	from another planet.	True	Does Bob claim to be from Canada?	no
1405.17578125	0.2	719450	255	filler_word	123	79	1	delong	expected	an	a	alien	tourist	95	0	4.97	2.03	Bob claims to be from outer space but nobody believes that he is actually	from another planet.	True	Does Bob claim to be from Canada?	no
1405.70703125	0.2	719722	255	filler_word	123	79	1	delong	expected	an	a	alien	tourist	95	0	4.97	2.03	Bob claims to be from outer space but nobody believes that he is actually	from another planet.	True	Does Bob claim to be from Canada?	no
1406.236328125	0.2	719993	255	filler_word	123	79	1	delong	expected	an	a	alien	tourist	95	0	4.97	2.03	Bob claims to be from outer space but nobody believes that he is actually	from another planet.	True	Does Bob claim to be from Canada?	no
1406.767578125	0.2	720265	255	filler_word	123	79	1	delong	expected	an	a	alien	tourist	95	0	4.97	2.03	Bob claims to be from outer space but nobody believes that he is actually	from another planet.	True	Does Bob claim to be from Canada?	no
1407.296875	0.2	720536	255	filler_word	123	79	1	delong	expected	an	a	alien	tourist	95	0	4.97	2.03	Bob claims to be from outer space but nobody believes that he is actually	from another planet.	True	Does Bob claim to be from Canada?	no
1407.828125	0.2	720808	255	filler_word	123	79	1	delong	expected	an	a	alien	tourist	95	0	4.97	2.03	Bob claims to be from outer space but nobody believes that he is actually	from another planet.	True	Does Bob claim to be from Canada?	no
1408.359375	0.2	721080	255	filler_word	123	79	1	delong	expected	an	a	alien	tourist	95	0	4.97	2.03	Bob claims to be from outer space but nobody believes that he is actually	from another planet.	True	Does Bob claim to be from Canada?	no
1408.890625	0.2	721352	255	filler_word	123	79	1	delong	expected	an	a	alien	tourist	95	0	4.97	2.03	Bob claims to be from outer space but nobody believes that he is actually	from another planet.	True	Does Bob claim to be from Canada?	no
1409.419921875	0.2	721623	255	filler_word	123	79	1	delong	expected	an	a	alien	tourist	95	0	4.97	2.03	Bob claims to be from outer space but nobody believes that he is actually	from another planet.	True	Does Bob claim to be from Canada?	no
1409.951171875	0.2	721895	255	filler_word	123	79	1	delong	expected	an	a	alien	tourist	95	0	4.97	2.03	Bob claims to be from outer space but nobody believes that he is actually	from another planet.	True	Does Bob claim to be from Canada?	no
1410.482421875	0.2	722167	255	filler_word	123	79	1	delong	expected	an	a	alien	tourist	95	0	4.97	2.03	Bob claims to be from outer space but nobody believes that he is actually	from another planet.	True	Does Bob claim to be from Canada?	no
1411.01171875	0.2	722438	255	filler_word	123	79	1	delong	expected	an	a	alien	tourist	95	0	4.97	2.03	Bob claims to be from outer space but nobody believes that he is actually	from another planet.	True	Does Bob claim to be from Canada?	no
1411.54296875	0.2	722710	255	filler_word	123	79	1	delong	expected	an	a	alien	tourist	95	0	4.97	2.03	Bob claims to be from outer space but nobody believes that he is actually	from another planet.	True	Does Bob claim to be from Canada?	no
1412.072265625	0.2	722981	255	filler_word	123	79	1	delong	expected	an	a	alien	tourist	95	0	4.97	2.03	Bob claims to be from outer space but nobody believes that he is actually	from another planet.	True	Does Bob claim to be from Canada?	no
1412.603515625	0.2	723253	255	filler_word	123	79	1	delong	expected	an	a	alien	tourist	95	0	4.97	2.03	Bob claims to be from outer space but nobody believes that he is actually	from another planet.	True	Does Bob claim to be from Canada?	no
1413.134765625	0.2	723525	201	a_expected	123	79	1	delong	expected	an	a	alien	tourist	95	0	4.97	2.03	Bob claims to be from outer space but nobody believes that he is actually	from another planet.	True	Does Bob claim to be from Canada?	no
1413.44921875	0.0	723686	180	item_marker	124	80	1	delong	expected	a	an	tourist	alien	95	5	5.9	2.07	With his khaki shorts and his loud Hawaiian shirt and the camera around his neck you could definitely tell that the man was	in the country.	False	n/a	n/a
1413.505859375	0.0	723715	95	cloze_marker	124	80	1	delong	expected	a	an	tourist	alien	95	5	5.9	2.07	With his khaki shorts and his loud Hawaiian shirt and the camera around his neck you could definitely tell that the man was	in the country.	False	n/a	n/a
1413.71484375	0.2	723822	205	noun_expected	124	80	1	delong	expected	a	an	tourist	alien	95	5	5.9	2.07	With his khaki shorts and his loud Hawaiian shirt and the camera around his neck you could definitely tell that the man was	in the country.	False	n/a	n/a
1414.029296875	0.0	723983	180	item_marker	125	80	1	delong	expected	a	an	tourist	alien	95	5	5.9	2.07	With his khaki shorts and his loud Hawaiian shirt and the camera around his neck you could definitely tell that the man was	in the country.	False	n/a	n/a
1414.0859375	0.0	724012	97	cloze_marker	125	80	1	delong	expected	a	an	tourist	alien	95	5	5.9	2.07	With his khaki shorts and his loud Hawaiian shirt and the camera around his neck you could definitely tell that the man was	in the country.	False	n/a	n/a
1414.294921875	0.2	724119	255	filler_word	125	80	1	delong	expected	a	an	tourist	alien	95	5	5.9	2.07	With his khaki shorts and his loud Hawaiian shirt and the camera around his neck you could definitely tell that the man was	in the country.	False	n/a	n/a
1414.82421875	0.2	724390	255	filler_word	125	80	1	delong	expected	a	an	tourist	alien	95	5	5.9	2.07	With his khaki shorts and his loud Hawaiian shirt and the camera around his neck you could definitely tell that the man was	in the country.	False	n/a	n/a
1415.35546875	0.2	724662	207	final_expected	125	80	1	delong	expected	a	an	tourist	alien	95	5	5.9	2.07	With his khaki shorts and his loud Hawaiian shirt and the camera around his neck you could definitely tell that the man was	in the country.	False	n/a	n/a
1418.935546875	0.2	726495	255	filler_word	125	80	1	delong	expected	a	an	tourist	alien	95	5	5.9	2.07	With his khaki shorts and his loud Hawaiian shirt and the camera around his neck you could definitely tell that the man was	in the country.	False	n/a	n/a
1419.466796875	0.2	726767	255	filler_word	125	80	1	delong	expected	a	an	tourist	alien	95	5	5.9	2.07	With his khaki shorts and his loud Hawaiian shirt and the camera around his neck you could definitely tell that the man was	in the country.	False	n/a	n/a
1419.998046875	0.2	727039	255	filler_word	125	80	1	delong	expected	a	an	tourist	alien	95	5	5.9	2.07	With his khaki shorts and his loud Hawaiian shirt and the camera around his neck you could definitely tell that the man was	in the country.	False	n/a	n/a
1420.52734375	0.2	727310	255	filler_word	125	80	1	delong	expected	a	an	tourist	alien	95	5	5.9	2.07	With his khaki shorts and his loud Hawaiian shirt and the camera around his neck you could definitely tell that the man was	in the country.	False	n/a	n/a
1421.05859375	0.2	727582	255	filler_word	125	80	1	delong	expected	a	an	tourist	alien	95	5	5.9	2.07	With his khaki shorts and his loud Hawaiian shirt and the camera around his neck you could definitely tell that the man was	in the country.	False	n/a	n/a
1421.58984375	0.2	727854	255	filler_word	125	80	1	delong	expected	a	an	tourist	alien	95	5	5.9	2.07	With his khaki shorts and his loud Hawaiian shirt and the camera around his neck you could definitely tell that the man was	in the country.	False	n/a	n/a
1422.119140625	0.2	728125	255	filler_word	125	80	1	delong	expected	a	an	tourist	alien	95	5	5.9	2.07	With his khaki shorts and his loud Hawaiian shirt and the camera around his neck you could definitely tell that the man was	in the country.	False	n/a	n/a
1422.650390625	0.2	728397	255	filler_word	125	80	1	delong	expected	a	an	tourist	alien	95	5	5.9	2.07	With his khaki shorts and his loud Hawaiian shirt and the camera around his neck you could definitely tell that the man was	in the country.	False	n/a	n/a
1423.1796875	0.2	728668	255	filler_word	125	80	1	delong	expected	a	an	tourist	alien	95	5	5.9	2.07	With his khaki shorts and his loud Hawaiian shirt and the camera around his neck you could definitely tell that the man was	in the country.	False	n/a	n/a
1423.7109375	0.2	728940	255	filler_word	125	80	1	delong	expected	a	an	tourist	alien	95	5	5.9	2.07	With his khaki shorts and his loud Hawaiian shirt and the camera around his neck you could definitely tell that the man was	in the country.	False	n/a	n/a
1424.2421875	0.2	729212	255	filler_word	125	80	1	delong	expected	a	an	tourist	alien	95	5	5.9	2.07	With his khaki shorts and his loud Hawaiian shirt and the camera around his neck you could definitely tell that the man was	in the country.	False	n/a	n/a
1424.7734375	0.2	729484	255	filler_word	125	80	1	delong	expected	a	an	tourist	alien	95	5	5.9	2.07	With his khaki shorts and his loud Hawaiian shirt and the camera around his neck you could definitely tell that the man was	in the country.	False	n/a	n/a
1425.302734375	0.2	729755	255	filler_word	125	80	1	delong	expected	a	an	tourist	alien	95	5	5.9	2.07	With his khaki shorts and his loud Hawaiian shirt and the camera around his neck you could definitely tell that the man was	in the country.	False	n/a	n/a
1425.833984375	0.2	730027	255	filler_word	125	80	1	delong	expected	a	an	tourist	alien	95	5	5.9	2.07	With his khaki shorts and his loud Hawaiian shirt and the camera around his neck you could definitely tell that the man was	in the country.	False	n/a	n/a
1426.36328125	0.2	730298	255	filler_word	125	80	1	delong	expected	a	an	tourist	alien	95	5	5.9	2.07	With his khaki shorts and his loud Hawaiian shirt and the camera around his neck you could definitely tell that the man was	in the country.	False	n/a	n/a
1426.89453125	0.2	730570	255	filler_word	125	80	1	delong	expected	a	an	tourist	alien	95	5	5.9	2.07	With his khaki shorts and his loud Hawaiian shirt and the camera around his neck you could definitely tell that the man was	in the country.	False	n/a	n/a
1427.423828125	0.2	730841	255	filler_word	125	80	1	delong	expected	a	an	tourist	alien	95	5	5.9	2.07	With his khaki shorts and his loud Hawaiian shirt and the camera around his neck you could definitely tell that the man was	in the country.	False	n/a	n/a
1427.955078125	0.2	731113	255	filler_word	125	80	1	delong	expected	a	an	tourist	alien	95	5	5.9	2.07	With his khaki shorts and his loud Hawaiian shirt and the camera around his neck you could definitely tell that the man was	in the country.	False	n/a	n/a
1428.486328125	0.2	731385	255	filler_word	125	80	1	delong	expected	a	an	tourist	alien	95	5	5.9	2.07	With his khaki shorts and his loud Hawaiian shirt and the camera around his neck you could definitely tell that the man was	in the country.	False	n/a	n/a
1429.015625	0.2	731656	255	filler_word	125	80	1	delong	expected	a	an	tourist	alien	95	5	5.9	2.07	With his khaki shorts and his loud Hawaiian shirt and the camera around his neck you could definitely tell that the man was	in the country.	False	n/a	n/a
1429.546875	0.2	731928	255	filler_word	125	80	1	delong	expected	a	an	tourist	alien	95	5	5.9	2.07	With his khaki shorts and his loud Hawaiian shirt and the camera around his neck you could definitely tell that the man was	in the country.	False	n/a	n/a
1430.078125	0.2	732200	255	filler_word	125	80	1	delong	expected	a	an	tourist	alien	95	5	5.9	2.07	With his khaki shorts and his loud Hawaiian shirt and the camera around his neck you could definitely tell that the man was	in the country.	False	n/a	n/a
1430.607421875	0.2	732471	202	an_expected	125	80	1	delong	expected	a	an	tourist	alien	95	5	5.9	2.07	With his khaki shorts and his loud Hawaiian shirt and the camera around his neck you could definitely tell that the man was	in the country.	False	n/a	n/a
1430.923828125	0.0	732633	167	item_marker	126	67	1	delong	expected	an	a	owl	cat	86	14	6.13	2.47	As Elizabeth climbed the ladder in the barn she heard a hooting sound coming from the rafters and looked up to see	staring down at her.	False	n/a	n/a
1430.978515625	0.0	732661	86	cloze_marker	126	67	1	delong	expected	an	a	owl	cat	86	14	6.13	2.47	As Elizabeth climbed the ladder in the barn she heard a hooting sound coming from the rafters and looked up to see	staring down at her.	False	n/a	n/a
1431.189453125	0.2	732769	205	noun_expected	126	67	1	delong	expected	an	a	owl	cat	86	14	6.13	2.47	As Elizabeth climbed the ladder in the barn she heard a hooting sound coming from the rafters and looked up to see	staring down at her.	False	n/a	n/a
1431.50390625	0.0	732930	167	item_marker	127	67	1	delong	expected	an	a	owl	cat	86	14	6.13	2.47	As Elizabeth climbed the ladder in the barn she heard a hooting sound coming from the rafters and looked up to see	staring down at her.	False	n/a	n/a
1431.55859375	0.0	732958	87	cloze_marker	127	67	1	delong	expected	an	a	owl	cat	86	14	6.13	2.47	As Elizabeth climbed the ladder in the barn she heard a hooting sound coming from the rafters and looked up to see	staring down at her.	False	n/a	n/a
1431.767578125	0.2	733065	255	filler_word	127	67	1	delong	expected	an	a	owl	cat	86	14	6.13	2.47	As Elizabeth climbed the ladder in the barn she heard a hooting sound coming from the rafters and looked up to see	staring down at her.	False	n/a	n/a
1432.298828125	0.2	733337	255	filler_word	127	67	1	delong	expected	an	a	owl	cat	86	14	6.13	2.47	As Elizabeth climbed the ladder in the barn she heard a hooting sound coming from the rafters and looked up to see	staring down at her.	False	n/a	n/a
1432.830078125	0.2	733609	255	filler_word	127	67	1	delong	expected	an	a	owl	cat	86	14	6.13	2.47	As Elizabeth climbed the ladder in the barn she heard a hooting sound coming from the rafters and looked up to see	staring down at her.	False	n/a	n/a
1433.361328125	0.2	733881	207	final_expected	127	67	1	delong	expected	an	a	owl	cat	86	14	6.13	2.47	As Elizabeth climbed the ladder in the barn she heard a hooting sound coming from the rafters and looked up to see	staring down at her.	False	n/a	n/a
1437.15625	0.2	735824	255	filler_word	127	67	1	delong	expected	an	a	owl	cat	86	14	6.13	2.47	As Elizabeth climbed the ladder in the barn she heard a hooting sound coming from the rafters and looked up to see	staring down at her.	False	n/a	n/a
1437.6875	0.2	736096	255	filler_word	127	67	1	delong	expected	an	a	owl	cat	86	14	6.13	2.47	As Elizabeth climbed the ladder in the barn she heard a hooting sound coming from the rafters and looked up to see	staring down at her.	False	n/a	n/a
1438.216796875	0.2	736367	255	filler_word	127	67	1	delong	expected	an	a	owl	cat	86	14	6.13	2.47	As Elizabeth climbed the ladder in the barn she heard a hooting sound coming from the rafters and looked up to see	staring down at her.	False	n/a	n/a
1438.748046875	0.2	736639	255	filler_word	127	67	1	delong	expected	an	a	owl	cat	86	14	6.13	2.47	As Elizabeth climbed the ladder in the barn she heard a hooting sound coming from the rafters and looked up to see	staring down at her.	False	n/a	n/a
1439.279296875	0.2	736911	255	filler_word	127	67	1	delong	expected	an	a	owl	cat	86	14	6.13	2.47	As Elizabeth climbed the ladder in the barn she heard a hooting sound coming from the rafters and looked up to see	staring down at her.	False	n/a	n/a
1439.80859375	0.2	737182	255	filler_word	127	67	1	delong	expected	an	a	owl	cat	86	14	6.13	2.47	As Elizabeth climbed the ladder in the barn she heard a hooting sound coming from the rafters and looked up to see	staring down at her.	False	n/a	n/a
1440.33984375	0.2	737454	255	filler_word	127	67	1	delong	expected	an	a	owl	cat	86	14	6.13	2.47	As Elizabeth climbed the ladder in the barn she heard a hooting sound coming from the rafters and looked up to see	staring down at her.	False	n/a	n/a
1440.87109375	0.2	737726	255	filler_word	127	67	1	delong	expected	an	a	owl	cat	86	14	6.13	2.47	As Elizabeth climbed the ladder in the barn she heard a hooting sound coming from the rafters and looked up to see	staring down at her.	False	n/a	n/a
1441.400390625	0.2	737997	255	filler_word	127	67	1	delong	expected	an	a	owl	cat	86	14	6.13	2.47	As Elizabeth climbed the ladder in the barn she heard a hooting sound coming from the rafters and looked up to see	staring down at her.	False	n/a	n/a
1441.931640625	0.2	738269	255	filler_word	127	67	1	delong	expected	an	a	owl	cat	86	14	6.13	2.47	As Elizabeth climbed the ladder in the barn she heard a hooting sound coming from the rafters and looked up to see	staring down at her.	False	n/a	n/a
1442.4609375	0.2	738540	255	filler_word	127	67	1	delong	expected	an	a	owl	cat	86	14	6.13	2.47	As Elizabeth climbed the ladder in the barn she heard a hooting sound coming from the rafters and looked up to see	staring down at her.	False	n/a	n/a
1442.9921875	0.2	738812	255	filler_word	127	67	1	delong	expected	an	a	owl	cat	86	14	6.13	2.47	As Elizabeth climbed the ladder in the barn she heard a hooting sound coming from the rafters and looked up to see	staring down at her.	False	n/a	n/a
1443.5234375	0.2	739084	202	an_expected	127	67	1	delong	expected	an	a	owl	cat	86	14	6.13	2.47	As Elizabeth climbed the ladder in the barn she heard a hooting sound coming from the rafters and looked up to see	staring down at her.	False	n/a	n/a
1443.837890625	0.0	739245	163	item_marker	128	63	1	delong	expected	an	a	idea	name	75	25	5.37	6.03	The group had been brainstorming all day but they still didn't have	for their project.	True	Did the group reach a conclusion?	no
1443.89453125	0.0	739274	75	cloze_marker	128	63	1	delong	expected	an	a	idea	name	75	25	5.37	6.03	The group had been brainstorming all day but they still didn't have	for their project.	True	Did the group reach a conclusion?	no
1444.103515625	0.2	739381	205	noun_expected	128	63	1	delong	expected	an	a	idea	name	75	25	5.37	6.03	The group had been brainstorming all day but they still didn't have	for their project.	True	Did the group reach a conclusion?	no
1444.41796875	0.0	739542	163	item_marker	129	63	1	delong	expected	an	a	idea	name	75	25	5.37	6.03	The group had been brainstorming all day but they still didn't have	for their project.	True	Did the group reach a conclusion?	no
1444.474609375	0.0	739571	83	cloze_marker	129	63	1	delong	expected	an	a	idea	name	75	25	5.37	6.03	The group had been brainstorming all day but they still didn't have	for their project.	True	Did the group reach a conclusion?	no
1444.68359375	0.2	739678	255	filler_word	129	63	1	delong	expected	an	a	idea	name	75	25	5.37	6.03	The group had been brainstorming all day but they still didn't have	for their project.	True	Did the group reach a conclusion?	no
1445.212890625	0.2	739949	255	filler_word	129	63	1	delong	expected	an	a	idea	name	75	25	5.37	6.03	The group had been brainstorming all day but they still didn't have	for their project.	True	Did the group reach a conclusion?	no
1445.744140625	0.2	740221	207	final_expected	129	63	1	delong	expected	an	a	idea	name	75	25	5.37	6.03	The group had been brainstorming all day but they still didn't have	for their project.	True	Did the group reach a conclusion?	no
1449.30859375	0.0	742046	251	question	129	63	1	delong	expected	an	a	idea	name	75	25	5.37	6.03	The group had been brainstorming all day but they still didn't have	for their project.	True	Did the group reach a conclusion?	no
1451.828125	0.2	743336	255	filler_word	129	63	1	delong	expected	an	a	idea	name	75	25	5.37	6.03	The group had been brainstorming all day but they still didn't have	for their project.	True	Did the group reach a conclusion?	no
1452.359375	0.2	743608	255	filler_word	129	63	1	delong	expected	an	a	idea	name	75	25	5.37	6.03	The group had been brainstorming all day but they still didn't have	for their project.	True	Did the group reach a conclusion?	no
1452.888671875	0.2	743879	255	filler_word	129	63	1	delong	expected	an	a	idea	name	75	25	5.37	6.03	The group had been brainstorming all day but they still didn't have	for their project.	True	Did the group reach a conclusion?	no
1453.419921875	0.2	744151	255	filler_word	129	63	1	delong	expected	an	a	idea	name	75	25	5.37	6.03	The group had been brainstorming all day but they still didn't have	for their project.	True	Did the group reach a conclusion?	no
1453.951171875	0.2	744423	255	filler_word	129	63	1	delong	expected	an	a	idea	name	75	25	5.37	6.03	The group had been brainstorming all day but they still didn't have	for their project.	True	Did the group reach a conclusion?	no
1454.48046875	0.2	744694	255	filler_word	129	63	1	delong	expected	an	a	idea	name	75	25	5.37	6.03	The group had been brainstorming all day but they still didn't have	for their project.	True	Did the group reach a conclusion?	no
1455.01171875	0.2	744966	255	filler_word	129	63	1	delong	expected	an	a	idea	name	75	25	5.37	6.03	The group had been brainstorming all day but they still didn't have	for their project.	True	Did the group reach a conclusion?	no
1455.54296875	0.2	745238	255	filler_word	129	63	1	delong	expected	an	a	idea	name	75	25	5.37	6.03	The group had been brainstorming all day but they still didn't have	for their project.	True	Did the group reach a conclusion?	no
1456.072265625	0.2	745509	255	filler_word	129	63	1	delong	expected	an	a	idea	name	75	25	5.37	6.03	The group had been brainstorming all day but they still didn't have	for their project.	True	Did the group reach a conclusion?	no
1456.603515625	0.2	745781	255	filler_word	129	63	1	delong	expected	an	a	idea	name	75	25	5.37	6.03	The group had been brainstorming all day but they still didn't have	for their project.	True	Did the group reach a conclusion?	no
1457.134765625	0.2	746053	255	filler_word	129	63	1	delong	expected	an	a	idea	name	75	25	5.37	6.03	The group had been brainstorming all day but they still didn't have	for their project.	True	Did the group reach a conclusion?	no
1457.6640625	0.2	746324	255	filler_word	129	63	1	delong	expected	an	a	idea	name	75	25	5.37	6.03	The group had been brainstorming all day but they still didn't have	for their project.	True	Did the group reach a conclusion?	no
1458.1953125	0.2	746596	255	filler_word	129	63	1	delong	expected	an	a	idea	name	75	25	5.37	6.03	The group had been brainstorming all day but they still didn't have	for their project.	True	Did the group reach a conclusion?	no
1458.724609375	0.2	746867	255	filler_word	129	63	1	delong	expected	an	a	idea	name	75	25	5.37	6.03	The group had been brainstorming all day but they still didn't have	for their project.	True	Did the group reach a conclusion?	no
1459.255859375	0.2	747139	255	filler_word	129	63	1	delong	expected	an	a	idea	name	75	25	5.37	6.03	The group had been brainstorming all day but they still didn't have	for their project.	True	Did the group reach a conclusion?	no
1459.787109375	0.2	747411	255	filler_word	129	63	1	delong	expected	an	a	idea	name	75	25	5.37	6.03	The group had been brainstorming all day but they still didn't have	for their project.	True	Did the group reach a conclusion?	no
1460.31640625	0.2	747682	255	filler_word	129	63	1	delong	expected	an	a	idea	name	75	25	5.37	6.03	The group had been brainstorming all day but they still didn't have	for their project.	True	Did the group reach a conclusion?	no
1460.84765625	0.2	747954	255	filler_word	129	63	1	delong	expected	an	a	idea	name	75	25	5.37	6.03	The group had been brainstorming all day but they still didn't have	for their project.	True	Did the group reach a conclusion?	no
1461.37890625	0.2	748226	255	filler_word	129	63	1	delong	expected	an	a	idea	name	75	25	5.37	6.03	The group had been brainstorming all day but they still didn't have	for their project.	True	Did the group reach a conclusion?	no
1461.908203125	0.2	748497	255	filler_word	129	63	1	delong	expected	an	a	idea	name	75	25	5.37	6.03	The group had been brainstorming all day but they still didn't have	for their project.	True	Did the group reach a conclusion?	no
1462.439453125	0.2	748769	255	filler_word	129	63	1	delong	expected	an	a	idea	name	75	25	5.37	6.03	The group had been brainstorming all day but they still didn't have	for their project.	True	Did the group reach a conclusion?	no
1462.96875	0.2	749040	255	filler_word	129	63	1	delong	expected	an	a	idea	name	75	25	5.37	6.03	The group had been brainstorming all day but they still didn't have	for their project.	True	Did the group reach a conclusion?	no
1463.5	0.2	749312	204	an_unexpected	129	63	1	delong	expected	an	a	idea	name	75	25	5.37	6.03	The group had been brainstorming all day but they still didn't have	for their project.	True	Did the group reach a conclusion?	no
1463.81640625	0.0	749474	166	item_marker	130	66	1	delong	unexpected	a	an	ship	island	100	0	4.7	3.61	Sandra decided that she would work for a cruise line for a year before starting university although she had never been on	and did not know how to swim.	False	n/a	n/a
1463.87109375	0.0	749502	200	cloze_marker	130	66	1	delong	unexpected	a	an	ship	island	100	0	4.7	3.61	Sandra decided that she would work for a cruise line for a year before starting university although she had never been on	and did not know how to swim.	False	n/a	n/a
1464.080078125	0.2	749609	206	noun_unexpected	130	66	1	delong	unexpected	a	an	ship	island	100	0	4.7	3.61	Sandra decided that she would work for a cruise line for a year before starting university although she had never been on	and did not know how to swim.	False	n/a	n/a
1464.396484375	0.0	749771	166	item_marker	131	66	1	delong	unexpected	a	an	ship	island	100	0	4.7	3.61	Sandra decided that she would work for a cruise line for a year before starting university although she had never been on	and did not know how to swim.	False	n/a	n/a
1464.451171875	0.0	749799	7	cloze_marker	131	66	1	delong	unexpected	a	an	ship	island	100	0	4.7	3.61	Sandra decided that she would work for a cruise line for a year before starting university although she had never been on	and did not know how to swim.	False	n/a	n/a
1464.662109375	0.2	749907	255	filler_word	131	66	1	delong	unexpected	a	an	ship	island	100	0	4.7	3.61	Sandra decided that she would work for a cruise line for a year before starting university although she had never been on	and did not know how to swim.	False	n/a	n/a
1465.19140625	0.2	750178	255	filler_word	131	66	1	delong	unexpected	a	an	ship	island	100	0	4.7	3.61	Sandra decided that she would work for a cruise line for a year before starting university although she had never been on	and did not know how to swim.	False	n/a	n/a
1465.72265625	0.2	750450	255	filler_word	131	66	1	delong	unexpected	a	an	ship	island	100	0	4.7	3.61	Sandra decided that she would work for a cruise line for a year before starting university although she had never been on	and did not know how to swim.	False	n/a	n/a
1466.251953125	0.2	750721	255	filler_word	131	66	1	delong	unexpected	a	an	ship	island	100	0	4.7	3.61	Sandra decided that she would work for a cruise line for a year before starting university although she had never been on	and did not know how to swim.	False	n/a	n/a
1466.783203125	0.2	750993	255	filler_word	131	66	1	delong	unexpected	a	an	ship	island	100	0	4.7	3.61	Sandra decided that she would work for a cruise line for a year before starting university although she had never been on	and did not know how to swim.	False	n/a	n/a
1467.3125	0.2	751264	255	filler_word	131	66	1	delong	unexpected	a	an	ship	island	100	0	4.7	3.61	Sandra decided that she would work for a cruise line for a year before starting university although she had never been on	and did not know how to swim.	False	n/a	n/a
1467.84375	0.2	751536	208	final_unexpected	131	66	1	delong	unexpected	a	an	ship	island	100	0	4.7	3.61	Sandra decided that she would work for a cruise line for a year before starting university although she had never been on	and did not know how to swim.	False	n/a	n/a
1473.08203125	0.2	754218	255	filler_word	131	66	1	delong	unexpected	a	an	ship	island	100	0	4.7	3.61	Sandra decided that she would work for a cruise line for a year before starting university although she had never been on	and did not know how to swim.	False	n/a	n/a
1473.61328125	0.2	754490	255	filler_word	131	66	1	delong	unexpected	a	an	ship	island	100	0	4.7	3.61	Sandra decided that she would work for a cruise line for a year before starting university although she had never been on	and did not know how to swim.	False	n/a	n/a
1474.14453125	0.2	754762	255	filler_word	131	66	1	delong	unexpected	a	an	ship	island	100	0	4.7	3.61	Sandra decided that she would work for a cruise line for a year before starting university although she had never been on	and did not know how to swim.	False	n/a	n/a
1474.673828125	0.2	755033	255	filler_word	131	66	1	delong	unexpected	a	an	ship	island	100	0	4.7	3.61	Sandra decided that she would work for a cruise line for a year before starting university although she had never been on	and did not know how to swim.	False	n/a	n/a
1475.205078125	0.2	755305	255	filler_word	131	66	1	delong	unexpected	a	an	ship	island	100	0	4.7	3.61	Sandra decided that she would work for a cruise line for a year before starting university although she had never been on	and did not know how to swim.	False	n/a	n/a
1475.734375	0.2	755576	255	filler_word	131	66	1	delong	unexpected	a	an	ship	island	100	0	4.7	3.61	Sandra decided that she would work for a cruise line for a year before starting university although she had never been on	and did not know how to swim.	False	n/a	n/a
1476.265625	0.2	755848	255	filler_word	131	66	1	delong	unexpected	a	an	ship	island	100	0	4.7	3.61	Sandra decided that she would work for a cruise line for a year before starting university although she had never been on	and did not know how to swim.	False	n/a	n/a
1476.796875	0.2	756120	255	filler_word	131	66	1	delong	unexpected	a	an	ship	island	100	0	4.7	3.61	Sandra decided that she would work for a cruise line for a year before starting university although she had never been on	and did not know how to swim.	False	n/a	n/a
1477.326171875	0.2	756391	255	filler_word	131	66	1	delong	unexpected	a	an	ship	island	100	0	4.7	3.61	Sandra decided that she would work for a cruise line for a year before starting university although she had never been on	and did not know how to swim.	False	n/a	n/a
1477.857421875	0.2	756663	255	filler_word	131	66	1	delong	unexpected	a	an	ship	island	100	0	4.7	3.61	Sandra decided that she would work for a cruise line for a year before starting university although she had never been on	and did not know how to swim.	False	n/a	n/a
1478.388671875	0.2	756935	255	filler_word	131	66	1	delong	unexpected	a	an	ship	island	100	0	4.7	3.61	Sandra decided that she would work for a cruise line for a year before starting university although she had never been on	and did not know how to swim.	False	n/a	n/a
1478.91796875	0.2	757206	255	filler_word	131	66	1	delong	unexpected	a	an	ship	island	100	0	4.7	3.61	Sandra decided that she would work for a cruise line for a year before starting university although she had never been on	and did not know how to swim.	False	n/a	n/a
1479.44921875	0.2	757478	255	filler_word	131	66	1	delong	unexpected	a	an	ship	island	100	0	4.7	3.61	Sandra decided that she would work for a cruise line for a year before starting university although she had never been on	and did not know how to swim.	False	n/a	n/a
1479.978515625	0.2	757749	255	filler_word	131	66	1	delong	unexpected	a	an	ship	island	100	0	4.7	3.61	Sandra decided that she would work for a cruise line for a year before starting university although she had never been on	and did not know how to swim.	False	n/a	n/a
1480.509765625	0.2	758021	255	filler_word	131	66	1	delong	unexpected	a	an	ship	island	100	0	4.7	3.61	Sandra decided that she would work for a cruise line for a year before starting university although she had never been on	and did not know how to swim.	False	n/a	n/a
1481.0390625	0.2	758292	255	filler_word	131	66	1	delong	unexpected	a	an	ship	island	100	0	4.7	3.61	Sandra decided that she would work for a cruise line for a year before starting university although she had never been on	and did not know how to swim.	False	n/a	n/a
1481.5703125	0.2	758564	255	filler_word	131	66	1	delong	unexpected	a	an	ship	island	100	0	4.7	3.61	Sandra decided that she would work for a cruise line for a year before starting university although she had never been on	and did not know how to swim.	False	n/a	n/a
1482.1015625	0.2	758836	255	filler_word	131	66	1	delong	unexpected	a	an	ship	island	100	0	4.7	3.61	Sandra decided that she would work for a cruise line for a year before starting university although she had never been on	and did not know how to swim.	False	n/a	n/a
1482.6328125	0.2	759108	255	filler_word	131	66	1	delong	unexpected	a	an	ship	island	100	0	4.7	3.61	Sandra decided that she would work for a cruise line for a year before starting university although she had never been on	and did not know how to swim.	False	n/a	n/a
1483.1640625	0.2	759380	202	an_expected	131	66	1	delong	unexpected	a	an	ship	island	100	0	4.7	3.61	Sandra decided that she would work for a cruise line for a year before starting university although she had never been on	and did not know how to swim.	False	n/a	n/a
1483.478515625	0.0	759541	175	item_marker	132	75	1	delong	expected	an	a	element	liquid	68	30	6.26	2.8	The chemistry teacher explained to the class that water and salt were both compounds but that nitrogen was just	that hadn't been combined.	False	n/a	n/a
1483.533203125	0.0	759569	68	cloze_marker	132	75	1	delong	expected	an	a	element	liquid	68	30	6.26	2.8	The chemistry teacher explained to the class that water and salt were both compounds but that nitrogen was just	that hadn't been combined.	False	n/a	n/a
1483.7421875	0.2	759676	205	noun_expected	132	75	1	delong	expected	an	a	element	liquid	68	30	6.26	2.8	The chemistry teacher explained to the class that water and salt were both compounds but that nitrogen was just	that hadn't been combined.	False	n/a	n/a
1484.05859375	0.0	759838	175	item_marker	133	75	1	delong	expected	an	a	element	liquid	68	30	6.26	2.8	The chemistry teacher explained to the class that water and salt were both compounds but that nitrogen was just	that hadn't been combined.	False	n/a	n/a
1484.11328125	0.0	759866	60	cloze_marker	133	75	1	delong	expected	an	a	element	liquid	68	30	6.26	2.8	The chemistry teacher explained to the class that water and salt were both compounds but that nitrogen was just	that hadn't been combined.	False	n/a	n/a
1484.322265625	0.2	759973	255	filler_word	133	75	1	delong	expected	an	a	element	liquid	68	30	6.26	2.8	The chemistry teacher explained to the class that water and salt were both compounds but that nitrogen was just	that hadn't been combined.	False	n/a	n/a
1484.853515625	0.2	760245	255	filler_word	133	75	1	delong	expected	an	a	element	liquid	68	30	6.26	2.8	The chemistry teacher explained to the class that water and salt were both compounds but that nitrogen was just	that hadn't been combined.	False	n/a	n/a
1485.384765625	0.2	760517	255	filler_word	133	75	1	delong	expected	an	a	element	liquid	68	30	6.26	2.8	The chemistry teacher explained to the class that water and salt were both compounds but that nitrogen was just	that hadn't been combined.	False	n/a	n/a
1485.9140625	0.2	760788	207	final_expected	133	75	1	delong	expected	an	a	element	liquid	68	30	6.26	2.8	The chemistry teacher explained to the class that water and salt were both compounds but that nitrogen was just	that hadn't been combined.	False	n/a	n/a
1490.341796875	0.2	763055	255	filler_word	133	75	1	delong	expected	an	a	element	liquid	68	30	6.26	2.8	The chemistry teacher explained to the class that water and salt were both compounds but that nitrogen was just	that hadn't been combined.	False	n/a	n/a
1490.87109375	0.2	763326	255	filler_word	133	75	1	delong	expected	an	a	element	liquid	68	30	6.26	2.8	The chemistry teacher explained to the class that water and salt were both compounds but that nitrogen was just	that hadn't been combined.	False	n/a	n/a
1491.40234375	0.2	763598	255	filler_word	133	75	1	delong	expected	an	a	element	liquid	68	30	6.26	2.8	The chemistry teacher explained to the class that water and salt were both compounds but that nitrogen was just	that hadn't been combined.	False	n/a	n/a
1491.93359375	0.2	763870	255	filler_word	133	75	1	delong	expected	an	a	element	liquid	68	30	6.26	2.8	The chemistry teacher explained to the class that water and salt were both compounds but that nitrogen was just	that hadn't been combined.	False	n/a	n/a
1492.462890625	0.2	764141	255	filler_word	133	75	1	delong	expected	an	a	element	liquid	68	30	6.26	2.8	The chemistry teacher explained to the class that water and salt were both compounds but that nitrogen was just	that hadn't been combined.	False	n/a	n/a
1492.994140625	0.2	764413	255	filler_word	133	75	1	delong	expected	an	a	element	liquid	68	30	6.26	2.8	The chemistry teacher explained to the class that water and salt were both compounds but that nitrogen was just	that hadn't been combined.	False	n/a	n/a
1493.5234375	0.2	764684	255	filler_word	133	75	1	delong	expected	an	a	element	liquid	68	30	6.26	2.8	The chemistry teacher explained to the class that water and salt were both compounds but that nitrogen was just	that hadn't been combined.	False	n/a	n/a
1494.0546875	0.2	764956	255	filler_word	133	75	1	delong	expected	an	a	element	liquid	68	30	6.26	2.8	The chemistry teacher explained to the class that water and salt were both compounds but that nitrogen was just	that hadn't been combined.	False	n/a	n/a
1494.583984375	0.2	765227	255	filler_word	133	75	1	delong	expected	an	a	element	liquid	68	30	6.26	2.8	The chemistry teacher explained to the class that water and salt were both compounds but that nitrogen was just	that hadn't been combined.	False	n/a	n/a
1495.115234375	0.2	765499	255	filler_word	133	75	1	delong	expected	an	a	element	liquid	68	30	6.26	2.8	The chemistry teacher explained to the class that water and salt were both compounds but that nitrogen was just	that hadn't been combined.	False	n/a	n/a
1495.646484375	0.2	765771	255	filler_word	133	75	1	delong	expected	an	a	element	liquid	68	30	6.26	2.8	The chemistry teacher explained to the class that water and salt were both compounds but that nitrogen was just	that hadn't been combined.	False	n/a	n/a
1496.177734375	0.2	766043	255	filler_word	133	75	1	delong	expected	an	a	element	liquid	68	30	6.26	2.8	The chemistry teacher explained to the class that water and salt were both compounds but that nitrogen was just	that hadn't been combined.	False	n/a	n/a
1496.70703125	0.2	766314	255	filler_word	133	75	1	delong	expected	an	a	element	liquid	68	30	6.26	2.8	The chemistry teacher explained to the class that water and salt were both compounds but that nitrogen was just	that hadn't been combined.	False	n/a	n/a
1497.23828125	0.2	766586	255	filler_word	133	75	1	delong	expected	an	a	element	liquid	68	30	6.26	2.8	The chemistry teacher explained to the class that water and salt were both compounds but that nitrogen was just	that hadn't been combined.	False	n/a	n/a
1497.76953125	0.2	766858	255	filler_word	133	75	1	delong	expected	an	a	element	liquid	68	30	6.26	2.8	The chemistry teacher explained to the class that water and salt were both compounds but that nitrogen was just	that hadn't been combined.	False	n/a	n/a
1498.298828125	0.2	767129	255	filler_word	133	75	1	delong	expected	an	a	element	liquid	68	30	6.26	2.8	The chemistry teacher explained to the class that water and salt were both compounds but that nitrogen was just	that hadn't been combined.	False	n/a	n/a
1498.830078125	0.2	767401	255	filler_word	133	75	1	delong	expected	an	a	element	liquid	68	30	6.26	2.8	The chemistry teacher explained to the class that water and salt were both compounds but that nitrogen was just	that hadn't been combined.	False	n/a	n/a
1499.359375	0.2	767672	255	filler_word	133	75	1	delong	expected	an	a	element	liquid	68	30	6.26	2.8	The chemistry teacher explained to the class that water and salt were both compounds but that nitrogen was just	that hadn't been combined.	False	n/a	n/a
1499.890625	0.2	767944	255	filler_word	133	75	1	delong	expected	an	a	element	liquid	68	30	6.26	2.8	The chemistry teacher explained to the class that water and salt were both compounds but that nitrogen was just	that hadn't been combined.	False	n/a	n/a
1500.419921875	0.2	768215	255	filler_word	133	75	1	delong	expected	an	a	element	liquid	68	30	6.26	2.8	The chemistry teacher explained to the class that water and salt were both compounds but that nitrogen was just	that hadn't been combined.	False	n/a	n/a
1500.951171875	0.2	768487	255	filler_word	133	75	1	delong	expected	an	a	element	liquid	68	30	6.26	2.8	The chemistry teacher explained to the class that water and salt were both compounds but that nitrogen was just	that hadn't been combined.	False	n/a	n/a
1501.482421875	0.2	768759	255	filler_word	133	75	1	delong	expected	an	a	element	liquid	68	30	6.26	2.8	The chemistry teacher explained to the class that water and salt were both compounds but that nitrogen was just	that hadn't been combined.	False	n/a	n/a
1502.013671875	0.2	769031	255	filler_word	133	75	1	delong	expected	an	a	element	liquid	68	30	6.26	2.8	The chemistry teacher explained to the class that water and salt were both compounds but that nitrogen was just	that hadn't been combined.	False	n/a	n/a
1502.54296875	0.2	769302	255	filler_word	133	75	1	delong	expected	an	a	element	liquid	68	30	6.26	2.8	The chemistry teacher explained to the class that water and salt were both compounds but that nitrogen was just	that hadn't been combined.	False	n/a	n/a
1503.07421875	0.2	769574	202	an_expected	133	75	1	delong	expected	an	a	element	liquid	68	30	6.26	2.8	The chemistry teacher explained to the class that water and salt were both compounds but that nitrogen was just	that hadn't been combined.	False	n/a	n/a
1503.388671875	0.0	769735	171	item_marker	134	71	1	delong	expected	an	a	order	compliment	57	0	5.8	3.16	The waitress at the next table was trying to scribble everything down but it was obvious that she did not know how to take	from her customers.	False	n/a	n/a
1503.443359375	0.0	769763	57	cloze_marker	134	71	1	delong	expected	an	a	order	compliment	57	0	5.8	3.16	The waitress at the next table was trying to scribble everything down but it was obvious that she did not know how to take	from her customers.	False	n/a	n/a
1503.654296875	0.2	769871	205	noun_expected	134	71	1	delong	expected	an	a	order	compliment	57	0	5.8	3.16	The waitress at the next table was trying to scribble everything down but it was obvious that she did not know how to take	from her customers.	False	n/a	n/a
1503.970703125	0.0	770033	171	item_marker	135	71	1	delong	expected	an	a	order	compliment	57	0	5.8	3.16	The waitress at the next table was trying to scribble everything down but it was obvious that she did not know how to take	from her customers.	False	n/a	n/a
1504.025390625	0.0	770061	90	cloze_marker	135	71	1	delong	expected	an	a	order	compliment	57	0	5.8	3.16	The waitress at the next table was trying to scribble everything down but it was obvious that she did not know how to take	from her customers.	False	n/a	n/a
1504.234375	0.2	770168	255	filler_word	135	71	1	delong	expected	an	a	order	compliment	57	0	5.8	3.16	The waitress at the next table was trying to scribble everything down but it was obvious that she did not know how to take	from her customers.	False	n/a	n/a
1504.765625	0.2	770440	255	filler_word	135	71	1	delong	expected	an	a	order	compliment	57	0	5.8	3.16	The waitress at the next table was trying to scribble everything down but it was obvious that she did not know how to take	from her customers.	False	n/a	n/a
1505.294921875	0.2	770711	207	final_expected	135	71	1	delong	expected	an	a	order	compliment	57	0	5.8	3.16	The waitress at the next table was trying to scribble everything down but it was obvious that she did not know how to take	from her customers.	False	n/a	n/a
1509.091796875	0.2	772655	255	filler_word	135	71	1	delong	expected	an	a	order	compliment	57	0	5.8	3.16	The waitress at the next table was trying to scribble everything down but it was obvious that she did not know how to take	from her customers.	False	n/a	n/a
1509.623046875	0.2	772927	255	filler_word	135	71	1	delong	expected	an	a	order	compliment	57	0	5.8	3.16	The waitress at the next table was trying to scribble everything down but it was obvious that she did not know how to take	from her customers.	False	n/a	n/a
1510.15234375	0.2	773198	255	filler_word	135	71	1	delong	expected	an	a	order	compliment	57	0	5.8	3.16	The waitress at the next table was trying to scribble everything down but it was obvious that she did not know how to take	from her customers.	False	n/a	n/a
1510.68359375	0.2	773470	255	filler_word	135	71	1	delong	expected	an	a	order	compliment	57	0	5.8	3.16	The waitress at the next table was trying to scribble everything down but it was obvious that she did not know how to take	from her customers.	False	n/a	n/a
1511.212890625	0.2	773741	255	filler_word	135	71	1	delong	expected	an	a	order	compliment	57	0	5.8	3.16	The waitress at the next table was trying to scribble everything down but it was obvious that she did not know how to take	from her customers.	False	n/a	n/a
1511.744140625	0.2	774013	255	filler_word	135	71	1	delong	expected	an	a	order	compliment	57	0	5.8	3.16	The waitress at the next table was trying to scribble everything down but it was obvious that she did not know how to take	from her customers.	False	n/a	n/a
1512.275390625	0.2	774285	255	filler_word	135	71	1	delong	expected	an	a	order	compliment	57	0	5.8	3.16	The waitress at the next table was trying to scribble everything down but it was obvious that she did not know how to take	from her customers.	False	n/a	n/a
1512.806640625	0.2	774557	255	filler_word	135	71	1	delong	expected	an	a	order	compliment	57	0	5.8	3.16	The waitress at the next table was trying to scribble everything down but it was obvious that she did not know how to take	from her customers.	False	n/a	n/a
1513.3359375	0.2	774828	255	filler_word	135	71	1	delong	expected	an	a	order	compliment	57	0	5.8	3.16	The waitress at the next table was trying to scribble everything down but it was obvious that she did not know how to take	from her customers.	False	n/a	n/a
1513.8671875	0.2	775100	255	filler_word	135	71	1	delong	expected	an	a	order	compliment	57	0	5.8	3.16	The waitress at the next table was trying to scribble everything down but it was obvious that she did not know how to take	from her customers.	False	n/a	n/a
1514.396484375	0.2	775371	255	filler_word	135	71	1	delong	expected	an	a	order	compliment	57	0	5.8	3.16	The waitress at the next table was trying to scribble everything down but it was obvious that she did not know how to take	from her customers.	False	n/a	n/a
1514.927734375	0.2	775643	255	filler_word	135	71	1	delong	expected	an	a	order	compliment	57	0	5.8	3.16	The waitress at the next table was trying to scribble everything down but it was obvious that she did not know how to take	from her customers.	False	n/a	n/a
1515.45703125	0.2	775914	255	filler_word	135	71	1	delong	expected	an	a	order	compliment	57	0	5.8	3.16	The waitress at the next table was trying to scribble everything down but it was obvious that she did not know how to take	from her customers.	False	n/a	n/a
1515.98828125	0.2	776186	255	filler_word	135	71	1	delong	expected	an	a	order	compliment	57	0	5.8	3.16	The waitress at the next table was trying to scribble everything down but it was obvious that she did not know how to take	from her customers.	False	n/a	n/a
1516.51953125	0.2	776458	255	filler_word	135	71	1	delong	expected	an	a	order	compliment	57	0	5.8	3.16	The waitress at the next table was trying to scribble everything down but it was obvious that she did not know how to take	from her customers.	False	n/a	n/a
1517.05078125	0.2	776730	203	a_unexpected	135	71	1	delong	expected	an	a	order	compliment	57	0	5.8	3.16	The waitress at the next table was trying to scribble everything down but it was obvious that she did not know how to take	from her customers.	False	n/a	n/a
1517.365234375	0.0	776891	161	item_marker	136	61	1	delong	unexpected	an	a	offense	coach	70	18	5.32	3.33	Although the basketball team's defence was very strong they did not have so much of	since the middle of the season.	False	n/a	n/a
1517.419921875	0.0	776919	18	cloze_marker	136	61	1	delong	unexpected	an	a	offense	coach	70	18	5.32	3.33	Although the basketball team's defence was very strong they did not have so much of	since the middle of the season.	False	n/a	n/a
1517.62890625	0.2	777026	206	noun_unexpected	136	61	1	delong	unexpected	an	a	offense	coach	70	18	5.32	3.33	Although the basketball team's defence was very strong they did not have so much of	since the middle of the season.	False	n/a	n/a
1517.9453125	0.0	777188	161	item_marker	137	61	1	delong	unexpected	an	a	offense	coach	70	18	5.32	3.33	Although the basketball team's defence was very strong they did not have so much of	since the middle of the season.	False	n/a	n/a
1518.001953125	0.0	777217	200	cloze_marker	137	61	1	delong	unexpected	an	a	offense	coach	70	18	5.32	3.33	Although the basketball team's defence was very strong they did not have so much of	since the middle of the season.	False	n/a	n/a
1518.208984375	0.2	777323	255	filler_word	137	61	1	delong	unexpected	an	a	offense	coach	70	18	5.32	3.33	Although the basketball team's defence was very strong they did not have so much of	since the middle of the season.	False	n/a	n/a
1518.740234375	0.2	777595	255	filler_word	137	61	1	delong	unexpected	an	a	offense	coach	70	18	5.32	3.33	Although the basketball team's defence was very strong they did not have so much of	since the middle of the season.	False	n/a	n/a
1519.271484375	0.2	777867	255	filler_word	137	61	1	delong	unexpected	an	a	offense	coach	70	18	5.32	3.33	Although the basketball team's defence was very strong they did not have so much of	since the middle of the season.	False	n/a	n/a
1519.80078125	0.2	778138	255	filler_word	137	61	1	delong	unexpected	an	a	offense	coach	70	18	5.32	3.33	Although the basketball team's defence was very strong they did not have so much of	since the middle of the season.	False	n/a	n/a
1520.33203125	0.2	778410	255	filler_word	137	61	1	delong	unexpected	an	a	offense	coach	70	18	5.32	3.33	Although the basketball team's defence was very strong they did not have so much of	since the middle of the season.	False	n/a	n/a
1520.86328125	0.2	778682	208	final_unexpected	137	61	1	delong	unexpected	an	a	offense	coach	70	18	5.32	3.33	Although the basketball team's defence was very strong they did not have so much of	since the middle of the season.	False	n/a	n/a
1526.814453125	0.2	781729	255	filler_word	137	61	1	delong	unexpected	an	a	offense	coach	70	18	5.32	3.33	Although the basketball team's defence was very strong they did not have so much of	since the middle of the season.	False	n/a	n/a
1527.34375	0.2	782000	255	filler_word	137	61	1	delong	unexpected	an	a	offense	coach	70	18	5.32	3.33	Although the basketball team's defence was very strong they did not have so much of	since the middle of the season.	False	n/a	n/a
1527.875	0.2	782272	255	filler_word	137	61	1	delong	unexpected	an	a	offense	coach	70	18	5.32	3.33	Although the basketball team's defence was very strong they did not have so much of	since the middle of the season.	False	n/a	n/a
1528.40625	0.2	782544	255	filler_word	137	61	1	delong	unexpected	an	a	offense	coach	70	18	5.32	3.33	Although the basketball team's defence was very strong they did not have so much of	since the middle of the season.	False	n/a	n/a
1528.935546875	0.2	782815	255	filler_word	137	61	1	delong	unexpected	an	a	offense	coach	70	18	5.32	3.33	Although the basketball team's defence was very strong they did not have so much of	since the middle of the season.	False	n/a	n/a
1529.466796875	0.2	783087	255	filler_word	137	61	1	delong	unexpected	an	a	offense	coach	70	18	5.32	3.33	Although the basketball team's defence was very strong they did not have so much of	since the middle of the season.	False	n/a	n/a
1529.998046875	0.2	783359	255	filler_word	137	61	1	delong	unexpected	an	a	offense	coach	70	18	5.32	3.33	Although the basketball team's defence was very strong they did not have so much of	since the middle of the season.	False	n/a	n/a
1530.529296875	0.2	783631	255	filler_word	137	61	1	delong	unexpected	an	a	offense	coach	70	18	5.32	3.33	Although the basketball team's defence was very strong they did not have so much of	since the middle of the season.	False	n/a	n/a
1531.05859375	0.2	783902	255	filler_word	137	61	1	delong	unexpected	an	a	offense	coach	70	18	5.32	3.33	Although the basketball team's defence was very strong they did not have so much of	since the middle of the season.	False	n/a	n/a
1531.58984375	0.2	784174	255	filler_word	137	61	1	delong	unexpected	an	a	offense	coach	70	18	5.32	3.33	Although the basketball team's defence was very strong they did not have so much of	since the middle of the season.	False	n/a	n/a
1532.119140625	0.2	784445	255	filler_word	137	61	1	delong	unexpected	an	a	offense	coach	70	18	5.32	3.33	Although the basketball team's defence was very strong they did not have so much of	since the middle of the season.	False	n/a	n/a
1532.650390625	0.2	784717	255	filler_word	137	61	1	delong	unexpected	an	a	offense	coach	70	18	5.32	3.33	Although the basketball team's defence was very strong they did not have so much of	since the middle of the season.	False	n/a	n/a
1533.1796875	0.2	784988	255	filler_word	137	61	1	delong	unexpected	an	a	offense	coach	70	18	5.32	3.33	Although the basketball team's defence was very strong they did not have so much of	since the middle of the season.	False	n/a	n/a
1533.7109375	0.2	785260	255	filler_word	137	61	1	delong	unexpected	an	a	offense	coach	70	18	5.32	3.33	Although the basketball team's defence was very strong they did not have so much of	since the middle of the season.	False	n/a	n/a
1534.2421875	0.2	785532	255	filler_word	137	61	1	delong	unexpected	an	a	offense	coach	70	18	5.32	3.33	Although the basketball team's defence was very strong they did not have so much of	since the middle of the season.	False	n/a	n/a
1534.7734375	0.2	785804	204	an_unexpected	137	61	1	delong	unexpected	an	a	offense	coach	70	18	5.32	3.33	Although the basketball team's defence was very strong they did not have so much of	since the middle of the season.	False	n/a	n/a
1535.087890625	0.0	785965	178	item_marker	138	78	1	delong	unexpected	a	an	window	egg	75	0	6.13	2.52	Because they were playing baseball so close to the house the children ended up shattering	and destroying a nest that some birds had built on the sill.	False	n/a	n/a
1535.142578125	0.0	785993	200	cloze_marker	138	78	1	delong	unexpected	a	an	window	egg	75	0	6.13	2.52	Because they were playing baseball so close to the house the children ended up shattering	and destroying a nest that some birds had built on the sill.	False	n/a	n/a
1535.353515625	0.2	786101	206	noun_unexpected	138	78	1	delong	unexpected	a	an	window	egg	75	0	6.13	2.52	Because they were playing baseball so close to the house the children ended up shattering	and destroying a nest that some birds had built on the sill.	False	n/a	n/a
1535.66796875	0.0	786262	178	item_marker	139	78	1	delong	unexpected	a	an	window	egg	75	0	6.13	2.52	Because they were playing baseball so close to the house the children ended up shattering	and destroying a nest that some birds had built on the sill.	False	n/a	n/a
1535.724609375	0.0	786291	83	cloze_marker	139	78	1	delong	unexpected	a	an	window	egg	75	0	6.13	2.52	Because they were playing baseball so close to the house the children ended up shattering	and destroying a nest that some birds had built on the sill.	False	n/a	n/a
1535.931640625	0.2	786397	255	filler_word	139	78	1	delong	unexpected	a	an	window	egg	75	0	6.13	2.52	Because they were playing baseball so close to the house the children ended up shattering	and destroying a nest that some birds had built on the sill.	False	n/a	n/a
1536.462890625	0.2	786669	255	filler_word	139	78	1	delong	unexpected	a	an	window	egg	75	0	6.13	2.52	Because they were playing baseball so close to the house the children ended up shattering	and destroying a nest that some birds had built on the sill.	False	n/a	n/a
1536.994140625	0.2	786941	255	filler_word	139	78	1	delong	unexpected	a	an	window	egg	75	0	6.13	2.52	Because they were playing baseball so close to the house the children ended up shattering	and destroying a nest that some birds had built on the sill.	False	n/a	n/a
1537.525390625	0.2	787213	255	filler_word	139	78	1	delong	unexpected	a	an	window	egg	75	0	6.13	2.52	Because they were playing baseball so close to the house the children ended up shattering	and destroying a nest that some birds had built on the sill.	False	n/a	n/a
1538.0546875	0.2	787484	255	filler_word	139	78	1	delong	unexpected	a	an	window	egg	75	0	6.13	2.52	Because they were playing baseball so close to the house the children ended up shattering	and destroying a nest that some birds had built on the sill.	False	n/a	n/a
1538.5859375	0.2	787756	255	filler_word	139	78	1	delong	unexpected	a	an	window	egg	75	0	6.13	2.52	Because they were playing baseball so close to the house the children ended up shattering	and destroying a nest that some birds had built on the sill.	False	n/a	n/a
1539.115234375	0.2	788027	255	filler_word	139	78	1	delong	unexpected	a	an	window	egg	75	0	6.13	2.52	Because they were playing baseball so close to the house the children ended up shattering	and destroying a nest that some birds had built on the sill.	False	n/a	n/a
1539.646484375	0.2	788299	255	filler_word	139	78	1	delong	unexpected	a	an	window	egg	75	0	6.13	2.52	Because they were playing baseball so close to the house the children ended up shattering	and destroying a nest that some birds had built on the sill.	False	n/a	n/a
1540.17578125	0.2	788570	255	filler_word	139	78	1	delong	unexpected	a	an	window	egg	75	0	6.13	2.52	Because they were playing baseball so close to the house the children ended up shattering	and destroying a nest that some birds had built on the sill.	False	n/a	n/a
1540.70703125	0.2	788842	255	filler_word	139	78	1	delong	unexpected	a	an	window	egg	75	0	6.13	2.52	Because they were playing baseball so close to the house the children ended up shattering	and destroying a nest that some birds had built on the sill.	False	n/a	n/a
1541.23828125	0.2	789114	255	filler_word	139	78	1	delong	unexpected	a	an	window	egg	75	0	6.13	2.52	Because they were playing baseball so close to the house the children ended up shattering	and destroying a nest that some birds had built on the sill.	False	n/a	n/a
1541.767578125	0.2	789385	208	final_unexpected	139	78	1	delong	unexpected	a	an	window	egg	75	0	6.13	2.52	Because they were playing baseball so close to the house the children ended up shattering	and destroying a nest that some birds had built on the sill.	False	n/a	n/a
1547.306640625	0.2	792221	255	filler_word	139	78	1	delong	unexpected	a	an	window	egg	75	0	6.13	2.52	Because they were playing baseball so close to the house the children ended up shattering	and destroying a nest that some birds had built on the sill.	False	n/a	n/a
1547.8359375	0.2	792492	255	filler_word	139	78	1	delong	unexpected	a	an	window	egg	75	0	6.13	2.52	Because they were playing baseball so close to the house the children ended up shattering	and destroying a nest that some birds had built on the sill.	False	n/a	n/a
1548.3671875	0.2	792764	255	filler_word	139	78	1	delong	unexpected	a	an	window	egg	75	0	6.13	2.52	Because they were playing baseball so close to the house the children ended up shattering	and destroying a nest that some birds had built on the sill.	False	n/a	n/a
1548.896484375	0.2	793035	255	filler_word	139	78	1	delong	unexpected	a	an	window	egg	75	0	6.13	2.52	Because they were playing baseball so close to the house the children ended up shattering	and destroying a nest that some birds had built on the sill.	False	n/a	n/a
1549.427734375	0.2	793307	255	filler_word	139	78	1	delong	unexpected	a	an	window	egg	75	0	6.13	2.52	Because they were playing baseball so close to the house the children ended up shattering	and destroying a nest that some birds had built on the sill.	False	n/a	n/a
1549.958984375	0.2	793579	255	filler_word	139	78	1	delong	unexpected	a	an	window	egg	75	0	6.13	2.52	Because they were playing baseball so close to the house the children ended up shattering	and destroying a nest that some birds had built on the sill.	False	n/a	n/a
1550.490234375	0.2	793851	255	filler_word	139	78	1	delong	unexpected	a	an	window	egg	75	0	6.13	2.52	Because they were playing baseball so close to the house the children ended up shattering	and destroying a nest that some birds had built on the sill.	False	n/a	n/a
1551.01953125	0.2	794122	255	filler_word	139	78	1	delong	unexpected	a	an	window	egg	75	0	6.13	2.52	Because they were playing baseball so close to the house the children ended up shattering	and destroying a nest that some birds had built on the sill.	False	n/a	n/a
1551.55078125	0.2	794394	255	filler_word	139	78	1	delong	unexpected	a	an	window	egg	75	0	6.13	2.52	Because they were playing baseball so close to the house the children ended up shattering	and destroying a nest that some birds had built on the sill.	False	n/a	n/a
1552.080078125	0.2	794665	255	filler_word	139	78	1	delong	unexpected	a	an	window	egg	75	0	6.13	2.52	Because they were playing baseball so close to the house the children ended up shattering	and destroying a nest that some birds had built on the sill.	False	n/a	n/a
1552.611328125	0.2	794937	255	filler_word	139	78	1	delong	unexpected	a	an	window	egg	75	0	6.13	2.52	Because they were playing baseball so close to the house the children ended up shattering	and destroying a nest that some birds had built on the sill.	False	n/a	n/a
1553.140625	0.2	795208	255	filler_word	139	78	1	delong	unexpected	a	an	window	egg	75	0	6.13	2.52	Because they were playing baseball so close to the house the children ended up shattering	and destroying a nest that some birds had built on the sill.	False	n/a	n/a
1553.671875	0.2	795480	255	filler_word	139	78	1	delong	unexpected	a	an	window	egg	75	0	6.13	2.52	Because they were playing baseball so close to the house the children ended up shattering	and destroying a nest that some birds had built on the sill.	False	n/a	n/a
1554.203125	0.2	795752	255	filler_word	139	78	1	delong	unexpected	a	an	window	egg	75	0	6.13	2.52	Because they were playing baseball so close to the house the children ended up shattering	and destroying a nest that some birds had built on the sill.	False	n/a	n/a
1554.732421875	0.2	796023	255	filler_word	139	78	1	delong	unexpected	a	an	window	egg	75	0	6.13	2.52	Because they were playing baseball so close to the house the children ended up shattering	and destroying a nest that some birds had built on the sill.	False	n/a	n/a
1555.263671875	0.2	796295	255	filler_word	139	78	1	delong	unexpected	a	an	window	egg	75	0	6.13	2.52	Because they were playing baseball so close to the house the children ended up shattering	and destroying a nest that some birds had built on the sill.	False	n/a	n/a
1555.794921875	0.2	796567	255	filler_word	139	78	1	delong	unexpected	a	an	window	egg	75	0	6.13	2.52	Because they were playing baseball so close to the house the children ended up shattering	and destroying a nest that some birds had built on the sill.	False	n/a	n/a
1556.32421875	0.2	796838	255	filler_word	139	78	1	delong	unexpected	a	an	window	egg	75	0	6.13	2.52	Because they were playing baseball so close to the house the children ended up shattering	and destroying a nest that some birds had built on the sill.	False	n/a	n/a
1556.85546875	0.2	797110	255	filler_word	139	78	1	delong	unexpected	a	an	window	egg	75	0	6.13	2.52	Because they were playing baseball so close to the house the children ended up shattering	and destroying a nest that some birds had built on the sill.	False	n/a	n/a
1557.384765625	0.2	797381	255	filler_word	139	78	1	delong	unexpected	a	an	window	egg	75	0	6.13	2.52	Because they were playing baseball so close to the house the children ended up shattering	and destroying a nest that some birds had built on the sill.	False	n/a	n/a
1557.916015625	0.2	797653	255	filler_word	139	78	1	delong	unexpected	a	an	window	egg	75	0	6.13	2.52	Because they were playing baseball so close to the house the children ended up shattering	and destroying a nest that some birds had built on the sill.	False	n/a	n/a
1558.4453125	0.2	797924	255	filler_word	139	78	1	delong	unexpected	a	an	window	egg	75	0	6.13	2.52	Because they were playing baseball so close to the house the children ended up shattering	and destroying a nest that some birds had built on the sill.	False	n/a	n/a
1558.9765625	0.2	798196	204	an_unexpected	139	78	1	delong	unexpected	a	an	window	egg	75	0	6.13	2.52	Because they were playing baseball so close to the house the children ended up shattering	and destroying a nest that some birds had built on the sill.	False	n/a	n/a
1559.29296875	0.0	798358	170	item_marker	140	70	1	delong	unexpected	a	an	mirage	ocean	68	16	6.1	3.97	As the men stumbled across the desert they thought they saw an oasis on the horizon but it turned out to be	so they continued walking.	True	Was there an oasis on the horizon?	no
1559.34765625	0.0	798386	16	cloze_marker	140	70	1	delong	unexpected	a	an	mirage	ocean	68	16	6.1	3.97	As the men stumbled across the desert they thought they saw an oasis on the horizon but it turned out to be	so they continued walking.	True	Was there an oasis on the horizon?	no
1559.556640625	0.2	798493	206	noun_unexpected	140	70	1	delong	unexpected	a	an	mirage	ocean	68	16	6.1	3.97	As the men stumbled across the desert they thought they saw an oasis on the horizon but it turned out to be	so they continued walking.	True	Was there an oasis on the horizon?	no
1559.873046875	0.0	798655	170	item_marker	141	70	1	delong	unexpected	a	an	mirage	ocean	68	16	6.1	3.97	As the men stumbled across the desert they thought they saw an oasis on the horizon but it turned out to be	so they continued walking.	True	Was there an oasis on the horizon?	no
1559.927734375	0.0	798683	3	cloze_marker	141	70	1	delong	unexpected	a	an	mirage	ocean	68	16	6.1	3.97	As the men stumbled across the desert they thought they saw an oasis on the horizon but it turned out to be	so they continued walking.	True	Was there an oasis on the horizon?	no
1560.138671875	0.2	798791	255	filler_word	141	70	1	delong	unexpected	a	an	mirage	ocean	68	16	6.1	3.97	As the men stumbled across the desert they thought they saw an oasis on the horizon but it turned out to be	so they continued walking.	True	Was there an oasis on the horizon?	no
1560.66796875	0.2	799062	255	filler_word	141	70	1	delong	unexpected	a	an	mirage	ocean	68	16	6.1	3.97	As the men stumbled across the desert they thought they saw an oasis on the horizon but it turned out to be	so they continued walking.	True	Was there an oasis on the horizon?	no
1561.19921875	0.2	799334	255	filler_word	141	70	1	delong	unexpected	a	an	mirage	ocean	68	16	6.1	3.97	As the men stumbled across the desert they thought they saw an oasis on the horizon but it turned out to be	so they continued walking.	True	Was there an oasis on the horizon?	no
1561.728515625	0.2	799605	208	final_unexpected	141	70	1	delong	unexpected	a	an	mirage	ocean	68	16	6.1	3.97	As the men stumbled across the desert they thought they saw an oasis on the horizon but it turned out to be	so they continued walking.	True	Was there an oasis on the horizon?	no
1565.328125	0.0	801448	251	question	141	70	1	delong	unexpected	a	an	mirage	ocean	68	16	6.1	3.97	As the men stumbled across the desert they thought they saw an oasis on the horizon but it turned out to be	so they continued walking.	True	Was there an oasis on the horizon?	no
1567.71484375	0.2	802670	255	filler_word	141	70	1	delong	unexpected	a	an	mirage	ocean	68	16	6.1	3.97	As the men stumbled across the desert they thought they saw an oasis on the horizon but it turned out to be	so they continued walking.	True	Was there an oasis on the horizon?	no
1568.24609375	0.2	802942	255	filler_word	141	70	1	delong	unexpected	a	an	mirage	ocean	68	16	6.1	3.97	As the men stumbled across the desert they thought they saw an oasis on the horizon but it turned out to be	so they continued walking.	True	Was there an oasis on the horizon?	no
1568.775390625	0.2	803213	255	filler_word	141	70	1	delong	unexpected	a	an	mirage	ocean	68	16	6.1	3.97	As the men stumbled across the desert they thought they saw an oasis on the horizon but it turned out to be	so they continued walking.	True	Was there an oasis on the horizon?	no
1569.306640625	0.2	803485	255	filler_word	141	70	1	delong	unexpected	a	an	mirage	ocean	68	16	6.1	3.97	As the men stumbled across the desert they thought they saw an oasis on the horizon but it turned out to be	so they continued walking.	True	Was there an oasis on the horizon?	no
1569.8359375	0.2	803756	255	filler_word	141	70	1	delong	unexpected	a	an	mirage	ocean	68	16	6.1	3.97	As the men stumbled across the desert they thought they saw an oasis on the horizon but it turned out to be	so they continued walking.	True	Was there an oasis on the horizon?	no
1570.3671875	0.2	804028	255	filler_word	141	70	1	delong	unexpected	a	an	mirage	ocean	68	16	6.1	3.97	As the men stumbled across the desert they thought they saw an oasis on the horizon but it turned out to be	so they continued walking.	True	Was there an oasis on the horizon?	no
1570.896484375	0.2	804299	255	filler_word	141	70	1	delong	unexpected	a	an	mirage	ocean	68	16	6.1	3.97	As the men stumbled across the desert they thought they saw an oasis on the horizon but it turned out to be	so they continued walking.	True	Was there an oasis on the horizon?	no
1571.427734375	0.2	804571	255	filler_word	141	70	1	delong	unexpected	a	an	mirage	ocean	68	16	6.1	3.97	As the men stumbled across the desert they thought they saw an oasis on the horizon but it turned out to be	so they continued walking.	True	Was there an oasis on the horizon?	no
1571.958984375	0.2	804843	255	filler_word	141	70	1	delong	unexpected	a	an	mirage	ocean	68	16	6.1	3.97	As the men stumbled across the desert they thought they saw an oasis on the horizon but it turned out to be	so they continued walking.	True	Was there an oasis on the horizon?	no
1572.48828125	0.2	805114	255	filler_word	141	70	1	delong	unexpected	a	an	mirage	ocean	68	16	6.1	3.97	As the men stumbled across the desert they thought they saw an oasis on the horizon but it turned out to be	so they continued walking.	True	Was there an oasis on the horizon?	no
1573.01953125	0.2	805386	255	filler_word	141	70	1	delong	unexpected	a	an	mirage	ocean	68	16	6.1	3.97	As the men stumbled across the desert they thought they saw an oasis on the horizon but it turned out to be	so they continued walking.	True	Was there an oasis on the horizon?	no
1573.55078125	0.2	805658	255	filler_word	141	70	1	delong	unexpected	a	an	mirage	ocean	68	16	6.1	3.97	As the men stumbled across the desert they thought they saw an oasis on the horizon but it turned out to be	so they continued walking.	True	Was there an oasis on the horizon?	no
1574.080078125	0.2	805929	255	filler_word	141	70	1	delong	unexpected	a	an	mirage	ocean	68	16	6.1	3.97	As the men stumbled across the desert they thought they saw an oasis on the horizon but it turned out to be	so they continued walking.	True	Was there an oasis on the horizon?	no
1574.611328125	0.2	806201	255	filler_word	141	70	1	delong	unexpected	a	an	mirage	ocean	68	16	6.1	3.97	As the men stumbled across the desert they thought they saw an oasis on the horizon but it turned out to be	so they continued walking.	True	Was there an oasis on the horizon?	no
1575.140625	0.2	806472	255	filler_word	141	70	1	delong	unexpected	a	an	mirage	ocean	68	16	6.1	3.97	As the men stumbled across the desert they thought they saw an oasis on the horizon but it turned out to be	so they continued walking.	True	Was there an oasis on the horizon?	no
1575.671875	0.2	806744	255	filler_word	141	70	1	delong	unexpected	a	an	mirage	ocean	68	16	6.1	3.97	As the men stumbled across the desert they thought they saw an oasis on the horizon but it turned out to be	so they continued walking.	True	Was there an oasis on the horizon?	no
1576.201171875	0.2	807015	255	filler_word	141	70	1	delong	unexpected	a	an	mirage	ocean	68	16	6.1	3.97	As the men stumbled across the desert they thought they saw an oasis on the horizon but it turned out to be	so they continued walking.	True	Was there an oasis on the horizon?	no
1576.732421875	0.2	807287	255	filler_word	141	70	1	delong	unexpected	a	an	mirage	ocean	68	16	6.1	3.97	As the men stumbled across the desert they thought they saw an oasis on the horizon but it turned out to be	so they continued walking.	True	Was there an oasis on the horizon?	no
1577.263671875	0.2	807559	255	filler_word	141	70	1	delong	unexpected	a	an	mirage	ocean	68	16	6.1	3.97	As the men stumbled across the desert they thought they saw an oasis on the horizon but it turned out to be	so they continued walking.	True	Was there an oasis on the horizon?	no
1577.794921875	0.2	807831	255	filler_word	141	70	1	delong	unexpected	a	an	mirage	ocean	68	16	6.1	3.97	As the men stumbled across the desert they thought they saw an oasis on the horizon but it turned out to be	so they continued walking.	True	Was there an oasis on the horizon?	no
1578.32421875	0.2	808102	255	filler_word	141	70	1	delong	unexpected	a	an	mirage	ocean	68	16	6.1	3.97	As the men stumbled across the desert they thought they saw an oasis on the horizon but it turned out to be	so they continued walking.	True	Was there an oasis on the horizon?	no
1578.85546875	0.2	808374	255	filler_word	141	70	1	delong	unexpected	a	an	mirage	ocean	68	16	6.1	3.97	As the men stumbled across the desert they thought they saw an oasis on the horizon but it turned out to be	so they continued walking.	True	Was there an oasis on the horizon?	no
1579.38671875	0.2	808646	255	filler_word	141	70	1	delong	unexpected	a	an	mirage	ocean	68	16	6.1	3.97	As the men stumbled across the desert they thought they saw an oasis on the horizon but it turned out to be	so they continued walking.	True	Was there an oasis on the horizon?	no
1579.916015625	0.2	808917	255	filler_word	141	70	1	delong	unexpected	a	an	mirage	ocean	68	16	6.1	3.97	As the men stumbled across the desert they thought they saw an oasis on the horizon but it turned out to be	so they continued walking.	True	Was there an oasis on the horizon?	no
1580.447265625	0.2	809189	203	a_unexpected	141	70	1	delong	unexpected	a	an	mirage	ocean	68	16	6.1	3.97	As the men stumbled across the desert they thought they saw an oasis on the horizon but it turned out to be	so they continued walking.	True	Was there an oasis on the horizon?	no
1580.76171875	0.0	809350	169	item_marker	142	69	1	delong	unexpected	an	a	ocean	mirage	73	5	5.77	2.7	The first time Timmy saw the Pacific he thought it was a lake but his brother laughed and explained to him that it was	and he should be careful of the waves.	False	n/a	n/a
1580.818359375	0.0	809379	5	cloze_marker	142	69	1	delong	unexpected	an	a	ocean	mirage	73	5	5.77	2.7	The first time Timmy saw the Pacific he thought it was a lake but his brother laughed and explained to him that it was	and he should be careful of the waves.	False	n/a	n/a
1581.02734375	0.2	809486	206	noun_unexpected	142	69	1	delong	unexpected	an	a	ocean	mirage	73	5	5.77	2.7	The first time Timmy saw the Pacific he thought it was a lake but his brother laughed and explained to him that it was	and he should be careful of the waves.	False	n/a	n/a
1581.341796875	0.0	809647	169	item_marker	143	69	1	delong	unexpected	an	a	ocean	mirage	73	5	5.77	2.7	The first time Timmy saw the Pacific he thought it was a lake but his brother laughed and explained to him that it was	and he should be careful of the waves.	False	n/a	n/a
1581.396484375	0.0	809675	200	cloze_marker	143	69	1	delong	unexpected	an	a	ocean	mirage	73	5	5.77	2.7	The first time Timmy saw the Pacific he thought it was a lake but his brother laughed and explained to him that it was	and he should be careful of the waves.	False	n/a	n/a
1581.607421875	0.2	809783	255	filler_word	143	69	1	delong	unexpected	an	a	ocean	mirage	73	5	5.77	2.7	The first time Timmy saw the Pacific he thought it was a lake but his brother laughed and explained to him that it was	and he should be careful of the waves.	False	n/a	n/a
1582.138671875	0.2	810055	255	filler_word	143	69	1	delong	unexpected	an	a	ocean	mirage	73	5	5.77	2.7	The first time Timmy saw the Pacific he thought it was a lake but his brother laughed and explained to him that it was	and he should be careful of the waves.	False	n/a	n/a
1582.66796875	0.2	810326	255	filler_word	143	69	1	delong	unexpected	an	a	ocean	mirage	73	5	5.77	2.7	The first time Timmy saw the Pacific he thought it was a lake but his brother laughed and explained to him that it was	and he should be careful of the waves.	False	n/a	n/a
1583.19921875	0.2	810598	255	filler_word	143	69	1	delong	unexpected	an	a	ocean	mirage	73	5	5.77	2.7	The first time Timmy saw the Pacific he thought it was a lake but his brother laughed and explained to him that it was	and he should be careful of the waves.	False	n/a	n/a
1583.728515625	0.2	810869	255	filler_word	143	69	1	delong	unexpected	an	a	ocean	mirage	73	5	5.77	2.7	The first time Timmy saw the Pacific he thought it was a lake but his brother laughed and explained to him that it was	and he should be careful of the waves.	False	n/a	n/a
1584.259765625	0.2	811141	255	filler_word	143	69	1	delong	unexpected	an	a	ocean	mirage	73	5	5.77	2.7	The first time Timmy saw the Pacific he thought it was a lake but his brother laughed and explained to him that it was	and he should be careful of the waves.	False	n/a	n/a
1584.791015625	0.2	811413	255	filler_word	143	69	1	delong	unexpected	an	a	ocean	mirage	73	5	5.77	2.7	The first time Timmy saw the Pacific he thought it was a lake but his brother laughed and explained to him that it was	and he should be careful of the waves.	False	n/a	n/a
1585.3203125	0.2	811684	208	final_unexpected	143	69	1	delong	unexpected	an	a	ocean	mirage	73	5	5.77	2.7	The first time Timmy saw the Pacific he thought it was a lake but his brother laughed and explained to him that it was	and he should be careful of the waves.	False	n/a	n/a
1591.439453125	0.2	814817	255	filler_word	143	69	1	delong	unexpected	an	a	ocean	mirage	73	5	5.77	2.7	The first time Timmy saw the Pacific he thought it was a lake but his brother laughed and explained to him that it was	and he should be careful of the waves.	False	n/a	n/a
1591.96875	0.2	815088	255	filler_word	143	69	1	delong	unexpected	an	a	ocean	mirage	73	5	5.77	2.7	The first time Timmy saw the Pacific he thought it was a lake but his brother laughed and explained to him that it was	and he should be careful of the waves.	False	n/a	n/a
1592.5	0.2	815360	255	filler_word	143	69	1	delong	unexpected	an	a	ocean	mirage	73	5	5.77	2.7	The first time Timmy saw the Pacific he thought it was a lake but his brother laughed and explained to him that it was	and he should be careful of the waves.	False	n/a	n/a
1593.029296875	0.2	815631	255	filler_word	143	69	1	delong	unexpected	an	a	ocean	mirage	73	5	5.77	2.7	The first time Timmy saw the Pacific he thought it was a lake but his brother laughed and explained to him that it was	and he should be careful of the waves.	False	n/a	n/a
1593.560546875	0.2	815903	255	filler_word	143	69	1	delong	unexpected	an	a	ocean	mirage	73	5	5.77	2.7	The first time Timmy saw the Pacific he thought it was a lake but his brother laughed and explained to him that it was	and he should be careful of the waves.	False	n/a	n/a
1594.091796875	0.2	816175	255	filler_word	143	69	1	delong	unexpected	an	a	ocean	mirage	73	5	5.77	2.7	The first time Timmy saw the Pacific he thought it was a lake but his brother laughed and explained to him that it was	and he should be careful of the waves.	False	n/a	n/a
1594.62109375	0.2	816446	255	filler_word	143	69	1	delong	unexpected	an	a	ocean	mirage	73	5	5.77	2.7	The first time Timmy saw the Pacific he thought it was a lake but his brother laughed and explained to him that it was	and he should be careful of the waves.	False	n/a	n/a
1595.15234375	0.2	816718	255	filler_word	143	69	1	delong	unexpected	an	a	ocean	mirage	73	5	5.77	2.7	The first time Timmy saw the Pacific he thought it was a lake but his brother laughed and explained to him that it was	and he should be careful of the waves.	False	n/a	n/a
1595.68359375	0.2	816990	255	filler_word	143	69	1	delong	unexpected	an	a	ocean	mirage	73	5	5.77	2.7	The first time Timmy saw the Pacific he thought it was a lake but his brother laughed and explained to him that it was	and he should be careful of the waves.	False	n/a	n/a
1596.212890625	0.2	817261	255	filler_word	143	69	1	delong	unexpected	an	a	ocean	mirage	73	5	5.77	2.7	The first time Timmy saw the Pacific he thought it was a lake but his brother laughed and explained to him that it was	and he should be careful of the waves.	False	n/a	n/a
1596.744140625	0.2	817533	255	filler_word	143	69	1	delong	unexpected	an	a	ocean	mirage	73	5	5.77	2.7	The first time Timmy saw the Pacific he thought it was a lake but his brother laughed and explained to him that it was	and he should be careful of the waves.	False	n/a	n/a
1597.2734375	0.2	817804	255	filler_word	143	69	1	delong	unexpected	an	a	ocean	mirage	73	5	5.77	2.7	The first time Timmy saw the Pacific he thought it was a lake but his brother laughed and explained to him that it was	and he should be careful of the waves.	False	n/a	n/a
1597.8046875	0.2	818076	255	filler_word	143	69	1	delong	unexpected	an	a	ocean	mirage	73	5	5.77	2.7	The first time Timmy saw the Pacific he thought it was a lake but his brother laughed and explained to him that it was	and he should be careful of the waves.	False	n/a	n/a
1598.3359375	0.2	818348	204	an_unexpected	143	69	1	delong	unexpected	an	a	ocean	mirage	73	5	5.77	2.7	The first time Timmy saw the Pacific he thought it was a lake but his brother laughed and explained to him that it was	and he should be careful of the waves.	False	n/a	n/a
1598.650390625	0.0	818509	162	item_marker	144	62	1	delong	unexpected	a	an	coach	offense	98	0	6.0	3.3	Ever since Mr.Barnes had moved away Bobby's football team had been left without	and thus lost all their games.	False	n/a	n/a
1598.70703125	0.0	818538	200	cloze_marker	144	62	1	delong	unexpected	a	an	coach	offense	98	0	6.0	3.3	Ever since Mr.Barnes had moved away Bobby's football team had been left without	and thus lost all their games.	False	n/a	n/a
1598.916015625	0.2	818645	206	noun_unexpected	144	62	1	delong	unexpected	a	an	coach	offense	98	0	6.0	3.3	Ever since Mr.Barnes had moved away Bobby's football team had been left without	and thus lost all their games.	False	n/a	n/a
1599.23046875	0.0	818806	162	item_marker	145	62	1	delong	unexpected	a	an	coach	offense	98	0	6.0	3.3	Ever since Mr.Barnes had moved away Bobby's football team had been left without	and thus lost all their games.	False	n/a	n/a
1599.287109375	0.0	818835	200	cloze_marker	145	62	1	delong	unexpected	a	an	coach	offense	98	0	6.0	3.3	Ever since Mr.Barnes had moved away Bobby's football team had been left without	and thus lost all their games.	False	n/a	n/a
1599.49609375	0.2	818942	255	filler_word	145	62	1	delong	unexpected	a	an	coach	offense	98	0	6.0	3.3	Ever since Mr.Barnes had moved away Bobby's football team had been left without	and thus lost all their games.	False	n/a	n/a
1600.025390625	0.2	819213	255	filler_word	145	62	1	delong	unexpected	a	an	coach	offense	98	0	6.0	3.3	Ever since Mr.Barnes had moved away Bobby's football team had been left without	and thus lost all their games.	False	n/a	n/a
1600.556640625	0.2	819485	255	filler_word	145	62	1	delong	unexpected	a	an	coach	offense	98	0	6.0	3.3	Ever since Mr.Barnes had moved away Bobby's football team had been left without	and thus lost all their games.	False	n/a	n/a
1601.0859375	0.2	819756	255	filler_word	145	62	1	delong	unexpected	a	an	coach	offense	98	0	6.0	3.3	Ever since Mr.Barnes had moved away Bobby's football team had been left without	and thus lost all their games.	False	n/a	n/a
1601.6171875	0.2	820028	255	filler_word	145	62	1	delong	unexpected	a	an	coach	offense	98	0	6.0	3.3	Ever since Mr.Barnes had moved away Bobby's football team had been left without	and thus lost all their games.	False	n/a	n/a
1602.1484375	0.2	820300	208	final_unexpected	145	62	1	delong	unexpected	a	an	coach	offense	98	0	6.0	3.3	Ever since Mr.Barnes had moved away Bobby's football team had been left without	and thus lost all their games.	False	n/a	n/a
1608.099609375	0.2	823347	255	filler_word	145	62	1	delong	unexpected	a	an	coach	offense	98	0	6.0	3.3	Ever since Mr.Barnes had moved away Bobby's football team had been left without	and thus lost all their games.	False	n/a	n/a
1608.630859375	0.2	823619	255	filler_word	145	62	1	delong	unexpected	a	an	coach	offense	98	0	6.0	3.3	Ever since Mr.Barnes had moved away Bobby's football team had been left without	and thus lost all their games.	False	n/a	n/a
1609.16015625	0.2	823890	255	filler_word	145	62	1	delong	unexpected	a	an	coach	offense	98	0	6.0	3.3	Ever since Mr.Barnes had moved away Bobby's football team had been left without	and thus lost all their games.	False	n/a	n/a
1609.69140625	0.2	824162	255	filler_word	145	62	1	delong	unexpected	a	an	coach	offense	98	0	6.0	3.3	Ever since Mr.Barnes had moved away Bobby's football team had been left without	and thus lost all their games.	False	n/a	n/a
1610.22265625	0.2	824434	255	filler_word	145	62	1	delong	unexpected	a	an	coach	offense	98	0	6.0	3.3	Ever since Mr.Barnes had moved away Bobby's football team had been left without	and thus lost all their games.	False	n/a	n/a
1610.751953125	0.2	824705	255	filler_word	145	62	1	delong	unexpected	a	an	coach	offense	98	0	6.0	3.3	Ever since Mr.Barnes had moved away Bobby's football team had been left without	and thus lost all their games.	False	n/a	n/a
1611.283203125	0.2	824977	255	filler_word	145	62	1	delong	unexpected	a	an	coach	offense	98	0	6.0	3.3	Ever since Mr.Barnes had moved away Bobby's football team had been left without	and thus lost all their games.	False	n/a	n/a
1611.814453125	0.2	825249	255	filler_word	145	62	1	delong	unexpected	a	an	coach	offense	98	0	6.0	3.3	Ever since Mr.Barnes had moved away Bobby's football team had been left without	and thus lost all their games.	False	n/a	n/a
1612.34375	0.2	825520	255	filler_word	145	62	1	delong	unexpected	a	an	coach	offense	98	0	6.0	3.3	Ever since Mr.Barnes had moved away Bobby's football team had been left without	and thus lost all their games.	False	n/a	n/a
1612.875	0.2	825792	255	filler_word	145	62	1	delong	unexpected	a	an	coach	offense	98	0	6.0	3.3	Ever since Mr.Barnes had moved away Bobby's football team had been left without	and thus lost all their games.	False	n/a	n/a
1613.40625	0.2	826064	255	filler_word	145	62	1	delong	unexpected	a	an	coach	offense	98	0	6.0	3.3	Ever since Mr.Barnes had moved away Bobby's football team had been left without	and thus lost all their games.	False	n/a	n/a
1613.935546875	0.2	826335	255	filler_word	145	62	1	delong	unexpected	a	an	coach	offense	98	0	6.0	3.3	Ever since Mr.Barnes had moved away Bobby's football team had been left without	and thus lost all their games.	False	n/a	n/a
1614.466796875	0.2	826607	255	filler_word	145	62	1	delong	unexpected	a	an	coach	offense	98	0	6.0	3.3	Ever since Mr.Barnes had moved away Bobby's football team had been left without	and thus lost all their games.	False	n/a	n/a
1614.99609375	0.2	826878	255	filler_word	145	62	1	delong	unexpected	a	an	coach	offense	98	0	6.0	3.3	Ever since Mr.Barnes had moved away Bobby's football team had been left without	and thus lost all their games.	False	n/a	n/a
1615.52734375	0.2	827150	203	a_unexpected	145	62	1	delong	unexpected	a	an	coach	offense	98	0	6.0	3.3	Ever since Mr.Barnes had moved away Bobby's football team had been left without	and thus lost all their games.	False	n/a	n/a
1615.84375	0.0	827312	173	item_marker	146	73	1	delong	unexpected	an	a	animal	flower	77	18	4.67	5.84	Carly wasn't sure if the Venus flytrap was classified as a plant or as	but it seemed to have characteristics of both.	False	n/a	n/a
1615.8984375	0.0	827340	18	cloze_marker	146	73	1	delong	unexpected	an	a	animal	flower	77	18	4.67	5.84	Carly wasn't sure if the Venus flytrap was classified as a plant or as	but it seemed to have characteristics of both.	False	n/a	n/a
1616.107421875	0.2	827447	206	noun_unexpected	146	73	1	delong	unexpected	an	a	animal	flower	77	18	4.67	5.84	Carly wasn't sure if the Venus flytrap was classified as a plant or as	but it seemed to have characteristics of both.	False	n/a	n/a
1616.423828125	0.0	827609	173	item_marker	147	73	1	delong	unexpected	an	a	animal	flower	77	18	4.67	5.84	Carly wasn't sure if the Venus flytrap was classified as a plant or as	but it seemed to have characteristics of both.	False	n/a	n/a
1616.478515625	0.0	827637	7	cloze_marker	147	73	1	delong	unexpected	an	a	animal	flower	77	18	4.67	5.84	Carly wasn't sure if the Venus flytrap was classified as a plant or as	but it seemed to have characteristics of both.	False	n/a	n/a
1616.6875	0.2	827744	255	filler_word	147	73	1	delong	unexpected	an	a	animal	flower	77	18	4.67	5.84	Carly wasn't sure if the Venus flytrap was classified as a plant or as	but it seemed to have characteristics of both.	False	n/a	n/a
1617.21875	0.2	828016	255	filler_word	147	73	1	delong	unexpected	an	a	animal	flower	77	18	4.67	5.84	Carly wasn't sure if the Venus flytrap was classified as a plant or as	but it seemed to have characteristics of both.	False	n/a	n/a
1617.748046875	0.2	828287	255	filler_word	147	73	1	delong	unexpected	an	a	animal	flower	77	18	4.67	5.84	Carly wasn't sure if the Venus flytrap was classified as a plant or as	but it seemed to have characteristics of both.	False	n/a	n/a
1618.279296875	0.2	828559	255	filler_word	147	73	1	delong	unexpected	an	a	animal	flower	77	18	4.67	5.84	Carly wasn't sure if the Venus flytrap was classified as a plant or as	but it seemed to have characteristics of both.	False	n/a	n/a
1618.810546875	0.2	828831	255	filler_word	147	73	1	delong	unexpected	an	a	animal	flower	77	18	4.67	5.84	Carly wasn't sure if the Venus flytrap was classified as a plant or as	but it seemed to have characteristics of both.	False	n/a	n/a
1619.33984375	0.2	829102	255	filler_word	147	73	1	delong	unexpected	an	a	animal	flower	77	18	4.67	5.84	Carly wasn't sure if the Venus flytrap was classified as a plant or as	but it seemed to have characteristics of both.	False	n/a	n/a
1619.87109375	0.2	829374	255	filler_word	147	73	1	delong	unexpected	an	a	animal	flower	77	18	4.67	5.84	Carly wasn't sure if the Venus flytrap was classified as a plant or as	but it seemed to have characteristics of both.	False	n/a	n/a
1620.40234375	0.2	829646	208	final_unexpected	147	73	1	delong	unexpected	an	a	animal	flower	77	18	4.67	5.84	Carly wasn't sure if the Venus flytrap was classified as a plant or as	but it seemed to have characteristics of both.	False	n/a	n/a
1626.900390625	0.2	832973	255	filler_word	147	73	1	delong	unexpected	an	a	animal	flower	77	18	4.67	5.84	Carly wasn't sure if the Venus flytrap was classified as a plant or as	but it seemed to have characteristics of both.	False	n/a	n/a
1627.4296875	0.2	833244	255	filler_word	147	73	1	delong	unexpected	an	a	animal	flower	77	18	4.67	5.84	Carly wasn't sure if the Venus flytrap was classified as a plant or as	but it seemed to have characteristics of both.	False	n/a	n/a
1627.9609375	0.2	833516	255	filler_word	147	73	1	delong	unexpected	an	a	animal	flower	77	18	4.67	5.84	Carly wasn't sure if the Venus flytrap was classified as a plant or as	but it seemed to have characteristics of both.	False	n/a	n/a
1628.4921875	0.2	833788	255	filler_word	147	73	1	delong	unexpected	an	a	animal	flower	77	18	4.67	5.84	Carly wasn't sure if the Venus flytrap was classified as a plant or as	but it seemed to have characteristics of both.	False	n/a	n/a
1629.0234375	0.2	834060	255	filler_word	147	73	1	delong	unexpected	an	a	animal	flower	77	18	4.67	5.84	Carly wasn't sure if the Venus flytrap was classified as a plant or as	but it seemed to have characteristics of both.	False	n/a	n/a
1629.552734375	0.2	834331	255	filler_word	147	73	1	delong	unexpected	an	a	animal	flower	77	18	4.67	5.84	Carly wasn't sure if the Venus flytrap was classified as a plant or as	but it seemed to have characteristics of both.	False	n/a	n/a
1630.083984375	0.2	834603	255	filler_word	147	73	1	delong	unexpected	an	a	animal	flower	77	18	4.67	5.84	Carly wasn't sure if the Venus flytrap was classified as a plant or as	but it seemed to have characteristics of both.	False	n/a	n/a
1630.61328125	0.2	834874	255	filler_word	147	73	1	delong	unexpected	an	a	animal	flower	77	18	4.67	5.84	Carly wasn't sure if the Venus flytrap was classified as a plant or as	but it seemed to have characteristics of both.	False	n/a	n/a
1631.14453125	0.2	835146	255	filler_word	147	73	1	delong	unexpected	an	a	animal	flower	77	18	4.67	5.84	Carly wasn't sure if the Venus flytrap was classified as a plant or as	but it seemed to have characteristics of both.	False	n/a	n/a
1631.67578125	0.2	835418	255	filler_word	147	73	1	delong	unexpected	an	a	animal	flower	77	18	4.67	5.84	Carly wasn't sure if the Venus flytrap was classified as a plant or as	but it seemed to have characteristics of both.	False	n/a	n/a
1632.205078125	0.2	835689	255	filler_word	147	73	1	delong	unexpected	an	a	animal	flower	77	18	4.67	5.84	Carly wasn't sure if the Venus flytrap was classified as a plant or as	but it seemed to have characteristics of both.	False	n/a	n/a
1632.736328125	0.2	835961	255	filler_word	147	73	1	delong	unexpected	an	a	animal	flower	77	18	4.67	5.84	Carly wasn't sure if the Venus flytrap was classified as a plant or as	but it seemed to have characteristics of both.	False	n/a	n/a
1633.265625	0.2	836232	255	filler_word	147	73	1	delong	unexpected	an	a	animal	flower	77	18	4.67	5.84	Carly wasn't sure if the Venus flytrap was classified as a plant or as	but it seemed to have characteristics of both.	False	n/a	n/a
1633.796875	0.2	836504	255	filler_word	147	73	1	delong	unexpected	an	a	animal	flower	77	18	4.67	5.84	Carly wasn't sure if the Venus flytrap was classified as a plant or as	but it seemed to have characteristics of both.	False	n/a	n/a
1634.328125	0.2	836776	255	filler_word	147	73	1	delong	unexpected	an	a	animal	flower	77	18	4.67	5.84	Carly wasn't sure if the Venus flytrap was classified as a plant or as	but it seemed to have characteristics of both.	False	n/a	n/a
1634.859375	0.2	837048	201	a_expected	147	73	1	delong	unexpected	an	a	animal	flower	77	18	4.67	5.84	Carly wasn't sure if the Venus flytrap was classified as a plant or as	but it seemed to have characteristics of both.	False	n/a	n/a
1635.173828125	0.0	837209	172	item_marker	148	72	1	delong	expected	a	an	compliment	order	73	0	5.97	3.68	Marcy did not deal well with praise and had never really learned how to take	even from her friends.	False	n/a	n/a
1635.228515625	0.0	837237	73	cloze_marker	148	72	1	delong	expected	a	an	compliment	order	73	0	5.97	3.68	Marcy did not deal well with praise and had never really learned how to take	even from her friends.	False	n/a	n/a
1635.439453125	0.2	837345	205	noun_expected	148	72	1	delong	expected	a	an	compliment	order	73	0	5.97	3.68	Marcy did not deal well with praise and had never really learned how to take	even from her friends.	False	n/a	n/a
1635.75390625	0.0	837506	172	item_marker	149	72	1	delong	expected	a	an	compliment	order	73	0	5.97	3.68	Marcy did not deal well with praise and had never really learned how to take	even from her friends.	False	n/a	n/a
1635.80859375	0.0	837534	90	cloze_marker	149	72	1	delong	expected	a	an	compliment	order	73	0	5.97	3.68	Marcy did not deal well with praise and had never really learned how to take	even from her friends.	False	n/a	n/a
1636.017578125	0.2	837641	255	filler_word	149	72	1	delong	expected	a	an	compliment	order	73	0	5.97	3.68	Marcy did not deal well with praise and had never really learned how to take	even from her friends.	False	n/a	n/a
1636.548828125	0.2	837913	255	filler_word	149	72	1	delong	expected	a	an	compliment	order	73	0	5.97	3.68	Marcy did not deal well with praise and had never really learned how to take	even from her friends.	False	n/a	n/a
1637.080078125	0.2	838185	255	filler_word	149	72	1	delong	expected	a	an	compliment	order	73	0	5.97	3.68	Marcy did not deal well with praise and had never really learned how to take	even from her friends.	False	n/a	n/a
1637.611328125	0.2	838457	207	final_expected	149	72	1	delong	expected	a	an	compliment	order	73	0	5.97	3.68	Marcy did not deal well with praise and had never really learned how to take	even from her friends.	False	n/a	n/a
1643.7109375	0.2	841580	255	filler_word	149	72	1	delong	expected	a	an	compliment	order	73	0	5.97	3.68	Marcy did not deal well with praise and had never really learned how to take	even from her friends.	False	n/a	n/a
1644.2421875	0.2	841852	255	filler_word	149	72	1	delong	expected	a	an	compliment	order	73	0	5.97	3.68	Marcy did not deal well with praise and had never really learned how to take	even from her friends.	False	n/a	n/a
1644.771484375	0.2	842123	255	filler_word	149	72	1	delong	expected	a	an	compliment	order	73	0	5.97	3.68	Marcy did not deal well with praise and had never really learned how to take	even from her friends.	False	n/a	n/a
1645.302734375	0.2	842395	255	filler_word	149	72	1	delong	expected	a	an	compliment	order	73	0	5.97	3.68	Marcy did not deal well with praise and had never really learned how to take	even from her friends.	False	n/a	n/a
1645.833984375	0.2	842667	255	filler_word	149	72	1	delong	expected	a	an	compliment	order	73	0	5.97	3.68	Marcy did not deal well with praise and had never really learned how to take	even from her friends.	False	n/a	n/a
1646.36328125	0.2	842938	255	filler_word	149	72	1	delong	expected	a	an	compliment	order	73	0	5.97	3.68	Marcy did not deal well with praise and had never really learned how to take	even from her friends.	False	n/a	n/a
1646.89453125	0.2	843210	255	filler_word	149	72	1	delong	expected	a	an	compliment	order	73	0	5.97	3.68	Marcy did not deal well with praise and had never really learned how to take	even from her friends.	False	n/a	n/a
1647.423828125	0.2	843481	255	filler_word	149	72	1	delong	expected	a	an	compliment	order	73	0	5.97	3.68	Marcy did not deal well with praise and had never really learned how to take	even from her friends.	False	n/a	n/a
1647.955078125	0.2	843753	255	filler_word	149	72	1	delong	expected	a	an	compliment	order	73	0	5.97	3.68	Marcy did not deal well with praise and had never really learned how to take	even from her friends.	False	n/a	n/a
1648.486328125	0.2	844025	255	filler_word	149	72	1	delong	expected	a	an	compliment	order	73	0	5.97	3.68	Marcy did not deal well with praise and had never really learned how to take	even from her friends.	False	n/a	n/a
1649.015625	0.2	844296	255	filler_word	149	72	1	delong	expected	a	an	compliment	order	73	0	5.97	3.68	Marcy did not deal well with praise and had never really learned how to take	even from her friends.	False	n/a	n/a
1649.546875	0.2	844568	255	filler_word	149	72	1	delong	expected	a	an	compliment	order	73	0	5.97	3.68	Marcy did not deal well with praise and had never really learned how to take	even from her friends.	False	n/a	n/a
1650.078125	0.2	844840	255	filler_word	149	72	1	delong	expected	a	an	compliment	order	73	0	5.97	3.68	Marcy did not deal well with praise and had never really learned how to take	even from her friends.	False	n/a	n/a
1650.607421875	0.2	845111	255	filler_word	149	72	1	delong	expected	a	an	compliment	order	73	0	5.97	3.68	Marcy did not deal well with praise and had never really learned how to take	even from her friends.	False	n/a	n/a
1651.138671875	0.2	845383	203	a_unexpected	149	72	1	delong	expected	a	an	compliment	order	73	0	5.97	3.68	Marcy did not deal well with praise and had never really learned how to take	even from her friends.	False	n/a	n/a
1651.455078125	0.0	845545	165	item_marker	150	65	1	delong	unexpected	an	a	island	ship	73	14	5.53	5.26	Being from the mainland Karen never got used to the feeling of living on	and being so removed from everything.	True	Was Karen from the mainland?	yes
1651.509765625	0.0	845573	14	cloze_marker	150	65	1	delong	unexpected	an	a	island	ship	73	14	5.53	5.26	Being from the mainland Karen never got used to the feeling of living on	and being so removed from everything.	True	Was Karen from the mainland?	yes
1651.71875	0.2	845680	206	noun_unexpected	150	65	1	delong	unexpected	an	a	island	ship	73	14	5.53	5.26	Being from the mainland Karen never got used to the feeling of living on	and being so removed from everything.	True	Was Karen from the mainland?	yes
1652.03515625	0.0	845842	165	item_marker	151	65	1	delong	unexpected	an	a	island	ship	73	14	5.53	5.26	Being from the mainland Karen never got used to the feeling of living on	and being so removed from everything.	True	Was Karen from the mainland?	yes
1652.08984375	0.0	845870	7	cloze_marker	151	65	1	delong	unexpected	an	a	island	ship	73	14	5.53	5.26	Being from the mainland Karen never got used to the feeling of living on	and being so removed from everything.	True	Was Karen from the mainland?	yes
1652.298828125	0.2	845977	255	filler_word	151	65	1	delong	unexpected	an	a	island	ship	73	14	5.53	5.26	Being from the mainland Karen never got used to the feeling of living on	and being so removed from everything.	True	Was Karen from the mainland?	yes
1652.830078125	0.2	846249	255	filler_word	151	65	1	delong	unexpected	an	a	island	ship	73	14	5.53	5.26	Being from the mainland Karen never got used to the feeling of living on	and being so removed from everything.	True	Was Karen from the mainland?	yes
1653.359375	0.2	846520	255	filler_word	151	65	1	delong	unexpected	an	a	island	ship	73	14	5.53	5.26	Being from the mainland Karen never got used to the feeling of living on	and being so removed from everything.	True	Was Karen from the mainland?	yes
1653.890625	0.2	846792	255	filler_word	151	65	1	delong	unexpected	an	a	island	ship	73	14	5.53	5.26	Being from the mainland Karen never got used to the feeling of living on	and being so removed from everything.	True	Was Karen from the mainland?	yes
1654.421875	0.2	847064	255	filler_word	151	65	1	delong	unexpected	an	a	island	ship	73	14	5.53	5.26	Being from the mainland Karen never got used to the feeling of living on	and being so removed from everything.	True	Was Karen from the mainland?	yes
1654.951171875	0.2	847335	208	final_unexpected	151	65	1	delong	unexpected	an	a	island	ship	73	14	5.53	5.26	Being from the mainland Karen never got used to the feeling of living on	and being so removed from everything.	True	Was Karen from the mainland?	yes
1658.798828125	0.0	849305	251	question	151	65	1	delong	unexpected	an	a	island	ship	73	14	5.53	5.26	Being from the mainland Karen never got used to the feeling of living on	and being so removed from everything.	True	Was Karen from the mainland?	yes
1662.52734375	0.2	851214	255	filler_word	151	65	1	delong	unexpected	an	a	island	ship	73	14	5.53	5.26	Being from the mainland Karen never got used to the feeling of living on	and being so removed from everything.	True	Was Karen from the mainland?	yes
1663.05859375	0.2	851486	255	filler_word	151	65	1	delong	unexpected	an	a	island	ship	73	14	5.53	5.26	Being from the mainland Karen never got used to the feeling of living on	and being so removed from everything.	True	Was Karen from the mainland?	yes
1663.58984375	0.2	851758	255	filler_word	151	65	1	delong	unexpected	an	a	island	ship	73	14	5.53	5.26	Being from the mainland Karen never got used to the feeling of living on	and being so removed from everything.	True	Was Karen from the mainland?	yes
1664.119140625	0.2	852029	255	filler_word	151	65	1	delong	unexpected	an	a	island	ship	73	14	5.53	5.26	Being from the mainland Karen never got used to the feeling of living on	and being so removed from everything.	True	Was Karen from the mainland?	yes
1664.650390625	0.2	852301	255	filler_word	151	65	1	delong	unexpected	an	a	island	ship	73	14	5.53	5.26	Being from the mainland Karen never got used to the feeling of living on	and being so removed from everything.	True	Was Karen from the mainland?	yes
1665.181640625	0.2	852573	255	filler_word	151	65	1	delong	unexpected	an	a	island	ship	73	14	5.53	5.26	Being from the mainland Karen never got used to the feeling of living on	and being so removed from everything.	True	Was Karen from the mainland?	yes
1665.7109375	0.2	852844	255	filler_word	151	65	1	delong	unexpected	an	a	island	ship	73	14	5.53	5.26	Being from the mainland Karen never got used to the feeling of living on	and being so removed from everything.	True	Was Karen from the mainland?	yes
1666.2421875	0.2	853116	255	filler_word	151	65	1	delong	unexpected	an	a	island	ship	73	14	5.53	5.26	Being from the mainland Karen never got used to the feeling of living on	and being so removed from everything.	True	Was Karen from the mainland?	yes
1666.771484375	0.2	853387	255	filler_word	151	65	1	delong	unexpected	an	a	island	ship	73	14	5.53	5.26	Being from the mainland Karen never got used to the feeling of living on	and being so removed from everything.	True	Was Karen from the mainland?	yes
1667.302734375	0.2	853659	255	filler_word	151	65	1	delong	unexpected	an	a	island	ship	73	14	5.53	5.26	Being from the mainland Karen never got used to the feeling of living on	and being so removed from everything.	True	Was Karen from the mainland?	yes
1667.833984375	0.2	853931	255	filler_word	151	65	1	delong	unexpected	an	a	island	ship	73	14	5.53	5.26	Being from the mainland Karen never got used to the feeling of living on	and being so removed from everything.	True	Was Karen from the mainland?	yes
1668.36328125	0.2	854202	255	filler_word	151	65	1	delong	unexpected	an	a	island	ship	73	14	5.53	5.26	Being from the mainland Karen never got used to the feeling of living on	and being so removed from everything.	True	Was Karen from the mainland?	yes
1668.89453125	0.2	854474	255	filler_word	151	65	1	delong	unexpected	an	a	island	ship	73	14	5.53	5.26	Being from the mainland Karen never got used to the feeling of living on	and being so removed from everything.	True	Was Karen from the mainland?	yes
1669.42578125	0.2	854746	255	filler_word	151	65	1	delong	unexpected	an	a	island	ship	73	14	5.53	5.26	Being from the mainland Karen never got used to the feeling of living on	and being so removed from everything.	True	Was Karen from the mainland?	yes
1669.955078125	0.2	855017	255	filler_word	151	65	1	delong	unexpected	an	a	island	ship	73	14	5.53	5.26	Being from the mainland Karen never got used to the feeling of living on	and being so removed from everything.	True	Was Karen from the mainland?	yes
1670.486328125	0.2	855289	255	filler_word	151	65	1	delong	unexpected	an	a	island	ship	73	14	5.53	5.26	Being from the mainland Karen never got used to the feeling of living on	and being so removed from everything.	True	Was Karen from the mainland?	yes
1671.015625	0.2	855560	255	filler_word	151	65	1	delong	unexpected	an	a	island	ship	73	14	5.53	5.26	Being from the mainland Karen never got used to the feeling of living on	and being so removed from everything.	True	Was Karen from the mainland?	yes
1671.546875	0.2	855832	255	filler_word	151	65	1	delong	unexpected	an	a	island	ship	73	14	5.53	5.26	Being from the mainland Karen never got used to the feeling of living on	and being so removed from everything.	True	Was Karen from the mainland?	yes
1672.076171875	0.2	856103	255	filler_word	151	65	1	delong	unexpected	an	a	island	ship	73	14	5.53	5.26	Being from the mainland Karen never got used to the feeling of living on	and being so removed from everything.	True	Was Karen from the mainland?	yes
1672.607421875	0.2	856375	203	a_unexpected	151	65	1	delong	unexpected	an	a	island	ship	73	14	5.53	5.26	Being from the mainland Karen never got used to the feeling of living on	and being so removed from everything.	True	Was Karen from the mainland?	yes
1672.923828125	0.0	856537	177	item_marker	152	77	1	delong	unexpected	an	a	egg	window	70	0	6.07	1.84	Violet was just learning how to make an omelette so her father began by showing her how to crack	in the kitchen.	False	n/a	n/a
1672.978515625	0.0	856565	200	cloze_marker	152	77	1	delong	unexpected	an	a	egg	window	70	0	6.07	1.84	Violet was just learning how to make an omelette so her father began by showing her how to crack	in the kitchen.	False	n/a	n/a
1673.1875	0.2	856672	206	noun_unexpected	152	77	1	delong	unexpected	an	a	egg	window	70	0	6.07	1.84	Violet was just learning how to make an omelette so her father began by showing her how to crack	in the kitchen.	False	n/a	n/a
1673.50390625	0.0	856834	177	item_marker	153	77	1	delong	unexpected	an	a	egg	window	70	0	6.07	1.84	Violet was just learning how to make an omelette so her father began by showing her how to crack	in the kitchen.	False	n/a	n/a
1673.55859375	0.0	856862	93	cloze_marker	153	77	1	delong	unexpected	an	a	egg	window	70	0	6.07	1.84	Violet was just learning how to make an omelette so her father began by showing her how to crack	in the kitchen.	False	n/a	n/a
1673.767578125	0.2	856969	255	filler_word	153	77	1	delong	unexpected	an	a	egg	window	70	0	6.07	1.84	Violet was just learning how to make an omelette so her father began by showing her how to crack	in the kitchen.	False	n/a	n/a
1674.298828125	0.2	857241	255	filler_word	153	77	1	delong	unexpected	an	a	egg	window	70	0	6.07	1.84	Violet was just learning how to make an omelette so her father began by showing her how to crack	in the kitchen.	False	n/a	n/a
1674.828125	0.2	857512	208	final_unexpected	153	77	1	delong	unexpected	an	a	egg	window	70	0	6.07	1.84	Violet was just learning how to make an omelette so her father began by showing her how to crack	in the kitchen.	False	n/a	n/a
1681.478515625	0.2	860917	255	filler_word	153	77	1	delong	unexpected	an	a	egg	window	70	0	6.07	1.84	Violet was just learning how to make an omelette so her father began by showing her how to crack	in the kitchen.	False	n/a	n/a
1682.0078125	0.2	861188	255	filler_word	153	77	1	delong	unexpected	an	a	egg	window	70	0	6.07	1.84	Violet was just learning how to make an omelette so her father began by showing her how to crack	in the kitchen.	False	n/a	n/a
1682.5390625	0.2	861460	255	filler_word	153	77	1	delong	unexpected	an	a	egg	window	70	0	6.07	1.84	Violet was just learning how to make an omelette so her father began by showing her how to crack	in the kitchen.	False	n/a	n/a
1683.068359375	0.2	861731	255	filler_word	153	77	1	delong	unexpected	an	a	egg	window	70	0	6.07	1.84	Violet was just learning how to make an omelette so her father began by showing her how to crack	in the kitchen.	False	n/a	n/a
1683.599609375	0.2	862003	255	filler_word	153	77	1	delong	unexpected	an	a	egg	window	70	0	6.07	1.84	Violet was just learning how to make an omelette so her father began by showing her how to crack	in the kitchen.	False	n/a	n/a
1684.130859375	0.2	862275	255	filler_word	153	77	1	delong	unexpected	an	a	egg	window	70	0	6.07	1.84	Violet was just learning how to make an omelette so her father began by showing her how to crack	in the kitchen.	False	n/a	n/a
1684.66015625	0.2	862546	255	filler_word	153	77	1	delong	unexpected	an	a	egg	window	70	0	6.07	1.84	Violet was just learning how to make an omelette so her father began by showing her how to crack	in the kitchen.	False	n/a	n/a
1685.19140625	0.2	862818	255	filler_word	153	77	1	delong	unexpected	an	a	egg	window	70	0	6.07	1.84	Violet was just learning how to make an omelette so her father began by showing her how to crack	in the kitchen.	False	n/a	n/a
1685.72265625	0.2	863090	255	filler_word	153	77	1	delong	unexpected	an	a	egg	window	70	0	6.07	1.84	Violet was just learning how to make an omelette so her father began by showing her how to crack	in the kitchen.	False	n/a	n/a
1686.251953125	0.2	863361	255	filler_word	153	77	1	delong	unexpected	an	a	egg	window	70	0	6.07	1.84	Violet was just learning how to make an omelette so her father began by showing her how to crack	in the kitchen.	False	n/a	n/a
1686.783203125	0.2	863633	255	filler_word	153	77	1	delong	unexpected	an	a	egg	window	70	0	6.07	1.84	Violet was just learning how to make an omelette so her father began by showing her how to crack	in the kitchen.	False	n/a	n/a
1687.3125	0.2	863904	255	filler_word	153	77	1	delong	unexpected	an	a	egg	window	70	0	6.07	1.84	Violet was just learning how to make an omelette so her father began by showing her how to crack	in the kitchen.	False	n/a	n/a
1687.84375	0.2	864176	255	filler_word	153	77	1	delong	unexpected	an	a	egg	window	70	0	6.07	1.84	Violet was just learning how to make an omelette so her father began by showing her how to crack	in the kitchen.	False	n/a	n/a
1688.373046875	0.2	864447	255	filler_word	153	77	1	delong	unexpected	an	a	egg	window	70	0	6.07	1.84	Violet was just learning how to make an omelette so her father began by showing her how to crack	in the kitchen.	False	n/a	n/a
1688.904296875	0.2	864719	255	filler_word	153	77	1	delong	unexpected	an	a	egg	window	70	0	6.07	1.84	Violet was just learning how to make an omelette so her father began by showing her how to crack	in the kitchen.	False	n/a	n/a
1689.435546875	0.2	864991	255	filler_word	153	77	1	delong	unexpected	an	a	egg	window	70	0	6.07	1.84	Violet was just learning how to make an omelette so her father began by showing her how to crack	in the kitchen.	False	n/a	n/a
1689.966796875	0.2	865263	255	filler_word	153	77	1	delong	unexpected	an	a	egg	window	70	0	6.07	1.84	Violet was just learning how to make an omelette so her father began by showing her how to crack	in the kitchen.	False	n/a	n/a
1690.49609375	0.2	865534	255	filler_word	153	77	1	delong	unexpected	an	a	egg	window	70	0	6.07	1.84	Violet was just learning how to make an omelette so her father began by showing her how to crack	in the kitchen.	False	n/a	n/a
1691.02734375	0.2	865806	255	filler_word	153	77	1	delong	unexpected	an	a	egg	window	70	0	6.07	1.84	Violet was just learning how to make an omelette so her father began by showing her how to crack	in the kitchen.	False	n/a	n/a
1691.55859375	0.2	866078	255	filler_word	153	77	1	delong	unexpected	an	a	egg	window	70	0	6.07	1.84	Violet was just learning how to make an omelette so her father began by showing her how to crack	in the kitchen.	False	n/a	n/a
1692.087890625	0.2	866349	255	filler_word	153	77	1	delong	unexpected	an	a	egg	window	70	0	6.07	1.84	Violet was just learning how to make an omelette so her father began by showing her how to crack	in the kitchen.	False	n/a	n/a
1692.619140625	0.2	866621	201	a_expected	153	77	1	delong	unexpected	an	a	egg	window	70	0	6.07	1.84	Violet was just learning how to make an omelette so her father began by showing her how to crack	in the kitchen.	False	n/a	n/a
1692.93359375	0.0	866782	176	item_marker	154	76	1	delong	expected	a	an	liquid	element	73	0	4.65	2.23	Orlando thought that glass was a solid but when he held it under the Bunsen burner it melted and turned into	that could be sculpted.	False	n/a	n/a
1692.990234375	0.0	866811	73	cloze_marker	154	76	1	delong	expected	a	an	liquid	element	73	0	4.65	2.23	Orlando thought that glass was a solid but when he held it under the Bunsen burner it melted and turned into	that could be sculpted.	False	n/a	n/a
1693.19921875	0.2	866918	205	noun_expected	154	76	1	delong	expected	a	an	liquid	element	73	0	4.65	2.23	Orlando thought that glass was a solid but when he held it under the Bunsen burner it melted and turned into	that could be sculpted.	False	n/a	n/a
1693.513671875	0.0	867079	176	item_marker	155	76	1	delong	expected	a	an	liquid	element	73	0	4.65	2.23	Orlando thought that glass was a solid but when he held it under the Bunsen burner it melted and turned into	that could be sculpted.	False	n/a	n/a
1693.5703125	0.0	867108	90	cloze_marker	155	76	1	delong	expected	a	an	liquid	element	73	0	4.65	2.23	Orlando thought that glass was a solid but when he held it under the Bunsen burner it melted and turned into	that could be sculpted.	False	n/a	n/a
1693.779296875	0.2	867215	255	filler_word	155	76	1	delong	expected	a	an	liquid	element	73	0	4.65	2.23	Orlando thought that glass was a solid but when he held it under the Bunsen burner it melted and turned into	that could be sculpted.	False	n/a	n/a
1694.310546875	0.2	867487	255	filler_word	155	76	1	delong	expected	a	an	liquid	element	73	0	4.65	2.23	Orlando thought that glass was a solid but when he held it under the Bunsen burner it melted and turned into	that could be sculpted.	False	n/a	n/a
1694.83984375	0.2	867758	255	filler_word	155	76	1	delong	expected	a	an	liquid	element	73	0	4.65	2.23	Orlando thought that glass was a solid but when he held it under the Bunsen burner it melted and turned into	that could be sculpted.	False	n/a	n/a
1695.37109375	0.2	868030	207	final_expected	155	76	1	delong	expected	a	an	liquid	element	73	0	4.65	2.23	Orlando thought that glass was a solid but when he held it under the Bunsen burner it melted and turned into	that could be sculpted.	False	n/a	n/a
1701.33984375	0.2	871086	255	filler_word	155	76	1	delong	expected	a	an	liquid	element	73	0	4.65	2.23	Orlando thought that glass was a solid but when he held it under the Bunsen burner it melted and turned into	that could be sculpted.	False	n/a	n/a
1701.869140625	0.2	871357	255	filler_word	155	76	1	delong	expected	a	an	liquid	element	73	0	4.65	2.23	Orlando thought that glass was a solid but when he held it under the Bunsen burner it melted and turned into	that could be sculpted.	False	n/a	n/a
1702.400390625	0.2	871629	255	filler_word	155	76	1	delong	expected	a	an	liquid	element	73	0	4.65	2.23	Orlando thought that glass was a solid but when he held it under the Bunsen burner it melted and turned into	that could be sculpted.	False	n/a	n/a
1702.931640625	0.2	871901	255	filler_word	155	76	1	delong	expected	a	an	liquid	element	73	0	4.65	2.23	Orlando thought that glass was a solid but when he held it under the Bunsen burner it melted and turned into	that could be sculpted.	False	n/a	n/a
1703.4609375	0.2	872172	255	filler_word	155	76	1	delong	expected	a	an	liquid	element	73	0	4.65	2.23	Orlando thought that glass was a solid but when he held it under the Bunsen burner it melted and turned into	that could be sculpted.	False	n/a	n/a
1703.9921875	0.2	872444	255	filler_word	155	76	1	delong	expected	a	an	liquid	element	73	0	4.65	2.23	Orlando thought that glass was a solid but when he held it under the Bunsen burner it melted and turned into	that could be sculpted.	False	n/a	n/a
1704.521484375	0.2	872715	255	filler_word	155	76	1	delong	expected	a	an	liquid	element	73	0	4.65	2.23	Orlando thought that glass was a solid but when he held it under the Bunsen burner it melted and turned into	that could be sculpted.	False	n/a	n/a
1705.052734375	0.2	872987	255	filler_word	155	76	1	delong	expected	a	an	liquid	element	73	0	4.65	2.23	Orlando thought that glass was a solid but when he held it under the Bunsen burner it melted and turned into	that could be sculpted.	False	n/a	n/a
1705.58203125	0.2	873258	255	filler_word	155	76	1	delong	expected	a	an	liquid	element	73	0	4.65	2.23	Orlando thought that glass was a solid but when he held it under the Bunsen burner it melted and turned into	that could be sculpted.	False	n/a	n/a
1706.11328125	0.2	873530	255	filler_word	155	76	1	delong	expected	a	an	liquid	element	73	0	4.65	2.23	Orlando thought that glass was a solid but when he held it under the Bunsen burner it melted and turned into	that could be sculpted.	False	n/a	n/a
1706.64453125	0.2	873802	255	filler_word	155	76	1	delong	expected	a	an	liquid	element	73	0	4.65	2.23	Orlando thought that glass was a solid but when he held it under the Bunsen burner it melted and turned into	that could be sculpted.	False	n/a	n/a
1707.17578125	0.2	874074	255	filler_word	155	76	1	delong	expected	a	an	liquid	element	73	0	4.65	2.23	Orlando thought that glass was a solid but when he held it under the Bunsen burner it melted and turned into	that could be sculpted.	False	n/a	n/a
1707.705078125	0.2	874345	255	filler_word	155	76	1	delong	expected	a	an	liquid	element	73	0	4.65	2.23	Orlando thought that glass was a solid but when he held it under the Bunsen burner it melted and turned into	that could be sculpted.	False	n/a	n/a
1708.236328125	0.2	874617	255	filler_word	155	76	1	delong	expected	a	an	liquid	element	73	0	4.65	2.23	Orlando thought that glass was a solid but when he held it under the Bunsen burner it melted and turned into	that could be sculpted.	False	n/a	n/a
1708.765625	0.2	874888	255	filler_word	155	76	1	delong	expected	a	an	liquid	element	73	0	4.65	2.23	Orlando thought that glass was a solid but when he held it under the Bunsen burner it melted and turned into	that could be sculpted.	False	n/a	n/a
1709.296875	0.2	875160	255	filler_word	155	76	1	delong	expected	a	an	liquid	element	73	0	4.65	2.23	Orlando thought that glass was a solid but when he held it under the Bunsen burner it melted and turned into	that could be sculpted.	False	n/a	n/a
1709.828125	0.2	875432	255	filler_word	155	76	1	delong	expected	a	an	liquid	element	73	0	4.65	2.23	Orlando thought that glass was a solid but when he held it under the Bunsen burner it melted and turned into	that could be sculpted.	False	n/a	n/a
1710.357421875	0.2	875703	255	filler_word	155	76	1	delong	expected	a	an	liquid	element	73	0	4.65	2.23	Orlando thought that glass was a solid but when he held it under the Bunsen burner it melted and turned into	that could be sculpted.	False	n/a	n/a
1710.888671875	0.2	875975	255	filler_word	155	76	1	delong	expected	a	an	liquid	element	73	0	4.65	2.23	Orlando thought that glass was a solid but when he held it under the Bunsen burner it melted and turned into	that could be sculpted.	False	n/a	n/a
1711.419921875	0.2	876247	201	a_expected	155	76	1	delong	expected	a	an	liquid	element	73	0	4.65	2.23	Orlando thought that glass was a solid but when he held it under the Bunsen burner it melted and turned into	that could be sculpted.	False	n/a	n/a
1711.734375	0.0	876408	168	item_marker	156	68	1	delong	expected	a	an	cat	owl	82	18	6.1	4.3	Every time they went for walks Sylvia's dog Rex would break into a run as soon as he spotted	but luckily Rex couldn't climb trees.	False	n/a	n/a
1711.791015625	0.0	876437	82	cloze_marker	156	68	1	delong	expected	a	an	cat	owl	82	18	6.1	4.3	Every time they went for walks Sylvia's dog Rex would break into a run as soon as he spotted	but luckily Rex couldn't climb trees.	False	n/a	n/a
1711.998046875	0.2	876543	205	noun_expected	156	68	1	delong	expected	a	an	cat	owl	82	18	6.1	4.3	Every time they went for walks Sylvia's dog Rex would break into a run as soon as he spotted	but luckily Rex couldn't climb trees.	False	n/a	n/a
1712.314453125	0.0	876705	168	item_marker	157	68	1	delong	expected	a	an	cat	owl	82	18	6.1	4.3	Every time they went for walks Sylvia's dog Rex would break into a run as soon as he spotted	but luckily Rex couldn't climb trees.	False	n/a	n/a
1712.37109375	0.0	876734	27	cloze_marker	157	68	1	delong	expected	a	an	cat	owl	82	18	6.1	4.3	Every time they went for walks Sylvia's dog Rex would break into a run as soon as he spotted	but luckily Rex couldn't climb trees.	False	n/a	n/a
1712.580078125	0.2	876841	255	filler_word	157	68	1	delong	expected	a	an	cat	owl	82	18	6.1	4.3	Every time they went for walks Sylvia's dog Rex would break into a run as soon as he spotted	but luckily Rex couldn't climb trees.	False	n/a	n/a
1713.109375	0.2	877112	255	filler_word	157	68	1	delong	expected	a	an	cat	owl	82	18	6.1	4.3	Every time they went for walks Sylvia's dog Rex would break into a run as soon as he spotted	but luckily Rex couldn't climb trees.	False	n/a	n/a
1713.640625	0.2	877384	255	filler_word	157	68	1	delong	expected	a	an	cat	owl	82	18	6.1	4.3	Every time they went for walks Sylvia's dog Rex would break into a run as soon as he spotted	but luckily Rex couldn't climb trees.	False	n/a	n/a
1714.169921875	0.2	877655	255	filler_word	157	68	1	delong	expected	a	an	cat	owl	82	18	6.1	4.3	Every time they went for walks Sylvia's dog Rex would break into a run as soon as he spotted	but luckily Rex couldn't climb trees.	False	n/a	n/a
1714.701171875	0.2	877927	255	filler_word	157	68	1	delong	expected	a	an	cat	owl	82	18	6.1	4.3	Every time they went for walks Sylvia's dog Rex would break into a run as soon as he spotted	but luckily Rex couldn't climb trees.	False	n/a	n/a
1715.232421875	0.2	878199	207	final_expected	157	68	1	delong	expected	a	an	cat	owl	82	18	6.1	4.3	Every time they went for walks Sylvia's dog Rex would break into a run as soon as he spotted	but luckily Rex couldn't climb trees.	False	n/a	n/a
1721.796875	0.2	881560	255	filler_word	157	68	1	delong	expected	a	an	cat	owl	82	18	6.1	4.3	Every time they went for walks Sylvia's dog Rex would break into a run as soon as he spotted	but luckily Rex couldn't climb trees.	False	n/a	n/a
1722.328125	0.2	881832	255	filler_word	157	68	1	delong	expected	a	an	cat	owl	82	18	6.1	4.3	Every time they went for walks Sylvia's dog Rex would break into a run as soon as he spotted	but luckily Rex couldn't climb trees.	False	n/a	n/a
1722.859375	0.2	882104	255	filler_word	157	68	1	delong	expected	a	an	cat	owl	82	18	6.1	4.3	Every time they went for walks Sylvia's dog Rex would break into a run as soon as he spotted	but luckily Rex couldn't climb trees.	False	n/a	n/a
1723.388671875	0.2	882375	255	filler_word	157	68	1	delong	expected	a	an	cat	owl	82	18	6.1	4.3	Every time they went for walks Sylvia's dog Rex would break into a run as soon as he spotted	but luckily Rex couldn't climb trees.	False	n/a	n/a
1723.919921875	0.2	882647	255	filler_word	157	68	1	delong	expected	a	an	cat	owl	82	18	6.1	4.3	Every time they went for walks Sylvia's dog Rex would break into a run as soon as he spotted	but luckily Rex couldn't climb trees.	False	n/a	n/a
1724.44921875	0.2	882918	255	filler_word	157	68	1	delong	expected	a	an	cat	owl	82	18	6.1	4.3	Every time they went for walks Sylvia's dog Rex would break into a run as soon as he spotted	but luckily Rex couldn't climb trees.	False	n/a	n/a
1724.98046875	0.2	883190	255	filler_word	157	68	1	delong	expected	a	an	cat	owl	82	18	6.1	4.3	Every time they went for walks Sylvia's dog Rex would break into a run as soon as he spotted	but luckily Rex couldn't climb trees.	False	n/a	n/a
1725.509765625	0.2	883461	255	filler_word	157	68	1	delong	expected	a	an	cat	owl	82	18	6.1	4.3	Every time they went for walks Sylvia's dog Rex would break into a run as soon as he spotted	but luckily Rex couldn't climb trees.	False	n/a	n/a
1726.041015625	0.2	883733	255	filler_word	157	68	1	delong	expected	a	an	cat	owl	82	18	6.1	4.3	Every time they went for walks Sylvia's dog Rex would break into a run as soon as he spotted	but luckily Rex couldn't climb trees.	False	n/a	n/a
1726.572265625	0.2	884005	255	filler_word	157	68	1	delong	expected	a	an	cat	owl	82	18	6.1	4.3	Every time they went for walks Sylvia's dog Rex would break into a run as soon as he spotted	but luckily Rex couldn't climb trees.	False	n/a	n/a
1727.103515625	0.2	884277	255	filler_word	157	68	1	delong	expected	a	an	cat	owl	82	18	6.1	4.3	Every time they went for walks Sylvia's dog Rex would break into a run as soon as he spotted	but luckily Rex couldn't climb trees.	False	n/a	n/a
1727.6328125	0.2	884548	255	filler_word	157	68	1	delong	expected	a	an	cat	owl	82	18	6.1	4.3	Every time they went for walks Sylvia's dog Rex would break into a run as soon as he spotted	but luckily Rex couldn't climb trees.	False	n/a	n/a
1728.1640625	0.2	884820	255	filler_word	157	68	1	delong	expected	a	an	cat	owl	82	18	6.1	4.3	Every time they went for walks Sylvia's dog Rex would break into a run as soon as he spotted	but luckily Rex couldn't climb trees.	False	n/a	n/a
1728.693359375	0.2	885091	204	an_unexpected	157	68	1	delong	expected	a	an	cat	owl	82	18	6.1	4.3	Every time they went for walks Sylvia's dog Rex would break into a run as soon as he spotted	but luckily Rex couldn't climb trees.	False	n/a	n/a
1729.009765625	0.0	885253	174	item_marker	158	74	1	delong	unexpected	a	an	flower	animal	80	0	6.27	2.58	While Natasha was strolling through the colourful gardens she reached down and picked	up off the ground.	True	Was Natasha in the gardens? 	yes
1729.064453125	0.0	885281	200	cloze_marker	158	74	1	delong	unexpected	a	an	flower	animal	80	0	6.27	2.58	While Natasha was strolling through the colourful gardens she reached down and picked	up off the ground.	True	Was Natasha in the gardens? 	yes
1729.275390625	0.2	885389	206	noun_unexpected	158	74	1	delong	unexpected	a	an	flower	animal	80	0	6.27	2.58	While Natasha was strolling through the colourful gardens she reached down and picked	up off the ground.	True	Was Natasha in the gardens? 	yes
1729.58984375	0.0	885550	174	item_marker	159	74	1	delong	unexpected	a	an	flower	animal	80	0	6.27	2.58	While Natasha was strolling through the colourful gardens she reached down and picked	up off the ground.	True	Was Natasha in the gardens? 	yes
1729.64453125	0.0	885578	200	cloze_marker	159	74	1	delong	unexpected	a	an	flower	animal	80	0	6.27	2.58	While Natasha was strolling through the colourful gardens she reached down and picked	up off the ground.	True	Was Natasha in the gardens? 	yes
1729.85546875	0.2	885686	255	filler_word	159	74	1	delong	unexpected	a	an	flower	animal	80	0	6.27	2.58	While Natasha was strolling through the colourful gardens she reached down and picked	up off the ground.	True	Was Natasha in the gardens? 	yes
1730.384765625	0.2	885957	255	filler_word	159	74	1	delong	unexpected	a	an	flower	animal	80	0	6.27	2.58	While Natasha was strolling through the colourful gardens she reached down and picked	up off the ground.	True	Was Natasha in the gardens? 	yes
1730.916015625	0.2	886229	255	filler_word	159	74	1	delong	unexpected	a	an	flower	animal	80	0	6.27	2.58	While Natasha was strolling through the colourful gardens she reached down and picked	up off the ground.	True	Was Natasha in the gardens? 	yes
1731.4453125	0.2	886500	208	final_unexpected	159	74	1	delong	unexpected	a	an	flower	animal	80	0	6.27	2.58	While Natasha was strolling through the colourful gardens she reached down and picked	up off the ground.	True	Was Natasha in the gardens? 	yes
1735.30859375	0.0	888478	251	question	159	74	1	delong	unexpected	a	an	flower	animal	80	0	6.27	2.58	While Natasha was strolling through the colourful gardens she reached down and picked	up off the ground.	True	Was Natasha in the gardens? 	yes
1884.306640625	0.2	964765	255	filler_word	159	74	1	delong	unexpected	a	an	flower	animal	80	0	6.27	2.58	While Natasha was strolling through the colourful gardens she reached down and picked	up off the ground.	True	Was Natasha in the gardens? 	yes
1884.837890625	0.2	965037	255	filler_word	159	74	1	delong	unexpected	a	an	flower	animal	80	0	6.27	2.58	While Natasha was strolling through the colourful gardens she reached down and picked	up off the ground.	True	Was Natasha in the gardens? 	yes
1885.369140625	0.2	965309	255	filler_word	159	74	1	delong	unexpected	a	an	flower	animal	80	0	6.27	2.58	While Natasha was strolling through the colourful gardens she reached down and picked	up off the ground.	True	Was Natasha in the gardens? 	yes
1885.8984375	0.2	965580	255	filler_word	159	74	1	delong	unexpected	a	an	flower	animal	80	0	6.27	2.58	While Natasha was strolling through the colourful gardens she reached down and picked	up off the ground.	True	Was Natasha in the gardens? 	yes
1886.4296875	0.2	965852	255	filler_word	159	74	1	delong	unexpected	a	an	flower	animal	80	0	6.27	2.58	While Natasha was strolling through the colourful gardens she reached down and picked	up off the ground.	True	Was Natasha in the gardens? 	yes
1886.9609375	0.2	966124	211	control_incorrect	159	74	1	delong	unexpected	a	an	flower	animal	80	0	6.27	2.58	While Natasha was strolling through the colourful gardens she reached down and picked	up off the ground.	True	Was Natasha in the gardens? 	yes
1887.275390625	0.0	966285	118	item_marker	160	18	1	delong	unexpected	a	an	parade	election	95	0	5.77	3.52	Without the floats and the marching bands it wasn't much of	this year.	False	n/a	n/a
1887.490234375	0.2	966395	255	filler_word	160	18	1	delong	unexpected	a	an	parade	election	95	0	5.77	3.52	Without the floats and the marching bands it wasn't much of	this year.	False	n/a	n/a
1888.021484375	0.2	966667	213	filler_word	160	18	1	delong	unexpected	a	an	parade	election	95	0	5.77	3.52	Without the floats and the marching bands it wasn't much of	this year.	False	n/a	n/a
1891.3046875	0.2	968348	255	filler_word	160	18	1	delong	unexpected	a	an	parade	election	95	0	5.77	3.52	Without the floats and the marching bands it wasn't much of	this year.	False	n/a	n/a
1891.833984375	0.2	968619	255	filler_word	160	18	1	delong	unexpected	a	an	parade	election	95	0	5.77	3.52	Without the floats and the marching bands it wasn't much of	this year.	False	n/a	n/a
1892.365234375	0.2	968891	255	filler_word	160	18	1	delong	unexpected	a	an	parade	election	95	0	5.77	3.52	Without the floats and the marching bands it wasn't much of	this year.	False	n/a	n/a
1892.89453125	0.2	969162	255	filler_word	160	18	1	delong	unexpected	a	an	parade	election	95	0	5.77	3.52	Without the floats and the marching bands it wasn't much of	this year.	False	n/a	n/a
1893.42578125	0.2	969434	255	filler_word	160	18	1	delong	unexpected	a	an	parade	election	95	0	5.77	3.52	Without the floats and the marching bands it wasn't much of	this year.	False	n/a	n/a
1893.95703125	0.2	969706	255	filler_word	160	18	1	delong	unexpected	a	an	parade	election	95	0	5.77	3.52	Without the floats and the marching bands it wasn't much of	this year.	False	n/a	n/a
1894.486328125	0.2	969977	255	filler_word	160	18	1	delong	unexpected	a	an	parade	election	95	0	5.77	3.52	Without the floats and the marching bands it wasn't much of	this year.	False	n/a	n/a
1895.017578125	0.2	970249	210	control_correct	160	18	1	delong	unexpected	a	an	parade	election	95	0	5.77	3.52	Without the floats and the marching bands it wasn't much of	this year.	False	n/a	n/a
1895.33203125	0.0	970410	135	item_marker	161	35	1	delong	expected	an	a	umbrella	newspaper	93	5	6.29	2.3	Because it frequently rains in London it's a good idea to always carry	with you.	False	n/a	n/a
1895.546875	0.2	970520	255	filler_word	161	35	1	delong	expected	an	a	umbrella	newspaper	93	5	6.29	2.3	Because it frequently rains in London it's a good idea to always carry	with you.	False	n/a	n/a
1896.078125	0.2	970792	212	filler_word	161	35	1	delong	expected	an	a	umbrella	newspaper	93	5	6.29	2.3	Because it frequently rains in London it's a good idea to always carry	with you.	False	n/a	n/a
1898.99609375	0.2	972286	255	filler_word	161	35	1	delong	expected	an	a	umbrella	newspaper	93	5	6.29	2.3	Because it frequently rains in London it's a good idea to always carry	with you.	False	n/a	n/a
1899.52734375	0.2	972558	255	filler_word	161	35	1	delong	expected	an	a	umbrella	newspaper	93	5	6.29	2.3	Because it frequently rains in London it's a good idea to always carry	with you.	False	n/a	n/a
1900.056640625	0.2	972829	255	filler_word	161	35	1	delong	expected	an	a	umbrella	newspaper	93	5	6.29	2.3	Because it frequently rains in London it's a good idea to always carry	with you.	False	n/a	n/a
1900.587890625	0.2	973101	255	filler_word	161	35	1	delong	expected	an	a	umbrella	newspaper	93	5	6.29	2.3	Because it frequently rains in London it's a good idea to always carry	with you.	False	n/a	n/a
1901.119140625	0.2	973373	210	control_correct	161	35	1	delong	expected	an	a	umbrella	newspaper	93	5	6.29	2.3	Because it frequently rains in London it's a good idea to always carry	with you.	False	n/a	n/a
1901.43359375	0.0	973534	123	item_marker	162	23	1	delong	expected	an	a	emergency	fire	70	0	6.17	5.32	When she was filling out the paperwork, Merrill had to write down the name of someone who could be contacted in case of	while she was at work.	False	n/a	n/a
1901.6484375	0.2	973644	255	filler_word	162	23	1	delong	expected	an	a	emergency	fire	70	0	6.17	5.32	When she was filling out the paperwork, Merrill had to write down the name of someone who could be contacted in case of	while she was at work.	False	n/a	n/a
1902.1796875	0.2	973916	255	filler_word	162	23	1	delong	expected	an	a	emergency	fire	70	0	6.17	5.32	When she was filling out the paperwork, Merrill had to write down the name of someone who could be contacted in case of	while she was at work.	False	n/a	n/a
1902.708984375	0.2	974187	255	filler_word	162	23	1	delong	expected	an	a	emergency	fire	70	0	6.17	5.32	When she was filling out the paperwork, Merrill had to write down the name of someone who could be contacted in case of	while she was at work.	False	n/a	n/a
1903.240234375	0.2	974459	255	filler_word	162	23	1	delong	expected	an	a	emergency	fire	70	0	6.17	5.32	When she was filling out the paperwork, Merrill had to write down the name of someone who could be contacted in case of	while she was at work.	False	n/a	n/a
1903.771484375	0.2	974731	212	filler_word	162	23	1	delong	expected	an	a	emergency	fire	70	0	6.17	5.32	When she was filling out the paperwork, Merrill had to write down the name of someone who could be contacted in case of	while she was at work.	False	n/a	n/a
1906.20703125	0.2	975978	255	filler_word	162	23	1	delong	expected	an	a	emergency	fire	70	0	6.17	5.32	When she was filling out the paperwork, Merrill had to write down the name of someone who could be contacted in case of	while she was at work.	False	n/a	n/a
1906.73828125	0.2	976250	255	filler_word	162	23	1	delong	expected	an	a	emergency	fire	70	0	6.17	5.32	When she was filling out the paperwork, Merrill had to write down the name of someone who could be contacted in case of	while she was at work.	False	n/a	n/a
1907.26953125	0.2	976522	255	filler_word	162	23	1	delong	expected	an	a	emergency	fire	70	0	6.17	5.32	When she was filling out the paperwork, Merrill had to write down the name of someone who could be contacted in case of	while she was at work.	False	n/a	n/a
1907.798828125	0.2	976793	210	control_correct	162	23	1	delong	expected	an	a	emergency	fire	70	0	6.17	5.32	When she was filling out the paperwork, Merrill had to write down the name of someone who could be contacted in case of	while she was at work.	False	n/a	n/a
1908.115234375	0.0	976955	127	item_marker	163	27	1	delong	expected	an	a	accident	race	70	27	5.45	2.3	No matter how safely you drive your car chances are someday you'll be involved in	with another vehicle.	False	n/a	n/a
1908.330078125	0.2	977065	255	filler_word	163	27	1	delong	expected	an	a	accident	race	70	27	5.45	2.3	No matter how safely you drive your car chances are someday you'll be involved in	with another vehicle.	False	n/a	n/a
1908.859375	0.2	977336	255	filler_word	163	27	1	delong	expected	an	a	accident	race	70	27	5.45	2.3	No matter how safely you drive your car chances are someday you'll be involved in	with another vehicle.	False	n/a	n/a
1909.390625	0.2	977608	212	filler_word	163	27	1	delong	expected	an	a	accident	race	70	27	5.45	2.3	No matter how safely you drive your car chances are someday you'll be involved in	with another vehicle.	False	n/a	n/a
1911.6953125	0.2	978788	255	filler_word	163	27	1	delong	expected	an	a	accident	race	70	27	5.45	2.3	No matter how safely you drive your car chances are someday you'll be involved in	with another vehicle.	False	n/a	n/a
1912.2265625	0.2	979060	255	filler_word	163	27	1	delong	expected	an	a	accident	race	70	27	5.45	2.3	No matter how safely you drive your car chances are someday you'll be involved in	with another vehicle.	False	n/a	n/a
1912.755859375	0.2	979331	255	filler_word	163	27	1	delong	expected	an	a	accident	race	70	27	5.45	2.3	No matter how safely you drive your car chances are someday you'll be involved in	with another vehicle.	False	n/a	n/a
1913.287109375	0.2	979603	211	control_incorrect	163	27	1	delong	expected	an	a	accident	race	70	27	5.45	2.3	No matter how safely you drive your car chances are someday you'll be involved in	with another vehicle.	False	n/a	n/a
1913.603515625	0.0	979765	101	item_marker	164	1	1	delong	unexpected	an	a	apple	carrot	82	0	4.87	2.23	The old wives' tale says that if you want to keep the doctor away then you should eat	a day.	False	n/a	n/a
1913.81640625	0.2	979874	255	filler_word	164	1	1	delong	unexpected	an	a	apple	carrot	82	0	4.87	2.23	The old wives' tale says that if you want to keep the doctor away then you should eat	a day.	False	n/a	n/a
1914.34765625	0.2	980146	255	filler_word	164	1	1	delong	unexpected	an	a	apple	carrot	82	0	4.87	2.23	The old wives' tale says that if you want to keep the doctor away then you should eat	a day.	False	n/a	n/a
1914.87890625	0.2	980418	213	filler_word	164	1	1	delong	unexpected	an	a	apple	carrot	82	0	4.87	2.23	The old wives' tale says that if you want to keep the doctor away then you should eat	a day.	False	n/a	n/a
1917.498046875	0.2	981759	255	filler_word	164	1	1	delong	unexpected	an	a	apple	carrot	82	0	4.87	2.23	The old wives' tale says that if you want to keep the doctor away then you should eat	a day.	False	n/a	n/a
1918.02734375	0.2	982030	255	filler_word	164	1	1	delong	unexpected	an	a	apple	carrot	82	0	4.87	2.23	The old wives' tale says that if you want to keep the doctor away then you should eat	a day.	False	n/a	n/a
1918.55859375	0.2	982302	255	filler_word	164	1	1	delong	unexpected	an	a	apple	carrot	82	0	4.87	2.23	The old wives' tale says that if you want to keep the doctor away then you should eat	a day.	False	n/a	n/a
1919.08984375	0.2	982574	255	filler_word	164	1	1	delong	unexpected	an	a	apple	carrot	82	0	4.87	2.23	The old wives' tale says that if you want to keep the doctor away then you should eat	a day.	False	n/a	n/a
1919.62109375	0.2	982846	255	filler_word	164	1	1	delong	unexpected	an	a	apple	carrot	82	0	4.87	2.23	The old wives' tale says that if you want to keep the doctor away then you should eat	a day.	False	n/a	n/a
1920.150390625	0.2	983117	211	control_incorrect	164	1	1	delong	unexpected	an	a	apple	carrot	82	0	4.87	2.23	The old wives' tale says that if you want to keep the doctor away then you should eat	a day.	False	n/a	n/a
1920.466796875	0.0	983279	137	item_marker	165	37	1	delong	unexpected	an	a	architect	plumber	82	11	5.87	3.39	Frank wanted to design a very modern house so he sought advice from	to select the fixtures.	False	n/a	n/a
1920.681640625	0.2	983389	255	filler_word	165	37	1	delong	unexpected	an	a	architect	plumber	82	11	5.87	3.39	Frank wanted to design a very modern house so he sought advice from	to select the fixtures.	False	n/a	n/a
1921.212890625	0.2	983661	255	filler_word	165	37	1	delong	unexpected	an	a	architect	plumber	82	11	5.87	3.39	Frank wanted to design a very modern house so he sought advice from	to select the fixtures.	False	n/a	n/a
1921.7421875	0.2	983932	255	filler_word	165	37	1	delong	unexpected	an	a	architect	plumber	82	11	5.87	3.39	Frank wanted to design a very modern house so he sought advice from	to select the fixtures.	False	n/a	n/a
1922.2734375	0.2	984204	213	filler_word	165	37	1	delong	unexpected	an	a	architect	plumber	82	11	5.87	3.39	Frank wanted to design a very modern house so he sought advice from	to select the fixtures.	False	n/a	n/a
1924.626953125	0.2	985409	255	filler_word	165	37	1	delong	unexpected	an	a	architect	plumber	82	11	5.87	3.39	Frank wanted to design a very modern house so he sought advice from	to select the fixtures.	False	n/a	n/a
1925.15625	0.2	985680	255	filler_word	165	37	1	delong	unexpected	an	a	architect	plumber	82	11	5.87	3.39	Frank wanted to design a very modern house so he sought advice from	to select the fixtures.	False	n/a	n/a
1925.6875	0.2	985952	255	filler_word	165	37	1	delong	unexpected	an	a	architect	plumber	82	11	5.87	3.39	Frank wanted to design a very modern house so he sought advice from	to select the fixtures.	False	n/a	n/a
1926.21875	0.2	986224	210	control_correct	165	37	1	delong	unexpected	an	a	architect	plumber	82	11	5.87	3.39	Frank wanted to design a very modern house so he sought advice from	to select the fixtures.	False	n/a	n/a
1926.53515625	0.0	986386	108	item_marker	166	8	1	delong	expected	a	an	kite	aeroplane	61	0	6.06	2.93	The day was breezy so the boy went outside to fly	in the park.	True	Was the day breezy?	yes
1926.75	0.2	986496	255	filler_word	166	8	1	delong	expected	a	an	kite	aeroplane	61	0	6.06	2.93	The day was breezy so the boy went outside to fly	in the park.	True	Was the day breezy?	yes
1927.279296875	0.2	986767	255	filler_word	166	8	1	delong	expected	a	an	kite	aeroplane	61	0	6.06	2.93	The day was breezy so the boy went outside to fly	in the park.	True	Was the day breezy?	yes
1927.810546875	0.2	987039	212	filler_word	166	8	1	delong	expected	a	an	kite	aeroplane	61	0	6.06	2.93	The day was breezy so the boy went outside to fly	in the park.	True	Was the day breezy?	yes
1930.181640625	0.2	988253	255	filler_word	166	8	1	delong	expected	a	an	kite	aeroplane	61	0	6.06	2.93	The day was breezy so the boy went outside to fly	in the park.	True	Was the day breezy?	yes
1930.7109375	0.2	988524	255	filler_word	166	8	1	delong	expected	a	an	kite	aeroplane	61	0	6.06	2.93	The day was breezy so the boy went outside to fly	in the park.	True	Was the day breezy?	yes
1931.2421875	0.2	988796	255	filler_word	166	8	1	delong	expected	a	an	kite	aeroplane	61	0	6.06	2.93	The day was breezy so the boy went outside to fly	in the park.	True	Was the day breezy?	yes
1931.771484375	0.2	989067	255	filler_word	166	8	1	delong	expected	a	an	kite	aeroplane	61	0	6.06	2.93	The day was breezy so the boy went outside to fly	in the park.	True	Was the day breezy?	yes
1932.302734375	0.2	989339	211	control_incorrect	166	8	1	delong	expected	a	an	kite	aeroplane	61	0	6.06	2.93	The day was breezy so the boy went outside to fly	in the park.	True	Was the day breezy?	yes
1932.619140625	0.0	989501	102	item_marker	167	2	1	delong	unexpected	a	an	carrot	apple	98	0	6.35	2.83	For the snowman's eyes the children used two pieces of coal, and for its nose they used	from the fridge.	True	Did they build a snowman?	yes
1932.833984375	0.2	989611	255	filler_word	167	2	1	delong	unexpected	a	an	carrot	apple	98	0	6.35	2.83	For the snowman's eyes the children used two pieces of coal, and for its nose they used	from the fridge.	True	Did they build a snowman?	yes
1933.36328125	0.2	989882	255	filler_word	167	2	1	delong	unexpected	a	an	carrot	apple	98	0	6.35	2.83	For the snowman's eyes the children used two pieces of coal, and for its nose they used	from the fridge.	True	Did they build a snowman?	yes
1933.89453125	0.2	990154	213	filler_word	167	2	1	delong	unexpected	a	an	carrot	apple	98	0	6.35	2.83	For the snowman's eyes the children used two pieces of coal, and for its nose they used	from the fridge.	True	Did they build a snowman?	yes
1936.150390625	0.2	991309	255	filler_word	167	2	1	delong	unexpected	a	an	carrot	apple	98	0	6.35	2.83	For the snowman's eyes the children used two pieces of coal, and for its nose they used	from the fridge.	True	Did they build a snowman?	yes
1936.6796875	0.2	991580	255	filler_word	167	2	1	delong	unexpected	a	an	carrot	apple	98	0	6.35	2.83	For the snowman's eyes the children used two pieces of coal, and for its nose they used	from the fridge.	True	Did they build a snowman?	yes
1937.2109375	0.2	991852	255	filler_word	167	2	1	delong	unexpected	a	an	carrot	apple	98	0	6.35	2.83	For the snowman's eyes the children used two pieces of coal, and for its nose they used	from the fridge.	True	Did they build a snowman?	yes
1937.740234375	0.2	992123	211	control_incorrect	167	2	1	delong	unexpected	a	an	carrot	apple	98	0	6.35	2.83	For the snowman's eyes the children used two pieces of coal, and for its nose they used	from the fridge.	True	Did they build a snowman?	yes
1938.056640625	0.0	992285	138	item_marker	168	38	1	delong	unexpected	a	an	plumber	architect	93	0	6.1	2.1	When the pipe broke in the bathroom Felicia looked through the phonebook to find	who could come and take a look at the job.	False	n/a	n/a
1938.271484375	0.2	992395	255	filler_word	168	38	1	delong	unexpected	a	an	plumber	architect	93	0	6.1	2.1	When the pipe broke in the bathroom Felicia looked through the phonebook to find	who could come and take a look at the job.	False	n/a	n/a
1938.802734375	0.2	992667	255	filler_word	168	38	1	delong	unexpected	a	an	plumber	architect	93	0	6.1	2.1	When the pipe broke in the bathroom Felicia looked through the phonebook to find	who could come and take a look at the job.	False	n/a	n/a
1939.33203125	0.2	992938	255	filler_word	168	38	1	delong	unexpected	a	an	plumber	architect	93	0	6.1	2.1	When the pipe broke in the bathroom Felicia looked through the phonebook to find	who could come and take a look at the job.	False	n/a	n/a
1939.86328125	0.2	993210	213	filler_word	168	38	1	delong	unexpected	a	an	plumber	architect	93	0	6.1	2.1	When the pipe broke in the bathroom Felicia looked through the phonebook to find	who could come and take a look at the job.	False	n/a	n/a
1942.134765625	0.2	994373	255	filler_word	168	38	1	delong	unexpected	a	an	plumber	architect	93	0	6.1	2.1	When the pipe broke in the bathroom Felicia looked through the phonebook to find	who could come and take a look at the job.	False	n/a	n/a
1942.6640625	0.2	994644	255	filler_word	168	38	1	delong	unexpected	a	an	plumber	architect	93	0	6.1	2.1	When the pipe broke in the bathroom Felicia looked through the phonebook to find	who could come and take a look at the job.	False	n/a	n/a
1943.1953125	0.2	994916	255	filler_word	168	38	1	delong	unexpected	a	an	plumber	architect	93	0	6.1	2.1	When the pipe broke in the bathroom Felicia looked through the phonebook to find	who could come and take a look at the job.	False	n/a	n/a
1943.7265625	0.2	995188	211	control_incorrect	168	38	1	delong	unexpected	a	an	plumber	architect	93	0	6.1	2.1	When the pipe broke in the bathroom Felicia looked through the phonebook to find	who could come and take a look at the job.	False	n/a	n/a
1944.041015625	0.0	995349	117	item_marker	169	17	1	delong	unexpected	an	a	election	parade	70	20	5.63	4.58	When the representative retired in the middle of his term, the state was forced to hold	in his district.	False	n/a	n/a
1944.255859375	0.2	995459	255	filler_word	169	17	1	delong	unexpected	an	a	election	parade	70	20	5.63	4.58	When the representative retired in the middle of his term, the state was forced to hold	in his district.	False	n/a	n/a
1944.787109375	0.2	995731	255	filler_word	169	17	1	delong	unexpected	an	a	election	parade	70	20	5.63	4.58	When the representative retired in the middle of his term, the state was forced to hold	in his district.	False	n/a	n/a
1945.31640625	0.2	996002	213	filler_word	169	17	1	delong	unexpected	an	a	election	parade	70	20	5.63	4.58	When the representative retired in the middle of his term, the state was forced to hold	in his district.	False	n/a	n/a
1947.73828125	0.2	997242	255	filler_word	169	17	1	delong	unexpected	an	a	election	parade	70	20	5.63	4.58	When the representative retired in the middle of his term, the state was forced to hold	in his district.	False	n/a	n/a
1948.267578125	0.2	997513	255	filler_word	169	17	1	delong	unexpected	an	a	election	parade	70	20	5.63	4.58	When the representative retired in the middle of his term, the state was forced to hold	in his district.	False	n/a	n/a
1948.798828125	0.2	997785	255	filler_word	169	17	1	delong	unexpected	an	a	election	parade	70	20	5.63	4.58	When the representative retired in the middle of his term, the state was forced to hold	in his district.	False	n/a	n/a
1949.328125	0.2	998056	255	filler_word	169	17	1	delong	unexpected	an	a	election	parade	70	20	5.63	4.58	When the representative retired in the middle of his term, the state was forced to hold	in his district.	False	n/a	n/a
1949.859375	0.2	998328	210	control_correct	169	17	1	delong	unexpected	an	a	election	parade	70	20	5.63	4.58	When the representative retired in the middle of his term, the state was forced to hold	in his district.	False	n/a	n/a
1950.17578125	0.0	998490	124	item_marker	170	24	1	delong	expected	a	an	fire	emergency	75	0	5.6	6.06	Harris saw smoke billowing out of his neighbours' home and immediately got on the phone to report	at their address.	True	Did Harris see smoke?	yes
1950.390625	0.2	998600	255	filler_word	170	24	1	delong	expected	a	an	fire	emergency	75	0	5.6	6.06	Harris saw smoke billowing out of his neighbours' home and immediately got on the phone to report	at their address.	True	Did Harris see smoke?	yes
1950.919921875	0.2	998871	255	filler_word	170	24	1	delong	expected	a	an	fire	emergency	75	0	5.6	6.06	Harris saw smoke billowing out of his neighbours' home and immediately got on the phone to report	at their address.	True	Did Harris see smoke?	yes
1951.451171875	0.2	999143	212	filler_word	170	24	1	delong	expected	a	an	fire	emergency	75	0	5.6	6.06	Harris saw smoke billowing out of his neighbours' home and immediately got on the phone to report	at their address.	True	Did Harris see smoke?	yes
1953.921875	0.2	1000408	255	filler_word	170	24	1	delong	expected	a	an	fire	emergency	75	0	5.6	6.06	Harris saw smoke billowing out of his neighbours' home and immediately got on the phone to report	at their address.	True	Did Harris see smoke?	yes
1954.451171875	0.2	1000679	255	filler_word	170	24	1	delong	expected	a	an	fire	emergency	75	0	5.6	6.06	Harris saw smoke billowing out of his neighbours' home and immediately got on the phone to report	at their address.	True	Did Harris see smoke?	yes
1954.982421875	0.2	1000951	255	filler_word	170	24	1	delong	expected	a	an	fire	emergency	75	0	5.6	6.06	Harris saw smoke billowing out of his neighbours' home and immediately got on the phone to report	at their address.	True	Did Harris see smoke?	yes
1955.513671875	0.2	1001223	255	filler_word	170	24	1	delong	expected	a	an	fire	emergency	75	0	5.6	6.06	Harris saw smoke billowing out of his neighbours' home and immediately got on the phone to report	at their address.	True	Did Harris see smoke?	yes
1956.044921875	0.2	1001495	211	control_incorrect	170	24	1	delong	expected	a	an	fire	emergency	75	0	5.6	6.06	Harris saw smoke billowing out of his neighbours' home and immediately got on the phone to report	at their address.	True	Did Harris see smoke?	yes
1956.359375	0.0	1001656	105	item_marker	171	5	1	delong	unexpected	an	a	apology	cheque	89	0	6.23	3.77	Dale was very sorry for what he had said to Bernadette and he knew that he owed her	because she was still upset.	True	Was Dale sorry?	yes
1956.57421875	0.2	1001766	255	filler_word	171	5	1	delong	unexpected	an	a	apology	cheque	89	0	6.23	3.77	Dale was very sorry for what he had said to Bernadette and he knew that he owed her	because she was still upset.	True	Was Dale sorry?	yes
1957.10546875	0.2	1002038	255	filler_word	171	5	1	delong	unexpected	an	a	apology	cheque	89	0	6.23	3.77	Dale was very sorry for what he had said to Bernadette and he knew that he owed her	because she was still upset.	True	Was Dale sorry?	yes
1957.634765625	0.2	1002309	213	filler_word	171	5	1	delong	unexpected	an	a	apology	cheque	89	0	6.23	3.77	Dale was very sorry for what he had said to Bernadette and he knew that he owed her	because she was still upset.	True	Was Dale sorry?	yes
1959.525390625	0.2	1003277	255	filler_word	171	5	1	delong	unexpected	an	a	apology	cheque	89	0	6.23	3.77	Dale was very sorry for what he had said to Bernadette and he knew that he owed her	because she was still upset.	True	Was Dale sorry?	yes
1960.056640625	0.2	1003549	255	filler_word	171	5	1	delong	unexpected	an	a	apology	cheque	89	0	6.23	3.77	Dale was very sorry for what he had said to Bernadette and he knew that he owed her	because she was still upset.	True	Was Dale sorry?	yes
1960.5859375	0.2	1003820	255	filler_word	171	5	1	delong	unexpected	an	a	apology	cheque	89	0	6.23	3.77	Dale was very sorry for what he had said to Bernadette and he knew that he owed her	because she was still upset.	True	Was Dale sorry?	yes
1961.1171875	0.2	1004092	255	filler_word	171	5	1	delong	unexpected	an	a	apology	cheque	89	0	6.23	3.77	Dale was very sorry for what he had said to Bernadette and he knew that he owed her	because she was still upset.	True	Was Dale sorry?	yes
1961.6484375	0.2	1004364	211	control_incorrect	171	5	1	delong	unexpected	an	a	apology	cheque	89	0	6.23	3.77	Dale was very sorry for what he had said to Bernadette and he knew that he owed her	because she was still upset.	True	Was Dale sorry?	yes
1961.962890625	0.0	1004525	110	item_marker	172	10	1	delong	unexpected	a	an	bird	echo	25	0	6.39	3.87	The tweeting in the treetops sounded like	to Melissa.	False	n/a	n/a
1962.177734375	0.2	1004635	255	filler_word	172	10	1	delong	unexpected	a	an	bird	echo	25	0	6.39	3.87	The tweeting in the treetops sounded like	to Melissa.	False	n/a	n/a
1962.708984375	0.2	1004907	255	filler_word	172	10	1	delong	unexpected	a	an	bird	echo	25	0	6.39	3.87	The tweeting in the treetops sounded like	to Melissa.	False	n/a	n/a
1963.23828125	0.2	1005178	213	filler_word	172	10	1	delong	unexpected	a	an	bird	echo	25	0	6.39	3.87	The tweeting in the treetops sounded like	to Melissa.	False	n/a	n/a
1965.376953125	0.2	1006273	255	filler_word	172	10	1	delong	unexpected	a	an	bird	echo	25	0	6.39	3.87	The tweeting in the treetops sounded like	to Melissa.	False	n/a	n/a
1965.908203125	0.2	1006545	255	filler_word	172	10	1	delong	unexpected	a	an	bird	echo	25	0	6.39	3.87	The tweeting in the treetops sounded like	to Melissa.	False	n/a	n/a
1966.439453125	0.2	1006817	255	filler_word	172	10	1	delong	unexpected	a	an	bird	echo	25	0	6.39	3.87	The tweeting in the treetops sounded like	to Melissa.	False	n/a	n/a
1966.96875	0.2	1007088	211	control_incorrect	172	10	1	delong	unexpected	a	an	bird	echo	25	0	6.39	3.87	The tweeting in the treetops sounded like	to Melissa.	False	n/a	n/a
1967.28515625	0.0	1007250	133	item_marker	173	33	1	delong	unexpected	an	a	elephant	bicycle	73	11	6.43	4.48	The highlight of Jack's trip to India was when he got to ride	in the parade.	False	n/a	n/a
1967.5	0.2	1007360	255	filler_word	173	33	1	delong	unexpected	an	a	elephant	bicycle	73	11	6.43	4.48	The highlight of Jack's trip to India was when he got to ride	in the parade.	False	n/a	n/a
1968.029296875	0.2	1007631	255	filler_word	173	33	1	delong	unexpected	an	a	elephant	bicycle	73	11	6.43	4.48	The highlight of Jack's trip to India was when he got to ride	in the parade.	False	n/a	n/a
1968.560546875	0.2	1007903	213	filler_word	173	33	1	delong	unexpected	an	a	elephant	bicycle	73	11	6.43	4.48	The highlight of Jack's trip to India was when he got to ride	in the parade.	False	n/a	n/a
1972.208984375	0.2	1009771	255	filler_word	173	33	1	delong	unexpected	an	a	elephant	bicycle	73	11	6.43	4.48	The highlight of Jack's trip to India was when he got to ride	in the parade.	False	n/a	n/a
1972.73828125	0.2	1010042	255	filler_word	173	33	1	delong	unexpected	an	a	elephant	bicycle	73	11	6.43	4.48	The highlight of Jack's trip to India was when he got to ride	in the parade.	False	n/a	n/a
1973.26953125	0.2	1010314	255	filler_word	173	33	1	delong	unexpected	an	a	elephant	bicycle	73	11	6.43	4.48	The highlight of Jack's trip to India was when he got to ride	in the parade.	False	n/a	n/a
1973.798828125	0.2	1010585	255	filler_word	173	33	1	delong	unexpected	an	a	elephant	bicycle	73	11	6.43	4.48	The highlight of Jack's trip to India was when he got to ride	in the parade.	False	n/a	n/a
1974.330078125	0.2	1010857	211	control_incorrect	173	33	1	delong	unexpected	an	a	elephant	bicycle	73	11	6.43	4.48	The highlight of Jack's trip to India was when he got to ride	in the parade.	False	n/a	n/a
1974.646484375	0.0	1011019	106	item_marker	174	6	1	delong	unexpected	a	an	cheque	apology	93	0	4.53	2.32	The bakery did not accept credit cards so Peter would have to write	to the owner.	False	n/a	n/a
1974.861328125	0.2	1011129	255	filler_word	174	6	1	delong	unexpected	a	an	cheque	apology	93	0	4.53	2.32	The bakery did not accept credit cards so Peter would have to write	to the owner.	False	n/a	n/a
1975.390625	0.2	1011400	255	filler_word	174	6	1	delong	unexpected	a	an	cheque	apology	93	0	4.53	2.32	The bakery did not accept credit cards so Peter would have to write	to the owner.	False	n/a	n/a
1975.921875	0.2	1011672	213	filler_word	174	6	1	delong	unexpected	a	an	cheque	apology	93	0	4.53	2.32	The bakery did not accept credit cards so Peter would have to write	to the owner.	False	n/a	n/a
1977.9765625	0.2	1012724	255	filler_word	174	6	1	delong	unexpected	a	an	cheque	apology	93	0	4.53	2.32	The bakery did not accept credit cards so Peter would have to write	to the owner.	False	n/a	n/a
1978.5078125	0.2	1012996	255	filler_word	174	6	1	delong	unexpected	a	an	cheque	apology	93	0	4.53	2.32	The bakery did not accept credit cards so Peter would have to write	to the owner.	False	n/a	n/a
1979.0390625	0.2	1013268	255	filler_word	174	6	1	delong	unexpected	a	an	cheque	apology	93	0	4.53	2.32	The bakery did not accept credit cards so Peter would have to write	to the owner.	False	n/a	n/a
1979.568359375	0.2	1013539	255	filler_word	174	6	1	delong	unexpected	a	an	cheque	apology	93	0	4.53	2.32	The bakery did not accept credit cards so Peter would have to write	to the owner.	False	n/a	n/a
1980.099609375	0.2	1013811	255	filler_word	174	6	1	delong	unexpected	a	an	cheque	apology	93	0	4.53	2.32	The bakery did not accept credit cards so Peter would have to write	to the owner.	False	n/a	n/a
1980.62890625	0.2	1014082	210	control_correct	174	6	1	delong	unexpected	a	an	cheque	apology	93	0	4.53	2.32	The bakery did not accept credit cards so Peter would have to write	to the owner.	False	n/a	n/a
1980.9453125	0.0	1014244	128	item_marker	175	28	1	delong	expected	a	an	race	accident	61	36	5.42	3.2	When we saw the finish line and the pylons sectioning off part of the road we knew that there must have been	earlier that day.	False	n/a	n/a
1981.16015625	0.2	1014354	212	filler_word	175	28	1	delong	expected	a	an	race	accident	61	36	5.42	3.2	When we saw the finish line and the pylons sectioning off part of the road we knew that there must have been	earlier that day.	False	n/a	n/a
1983.61328125	0.2	1015610	255	filler_word	175	28	1	delong	expected	a	an	race	accident	61	36	5.42	3.2	When we saw the finish line and the pylons sectioning off part of the road we knew that there must have been	earlier that day.	False	n/a	n/a
1984.14453125	0.2	1015882	255	filler_word	175	28	1	delong	expected	a	an	race	accident	61	36	5.42	3.2	When we saw the finish line and the pylons sectioning off part of the road we knew that there must have been	earlier that day.	False	n/a	n/a
1984.67578125	0.2	1016154	255	filler_word	175	28	1	delong	expected	a	an	race	accident	61	36	5.42	3.2	When we saw the finish line and the pylons sectioning off part of the road we knew that there must have been	earlier that day.	False	n/a	n/a
1985.205078125	0.2	1016425	255	filler_word	175	28	1	delong	expected	a	an	race	accident	61	36	5.42	3.2	When we saw the finish line and the pylons sectioning off part of the road we knew that there must have been	earlier that day.	False	n/a	n/a
1985.736328125	0.2	1016697	211	control_incorrect	175	28	1	delong	expected	a	an	race	accident	61	36	5.42	3.2	When we saw the finish line and the pylons sectioning off part of the road we knew that there must have been	earlier that day.	False	n/a	n/a
1986.052734375	0.0	1016859	125	item_marker	176	25	1	delong	unexpected	an	a	iron	hanger	59	2	6.27	4.48	Charlie's wife told him that she was tired of pressing his shirts and that he would have to learn how to use	one of these days.	False	n/a	n/a
1986.265625	0.2	1016968	255	filler_word	176	25	1	delong	unexpected	an	a	iron	hanger	59	2	6.27	4.48	Charlie's wife told him that she was tired of pressing his shirts and that he would have to learn how to use	one of these days.	False	n/a	n/a
1986.796875	0.2	1017240	255	filler_word	176	25	1	delong	unexpected	an	a	iron	hanger	59	2	6.27	4.48	Charlie's wife told him that she was tired of pressing his shirts and that he would have to learn how to use	one of these days.	False	n/a	n/a
1987.328125	0.2	1017512	213	filler_word	176	25	1	delong	unexpected	an	a	iron	hanger	59	2	6.27	4.48	Charlie's wife told him that she was tired of pressing his shirts and that he would have to learn how to use	one of these days.	False	n/a	n/a
1990.759765625	0.2	1019269	255	filler_word	176	25	1	delong	unexpected	an	a	iron	hanger	59	2	6.27	4.48	Charlie's wife told him that she was tired of pressing his shirts and that he would have to learn how to use	one of these days.	False	n/a	n/a
1991.291015625	0.2	1019541	255	filler_word	176	25	1	delong	unexpected	an	a	iron	hanger	59	2	6.27	4.48	Charlie's wife told him that she was tired of pressing his shirts and that he would have to learn how to use	one of these days.	False	n/a	n/a
1991.8203125	0.2	1019812	255	filler_word	176	25	1	delong	unexpected	an	a	iron	hanger	59	2	6.27	4.48	Charlie's wife told him that she was tired of pressing his shirts and that he would have to learn how to use	one of these days.	False	n/a	n/a
1992.3515625	0.2	1020084	210	control_correct	176	25	1	delong	unexpected	an	a	iron	hanger	59	2	6.27	4.48	Charlie's wife told him that she was tired of pressing his shirts and that he would have to learn how to use	one of these days.	False	n/a	n/a
1992.666015625	0.0	1020245	119	item_marker	177	19	1	delong	expected	an	a	affair	fight	98	2	6.52	2.07	When her husband started staying late at the office every night, Joanne began to suspect that he was having	with someone at work.	False	n/a	n/a
1992.880859375	0.2	1020355	255	filler_word	177	19	1	delong	expected	an	a	affair	fight	98	2	6.52	2.07	When her husband started staying late at the office every night, Joanne began to suspect that he was having	with someone at work.	False	n/a	n/a
1993.412109375	0.2	1020627	255	filler_word	177	19	1	delong	expected	an	a	affair	fight	98	2	6.52	2.07	When her husband started staying late at the office every night, Joanne began to suspect that he was having	with someone at work.	False	n/a	n/a
1993.943359375	0.2	1020899	212	filler_word	177	19	1	delong	expected	an	a	affair	fight	98	2	6.52	2.07	When her husband started staying late at the office every night, Joanne began to suspect that he was having	with someone at work.	False	n/a	n/a
1996.330078125	0.2	1022121	255	filler_word	177	19	1	delong	expected	an	a	affair	fight	98	2	6.52	2.07	When her husband started staying late at the office every night, Joanne began to suspect that he was having	with someone at work.	False	n/a	n/a
1996.861328125	0.2	1022393	255	filler_word	177	19	1	delong	expected	an	a	affair	fight	98	2	6.52	2.07	When her husband started staying late at the office every night, Joanne began to suspect that he was having	with someone at work.	False	n/a	n/a
1997.390625	0.2	1022664	255	filler_word	177	19	1	delong	expected	an	a	affair	fight	98	2	6.52	2.07	When her husband started staying late at the office every night, Joanne began to suspect that he was having	with someone at work.	False	n/a	n/a
1997.921875	0.2	1022936	211	control_incorrect	177	19	1	delong	expected	an	a	affair	fight	98	2	6.52	2.07	When her husband started staying late at the office every night, Joanne began to suspect that he was having	with someone at work.	False	n/a	n/a
1998.23828125	0.0	1023098	126	item_marker	178	26	1	delong	unexpected	a	an	hanger	iron	84	0	5.73	2.1	I wanted to put my coat in the closet but I could not find	anywhere.	False	n/a	n/a
1998.453125	0.2	1023208	255	filler_word	178	26	1	delong	unexpected	a	an	hanger	iron	84	0	5.73	2.1	I wanted to put my coat in the closet but I could not find	anywhere.	False	n/a	n/a
1998.982421875	0.2	1023479	255	filler_word	178	26	1	delong	unexpected	a	an	hanger	iron	84	0	5.73	2.1	I wanted to put my coat in the closet but I could not find	anywhere.	False	n/a	n/a
1999.513671875	0.2	1023751	213	filler_word	178	26	1	delong	unexpected	a	an	hanger	iron	84	0	5.73	2.1	I wanted to put my coat in the closet but I could not find	anywhere.	False	n/a	n/a
2001.634765625	0.2	1024837	255	filler_word	178	26	1	delong	unexpected	a	an	hanger	iron	84	0	5.73	2.1	I wanted to put my coat in the closet but I could not find	anywhere.	False	n/a	n/a
2002.166015625	0.2	1025109	255	filler_word	178	26	1	delong	unexpected	a	an	hanger	iron	84	0	5.73	2.1	I wanted to put my coat in the closet but I could not find	anywhere.	False	n/a	n/a
2002.697265625	0.2	1025381	255	filler_word	178	26	1	delong	unexpected	a	an	hanger	iron	84	0	5.73	2.1	I wanted to put my coat in the closet but I could not find	anywhere.	False	n/a	n/a
2003.2265625	0.2	1025652	255	filler_word	178	26	1	delong	unexpected	a	an	hanger	iron	84	0	5.73	2.1	I wanted to put my coat in the closet but I could not find	anywhere.	False	n/a	n/a
2003.7578125	0.2	1025924	255	filler_word	178	26	1	delong	unexpected	a	an	hanger	iron	84	0	5.73	2.1	I wanted to put my coat in the closet but I could not find	anywhere.	False	n/a	n/a
2004.2890625	0.2	1026196	210	control_correct	178	26	1	delong	unexpected	a	an	hanger	iron	84	0	5.73	2.1	I wanted to put my coat in the closet but I could not find	anywhere.	False	n/a	n/a
2004.603515625	0.0	1026357	116	item_marker	179	16	1	delong	expected	a	an	book	education	75	2	6.48	2.27	James is an avid reader, so for his birthday his sister decided to give him	about Africa.	False	n/a	n/a
2004.818359375	0.2	1026467	255	filler_word	179	16	1	delong	expected	a	an	book	education	75	2	6.48	2.27	James is an avid reader, so for his birthday his sister decided to give him	about Africa.	False	n/a	n/a
2005.349609375	0.2	1026739	212	filler_word	179	16	1	delong	expected	a	an	book	education	75	2	6.48	2.27	James is an avid reader, so for his birthday his sister decided to give him	about Africa.	False	n/a	n/a
2007.78515625	0.2	1027986	255	filler_word	179	16	1	delong	expected	a	an	book	education	75	2	6.48	2.27	James is an avid reader, so for his birthday his sister decided to give him	about Africa.	False	n/a	n/a
2008.31640625	0.2	1028258	255	filler_word	179	16	1	delong	expected	a	an	book	education	75	2	6.48	2.27	James is an avid reader, so for his birthday his sister decided to give him	about Africa.	False	n/a	n/a
2008.84765625	0.2	1028530	255	filler_word	179	16	1	delong	expected	a	an	book	education	75	2	6.48	2.27	James is an avid reader, so for his birthday his sister decided to give him	about Africa.	False	n/a	n/a
2009.376953125	0.2	1028801	255	filler_word	179	16	1	delong	expected	a	an	book	education	75	2	6.48	2.27	James is an avid reader, so for his birthday his sister decided to give him	about Africa.	False	n/a	n/a
2009.908203125	0.2	1029073	255	filler_word	179	16	1	delong	expected	a	an	book	education	75	2	6.48	2.27	James is an avid reader, so for his birthday his sister decided to give him	about Africa.	False	n/a	n/a
2010.4375	0.2	1029344	255	filler_word	179	16	1	delong	expected	a	an	book	education	75	2	6.48	2.27	James is an avid reader, so for his birthday his sister decided to give him	about Africa.	False	n/a	n/a
2010.96875	0.2	1029616	211	control_incorrect	179	16	1	delong	expected	a	an	book	education	75	2	6.48	2.27	James is an avid reader, so for his birthday his sister decided to give him	about Africa.	False	n/a	n/a
2011.28515625	0.0	1029778	114	item_marker	180	14	1	delong	unexpected	a	an	student	artist	73	5	5.67	3.81	Betsy had no desire to enter the working world, so decided to stay at the university and remain	for a few more semesters.	True	Did Betsy find a job?	no
2011.5	0.2	1029888	255	filler_word	180	14	1	delong	unexpected	a	an	student	artist	73	5	5.67	3.81	Betsy had no desire to enter the working world, so decided to stay at the university and remain	for a few more semesters.	True	Did Betsy find a job?	no
2012.029296875	0.2	1030159	213	filler_word	180	14	1	delong	unexpected	a	an	student	artist	73	5	5.67	3.81	Betsy had no desire to enter the working world, so decided to stay at the university and remain	for a few more semesters.	True	Did Betsy find a job?	no
2014.052734375	0.2	1031195	255	filler_word	180	14	1	delong	unexpected	a	an	student	artist	73	5	5.67	3.81	Betsy had no desire to enter the working world, so decided to stay at the university and remain	for a few more semesters.	True	Did Betsy find a job?	no
2014.583984375	0.2	1031467	255	filler_word	180	14	1	delong	unexpected	a	an	student	artist	73	5	5.67	3.81	Betsy had no desire to enter the working world, so decided to stay at the university and remain	for a few more semesters.	True	Did Betsy find a job?	no
2015.115234375	0.2	1031739	255	filler_word	180	14	1	delong	unexpected	a	an	student	artist	73	5	5.67	3.81	Betsy had no desire to enter the working world, so decided to stay at the university and remain	for a few more semesters.	True	Did Betsy find a job?	no
2015.64453125	0.2	1032010	210	control_correct	180	14	1	delong	unexpected	a	an	student	artist	73	5	5.67	3.81	Betsy had no desire to enter the working world, so decided to stay at the university and remain	for a few more semesters.	True	Did Betsy find a job?	no
2015.9609375	0.0	1032172	112	item_marker	181	12	1	delong	expected	a	an	fish	octopus	66	2	5.8	4.0	Marge hated baiting the hook, but she knew that it was the only way to catch	without using a lure.	False	n/a	n/a
2016.17578125	0.2	1032282	255	filler_word	181	12	1	delong	expected	a	an	fish	octopus	66	2	5.8	4.0	Marge hated baiting the hook, but she knew that it was the only way to catch	without using a lure.	False	n/a	n/a
2016.705078125	0.2	1032553	255	filler_word	181	12	1	delong	expected	a	an	fish	octopus	66	2	5.8	4.0	Marge hated baiting the hook, but she knew that it was the only way to catch	without using a lure.	False	n/a	n/a
2017.236328125	0.2	1032825	212	filler_word	181	12	1	delong	expected	a	an	fish	octopus	66	2	5.8	4.0	Marge hated baiting the hook, but she knew that it was the only way to catch	without using a lure.	False	n/a	n/a
2019.556640625	0.2	1034013	255	filler_word	181	12	1	delong	expected	a	an	fish	octopus	66	2	5.8	4.0	Marge hated baiting the hook, but she knew that it was the only way to catch	without using a lure.	False	n/a	n/a
2020.087890625	0.2	1034285	255	filler_word	181	12	1	delong	expected	a	an	fish	octopus	66	2	5.8	4.0	Marge hated baiting the hook, but she knew that it was the only way to catch	without using a lure.	False	n/a	n/a
2020.619140625	0.2	1034557	255	filler_word	181	12	1	delong	expected	a	an	fish	octopus	66	2	5.8	4.0	Marge hated baiting the hook, but she knew that it was the only way to catch	without using a lure.	False	n/a	n/a
2021.1484375	0.2	1034828	210	control_correct	181	12	1	delong	expected	a	an	fish	octopus	66	2	5.8	4.0	Marge hated baiting the hook, but she knew that it was the only way to catch	without using a lure.	False	n/a	n/a
2021.46484375	0.0	1034990	120	item_marker	182	20	1	delong	expected	a	an	fight	affair	75	9	6.19	3.2	Whenever Josh had too much to drink, he became belligerent and would try to start	with someone in the bar.	True	Would Josh sing if drunk?	no
2021.6796875	0.2	1035100	255	filler_word	182	20	1	delong	expected	a	an	fight	affair	75	9	6.19	3.2	Whenever Josh had too much to drink, he became belligerent and would try to start	with someone in the bar.	True	Would Josh sing if drunk?	no
2022.208984375	0.2	1035371	255	filler_word	182	20	1	delong	expected	a	an	fight	affair	75	9	6.19	3.2	Whenever Josh had too much to drink, he became belligerent and would try to start	with someone in the bar.	True	Would Josh sing if drunk?	no
2022.740234375	0.2	1035643	255	filler_word	182	20	1	delong	expected	a	an	fight	affair	75	9	6.19	3.2	Whenever Josh had too much to drink, he became belligerent and would try to start	with someone in the bar.	True	Would Josh sing if drunk?	no
2023.26953125	0.2	1035914	212	filler_word	182	20	1	delong	expected	a	an	fight	affair	75	9	6.19	3.2	Whenever Josh had too much to drink, he became belligerent and would try to start	with someone in the bar.	True	Would Josh sing if drunk?	no
2025.259765625	0.2	1036933	255	filler_word	182	20	1	delong	expected	a	an	fight	affair	75	9	6.19	3.2	Whenever Josh had too much to drink, he became belligerent and would try to start	with someone in the bar.	True	Would Josh sing if drunk?	no
2025.791015625	0.2	1037205	255	filler_word	182	20	1	delong	expected	a	an	fight	affair	75	9	6.19	3.2	Whenever Josh had too much to drink, he became belligerent and would try to start	with someone in the bar.	True	Would Josh sing if drunk?	no
2026.3203125	0.2	1037476	255	filler_word	182	20	1	delong	expected	a	an	fight	affair	75	9	6.19	3.2	Whenever Josh had too much to drink, he became belligerent and would try to start	with someone in the bar.	True	Would Josh sing if drunk?	no
2026.8515625	0.2	1037748	255	filler_word	182	20	1	delong	expected	a	an	fight	affair	75	9	6.19	3.2	Whenever Josh had too much to drink, he became belligerent and would try to start	with someone in the bar.	True	Would Josh sing if drunk?	no
2027.3828125	0.2	1038020	210	control_correct	182	20	1	delong	expected	a	an	fight	affair	75	9	6.19	3.2	Whenever Josh had too much to drink, he became belligerent and would try to start	with someone in the bar.	True	Would Josh sing if drunk?	no
2027.697265625	0.0	1038181	132	item_marker	183	32	1	delong	expected	a	an	message	invitation	64	0	5.7	4.1	When I called his house Nolan was not home but his mother said she could relay	to him.	False	n/a	n/a
2027.912109375	0.2	1038291	255	filler_word	183	32	1	delong	expected	a	an	message	invitation	64	0	5.7	4.1	When I called his house Nolan was not home but his mother said she could relay	to him.	False	n/a	n/a
2028.443359375	0.2	1038563	212	filler_word	183	32	1	delong	expected	a	an	message	invitation	64	0	5.7	4.1	When I called his house Nolan was not home but his mother said she could relay	to him.	False	n/a	n/a
2030.58203125	0.2	1039658	255	filler_word	183	32	1	delong	expected	a	an	message	invitation	64	0	5.7	4.1	When I called his house Nolan was not home but his mother said she could relay	to him.	False	n/a	n/a
2031.111328125	0.2	1039929	255	filler_word	183	32	1	delong	expected	a	an	message	invitation	64	0	5.7	4.1	When I called his house Nolan was not home but his mother said she could relay	to him.	False	n/a	n/a
2031.642578125	0.2	1040201	255	filler_word	183	32	1	delong	expected	a	an	message	invitation	64	0	5.7	4.1	When I called his house Nolan was not home but his mother said she could relay	to him.	False	n/a	n/a
2032.173828125	0.2	1040473	210	control_correct	183	32	1	delong	expected	a	an	message	invitation	64	0	5.7	4.1	When I called his house Nolan was not home but his mother said she could relay	to him.	False	n/a	n/a
2032.490234375	0.0	1040635	139	item_marker	184	39	1	delong	expected	an	a	infection	tattoo	93	2	6.52	1.8	Because Bart did not clean his wound properly he ended up getting	on his leg.	False	n/a	n/a
2032.703125	0.2	1040744	255	filler_word	184	39	1	delong	expected	an	a	infection	tattoo	93	2	6.52	1.8	Because Bart did not clean his wound properly he ended up getting	on his leg.	False	n/a	n/a
2033.234375	0.2	1041016	255	filler_word	184	39	1	delong	expected	an	a	infection	tattoo	93	2	6.52	1.8	Because Bart did not clean his wound properly he ended up getting	on his leg.	False	n/a	n/a
2033.765625	0.2	1041288	212	filler_word	184	39	1	delong	expected	an	a	infection	tattoo	93	2	6.52	1.8	Because Bart did not clean his wound properly he ended up getting	on his leg.	False	n/a	n/a
2036.236328125	0.2	1042553	255	filler_word	184	39	1	delong	expected	an	a	infection	tattoo	93	2	6.52	1.8	Because Bart did not clean his wound properly he ended up getting	on his leg.	False	n/a	n/a
2036.765625	0.2	1042824	255	filler_word	184	39	1	delong	expected	an	a	infection	tattoo	93	2	6.52	1.8	Because Bart did not clean his wound properly he ended up getting	on his leg.	False	n/a	n/a
2037.296875	0.2	1043096	255	filler_word	184	39	1	delong	expected	an	a	infection	tattoo	93	2	6.52	1.8	Because Bart did not clean his wound properly he ended up getting	on his leg.	False	n/a	n/a
2037.826171875	0.2	1043367	255	filler_word	184	39	1	delong	expected	an	a	infection	tattoo	93	2	6.52	1.8	Because Bart did not clean his wound properly he ended up getting	on his leg.	False	n/a	n/a
2038.357421875	0.2	1043639	255	filler_word	184	39	1	delong	expected	an	a	infection	tattoo	93	2	6.52	1.8	Because Bart did not clean his wound properly he ended up getting	on his leg.	False	n/a	n/a
2038.888671875	0.2	1043911	211	control_incorrect	184	39	1	delong	expected	an	a	infection	tattoo	93	2	6.52	1.8	Because Bart did not clean his wound properly he ended up getting	on his leg.	False	n/a	n/a
2039.203125	0.0	1044072	134	item_marker	185	34	1	delong	unexpected	a	an	bicycle	elephant	95	0	6.07	3.48	You never forget how to ride	once you've learned.	False	n/a	n/a
2039.41796875	0.2	1044182	255	filler_word	185	34	1	delong	unexpected	a	an	bicycle	elephant	95	0	6.07	3.48	You never forget how to ride	once you've learned.	False	n/a	n/a
2039.94921875	0.2	1044454	213	filler_word	185	34	1	delong	unexpected	a	an	bicycle	elephant	95	0	6.07	3.48	You never forget how to ride	once you've learned.	False	n/a	n/a
2042.94921875	0.2	1045990	255	filler_word	185	34	1	delong	unexpected	a	an	bicycle	elephant	95	0	6.07	3.48	You never forget how to ride	once you've learned.	False	n/a	n/a
2043.48046875	0.2	1046262	255	filler_word	185	34	1	delong	unexpected	a	an	bicycle	elephant	95	0	6.07	3.48	You never forget how to ride	once you've learned.	False	n/a	n/a
2044.01171875	0.2	1046534	255	filler_word	185	34	1	delong	unexpected	a	an	bicycle	elephant	95	0	6.07	3.48	You never forget how to ride	once you've learned.	False	n/a	n/a
2044.541015625	0.2	1046805	211	control_incorrect	185	34	1	delong	unexpected	a	an	bicycle	elephant	95	0	6.07	3.48	You never forget how to ride	once you've learned.	False	n/a	n/a
2044.857421875	0.0	1046967	109	item_marker	186	9	1	delong	unexpected	an	a	echo	bird	75	2	5.9	3.83	Surrounded by mountains, Lola shouted across the valley and heard	in the distance.	False	n/a	n/a
2045.072265625	0.2	1047077	255	filler_word	186	9	1	delong	unexpected	an	a	echo	bird	75	2	5.9	3.83	Surrounded by mountains, Lola shouted across the valley and heard	in the distance.	False	n/a	n/a
2045.6015625	0.2	1047348	255	filler_word	186	9	1	delong	unexpected	an	a	echo	bird	75	2	5.9	3.83	Surrounded by mountains, Lola shouted across the valley and heard	in the distance.	False	n/a	n/a
2046.1328125	0.2	1047620	213	filler_word	186	9	1	delong	unexpected	an	a	echo	bird	75	2	5.9	3.83	Surrounded by mountains, Lola shouted across the valley and heard	in the distance.	False	n/a	n/a
2048.35546875	0.2	1048758	255	filler_word	186	9	1	delong	unexpected	an	a	echo	bird	75	2	5.9	3.83	Surrounded by mountains, Lola shouted across the valley and heard	in the distance.	False	n/a	n/a
2048.884765625	0.2	1049029	255	filler_word	186	9	1	delong	unexpected	an	a	echo	bird	75	2	5.9	3.83	Surrounded by mountains, Lola shouted across the valley and heard	in the distance.	False	n/a	n/a
2049.4140625	0.2	1049300	255	filler_word	186	9	1	delong	unexpected	an	a	echo	bird	75	2	5.9	3.83	Surrounded by mountains, Lola shouted across the valley and heard	in the distance.	False	n/a	n/a
2049.9453125	0.2	1049572	210	control_correct	186	9	1	delong	unexpected	an	a	echo	bird	75	2	5.9	3.83	Surrounded by mountains, Lola shouted across the valley and heard	in the distance.	False	n/a	n/a
2050.26171875	0.0	1049734	103	item_marker	187	3	1	delong	expected	an	a	accent	lisp	55	39	6.13	6.0	It was difficult to understand the foreign professor because he had	when he spoke.	False	n/a	n/a
2050.4765625	0.2	1049844	255	filler_word	187	3	1	delong	expected	an	a	accent	lisp	55	39	6.13	6.0	It was difficult to understand the foreign professor because he had	when he spoke.	False	n/a	n/a
2051.0078125	0.2	1050116	255	filler_word	187	3	1	delong	expected	an	a	accent	lisp	55	39	6.13	6.0	It was difficult to understand the foreign professor because he had	when he spoke.	False	n/a	n/a
2051.537109375	0.2	1050387	212	filler_word	187	3	1	delong	expected	an	a	accent	lisp	55	39	6.13	6.0	It was difficult to understand the foreign professor because he had	when he spoke.	False	n/a	n/a
2053.859375	0.2	1051576	255	filler_word	187	3	1	delong	expected	an	a	accent	lisp	55	39	6.13	6.0	It was difficult to understand the foreign professor because he had	when he spoke.	False	n/a	n/a
2054.388671875	0.2	1051847	255	filler_word	187	3	1	delong	expected	an	a	accent	lisp	55	39	6.13	6.0	It was difficult to understand the foreign professor because he had	when he spoke.	False	n/a	n/a
2054.919921875	0.2	1052119	255	filler_word	187	3	1	delong	expected	an	a	accent	lisp	55	39	6.13	6.0	It was difficult to understand the foreign professor because he had	when he spoke.	False	n/a	n/a
2055.44921875	0.2	1052390	255	filler_word	187	3	1	delong	expected	an	a	accent	lisp	55	39	6.13	6.0	It was difficult to understand the foreign professor because he had	when he spoke.	False	n/a	n/a
2055.98046875	0.2	1052662	210	control_correct	187	3	1	delong	expected	an	a	accent	lisp	55	39	6.13	6.0	It was difficult to understand the foreign professor because he had	when he spoke.	False	n/a	n/a
2056.296875	0.0	1052824	140	item_marker	188	40	1	delong	expected	a	an	tattoo	infection	55	0	6.0	3.73	The Hell's Angel rolled up the sleeve of his leather jacket to show the girls where he had gotten	the previous night.	False	n/a	n/a
2056.51171875	0.2	1052934	255	filler_word	188	40	1	delong	expected	a	an	tattoo	infection	55	0	6.0	3.73	The Hell's Angel rolled up the sleeve of his leather jacket to show the girls where he had gotten	the previous night.	False	n/a	n/a
2057.041015625	0.2	1053205	255	filler_word	188	40	1	delong	expected	a	an	tattoo	infection	55	0	6.0	3.73	The Hell's Angel rolled up the sleeve of his leather jacket to show the girls where he had gotten	the previous night.	False	n/a	n/a
2057.572265625	0.2	1053477	212	filler_word	188	40	1	delong	expected	a	an	tattoo	infection	55	0	6.0	3.73	The Hell's Angel rolled up the sleeve of his leather jacket to show the girls where he had gotten	the previous night.	False	n/a	n/a
2059.892578125	0.2	1054665	255	filler_word	188	40	1	delong	expected	a	an	tattoo	infection	55	0	6.0	3.73	The Hell's Angel rolled up the sleeve of his leather jacket to show the girls where he had gotten	the previous night.	False	n/a	n/a
2060.423828125	0.2	1054937	255	filler_word	188	40	1	delong	expected	a	an	tattoo	infection	55	0	6.0	3.73	The Hell's Angel rolled up the sleeve of his leather jacket to show the girls where he had gotten	the previous night.	False	n/a	n/a
2060.953125	0.2	1055208	255	filler_word	188	40	1	delong	expected	a	an	tattoo	infection	55	0	6.0	3.73	The Hell's Angel rolled up the sleeve of his leather jacket to show the girls where he had gotten	the previous night.	False	n/a	n/a
2061.484375	0.2	1055480	255	filler_word	188	40	1	delong	expected	a	an	tattoo	infection	55	0	6.0	3.73	The Hell's Angel rolled up the sleeve of his leather jacket to show the girls where he had gotten	the previous night.	False	n/a	n/a
2062.015625	0.2	1055752	210	control_correct	188	40	1	delong	expected	a	an	tattoo	infection	55	0	6.0	3.73	The Hell's Angel rolled up the sleeve of his leather jacket to show the girls where he had gotten	the previous night.	False	n/a	n/a
2062.33203125	0.0	1055914	136	item_marker	189	36	1	delong	expected	a	an	newspaper	umbrella	75	2	5.19	3.13	As he walked past the corner drugstore on his way to work Carl skimmed the headlines and decided to go ahead and buy	when he saw what the forecast was.	True	Was Carl going to work?	yes
2062.544921875	0.2	1056023	255	filler_word	189	36	1	delong	expected	a	an	newspaper	umbrella	75	2	5.19	3.13	As he walked past the corner drugstore on his way to work Carl skimmed the headlines and decided to go ahead and buy	when he saw what the forecast was.	True	Was Carl going to work?	yes
2063.076171875	0.2	1056295	212	filler_word	189	36	1	delong	expected	a	an	newspaper	umbrella	75	2	5.19	3.13	As he walked past the corner drugstore on his way to work Carl skimmed the headlines and decided to go ahead and buy	when he saw what the forecast was.	True	Was Carl going to work?	yes
2065.365234375	0.2	1057467	255	filler_word	189	36	1	delong	expected	a	an	newspaper	umbrella	75	2	5.19	3.13	As he walked past the corner drugstore on his way to work Carl skimmed the headlines and decided to go ahead and buy	when he saw what the forecast was.	True	Was Carl going to work?	yes
2065.89453125	0.2	1057738	255	filler_word	189	36	1	delong	expected	a	an	newspaper	umbrella	75	2	5.19	3.13	As he walked past the corner drugstore on his way to work Carl skimmed the headlines and decided to go ahead and buy	when he saw what the forecast was.	True	Was Carl going to work?	yes
2066.423828125	0.2	1058009	255	filler_word	189	36	1	delong	expected	a	an	newspaper	umbrella	75	2	5.19	3.13	As he walked past the corner drugstore on his way to work Carl skimmed the headlines and decided to go ahead and buy	when he saw what the forecast was.	True	Was Carl going to work?	yes
2066.955078125	0.2	1058281	255	filler_word	189	36	1	delong	expected	a	an	newspaper	umbrella	75	2	5.19	3.13	As he walked past the corner drugstore on his way to work Carl skimmed the headlines and decided to go ahead and buy	when he saw what the forecast was.	True	Was Carl going to work?	yes
2067.486328125	0.2	1058553	255	filler_word	189	36	1	delong	expected	a	an	newspaper	umbrella	75	2	5.19	3.13	As he walked past the corner drugstore on his way to work Carl skimmed the headlines and decided to go ahead and buy	when he saw what the forecast was.	True	Was Carl going to work?	yes
2068.017578125	0.2	1058825	211	control_incorrect	189	36	1	delong	expected	a	an	newspaper	umbrella	75	2	5.19	3.13	As he walked past the corner drugstore on his way to work Carl skimmed the headlines and decided to go ahead and buy	when he saw what the forecast was.	True	Was Carl going to work?	yes
2068.33203125	0.0	1058986	129	item_marker	190	29	1	delong	unexpected	a	an	flat	apartment	66	11	6.26	6.03	Margot had finally decided to buy a house in the suburbs after a year of renting	in the city.	True	Did Margot want to buy a car?	no
2068.546875	0.2	1059096	255	filler_word	190	29	1	delong	unexpected	a	an	flat	apartment	66	11	6.26	6.03	Margot had finally decided to buy a house in the suburbs after a year of renting	in the city.	True	Did Margot want to buy a car?	no
2069.078125	0.2	1059368	213	filler_word	190	29	1	delong	unexpected	a	an	flat	apartment	66	11	6.26	6.03	Margot had finally decided to buy a house in the suburbs after a year of renting	in the city.	True	Did Margot want to buy a car?	no
2071.3828125	0.2	1060548	255	filler_word	190	29	1	delong	unexpected	a	an	flat	apartment	66	11	6.26	6.03	Margot had finally decided to buy a house in the suburbs after a year of renting	in the city.	True	Did Margot want to buy a car?	no
2071.912109375	0.2	1060819	255	filler_word	190	29	1	delong	unexpected	a	an	flat	apartment	66	11	6.26	6.03	Margot had finally decided to buy a house in the suburbs after a year of renting	in the city.	True	Did Margot want to buy a car?	no
2072.443359375	0.2	1061091	255	filler_word	190	29	1	delong	unexpected	a	an	flat	apartment	66	11	6.26	6.03	Margot had finally decided to buy a house in the suburbs after a year of renting	in the city.	True	Did Margot want to buy a car?	no
2072.974609375	0.2	1061363	255	filler_word	190	29	1	delong	unexpected	a	an	flat	apartment	66	11	6.26	6.03	Margot had finally decided to buy a house in the suburbs after a year of renting	in the city.	True	Did Margot want to buy a car?	no
2073.50390625	0.2	1061634	255	filler_word	190	29	1	delong	unexpected	a	an	flat	apartment	66	11	6.26	6.03	Margot had finally decided to buy a house in the suburbs after a year of renting	in the city.	True	Did Margot want to buy a car?	no
2074.03515625	0.2	1061906	211	control_incorrect	190	29	1	delong	unexpected	a	an	flat	apartment	66	11	6.26	6.03	Margot had finally decided to buy a house in the suburbs after a year of renting	in the city.	True	Did Margot want to buy a car?	no
2074.3515625	0.0	1062068	113	item_marker	191	13	1	delong	unexpected	an	a	artist	student	61	36	5.73	5.23	On a street corner in Paris Kim had her portrait painted by	for three euros.	False	n/a	n/a
2074.56640625	0.2	1062178	255	filler_word	191	13	1	delong	unexpected	an	a	artist	student	61	36	5.73	5.23	On a street corner in Paris Kim had her portrait painted by	for three euros.	False	n/a	n/a
2075.095703125	0.2	1062449	213	filler_word	191	13	1	delong	unexpected	an	a	artist	student	61	36	5.73	5.23	On a street corner in Paris Kim had her portrait painted by	for three euros.	False	n/a	n/a
2077.3671875	0.2	1063612	255	filler_word	191	13	1	delong	unexpected	an	a	artist	student	61	36	5.73	5.23	On a street corner in Paris Kim had her portrait painted by	for three euros.	False	n/a	n/a
2077.8984375	0.2	1063884	255	filler_word	191	13	1	delong	unexpected	an	a	artist	student	61	36	5.73	5.23	On a street corner in Paris Kim had her portrait painted by	for three euros.	False	n/a	n/a
2078.427734375	0.2	1064155	255	filler_word	191	13	1	delong	unexpected	an	a	artist	student	61	36	5.73	5.23	On a street corner in Paris Kim had her portrait painted by	for three euros.	False	n/a	n/a
2078.958984375	0.2	1064427	211	control_incorrect	191	13	1	delong	unexpected	an	a	artist	student	61	36	5.73	5.23	On a street corner in Paris Kim had her portrait painted by	for three euros.	False	n/a	n/a
2079.2734375	0.0	1064588	130	item_marker	192	30	1	delong	unexpected	a	an	studio	apartment	77	0	5.9	3.37	Instead of recording a live album the band decided they would have more control if they recorded in	without a lot of background noise.	False	n/a	n/a
2079.48828125	0.2	1064698	255	filler_word	192	30	1	delong	unexpected	a	an	studio	apartment	77	0	5.9	3.37	Instead of recording a live album the band decided they would have more control if they recorded in	without a lot of background noise.	False	n/a	n/a
2080.01953125	0.2	1064970	255	filler_word	192	30	1	delong	unexpected	a	an	studio	apartment	77	0	5.9	3.37	Instead of recording a live album the band decided they would have more control if they recorded in	without a lot of background noise.	False	n/a	n/a
2080.55078125	0.2	1065242	213	filler_word	192	30	1	delong	unexpected	a	an	studio	apartment	77	0	5.9	3.37	Instead of recording a live album the band decided they would have more control if they recorded in	without a lot of background noise.	False	n/a	n/a
2082.8046875	0.2	1066396	255	filler_word	192	30	1	delong	unexpected	a	an	studio	apartment	77	0	5.9	3.37	Instead of recording a live album the band decided they would have more control if they recorded in	without a lot of background noise.	False	n/a	n/a
2083.3359375	0.2	1066668	255	filler_word	192	30	1	delong	unexpected	a	an	studio	apartment	77	0	5.9	3.37	Instead of recording a live album the band decided they would have more control if they recorded in	without a lot of background noise.	False	n/a	n/a
2083.865234375	0.2	1066939	255	filler_word	192	30	1	delong	unexpected	a	an	studio	apartment	77	0	5.9	3.37	Instead of recording a live album the band decided they would have more control if they recorded in	without a lot of background noise.	False	n/a	n/a
2084.396484375	0.2	1067211	210	control_correct	192	30	1	delong	unexpected	a	an	studio	apartment	77	0	5.9	3.37	Instead of recording a live album the band decided they would have more control if they recorded in	without a lot of background noise.	False	n/a	n/a
2084.7109375	0.0	1067372	107	item_marker	193	7	1	delong	expected	an	a	aeroplane	kite	77	18	5.74	2.87	Although the idea of flight was as old as the hills, the Wright Brothers were the first people to build	that actually flew.	False	n/a	n/a
2084.92578125	0.2	1067482	255	filler_word	193	7	1	delong	expected	an	a	aeroplane	kite	77	18	5.74	2.87	Although the idea of flight was as old as the hills, the Wright Brothers were the first people to build	that actually flew.	False	n/a	n/a
2085.45703125	0.2	1067754	212	filler_word	193	7	1	delong	expected	an	a	aeroplane	kite	77	18	5.74	2.87	Although the idea of flight was as old as the hills, the Wright Brothers were the first people to build	that actually flew.	False	n/a	n/a
2087.845703125	0.2	1068977	255	filler_word	193	7	1	delong	expected	an	a	aeroplane	kite	77	18	5.74	2.87	Although the idea of flight was as old as the hills, the Wright Brothers were the first people to build	that actually flew.	False	n/a	n/a
2088.375	0.2	1069248	255	filler_word	193	7	1	delong	expected	an	a	aeroplane	kite	77	18	5.74	2.87	Although the idea of flight was as old as the hills, the Wright Brothers were the first people to build	that actually flew.	False	n/a	n/a
2088.90625	0.2	1069520	255	filler_word	193	7	1	delong	expected	an	a	aeroplane	kite	77	18	5.74	2.87	Although the idea of flight was as old as the hills, the Wright Brothers were the first people to build	that actually flew.	False	n/a	n/a
2089.435546875	0.2	1069791	255	filler_word	193	7	1	delong	expected	an	a	aeroplane	kite	77	18	5.74	2.87	Although the idea of flight was as old as the hills, the Wright Brothers were the first people to build	that actually flew.	False	n/a	n/a
2089.966796875	0.2	1070063	211	control_incorrect	193	7	1	delong	expected	an	a	aeroplane	kite	77	18	5.74	2.87	Although the idea of flight was as old as the hills, the Wright Brothers were the first people to build	that actually flew.	False	n/a	n/a
2090.283203125	0.0	1070225	121	item_marker	194	21	1	delong	unexpected	an	a	allowance	pound	60	9	6.29	4.3	Instead of giving her money whenever she asked for it, Rachel's father thought that it would be a real lesson in economics for her if every week she received	to spend as she wished.	False	n/a	n/a
2090.498046875	0.2	1070335	255	filler_word	194	21	1	delong	unexpected	an	a	allowance	pound	60	9	6.29	4.3	Instead of giving her money whenever she asked for it, Rachel's father thought that it would be a real lesson in economics for her if every week she received	to spend as she wished.	False	n/a	n/a
2091.02734375	0.2	1070606	255	filler_word	194	21	1	delong	unexpected	an	a	allowance	pound	60	9	6.29	4.3	Instead of giving her money whenever she asked for it, Rachel's father thought that it would be a real lesson in economics for her if every week she received	to spend as she wished.	False	n/a	n/a
2091.55859375	0.2	1070878	255	filler_word	194	21	1	delong	unexpected	an	a	allowance	pound	60	9	6.29	4.3	Instead of giving her money whenever she asked for it, Rachel's father thought that it would be a real lesson in economics for her if every week she received	to spend as she wished.	False	n/a	n/a
2092.087890625	0.2	1071149	213	filler_word	194	21	1	delong	unexpected	an	a	allowance	pound	60	9	6.29	4.3	Instead of giving her money whenever she asked for it, Rachel's father thought that it would be a real lesson in economics for her if every week she received	to spend as she wished.	False	n/a	n/a
2094.626953125	0.2	1072449	255	filler_word	194	21	1	delong	unexpected	an	a	allowance	pound	60	9	6.29	4.3	Instead of giving her money whenever she asked for it, Rachel's father thought that it would be a real lesson in economics for her if every week she received	to spend as she wished.	False	n/a	n/a
2095.15625	0.2	1072720	255	filler_word	194	21	1	delong	unexpected	an	a	allowance	pound	60	9	6.29	4.3	Instead of giving her money whenever she asked for it, Rachel's father thought that it would be a real lesson in economics for her if every week she received	to spend as she wished.	False	n/a	n/a
2095.685546875	0.2	1072991	255	filler_word	194	21	1	delong	unexpected	an	a	allowance	pound	60	9	6.29	4.3	Instead of giving her money whenever she asked for it, Rachel's father thought that it would be a real lesson in economics for her if every week she received	to spend as she wished.	False	n/a	n/a
2096.216796875	0.2	1073263	210	control_correct	194	21	1	delong	unexpected	an	a	allowance	pound	60	9	6.29	4.3	Instead of giving her money whenever she asked for it, Rachel's father thought that it would be a real lesson in economics for her if every week she received	to spend as she wished.	False	n/a	n/a
2096.533203125	0.0	1073425	111	item_marker	195	11	1	delong	expected	an	a	octopus	fish	84	9	5.73	3.0	When the scuba diver saw the tentacle, he quickly realized that the creature under the rock was	in hiding.	True	Did the diver see a treasure?	no
2096.748046875	0.2	1073535	255	filler_word	195	11	1	delong	expected	an	a	octopus	fish	84	9	5.73	3.0	When the scuba diver saw the tentacle, he quickly realized that the creature under the rock was	in hiding.	True	Did the diver see a treasure?	no
2097.279296875	0.2	1073807	255	filler_word	195	11	1	delong	expected	an	a	octopus	fish	84	9	5.73	3.0	When the scuba diver saw the tentacle, he quickly realized that the creature under the rock was	in hiding.	True	Did the diver see a treasure?	no
2097.80859375	0.2	1074078	255	filler_word	195	11	1	delong	expected	an	a	octopus	fish	84	9	5.73	3.0	When the scuba diver saw the tentacle, he quickly realized that the creature under the rock was	in hiding.	True	Did the diver see a treasure?	no
2098.33984375	0.2	1074350	212	filler_word	195	11	1	delong	expected	an	a	octopus	fish	84	9	5.73	3.0	When the scuba diver saw the tentacle, he quickly realized that the creature under the rock was	in hiding.	True	Did the diver see a treasure?	no
2101.0078125	0.2	1075716	255	filler_word	195	11	1	delong	expected	an	a	octopus	fish	84	9	5.73	3.0	When the scuba diver saw the tentacle, he quickly realized that the creature under the rock was	in hiding.	True	Did the diver see a treasure?	no
2101.5390625	0.2	1075988	255	filler_word	195	11	1	delong	expected	an	a	octopus	fish	84	9	5.73	3.0	When the scuba diver saw the tentacle, he quickly realized that the creature under the rock was	in hiding.	True	Did the diver see a treasure?	no
2102.0703125	0.2	1076260	255	filler_word	195	11	1	delong	expected	an	a	octopus	fish	84	9	5.73	3.0	When the scuba diver saw the tentacle, he quickly realized that the creature under the rock was	in hiding.	True	Did the diver see a treasure?	no
2102.599609375	0.2	1076531	255	filler_word	195	11	1	delong	expected	an	a	octopus	fish	84	9	5.73	3.0	When the scuba diver saw the tentacle, he quickly realized that the creature under the rock was	in hiding.	True	Did the diver see a treasure?	no
2103.130859375	0.2	1076803	210	control_correct	195	11	1	delong	expected	an	a	octopus	fish	84	9	5.73	3.0	When the scuba diver saw the tentacle, he quickly realized that the creature under the rock was	in hiding.	True	Did the diver see a treasure?	no
2103.447265625	0.0	1076965	104	item_marker	196	4	1	delong	expected	a	an	lisp	accent	86	0	5.97	4.16	Katie did not like to say words with the letter s because she spoke with	and was embarrassed.	False	n/a	n/a
2103.662109375	0.2	1077075	255	filler_word	196	4	1	delong	expected	a	an	lisp	accent	86	0	5.97	4.16	Katie did not like to say words with the letter s because she spoke with	and was embarrassed.	False	n/a	n/a
2104.19140625	0.2	1077346	255	filler_word	196	4	1	delong	expected	a	an	lisp	accent	86	0	5.97	4.16	Katie did not like to say words with the letter s because she spoke with	and was embarrassed.	False	n/a	n/a
2104.72265625	0.2	1077618	212	filler_word	196	4	1	delong	expected	a	an	lisp	accent	86	0	5.97	4.16	Katie did not like to say words with the letter s because she spoke with	and was embarrassed.	False	n/a	n/a
2107.09375	0.2	1078832	255	filler_word	196	4	1	delong	expected	a	an	lisp	accent	86	0	5.97	4.16	Katie did not like to say words with the letter s because she spoke with	and was embarrassed.	False	n/a	n/a
2107.623046875	0.2	1079103	255	filler_word	196	4	1	delong	expected	a	an	lisp	accent	86	0	5.97	4.16	Katie did not like to say words with the letter s because she spoke with	and was embarrassed.	False	n/a	n/a
2108.154296875	0.2	1079375	255	filler_word	196	4	1	delong	expected	a	an	lisp	accent	86	0	5.97	4.16	Katie did not like to say words with the letter s because she spoke with	and was embarrassed.	False	n/a	n/a
2108.68359375	0.2	1079646	255	filler_word	196	4	1	delong	expected	a	an	lisp	accent	86	0	5.97	4.16	Katie did not like to say words with the letter s because she spoke with	and was embarrassed.	False	n/a	n/a
2109.21484375	0.2	1079918	255	filler_word	196	4	1	delong	expected	a	an	lisp	accent	86	0	5.97	4.16	Katie did not like to say words with the letter s because she spoke with	and was embarrassed.	False	n/a	n/a
2109.74609375	0.2	1080190	210	control_correct	196	4	1	delong	expected	a	an	lisp	accent	86	0	5.97	4.16	Katie did not like to say words with the letter s because she spoke with	and was embarrassed.	False	n/a	n/a
2110.0625	0.0	1080352	115	item_marker	197	15	1	delong	expected	an	a	education	book	59	27	6.23	3.17	Her grandfather always stressed how important it was for Sophia to go to school, because he had never had the opportunity to receive	while growing up.	False	n/a	n/a
2110.275390625	0.2	1080461	255	filler_word	197	15	1	delong	expected	an	a	education	book	59	27	6.23	3.17	Her grandfather always stressed how important it was for Sophia to go to school, because he had never had the opportunity to receive	while growing up.	False	n/a	n/a
2110.806640625	0.2	1080733	255	filler_word	197	15	1	delong	expected	an	a	education	book	59	27	6.23	3.17	Her grandfather always stressed how important it was for Sophia to go to school, because he had never had the opportunity to receive	while growing up.	False	n/a	n/a
2111.337890625	0.2	1081005	255	filler_word	197	15	1	delong	expected	an	a	education	book	59	27	6.23	3.17	Her grandfather always stressed how important it was for Sophia to go to school, because he had never had the opportunity to receive	while growing up.	False	n/a	n/a
2111.8671875	0.2	1081276	255	filler_word	197	15	1	delong	expected	an	a	education	book	59	27	6.23	3.17	Her grandfather always stressed how important it was for Sophia to go to school, because he had never had the opportunity to receive	while growing up.	False	n/a	n/a
2112.3984375	0.2	1081548	212	filler_word	197	15	1	delong	expected	an	a	education	book	59	27	6.23	3.17	Her grandfather always stressed how important it was for Sophia to go to school, because he had never had the opportunity to receive	while growing up.	False	n/a	n/a
2114.8671875	0.2	1082812	255	filler_word	197	15	1	delong	expected	an	a	education	book	59	27	6.23	3.17	Her grandfather always stressed how important it was for Sophia to go to school, because he had never had the opportunity to receive	while growing up.	False	n/a	n/a
2115.3984375	0.2	1083084	255	filler_word	197	15	1	delong	expected	an	a	education	book	59	27	6.23	3.17	Her grandfather always stressed how important it was for Sophia to go to school, because he had never had the opportunity to receive	while growing up.	False	n/a	n/a
2115.9296875	0.2	1083356	255	filler_word	197	15	1	delong	expected	an	a	education	book	59	27	6.23	3.17	Her grandfather always stressed how important it was for Sophia to go to school, because he had never had the opportunity to receive	while growing up.	False	n/a	n/a
2116.458984375	0.2	1083627	255	filler_word	197	15	1	delong	expected	an	a	education	book	59	27	6.23	3.17	Her grandfather always stressed how important it was for Sophia to go to school, because he had never had the opportunity to receive	while growing up.	False	n/a	n/a
2116.990234375	0.2	1083899	210	control_correct	197	15	1	delong	expected	an	a	education	book	59	27	6.23	3.17	Her grandfather always stressed how important it was for Sophia to go to school, because he had never had the opportunity to receive	while growing up.	False	n/a	n/a
2117.306640625	0.0	1084061	131	item_marker	198	31	1	delong	expected	an	a	invitation	message	73	11	5.5	4.74	Sue had wanted to go to Tim's birthday party but she was still waiting for	from him.	False	n/a	n/a
2117.521484375	0.2	1084171	255	filler_word	198	31	1	delong	expected	an	a	invitation	message	73	11	5.5	4.74	Sue had wanted to go to Tim's birthday party but she was still waiting for	from him.	False	n/a	n/a
2118.05078125	0.2	1084442	255	filler_word	198	31	1	delong	expected	an	a	invitation	message	73	11	5.5	4.74	Sue had wanted to go to Tim's birthday party but she was still waiting for	from him.	False	n/a	n/a
2118.58203125	0.2	1084714	212	filler_word	198	31	1	delong	expected	an	a	invitation	message	73	11	5.5	4.74	Sue had wanted to go to Tim's birthday party but she was still waiting for	from him.	False	n/a	n/a
2120.669921875	0.2	1085783	255	filler_word	198	31	1	delong	expected	an	a	invitation	message	73	11	5.5	4.74	Sue had wanted to go to Tim's birthday party but she was still waiting for	from him.	False	n/a	n/a
2121.201171875	0.2	1086055	255	filler_word	198	31	1	delong	expected	an	a	invitation	message	73	11	5.5	4.74	Sue had wanted to go to Tim's birthday party but she was still waiting for	from him.	False	n/a	n/a
2121.732421875	0.2	1086327	255	filler_word	198	31	1	delong	expected	an	a	invitation	message	73	11	5.5	4.74	Sue had wanted to go to Tim's birthday party but she was still waiting for	from him.	False	n/a	n/a
2122.26171875	0.2	1086598	255	filler_word	198	31	1	delong	expected	an	a	invitation	message	73	11	5.5	4.74	Sue had wanted to go to Tim's birthday party but she was still waiting for	from him.	False	n/a	n/a
2122.79296875	0.2	1086870	255	filler_word	198	31	1	delong	expected	an	a	invitation	message	73	11	5.5	4.74	Sue had wanted to go to Tim's birthday party but she was still waiting for	from him.	False	n/a	n/a
2123.32421875	0.2	1087142	211	control_incorrect	198	31	1	delong	expected	an	a	invitation	message	73	11	5.5	4.74	Sue had wanted to go to Tim's birthday party but she was still waiting for	from him.	False	n/a	n/a
2123.638671875	0.0	1087303	122	item_marker	199	22	1	delong	unexpected	a	an	pound	allowance	52	2	5.19	3.9	Andrew complained that the only place he could afford was Poundland, after his grandmother gave him	for helping her.	False	n/a	n/a
2123.853515625	0.2	1087413	255	filler_word	199	22	1	delong	unexpected	a	an	pound	allowance	52	2	5.19	3.9	Andrew complained that the only place he could afford was Poundland, after his grandmother gave him	for helping her.	False	n/a	n/a
2124.384765625	0.2	1087685	213	filler_word	199	22	1	delong	unexpected	a	an	pound	allowance	52	2	5.19	3.9	Andrew complained that the only place he could afford was Poundland, after his grandmother gave him	for helping her.	False	n/a	n/a
2126.888671875	0.2	1088967	255	filler_word	199	22	1	delong	unexpected	a	an	pound	allowance	52	2	5.19	3.9	Andrew complained that the only place he could afford was Poundland, after his grandmother gave him	for helping her.	False	n/a	n/a
2127.41796875	0.2	1089238	255	filler_word	199	22	1	delong	unexpected	a	an	pound	allowance	52	2	5.19	3.9	Andrew complained that the only place he could afford was Poundland, after his grandmother gave him	for helping her.	False	n/a	n/a
2127.94921875	0.2	1089510	255	filler_word	199	22	1	delong	unexpected	a	an	pound	allowance	52	2	5.19	3.9	Andrew complained that the only place he could afford was Poundland, after his grandmother gave him	for helping her.	False	n/a	n/a
2128.478515625	0.2	1089781	210	control_correct	199	22	1	delong	unexpected	a	an	pound	allowance	52	2	5.19	3.9	Andrew complained that the only place he could afford was Poundland, after his grandmother gave him	for helping her.	False	n/a	n/a
2128.794921875	0.0	1089943	147	item_marker	200	47	1	delong	expected	an	a	excuse	story	91	7	6.26	4.93	Amelia did not want to go to the bar with her friends after seeing the movie so she made up	for why she needed to go home early.	True	Did Amelia go home late?	no
2129.009765625	0.2	1090053	255	filler_word	200	47	1	delong	expected	an	a	excuse	story	91	7	6.26	4.93	Amelia did not want to go to the bar with her friends after seeing the movie so she made up	for why she needed to go home early.	True	Did Amelia go home late?	no
2129.541015625	0.2	1090325	255	filler_word	200	47	1	delong	expected	an	a	excuse	story	91	7	6.26	4.93	Amelia did not want to go to the bar with her friends after seeing the movie so she made up	for why she needed to go home early.	True	Did Amelia go home late?	no
2130.0703125	0.2	1090596	255	filler_word	200	47	1	delong	expected	an	a	excuse	story	91	7	6.26	4.93	Amelia did not want to go to the bar with her friends after seeing the movie so she made up	for why she needed to go home early.	True	Did Amelia go home late?	no
2130.6015625	0.2	1090868	255	filler_word	200	47	1	delong	expected	an	a	excuse	story	91	7	6.26	4.93	Amelia did not want to go to the bar with her friends after seeing the movie so she made up	for why she needed to go home early.	True	Did Amelia go home late?	no
2131.1328125	0.2	1091140	212	filler_word	200	47	1	delong	expected	an	a	excuse	story	91	7	6.26	4.93	Amelia did not want to go to the bar with her friends after seeing the movie so she made up	for why she needed to go home early.	True	Did Amelia go home late?	no
2136.470703125	0.2	1093873	255	filler_word	200	47	1	delong	expected	an	a	excuse	story	91	7	6.26	4.93	Amelia did not want to go to the bar with her friends after seeing the movie so she made up	for why she needed to go home early.	True	Did Amelia go home late?	no
2137.001953125	0.2	1094145	255	filler_word	200	47	1	delong	expected	an	a	excuse	story	91	7	6.26	4.93	Amelia did not want to go to the bar with her friends after seeing the movie so she made up	for why she needed to go home early.	True	Did Amelia go home late?	no
2137.53125	0.2	1094416	255	filler_word	200	47	1	delong	expected	an	a	excuse	story	91	7	6.26	4.93	Amelia did not want to go to the bar with her friends after seeing the movie so she made up	for why she needed to go home early.	True	Did Amelia go home late?	no
2138.0625	0.2	1094688	255	filler_word	200	47	1	delong	expected	an	a	excuse	story	91	7	6.26	4.93	Amelia did not want to go to the bar with her friends after seeing the movie so she made up	for why she needed to go home early.	True	Did Amelia go home late?	no
2138.591796875	0.2	1094959	211	control_incorrect	200	47	1	delong	expected	an	a	excuse	story	91	7	6.26	4.93	Amelia did not want to go to the bar with her friends after seeing the movie so she made up	for why she needed to go home early.	True	Did Amelia go home late?	no
2138.908203125	0.0	1095121	165	item_marker	201	65	1	delong	unexpected	an	a	island	ship	73	14	5.53	5.26	Being from the mainland Karen never got used to the feeling of living on	and being so removed from everything.	True	Was Karen from the mainland?	yes
2139.123046875	0.2	1095231	255	filler_word	201	65	1	delong	unexpected	an	a	island	ship	73	14	5.53	5.26	Being from the mainland Karen never got used to the feeling of living on	and being so removed from everything.	True	Was Karen from the mainland?	yes
2139.65234375	0.2	1095502	255	filler_word	201	65	1	delong	unexpected	an	a	island	ship	73	14	5.53	5.26	Being from the mainland Karen never got used to the feeling of living on	and being so removed from everything.	True	Was Karen from the mainland?	yes
2140.18359375	0.2	1095774	255	filler_word	201	65	1	delong	unexpected	an	a	island	ship	73	14	5.53	5.26	Being from the mainland Karen never got used to the feeling of living on	and being so removed from everything.	True	Was Karen from the mainland?	yes
2140.71484375	0.2	1096046	213	filler_word	201	65	1	delong	unexpected	an	a	island	ship	73	14	5.53	5.26	Being from the mainland Karen never got used to the feeling of living on	and being so removed from everything.	True	Was Karen from the mainland?	yes
2142.96875	0.2	1097200	255	filler_word	201	65	1	delong	unexpected	an	a	island	ship	73	14	5.53	5.26	Being from the mainland Karen never got used to the feeling of living on	and being so removed from everything.	True	Was Karen from the mainland?	yes
2143.5	0.2	1097472	255	filler_word	201	65	1	delong	unexpected	an	a	island	ship	73	14	5.53	5.26	Being from the mainland Karen never got used to the feeling of living on	and being so removed from everything.	True	Was Karen from the mainland?	yes
2144.029296875	0.2	1097743	255	filler_word	201	65	1	delong	unexpected	an	a	island	ship	73	14	5.53	5.26	Being from the mainland Karen never got used to the feeling of living on	and being so removed from everything.	True	Was Karen from the mainland?	yes
2144.560546875	0.2	1098015	211	control_incorrect	201	65	1	delong	unexpected	an	a	island	ship	73	14	5.53	5.26	Being from the mainland Karen never got used to the feeling of living on	and being so removed from everything.	True	Was Karen from the mainland?	yes
2144.876953125	0.0	1098177	150	item_marker	202	50	1	delong	unexpected	a	an	finger	onion	27	0	5.35	3.13	Marie wanted to sample a tiny bit of the sauce so she daintily dipped	into the pot.	False	n/a	n/a
2145.091796875	0.2	1098287	255	filler_word	202	50	1	delong	unexpected	a	an	finger	onion	27	0	5.35	3.13	Marie wanted to sample a tiny bit of the sauce so she daintily dipped	into the pot.	False	n/a	n/a
2145.62109375	0.2	1098558	255	filler_word	202	50	1	delong	unexpected	a	an	finger	onion	27	0	5.35	3.13	Marie wanted to sample a tiny bit of the sauce so she daintily dipped	into the pot.	False	n/a	n/a
2146.15234375	0.2	1098830	213	filler_word	202	50	1	delong	unexpected	a	an	finger	onion	27	0	5.35	3.13	Marie wanted to sample a tiny bit of the sauce so she daintily dipped	into the pot.	False	n/a	n/a
2148.208984375	0.2	1099883	255	filler_word	202	50	1	delong	unexpected	a	an	finger	onion	27	0	5.35	3.13	Marie wanted to sample a tiny bit of the sauce so she daintily dipped	into the pot.	False	n/a	n/a
2148.73828125	0.2	1100154	255	filler_word	202	50	1	delong	unexpected	a	an	finger	onion	27	0	5.35	3.13	Marie wanted to sample a tiny bit of the sauce so she daintily dipped	into the pot.	False	n/a	n/a
2149.26953125	0.2	1100426	255	filler_word	202	50	1	delong	unexpected	a	an	finger	onion	27	0	5.35	3.13	Marie wanted to sample a tiny bit of the sauce so she daintily dipped	into the pot.	False	n/a	n/a
2149.80078125	0.2	1100698	255	filler_word	202	50	1	delong	unexpected	a	an	finger	onion	27	0	5.35	3.13	Marie wanted to sample a tiny bit of the sauce so she daintily dipped	into the pot.	False	n/a	n/a
2150.330078125	0.2	1100969	211	control_incorrect	202	50	1	delong	unexpected	a	an	finger	onion	27	0	5.35	3.13	Marie wanted to sample a tiny bit of the sauce so she daintily dipped	into the pot.	False	n/a	n/a
2150.646484375	0.0	1101131	169	item_marker	203	69	1	delong	unexpected	an	a	ocean	mirage	73	5	5.77	2.7	The first time Timmy saw the Pacific he thought it was a lake but his brother laughed and explained to him that it was	and he should be careful of the waves.	False	n/a	n/a
2150.861328125	0.2	1101241	255	filler_word	203	69	1	delong	unexpected	an	a	ocean	mirage	73	5	5.77	2.7	The first time Timmy saw the Pacific he thought it was a lake but his brother laughed and explained to him that it was	and he should be careful of the waves.	False	n/a	n/a
2151.390625	0.2	1101512	255	filler_word	203	69	1	delong	unexpected	an	a	ocean	mirage	73	5	5.77	2.7	The first time Timmy saw the Pacific he thought it was a lake but his brother laughed and explained to him that it was	and he should be careful of the waves.	False	n/a	n/a
2151.921875	0.2	1101784	255	filler_word	203	69	1	delong	unexpected	an	a	ocean	mirage	73	5	5.77	2.7	The first time Timmy saw the Pacific he thought it was a lake but his brother laughed and explained to him that it was	and he should be careful of the waves.	False	n/a	n/a
2152.451171875	0.2	1102055	213	filler_word	203	69	1	delong	unexpected	an	a	ocean	mirage	73	5	5.77	2.7	The first time Timmy saw the Pacific he thought it was a lake but his brother laughed and explained to him that it was	and he should be careful of the waves.	False	n/a	n/a
2154.873046875	0.2	1103295	255	filler_word	203	69	1	delong	unexpected	an	a	ocean	mirage	73	5	5.77	2.7	The first time Timmy saw the Pacific he thought it was a lake but his brother laughed and explained to him that it was	and he should be careful of the waves.	False	n/a	n/a
2155.40234375	0.2	1103566	255	filler_word	203	69	1	delong	unexpected	an	a	ocean	mirage	73	5	5.77	2.7	The first time Timmy saw the Pacific he thought it was a lake but his brother laughed and explained to him that it was	and he should be careful of the waves.	False	n/a	n/a
2155.93359375	0.2	1103838	255	filler_word	203	69	1	delong	unexpected	an	a	ocean	mirage	73	5	5.77	2.7	The first time Timmy saw the Pacific he thought it was a lake but his brother laughed and explained to him that it was	and he should be careful of the waves.	False	n/a	n/a
2156.46484375	0.2	1104110	255	filler_word	203	69	1	delong	unexpected	an	a	ocean	mirage	73	5	5.77	2.7	The first time Timmy saw the Pacific he thought it was a lake but his brother laughed and explained to him that it was	and he should be careful of the waves.	False	n/a	n/a
2156.994140625	0.2	1104381	210	control_correct	203	69	1	delong	unexpected	an	a	ocean	mirage	73	5	5.77	2.7	The first time Timmy saw the Pacific he thought it was a lake but his brother laughed and explained to him that it was	and he should be careful of the waves.	False	n/a	n/a
2157.310546875	0.0	1104543	148	item_marker	204	48	1	delong	expected	a	an	story	excuse	89	0	6.55	2.4	Before little Gloria went to sleep she wanted to hear	from her mother.	False	n/a	n/a
2157.525390625	0.2	1104653	255	filler_word	204	48	1	delong	expected	a	an	story	excuse	89	0	6.55	2.4	Before little Gloria went to sleep she wanted to hear	from her mother.	False	n/a	n/a
2158.056640625	0.2	1104925	255	filler_word	204	48	1	delong	expected	a	an	story	excuse	89	0	6.55	2.4	Before little Gloria went to sleep she wanted to hear	from her mother.	False	n/a	n/a
2158.5859375	0.2	1105196	212	filler_word	204	48	1	delong	expected	a	an	story	excuse	89	0	6.55	2.4	Before little Gloria went to sleep she wanted to hear	from her mother.	False	n/a	n/a
2160.95703125	0.2	1106410	255	filler_word	204	48	1	delong	expected	a	an	story	excuse	89	0	6.55	2.4	Before little Gloria went to sleep she wanted to hear	from her mother.	False	n/a	n/a
2161.48828125	0.2	1106682	255	filler_word	204	48	1	delong	expected	a	an	story	excuse	89	0	6.55	2.4	Before little Gloria went to sleep she wanted to hear	from her mother.	False	n/a	n/a
2162.017578125	0.2	1106953	255	filler_word	204	48	1	delong	expected	a	an	story	excuse	89	0	6.55	2.4	Before little Gloria went to sleep she wanted to hear	from her mother.	False	n/a	n/a
2162.548828125	0.2	1107225	255	filler_word	204	48	1	delong	expected	a	an	story	excuse	89	0	6.55	2.4	Before little Gloria went to sleep she wanted to hear	from her mother.	False	n/a	n/a
2163.078125	0.2	1107496	210	control_correct	204	48	1	delong	expected	a	an	story	excuse	89	0	6.55	2.4	Before little Gloria went to sleep she wanted to hear	from her mother.	False	n/a	n/a
2163.39453125	0.0	1107658	179	item_marker	205	79	1	delong	expected	an	a	alien	tourist	95	0	4.97	2.03	Bob claims to be from outer space but nobody believes that he is actually	from another planet.	True	Does Bob claim to be from Canada?	no
2163.609375	0.2	1107768	255	filler_word	205	79	1	delong	expected	an	a	alien	tourist	95	0	4.97	2.03	Bob claims to be from outer space but nobody believes that he is actually	from another planet.	True	Does Bob claim to be from Canada?	no
2164.140625	0.2	1108040	255	filler_word	205	79	1	delong	expected	an	a	alien	tourist	95	0	4.97	2.03	Bob claims to be from outer space but nobody believes that he is actually	from another planet.	True	Does Bob claim to be from Canada?	no
2164.669921875	0.2	1108311	255	filler_word	205	79	1	delong	expected	an	a	alien	tourist	95	0	4.97	2.03	Bob claims to be from outer space but nobody believes that he is actually	from another planet.	True	Does Bob claim to be from Canada?	no
2165.201171875	0.2	1108583	212	filler_word	205	79	1	delong	expected	an	a	alien	tourist	95	0	4.97	2.03	Bob claims to be from outer space but nobody believes that he is actually	from another planet.	True	Does Bob claim to be from Canada?	no
2167.6875	0.2	1109856	255	filler_word	205	79	1	delong	expected	an	a	alien	tourist	95	0	4.97	2.03	Bob claims to be from outer space but nobody believes that he is actually	from another planet.	True	Does Bob claim to be from Canada?	no
2168.21875	0.2	1110128	255	filler_word	205	79	1	delong	expected	an	a	alien	tourist	95	0	4.97	2.03	Bob claims to be from outer space but nobody believes that he is actually	from another planet.	True	Does Bob claim to be from Canada?	no
2168.748046875	0.2	1110399	255	filler_word	205	79	1	delong	expected	an	a	alien	tourist	95	0	4.97	2.03	Bob claims to be from outer space but nobody believes that he is actually	from another planet.	True	Does Bob claim to be from Canada?	no
2169.279296875	0.2	1110671	255	filler_word	205	79	1	delong	expected	an	a	alien	tourist	95	0	4.97	2.03	Bob claims to be from outer space but nobody believes that he is actually	from another planet.	True	Does Bob claim to be from Canada?	no
2169.810546875	0.2	1110943	210	control_correct	205	79	1	delong	expected	an	a	alien	tourist	95	0	4.97	2.03	Bob claims to be from outer space but nobody believes that he is actually	from another planet.	True	Does Bob claim to be from Canada?	no
2170.126953125	0.0	1111105	172	item_marker	206	72	1	delong	expected	a	an	compliment	order	73	0	5.97	3.68	Marcy did not deal well with praise and had never really learned how to take	even from her friends.	False	n/a	n/a
2170.33984375	0.2	1111214	255	filler_word	206	72	1	delong	expected	a	an	compliment	order	73	0	5.97	3.68	Marcy did not deal well with praise and had never really learned how to take	even from her friends.	False	n/a	n/a
2170.87109375	0.2	1111486	255	filler_word	206	72	1	delong	expected	a	an	compliment	order	73	0	5.97	3.68	Marcy did not deal well with praise and had never really learned how to take	even from her friends.	False	n/a	n/a
2171.40234375	0.2	1111758	255	filler_word	206	72	1	delong	expected	a	an	compliment	order	73	0	5.97	3.68	Marcy did not deal well with praise and had never really learned how to take	even from her friends.	False	n/a	n/a
2171.93359375	0.2	1112030	255	filler_word	206	72	1	delong	expected	a	an	compliment	order	73	0	5.97	3.68	Marcy did not deal well with praise and had never really learned how to take	even from her friends.	False	n/a	n/a
2172.462890625	0.2	1112301	212	filler_word	206	72	1	delong	expected	a	an	compliment	order	73	0	5.97	3.68	Marcy did not deal well with praise and had never really learned how to take	even from her friends.	False	n/a	n/a
2174.80078125	0.2	1113498	255	filler_word	206	72	1	delong	expected	a	an	compliment	order	73	0	5.97	3.68	Marcy did not deal well with praise and had never really learned how to take	even from her friends.	False	n/a	n/a
2175.330078125	0.2	1113769	255	filler_word	206	72	1	delong	expected	a	an	compliment	order	73	0	5.97	3.68	Marcy did not deal well with praise and had never really learned how to take	even from her friends.	False	n/a	n/a
2175.861328125	0.2	1114041	255	filler_word	206	72	1	delong	expected	a	an	compliment	order	73	0	5.97	3.68	Marcy did not deal well with praise and had never really learned how to take	even from her friends.	False	n/a	n/a
2176.392578125	0.2	1114313	255	filler_word	206	72	1	delong	expected	a	an	compliment	order	73	0	5.97	3.68	Marcy did not deal well with praise and had never really learned how to take	even from her friends.	False	n/a	n/a
2176.921875	0.2	1114584	255	filler_word	206	72	1	delong	expected	a	an	compliment	order	73	0	5.97	3.68	Marcy did not deal well with praise and had never really learned how to take	even from her friends.	False	n/a	n/a
2177.453125	0.2	1114856	211	control_incorrect	206	72	1	delong	expected	a	an	compliment	order	73	0	5.97	3.68	Marcy did not deal well with praise and had never really learned how to take	even from her friends.	False	n/a	n/a
2177.76953125	0.0	1115018	153	item_marker	207	53	1	delong	unexpected	an	a	actor	director	70	25	6.33	5.68	Lance had moved to Hollywood in hopes of becoming	but so far he had only done a few commercials.	False	n/a	n/a
2177.984375	0.2	1115128	255	filler_word	207	53	1	delong	unexpected	an	a	actor	director	70	25	6.33	5.68	Lance had moved to Hollywood in hopes of becoming	but so far he had only done a few commercials.	False	n/a	n/a
2178.513671875	0.2	1115399	255	filler_word	207	53	1	delong	unexpected	an	a	actor	director	70	25	6.33	5.68	Lance had moved to Hollywood in hopes of becoming	but so far he had only done a few commercials.	False	n/a	n/a
2179.044921875	0.2	1115671	255	filler_word	207	53	1	delong	unexpected	an	a	actor	director	70	25	6.33	5.68	Lance had moved to Hollywood in hopes of becoming	but so far he had only done a few commercials.	False	n/a	n/a
2179.57421875	0.2	1115942	213	filler_word	207	53	1	delong	unexpected	an	a	actor	director	70	25	6.33	5.68	Lance had moved to Hollywood in hopes of becoming	but so far he had only done a few commercials.	False	n/a	n/a
2183.10546875	0.2	1117750	255	filler_word	207	53	1	delong	unexpected	an	a	actor	director	70	25	6.33	5.68	Lance had moved to Hollywood in hopes of becoming	but so far he had only done a few commercials.	False	n/a	n/a
2183.63671875	0.2	1118022	255	filler_word	207	53	1	delong	unexpected	an	a	actor	director	70	25	6.33	5.68	Lance had moved to Hollywood in hopes of becoming	but so far he had only done a few commercials.	False	n/a	n/a
2184.16796875	0.2	1118294	255	filler_word	207	53	1	delong	unexpected	an	a	actor	director	70	25	6.33	5.68	Lance had moved to Hollywood in hopes of becoming	but so far he had only done a few commercials.	False	n/a	n/a
2184.697265625	0.2	1118565	211	control_incorrect	207	53	1	delong	unexpected	an	a	actor	director	70	25	6.33	5.68	Lance had moved to Hollywood in hopes of becoming	but so far he had only done a few commercials.	False	n/a	n/a
2185.013671875	0.0	1118727	154	item_marker	208	54	1	delong	unexpected	a	an	director	actor	93	5	6.17	5.55	From a young age Steven had an interest in filmmaking and had always dreamed of being	when he grew up.	True	Was Steven interested in art?	no
2185.228515625	0.2	1118837	255	filler_word	208	54	1	delong	unexpected	a	an	director	actor	93	5	6.17	5.55	From a young age Steven had an interest in filmmaking and had always dreamed of being	when he grew up.	True	Was Steven interested in art?	no
2185.7578125	0.2	1119108	255	filler_word	208	54	1	delong	unexpected	a	an	director	actor	93	5	6.17	5.55	From a young age Steven had an interest in filmmaking and had always dreamed of being	when he grew up.	True	Was Steven interested in art?	no
2186.2890625	0.2	1119380	255	filler_word	208	54	1	delong	unexpected	a	an	director	actor	93	5	6.17	5.55	From a young age Steven had an interest in filmmaking and had always dreamed of being	when he grew up.	True	Was Steven interested in art?	no
2186.8203125	0.2	1119652	255	filler_word	208	54	1	delong	unexpected	a	an	director	actor	93	5	6.17	5.55	From a young age Steven had an interest in filmmaking and had always dreamed of being	when he grew up.	True	Was Steven interested in art?	no
2187.349609375	0.2	1119923	255	filler_word	208	54	1	delong	unexpected	a	an	director	actor	93	5	6.17	5.55	From a young age Steven had an interest in filmmaking and had always dreamed of being	when he grew up.	True	Was Steven interested in art?	no
2187.880859375	0.2	1120195	213	filler_word	208	54	1	delong	unexpected	a	an	director	actor	93	5	6.17	5.55	From a young age Steven had an interest in filmmaking and had always dreamed of being	when he grew up.	True	Was Steven interested in art?	no
2190.15234375	0.2	1121358	255	filler_word	208	54	1	delong	unexpected	a	an	director	actor	93	5	6.17	5.55	From a young age Steven had an interest in filmmaking and had always dreamed of being	when he grew up.	True	Was Steven interested in art?	no
2190.681640625	0.2	1121629	255	filler_word	208	54	1	delong	unexpected	a	an	director	actor	93	5	6.17	5.55	From a young age Steven had an interest in filmmaking and had always dreamed of being	when he grew up.	True	Was Steven interested in art?	no
2191.212890625	0.2	1121901	255	filler_word	208	54	1	delong	unexpected	a	an	director	actor	93	5	6.17	5.55	From a young age Steven had an interest in filmmaking and had always dreamed of being	when he grew up.	True	Was Steven interested in art?	no
2191.744140625	0.2	1122173	210	control_correct	208	54	1	delong	unexpected	a	an	director	actor	93	5	6.17	5.55	From a young age Steven had an interest in filmmaking and had always dreamed of being	when he grew up.	True	Was Steven interested in art?	no
2192.060546875	0.0	1122335	168	item_marker	209	68	1	delong	expected	a	an	cat	owl	82	18	6.1	4.3	Every time they went for walks Sylvia's dog Rex would break into a run as soon as he spotted	but luckily Rex couldn't climb trees.	False	n/a	n/a
2192.275390625	0.2	1122445	255	filler_word	209	68	1	delong	expected	a	an	cat	owl	82	18	6.1	4.3	Every time they went for walks Sylvia's dog Rex would break into a run as soon as he spotted	but luckily Rex couldn't climb trees.	False	n/a	n/a
2192.8046875	0.2	1122716	255	filler_word	209	68	1	delong	expected	a	an	cat	owl	82	18	6.1	4.3	Every time they went for walks Sylvia's dog Rex would break into a run as soon as he spotted	but luckily Rex couldn't climb trees.	False	n/a	n/a
2193.3359375	0.2	1122988	255	filler_word	209	68	1	delong	expected	a	an	cat	owl	82	18	6.1	4.3	Every time they went for walks Sylvia's dog Rex would break into a run as soon as he spotted	but luckily Rex couldn't climb trees.	False	n/a	n/a
2193.865234375	0.2	1123259	212	filler_word	209	68	1	delong	expected	a	an	cat	owl	82	18	6.1	4.3	Every time they went for walks Sylvia's dog Rex would break into a run as soon as he spotted	but luckily Rex couldn't climb trees.	False	n/a	n/a
2196.005859375	0.2	1124355	255	filler_word	209	68	1	delong	expected	a	an	cat	owl	82	18	6.1	4.3	Every time they went for walks Sylvia's dog Rex would break into a run as soon as he spotted	but luckily Rex couldn't climb trees.	False	n/a	n/a
2196.53515625	0.2	1124626	255	filler_word	209	68	1	delong	expected	a	an	cat	owl	82	18	6.1	4.3	Every time they went for walks Sylvia's dog Rex would break into a run as soon as he spotted	but luckily Rex couldn't climb trees.	False	n/a	n/a
2197.06640625	0.2	1124898	255	filler_word	209	68	1	delong	expected	a	an	cat	owl	82	18	6.1	4.3	Every time they went for walks Sylvia's dog Rex would break into a run as soon as he spotted	but luckily Rex couldn't climb trees.	False	n/a	n/a
2197.595703125	0.2	1125169	210	control_correct	209	68	1	delong	expected	a	an	cat	owl	82	18	6.1	4.3	Every time they went for walks Sylvia's dog Rex would break into a run as soon as he spotted	but luckily Rex couldn't climb trees.	False	n/a	n/a
2197.912109375	0.0	1125331	175	item_marker	210	75	1	delong	expected	an	a	element	liquid	68	30	6.26	2.8	The chemistry teacher explained to the class that water and salt were both compounds but that nitrogen was just	that hadn't been combined.	False	n/a	n/a
2198.126953125	0.2	1125441	255	filler_word	210	75	1	delong	expected	an	a	element	liquid	68	30	6.26	2.8	The chemistry teacher explained to the class that water and salt were both compounds but that nitrogen was just	that hadn't been combined.	False	n/a	n/a
2198.658203125	0.2	1125713	255	filler_word	210	75	1	delong	expected	an	a	element	liquid	68	30	6.26	2.8	The chemistry teacher explained to the class that water and salt were both compounds but that nitrogen was just	that hadn't been combined.	False	n/a	n/a
2199.1875	0.2	1125984	255	filler_word	210	75	1	delong	expected	an	a	element	liquid	68	30	6.26	2.8	The chemistry teacher explained to the class that water and salt were both compounds but that nitrogen was just	that hadn't been combined.	False	n/a	n/a
2199.71875	0.2	1126256	212	filler_word	210	75	1	delong	expected	an	a	element	liquid	68	30	6.26	2.8	The chemistry teacher explained to the class that water and salt were both compounds but that nitrogen was just	that hadn't been combined.	False	n/a	n/a
2201.90625	0.2	1127376	255	filler_word	210	75	1	delong	expected	an	a	element	liquid	68	30	6.26	2.8	The chemistry teacher explained to the class that water and salt were both compounds but that nitrogen was just	that hadn't been combined.	False	n/a	n/a
2202.4375	0.2	1127648	255	filler_word	210	75	1	delong	expected	an	a	element	liquid	68	30	6.26	2.8	The chemistry teacher explained to the class that water and salt were both compounds but that nitrogen was just	that hadn't been combined.	False	n/a	n/a
2202.966796875	0.2	1127919	255	filler_word	210	75	1	delong	expected	an	a	element	liquid	68	30	6.26	2.8	The chemistry teacher explained to the class that water and salt were both compounds but that nitrogen was just	that hadn't been combined.	False	n/a	n/a
2203.498046875	0.2	1128191	255	filler_word	210	75	1	delong	expected	an	a	element	liquid	68	30	6.26	2.8	The chemistry teacher explained to the class that water and salt were both compounds but that nitrogen was just	that hadn't been combined.	False	n/a	n/a
2204.029296875	0.2	1128463	211	control_incorrect	210	75	1	delong	expected	an	a	element	liquid	68	30	6.26	2.8	The chemistry teacher explained to the class that water and salt were both compounds but that nitrogen was just	that hadn't been combined.	False	n/a	n/a
2204.34375	0.0	1128624	162	item_marker	211	62	1	delong	unexpected	a	an	coach	offense	98	0	6.0	3.3	Ever since Mr.Barnes had moved away Bobby's football team had been left without	and thus lost all their games.	False	n/a	n/a
2204.55859375	0.2	1128734	255	filler_word	211	62	1	delong	unexpected	a	an	coach	offense	98	0	6.0	3.3	Ever since Mr.Barnes had moved away Bobby's football team had been left without	and thus lost all their games.	False	n/a	n/a
2205.08984375	0.2	1129006	255	filler_word	211	62	1	delong	unexpected	a	an	coach	offense	98	0	6.0	3.3	Ever since Mr.Barnes had moved away Bobby's football team had been left without	and thus lost all their games.	False	n/a	n/a
2205.62109375	0.2	1129278	255	filler_word	211	62	1	delong	unexpected	a	an	coach	offense	98	0	6.0	3.3	Ever since Mr.Barnes had moved away Bobby's football team had been left without	and thus lost all their games.	False	n/a	n/a
2206.150390625	0.2	1129549	213	filler_word	211	62	1	delong	unexpected	a	an	coach	offense	98	0	6.0	3.3	Ever since Mr.Barnes had moved away Bobby's football team had been left without	and thus lost all their games.	False	n/a	n/a
2208.40625	0.2	1130704	255	filler_word	211	62	1	delong	unexpected	a	an	coach	offense	98	0	6.0	3.3	Ever since Mr.Barnes had moved away Bobby's football team had been left without	and thus lost all their games.	False	n/a	n/a
2208.935546875	0.2	1130975	255	filler_word	211	62	1	delong	unexpected	a	an	coach	offense	98	0	6.0	3.3	Ever since Mr.Barnes had moved away Bobby's football team had been left without	and thus lost all their games.	False	n/a	n/a
2209.466796875	0.2	1131247	255	filler_word	211	62	1	delong	unexpected	a	an	coach	offense	98	0	6.0	3.3	Ever since Mr.Barnes had moved away Bobby's football team had been left without	and thus lost all their games.	False	n/a	n/a
2209.998046875	0.2	1131519	210	control_correct	211	62	1	delong	unexpected	a	an	coach	offense	98	0	6.0	3.3	Ever since Mr.Barnes had moved away Bobby's football team had been left without	and thus lost all their games.	False	n/a	n/a
2210.3125	0.0	1131680	171	item_marker	212	71	1	delong	expected	an	a	order	compliment	57	0	5.8	3.16	The waitress at the next table was trying to scribble everything down but it was obvious that she did not know how to take	from her customers.	False	n/a	n/a
2210.52734375	0.2	1131790	255	filler_word	212	71	1	delong	expected	an	a	order	compliment	57	0	5.8	3.16	The waitress at the next table was trying to scribble everything down but it was obvious that she did not know how to take	from her customers.	False	n/a	n/a
2211.05859375	0.2	1132062	255	filler_word	212	71	1	delong	expected	an	a	order	compliment	57	0	5.8	3.16	The waitress at the next table was trying to scribble everything down but it was obvious that she did not know how to take	from her customers.	False	n/a	n/a
2211.587890625	0.2	1132333	212	filler_word	212	71	1	delong	expected	an	a	order	compliment	57	0	5.8	3.16	The waitress at the next table was trying to scribble everything down but it was obvious that she did not know how to take	from her customers.	False	n/a	n/a
2213.958984375	0.2	1133547	255	filler_word	212	71	1	delong	expected	an	a	order	compliment	57	0	5.8	3.16	The waitress at the next table was trying to scribble everything down but it was obvious that she did not know how to take	from her customers.	False	n/a	n/a
2214.490234375	0.2	1133819	255	filler_word	212	71	1	delong	expected	an	a	order	compliment	57	0	5.8	3.16	The waitress at the next table was trying to scribble everything down but it was obvious that she did not know how to take	from her customers.	False	n/a	n/a
2215.01953125	0.2	1134090	255	filler_word	212	71	1	delong	expected	an	a	order	compliment	57	0	5.8	3.16	The waitress at the next table was trying to scribble everything down but it was obvious that she did not know how to take	from her customers.	False	n/a	n/a
2215.55078125	0.2	1134362	255	filler_word	212	71	1	delong	expected	an	a	order	compliment	57	0	5.8	3.16	The waitress at the next table was trying to scribble everything down but it was obvious that she did not know how to take	from her customers.	False	n/a	n/a
2216.08203125	0.2	1134634	211	control_incorrect	212	71	1	delong	expected	an	a	order	compliment	57	0	5.8	3.16	The waitress at the next table was trying to scribble everything down but it was obvious that she did not know how to take	from her customers.	False	n/a	n/a
2216.3984375	0.0	1134796	161	item_marker	213	61	1	delong	unexpected	an	a	offense	coach	70	18	5.32	3.33	Although the basketball team's defence was very strong they did not have so much of	since the middle of the season.	False	n/a	n/a
2216.61328125	0.2	1134906	255	filler_word	213	61	1	delong	unexpected	an	a	offense	coach	70	18	5.32	3.33	Although the basketball team's defence was very strong they did not have so much of	since the middle of the season.	False	n/a	n/a
2217.142578125	0.2	1135177	255	filler_word	213	61	1	delong	unexpected	an	a	offense	coach	70	18	5.32	3.33	Although the basketball team's defence was very strong they did not have so much of	since the middle of the season.	False	n/a	n/a
2217.673828125	0.2	1135449	255	filler_word	213	61	1	delong	unexpected	an	a	offense	coach	70	18	5.32	3.33	Although the basketball team's defence was very strong they did not have so much of	since the middle of the season.	False	n/a	n/a
2218.203125	0.2	1135720	213	filler_word	213	61	1	delong	unexpected	an	a	offense	coach	70	18	5.32	3.33	Although the basketball team's defence was very strong they did not have so much of	since the middle of the season.	False	n/a	n/a
2220.326171875	0.2	1136807	255	filler_word	213	61	1	delong	unexpected	an	a	offense	coach	70	18	5.32	3.33	Although the basketball team's defence was very strong they did not have so much of	since the middle of the season.	False	n/a	n/a
2220.85546875	0.2	1137078	255	filler_word	213	61	1	delong	unexpected	an	a	offense	coach	70	18	5.32	3.33	Although the basketball team's defence was very strong they did not have so much of	since the middle of the season.	False	n/a	n/a
2221.38671875	0.2	1137350	255	filler_word	213	61	1	delong	unexpected	an	a	offense	coach	70	18	5.32	3.33	Although the basketball team's defence was very strong they did not have so much of	since the middle of the season.	False	n/a	n/a
2221.91796875	0.2	1137622	255	filler_word	213	61	1	delong	unexpected	an	a	offense	coach	70	18	5.32	3.33	Although the basketball team's defence was very strong they did not have so much of	since the middle of the season.	False	n/a	n/a
2222.447265625	0.2	1137893	211	control_incorrect	213	61	1	delong	unexpected	an	a	offense	coach	70	18	5.32	3.33	Although the basketball team's defence was very strong they did not have so much of	since the middle of the season.	False	n/a	n/a
2222.763671875	0.0	1138055	173	item_marker	214	73	1	delong	unexpected	an	a	animal	flower	77	18	4.67	5.84	Carly wasn't sure if the Venus flytrap was classified as a plant or as	but it seemed to have characteristics of both.	False	n/a	n/a
2222.978515625	0.2	1138165	255	filler_word	214	73	1	delong	unexpected	an	a	animal	flower	77	18	4.67	5.84	Carly wasn't sure if the Venus flytrap was classified as a plant or as	but it seemed to have characteristics of both.	False	n/a	n/a
2223.509765625	0.2	1138437	255	filler_word	214	73	1	delong	unexpected	an	a	animal	flower	77	18	4.67	5.84	Carly wasn't sure if the Venus flytrap was classified as a plant or as	but it seemed to have characteristics of both.	False	n/a	n/a
2224.0390625	0.2	1138708	255	filler_word	214	73	1	delong	unexpected	an	a	animal	flower	77	18	4.67	5.84	Carly wasn't sure if the Venus flytrap was classified as a plant or as	but it seemed to have characteristics of both.	False	n/a	n/a
2224.5703125	0.2	1138980	213	filler_word	214	73	1	delong	unexpected	an	a	animal	flower	77	18	4.67	5.84	Carly wasn't sure if the Venus flytrap was classified as a plant or as	but it seemed to have characteristics of both.	False	n/a	n/a
2227.62109375	0.2	1140542	255	filler_word	214	73	1	delong	unexpected	an	a	animal	flower	77	18	4.67	5.84	Carly wasn't sure if the Venus flytrap was classified as a plant or as	but it seemed to have characteristics of both.	False	n/a	n/a
2228.150390625	0.2	1140813	255	filler_word	214	73	1	delong	unexpected	an	a	animal	flower	77	18	4.67	5.84	Carly wasn't sure if the Venus flytrap was classified as a plant or as	but it seemed to have characteristics of both.	False	n/a	n/a
2228.681640625	0.2	1141085	255	filler_word	214	73	1	delong	unexpected	an	a	animal	flower	77	18	4.67	5.84	Carly wasn't sure if the Venus flytrap was classified as a plant or as	but it seemed to have characteristics of both.	False	n/a	n/a
2229.212890625	0.2	1141357	210	control_correct	214	73	1	delong	unexpected	an	a	animal	flower	77	18	4.67	5.84	Carly wasn't sure if the Venus flytrap was classified as a plant or as	but it seemed to have characteristics of both.	False	n/a	n/a
2229.52734375	0.0	1141518	176	item_marker	215	76	1	delong	expected	a	an	liquid	element	73	0	4.65	2.23	Orlando thought that glass was a solid but when he held it under the Bunsen burner it melted and turned into	that could be sculpted.	False	n/a	n/a
2229.7421875	0.2	1141628	255	filler_word	215	76	1	delong	expected	a	an	liquid	element	73	0	4.65	2.23	Orlando thought that glass was a solid but when he held it under the Bunsen burner it melted and turned into	that could be sculpted.	False	n/a	n/a
2230.2734375	0.2	1141900	255	filler_word	215	76	1	delong	expected	a	an	liquid	element	73	0	4.65	2.23	Orlando thought that glass was a solid but when he held it under the Bunsen burner it melted and turned into	that could be sculpted.	False	n/a	n/a
2230.802734375	0.2	1142171	212	filler_word	215	76	1	delong	expected	a	an	liquid	element	73	0	4.65	2.23	Orlando thought that glass was a solid but when he held it under the Bunsen burner it melted and turned into	that could be sculpted.	False	n/a	n/a
2233.041015625	0.2	1143317	255	filler_word	215	76	1	delong	expected	a	an	liquid	element	73	0	4.65	2.23	Orlando thought that glass was a solid but when he held it under the Bunsen burner it melted and turned into	that could be sculpted.	False	n/a	n/a
2233.572265625	0.2	1143589	255	filler_word	215	76	1	delong	expected	a	an	liquid	element	73	0	4.65	2.23	Orlando thought that glass was a solid but when he held it under the Bunsen burner it melted and turned into	that could be sculpted.	False	n/a	n/a
2234.1015625	0.2	1143860	255	filler_word	215	76	1	delong	expected	a	an	liquid	element	73	0	4.65	2.23	Orlando thought that glass was a solid but when he held it under the Bunsen burner it melted and turned into	that could be sculpted.	False	n/a	n/a
2234.6328125	0.2	1144132	210	control_correct	215	76	1	delong	expected	a	an	liquid	element	73	0	4.65	2.23	Orlando thought that glass was a solid but when he held it under the Bunsen burner it melted and turned into	that could be sculpted.	False	n/a	n/a
2234.94921875	0.0	1144294	143	item_marker	216	43	1	delong	expected	a	an	stamp	envelope	86	2	4.67	3.74	Jeffrey mailed the letter without	so the post office would never deliver it.	True	Did Hannah mail the letter?	no
2235.1640625	0.2	1144404	255	filler_word	216	43	1	delong	expected	a	an	stamp	envelope	86	2	4.67	3.74	Jeffrey mailed the letter without	so the post office would never deliver it.	True	Did Hannah mail the letter?	no
2235.693359375	0.2	1144675	255	filler_word	216	43	1	delong	expected	a	an	stamp	envelope	86	2	4.67	3.74	Jeffrey mailed the letter without	so the post office would never deliver it.	True	Did Hannah mail the letter?	no
2236.224609375	0.2	1144947	212	filler_word	216	43	1	delong	expected	a	an	stamp	envelope	86	2	4.67	3.74	Jeffrey mailed the letter without	so the post office would never deliver it.	True	Did Hannah mail the letter?	no
2238.578125	0.2	1146152	255	filler_word	216	43	1	delong	expected	a	an	stamp	envelope	86	2	4.67	3.74	Jeffrey mailed the letter without	so the post office would never deliver it.	True	Did Hannah mail the letter?	no
2239.109375	0.2	1146424	255	filler_word	216	43	1	delong	expected	a	an	stamp	envelope	86	2	4.67	3.74	Jeffrey mailed the letter without	so the post office would never deliver it.	True	Did Hannah mail the letter?	no
2239.640625	0.2	1146696	255	filler_word	216	43	1	delong	expected	a	an	stamp	envelope	86	2	4.67	3.74	Jeffrey mailed the letter without	so the post office would never deliver it.	True	Did Hannah mail the letter?	no
2240.169921875	0.2	1146967	211	control_incorrect	216	43	1	delong	expected	a	an	stamp	envelope	86	2	4.67	3.74	Jeffrey mailed the letter without	so the post office would never deliver it.	True	Did Hannah mail the letter?	no
2240.486328125	0.0	1147129	178	item_marker	217	78	1	delong	unexpected	a	an	window	egg	75	0	6.13	2.52	Because they were playing baseball so close to the house the children ended up shattering	and destroying a nest that some birds had built on the sill.	False	n/a	n/a
2240.701171875	0.2	1147239	255	filler_word	217	78	1	delong	unexpected	a	an	window	egg	75	0	6.13	2.52	Because they were playing baseball so close to the house the children ended up shattering	and destroying a nest that some birds had built on the sill.	False	n/a	n/a
2241.23046875	0.2	1147510	255	filler_word	217	78	1	delong	unexpected	a	an	window	egg	75	0	6.13	2.52	Because they were playing baseball so close to the house the children ended up shattering	and destroying a nest that some birds had built on the sill.	False	n/a	n/a
2241.76171875	0.2	1147782	255	filler_word	217	78	1	delong	unexpected	a	an	window	egg	75	0	6.13	2.52	Because they were playing baseball so close to the house the children ended up shattering	and destroying a nest that some birds had built on the sill.	False	n/a	n/a
2242.29296875	0.2	1148054	213	filler_word	217	78	1	delong	unexpected	a	an	window	egg	75	0	6.13	2.52	Because they were playing baseball so close to the house the children ended up shattering	and destroying a nest that some birds had built on the sill.	False	n/a	n/a
2257.279296875	0.2	1155727	255	filler_word	217	78	1	delong	unexpected	a	an	window	egg	75	0	6.13	2.52	Because they were playing baseball so close to the house the children ended up shattering	and destroying a nest that some birds had built on the sill.	False	n/a	n/a
2257.810546875	0.2	1155999	255	filler_word	217	78	1	delong	unexpected	a	an	window	egg	75	0	6.13	2.52	Because they were playing baseball so close to the house the children ended up shattering	and destroying a nest that some birds had built on the sill.	False	n/a	n/a
2258.341796875	0.2	1156271	211	control_incorrect	217	78	1	delong	unexpected	a	an	window	egg	75	0	6.13	2.52	Because they were playing baseball so close to the house the children ended up shattering	and destroying a nest that some birds had built on the sill.	False	n/a	n/a
2258.65625	0.0	1156432	141	item_marker	218	41	1	delong	unexpected	an	a	adult	parent	91	9	5.58	4.7	In order to get into an R-rated movie children under 17 must be accompanied by	or legal guardian.	False	n/a	n/a
2258.87109375	0.2	1156542	255	filler_word	218	41	1	delong	unexpected	an	a	adult	parent	91	9	5.58	4.7	In order to get into an R-rated movie children under 17 must be accompanied by	or legal guardian.	False	n/a	n/a
2259.40234375	0.2	1156814	213	filler_word	218	41	1	delong	unexpected	an	a	adult	parent	91	9	5.58	4.7	In order to get into an R-rated movie children under 17 must be accompanied by	or legal guardian.	False	n/a	n/a
2261.58984375	0.2	1157934	255	filler_word	218	41	1	delong	unexpected	an	a	adult	parent	91	9	5.58	4.7	In order to get into an R-rated movie children under 17 must be accompanied by	or legal guardian.	False	n/a	n/a
2262.12109375	0.2	1158206	255	filler_word	218	41	1	delong	unexpected	an	a	adult	parent	91	9	5.58	4.7	In order to get into an R-rated movie children under 17 must be accompanied by	or legal guardian.	False	n/a	n/a
2262.650390625	0.2	1158477	255	filler_word	218	41	1	delong	unexpected	an	a	adult	parent	91	9	5.58	4.7	In order to get into an R-rated movie children under 17 must be accompanied by	or legal guardian.	False	n/a	n/a
2263.181640625	0.2	1158749	255	filler_word	218	41	1	delong	unexpected	an	a	adult	parent	91	9	5.58	4.7	In order to get into an R-rated movie children under 17 must be accompanied by	or legal guardian.	False	n/a	n/a
2263.7109375	0.2	1159020	255	filler_word	218	41	1	delong	unexpected	an	a	adult	parent	91	9	5.58	4.7	In order to get into an R-rated movie children under 17 must be accompanied by	or legal guardian.	False	n/a	n/a
2264.2421875	0.2	1159292	210	control_correct	218	41	1	delong	unexpected	an	a	adult	parent	91	9	5.58	4.7	In order to get into an R-rated movie children under 17 must be accompanied by	or legal guardian.	False	n/a	n/a
2264.55859375	0.0	1159454	167	item_marker	219	67	1	delong	expected	an	a	owl	cat	86	14	6.13	2.47	As Elizabeth climbed the ladder in the barn she heard a hooting sound coming from the rafters and looked up to see	staring down at her.	False	n/a	n/a
2264.7734375	0.2	1159564	255	filler_word	219	67	1	delong	expected	an	a	owl	cat	86	14	6.13	2.47	As Elizabeth climbed the ladder in the barn she heard a hooting sound coming from the rafters and looked up to see	staring down at her.	False	n/a	n/a
2265.3046875	0.2	1159836	255	filler_word	219	67	1	delong	expected	an	a	owl	cat	86	14	6.13	2.47	As Elizabeth climbed the ladder in the barn she heard a hooting sound coming from the rafters and looked up to see	staring down at her.	False	n/a	n/a
2265.833984375	0.2	1160107	212	filler_word	219	67	1	delong	expected	an	a	owl	cat	86	14	6.13	2.47	As Elizabeth climbed the ladder in the barn she heard a hooting sound coming from the rafters and looked up to see	staring down at her.	False	n/a	n/a
2268.255859375	0.2	1161347	255	filler_word	219	67	1	delong	expected	an	a	owl	cat	86	14	6.13	2.47	As Elizabeth climbed the ladder in the barn she heard a hooting sound coming from the rafters and looked up to see	staring down at her.	False	n/a	n/a
2268.78515625	0.2	1161618	255	filler_word	219	67	1	delong	expected	an	a	owl	cat	86	14	6.13	2.47	As Elizabeth climbed the ladder in the barn she heard a hooting sound coming from the rafters and looked up to see	staring down at her.	False	n/a	n/a
2269.31640625	0.2	1161890	255	filler_word	219	67	1	delong	expected	an	a	owl	cat	86	14	6.13	2.47	As Elizabeth climbed the ladder in the barn she heard a hooting sound coming from the rafters and looked up to see	staring down at her.	False	n/a	n/a
2269.84765625	0.2	1162162	255	filler_word	219	67	1	delong	expected	an	a	owl	cat	86	14	6.13	2.47	As Elizabeth climbed the ladder in the barn she heard a hooting sound coming from the rafters and looked up to see	staring down at her.	False	n/a	n/a
2270.376953125	0.2	1162433	255	filler_word	219	67	1	delong	expected	an	a	owl	cat	86	14	6.13	2.47	As Elizabeth climbed the ladder in the barn she heard a hooting sound coming from the rafters and looked up to see	staring down at her.	False	n/a	n/a
2270.908203125	0.2	1162705	211	control_incorrect	219	67	1	delong	expected	an	a	owl	cat	86	14	6.13	2.47	As Elizabeth climbed the ladder in the barn she heard a hooting sound coming from the rafters and looked up to see	staring down at her.	False	n/a	n/a
2271.22265625	0.0	1162866	145	item_marker	220	45	1	delong	unexpected	an	a	amateur	beginner	73	5	6.0	6.45	The professional photographer was disqualified from the photo contest because the rules explicitly state that you must be	in order to compete.	False	n/a	n/a
2271.4375	0.2	1162976	255	filler_word	220	45	1	delong	unexpected	an	a	amateur	beginner	73	5	6.0	6.45	The professional photographer was disqualified from the photo contest because the rules explicitly state that you must be	in order to compete.	False	n/a	n/a
2271.96875	0.2	1163248	255	filler_word	220	45	1	delong	unexpected	an	a	amateur	beginner	73	5	6.0	6.45	The professional photographer was disqualified from the photo contest because the rules explicitly state that you must be	in order to compete.	False	n/a	n/a
2272.498046875	0.2	1163519	255	filler_word	220	45	1	delong	unexpected	an	a	amateur	beginner	73	5	6.0	6.45	The professional photographer was disqualified from the photo contest because the rules explicitly state that you must be	in order to compete.	False	n/a	n/a
2273.029296875	0.2	1163791	213	filler_word	220	45	1	delong	unexpected	an	a	amateur	beginner	73	5	6.0	6.45	The professional photographer was disqualified from the photo contest because the rules explicitly state that you must be	in order to compete.	False	n/a	n/a
2275.150390625	0.2	1164877	255	filler_word	220	45	1	delong	unexpected	an	a	amateur	beginner	73	5	6.0	6.45	The professional photographer was disqualified from the photo contest because the rules explicitly state that you must be	in order to compete.	False	n/a	n/a
2275.681640625	0.2	1165149	255	filler_word	220	45	1	delong	unexpected	an	a	amateur	beginner	73	5	6.0	6.45	The professional photographer was disqualified from the photo contest because the rules explicitly state that you must be	in order to compete.	False	n/a	n/a
2276.212890625	0.2	1165421	255	filler_word	220	45	1	delong	unexpected	an	a	amateur	beginner	73	5	6.0	6.45	The professional photographer was disqualified from the photo contest because the rules explicitly state that you must be	in order to compete.	False	n/a	n/a
2276.7421875	0.2	1165692	211	control_incorrect	220	45	1	delong	unexpected	an	a	amateur	beginner	73	5	6.0	6.45	The professional photographer was disqualified from the photo contest because the rules explicitly state that you must be	in order to compete.	False	n/a	n/a
2277.05859375	0.0	1165854	166	item_marker	221	66	1	delong	unexpected	a	an	ship	island	100	0	4.7	3.61	Sandra decided that she would work for a cruise line for a year before starting university although she had never been on	and did not know how to swim.	False	n/a	n/a
2277.2734375	0.2	1165964	255	filler_word	221	66	1	delong	unexpected	a	an	ship	island	100	0	4.7	3.61	Sandra decided that she would work for a cruise line for a year before starting university although she had never been on	and did not know how to swim.	False	n/a	n/a
2277.802734375	0.2	1166235	255	filler_word	221	66	1	delong	unexpected	a	an	ship	island	100	0	4.7	3.61	Sandra decided that she would work for a cruise line for a year before starting university although she had never been on	and did not know how to swim.	False	n/a	n/a
2278.333984375	0.2	1166507	255	filler_word	221	66	1	delong	unexpected	a	an	ship	island	100	0	4.7	3.61	Sandra decided that she would work for a cruise line for a year before starting university although she had never been on	and did not know how to swim.	False	n/a	n/a
2278.865234375	0.2	1166779	255	filler_word	221	66	1	delong	unexpected	a	an	ship	island	100	0	4.7	3.61	Sandra decided that she would work for a cruise line for a year before starting university although she had never been on	and did not know how to swim.	False	n/a	n/a
2279.396484375	0.2	1167051	255	filler_word	221	66	1	delong	unexpected	a	an	ship	island	100	0	4.7	3.61	Sandra decided that she would work for a cruise line for a year before starting university although she had never been on	and did not know how to swim.	False	n/a	n/a
2279.92578125	0.2	1167322	213	filler_word	221	66	1	delong	unexpected	a	an	ship	island	100	0	4.7	3.61	Sandra decided that she would work for a cruise line for a year before starting university although she had never been on	and did not know how to swim.	False	n/a	n/a
2282.015625	0.2	1168392	255	filler_word	221	66	1	delong	unexpected	a	an	ship	island	100	0	4.7	3.61	Sandra decided that she would work for a cruise line for a year before starting university although she had never been on	and did not know how to swim.	False	n/a	n/a
2282.544921875	0.2	1168663	255	filler_word	221	66	1	delong	unexpected	a	an	ship	island	100	0	4.7	3.61	Sandra decided that she would work for a cruise line for a year before starting university although she had never been on	and did not know how to swim.	False	n/a	n/a
2283.076171875	0.2	1168935	255	filler_word	221	66	1	delong	unexpected	a	an	ship	island	100	0	4.7	3.61	Sandra decided that she would work for a cruise line for a year before starting university although she had never been on	and did not know how to swim.	False	n/a	n/a
2283.607421875	0.2	1169207	255	filler_word	221	66	1	delong	unexpected	a	an	ship	island	100	0	4.7	3.61	Sandra decided that she would work for a cruise line for a year before starting university although she had never been on	and did not know how to swim.	False	n/a	n/a
2284.138671875	0.2	1169479	211	control_incorrect	221	66	1	delong	unexpected	a	an	ship	island	100	0	4.7	3.61	Sandra decided that she would work for a cruise line for a year before starting university although she had never been on	and did not know how to swim.	False	n/a	n/a
2284.453125	0.0	1169640	174	item_marker	222	74	1	delong	unexpected	a	an	flower	animal	80	0	6.27	2.58	While Natasha was strolling through the colourful gardens she reached down and picked	up off the ground.	True	Was Natasha in the gardens? 	yes
2284.66796875	0.2	1169750	255	filler_word	222	74	1	delong	unexpected	a	an	flower	animal	80	0	6.27	2.58	While Natasha was strolling through the colourful gardens she reached down and picked	up off the ground.	True	Was Natasha in the gardens? 	yes
2285.19921875	0.2	1170022	213	filler_word	222	74	1	delong	unexpected	a	an	flower	animal	80	0	6.27	2.58	While Natasha was strolling through the colourful gardens she reached down and picked	up off the ground.	True	Was Natasha in the gardens? 	yes
2287.453125	0.2	1171176	255	filler_word	222	74	1	delong	unexpected	a	an	flower	animal	80	0	6.27	2.58	While Natasha was strolling through the colourful gardens she reached down and picked	up off the ground.	True	Was Natasha in the gardens? 	yes
2287.984375	0.2	1171448	255	filler_word	222	74	1	delong	unexpected	a	an	flower	animal	80	0	6.27	2.58	While Natasha was strolling through the colourful gardens she reached down and picked	up off the ground.	True	Was Natasha in the gardens? 	yes
2288.513671875	0.2	1171719	255	filler_word	222	74	1	delong	unexpected	a	an	flower	animal	80	0	6.27	2.58	While Natasha was strolling through the colourful gardens she reached down and picked	up off the ground.	True	Was Natasha in the gardens? 	yes
2289.044921875	0.2	1171991	210	control_correct	222	74	1	delong	unexpected	a	an	flower	animal	80	0	6.27	2.58	While Natasha was strolling through the colourful gardens she reached down and picked	up off the ground.	True	Was Natasha in the gardens? 	yes
2289.361328125	0.0	1172153	156	item_marker	223	56	1	delong	expected	a	an	crowd	audience	100	0	6.06	2.9	Carrie's father had always joked that two is company but three is	for him.	False	n/a	n/a
2289.57421875	0.2	1172262	255	filler_word	223	56	1	delong	expected	a	an	crowd	audience	100	0	6.06	2.9	Carrie's father had always joked that two is company but three is	for him.	False	n/a	n/a
2290.10546875	0.2	1172534	255	filler_word	223	56	1	delong	expected	a	an	crowd	audience	100	0	6.06	2.9	Carrie's father had always joked that two is company but three is	for him.	False	n/a	n/a
2290.63671875	0.2	1172806	255	filler_word	223	56	1	delong	expected	a	an	crowd	audience	100	0	6.06	2.9	Carrie's father had always joked that two is company but three is	for him.	False	n/a	n/a
2291.166015625	0.2	1173077	212	filler_word	223	56	1	delong	expected	a	an	crowd	audience	100	0	6.06	2.9	Carrie's father had always joked that two is company but three is	for him.	False	n/a	n/a
2293.537109375	0.2	1174291	255	filler_word	223	56	1	delong	expected	a	an	crowd	audience	100	0	6.06	2.9	Carrie's father had always joked that two is company but three is	for him.	False	n/a	n/a
2294.068359375	0.2	1174563	255	filler_word	223	56	1	delong	expected	a	an	crowd	audience	100	0	6.06	2.9	Carrie's father had always joked that two is company but three is	for him.	False	n/a	n/a
2294.59765625	0.2	1174834	255	filler_word	223	56	1	delong	expected	a	an	crowd	audience	100	0	6.06	2.9	Carrie's father had always joked that two is company but three is	for him.	False	n/a	n/a
2295.12890625	0.2	1175106	210	control_correct	223	56	1	delong	expected	a	an	crowd	audience	100	0	6.06	2.9	Carrie's father had always joked that two is company but three is	for him.	False	n/a	n/a
2295.4453125	0.0	1175268	151	item_marker	224	51	1	delong	expected	an	a	author	success	75	25	6.03	6.19	After Joanne's first book was published she finally felt she could call herself	in front of her peers.	True	Was this Joanne's first book?	yes
2295.66015625	0.2	1175378	255	filler_word	224	51	1	delong	expected	an	a	author	success	75	25	6.03	6.19	After Joanne's first book was published she finally felt she could call herself	in front of her peers.	True	Was this Joanne's first book?	yes
2296.189453125	0.2	1175649	255	filler_word	224	51	1	delong	expected	an	a	author	success	75	25	6.03	6.19	After Joanne's first book was published she finally felt she could call herself	in front of her peers.	True	Was this Joanne's first book?	yes
2296.720703125	0.2	1175921	255	filler_word	224	51	1	delong	expected	an	a	author	success	75	25	6.03	6.19	After Joanne's first book was published she finally felt she could call herself	in front of her peers.	True	Was this Joanne's first book?	yes
2297.251953125	0.2	1176193	212	filler_word	224	51	1	delong	expected	an	a	author	success	75	25	6.03	6.19	After Joanne's first book was published she finally felt she could call herself	in front of her peers.	True	Was this Joanne's first book?	yes
2299.439453125	0.2	1177313	255	filler_word	224	51	1	delong	expected	an	a	author	success	75	25	6.03	6.19	After Joanne's first book was published she finally felt she could call herself	in front of her peers.	True	Was this Joanne's first book?	yes
2299.96875	0.2	1177584	255	filler_word	224	51	1	delong	expected	an	a	author	success	75	25	6.03	6.19	After Joanne's first book was published she finally felt she could call herself	in front of her peers.	True	Was this Joanne's first book?	yes
2300.5	0.2	1177856	255	filler_word	224	51	1	delong	expected	an	a	author	success	75	25	6.03	6.19	After Joanne's first book was published she finally felt she could call herself	in front of her peers.	True	Was this Joanne's first book?	yes
2301.03125	0.2	1178128	255	filler_word	224	51	1	delong	expected	an	a	author	success	75	25	6.03	6.19	After Joanne's first book was published she finally felt she could call herself	in front of her peers.	True	Was this Joanne's first book?	yes
2301.5625	0.2	1178400	210	control_correct	224	51	1	delong	expected	an	a	author	success	75	25	6.03	6.19	After Joanne's first book was published she finally felt she could call herself	in front of her peers.	True	Was this Joanne's first book?	yes
2301.876953125	0.0	1178561	180	item_marker	225	80	1	delong	expected	a	an	tourist	alien	95	5	5.9	2.07	With his khaki shorts and his loud Hawaiian shirt and the camera around his neck you could definitely tell that the man was	in the country.	False	n/a	n/a
2302.091796875	0.2	1178671	255	filler_word	225	80	1	delong	expected	a	an	tourist	alien	95	5	5.9	2.07	With his khaki shorts and his loud Hawaiian shirt and the camera around his neck you could definitely tell that the man was	in the country.	False	n/a	n/a
2302.623046875	0.2	1178943	255	filler_word	225	80	1	delong	expected	a	an	tourist	alien	95	5	5.9	2.07	With his khaki shorts and his loud Hawaiian shirt and the camera around his neck you could definitely tell that the man was	in the country.	False	n/a	n/a
2303.154296875	0.2	1179215	212	filler_word	225	80	1	delong	expected	a	an	tourist	alien	95	5	5.9	2.07	With his khaki shorts and his loud Hawaiian shirt and the camera around his neck you could definitely tell that the man was	in the country.	False	n/a	n/a
2305.5234375	0.2	1180428	255	filler_word	225	80	1	delong	expected	a	an	tourist	alien	95	5	5.9	2.07	With his khaki shorts and his loud Hawaiian shirt and the camera around his neck you could definitely tell that the man was	in the country.	False	n/a	n/a
2306.0546875	0.2	1180700	255	filler_word	225	80	1	delong	expected	a	an	tourist	alien	95	5	5.9	2.07	With his khaki shorts and his loud Hawaiian shirt and the camera around his neck you could definitely tell that the man was	in the country.	False	n/a	n/a
2306.583984375	0.2	1180971	255	filler_word	225	80	1	delong	expected	a	an	tourist	alien	95	5	5.9	2.07	With his khaki shorts and his loud Hawaiian shirt and the camera around his neck you could definitely tell that the man was	in the country.	False	n/a	n/a
2307.115234375	0.2	1181243	255	filler_word	225	80	1	delong	expected	a	an	tourist	alien	95	5	5.9	2.07	With his khaki shorts and his loud Hawaiian shirt and the camera around his neck you could definitely tell that the man was	in the country.	False	n/a	n/a
2307.646484375	0.2	1181515	255	filler_word	225	80	1	delong	expected	a	an	tourist	alien	95	5	5.9	2.07	With his khaki shorts and his loud Hawaiian shirt and the camera around his neck you could definitely tell that the man was	in the country.	False	n/a	n/a
2308.17578125	0.2	1181786	255	filler_word	225	80	1	delong	expected	a	an	tourist	alien	95	5	5.9	2.07	With his khaki shorts and his loud Hawaiian shirt and the camera around his neck you could definitely tell that the man was	in the country.	False	n/a	n/a
2308.70703125	0.2	1182058	211	control_incorrect	225	80	1	delong	expected	a	an	tourist	alien	95	5	5.9	2.07	With his khaki shorts and his loud Hawaiian shirt and the camera around his neck you could definitely tell that the man was	in the country.	False	n/a	n/a
2309.0234375	0.0	1182220	170	item_marker	226	70	1	delong	unexpected	a	an	mirage	ocean	68	16	6.1	3.97	As the men stumbled across the desert they thought they saw an oasis on the horizon but it turned out to be	so they continued walking.	True	Was there an oasis on the horizon?	no
2309.23828125	0.2	1182330	255	filler_word	226	70	1	delong	unexpected	a	an	mirage	ocean	68	16	6.1	3.97	As the men stumbled across the desert they thought they saw an oasis on the horizon but it turned out to be	so they continued walking.	True	Was there an oasis on the horizon?	no
2309.767578125	0.2	1182601	255	filler_word	226	70	1	delong	unexpected	a	an	mirage	ocean	68	16	6.1	3.97	As the men stumbled across the desert they thought they saw an oasis on the horizon but it turned out to be	so they continued walking.	True	Was there an oasis on the horizon?	no
2310.298828125	0.2	1182873	255	filler_word	226	70	1	delong	unexpected	a	an	mirage	ocean	68	16	6.1	3.97	As the men stumbled across the desert they thought they saw an oasis on the horizon but it turned out to be	so they continued walking.	True	Was there an oasis on the horizon?	no
2310.830078125	0.2	1183145	213	filler_word	226	70	1	delong	unexpected	a	an	mirage	ocean	68	16	6.1	3.97	As the men stumbled across the desert they thought they saw an oasis on the horizon but it turned out to be	so they continued walking.	True	Was there an oasis on the horizon?	no
2312.96875	0.2	1184240	255	filler_word	226	70	1	delong	unexpected	a	an	mirage	ocean	68	16	6.1	3.97	As the men stumbled across the desert they thought they saw an oasis on the horizon but it turned out to be	so they continued walking.	True	Was there an oasis on the horizon?	no
2313.498046875	0.2	1184511	255	filler_word	226	70	1	delong	unexpected	a	an	mirage	ocean	68	16	6.1	3.97	As the men stumbled across the desert they thought they saw an oasis on the horizon but it turned out to be	so they continued walking.	True	Was there an oasis on the horizon?	no
2314.029296875	0.2	1184783	255	filler_word	226	70	1	delong	unexpected	a	an	mirage	ocean	68	16	6.1	3.97	As the men stumbled across the desert they thought they saw an oasis on the horizon but it turned out to be	so they continued walking.	True	Was there an oasis on the horizon?	no
2314.55859375	0.2	1185054	255	filler_word	226	70	1	delong	unexpected	a	an	mirage	ocean	68	16	6.1	3.97	As the men stumbled across the desert they thought they saw an oasis on the horizon but it turned out to be	so they continued walking.	True	Was there an oasis on the horizon?	no
2315.08984375	0.2	1185326	211	control_incorrect	226	70	1	delong	unexpected	a	an	mirage	ocean	68	16	6.1	3.97	As the men stumbled across the desert they thought they saw an oasis on the horizon but it turned out to be	so they continued walking.	True	Was there an oasis on the horizon?	no
2315.40625	0.0	1185488	149	item_marker	227	49	1	delong	unexpected	an	a	onion	finger	20	2	5.94	5.87	At first Victoria did not know why her brother was crying over the sink but then she noticed that he had just sliced	with his knife.	False	n/a	n/a
2315.62109375	0.2	1185598	255	filler_word	227	49	1	delong	unexpected	an	a	onion	finger	20	2	5.94	5.87	At first Victoria did not know why her brother was crying over the sink but then she noticed that he had just sliced	with his knife.	False	n/a	n/a
2316.150390625	0.2	1185869	255	filler_word	227	49	1	delong	unexpected	an	a	onion	finger	20	2	5.94	5.87	At first Victoria did not know why her brother was crying over the sink but then she noticed that he had just sliced	with his knife.	False	n/a	n/a
2316.681640625	0.2	1186141	213	filler_word	227	49	1	delong	unexpected	an	a	onion	finger	20	2	5.94	5.87	At first Victoria did not know why her brother was crying over the sink but then she noticed that he had just sliced	with his knife.	False	n/a	n/a
2318.8046875	0.2	1187228	255	filler_word	227	49	1	delong	unexpected	an	a	onion	finger	20	2	5.94	5.87	At first Victoria did not know why her brother was crying over the sink but then she noticed that he had just sliced	with his knife.	False	n/a	n/a
2319.333984375	0.2	1187499	255	filler_word	227	49	1	delong	unexpected	an	a	onion	finger	20	2	5.94	5.87	At first Victoria did not know why her brother was crying over the sink but then she noticed that he had just sliced	with his knife.	False	n/a	n/a
2319.865234375	0.2	1187771	255	filler_word	227	49	1	delong	unexpected	an	a	onion	finger	20	2	5.94	5.87	At first Victoria did not know why her brother was crying over the sink but then she noticed that he had just sliced	with his knife.	False	n/a	n/a
2320.39453125	0.2	1188042	211	control_incorrect	227	49	1	delong	unexpected	an	a	onion	finger	20	2	5.94	5.87	At first Victoria did not know why her brother was crying over the sink but then she noticed that he had just sliced	with his knife.	False	n/a	n/a
2320.7109375	0.0	1188204	177	item_marker	228	77	1	delong	unexpected	an	a	egg	window	70	0	6.07	1.84	Violet was just learning how to make an omelette so her father began by showing her how to crack	in the kitchen.	False	n/a	n/a
2320.92578125	0.2	1188314	255	filler_word	228	77	1	delong	unexpected	an	a	egg	window	70	0	6.07	1.84	Violet was just learning how to make an omelette so her father began by showing her how to crack	in the kitchen.	False	n/a	n/a
2321.45703125	0.2	1188586	255	filler_word	228	77	1	delong	unexpected	an	a	egg	window	70	0	6.07	1.84	Violet was just learning how to make an omelette so her father began by showing her how to crack	in the kitchen.	False	n/a	n/a
2321.986328125	0.2	1188857	213	filler_word	228	77	1	delong	unexpected	an	a	egg	window	70	0	6.07	1.84	Violet was just learning how to make an omelette so her father began by showing her how to crack	in the kitchen.	False	n/a	n/a
2324.109375	0.2	1189944	255	filler_word	228	77	1	delong	unexpected	an	a	egg	window	70	0	6.07	1.84	Violet was just learning how to make an omelette so her father began by showing her how to crack	in the kitchen.	False	n/a	n/a
2324.638671875	0.2	1190215	255	filler_word	228	77	1	delong	unexpected	an	a	egg	window	70	0	6.07	1.84	Violet was just learning how to make an omelette so her father began by showing her how to crack	in the kitchen.	False	n/a	n/a
2325.169921875	0.2	1190487	255	filler_word	228	77	1	delong	unexpected	an	a	egg	window	70	0	6.07	1.84	Violet was just learning how to make an omelette so her father began by showing her how to crack	in the kitchen.	False	n/a	n/a
2325.701171875	0.2	1190759	255	filler_word	228	77	1	delong	unexpected	an	a	egg	window	70	0	6.07	1.84	Violet was just learning how to make an omelette so her father began by showing her how to crack	in the kitchen.	False	n/a	n/a
2326.23046875	0.2	1191030	255	filler_word	228	77	1	delong	unexpected	an	a	egg	window	70	0	6.07	1.84	Violet was just learning how to make an omelette so her father began by showing her how to crack	in the kitchen.	False	n/a	n/a
2326.76171875	0.2	1191302	210	control_correct	228	77	1	delong	unexpected	an	a	egg	window	70	0	6.07	1.84	Violet was just learning how to make an omelette so her father began by showing her how to crack	in the kitchen.	False	n/a	n/a
2327.078125	0.0	1191464	164	item_marker	229	64	1	delong	expected	a	an	name	idea	68	11	5.67	5.77	The guys didn't know what to call their band so Trent told everyone to come up with	and they would vote.	True	Did Trent suggest to vote?	yes
2327.29296875	0.2	1191574	255	filler_word	229	64	1	delong	expected	a	an	name	idea	68	11	5.67	5.77	The guys didn't know what to call their band so Trent told everyone to come up with	and they would vote.	True	Did Trent suggest to vote?	yes
2327.822265625	0.2	1191845	255	filler_word	229	64	1	delong	expected	a	an	name	idea	68	11	5.67	5.77	The guys didn't know what to call their band so Trent told everyone to come up with	and they would vote.	True	Did Trent suggest to vote?	yes
2328.353515625	0.2	1192117	255	filler_word	229	64	1	delong	expected	a	an	name	idea	68	11	5.67	5.77	The guys didn't know what to call their band so Trent told everyone to come up with	and they would vote.	True	Did Trent suggest to vote?	yes
2328.8828125	0.2	1192388	255	filler_word	229	64	1	delong	expected	a	an	name	idea	68	11	5.67	5.77	The guys didn't know what to call their band so Trent told everyone to come up with	and they would vote.	True	Did Trent suggest to vote?	yes
2329.4140625	0.2	1192660	212	filler_word	229	64	1	delong	expected	a	an	name	idea	68	11	5.67	5.77	The guys didn't know what to call their band so Trent told everyone to come up with	and they would vote.	True	Did Trent suggest to vote?	yes
2331.93359375	0.2	1193950	255	filler_word	229	64	1	delong	expected	a	an	name	idea	68	11	5.67	5.77	The guys didn't know what to call their band so Trent told everyone to come up with	and they would vote.	True	Did Trent suggest to vote?	yes
2332.46484375	0.2	1194222	255	filler_word	229	64	1	delong	expected	a	an	name	idea	68	11	5.67	5.77	The guys didn't know what to call their band so Trent told everyone to come up with	and they would vote.	True	Did Trent suggest to vote?	yes
2332.99609375	0.2	1194494	255	filler_word	229	64	1	delong	expected	a	an	name	idea	68	11	5.67	5.77	The guys didn't know what to call their band so Trent told everyone to come up with	and they would vote.	True	Did Trent suggest to vote?	yes
2333.525390625	0.2	1194765	255	filler_word	229	64	1	delong	expected	a	an	name	idea	68	11	5.67	5.77	The guys didn't know what to call their band so Trent told everyone to come up with	and they would vote.	True	Did Trent suggest to vote?	yes
2334.056640625	0.2	1195037	255	filler_word	229	64	1	delong	expected	a	an	name	idea	68	11	5.67	5.77	The guys didn't know what to call their band so Trent told everyone to come up with	and they would vote.	True	Did Trent suggest to vote?	yes
2334.5859375	0.2	1195308	255	filler_word	229	64	1	delong	expected	a	an	name	idea	68	11	5.67	5.77	The guys didn't know what to call their band so Trent told everyone to come up with	and they would vote.	True	Did Trent suggest to vote?	yes
2335.1171875	0.2	1195580	211	control_incorrect	229	64	1	delong	expected	a	an	name	idea	68	11	5.67	5.77	The guys didn't know what to call their band so Trent told everyone to come up with	and they would vote.	True	Did Trent suggest to vote?	yes
2335.431640625	0.0	1195741	158	item_marker	230	58	1	delong	unexpected	a	an	wheelchair	escalator	66	0	5.83	5.03	The doctors told Monica not to use her legs too much so soon after her surgery so she often used	when moving around to rest her legs.	True	Could Monica use stairs very often?	no
2335.646484375	0.2	1195851	255	filler_word	230	58	1	delong	unexpected	a	an	wheelchair	escalator	66	0	5.83	5.03	The doctors told Monica not to use her legs too much so soon after her surgery so she often used	when moving around to rest her legs.	True	Could Monica use stairs very often?	no
2336.177734375	0.2	1196123	255	filler_word	230	58	1	delong	unexpected	a	an	wheelchair	escalator	66	0	5.83	5.03	The doctors told Monica not to use her legs too much so soon after her surgery so she often used	when moving around to rest her legs.	True	Could Monica use stairs very often?	no
2336.708984375	0.2	1196395	213	filler_word	230	58	1	delong	unexpected	a	an	wheelchair	escalator	66	0	5.83	5.03	The doctors told Monica not to use her legs too much so soon after her surgery so she often used	when moving around to rest her legs.	True	Could Monica use stairs very often?	no
2338.86328125	0.2	1197498	255	filler_word	230	58	1	delong	unexpected	a	an	wheelchair	escalator	66	0	5.83	5.03	The doctors told Monica not to use her legs too much so soon after her surgery so she often used	when moving around to rest her legs.	True	Could Monica use stairs very often?	no
2339.39453125	0.2	1197770	255	filler_word	230	58	1	delong	unexpected	a	an	wheelchair	escalator	66	0	5.83	5.03	The doctors told Monica not to use her legs too much so soon after her surgery so she often used	when moving around to rest her legs.	True	Could Monica use stairs very often?	no
2339.92578125	0.2	1198042	211	control_incorrect	230	58	1	delong	unexpected	a	an	wheelchair	escalator	66	0	5.83	5.03	The doctors told Monica not to use her legs too much so soon after her surgery so she often used	when moving around to rest her legs.	True	Could Monica use stairs very often?	no
2340.240234375	0.0	1198203	142	item_marker	231	42	1	delong	unexpected	a	an	parent	adult	91	0	5.74	4.2	Older children often have a harder time than younger children dealing with the loss of	who has cared for them.	False	n/a	n/a
2340.455078125	0.2	1198313	255	filler_word	231	42	1	delong	unexpected	a	an	parent	adult	91	0	5.74	4.2	Older children often have a harder time than younger children dealing with the loss of	who has cared for them.	False	n/a	n/a
2340.986328125	0.2	1198585	255	filler_word	231	42	1	delong	unexpected	a	an	parent	adult	91	0	5.74	4.2	Older children often have a harder time than younger children dealing with the loss of	who has cared for them.	False	n/a	n/a
2341.515625	0.2	1198856	213	filler_word	231	42	1	delong	unexpected	a	an	parent	adult	91	0	5.74	4.2	Older children often have a harder time than younger children dealing with the loss of	who has cared for them.	False	n/a	n/a
2343.638671875	0.2	1199943	255	filler_word	231	42	1	delong	unexpected	a	an	parent	adult	91	0	5.74	4.2	Older children often have a harder time than younger children dealing with the loss of	who has cared for them.	False	n/a	n/a
2344.169921875	0.2	1200215	255	filler_word	231	42	1	delong	unexpected	a	an	parent	adult	91	0	5.74	4.2	Older children often have a harder time than younger children dealing with the loss of	who has cared for them.	False	n/a	n/a
2344.69921875	0.2	1200486	255	filler_word	231	42	1	delong	unexpected	a	an	parent	adult	91	0	5.74	4.2	Older children often have a harder time than younger children dealing with the loss of	who has cared for them.	False	n/a	n/a
2345.23046875	0.2	1200758	255	filler_word	231	42	1	delong	unexpected	a	an	parent	adult	91	0	5.74	4.2	Older children often have a harder time than younger children dealing with the loss of	who has cared for them.	False	n/a	n/a
2345.759765625	0.2	1201029	210	control_correct	231	42	1	delong	unexpected	a	an	parent	adult	91	0	5.74	4.2	Older children often have a harder time than younger children dealing with the loss of	who has cared for them.	False	n/a	n/a
2346.076171875	0.0	1201191	155	item_marker	232	55	1	delong	expected	an	a	audience	crowd	68	25	6.61	6.07	Dana enjoyed singing in private but was scared to death at the thought of performing in front of	at the concert.	False	n/a	n/a
2346.291015625	0.2	1201301	255	filler_word	232	55	1	delong	expected	an	a	audience	crowd	68	25	6.61	6.07	Dana enjoyed singing in private but was scared to death at the thought of performing in front of	at the concert.	False	n/a	n/a
2346.822265625	0.2	1201573	255	filler_word	232	55	1	delong	expected	an	a	audience	crowd	68	25	6.61	6.07	Dana enjoyed singing in private but was scared to death at the thought of performing in front of	at the concert.	False	n/a	n/a
2347.3515625	0.2	1201844	255	filler_word	232	55	1	delong	expected	an	a	audience	crowd	68	25	6.61	6.07	Dana enjoyed singing in private but was scared to death at the thought of performing in front of	at the concert.	False	n/a	n/a
2347.8828125	0.2	1202116	212	filler_word	232	55	1	delong	expected	an	a	audience	crowd	68	25	6.61	6.07	Dana enjoyed singing in private but was scared to death at the thought of performing in front of	at the concert.	False	n/a	n/a
2350.220703125	0.2	1203313	255	filler_word	232	55	1	delong	expected	an	a	audience	crowd	68	25	6.61	6.07	Dana enjoyed singing in private but was scared to death at the thought of performing in front of	at the concert.	False	n/a	n/a
2350.751953125	0.2	1203585	255	filler_word	232	55	1	delong	expected	an	a	audience	crowd	68	25	6.61	6.07	Dana enjoyed singing in private but was scared to death at the thought of performing in front of	at the concert.	False	n/a	n/a
2351.28125	0.2	1203856	255	filler_word	232	55	1	delong	expected	an	a	audience	crowd	68	25	6.61	6.07	Dana enjoyed singing in private but was scared to death at the thought of performing in front of	at the concert.	False	n/a	n/a
2351.8125	0.2	1204128	255	filler_word	232	55	1	delong	expected	an	a	audience	crowd	68	25	6.61	6.07	Dana enjoyed singing in private but was scared to death at the thought of performing in front of	at the concert.	False	n/a	n/a
2352.341796875	0.2	1204399	210	control_correct	232	55	1	delong	expected	an	a	audience	crowd	68	25	6.61	6.07	Dana enjoyed singing in private but was scared to death at the thought of performing in front of	at the concert.	False	n/a	n/a
2352.658203125	0.0	1204561	159	item_marker	233	59	1	delong	expected	an	a	airport	city	52	16	6.03	4.9	The pilot had to make an emergency landing in the middle of the desert because he was nowhere near	or a safe place to land.	False	n/a	n/a
2352.873046875	0.2	1204671	255	filler_word	233	59	1	delong	expected	an	a	airport	city	52	16	6.03	4.9	The pilot had to make an emergency landing in the middle of the desert because he was nowhere near	or a safe place to land.	False	n/a	n/a
2353.40234375	0.2	1204942	255	filler_word	233	59	1	delong	expected	an	a	airport	city	52	16	6.03	4.9	The pilot had to make an emergency landing in the middle of the desert because he was nowhere near	or a safe place to land.	False	n/a	n/a
2353.93359375	0.2	1205214	255	filler_word	233	59	1	delong	expected	an	a	airport	city	52	16	6.03	4.9	The pilot had to make an emergency landing in the middle of the desert because he was nowhere near	or a safe place to land.	False	n/a	n/a
2354.46484375	0.2	1205486	212	filler_word	233	59	1	delong	expected	an	a	airport	city	52	16	6.03	4.9	The pilot had to make an emergency landing in the middle of the desert because he was nowhere near	or a safe place to land.	False	n/a	n/a
2356.751953125	0.2	1206657	255	filler_word	233	59	1	delong	expected	an	a	airport	city	52	16	6.03	4.9	The pilot had to make an emergency landing in the middle of the desert because he was nowhere near	or a safe place to land.	False	n/a	n/a
2357.283203125	0.2	1206929	255	filler_word	233	59	1	delong	expected	an	a	airport	city	52	16	6.03	4.9	The pilot had to make an emergency landing in the middle of the desert because he was nowhere near	or a safe place to land.	False	n/a	n/a
2357.8125	0.2	1207200	255	filler_word	233	59	1	delong	expected	an	a	airport	city	52	16	6.03	4.9	The pilot had to make an emergency landing in the middle of the desert because he was nowhere near	or a safe place to land.	False	n/a	n/a
2358.34375	0.2	1207472	255	filler_word	233	59	1	delong	expected	an	a	airport	city	52	16	6.03	4.9	The pilot had to make an emergency landing in the middle of the desert because he was nowhere near	or a safe place to land.	False	n/a	n/a
2358.875	0.2	1207744	210	control_correct	233	59	1	delong	expected	an	a	airport	city	52	16	6.03	4.9	The pilot had to make an emergency landing in the middle of the desert because he was nowhere near	or a safe place to land.	False	n/a	n/a
2359.189453125	0.0	1207905	152	item_marker	234	52	1	delong	expected	a	an	success	author	86	5	5.8	2.87	Alicia's first client was a failure but her second was	and made her a lot of money.	False	n/a	n/a
2359.404296875	0.2	1208015	255	filler_word	234	52	1	delong	expected	a	an	success	author	86	5	5.8	2.87	Alicia's first client was a failure but her second was	and made her a lot of money.	False	n/a	n/a
2359.935546875	0.2	1208287	255	filler_word	234	52	1	delong	expected	a	an	success	author	86	5	5.8	2.87	Alicia's first client was a failure but her second was	and made her a lot of money.	False	n/a	n/a
2360.466796875	0.2	1208559	212	filler_word	234	52	1	delong	expected	a	an	success	author	86	5	5.8	2.87	Alicia's first client was a failure but her second was	and made her a lot of money.	False	n/a	n/a
2362.75390625	0.2	1209730	255	filler_word	234	52	1	delong	expected	a	an	success	author	86	5	5.8	2.87	Alicia's first client was a failure but her second was	and made her a lot of money.	False	n/a	n/a
2363.283203125	0.2	1210001	255	filler_word	234	52	1	delong	expected	a	an	success	author	86	5	5.8	2.87	Alicia's first client was a failure but her second was	and made her a lot of money.	False	n/a	n/a
2363.814453125	0.2	1210273	255	filler_word	234	52	1	delong	expected	a	an	success	author	86	5	5.8	2.87	Alicia's first client was a failure but her second was	and made her a lot of money.	False	n/a	n/a
2364.345703125	0.2	1210545	255	filler_word	234	52	1	delong	expected	a	an	success	author	86	5	5.8	2.87	Alicia's first client was a failure but her second was	and made her a lot of money.	False	n/a	n/a
2364.875	0.2	1210816	255	filler_word	234	52	1	delong	expected	a	an	success	author	86	5	5.8	2.87	Alicia's first client was a failure but her second was	and made her a lot of money.	False	n/a	n/a
2365.40625	0.2	1211088	210	control_correct	234	52	1	delong	expected	a	an	success	author	86	5	5.8	2.87	Alicia's first client was a failure but her second was	and made her a lot of money.	False	n/a	n/a
2365.72265625	0.0	1211250	160	item_marker	235	60	1	delong	expected	a	an	city	airport	16	0	6.45	4.77	Hannah wanted to live in a small town but her husband preferred to live closer to	because of his job.	False	n/a	n/a
2365.9375	0.2	1211360	255	filler_word	235	60	1	delong	expected	a	an	city	airport	16	0	6.45	4.77	Hannah wanted to live in a small town but her husband preferred to live closer to	because of his job.	False	n/a	n/a
2366.466796875	0.2	1211631	255	filler_word	235	60	1	delong	expected	a	an	city	airport	16	0	6.45	4.77	Hannah wanted to live in a small town but her husband preferred to live closer to	because of his job.	False	n/a	n/a
2366.998046875	0.2	1211903	255	filler_word	235	60	1	delong	expected	a	an	city	airport	16	0	6.45	4.77	Hannah wanted to live in a small town but her husband preferred to live closer to	because of his job.	False	n/a	n/a
2367.529296875	0.2	1212175	255	filler_word	235	60	1	delong	expected	a	an	city	airport	16	0	6.45	4.77	Hannah wanted to live in a small town but her husband preferred to live closer to	because of his job.	False	n/a	n/a
2368.05859375	0.2	1212446	212	filler_word	235	60	1	delong	expected	a	an	city	airport	16	0	6.45	4.77	Hannah wanted to live in a small town but her husband preferred to live closer to	because of his job.	False	n/a	n/a
2370.478515625	0.2	1213685	255	filler_word	235	60	1	delong	expected	a	an	city	airport	16	0	6.45	4.77	Hannah wanted to live in a small town but her husband preferred to live closer to	because of his job.	False	n/a	n/a
2371.009765625	0.2	1213957	255	filler_word	235	60	1	delong	expected	a	an	city	airport	16	0	6.45	4.77	Hannah wanted to live in a small town but her husband preferred to live closer to	because of his job.	False	n/a	n/a
2371.541015625	0.2	1214229	255	filler_word	235	60	1	delong	expected	a	an	city	airport	16	0	6.45	4.77	Hannah wanted to live in a small town but her husband preferred to live closer to	because of his job.	False	n/a	n/a
2372.0703125	0.2	1214500	210	control_correct	235	60	1	delong	expected	a	an	city	airport	16	0	6.45	4.77	Hannah wanted to live in a small town but her husband preferred to live closer to	because of his job.	False	n/a	n/a
2372.38671875	0.0	1214662	163	item_marker	236	63	1	delong	expected	an	a	idea	name	75	25	5.37	6.03	The group had been brainstorming all day but they still didn't have	for their project.	True	Did the group reach a conclusion?	no
2372.6015625	0.2	1214772	255	filler_word	236	63	1	delong	expected	an	a	idea	name	75	25	5.37	6.03	The group had been brainstorming all day but they still didn't have	for their project.	True	Did the group reach a conclusion?	no
2373.130859375	0.2	1215043	255	filler_word	236	63	1	delong	expected	an	a	idea	name	75	25	5.37	6.03	The group had been brainstorming all day but they still didn't have	for their project.	True	Did the group reach a conclusion?	no
2373.662109375	0.2	1215315	255	filler_word	236	63	1	delong	expected	an	a	idea	name	75	25	5.37	6.03	The group had been brainstorming all day but they still didn't have	for their project.	True	Did the group reach a conclusion?	no
2374.193359375	0.2	1215587	212	filler_word	236	63	1	delong	expected	an	a	idea	name	75	25	5.37	6.03	The group had been brainstorming all day but they still didn't have	for their project.	True	Did the group reach a conclusion?	no
2376.59765625	0.2	1216818	255	filler_word	236	63	1	delong	expected	an	a	idea	name	75	25	5.37	6.03	The group had been brainstorming all day but they still didn't have	for their project.	True	Did the group reach a conclusion?	no
2377.126953125	0.2	1217089	255	filler_word	236	63	1	delong	expected	an	a	idea	name	75	25	5.37	6.03	The group had been brainstorming all day but they still didn't have	for their project.	True	Did the group reach a conclusion?	no
2377.658203125	0.2	1217361	255	filler_word	236	63	1	delong	expected	an	a	idea	name	75	25	5.37	6.03	The group had been brainstorming all day but they still didn't have	for their project.	True	Did the group reach a conclusion?	no
2378.189453125	0.2	1217633	255	filler_word	236	63	1	delong	expected	an	a	idea	name	75	25	5.37	6.03	The group had been brainstorming all day but they still didn't have	for their project.	True	Did the group reach a conclusion?	no
2378.71875	0.2	1217904	255	filler_word	236	63	1	delong	expected	an	a	idea	name	75	25	5.37	6.03	The group had been brainstorming all day but they still didn't have	for their project.	True	Did the group reach a conclusion?	no
2379.25	0.2	1218176	210	control_correct	236	63	1	delong	expected	an	a	idea	name	75	25	5.37	6.03	The group had been brainstorming all day but they still didn't have	for their project.	True	Did the group reach a conclusion?	no
2379.564453125	0.0	1218337	144	item_marker	237	44	1	delong	expected	an	a	envelope	stamp	77	0	5.87	5.06	When Wendy went to pay for the birthday card the clerk pointed out that she had forgotten to pick up	along with it.	False	n/a	n/a
2379.779296875	0.2	1218447	255	filler_word	237	44	1	delong	expected	an	a	envelope	stamp	77	0	5.87	5.06	When Wendy went to pay for the birthday card the clerk pointed out that she had forgotten to pick up	along with it.	False	n/a	n/a
2380.310546875	0.2	1218719	255	filler_word	237	44	1	delong	expected	an	a	envelope	stamp	77	0	5.87	5.06	When Wendy went to pay for the birthday card the clerk pointed out that she had forgotten to pick up	along with it.	False	n/a	n/a
2380.83984375	0.2	1218990	212	filler_word	237	44	1	delong	expected	an	a	envelope	stamp	77	0	5.87	5.06	When Wendy went to pay for the birthday card the clerk pointed out that she had forgotten to pick up	along with it.	False	n/a	n/a
2382.98046875	0.2	1220086	255	filler_word	237	44	1	delong	expected	an	a	envelope	stamp	77	0	5.87	5.06	When Wendy went to pay for the birthday card the clerk pointed out that she had forgotten to pick up	along with it.	False	n/a	n/a
2383.509765625	0.2	1220357	255	filler_word	237	44	1	delong	expected	an	a	envelope	stamp	77	0	5.87	5.06	When Wendy went to pay for the birthday card the clerk pointed out that she had forgotten to pick up	along with it.	False	n/a	n/a
2384.041015625	0.2	1220629	255	filler_word	237	44	1	delong	expected	an	a	envelope	stamp	77	0	5.87	5.06	When Wendy went to pay for the birthday card the clerk pointed out that she had forgotten to pick up	along with it.	False	n/a	n/a
2384.572265625	0.2	1220901	211	control_incorrect	237	44	1	delong	expected	an	a	envelope	stamp	77	0	5.87	5.06	When Wendy went to pay for the birthday card the clerk pointed out that she had forgotten to pick up	along with it.	False	n/a	n/a
2384.88671875	0.0	1221062	146	item_marker	238	46	1	delong	unexpected	a	an	beginner	amateur	82	16	6.17	6.16	There are always ways to improve your game whether you're an advanced tennis player or merely	you just need to practice a lot.	False	n/a	n/a
2385.1015625	0.2	1221172	255	filler_word	238	46	1	delong	unexpected	a	an	beginner	amateur	82	16	6.17	6.16	There are always ways to improve your game whether you're an advanced tennis player or merely	you just need to practice a lot.	False	n/a	n/a
2385.6328125	0.2	1221444	213	filler_word	238	46	1	delong	unexpected	a	an	beginner	amateur	82	16	6.17	6.16	There are always ways to improve your game whether you're an advanced tennis player or merely	you just need to practice a lot.	False	n/a	n/a
2388.21875	0.2	1222768	255	filler_word	238	46	1	delong	unexpected	a	an	beginner	amateur	82	16	6.17	6.16	There are always ways to improve your game whether you're an advanced tennis player or merely	you just need to practice a lot.	False	n/a	n/a
2388.75	0.2	1223040	255	filler_word	238	46	1	delong	unexpected	a	an	beginner	amateur	82	16	6.17	6.16	There are always ways to improve your game whether you're an advanced tennis player or merely	you just need to practice a lot.	False	n/a	n/a
2389.279296875	0.2	1223311	255	filler_word	238	46	1	delong	unexpected	a	an	beginner	amateur	82	16	6.17	6.16	There are always ways to improve your game whether you're an advanced tennis player or merely	you just need to practice a lot.	False	n/a	n/a
2389.810546875	0.2	1223583	255	filler_word	238	46	1	delong	unexpected	a	an	beginner	amateur	82	16	6.17	6.16	There are always ways to improve your game whether you're an advanced tennis player or merely	you just need to practice a lot.	False	n/a	n/a
2390.33984375	0.2	1223854	211	control_incorrect	238	46	1	delong	unexpected	a	an	beginner	amateur	82	16	6.17	6.16	There are always ways to improve your game whether you're an advanced tennis player or merely	you just need to practice a lot.	False	n/a	n/a
2390.65625	0.0	1224016	157	item_marker	239	57	1	delong	unexpected	an	a	escalator	wheelchair	34	11	5.87	1.94	Damon preferred climbing stairs over going up	because it had given him the chance to get a little exercise.	True	Did Damon prefer stairs over lifts?	yes
2390.87109375	0.2	1224126	255	filler_word	239	57	1	delong	unexpected	an	a	escalator	wheelchair	34	11	5.87	1.94	Damon preferred climbing stairs over going up	because it had given him the chance to get a little exercise.	True	Did Damon prefer stairs over lifts?	yes
2391.40234375	0.2	1224398	255	filler_word	239	57	1	delong	unexpected	an	a	escalator	wheelchair	34	11	5.87	1.94	Damon preferred climbing stairs over going up	because it had given him the chance to get a little exercise.	True	Did Damon prefer stairs over lifts?	yes
2391.931640625	0.2	1224669	255	filler_word	239	57	1	delong	unexpected	an	a	escalator	wheelchair	34	11	5.87	1.94	Damon preferred climbing stairs over going up	because it had given him the chance to get a little exercise.	True	Did Damon prefer stairs over lifts?	yes
2392.462890625	0.2	1224941	213	filler_word	239	57	1	delong	unexpected	an	a	escalator	wheelchair	34	11	5.87	1.94	Damon preferred climbing stairs over going up	because it had given him the chance to get a little exercise.	True	Did Damon prefer stairs over lifts?	yes
